,time_step,stimulus,type,familiarity,novelty,dN,steady
0,0,0,fam,0.015873015873015872,4.143134726391533,0.0,2.7375821533150257
1,1,1,fam,9.993703966501105e-06,11.513555266603538,0.0,2.7375821533150257
2,2,2,fam,7.688581687336138e-06,11.775774227434223,0.0,2.7375821533150257
3,3,0,fam,0.06472605941192124,2.737591385584765,0.0,2.7375821533150257
4,4,1,fam,0.06349329514753499,2.756820966886116,0.0,2.7375821533150257
5,5,2,fam,0.06313257068308868,2.762518466964548,0.0,2.7375821533150257
6,6,0,fam,0.06472664127268656,2.7375823960347248,0.0,2.7375821533150257
7,7,1,fam,0.06469361860858333,2.7380927128097055,0.0,2.7375821533150257
8,8,2,fam,0.06468371837895773,2.7382457570734915,0.0,2.7375821533150257
9,9,0,fam,0.06472665655923844,2.73758215986381,0.0,2.7375821533150257
10,10,1,fam,0.06472576513674527,2.7375959320664696,0.0,2.7375821533150257
11,11,2,fam,0.06472549771478524,2.7376000636902815,0.0,2.7375821533150257
12,12,0,fam,0.06472665697167482,2.737582153491839,0.0,2.7375821533150257
13,13,1,fam,0.06472663290340556,2.737582525336684,0.0,2.7375821533150257
14,14,2,fam,0.06472662568292828,2.7375826368901106,0.0,2.7375821533150257
15,15,0,fam,0.06472665698281038,2.7375821533197993,0.0,2.7375821533150257
16,16,1,fam,0.06472665633296722,2.7375821633596065,0.0,2.7375821533150257
17,17,2,fam,0.06472665613801426,2.7375821663715487,0.0,2.7375821533150257
18,18,0,fam,0.06472665698311104,2.737582153315154,0.0,2.7375821533150257
19,19,1,fam,0.06472665696556527,2.737582153586229,0.0,2.7375821533150257
20,20,2,fam,0.06472665696030154,2.7375821536675513,0.0,2.7375821533150257
21,21,0,fam,0.06472665698311916,2.737582153315029,0.0,2.7375821533150257
22,22,1,fam,0.06472665698264543,2.7375821533223474,0.0,2.7375821533150257
23,23,2,fam,0.06472665698250331,2.7375821533245435,0.0,2.7375821533150257
24,24,0,fam,0.06472665698311938,2.7375821533150253,0.0,2.7375821533150257
25,25,1,fam,0.06472665698310659,2.737582153315223,0.0,2.7375821533150257
26,26,2,fam,0.06472665698310275,2.7375821533152824,0.0,2.7375821533150257
27,27,0,fam,0.06472665698311938,2.7375821533150253,0.0,2.7375821533150257
28,28,1,fam,0.06472665698311904,2.7375821533150306,0.0,2.7375821533150257
29,29,2,fam,0.06472665698311893,2.7375821533150324,0.0,2.7375821533150257
30,30,0,fam,0.06472665698311937,2.7375821533150253,0.0,2.7375821533150257
31,31,1,fam,0.06472665698311937,2.7375821533150253,0.0,2.7375821533150257
32,32,2,fam,0.06472665698311937,2.7375821533150253,0.0,2.7375821533150257
33,33,0,fam,0.06472665698311937,2.7375821533150253,0.0,2.7375821533150257
34,34,1,fam,0.06472665698311937,2.7375821533150253,0.0,2.7375821533150257
35,35,2,fam,0.06472665698311937,2.7375821533150253,0.0,2.7375821533150257
36,36,0,fam,0.06472665698311937,2.7375821533150253,0.0,2.7375821533150257
37,37,1,fam,0.06472665698311937,2.7375821533150253,0.0,2.7375821533150257
38,38,2,fam,0.06472665698311937,2.7375821533150253,0.0,2.7375821533150257
39,39,0,fam,0.06472665698311937,2.7375821533150253,0.0,2.7375821533150257
40,40,1,fam,0.06472665698311937,2.7375821533150253,0.0,2.7375821533150257
41,41,2,fam,0.06472665698311937,2.7375821533150253,0.0,2.7375821533150257
42,42,0,fam,0.06472665698311937,2.7375821533150253,0.0,2.7375821533150257
43,43,1,fam,0.06472665698311937,2.7375821533150253,0.0,2.7375821533150257
44,44,2,fam,0.06472665698311937,2.7375821533150253,0.0,2.7375821533150257
45,45,0,fam,0.06472665698311937,2.7375821533150253,0.0,2.7375821533150257
46,46,1,fam,0.06472665698311937,2.7375821533150253,0.0,2.7375821533150257
47,47,2,fam,0.06472665698311937,2.7375821533150253,0.0,2.7375821533150257
48,48,0,fam,0.06472665698311937,2.7375821533150253,0.0,2.7375821533150257
49,49,1,fam,0.06472665698311937,2.7375821533150253,0.0,2.7375821533150257
50,50,2,fam,0.06472665698311937,2.7375821533150253,0.0,2.7375821533150257
51,51,0,fam,0.06472665698311937,2.7375821533150253,0.0,2.7375821533150257
52,52,1,fam,0.06472665698311937,2.7375821533150253,0.0,2.7375821533150257
53,53,2,fam,0.06472665698311937,2.7375821533150253,0.0,2.7375821533150257
54,54,0,fam,0.06472665698311937,2.7375821533150253,0.0,2.7375821533150257
55,55,1,fam,0.06472665698311937,2.7375821533150253,0.0,2.7375821533150257
56,56,2,fam,0.06472665698311937,2.7375821533150253,0.0,2.7375821533150257
57,57,0,fam,0.06472665698311937,2.7375821533150253,0.0,2.7375821533150257
58,58,1,fam,0.06472665698311937,2.7375821533150253,0.0,2.7375821533150257
59,59,2,fam,0.06472665698311937,2.7375821533150253,0.0,2.7375821533150257
60,60,0,fam,0.06472665698311937,2.7375821533150253,0.0,2.7375821533150257
61,61,1,fam,0.06472665698311937,2.7375821533150253,0.0,2.7375821533150257
62,62,2,fam,0.06472665698311937,2.7375821533150253,0.0,2.7375821533150257
63,63,0,fam,0.06472665698311937,2.7375821533150253,0.0,2.7375821533150257
64,64,1,fam,0.06472665698311937,2.7375821533150253,0.0,2.7375821533150257
65,65,2,fam,0.06472665698311937,2.7375821533150253,0.0,2.7375821533150257
66,66,0,fam_r,0.06472665698311937,2.7375821533150253,0.0,2.7375821533150257
67,67,1,fam_r,0.06472665698311937,2.7375821533150253,0.0,2.7375821533150257
68,68,2,fam_r,0.06472665698311937,2.7375821533150253,0.0,2.7375821533150257
69,69,0,fam_r,0.06472665698311937,2.7375821533150253,0.0,2.7375821533150257
70,70,1,fam_r,0.06472665698311937,2.7375821533150253,0.0,2.7375821533150257
71,71,2,fam_r,0.06472665698311937,2.7375821533150253,0.0,2.7375821533150257
72,72,0,fam_r,0.06472665698311937,2.7375821533150253,0.0,2.7375821533150257
73,73,1,fam_r,0.06472665698311937,2.7375821533150253,0.0,2.7375821533150257
74,74,2,fam_r,0.06472665698311937,2.7375821533150253,0.0,2.7375821533150257
75,75,0,fam_r,0.06472665698311937,2.7375821533150253,0.0,2.7375821533150257
76,76,1,fam_r,0.06472665698311937,2.7375821533150253,0.0,2.7375821533150257
77,77,2,fam_r,0.06472665698311937,2.7375821533150253,0.0,2.7375821533150257
78,78,0,fam_r,0.06472665698311937,2.7375821533150253,0.0,2.7375821533150257
79,79,1,fam_r,0.06472665698311937,2.7375821533150253,0.0,2.7375821533150257
80,80,2,fam_r,0.06472665698311937,2.7375821533150253,0.0,2.7375821533150257
0,0,0,fam,0.015873015873015872,4.143134726391533,73.33333333333334,2.7375821533150257
1,1,1,fam,9.993703966501105e-06,11.513555266603538,73.33333333333334,2.7375821533150257
2,2,2,fam,7.688581687336138e-06,11.775774227434223,73.33333333333334,2.7375821533150257
3,3,0,fam,0.06472605941192124,2.737591385584765,73.33333333333334,2.7375821533150257
4,4,1,fam,0.06349329514753499,2.756820966886116,73.33333333333334,2.7375821533150257
5,5,2,fam,0.06313257068308868,2.762518466964548,73.33333333333334,2.7375821533150257
6,6,0,fam,0.06472664127268656,2.7375823960347248,73.33333333333334,2.7375821533150257
7,7,1,fam,0.06469361860858333,2.7380927128097055,73.33333333333334,2.7375821533150257
8,8,2,fam,0.06468371837895773,2.7382457570734915,73.33333333333334,2.7375821533150257
9,9,0,fam,0.06472665655923844,2.73758215986381,73.33333333333334,2.7375821533150257
10,10,1,fam,0.06472576513674527,2.7375959320664696,73.33333333333334,2.7375821533150257
11,11,2,fam,0.06472549771478524,2.7376000636902815,73.33333333333334,2.7375821533150257
12,12,0,fam,0.06472665697167482,2.737582153491839,73.33333333333334,2.7375821533150257
13,13,1,fam,0.06472663290340556,2.737582525336684,73.33333333333334,2.7375821533150257
14,14,2,fam,0.06472662568292828,2.7375826368901106,73.33333333333334,2.7375821533150257
15,15,0,fam,0.06472665698281038,2.7375821533197993,73.33333333333334,2.7375821533150257
16,16,1,fam,0.06472665633296722,2.7375821633596065,73.33333333333334,2.7375821533150257
17,17,2,fam,0.06472665613801426,2.7375821663715487,73.33333333333334,2.7375821533150257
18,18,0,fam,0.06472665698311104,2.737582153315154,73.33333333333334,2.7375821533150257
19,19,1,fam,0.06472665696556527,2.737582153586229,73.33333333333334,2.7375821533150257
20,20,2,fam,0.06472665696030154,2.7375821536675513,73.33333333333334,2.7375821533150257
21,21,0,fam,0.06472665698311916,2.737582153315029,73.33333333333334,2.7375821533150257
22,22,1,fam,0.06472665698264543,2.7375821533223474,73.33333333333334,2.7375821533150257
23,23,2,fam,0.06472665698250331,2.7375821533245435,73.33333333333334,2.7375821533150257
24,24,0,fam,0.06472665698311938,2.7375821533150253,73.33333333333334,2.7375821533150257
25,25,1,fam,0.06472665698310659,2.737582153315223,73.33333333333334,2.7375821533150257
26,26,2,fam,0.06472665698310275,2.7375821533152824,73.33333333333334,2.7375821533150257
27,27,0,fam,0.06472665698311938,2.7375821533150253,73.33333333333334,2.7375821533150257
28,28,1,fam,0.06472665698311904,2.7375821533150306,73.33333333333334,2.7375821533150257
29,29,2,fam,0.06472665698311893,2.7375821533150324,73.33333333333334,2.7375821533150257
30,30,0,fam,0.06472665698311937,2.7375821533150253,73.33333333333334,2.7375821533150257
31,31,1,fam,0.06472665698311937,2.7375821533150253,73.33333333333334,2.7375821533150257
32,32,2,fam,0.06472665698311937,2.7375821533150253,73.33333333333334,2.7375821533150257
33,33,0,fam,0.06472665698311937,2.7375821533150253,73.33333333333334,2.7375821533150257
34,34,1,fam,0.06472665698311937,2.7375821533150253,73.33333333333334,2.7375821533150257
35,35,2,fam,0.06472665698311937,2.7375821533150253,73.33333333333334,2.7375821533150257
36,36,0,fam,0.06472665698311937,2.7375821533150253,73.33333333333334,2.7375821533150257
37,37,1,fam,0.06472665698311937,2.7375821533150253,73.33333333333334,2.7375821533150257
38,38,2,fam,0.06472665698311937,2.7375821533150253,73.33333333333334,2.7375821533150257
39,39,0,fam,0.06472665698311937,2.7375821533150253,73.33333333333334,2.7375821533150257
40,40,1,fam,0.06472665698311937,2.7375821533150253,73.33333333333334,2.7375821533150257
41,41,2,fam,0.06472665698311937,2.7375821533150253,73.33333333333334,2.7375821533150257
42,42,0,fam,0.06472665698311937,2.7375821533150253,73.33333333333334,2.7375821533150257
43,43,1,fam,0.06472665698311937,2.7375821533150253,73.33333333333334,2.7375821533150257
44,44,2,fam,0.06472665698311937,2.7375821533150253,73.33333333333334,2.7375821533150257
45,45,0,fam,0.06472665698311937,2.7375821533150253,73.33333333333334,2.7375821533150257
46,46,1,fam,0.06472665698311937,2.7375821533150253,73.33333333333334,2.7375821533150257
47,47,2,fam,0.06472665698311937,2.7375821533150253,73.33333333333334,2.7375821533150257
48,48,0,fam,0.06472665698311937,2.7375821533150253,73.33333333333334,2.7375821533150257
49,49,1,fam,0.06472665698311937,2.7375821533150253,73.33333333333334,2.7375821533150257
50,50,2,fam,0.06472665698311937,2.7375821533150253,73.33333333333334,2.7375821533150257
51,51,0,fam,0.06472665698311937,2.7375821533150253,73.33333333333334,2.7375821533150257
52,52,1,fam,0.06472665698311937,2.7375821533150253,73.33333333333334,2.7375821533150257
53,53,2,fam,0.06472665698311937,2.7375821533150253,73.33333333333334,2.7375821533150257
54,54,0,fam,0.06472665698311937,2.7375821533150253,73.33333333333334,2.7375821533150257
55,55,1,fam,0.06472665698311937,2.7375821533150253,73.33333333333334,2.7375821533150257
56,56,2,fam,0.06472665698311937,2.7375821533150253,73.33333333333334,2.7375821533150257
57,57,0,fam,0.06472665698311937,2.7375821533150253,73.33333333333334,2.7375821533150257
58,58,1,fam,0.06472665698311937,2.7375821533150253,73.33333333333334,2.7375821533150257
59,59,2,fam,0.06472665698311937,2.7375821533150253,73.33333333333334,2.7375821533150257
60,60,0,fam,0.06472665698311937,2.7375821533150253,73.33333333333334,2.7375821533150257
61,61,1,fam,0.06472665698311937,2.7375821533150253,73.33333333333334,2.7375821533150257
62,62,2,fam,0.06472665698311937,2.7375821533150253,73.33333333333334,2.7375821533150257
63,63,0,fam,0.06472665698311937,2.7375821533150253,73.33333333333334,2.7375821533150257
64,64,1,fam,0.06472665698311937,2.7375821533150253,73.33333333333334,2.7375821533150257
65,65,2,fam,0.06472665698311937,2.7375821533150253,73.33333333333334,2.7375821533150257
66,66,3,recov,6.996914360766903e-06,11.87004131169704,73.33333333333334,2.7375821533150257
67,67,4,recov,6.996914360766903e-06,11.87004131169704,73.33333333333334,2.7375821533150257
68,68,5,recov,6.996914360766903e-06,11.87004131169704,73.33333333333334,2.7375821533150257
69,69,3,recov,0.0629792261612629,2.7649503504399546,73.33333333333334,2.7375821533150257
70,70,4,recov,0.0629792261612629,2.7649503504399546,73.33333333333334,2.7375821533150257
71,71,5,recov,0.0629792261612629,2.7649503504399546,73.33333333333334,2.7375821533150257
72,72,3,recov,0.06467947635092926,2.7383113403027686,73.33333333333334,2.7375821533150257
73,73,4,recov,0.06467947635092926,2.7383113403027686,73.33333333333334,2.7375821533150257
74,74,5,recov,0.06467947635092926,2.7383113403027686,73.33333333333334,2.7375821533150257
75,75,3,recov,0.06472538310605025,2.737601834380975,73.33333333333334,2.7375821533150257
76,76,4,recov,0.06472538310605025,2.737601834380975,73.33333333333334,2.7375821533150257
77,77,5,recov,0.06472538310605025,2.737601834380975,73.33333333333334,2.7375821533150257
78,78,3,recov,0.0647266225884385,2.7375826846987183,73.33333333333334,2.7375821533150257
79,79,4,recov,0.0647266225884385,2.7375826846987183,73.33333333333334,2.7375821533150257
80,80,5,recov,0.0647266225884385,2.7375826846987183,73.33333333333334,2.7375821533150257
81,81,3,recov,0.064726656054463,2.7375821676623815,73.33333333333334,2.7375821533150257
82,82,4,recov,0.064726656054463,2.7375821676623815,73.33333333333334,2.7375821533150257
83,83,5,recov,0.064726656054463,2.7375821676623815,73.33333333333334,2.7375821533150257
84,84,3,recov,0.06472665695804566,2.737582153702404,73.33333333333334,2.7375821533150257
85,85,4,recov,0.06472665695804566,2.737582153702404,73.33333333333334,2.7375821533150257
86,86,5,recov,0.06472665695804566,2.737582153702404,73.33333333333334,2.7375821533150257
87,87,3,recov,0.0647266569824424,2.7375821533254845,73.33333333333334,2.7375821533150257
88,88,4,recov,0.0647266569824424,2.7375821533254845,73.33333333333334,2.7375821533150257
89,89,5,recov,0.0647266569824424,2.7375821533254845,73.33333333333334,2.7375821533150257
90,90,3,recov,0.06472665698310111,2.7375821533153077,73.33333333333334,2.7375821533150257
91,91,4,recov,0.06472665698310111,2.7375821533153077,73.33333333333334,2.7375821533150257
92,92,5,recov,0.06472665698310111,2.7375821533153077,73.33333333333334,2.7375821533150257
93,93,3,recov,0.06472665698311889,2.737582153315033,73.33333333333334,2.7375821533150257
94,94,4,recov,0.06472665698311889,2.737582153315033,73.33333333333334,2.7375821533150257
95,95,5,recov,0.06472665698311889,2.737582153315033,73.33333333333334,2.7375821533150257
96,96,3,recov,0.06472665698311937,2.7375821533150253,73.33333333333334,2.7375821533150257
97,97,4,recov,0.06472665698311937,2.7375821533150253,73.33333333333334,2.7375821533150257
98,98,5,recov,0.06472665698311937,2.7375821533150253,73.33333333333334,2.7375821533150257
99,99,3,recov,0.06472665698311937,2.7375821533150253,73.33333333333334,2.7375821533150257
100,100,4,recov,0.06472665698311937,2.7375821533150253,73.33333333333334,2.7375821533150257
101,101,5,recov,0.06472665698311937,2.7375821533150253,73.33333333333334,2.7375821533150257
102,102,3,recov,0.06472665698311937,2.7375821533150253,73.33333333333334,2.7375821533150257
103,103,4,recov,0.06472665698311937,2.7375821533150253,73.33333333333334,2.7375821533150257
104,104,5,recov,0.06472665698311937,2.7375821533150253,73.33333333333334,2.7375821533150257
105,105,3,recov,0.06472665698311937,2.7375821533150253,73.33333333333334,2.7375821533150257
106,106,4,recov,0.06472665698311937,2.7375821533150253,73.33333333333334,2.7375821533150257
107,107,5,recov,0.06472665698311937,2.7375821533150253,73.33333333333334,2.7375821533150257
108,108,3,recov,0.06472665698311937,2.7375821533150253,73.33333333333334,2.7375821533150257
109,109,4,recov,0.06472665698311937,2.7375821533150253,73.33333333333334,2.7375821533150257
110,110,5,recov,0.06472665698311937,2.7375821533150253,73.33333333333334,2.7375821533150257
111,111,3,recov,0.06472665698311937,2.7375821533150253,73.33333333333334,2.7375821533150257
112,112,4,recov,0.06472665698311937,2.7375821533150253,73.33333333333334,2.7375821533150257
113,113,5,recov,0.06472665698311937,2.7375821533150253,73.33333333333334,2.7375821533150257
114,114,3,recov,0.06472665698311937,2.7375821533150253,73.33333333333334,2.7375821533150257
115,115,4,recov,0.06472665698311937,2.7375821533150253,73.33333333333334,2.7375821533150257
116,116,5,recov,0.06472665698311937,2.7375821533150253,73.33333333333334,2.7375821533150257
117,117,3,recov,0.06472665698311937,2.7375821533150253,73.33333333333334,2.7375821533150257
118,118,4,recov,0.06472665698311937,2.7375821533150253,73.33333333333334,2.7375821533150257
119,119,5,recov,0.06472665698311937,2.7375821533150253,73.33333333333334,2.7375821533150257
120,120,3,recov,0.06472665698311937,2.7375821533150253,73.33333333333334,2.7375821533150257
121,121,4,recov,0.06472665698311937,2.7375821533150253,73.33333333333334,2.7375821533150257
122,122,5,recov,0.06472665698311937,2.7375821533150253,73.33333333333334,2.7375821533150257
123,123,3,recov,0.06472665698311937,2.7375821533150253,73.33333333333334,2.7375821533150257
124,124,4,recov,0.06472665698311937,2.7375821533150253,73.33333333333334,2.7375821533150257
125,125,5,recov,0.06472665698311937,2.7375821533150253,73.33333333333334,2.7375821533150257
126,126,3,recov,0.06472665698311937,2.7375821533150253,73.33333333333334,2.7375821533150257
127,127,4,recov,0.06472665698311937,2.7375821533150253,73.33333333333334,2.7375821533150257
128,128,5,recov,0.06472665698311937,2.7375821533150253,73.33333333333334,2.7375821533150257
129,129,3,recov,0.06472665698311937,2.7375821533150253,73.33333333333334,2.7375821533150257
130,130,4,recov,0.06472665698311937,2.7375821533150253,73.33333333333334,2.7375821533150257
131,131,5,recov,0.06472665698311937,2.7375821533150253,73.33333333333334,2.7375821533150257
132,132,3,recov,0.06472665698311937,2.7375821533150253,73.33333333333334,2.7375821533150257
133,133,4,recov,0.06472665698311937,2.7375821533150253,73.33333333333334,2.7375821533150257
134,134,5,recov,0.06472665698311937,2.7375821533150253,73.33333333333334,2.7375821533150257
135,135,3,recov,0.06472665698311937,2.7375821533150253,73.33333333333334,2.7375821533150257
136,136,4,recov,0.06472665698311937,2.7375821533150253,73.33333333333334,2.7375821533150257
137,137,5,recov,0.06472665698311937,2.7375821533150253,73.33333333333334,2.7375821533150257
138,138,0,fam_r,6.996914360766903e-06,11.87004131169704,73.33333333333334,2.7375821533150257
139,139,1,fam_r,6.996914360766903e-06,11.87004131169704,73.33333333333334,2.7375821533150257
140,140,2,fam_r,6.996914360766903e-06,11.87004131169704,73.33333333333334,2.7375821533150257
141,141,0,fam_r,0.0629792261612629,2.7649503504399546,73.33333333333334,2.7375821533150257
142,142,1,fam_r,0.0629792261612629,2.7649503504399546,73.33333333333334,2.7375821533150257
143,143,2,fam_r,0.0629792261612629,2.7649503504399546,73.33333333333334,2.7375821533150257
144,144,0,fam_r,0.06467947635092926,2.7383113403027686,73.33333333333334,2.7375821533150257
145,145,1,fam_r,0.06467947635092926,2.7383113403027686,73.33333333333334,2.7375821533150257
146,146,2,fam_r,0.06467947635092926,2.7383113403027686,73.33333333333334,2.7375821533150257
147,147,0,fam_r,0.06472538310605025,2.737601834380975,73.33333333333334,2.7375821533150257
148,148,1,fam_r,0.06472538310605025,2.737601834380975,73.33333333333334,2.7375821533150257
149,149,2,fam_r,0.06472538310605025,2.737601834380975,73.33333333333334,2.7375821533150257
150,150,0,fam_r,0.0647266225884385,2.7375826846987183,73.33333333333334,2.7375821533150257
151,151,1,fam_r,0.0647266225884385,2.7375826846987183,73.33333333333334,2.7375821533150257
152,152,2,fam_r,0.0647266225884385,2.7375826846987183,73.33333333333334,2.7375821533150257
0,0,0,fam,0.015873015873015872,4.143134726391533,146.66666666666669,2.7375821533150257
1,1,1,fam,9.993703966501105e-06,11.513555266603538,146.66666666666669,2.7375821533150257
2,2,2,fam,7.688581687336138e-06,11.775774227434223,146.66666666666669,2.7375821533150257
3,3,0,fam,0.06472605941192124,2.737591385584765,146.66666666666669,2.7375821533150257
4,4,1,fam,0.06349329514753499,2.756820966886116,146.66666666666669,2.7375821533150257
5,5,2,fam,0.06313257068308868,2.762518466964548,146.66666666666669,2.7375821533150257
6,6,0,fam,0.06472664127268656,2.7375823960347248,146.66666666666669,2.7375821533150257
7,7,1,fam,0.06469361860858333,2.7380927128097055,146.66666666666669,2.7375821533150257
8,8,2,fam,0.06468371837895773,2.7382457570734915,146.66666666666669,2.7375821533150257
9,9,0,fam,0.06472665655923844,2.73758215986381,146.66666666666669,2.7375821533150257
10,10,1,fam,0.06472576513674527,2.7375959320664696,146.66666666666669,2.7375821533150257
11,11,2,fam,0.06472549771478524,2.7376000636902815,146.66666666666669,2.7375821533150257
12,12,0,fam,0.06472665697167482,2.737582153491839,146.66666666666669,2.7375821533150257
13,13,1,fam,0.06472663290340556,2.737582525336684,146.66666666666669,2.7375821533150257
14,14,2,fam,0.06472662568292828,2.7375826368901106,146.66666666666669,2.7375821533150257
15,15,0,fam,0.06472665698281038,2.7375821533197993,146.66666666666669,2.7375821533150257
16,16,1,fam,0.06472665633296722,2.7375821633596065,146.66666666666669,2.7375821533150257
17,17,2,fam,0.06472665613801426,2.7375821663715487,146.66666666666669,2.7375821533150257
18,18,0,fam,0.06472665698311104,2.737582153315154,146.66666666666669,2.7375821533150257
19,19,1,fam,0.06472665696556527,2.737582153586229,146.66666666666669,2.7375821533150257
20,20,2,fam,0.06472665696030154,2.7375821536675513,146.66666666666669,2.7375821533150257
21,21,0,fam,0.06472665698311916,2.737582153315029,146.66666666666669,2.7375821533150257
22,22,1,fam,0.06472665698264543,2.7375821533223474,146.66666666666669,2.7375821533150257
23,23,2,fam,0.06472665698250331,2.7375821533245435,146.66666666666669,2.7375821533150257
24,24,0,fam,0.06472665698311938,2.7375821533150253,146.66666666666669,2.7375821533150257
25,25,1,fam,0.06472665698310659,2.737582153315223,146.66666666666669,2.7375821533150257
26,26,2,fam,0.06472665698310275,2.7375821533152824,146.66666666666669,2.7375821533150257
27,27,0,fam,0.06472665698311938,2.7375821533150253,146.66666666666669,2.7375821533150257
28,28,1,fam,0.06472665698311904,2.7375821533150306,146.66666666666669,2.7375821533150257
29,29,2,fam,0.06472665698311893,2.7375821533150324,146.66666666666669,2.7375821533150257
30,30,0,fam,0.06472665698311937,2.7375821533150253,146.66666666666669,2.7375821533150257
31,31,1,fam,0.06472665698311937,2.7375821533150253,146.66666666666669,2.7375821533150257
32,32,2,fam,0.06472665698311937,2.7375821533150253,146.66666666666669,2.7375821533150257
33,33,0,fam,0.06472665698311937,2.7375821533150253,146.66666666666669,2.7375821533150257
34,34,1,fam,0.06472665698311937,2.7375821533150253,146.66666666666669,2.7375821533150257
35,35,2,fam,0.06472665698311937,2.7375821533150253,146.66666666666669,2.7375821533150257
36,36,0,fam,0.06472665698311937,2.7375821533150253,146.66666666666669,2.7375821533150257
37,37,1,fam,0.06472665698311937,2.7375821533150253,146.66666666666669,2.7375821533150257
38,38,2,fam,0.06472665698311937,2.7375821533150253,146.66666666666669,2.7375821533150257
39,39,0,fam,0.06472665698311937,2.7375821533150253,146.66666666666669,2.7375821533150257
40,40,1,fam,0.06472665698311937,2.7375821533150253,146.66666666666669,2.7375821533150257
41,41,2,fam,0.06472665698311937,2.7375821533150253,146.66666666666669,2.7375821533150257
42,42,0,fam,0.06472665698311937,2.7375821533150253,146.66666666666669,2.7375821533150257
43,43,1,fam,0.06472665698311937,2.7375821533150253,146.66666666666669,2.7375821533150257
44,44,2,fam,0.06472665698311937,2.7375821533150253,146.66666666666669,2.7375821533150257
45,45,0,fam,0.06472665698311937,2.7375821533150253,146.66666666666669,2.7375821533150257
46,46,1,fam,0.06472665698311937,2.7375821533150253,146.66666666666669,2.7375821533150257
47,47,2,fam,0.06472665698311937,2.7375821533150253,146.66666666666669,2.7375821533150257
48,48,0,fam,0.06472665698311937,2.7375821533150253,146.66666666666669,2.7375821533150257
49,49,1,fam,0.06472665698311937,2.7375821533150253,146.66666666666669,2.7375821533150257
50,50,2,fam,0.06472665698311937,2.7375821533150253,146.66666666666669,2.7375821533150257
51,51,0,fam,0.06472665698311937,2.7375821533150253,146.66666666666669,2.7375821533150257
52,52,1,fam,0.06472665698311937,2.7375821533150253,146.66666666666669,2.7375821533150257
53,53,2,fam,0.06472665698311937,2.7375821533150253,146.66666666666669,2.7375821533150257
54,54,0,fam,0.06472665698311937,2.7375821533150253,146.66666666666669,2.7375821533150257
55,55,1,fam,0.06472665698311937,2.7375821533150253,146.66666666666669,2.7375821533150257
56,56,2,fam,0.06472665698311937,2.7375821533150253,146.66666666666669,2.7375821533150257
57,57,0,fam,0.06472665698311937,2.7375821533150253,146.66666666666669,2.7375821533150257
58,58,1,fam,0.06472665698311937,2.7375821533150253,146.66666666666669,2.7375821533150257
59,59,2,fam,0.06472665698311937,2.7375821533150253,146.66666666666669,2.7375821533150257
60,60,0,fam,0.06472665698311937,2.7375821533150253,146.66666666666669,2.7375821533150257
61,61,1,fam,0.06472665698311937,2.7375821533150253,146.66666666666669,2.7375821533150257
62,62,2,fam,0.06472665698311937,2.7375821533150253,146.66666666666669,2.7375821533150257
63,63,0,fam,0.06472665698311937,2.7375821533150253,146.66666666666669,2.7375821533150257
64,64,1,fam,0.06472665698311937,2.7375821533150253,146.66666666666669,2.7375821533150257
65,65,2,fam,0.06472665698311937,2.7375821533150253,146.66666666666669,2.7375821533150257
66,66,3,recov,6.996914360766903e-06,11.87004131169704,146.66666666666669,2.7375821533150257
67,67,4,recov,6.996914360766903e-06,11.87004131169704,146.66666666666669,2.7375821533150257
68,68,5,recov,6.996914360766903e-06,11.87004131169704,146.66666666666669,2.7375821533150257
69,69,3,recov,0.0629792261612629,2.7649503504399546,146.66666666666669,2.7375821533150257
70,70,4,recov,0.0629792261612629,2.7649503504399546,146.66666666666669,2.7375821533150257
71,71,5,recov,0.0629792261612629,2.7649503504399546,146.66666666666669,2.7375821533150257
72,72,3,recov,0.06467947635092926,2.7383113403027686,146.66666666666669,2.7375821533150257
73,73,4,recov,0.06467947635092926,2.7383113403027686,146.66666666666669,2.7375821533150257
74,74,5,recov,0.06467947635092926,2.7383113403027686,146.66666666666669,2.7375821533150257
75,75,3,recov,0.06472538310605025,2.737601834380975,146.66666666666669,2.7375821533150257
76,76,4,recov,0.06472538310605025,2.737601834380975,146.66666666666669,2.7375821533150257
77,77,5,recov,0.06472538310605025,2.737601834380975,146.66666666666669,2.7375821533150257
78,78,3,recov,0.0647266225884385,2.7375826846987183,146.66666666666669,2.7375821533150257
79,79,4,recov,0.0647266225884385,2.7375826846987183,146.66666666666669,2.7375821533150257
80,80,5,recov,0.0647266225884385,2.7375826846987183,146.66666666666669,2.7375821533150257
81,81,3,recov,0.064726656054463,2.7375821676623815,146.66666666666669,2.7375821533150257
82,82,4,recov,0.064726656054463,2.7375821676623815,146.66666666666669,2.7375821533150257
83,83,5,recov,0.064726656054463,2.7375821676623815,146.66666666666669,2.7375821533150257
84,84,3,recov,0.06472665695804566,2.737582153702404,146.66666666666669,2.7375821533150257
85,85,4,recov,0.06472665695804566,2.737582153702404,146.66666666666669,2.7375821533150257
86,86,5,recov,0.06472665695804566,2.737582153702404,146.66666666666669,2.7375821533150257
87,87,3,recov,0.0647266569824424,2.7375821533254845,146.66666666666669,2.7375821533150257
88,88,4,recov,0.0647266569824424,2.7375821533254845,146.66666666666669,2.7375821533150257
89,89,5,recov,0.0647266569824424,2.7375821533254845,146.66666666666669,2.7375821533150257
90,90,3,recov,0.06472665698310111,2.7375821533153077,146.66666666666669,2.7375821533150257
91,91,4,recov,0.06472665698310111,2.7375821533153077,146.66666666666669,2.7375821533150257
92,92,5,recov,0.06472665698310111,2.7375821533153077,146.66666666666669,2.7375821533150257
93,93,3,recov,0.06472665698311889,2.737582153315033,146.66666666666669,2.7375821533150257
94,94,4,recov,0.06472665698311889,2.737582153315033,146.66666666666669,2.7375821533150257
95,95,5,recov,0.06472665698311889,2.737582153315033,146.66666666666669,2.7375821533150257
96,96,3,recov,0.06472665698311937,2.7375821533150253,146.66666666666669,2.7375821533150257
97,97,4,recov,0.06472665698311937,2.7375821533150253,146.66666666666669,2.7375821533150257
98,98,5,recov,0.06472665698311937,2.7375821533150253,146.66666666666669,2.7375821533150257
99,99,3,recov,0.06472665698311937,2.7375821533150253,146.66666666666669,2.7375821533150257
100,100,4,recov,0.06472665698311937,2.7375821533150253,146.66666666666669,2.7375821533150257
101,101,5,recov,0.06472665698311937,2.7375821533150253,146.66666666666669,2.7375821533150257
102,102,3,recov,0.06472665698311937,2.7375821533150253,146.66666666666669,2.7375821533150257
103,103,4,recov,0.06472665698311937,2.7375821533150253,146.66666666666669,2.7375821533150257
104,104,5,recov,0.06472665698311937,2.7375821533150253,146.66666666666669,2.7375821533150257
105,105,3,recov,0.06472665698311937,2.7375821533150253,146.66666666666669,2.7375821533150257
106,106,4,recov,0.06472665698311937,2.7375821533150253,146.66666666666669,2.7375821533150257
107,107,5,recov,0.06472665698311937,2.7375821533150253,146.66666666666669,2.7375821533150257
108,108,3,recov,0.06472665698311937,2.7375821533150253,146.66666666666669,2.7375821533150257
109,109,4,recov,0.06472665698311937,2.7375821533150253,146.66666666666669,2.7375821533150257
110,110,5,recov,0.06472665698311937,2.7375821533150253,146.66666666666669,2.7375821533150257
111,111,3,recov,0.06472665698311937,2.7375821533150253,146.66666666666669,2.7375821533150257
112,112,4,recov,0.06472665698311937,2.7375821533150253,146.66666666666669,2.7375821533150257
113,113,5,recov,0.06472665698311937,2.7375821533150253,146.66666666666669,2.7375821533150257
114,114,3,recov,0.06472665698311937,2.7375821533150253,146.66666666666669,2.7375821533150257
115,115,4,recov,0.06472665698311937,2.7375821533150253,146.66666666666669,2.7375821533150257
116,116,5,recov,0.06472665698311937,2.7375821533150253,146.66666666666669,2.7375821533150257
117,117,3,recov,0.06472665698311937,2.7375821533150253,146.66666666666669,2.7375821533150257
118,118,4,recov,0.06472665698311937,2.7375821533150253,146.66666666666669,2.7375821533150257
119,119,5,recov,0.06472665698311937,2.7375821533150253,146.66666666666669,2.7375821533150257
120,120,3,recov,0.06472665698311937,2.7375821533150253,146.66666666666669,2.7375821533150257
121,121,4,recov,0.06472665698311937,2.7375821533150253,146.66666666666669,2.7375821533150257
122,122,5,recov,0.06472665698311937,2.7375821533150253,146.66666666666669,2.7375821533150257
123,123,3,recov,0.06472665698311937,2.7375821533150253,146.66666666666669,2.7375821533150257
124,124,4,recov,0.06472665698311937,2.7375821533150253,146.66666666666669,2.7375821533150257
125,125,5,recov,0.06472665698311937,2.7375821533150253,146.66666666666669,2.7375821533150257
126,126,3,recov,0.06472665698311937,2.7375821533150253,146.66666666666669,2.7375821533150257
127,127,4,recov,0.06472665698311937,2.7375821533150253,146.66666666666669,2.7375821533150257
128,128,5,recov,0.06472665698311937,2.7375821533150253,146.66666666666669,2.7375821533150257
129,129,3,recov,0.06472665698311937,2.7375821533150253,146.66666666666669,2.7375821533150257
130,130,4,recov,0.06472665698311937,2.7375821533150253,146.66666666666669,2.7375821533150257
131,131,5,recov,0.06472665698311937,2.7375821533150253,146.66666666666669,2.7375821533150257
132,132,3,recov,0.06472665698311937,2.7375821533150253,146.66666666666669,2.7375821533150257
133,133,4,recov,0.06472665698311937,2.7375821533150253,146.66666666666669,2.7375821533150257
134,134,5,recov,0.06472665698311937,2.7375821533150253,146.66666666666669,2.7375821533150257
135,135,3,recov,0.06472665698311937,2.7375821533150253,146.66666666666669,2.7375821533150257
136,136,4,recov,0.06472665698311937,2.7375821533150253,146.66666666666669,2.7375821533150257
137,137,5,recov,0.06472665698311937,2.7375821533150253,146.66666666666669,2.7375821533150257
138,138,3,recov,0.06472665698311937,2.7375821533150253,146.66666666666669,2.7375821533150257
139,139,4,recov,0.06472665698311937,2.7375821533150253,146.66666666666669,2.7375821533150257
140,140,5,recov,0.06472665698311937,2.7375821533150253,146.66666666666669,2.7375821533150257
141,141,3,recov,0.06472665698311937,2.7375821533150253,146.66666666666669,2.7375821533150257
142,142,4,recov,0.06472665698311937,2.7375821533150253,146.66666666666669,2.7375821533150257
143,143,5,recov,0.06472665698311937,2.7375821533150253,146.66666666666669,2.7375821533150257
144,144,3,recov,0.06472665698311937,2.7375821533150253,146.66666666666669,2.7375821533150257
145,145,4,recov,0.06472665698311937,2.7375821533150253,146.66666666666669,2.7375821533150257
146,146,5,recov,0.06472665698311937,2.7375821533150253,146.66666666666669,2.7375821533150257
147,147,3,recov,0.06472665698311937,2.7375821533150253,146.66666666666669,2.7375821533150257
148,148,4,recov,0.06472665698311937,2.7375821533150253,146.66666666666669,2.7375821533150257
149,149,5,recov,0.06472665698311937,2.7375821533150253,146.66666666666669,2.7375821533150257
150,150,3,recov,0.06472665698311937,2.7375821533150253,146.66666666666669,2.7375821533150257
151,151,4,recov,0.06472665698311937,2.7375821533150253,146.66666666666669,2.7375821533150257
152,152,5,recov,0.06472665698311937,2.7375821533150253,146.66666666666669,2.7375821533150257
153,153,3,recov,0.06472665698311937,2.7375821533150253,146.66666666666669,2.7375821533150257
154,154,4,recov,0.06472665698311937,2.7375821533150253,146.66666666666669,2.7375821533150257
155,155,5,recov,0.06472665698311937,2.7375821533150253,146.66666666666669,2.7375821533150257
156,156,3,recov,0.06472665698311937,2.7375821533150253,146.66666666666669,2.7375821533150257
157,157,4,recov,0.06472665698311937,2.7375821533150253,146.66666666666669,2.7375821533150257
158,158,5,recov,0.06472665698311937,2.7375821533150253,146.66666666666669,2.7375821533150257
159,159,3,recov,0.06472665698311937,2.7375821533150253,146.66666666666669,2.7375821533150257
160,160,4,recov,0.06472665698311937,2.7375821533150253,146.66666666666669,2.7375821533150257
161,161,5,recov,0.06472665698311937,2.7375821533150253,146.66666666666669,2.7375821533150257
162,162,3,recov,0.06472665698311937,2.7375821533150253,146.66666666666669,2.7375821533150257
163,163,4,recov,0.06472665698311937,2.7375821533150253,146.66666666666669,2.7375821533150257
164,164,5,recov,0.06472665698311937,2.7375821533150253,146.66666666666669,2.7375821533150257
165,165,3,recov,0.06472665698311937,2.7375821533150253,146.66666666666669,2.7375821533150257
166,166,4,recov,0.06472665698311937,2.7375821533150253,146.66666666666669,2.7375821533150257
167,167,5,recov,0.06472665698311937,2.7375821533150253,146.66666666666669,2.7375821533150257
168,168,3,recov,0.06472665698311937,2.7375821533150253,146.66666666666669,2.7375821533150257
169,169,4,recov,0.06472665698311937,2.7375821533150253,146.66666666666669,2.7375821533150257
170,170,5,recov,0.06472665698311937,2.7375821533150253,146.66666666666669,2.7375821533150257
171,171,3,recov,0.06472665698311937,2.7375821533150253,146.66666666666669,2.7375821533150257
172,172,4,recov,0.06472665698311937,2.7375821533150253,146.66666666666669,2.7375821533150257
173,173,5,recov,0.06472665698311937,2.7375821533150253,146.66666666666669,2.7375821533150257
174,174,3,recov,0.06472665698311937,2.7375821533150253,146.66666666666669,2.7375821533150257
175,175,4,recov,0.06472665698311937,2.7375821533150253,146.66666666666669,2.7375821533150257
176,176,5,recov,0.06472665698311937,2.7375821533150253,146.66666666666669,2.7375821533150257
177,177,3,recov,0.06472665698311937,2.7375821533150253,146.66666666666669,2.7375821533150257
178,178,4,recov,0.06472665698311937,2.7375821533150253,146.66666666666669,2.7375821533150257
179,179,5,recov,0.06472665698311937,2.7375821533150253,146.66666666666669,2.7375821533150257
180,180,3,recov,0.06472665698311937,2.7375821533150253,146.66666666666669,2.7375821533150257
181,181,4,recov,0.06472665698311937,2.7375821533150253,146.66666666666669,2.7375821533150257
182,182,5,recov,0.06472665698311937,2.7375821533150253,146.66666666666669,2.7375821533150257
183,183,3,recov,0.06472665698311937,2.7375821533150253,146.66666666666669,2.7375821533150257
184,184,4,recov,0.06472665698311937,2.7375821533150253,146.66666666666669,2.7375821533150257
185,185,5,recov,0.06472665698311937,2.7375821533150253,146.66666666666669,2.7375821533150257
186,186,3,recov,0.06472665698311937,2.7375821533150253,146.66666666666669,2.7375821533150257
187,187,4,recov,0.06472665698311937,2.7375821533150253,146.66666666666669,2.7375821533150257
188,188,5,recov,0.06472665698311937,2.7375821533150253,146.66666666666669,2.7375821533150257
189,189,3,recov,0.06472665698311937,2.7375821533150253,146.66666666666669,2.7375821533150257
190,190,4,recov,0.06472665698311937,2.7375821533150253,146.66666666666669,2.7375821533150257
191,191,5,recov,0.06472665698311937,2.7375821533150253,146.66666666666669,2.7375821533150257
192,192,3,recov,0.06472665698311937,2.7375821533150253,146.66666666666669,2.7375821533150257
193,193,4,recov,0.06472665698311937,2.7375821533150253,146.66666666666669,2.7375821533150257
194,194,5,recov,0.06472665698311937,2.7375821533150253,146.66666666666669,2.7375821533150257
195,195,3,recov,0.06472665698311937,2.7375821533150253,146.66666666666669,2.7375821533150257
196,196,4,recov,0.06472665698311937,2.7375821533150253,146.66666666666669,2.7375821533150257
197,197,5,recov,0.06472665698311937,2.7375821533150253,146.66666666666669,2.7375821533150257
198,198,3,recov,0.06472665698311937,2.7375821533150253,146.66666666666669,2.7375821533150257
199,199,4,recov,0.06472665698311937,2.7375821533150253,146.66666666666669,2.7375821533150257
200,200,5,recov,0.06472665698311937,2.7375821533150253,146.66666666666669,2.7375821533150257
201,201,3,recov,0.06472665698311937,2.7375821533150253,146.66666666666669,2.7375821533150257
202,202,4,recov,0.06472665698311937,2.7375821533150253,146.66666666666669,2.7375821533150257
203,203,5,recov,0.06472665698311937,2.7375821533150253,146.66666666666669,2.7375821533150257
204,204,3,recov,0.06472665698311937,2.7375821533150253,146.66666666666669,2.7375821533150257
205,205,4,recov,0.06472665698311937,2.7375821533150253,146.66666666666669,2.7375821533150257
206,206,5,recov,0.06472665698311937,2.7375821533150253,146.66666666666669,2.7375821533150257
207,207,3,recov,0.06472665698311937,2.7375821533150253,146.66666666666669,2.7375821533150257
208,208,4,recov,0.06472665698311937,2.7375821533150253,146.66666666666669,2.7375821533150257
209,209,5,recov,0.06472665698311937,2.7375821533150253,146.66666666666669,2.7375821533150257
210,210,3,recov,0.06472665698311937,2.7375821533150253,146.66666666666669,2.7375821533150257
211,211,4,recov,0.06472665698311937,2.7375821533150253,146.66666666666669,2.7375821533150257
212,212,5,recov,0.06472665698311937,2.7375821533150253,146.66666666666669,2.7375821533150257
213,213,0,fam_r,6.996914360766903e-06,11.87004131169704,146.66666666666669,2.7375821533150257
214,214,1,fam_r,6.996914360766903e-06,11.87004131169704,146.66666666666669,2.7375821533150257
215,215,2,fam_r,6.996914360766903e-06,11.87004131169704,146.66666666666669,2.7375821533150257
216,216,0,fam_r,0.0629792261612629,2.7649503504399546,146.66666666666669,2.7375821533150257
217,217,1,fam_r,0.0629792261612629,2.7649503504399546,146.66666666666669,2.7375821533150257
218,218,2,fam_r,0.0629792261612629,2.7649503504399546,146.66666666666669,2.7375821533150257
219,219,0,fam_r,0.06467947635092926,2.7383113403027686,146.66666666666669,2.7375821533150257
220,220,1,fam_r,0.06467947635092926,2.7383113403027686,146.66666666666669,2.7375821533150257
221,221,2,fam_r,0.06467947635092926,2.7383113403027686,146.66666666666669,2.7375821533150257
222,222,0,fam_r,0.06472538310605025,2.737601834380975,146.66666666666669,2.7375821533150257
223,223,1,fam_r,0.06472538310605025,2.737601834380975,146.66666666666669,2.7375821533150257
224,224,2,fam_r,0.06472538310605025,2.737601834380975,146.66666666666669,2.7375821533150257
225,225,0,fam_r,0.0647266225884385,2.7375826846987183,146.66666666666669,2.7375821533150257
226,226,1,fam_r,0.0647266225884385,2.7375826846987183,146.66666666666669,2.7375821533150257
227,227,2,fam_r,0.0647266225884385,2.7375826846987183,146.66666666666669,2.7375821533150257
0,0,0,fam,0.015873015873015872,4.143134726391533,220.0,2.7375821533150257
1,1,1,fam,9.993703966501105e-06,11.513555266603538,220.0,2.7375821533150257
2,2,2,fam,7.688581687336138e-06,11.775774227434223,220.0,2.7375821533150257
3,3,0,fam,0.06472605941192124,2.737591385584765,220.0,2.7375821533150257
4,4,1,fam,0.06349329514753499,2.756820966886116,220.0,2.7375821533150257
5,5,2,fam,0.06313257068308868,2.762518466964548,220.0,2.7375821533150257
6,6,0,fam,0.06472664127268656,2.7375823960347248,220.0,2.7375821533150257
7,7,1,fam,0.06469361860858333,2.7380927128097055,220.0,2.7375821533150257
8,8,2,fam,0.06468371837895773,2.7382457570734915,220.0,2.7375821533150257
9,9,0,fam,0.06472665655923844,2.73758215986381,220.0,2.7375821533150257
10,10,1,fam,0.06472576513674527,2.7375959320664696,220.0,2.7375821533150257
11,11,2,fam,0.06472549771478524,2.7376000636902815,220.0,2.7375821533150257
12,12,0,fam,0.06472665697167482,2.737582153491839,220.0,2.7375821533150257
13,13,1,fam,0.06472663290340556,2.737582525336684,220.0,2.7375821533150257
14,14,2,fam,0.06472662568292828,2.7375826368901106,220.0,2.7375821533150257
15,15,0,fam,0.06472665698281038,2.7375821533197993,220.0,2.7375821533150257
16,16,1,fam,0.06472665633296722,2.7375821633596065,220.0,2.7375821533150257
17,17,2,fam,0.06472665613801426,2.7375821663715487,220.0,2.7375821533150257
18,18,0,fam,0.06472665698311104,2.737582153315154,220.0,2.7375821533150257
19,19,1,fam,0.06472665696556527,2.737582153586229,220.0,2.7375821533150257
20,20,2,fam,0.06472665696030154,2.7375821536675513,220.0,2.7375821533150257
21,21,0,fam,0.06472665698311916,2.737582153315029,220.0,2.7375821533150257
22,22,1,fam,0.06472665698264543,2.7375821533223474,220.0,2.7375821533150257
23,23,2,fam,0.06472665698250331,2.7375821533245435,220.0,2.7375821533150257
24,24,0,fam,0.06472665698311938,2.7375821533150253,220.0,2.7375821533150257
25,25,1,fam,0.06472665698310659,2.737582153315223,220.0,2.7375821533150257
26,26,2,fam,0.06472665698310275,2.7375821533152824,220.0,2.7375821533150257
27,27,0,fam,0.06472665698311938,2.7375821533150253,220.0,2.7375821533150257
28,28,1,fam,0.06472665698311904,2.7375821533150306,220.0,2.7375821533150257
29,29,2,fam,0.06472665698311893,2.7375821533150324,220.0,2.7375821533150257
30,30,0,fam,0.06472665698311937,2.7375821533150253,220.0,2.7375821533150257
31,31,1,fam,0.06472665698311937,2.7375821533150253,220.0,2.7375821533150257
32,32,2,fam,0.06472665698311937,2.7375821533150253,220.0,2.7375821533150257
33,33,0,fam,0.06472665698311937,2.7375821533150253,220.0,2.7375821533150257
34,34,1,fam,0.06472665698311937,2.7375821533150253,220.0,2.7375821533150257
35,35,2,fam,0.06472665698311937,2.7375821533150253,220.0,2.7375821533150257
36,36,0,fam,0.06472665698311937,2.7375821533150253,220.0,2.7375821533150257
37,37,1,fam,0.06472665698311937,2.7375821533150253,220.0,2.7375821533150257
38,38,2,fam,0.06472665698311937,2.7375821533150253,220.0,2.7375821533150257
39,39,0,fam,0.06472665698311937,2.7375821533150253,220.0,2.7375821533150257
40,40,1,fam,0.06472665698311937,2.7375821533150253,220.0,2.7375821533150257
41,41,2,fam,0.06472665698311937,2.7375821533150253,220.0,2.7375821533150257
42,42,0,fam,0.06472665698311937,2.7375821533150253,220.0,2.7375821533150257
43,43,1,fam,0.06472665698311937,2.7375821533150253,220.0,2.7375821533150257
44,44,2,fam,0.06472665698311937,2.7375821533150253,220.0,2.7375821533150257
45,45,0,fam,0.06472665698311937,2.7375821533150253,220.0,2.7375821533150257
46,46,1,fam,0.06472665698311937,2.7375821533150253,220.0,2.7375821533150257
47,47,2,fam,0.06472665698311937,2.7375821533150253,220.0,2.7375821533150257
48,48,0,fam,0.06472665698311937,2.7375821533150253,220.0,2.7375821533150257
49,49,1,fam,0.06472665698311937,2.7375821533150253,220.0,2.7375821533150257
50,50,2,fam,0.06472665698311937,2.7375821533150253,220.0,2.7375821533150257
51,51,0,fam,0.06472665698311937,2.7375821533150253,220.0,2.7375821533150257
52,52,1,fam,0.06472665698311937,2.7375821533150253,220.0,2.7375821533150257
53,53,2,fam,0.06472665698311937,2.7375821533150253,220.0,2.7375821533150257
54,54,0,fam,0.06472665698311937,2.7375821533150253,220.0,2.7375821533150257
55,55,1,fam,0.06472665698311937,2.7375821533150253,220.0,2.7375821533150257
56,56,2,fam,0.06472665698311937,2.7375821533150253,220.0,2.7375821533150257
57,57,0,fam,0.06472665698311937,2.7375821533150253,220.0,2.7375821533150257
58,58,1,fam,0.06472665698311937,2.7375821533150253,220.0,2.7375821533150257
59,59,2,fam,0.06472665698311937,2.7375821533150253,220.0,2.7375821533150257
60,60,0,fam,0.06472665698311937,2.7375821533150253,220.0,2.7375821533150257
61,61,1,fam,0.06472665698311937,2.7375821533150253,220.0,2.7375821533150257
62,62,2,fam,0.06472665698311937,2.7375821533150253,220.0,2.7375821533150257
63,63,0,fam,0.06472665698311937,2.7375821533150253,220.0,2.7375821533150257
64,64,1,fam,0.06472665698311937,2.7375821533150253,220.0,2.7375821533150257
65,65,2,fam,0.06472665698311937,2.7375821533150253,220.0,2.7375821533150257
66,66,3,recov,6.996914360766903e-06,11.87004131169704,220.0,2.7375821533150257
67,67,4,recov,6.996914360766903e-06,11.87004131169704,220.0,2.7375821533150257
68,68,5,recov,6.996914360766903e-06,11.87004131169704,220.0,2.7375821533150257
69,69,3,recov,0.0629792261612629,2.7649503504399546,220.0,2.7375821533150257
70,70,4,recov,0.0629792261612629,2.7649503504399546,220.0,2.7375821533150257
71,71,5,recov,0.0629792261612629,2.7649503504399546,220.0,2.7375821533150257
72,72,3,recov,0.06467947635092926,2.7383113403027686,220.0,2.7375821533150257
73,73,4,recov,0.06467947635092926,2.7383113403027686,220.0,2.7375821533150257
74,74,5,recov,0.06467947635092926,2.7383113403027686,220.0,2.7375821533150257
75,75,3,recov,0.06472538310605025,2.737601834380975,220.0,2.7375821533150257
76,76,4,recov,0.06472538310605025,2.737601834380975,220.0,2.7375821533150257
77,77,5,recov,0.06472538310605025,2.737601834380975,220.0,2.7375821533150257
78,78,3,recov,0.0647266225884385,2.7375826846987183,220.0,2.7375821533150257
79,79,4,recov,0.0647266225884385,2.7375826846987183,220.0,2.7375821533150257
80,80,5,recov,0.0647266225884385,2.7375826846987183,220.0,2.7375821533150257
81,81,3,recov,0.064726656054463,2.7375821676623815,220.0,2.7375821533150257
82,82,4,recov,0.064726656054463,2.7375821676623815,220.0,2.7375821533150257
83,83,5,recov,0.064726656054463,2.7375821676623815,220.0,2.7375821533150257
84,84,3,recov,0.06472665695804566,2.737582153702404,220.0,2.7375821533150257
85,85,4,recov,0.06472665695804566,2.737582153702404,220.0,2.7375821533150257
86,86,5,recov,0.06472665695804566,2.737582153702404,220.0,2.7375821533150257
87,87,3,recov,0.0647266569824424,2.7375821533254845,220.0,2.7375821533150257
88,88,4,recov,0.0647266569824424,2.7375821533254845,220.0,2.7375821533150257
89,89,5,recov,0.0647266569824424,2.7375821533254845,220.0,2.7375821533150257
90,90,3,recov,0.06472665698310111,2.7375821533153077,220.0,2.7375821533150257
91,91,4,recov,0.06472665698310111,2.7375821533153077,220.0,2.7375821533150257
92,92,5,recov,0.06472665698310111,2.7375821533153077,220.0,2.7375821533150257
93,93,3,recov,0.06472665698311889,2.737582153315033,220.0,2.7375821533150257
94,94,4,recov,0.06472665698311889,2.737582153315033,220.0,2.7375821533150257
95,95,5,recov,0.06472665698311889,2.737582153315033,220.0,2.7375821533150257
96,96,3,recov,0.06472665698311937,2.7375821533150253,220.0,2.7375821533150257
97,97,4,recov,0.06472665698311937,2.7375821533150253,220.0,2.7375821533150257
98,98,5,recov,0.06472665698311937,2.7375821533150253,220.0,2.7375821533150257
99,99,3,recov,0.06472665698311937,2.7375821533150253,220.0,2.7375821533150257
100,100,4,recov,0.06472665698311937,2.7375821533150253,220.0,2.7375821533150257
101,101,5,recov,0.06472665698311937,2.7375821533150253,220.0,2.7375821533150257
102,102,3,recov,0.06472665698311937,2.7375821533150253,220.0,2.7375821533150257
103,103,4,recov,0.06472665698311937,2.7375821533150253,220.0,2.7375821533150257
104,104,5,recov,0.06472665698311937,2.7375821533150253,220.0,2.7375821533150257
105,105,3,recov,0.06472665698311937,2.7375821533150253,220.0,2.7375821533150257
106,106,4,recov,0.06472665698311937,2.7375821533150253,220.0,2.7375821533150257
107,107,5,recov,0.06472665698311937,2.7375821533150253,220.0,2.7375821533150257
108,108,3,recov,0.06472665698311937,2.7375821533150253,220.0,2.7375821533150257
109,109,4,recov,0.06472665698311937,2.7375821533150253,220.0,2.7375821533150257
110,110,5,recov,0.06472665698311937,2.7375821533150253,220.0,2.7375821533150257
111,111,3,recov,0.06472665698311937,2.7375821533150253,220.0,2.7375821533150257
112,112,4,recov,0.06472665698311937,2.7375821533150253,220.0,2.7375821533150257
113,113,5,recov,0.06472665698311937,2.7375821533150253,220.0,2.7375821533150257
114,114,3,recov,0.06472665698311937,2.7375821533150253,220.0,2.7375821533150257
115,115,4,recov,0.06472665698311937,2.7375821533150253,220.0,2.7375821533150257
116,116,5,recov,0.06472665698311937,2.7375821533150253,220.0,2.7375821533150257
117,117,3,recov,0.06472665698311937,2.7375821533150253,220.0,2.7375821533150257
118,118,4,recov,0.06472665698311937,2.7375821533150253,220.0,2.7375821533150257
119,119,5,recov,0.06472665698311937,2.7375821533150253,220.0,2.7375821533150257
120,120,3,recov,0.06472665698311937,2.7375821533150253,220.0,2.7375821533150257
121,121,4,recov,0.06472665698311937,2.7375821533150253,220.0,2.7375821533150257
122,122,5,recov,0.06472665698311937,2.7375821533150253,220.0,2.7375821533150257
123,123,3,recov,0.06472665698311937,2.7375821533150253,220.0,2.7375821533150257
124,124,4,recov,0.06472665698311937,2.7375821533150253,220.0,2.7375821533150257
125,125,5,recov,0.06472665698311937,2.7375821533150253,220.0,2.7375821533150257
126,126,3,recov,0.06472665698311937,2.7375821533150253,220.0,2.7375821533150257
127,127,4,recov,0.06472665698311937,2.7375821533150253,220.0,2.7375821533150257
128,128,5,recov,0.06472665698311937,2.7375821533150253,220.0,2.7375821533150257
129,129,3,recov,0.06472665698311937,2.7375821533150253,220.0,2.7375821533150257
130,130,4,recov,0.06472665698311937,2.7375821533150253,220.0,2.7375821533150257
131,131,5,recov,0.06472665698311937,2.7375821533150253,220.0,2.7375821533150257
132,132,3,recov,0.06472665698311937,2.7375821533150253,220.0,2.7375821533150257
133,133,4,recov,0.06472665698311937,2.7375821533150253,220.0,2.7375821533150257
134,134,5,recov,0.06472665698311937,2.7375821533150253,220.0,2.7375821533150257
135,135,3,recov,0.06472665698311937,2.7375821533150253,220.0,2.7375821533150257
136,136,4,recov,0.06472665698311937,2.7375821533150253,220.0,2.7375821533150257
137,137,5,recov,0.06472665698311937,2.7375821533150253,220.0,2.7375821533150257
138,138,3,recov,0.06472665698311937,2.7375821533150253,220.0,2.7375821533150257
139,139,4,recov,0.06472665698311937,2.7375821533150253,220.0,2.7375821533150257
140,140,5,recov,0.06472665698311937,2.7375821533150253,220.0,2.7375821533150257
141,141,3,recov,0.06472665698311937,2.7375821533150253,220.0,2.7375821533150257
142,142,4,recov,0.06472665698311937,2.7375821533150253,220.0,2.7375821533150257
143,143,5,recov,0.06472665698311937,2.7375821533150253,220.0,2.7375821533150257
144,144,3,recov,0.06472665698311937,2.7375821533150253,220.0,2.7375821533150257
145,145,4,recov,0.06472665698311937,2.7375821533150253,220.0,2.7375821533150257
146,146,5,recov,0.06472665698311937,2.7375821533150253,220.0,2.7375821533150257
147,147,3,recov,0.06472665698311937,2.7375821533150253,220.0,2.7375821533150257
148,148,4,recov,0.06472665698311937,2.7375821533150253,220.0,2.7375821533150257
149,149,5,recov,0.06472665698311937,2.7375821533150253,220.0,2.7375821533150257
150,150,3,recov,0.06472665698311937,2.7375821533150253,220.0,2.7375821533150257
151,151,4,recov,0.06472665698311937,2.7375821533150253,220.0,2.7375821533150257
152,152,5,recov,0.06472665698311937,2.7375821533150253,220.0,2.7375821533150257
153,153,3,recov,0.06472665698311937,2.7375821533150253,220.0,2.7375821533150257
154,154,4,recov,0.06472665698311937,2.7375821533150253,220.0,2.7375821533150257
155,155,5,recov,0.06472665698311937,2.7375821533150253,220.0,2.7375821533150257
156,156,3,recov,0.06472665698311937,2.7375821533150253,220.0,2.7375821533150257
157,157,4,recov,0.06472665698311937,2.7375821533150253,220.0,2.7375821533150257
158,158,5,recov,0.06472665698311937,2.7375821533150253,220.0,2.7375821533150257
159,159,3,recov,0.06472665698311937,2.7375821533150253,220.0,2.7375821533150257
160,160,4,recov,0.06472665698311937,2.7375821533150253,220.0,2.7375821533150257
161,161,5,recov,0.06472665698311937,2.7375821533150253,220.0,2.7375821533150257
162,162,3,recov,0.06472665698311937,2.7375821533150253,220.0,2.7375821533150257
163,163,4,recov,0.06472665698311937,2.7375821533150253,220.0,2.7375821533150257
164,164,5,recov,0.06472665698311937,2.7375821533150253,220.0,2.7375821533150257
165,165,3,recov,0.06472665698311937,2.7375821533150253,220.0,2.7375821533150257
166,166,4,recov,0.06472665698311937,2.7375821533150253,220.0,2.7375821533150257
167,167,5,recov,0.06472665698311937,2.7375821533150253,220.0,2.7375821533150257
168,168,3,recov,0.06472665698311937,2.7375821533150253,220.0,2.7375821533150257
169,169,4,recov,0.06472665698311937,2.7375821533150253,220.0,2.7375821533150257
170,170,5,recov,0.06472665698311937,2.7375821533150253,220.0,2.7375821533150257
171,171,3,recov,0.06472665698311937,2.7375821533150253,220.0,2.7375821533150257
172,172,4,recov,0.06472665698311937,2.7375821533150253,220.0,2.7375821533150257
173,173,5,recov,0.06472665698311937,2.7375821533150253,220.0,2.7375821533150257
174,174,3,recov,0.06472665698311937,2.7375821533150253,220.0,2.7375821533150257
175,175,4,recov,0.06472665698311937,2.7375821533150253,220.0,2.7375821533150257
176,176,5,recov,0.06472665698311937,2.7375821533150253,220.0,2.7375821533150257
177,177,3,recov,0.06472665698311937,2.7375821533150253,220.0,2.7375821533150257
178,178,4,recov,0.06472665698311937,2.7375821533150253,220.0,2.7375821533150257
179,179,5,recov,0.06472665698311937,2.7375821533150253,220.0,2.7375821533150257
180,180,3,recov,0.06472665698311937,2.7375821533150253,220.0,2.7375821533150257
181,181,4,recov,0.06472665698311937,2.7375821533150253,220.0,2.7375821533150257
182,182,5,recov,0.06472665698311937,2.7375821533150253,220.0,2.7375821533150257
183,183,3,recov,0.06472665698311937,2.7375821533150253,220.0,2.7375821533150257
184,184,4,recov,0.06472665698311937,2.7375821533150253,220.0,2.7375821533150257
185,185,5,recov,0.06472665698311937,2.7375821533150253,220.0,2.7375821533150257
186,186,3,recov,0.06472665698311937,2.7375821533150253,220.0,2.7375821533150257
187,187,4,recov,0.06472665698311937,2.7375821533150253,220.0,2.7375821533150257
188,188,5,recov,0.06472665698311937,2.7375821533150253,220.0,2.7375821533150257
189,189,3,recov,0.06472665698311937,2.7375821533150253,220.0,2.7375821533150257
190,190,4,recov,0.06472665698311937,2.7375821533150253,220.0,2.7375821533150257
191,191,5,recov,0.06472665698311937,2.7375821533150253,220.0,2.7375821533150257
192,192,3,recov,0.06472665698311937,2.7375821533150253,220.0,2.7375821533150257
193,193,4,recov,0.06472665698311937,2.7375821533150253,220.0,2.7375821533150257
194,194,5,recov,0.06472665698311937,2.7375821533150253,220.0,2.7375821533150257
195,195,3,recov,0.06472665698311937,2.7375821533150253,220.0,2.7375821533150257
196,196,4,recov,0.06472665698311937,2.7375821533150253,220.0,2.7375821533150257
197,197,5,recov,0.06472665698311937,2.7375821533150253,220.0,2.7375821533150257
198,198,3,recov,0.06472665698311937,2.7375821533150253,220.0,2.7375821533150257
199,199,4,recov,0.06472665698311937,2.7375821533150253,220.0,2.7375821533150257
200,200,5,recov,0.06472665698311937,2.7375821533150253,220.0,2.7375821533150257
201,201,3,recov,0.06472665698311937,2.7375821533150253,220.0,2.7375821533150257
202,202,4,recov,0.06472665698311937,2.7375821533150253,220.0,2.7375821533150257
203,203,5,recov,0.06472665698311937,2.7375821533150253,220.0,2.7375821533150257
204,204,3,recov,0.06472665698311937,2.7375821533150253,220.0,2.7375821533150257
205,205,4,recov,0.06472665698311937,2.7375821533150253,220.0,2.7375821533150257
206,206,5,recov,0.06472665698311937,2.7375821533150253,220.0,2.7375821533150257
207,207,3,recov,0.06472665698311937,2.7375821533150253,220.0,2.7375821533150257
208,208,4,recov,0.06472665698311937,2.7375821533150253,220.0,2.7375821533150257
209,209,5,recov,0.06472665698311937,2.7375821533150253,220.0,2.7375821533150257
210,210,3,recov,0.06472665698311937,2.7375821533150253,220.0,2.7375821533150257
211,211,4,recov,0.06472665698311937,2.7375821533150253,220.0,2.7375821533150257
212,212,5,recov,0.06472665698311937,2.7375821533150253,220.0,2.7375821533150257
213,213,3,recov,0.06472665698311937,2.7375821533150253,220.0,2.7375821533150257
214,214,4,recov,0.06472665698311937,2.7375821533150253,220.0,2.7375821533150257
215,215,5,recov,0.06472665698311937,2.7375821533150253,220.0,2.7375821533150257
216,216,3,recov,0.06472665698311937,2.7375821533150253,220.0,2.7375821533150257
217,217,4,recov,0.06472665698311937,2.7375821533150253,220.0,2.7375821533150257
218,218,5,recov,0.06472665698311937,2.7375821533150253,220.0,2.7375821533150257
219,219,3,recov,0.06472665698311937,2.7375821533150253,220.0,2.7375821533150257
220,220,4,recov,0.06472665698311937,2.7375821533150253,220.0,2.7375821533150257
221,221,5,recov,0.06472665698311937,2.7375821533150253,220.0,2.7375821533150257
222,222,3,recov,0.06472665698311937,2.7375821533150253,220.0,2.7375821533150257
223,223,4,recov,0.06472665698311937,2.7375821533150253,220.0,2.7375821533150257
224,224,5,recov,0.06472665698311937,2.7375821533150253,220.0,2.7375821533150257
225,225,3,recov,0.06472665698311937,2.7375821533150253,220.0,2.7375821533150257
226,226,4,recov,0.06472665698311937,2.7375821533150253,220.0,2.7375821533150257
227,227,5,recov,0.06472665698311937,2.7375821533150253,220.0,2.7375821533150257
228,228,3,recov,0.06472665698311937,2.7375821533150253,220.0,2.7375821533150257
229,229,4,recov,0.06472665698311937,2.7375821533150253,220.0,2.7375821533150257
230,230,5,recov,0.06472665698311937,2.7375821533150253,220.0,2.7375821533150257
231,231,3,recov,0.06472665698311937,2.7375821533150253,220.0,2.7375821533150257
232,232,4,recov,0.06472665698311937,2.7375821533150253,220.0,2.7375821533150257
233,233,5,recov,0.06472665698311937,2.7375821533150253,220.0,2.7375821533150257
234,234,3,recov,0.06472665698311937,2.7375821533150253,220.0,2.7375821533150257
235,235,4,recov,0.06472665698311937,2.7375821533150253,220.0,2.7375821533150257
236,236,5,recov,0.06472665698311937,2.7375821533150253,220.0,2.7375821533150257
237,237,3,recov,0.06472665698311937,2.7375821533150253,220.0,2.7375821533150257
238,238,4,recov,0.06472665698311937,2.7375821533150253,220.0,2.7375821533150257
239,239,5,recov,0.06472665698311937,2.7375821533150253,220.0,2.7375821533150257
240,240,3,recov,0.06472665698311937,2.7375821533150253,220.0,2.7375821533150257
241,241,4,recov,0.06472665698311937,2.7375821533150253,220.0,2.7375821533150257
242,242,5,recov,0.06472665698311937,2.7375821533150253,220.0,2.7375821533150257
243,243,3,recov,0.06472665698311937,2.7375821533150253,220.0,2.7375821533150257
244,244,4,recov,0.06472665698311937,2.7375821533150253,220.0,2.7375821533150257
245,245,5,recov,0.06472665698311937,2.7375821533150253,220.0,2.7375821533150257
246,246,3,recov,0.06472665698311937,2.7375821533150253,220.0,2.7375821533150257
247,247,4,recov,0.06472665698311937,2.7375821533150253,220.0,2.7375821533150257
248,248,5,recov,0.06472665698311937,2.7375821533150253,220.0,2.7375821533150257
249,249,3,recov,0.06472665698311937,2.7375821533150253,220.0,2.7375821533150257
250,250,4,recov,0.06472665698311937,2.7375821533150253,220.0,2.7375821533150257
251,251,5,recov,0.06472665698311937,2.7375821533150253,220.0,2.7375821533150257
252,252,3,recov,0.06472665698311937,2.7375821533150253,220.0,2.7375821533150257
253,253,4,recov,0.06472665698311937,2.7375821533150253,220.0,2.7375821533150257
254,254,5,recov,0.06472665698311937,2.7375821533150253,220.0,2.7375821533150257
255,255,3,recov,0.06472665698311937,2.7375821533150253,220.0,2.7375821533150257
256,256,4,recov,0.06472665698311937,2.7375821533150253,220.0,2.7375821533150257
257,257,5,recov,0.06472665698311937,2.7375821533150253,220.0,2.7375821533150257
258,258,3,recov,0.06472665698311937,2.7375821533150253,220.0,2.7375821533150257
259,259,4,recov,0.06472665698311937,2.7375821533150253,220.0,2.7375821533150257
260,260,5,recov,0.06472665698311937,2.7375821533150253,220.0,2.7375821533150257
261,261,3,recov,0.06472665698311937,2.7375821533150253,220.0,2.7375821533150257
262,262,4,recov,0.06472665698311937,2.7375821533150253,220.0,2.7375821533150257
263,263,5,recov,0.06472665698311937,2.7375821533150253,220.0,2.7375821533150257
264,264,3,recov,0.06472665698311937,2.7375821533150253,220.0,2.7375821533150257
265,265,4,recov,0.06472665698311937,2.7375821533150253,220.0,2.7375821533150257
266,266,5,recov,0.06472665698311937,2.7375821533150253,220.0,2.7375821533150257
267,267,3,recov,0.06472665698311937,2.7375821533150253,220.0,2.7375821533150257
268,268,4,recov,0.06472665698311937,2.7375821533150253,220.0,2.7375821533150257
269,269,5,recov,0.06472665698311937,2.7375821533150253,220.0,2.7375821533150257
270,270,3,recov,0.06472665698311937,2.7375821533150253,220.0,2.7375821533150257
271,271,4,recov,0.06472665698311937,2.7375821533150253,220.0,2.7375821533150257
272,272,5,recov,0.06472665698311937,2.7375821533150253,220.0,2.7375821533150257
273,273,3,recov,0.06472665698311937,2.7375821533150253,220.0,2.7375821533150257
274,274,4,recov,0.06472665698311937,2.7375821533150253,220.0,2.7375821533150257
275,275,5,recov,0.06472665698311937,2.7375821533150253,220.0,2.7375821533150257
276,276,3,recov,0.06472665698311937,2.7375821533150253,220.0,2.7375821533150257
277,277,4,recov,0.06472665698311937,2.7375821533150253,220.0,2.7375821533150257
278,278,5,recov,0.06472665698311937,2.7375821533150253,220.0,2.7375821533150257
279,279,3,recov,0.06472665698311937,2.7375821533150253,220.0,2.7375821533150257
280,280,4,recov,0.06472665698311937,2.7375821533150253,220.0,2.7375821533150257
281,281,5,recov,0.06472665698311937,2.7375821533150253,220.0,2.7375821533150257
282,282,3,recov,0.06472665698311937,2.7375821533150253,220.0,2.7375821533150257
283,283,4,recov,0.06472665698311937,2.7375821533150253,220.0,2.7375821533150257
284,284,5,recov,0.06472665698311937,2.7375821533150253,220.0,2.7375821533150257
285,285,0,fam_r,6.996914360766903e-06,11.87004131169704,220.0,2.7375821533150257
286,286,1,fam_r,6.996914360766903e-06,11.87004131169704,220.0,2.7375821533150257
287,287,2,fam_r,6.996914360766903e-06,11.87004131169704,220.0,2.7375821533150257
288,288,0,fam_r,0.0629792261612629,2.7649503504399546,220.0,2.7375821533150257
289,289,1,fam_r,0.0629792261612629,2.7649503504399546,220.0,2.7375821533150257
290,290,2,fam_r,0.0629792261612629,2.7649503504399546,220.0,2.7375821533150257
291,291,0,fam_r,0.06467947635092926,2.7383113403027686,220.0,2.7375821533150257
292,292,1,fam_r,0.06467947635092926,2.7383113403027686,220.0,2.7375821533150257
293,293,2,fam_r,0.06467947635092926,2.7383113403027686,220.0,2.7375821533150257
294,294,0,fam_r,0.06472538310605025,2.737601834380975,220.0,2.7375821533150257
295,295,1,fam_r,0.06472538310605025,2.737601834380975,220.0,2.7375821533150257
296,296,2,fam_r,0.06472538310605025,2.737601834380975,220.0,2.7375821533150257
297,297,0,fam_r,0.0647266225884385,2.7375826846987183,220.0,2.7375821533150257
298,298,1,fam_r,0.0647266225884385,2.7375826846987183,220.0,2.7375821533150257
299,299,2,fam_r,0.0647266225884385,2.7375826846987183,220.0,2.7375821533150257
0,0,0,fam,0.015873015873015872,4.143134726391533,293.33333333333337,2.7375821533150257
1,1,1,fam,9.993703966501105e-06,11.513555266603538,293.33333333333337,2.7375821533150257
2,2,2,fam,7.688581687336138e-06,11.775774227434223,293.33333333333337,2.7375821533150257
3,3,0,fam,0.06472605941192124,2.737591385584765,293.33333333333337,2.7375821533150257
4,4,1,fam,0.06349329514753499,2.756820966886116,293.33333333333337,2.7375821533150257
5,5,2,fam,0.06313257068308868,2.762518466964548,293.33333333333337,2.7375821533150257
6,6,0,fam,0.06472664127268656,2.7375823960347248,293.33333333333337,2.7375821533150257
7,7,1,fam,0.06469361860858333,2.7380927128097055,293.33333333333337,2.7375821533150257
8,8,2,fam,0.06468371837895773,2.7382457570734915,293.33333333333337,2.7375821533150257
9,9,0,fam,0.06472665655923844,2.73758215986381,293.33333333333337,2.7375821533150257
10,10,1,fam,0.06472576513674527,2.7375959320664696,293.33333333333337,2.7375821533150257
11,11,2,fam,0.06472549771478524,2.7376000636902815,293.33333333333337,2.7375821533150257
12,12,0,fam,0.06472665697167482,2.737582153491839,293.33333333333337,2.7375821533150257
13,13,1,fam,0.06472663290340556,2.737582525336684,293.33333333333337,2.7375821533150257
14,14,2,fam,0.06472662568292828,2.7375826368901106,293.33333333333337,2.7375821533150257
15,15,0,fam,0.06472665698281038,2.7375821533197993,293.33333333333337,2.7375821533150257
16,16,1,fam,0.06472665633296722,2.7375821633596065,293.33333333333337,2.7375821533150257
17,17,2,fam,0.06472665613801426,2.7375821663715487,293.33333333333337,2.7375821533150257
18,18,0,fam,0.06472665698311104,2.737582153315154,293.33333333333337,2.7375821533150257
19,19,1,fam,0.06472665696556527,2.737582153586229,293.33333333333337,2.7375821533150257
20,20,2,fam,0.06472665696030154,2.7375821536675513,293.33333333333337,2.7375821533150257
21,21,0,fam,0.06472665698311916,2.737582153315029,293.33333333333337,2.7375821533150257
22,22,1,fam,0.06472665698264543,2.7375821533223474,293.33333333333337,2.7375821533150257
23,23,2,fam,0.06472665698250331,2.7375821533245435,293.33333333333337,2.7375821533150257
24,24,0,fam,0.06472665698311938,2.7375821533150253,293.33333333333337,2.7375821533150257
25,25,1,fam,0.06472665698310659,2.737582153315223,293.33333333333337,2.7375821533150257
26,26,2,fam,0.06472665698310275,2.7375821533152824,293.33333333333337,2.7375821533150257
27,27,0,fam,0.06472665698311938,2.7375821533150253,293.33333333333337,2.7375821533150257
28,28,1,fam,0.06472665698311904,2.7375821533150306,293.33333333333337,2.7375821533150257
29,29,2,fam,0.06472665698311893,2.7375821533150324,293.33333333333337,2.7375821533150257
30,30,0,fam,0.06472665698311937,2.7375821533150253,293.33333333333337,2.7375821533150257
31,31,1,fam,0.06472665698311937,2.7375821533150253,293.33333333333337,2.7375821533150257
32,32,2,fam,0.06472665698311937,2.7375821533150253,293.33333333333337,2.7375821533150257
33,33,0,fam,0.06472665698311937,2.7375821533150253,293.33333333333337,2.7375821533150257
34,34,1,fam,0.06472665698311937,2.7375821533150253,293.33333333333337,2.7375821533150257
35,35,2,fam,0.06472665698311937,2.7375821533150253,293.33333333333337,2.7375821533150257
36,36,0,fam,0.06472665698311937,2.7375821533150253,293.33333333333337,2.7375821533150257
37,37,1,fam,0.06472665698311937,2.7375821533150253,293.33333333333337,2.7375821533150257
38,38,2,fam,0.06472665698311937,2.7375821533150253,293.33333333333337,2.7375821533150257
39,39,0,fam,0.06472665698311937,2.7375821533150253,293.33333333333337,2.7375821533150257
40,40,1,fam,0.06472665698311937,2.7375821533150253,293.33333333333337,2.7375821533150257
41,41,2,fam,0.06472665698311937,2.7375821533150253,293.33333333333337,2.7375821533150257
42,42,0,fam,0.06472665698311937,2.7375821533150253,293.33333333333337,2.7375821533150257
43,43,1,fam,0.06472665698311937,2.7375821533150253,293.33333333333337,2.7375821533150257
44,44,2,fam,0.06472665698311937,2.7375821533150253,293.33333333333337,2.7375821533150257
45,45,0,fam,0.06472665698311937,2.7375821533150253,293.33333333333337,2.7375821533150257
46,46,1,fam,0.06472665698311937,2.7375821533150253,293.33333333333337,2.7375821533150257
47,47,2,fam,0.06472665698311937,2.7375821533150253,293.33333333333337,2.7375821533150257
48,48,0,fam,0.06472665698311937,2.7375821533150253,293.33333333333337,2.7375821533150257
49,49,1,fam,0.06472665698311937,2.7375821533150253,293.33333333333337,2.7375821533150257
50,50,2,fam,0.06472665698311937,2.7375821533150253,293.33333333333337,2.7375821533150257
51,51,0,fam,0.06472665698311937,2.7375821533150253,293.33333333333337,2.7375821533150257
52,52,1,fam,0.06472665698311937,2.7375821533150253,293.33333333333337,2.7375821533150257
53,53,2,fam,0.06472665698311937,2.7375821533150253,293.33333333333337,2.7375821533150257
54,54,0,fam,0.06472665698311937,2.7375821533150253,293.33333333333337,2.7375821533150257
55,55,1,fam,0.06472665698311937,2.7375821533150253,293.33333333333337,2.7375821533150257
56,56,2,fam,0.06472665698311937,2.7375821533150253,293.33333333333337,2.7375821533150257
57,57,0,fam,0.06472665698311937,2.7375821533150253,293.33333333333337,2.7375821533150257
58,58,1,fam,0.06472665698311937,2.7375821533150253,293.33333333333337,2.7375821533150257
59,59,2,fam,0.06472665698311937,2.7375821533150253,293.33333333333337,2.7375821533150257
60,60,0,fam,0.06472665698311937,2.7375821533150253,293.33333333333337,2.7375821533150257
61,61,1,fam,0.06472665698311937,2.7375821533150253,293.33333333333337,2.7375821533150257
62,62,2,fam,0.06472665698311937,2.7375821533150253,293.33333333333337,2.7375821533150257
63,63,0,fam,0.06472665698311937,2.7375821533150253,293.33333333333337,2.7375821533150257
64,64,1,fam,0.06472665698311937,2.7375821533150253,293.33333333333337,2.7375821533150257
65,65,2,fam,0.06472665698311937,2.7375821533150253,293.33333333333337,2.7375821533150257
66,66,3,recov,6.996914360766903e-06,11.87004131169704,293.33333333333337,2.7375821533150257
67,67,4,recov,6.996914360766903e-06,11.87004131169704,293.33333333333337,2.7375821533150257
68,68,5,recov,6.996914360766903e-06,11.87004131169704,293.33333333333337,2.7375821533150257
69,69,3,recov,0.0629792261612629,2.7649503504399546,293.33333333333337,2.7375821533150257
70,70,4,recov,0.0629792261612629,2.7649503504399546,293.33333333333337,2.7375821533150257
71,71,5,recov,0.0629792261612629,2.7649503504399546,293.33333333333337,2.7375821533150257
72,72,3,recov,0.06467947635092926,2.7383113403027686,293.33333333333337,2.7375821533150257
73,73,4,recov,0.06467947635092926,2.7383113403027686,293.33333333333337,2.7375821533150257
74,74,5,recov,0.06467947635092926,2.7383113403027686,293.33333333333337,2.7375821533150257
75,75,3,recov,0.06472538310605025,2.737601834380975,293.33333333333337,2.7375821533150257
76,76,4,recov,0.06472538310605025,2.737601834380975,293.33333333333337,2.7375821533150257
77,77,5,recov,0.06472538310605025,2.737601834380975,293.33333333333337,2.7375821533150257
78,78,3,recov,0.0647266225884385,2.7375826846987183,293.33333333333337,2.7375821533150257
79,79,4,recov,0.0647266225884385,2.7375826846987183,293.33333333333337,2.7375821533150257
80,80,5,recov,0.0647266225884385,2.7375826846987183,293.33333333333337,2.7375821533150257
81,81,3,recov,0.064726656054463,2.7375821676623815,293.33333333333337,2.7375821533150257
82,82,4,recov,0.064726656054463,2.7375821676623815,293.33333333333337,2.7375821533150257
83,83,5,recov,0.064726656054463,2.7375821676623815,293.33333333333337,2.7375821533150257
84,84,3,recov,0.06472665695804566,2.737582153702404,293.33333333333337,2.7375821533150257
85,85,4,recov,0.06472665695804566,2.737582153702404,293.33333333333337,2.7375821533150257
86,86,5,recov,0.06472665695804566,2.737582153702404,293.33333333333337,2.7375821533150257
87,87,3,recov,0.0647266569824424,2.7375821533254845,293.33333333333337,2.7375821533150257
88,88,4,recov,0.0647266569824424,2.7375821533254845,293.33333333333337,2.7375821533150257
89,89,5,recov,0.0647266569824424,2.7375821533254845,293.33333333333337,2.7375821533150257
90,90,3,recov,0.06472665698310111,2.7375821533153077,293.33333333333337,2.7375821533150257
91,91,4,recov,0.06472665698310111,2.7375821533153077,293.33333333333337,2.7375821533150257
92,92,5,recov,0.06472665698310111,2.7375821533153077,293.33333333333337,2.7375821533150257
93,93,3,recov,0.06472665698311889,2.737582153315033,293.33333333333337,2.7375821533150257
94,94,4,recov,0.06472665698311889,2.737582153315033,293.33333333333337,2.7375821533150257
95,95,5,recov,0.06472665698311889,2.737582153315033,293.33333333333337,2.7375821533150257
96,96,3,recov,0.06472665698311937,2.7375821533150253,293.33333333333337,2.7375821533150257
97,97,4,recov,0.06472665698311937,2.7375821533150253,293.33333333333337,2.7375821533150257
98,98,5,recov,0.06472665698311937,2.7375821533150253,293.33333333333337,2.7375821533150257
99,99,3,recov,0.06472665698311937,2.7375821533150253,293.33333333333337,2.7375821533150257
100,100,4,recov,0.06472665698311937,2.7375821533150253,293.33333333333337,2.7375821533150257
101,101,5,recov,0.06472665698311937,2.7375821533150253,293.33333333333337,2.7375821533150257
102,102,3,recov,0.06472665698311937,2.7375821533150253,293.33333333333337,2.7375821533150257
103,103,4,recov,0.06472665698311937,2.7375821533150253,293.33333333333337,2.7375821533150257
104,104,5,recov,0.06472665698311937,2.7375821533150253,293.33333333333337,2.7375821533150257
105,105,3,recov,0.06472665698311937,2.7375821533150253,293.33333333333337,2.7375821533150257
106,106,4,recov,0.06472665698311937,2.7375821533150253,293.33333333333337,2.7375821533150257
107,107,5,recov,0.06472665698311937,2.7375821533150253,293.33333333333337,2.7375821533150257
108,108,3,recov,0.06472665698311937,2.7375821533150253,293.33333333333337,2.7375821533150257
109,109,4,recov,0.06472665698311937,2.7375821533150253,293.33333333333337,2.7375821533150257
110,110,5,recov,0.06472665698311937,2.7375821533150253,293.33333333333337,2.7375821533150257
111,111,3,recov,0.06472665698311937,2.7375821533150253,293.33333333333337,2.7375821533150257
112,112,4,recov,0.06472665698311937,2.7375821533150253,293.33333333333337,2.7375821533150257
113,113,5,recov,0.06472665698311937,2.7375821533150253,293.33333333333337,2.7375821533150257
114,114,3,recov,0.06472665698311937,2.7375821533150253,293.33333333333337,2.7375821533150257
115,115,4,recov,0.06472665698311937,2.7375821533150253,293.33333333333337,2.7375821533150257
116,116,5,recov,0.06472665698311937,2.7375821533150253,293.33333333333337,2.7375821533150257
117,117,3,recov,0.06472665698311937,2.7375821533150253,293.33333333333337,2.7375821533150257
118,118,4,recov,0.06472665698311937,2.7375821533150253,293.33333333333337,2.7375821533150257
119,119,5,recov,0.06472665698311937,2.7375821533150253,293.33333333333337,2.7375821533150257
120,120,3,recov,0.06472665698311937,2.7375821533150253,293.33333333333337,2.7375821533150257
121,121,4,recov,0.06472665698311937,2.7375821533150253,293.33333333333337,2.7375821533150257
122,122,5,recov,0.06472665698311937,2.7375821533150253,293.33333333333337,2.7375821533150257
123,123,3,recov,0.06472665698311937,2.7375821533150253,293.33333333333337,2.7375821533150257
124,124,4,recov,0.06472665698311937,2.7375821533150253,293.33333333333337,2.7375821533150257
125,125,5,recov,0.06472665698311937,2.7375821533150253,293.33333333333337,2.7375821533150257
126,126,3,recov,0.06472665698311937,2.7375821533150253,293.33333333333337,2.7375821533150257
127,127,4,recov,0.06472665698311937,2.7375821533150253,293.33333333333337,2.7375821533150257
128,128,5,recov,0.06472665698311937,2.7375821533150253,293.33333333333337,2.7375821533150257
129,129,3,recov,0.06472665698311937,2.7375821533150253,293.33333333333337,2.7375821533150257
130,130,4,recov,0.06472665698311937,2.7375821533150253,293.33333333333337,2.7375821533150257
131,131,5,recov,0.06472665698311937,2.7375821533150253,293.33333333333337,2.7375821533150257
132,132,3,recov,0.06472665698311937,2.7375821533150253,293.33333333333337,2.7375821533150257
133,133,4,recov,0.06472665698311937,2.7375821533150253,293.33333333333337,2.7375821533150257
134,134,5,recov,0.06472665698311937,2.7375821533150253,293.33333333333337,2.7375821533150257
135,135,3,recov,0.06472665698311937,2.7375821533150253,293.33333333333337,2.7375821533150257
136,136,4,recov,0.06472665698311937,2.7375821533150253,293.33333333333337,2.7375821533150257
137,137,5,recov,0.06472665698311937,2.7375821533150253,293.33333333333337,2.7375821533150257
138,138,3,recov,0.06472665698311937,2.7375821533150253,293.33333333333337,2.7375821533150257
139,139,4,recov,0.06472665698311937,2.7375821533150253,293.33333333333337,2.7375821533150257
140,140,5,recov,0.06472665698311937,2.7375821533150253,293.33333333333337,2.7375821533150257
141,141,3,recov,0.06472665698311937,2.7375821533150253,293.33333333333337,2.7375821533150257
142,142,4,recov,0.06472665698311937,2.7375821533150253,293.33333333333337,2.7375821533150257
143,143,5,recov,0.06472665698311937,2.7375821533150253,293.33333333333337,2.7375821533150257
144,144,3,recov,0.06472665698311937,2.7375821533150253,293.33333333333337,2.7375821533150257
145,145,4,recov,0.06472665698311937,2.7375821533150253,293.33333333333337,2.7375821533150257
146,146,5,recov,0.06472665698311937,2.7375821533150253,293.33333333333337,2.7375821533150257
147,147,3,recov,0.06472665698311937,2.7375821533150253,293.33333333333337,2.7375821533150257
148,148,4,recov,0.06472665698311937,2.7375821533150253,293.33333333333337,2.7375821533150257
149,149,5,recov,0.06472665698311937,2.7375821533150253,293.33333333333337,2.7375821533150257
150,150,3,recov,0.06472665698311937,2.7375821533150253,293.33333333333337,2.7375821533150257
151,151,4,recov,0.06472665698311937,2.7375821533150253,293.33333333333337,2.7375821533150257
152,152,5,recov,0.06472665698311937,2.7375821533150253,293.33333333333337,2.7375821533150257
153,153,3,recov,0.06472665698311937,2.7375821533150253,293.33333333333337,2.7375821533150257
154,154,4,recov,0.06472665698311937,2.7375821533150253,293.33333333333337,2.7375821533150257
155,155,5,recov,0.06472665698311937,2.7375821533150253,293.33333333333337,2.7375821533150257
156,156,3,recov,0.06472665698311937,2.7375821533150253,293.33333333333337,2.7375821533150257
157,157,4,recov,0.06472665698311937,2.7375821533150253,293.33333333333337,2.7375821533150257
158,158,5,recov,0.06472665698311937,2.7375821533150253,293.33333333333337,2.7375821533150257
159,159,3,recov,0.06472665698311937,2.7375821533150253,293.33333333333337,2.7375821533150257
160,160,4,recov,0.06472665698311937,2.7375821533150253,293.33333333333337,2.7375821533150257
161,161,5,recov,0.06472665698311937,2.7375821533150253,293.33333333333337,2.7375821533150257
162,162,3,recov,0.06472665698311937,2.7375821533150253,293.33333333333337,2.7375821533150257
163,163,4,recov,0.06472665698311937,2.7375821533150253,293.33333333333337,2.7375821533150257
164,164,5,recov,0.06472665698311937,2.7375821533150253,293.33333333333337,2.7375821533150257
165,165,3,recov,0.06472665698311937,2.7375821533150253,293.33333333333337,2.7375821533150257
166,166,4,recov,0.06472665698311937,2.7375821533150253,293.33333333333337,2.7375821533150257
167,167,5,recov,0.06472665698311937,2.7375821533150253,293.33333333333337,2.7375821533150257
168,168,3,recov,0.06472665698311937,2.7375821533150253,293.33333333333337,2.7375821533150257
169,169,4,recov,0.06472665698311937,2.7375821533150253,293.33333333333337,2.7375821533150257
170,170,5,recov,0.06472665698311937,2.7375821533150253,293.33333333333337,2.7375821533150257
171,171,3,recov,0.06472665698311937,2.7375821533150253,293.33333333333337,2.7375821533150257
172,172,4,recov,0.06472665698311937,2.7375821533150253,293.33333333333337,2.7375821533150257
173,173,5,recov,0.06472665698311937,2.7375821533150253,293.33333333333337,2.7375821533150257
174,174,3,recov,0.06472665698311937,2.7375821533150253,293.33333333333337,2.7375821533150257
175,175,4,recov,0.06472665698311937,2.7375821533150253,293.33333333333337,2.7375821533150257
176,176,5,recov,0.06472665698311937,2.7375821533150253,293.33333333333337,2.7375821533150257
177,177,3,recov,0.06472665698311937,2.7375821533150253,293.33333333333337,2.7375821533150257
178,178,4,recov,0.06472665698311937,2.7375821533150253,293.33333333333337,2.7375821533150257
179,179,5,recov,0.06472665698311937,2.7375821533150253,293.33333333333337,2.7375821533150257
180,180,3,recov,0.06472665698311937,2.7375821533150253,293.33333333333337,2.7375821533150257
181,181,4,recov,0.06472665698311937,2.7375821533150253,293.33333333333337,2.7375821533150257
182,182,5,recov,0.06472665698311937,2.7375821533150253,293.33333333333337,2.7375821533150257
183,183,3,recov,0.06472665698311937,2.7375821533150253,293.33333333333337,2.7375821533150257
184,184,4,recov,0.06472665698311937,2.7375821533150253,293.33333333333337,2.7375821533150257
185,185,5,recov,0.06472665698311937,2.7375821533150253,293.33333333333337,2.7375821533150257
186,186,3,recov,0.06472665698311937,2.7375821533150253,293.33333333333337,2.7375821533150257
187,187,4,recov,0.06472665698311937,2.7375821533150253,293.33333333333337,2.7375821533150257
188,188,5,recov,0.06472665698311937,2.7375821533150253,293.33333333333337,2.7375821533150257
189,189,3,recov,0.06472665698311937,2.7375821533150253,293.33333333333337,2.7375821533150257
190,190,4,recov,0.06472665698311937,2.7375821533150253,293.33333333333337,2.7375821533150257
191,191,5,recov,0.06472665698311937,2.7375821533150253,293.33333333333337,2.7375821533150257
192,192,3,recov,0.06472665698311937,2.7375821533150253,293.33333333333337,2.7375821533150257
193,193,4,recov,0.06472665698311937,2.7375821533150253,293.33333333333337,2.7375821533150257
194,194,5,recov,0.06472665698311937,2.7375821533150253,293.33333333333337,2.7375821533150257
195,195,3,recov,0.06472665698311937,2.7375821533150253,293.33333333333337,2.7375821533150257
196,196,4,recov,0.06472665698311937,2.7375821533150253,293.33333333333337,2.7375821533150257
197,197,5,recov,0.06472665698311937,2.7375821533150253,293.33333333333337,2.7375821533150257
198,198,3,recov,0.06472665698311937,2.7375821533150253,293.33333333333337,2.7375821533150257
199,199,4,recov,0.06472665698311937,2.7375821533150253,293.33333333333337,2.7375821533150257
200,200,5,recov,0.06472665698311937,2.7375821533150253,293.33333333333337,2.7375821533150257
201,201,3,recov,0.06472665698311937,2.7375821533150253,293.33333333333337,2.7375821533150257
202,202,4,recov,0.06472665698311937,2.7375821533150253,293.33333333333337,2.7375821533150257
203,203,5,recov,0.06472665698311937,2.7375821533150253,293.33333333333337,2.7375821533150257
204,204,3,recov,0.06472665698311937,2.7375821533150253,293.33333333333337,2.7375821533150257
205,205,4,recov,0.06472665698311937,2.7375821533150253,293.33333333333337,2.7375821533150257
206,206,5,recov,0.06472665698311937,2.7375821533150253,293.33333333333337,2.7375821533150257
207,207,3,recov,0.06472665698311937,2.7375821533150253,293.33333333333337,2.7375821533150257
208,208,4,recov,0.06472665698311937,2.7375821533150253,293.33333333333337,2.7375821533150257
209,209,5,recov,0.06472665698311937,2.7375821533150253,293.33333333333337,2.7375821533150257
210,210,3,recov,0.06472665698311937,2.7375821533150253,293.33333333333337,2.7375821533150257
211,211,4,recov,0.06472665698311937,2.7375821533150253,293.33333333333337,2.7375821533150257
212,212,5,recov,0.06472665698311937,2.7375821533150253,293.33333333333337,2.7375821533150257
213,213,3,recov,0.06472665698311937,2.7375821533150253,293.33333333333337,2.7375821533150257
214,214,4,recov,0.06472665698311937,2.7375821533150253,293.33333333333337,2.7375821533150257
215,215,5,recov,0.06472665698311937,2.7375821533150253,293.33333333333337,2.7375821533150257
216,216,3,recov,0.06472665698311937,2.7375821533150253,293.33333333333337,2.7375821533150257
217,217,4,recov,0.06472665698311937,2.7375821533150253,293.33333333333337,2.7375821533150257
218,218,5,recov,0.06472665698311937,2.7375821533150253,293.33333333333337,2.7375821533150257
219,219,3,recov,0.06472665698311937,2.7375821533150253,293.33333333333337,2.7375821533150257
220,220,4,recov,0.06472665698311937,2.7375821533150253,293.33333333333337,2.7375821533150257
221,221,5,recov,0.06472665698311937,2.7375821533150253,293.33333333333337,2.7375821533150257
222,222,3,recov,0.06472665698311937,2.7375821533150253,293.33333333333337,2.7375821533150257
223,223,4,recov,0.06472665698311937,2.7375821533150253,293.33333333333337,2.7375821533150257
224,224,5,recov,0.06472665698311937,2.7375821533150253,293.33333333333337,2.7375821533150257
225,225,3,recov,0.06472665698311937,2.7375821533150253,293.33333333333337,2.7375821533150257
226,226,4,recov,0.06472665698311937,2.7375821533150253,293.33333333333337,2.7375821533150257
227,227,5,recov,0.06472665698311937,2.7375821533150253,293.33333333333337,2.7375821533150257
228,228,3,recov,0.06472665698311937,2.7375821533150253,293.33333333333337,2.7375821533150257
229,229,4,recov,0.06472665698311937,2.7375821533150253,293.33333333333337,2.7375821533150257
230,230,5,recov,0.06472665698311937,2.7375821533150253,293.33333333333337,2.7375821533150257
231,231,3,recov,0.06472665698311937,2.7375821533150253,293.33333333333337,2.7375821533150257
232,232,4,recov,0.06472665698311937,2.7375821533150253,293.33333333333337,2.7375821533150257
233,233,5,recov,0.06472665698311937,2.7375821533150253,293.33333333333337,2.7375821533150257
234,234,3,recov,0.06472665698311937,2.7375821533150253,293.33333333333337,2.7375821533150257
235,235,4,recov,0.06472665698311937,2.7375821533150253,293.33333333333337,2.7375821533150257
236,236,5,recov,0.06472665698311937,2.7375821533150253,293.33333333333337,2.7375821533150257
237,237,3,recov,0.06472665698311937,2.7375821533150253,293.33333333333337,2.7375821533150257
238,238,4,recov,0.06472665698311937,2.7375821533150253,293.33333333333337,2.7375821533150257
239,239,5,recov,0.06472665698311937,2.7375821533150253,293.33333333333337,2.7375821533150257
240,240,3,recov,0.06472665698311937,2.7375821533150253,293.33333333333337,2.7375821533150257
241,241,4,recov,0.06472665698311937,2.7375821533150253,293.33333333333337,2.7375821533150257
242,242,5,recov,0.06472665698311937,2.7375821533150253,293.33333333333337,2.7375821533150257
243,243,3,recov,0.06472665698311937,2.7375821533150253,293.33333333333337,2.7375821533150257
244,244,4,recov,0.06472665698311937,2.7375821533150253,293.33333333333337,2.7375821533150257
245,245,5,recov,0.06472665698311937,2.7375821533150253,293.33333333333337,2.7375821533150257
246,246,3,recov,0.06472665698311937,2.7375821533150253,293.33333333333337,2.7375821533150257
247,247,4,recov,0.06472665698311937,2.7375821533150253,293.33333333333337,2.7375821533150257
248,248,5,recov,0.06472665698311937,2.7375821533150253,293.33333333333337,2.7375821533150257
249,249,3,recov,0.06472665698311937,2.7375821533150253,293.33333333333337,2.7375821533150257
250,250,4,recov,0.06472665698311937,2.7375821533150253,293.33333333333337,2.7375821533150257
251,251,5,recov,0.06472665698311937,2.7375821533150253,293.33333333333337,2.7375821533150257
252,252,3,recov,0.06472665698311937,2.7375821533150253,293.33333333333337,2.7375821533150257
253,253,4,recov,0.06472665698311937,2.7375821533150253,293.33333333333337,2.7375821533150257
254,254,5,recov,0.06472665698311937,2.7375821533150253,293.33333333333337,2.7375821533150257
255,255,3,recov,0.06472665698311937,2.7375821533150253,293.33333333333337,2.7375821533150257
256,256,4,recov,0.06472665698311937,2.7375821533150253,293.33333333333337,2.7375821533150257
257,257,5,recov,0.06472665698311937,2.7375821533150253,293.33333333333337,2.7375821533150257
258,258,3,recov,0.06472665698311937,2.7375821533150253,293.33333333333337,2.7375821533150257
259,259,4,recov,0.06472665698311937,2.7375821533150253,293.33333333333337,2.7375821533150257
260,260,5,recov,0.06472665698311937,2.7375821533150253,293.33333333333337,2.7375821533150257
261,261,3,recov,0.06472665698311937,2.7375821533150253,293.33333333333337,2.7375821533150257
262,262,4,recov,0.06472665698311937,2.7375821533150253,293.33333333333337,2.7375821533150257
263,263,5,recov,0.06472665698311937,2.7375821533150253,293.33333333333337,2.7375821533150257
264,264,3,recov,0.06472665698311937,2.7375821533150253,293.33333333333337,2.7375821533150257
265,265,4,recov,0.06472665698311937,2.7375821533150253,293.33333333333337,2.7375821533150257
266,266,5,recov,0.06472665698311937,2.7375821533150253,293.33333333333337,2.7375821533150257
267,267,3,recov,0.06472665698311937,2.7375821533150253,293.33333333333337,2.7375821533150257
268,268,4,recov,0.06472665698311937,2.7375821533150253,293.33333333333337,2.7375821533150257
269,269,5,recov,0.06472665698311937,2.7375821533150253,293.33333333333337,2.7375821533150257
270,270,3,recov,0.06472665698311937,2.7375821533150253,293.33333333333337,2.7375821533150257
271,271,4,recov,0.06472665698311937,2.7375821533150253,293.33333333333337,2.7375821533150257
272,272,5,recov,0.06472665698311937,2.7375821533150253,293.33333333333337,2.7375821533150257
273,273,3,recov,0.06472665698311937,2.7375821533150253,293.33333333333337,2.7375821533150257
274,274,4,recov,0.06472665698311937,2.7375821533150253,293.33333333333337,2.7375821533150257
275,275,5,recov,0.06472665698311937,2.7375821533150253,293.33333333333337,2.7375821533150257
276,276,3,recov,0.06472665698311937,2.7375821533150253,293.33333333333337,2.7375821533150257
277,277,4,recov,0.06472665698311937,2.7375821533150253,293.33333333333337,2.7375821533150257
278,278,5,recov,0.06472665698311937,2.7375821533150253,293.33333333333337,2.7375821533150257
279,279,3,recov,0.06472665698311937,2.7375821533150253,293.33333333333337,2.7375821533150257
280,280,4,recov,0.06472665698311937,2.7375821533150253,293.33333333333337,2.7375821533150257
281,281,5,recov,0.06472665698311937,2.7375821533150253,293.33333333333337,2.7375821533150257
282,282,3,recov,0.06472665698311937,2.7375821533150253,293.33333333333337,2.7375821533150257
283,283,4,recov,0.06472665698311937,2.7375821533150253,293.33333333333337,2.7375821533150257
284,284,5,recov,0.06472665698311937,2.7375821533150253,293.33333333333337,2.7375821533150257
285,285,3,recov,0.06472665698311937,2.7375821533150253,293.33333333333337,2.7375821533150257
286,286,4,recov,0.06472665698311937,2.7375821533150253,293.33333333333337,2.7375821533150257
287,287,5,recov,0.06472665698311937,2.7375821533150253,293.33333333333337,2.7375821533150257
288,288,3,recov,0.06472665698311937,2.7375821533150253,293.33333333333337,2.7375821533150257
289,289,4,recov,0.06472665698311937,2.7375821533150253,293.33333333333337,2.7375821533150257
290,290,5,recov,0.06472665698311937,2.7375821533150253,293.33333333333337,2.7375821533150257
291,291,3,recov,0.06472665698311937,2.7375821533150253,293.33333333333337,2.7375821533150257
292,292,4,recov,0.06472665698311937,2.7375821533150253,293.33333333333337,2.7375821533150257
293,293,5,recov,0.06472665698311937,2.7375821533150253,293.33333333333337,2.7375821533150257
294,294,3,recov,0.06472665698311937,2.7375821533150253,293.33333333333337,2.7375821533150257
295,295,4,recov,0.06472665698311937,2.7375821533150253,293.33333333333337,2.7375821533150257
296,296,5,recov,0.06472665698311937,2.7375821533150253,293.33333333333337,2.7375821533150257
297,297,3,recov,0.06472665698311937,2.7375821533150253,293.33333333333337,2.7375821533150257
298,298,4,recov,0.06472665698311937,2.7375821533150253,293.33333333333337,2.7375821533150257
299,299,5,recov,0.06472665698311937,2.7375821533150253,293.33333333333337,2.7375821533150257
300,300,3,recov,0.06472665698311937,2.7375821533150253,293.33333333333337,2.7375821533150257
301,301,4,recov,0.06472665698311937,2.7375821533150253,293.33333333333337,2.7375821533150257
302,302,5,recov,0.06472665698311937,2.7375821533150253,293.33333333333337,2.7375821533150257
303,303,3,recov,0.06472665698311937,2.7375821533150253,293.33333333333337,2.7375821533150257
304,304,4,recov,0.06472665698311937,2.7375821533150253,293.33333333333337,2.7375821533150257
305,305,5,recov,0.06472665698311937,2.7375821533150253,293.33333333333337,2.7375821533150257
306,306,3,recov,0.06472665698311937,2.7375821533150253,293.33333333333337,2.7375821533150257
307,307,4,recov,0.06472665698311937,2.7375821533150253,293.33333333333337,2.7375821533150257
308,308,5,recov,0.06472665698311937,2.7375821533150253,293.33333333333337,2.7375821533150257
309,309,3,recov,0.06472665698311937,2.7375821533150253,293.33333333333337,2.7375821533150257
310,310,4,recov,0.06472665698311937,2.7375821533150253,293.33333333333337,2.7375821533150257
311,311,5,recov,0.06472665698311937,2.7375821533150253,293.33333333333337,2.7375821533150257
312,312,3,recov,0.06472665698311937,2.7375821533150253,293.33333333333337,2.7375821533150257
313,313,4,recov,0.06472665698311937,2.7375821533150253,293.33333333333337,2.7375821533150257
314,314,5,recov,0.06472665698311937,2.7375821533150253,293.33333333333337,2.7375821533150257
315,315,3,recov,0.06472665698311937,2.7375821533150253,293.33333333333337,2.7375821533150257
316,316,4,recov,0.06472665698311937,2.7375821533150253,293.33333333333337,2.7375821533150257
317,317,5,recov,0.06472665698311937,2.7375821533150253,293.33333333333337,2.7375821533150257
318,318,3,recov,0.06472665698311937,2.7375821533150253,293.33333333333337,2.7375821533150257
319,319,4,recov,0.06472665698311937,2.7375821533150253,293.33333333333337,2.7375821533150257
320,320,5,recov,0.06472665698311937,2.7375821533150253,293.33333333333337,2.7375821533150257
321,321,3,recov,0.06472665698311937,2.7375821533150253,293.33333333333337,2.7375821533150257
322,322,4,recov,0.06472665698311937,2.7375821533150253,293.33333333333337,2.7375821533150257
323,323,5,recov,0.06472665698311937,2.7375821533150253,293.33333333333337,2.7375821533150257
324,324,3,recov,0.06472665698311937,2.7375821533150253,293.33333333333337,2.7375821533150257
325,325,4,recov,0.06472665698311937,2.7375821533150253,293.33333333333337,2.7375821533150257
326,326,5,recov,0.06472665698311937,2.7375821533150253,293.33333333333337,2.7375821533150257
327,327,3,recov,0.06472665698311937,2.7375821533150253,293.33333333333337,2.7375821533150257
328,328,4,recov,0.06472665698311937,2.7375821533150253,293.33333333333337,2.7375821533150257
329,329,5,recov,0.06472665698311937,2.7375821533150253,293.33333333333337,2.7375821533150257
330,330,3,recov,0.06472665698311937,2.7375821533150253,293.33333333333337,2.7375821533150257
331,331,4,recov,0.06472665698311937,2.7375821533150253,293.33333333333337,2.7375821533150257
332,332,5,recov,0.06472665698311937,2.7375821533150253,293.33333333333337,2.7375821533150257
333,333,3,recov,0.06472665698311937,2.7375821533150253,293.33333333333337,2.7375821533150257
334,334,4,recov,0.06472665698311937,2.7375821533150253,293.33333333333337,2.7375821533150257
335,335,5,recov,0.06472665698311937,2.7375821533150253,293.33333333333337,2.7375821533150257
336,336,3,recov,0.06472665698311937,2.7375821533150253,293.33333333333337,2.7375821533150257
337,337,4,recov,0.06472665698311937,2.7375821533150253,293.33333333333337,2.7375821533150257
338,338,5,recov,0.06472665698311937,2.7375821533150253,293.33333333333337,2.7375821533150257
339,339,3,recov,0.06472665698311937,2.7375821533150253,293.33333333333337,2.7375821533150257
340,340,4,recov,0.06472665698311937,2.7375821533150253,293.33333333333337,2.7375821533150257
341,341,5,recov,0.06472665698311937,2.7375821533150253,293.33333333333337,2.7375821533150257
342,342,3,recov,0.06472665698311937,2.7375821533150253,293.33333333333337,2.7375821533150257
343,343,4,recov,0.06472665698311937,2.7375821533150253,293.33333333333337,2.7375821533150257
344,344,5,recov,0.06472665698311937,2.7375821533150253,293.33333333333337,2.7375821533150257
345,345,3,recov,0.06472665698311937,2.7375821533150253,293.33333333333337,2.7375821533150257
346,346,4,recov,0.06472665698311937,2.7375821533150253,293.33333333333337,2.7375821533150257
347,347,5,recov,0.06472665698311937,2.7375821533150253,293.33333333333337,2.7375821533150257
348,348,3,recov,0.06472665698311937,2.7375821533150253,293.33333333333337,2.7375821533150257
349,349,4,recov,0.06472665698311937,2.7375821533150253,293.33333333333337,2.7375821533150257
350,350,5,recov,0.06472665698311937,2.7375821533150253,293.33333333333337,2.7375821533150257
351,351,3,recov,0.06472665698311937,2.7375821533150253,293.33333333333337,2.7375821533150257
352,352,4,recov,0.06472665698311937,2.7375821533150253,293.33333333333337,2.7375821533150257
353,353,5,recov,0.06472665698311937,2.7375821533150253,293.33333333333337,2.7375821533150257
354,354,3,recov,0.06472665698311937,2.7375821533150253,293.33333333333337,2.7375821533150257
355,355,4,recov,0.06472665698311937,2.7375821533150253,293.33333333333337,2.7375821533150257
356,356,5,recov,0.06472665698311937,2.7375821533150253,293.33333333333337,2.7375821533150257
357,357,3,recov,0.06472665698311937,2.7375821533150253,293.33333333333337,2.7375821533150257
358,358,4,recov,0.06472665698311937,2.7375821533150253,293.33333333333337,2.7375821533150257
359,359,5,recov,0.06472665698311937,2.7375821533150253,293.33333333333337,2.7375821533150257
360,360,0,fam_r,6.996914360766903e-06,11.87004131169704,293.33333333333337,2.7375821533150257
361,361,1,fam_r,6.996914360766903e-06,11.87004131169704,293.33333333333337,2.7375821533150257
362,362,2,fam_r,6.996914360766903e-06,11.87004131169704,293.33333333333337,2.7375821533150257
363,363,0,fam_r,0.0629792261612629,2.7649503504399546,293.33333333333337,2.7375821533150257
364,364,1,fam_r,0.0629792261612629,2.7649503504399546,293.33333333333337,2.7375821533150257
365,365,2,fam_r,0.0629792261612629,2.7649503504399546,293.33333333333337,2.7375821533150257
366,366,0,fam_r,0.06467947635092926,2.7383113403027686,293.33333333333337,2.7375821533150257
367,367,1,fam_r,0.06467947635092926,2.7383113403027686,293.33333333333337,2.7375821533150257
368,368,2,fam_r,0.06467947635092926,2.7383113403027686,293.33333333333337,2.7375821533150257
369,369,0,fam_r,0.06472538310605025,2.737601834380975,293.33333333333337,2.7375821533150257
370,370,1,fam_r,0.06472538310605025,2.737601834380975,293.33333333333337,2.7375821533150257
371,371,2,fam_r,0.06472538310605025,2.737601834380975,293.33333333333337,2.7375821533150257
372,372,0,fam_r,0.0647266225884385,2.7375826846987183,293.33333333333337,2.7375821533150257
373,373,1,fam_r,0.0647266225884385,2.7375826846987183,293.33333333333337,2.7375821533150257
374,374,2,fam_r,0.0647266225884385,2.7375826846987183,293.33333333333337,2.7375821533150257
0,0,0,fam,0.015873015873015872,4.143134726391533,366.6666666666667,2.7375821533150257
1,1,1,fam,9.993703966501105e-06,11.513555266603538,366.6666666666667,2.7375821533150257
2,2,2,fam,7.688581687336138e-06,11.775774227434223,366.6666666666667,2.7375821533150257
3,3,0,fam,0.06472605941192124,2.737591385584765,366.6666666666667,2.7375821533150257
4,4,1,fam,0.06349329514753499,2.756820966886116,366.6666666666667,2.7375821533150257
5,5,2,fam,0.06313257068308868,2.762518466964548,366.6666666666667,2.7375821533150257
6,6,0,fam,0.06472664127268656,2.7375823960347248,366.6666666666667,2.7375821533150257
7,7,1,fam,0.06469361860858333,2.7380927128097055,366.6666666666667,2.7375821533150257
8,8,2,fam,0.06468371837895773,2.7382457570734915,366.6666666666667,2.7375821533150257
9,9,0,fam,0.06472665655923844,2.73758215986381,366.6666666666667,2.7375821533150257
10,10,1,fam,0.06472576513674527,2.7375959320664696,366.6666666666667,2.7375821533150257
11,11,2,fam,0.06472549771478524,2.7376000636902815,366.6666666666667,2.7375821533150257
12,12,0,fam,0.06472665697167482,2.737582153491839,366.6666666666667,2.7375821533150257
13,13,1,fam,0.06472663290340556,2.737582525336684,366.6666666666667,2.7375821533150257
14,14,2,fam,0.06472662568292828,2.7375826368901106,366.6666666666667,2.7375821533150257
15,15,0,fam,0.06472665698281038,2.7375821533197993,366.6666666666667,2.7375821533150257
16,16,1,fam,0.06472665633296722,2.7375821633596065,366.6666666666667,2.7375821533150257
17,17,2,fam,0.06472665613801426,2.7375821663715487,366.6666666666667,2.7375821533150257
18,18,0,fam,0.06472665698311104,2.737582153315154,366.6666666666667,2.7375821533150257
19,19,1,fam,0.06472665696556527,2.737582153586229,366.6666666666667,2.7375821533150257
20,20,2,fam,0.06472665696030154,2.7375821536675513,366.6666666666667,2.7375821533150257
21,21,0,fam,0.06472665698311916,2.737582153315029,366.6666666666667,2.7375821533150257
22,22,1,fam,0.06472665698264543,2.7375821533223474,366.6666666666667,2.7375821533150257
23,23,2,fam,0.06472665698250331,2.7375821533245435,366.6666666666667,2.7375821533150257
24,24,0,fam,0.06472665698311938,2.7375821533150253,366.6666666666667,2.7375821533150257
25,25,1,fam,0.06472665698310659,2.737582153315223,366.6666666666667,2.7375821533150257
26,26,2,fam,0.06472665698310275,2.7375821533152824,366.6666666666667,2.7375821533150257
27,27,0,fam,0.06472665698311938,2.7375821533150253,366.6666666666667,2.7375821533150257
28,28,1,fam,0.06472665698311904,2.7375821533150306,366.6666666666667,2.7375821533150257
29,29,2,fam,0.06472665698311893,2.7375821533150324,366.6666666666667,2.7375821533150257
30,30,0,fam,0.06472665698311937,2.7375821533150253,366.6666666666667,2.7375821533150257
31,31,1,fam,0.06472665698311937,2.7375821533150253,366.6666666666667,2.7375821533150257
32,32,2,fam,0.06472665698311937,2.7375821533150253,366.6666666666667,2.7375821533150257
33,33,0,fam,0.06472665698311937,2.7375821533150253,366.6666666666667,2.7375821533150257
34,34,1,fam,0.06472665698311937,2.7375821533150253,366.6666666666667,2.7375821533150257
35,35,2,fam,0.06472665698311937,2.7375821533150253,366.6666666666667,2.7375821533150257
36,36,0,fam,0.06472665698311937,2.7375821533150253,366.6666666666667,2.7375821533150257
37,37,1,fam,0.06472665698311937,2.7375821533150253,366.6666666666667,2.7375821533150257
38,38,2,fam,0.06472665698311937,2.7375821533150253,366.6666666666667,2.7375821533150257
39,39,0,fam,0.06472665698311937,2.7375821533150253,366.6666666666667,2.7375821533150257
40,40,1,fam,0.06472665698311937,2.7375821533150253,366.6666666666667,2.7375821533150257
41,41,2,fam,0.06472665698311937,2.7375821533150253,366.6666666666667,2.7375821533150257
42,42,0,fam,0.06472665698311937,2.7375821533150253,366.6666666666667,2.7375821533150257
43,43,1,fam,0.06472665698311937,2.7375821533150253,366.6666666666667,2.7375821533150257
44,44,2,fam,0.06472665698311937,2.7375821533150253,366.6666666666667,2.7375821533150257
45,45,0,fam,0.06472665698311937,2.7375821533150253,366.6666666666667,2.7375821533150257
46,46,1,fam,0.06472665698311937,2.7375821533150253,366.6666666666667,2.7375821533150257
47,47,2,fam,0.06472665698311937,2.7375821533150253,366.6666666666667,2.7375821533150257
48,48,0,fam,0.06472665698311937,2.7375821533150253,366.6666666666667,2.7375821533150257
49,49,1,fam,0.06472665698311937,2.7375821533150253,366.6666666666667,2.7375821533150257
50,50,2,fam,0.06472665698311937,2.7375821533150253,366.6666666666667,2.7375821533150257
51,51,0,fam,0.06472665698311937,2.7375821533150253,366.6666666666667,2.7375821533150257
52,52,1,fam,0.06472665698311937,2.7375821533150253,366.6666666666667,2.7375821533150257
53,53,2,fam,0.06472665698311937,2.7375821533150253,366.6666666666667,2.7375821533150257
54,54,0,fam,0.06472665698311937,2.7375821533150253,366.6666666666667,2.7375821533150257
55,55,1,fam,0.06472665698311937,2.7375821533150253,366.6666666666667,2.7375821533150257
56,56,2,fam,0.06472665698311937,2.7375821533150253,366.6666666666667,2.7375821533150257
57,57,0,fam,0.06472665698311937,2.7375821533150253,366.6666666666667,2.7375821533150257
58,58,1,fam,0.06472665698311937,2.7375821533150253,366.6666666666667,2.7375821533150257
59,59,2,fam,0.06472665698311937,2.7375821533150253,366.6666666666667,2.7375821533150257
60,60,0,fam,0.06472665698311937,2.7375821533150253,366.6666666666667,2.7375821533150257
61,61,1,fam,0.06472665698311937,2.7375821533150253,366.6666666666667,2.7375821533150257
62,62,2,fam,0.06472665698311937,2.7375821533150253,366.6666666666667,2.7375821533150257
63,63,0,fam,0.06472665698311937,2.7375821533150253,366.6666666666667,2.7375821533150257
64,64,1,fam,0.06472665698311937,2.7375821533150253,366.6666666666667,2.7375821533150257
65,65,2,fam,0.06472665698311937,2.7375821533150253,366.6666666666667,2.7375821533150257
66,66,3,recov,6.996914360766903e-06,11.87004131169704,366.6666666666667,2.7375821533150257
67,67,4,recov,6.996914360766903e-06,11.87004131169704,366.6666666666667,2.7375821533150257
68,68,5,recov,6.996914360766903e-06,11.87004131169704,366.6666666666667,2.7375821533150257
69,69,3,recov,0.0629792261612629,2.7649503504399546,366.6666666666667,2.7375821533150257
70,70,4,recov,0.0629792261612629,2.7649503504399546,366.6666666666667,2.7375821533150257
71,71,5,recov,0.0629792261612629,2.7649503504399546,366.6666666666667,2.7375821533150257
72,72,3,recov,0.06467947635092926,2.7383113403027686,366.6666666666667,2.7375821533150257
73,73,4,recov,0.06467947635092926,2.7383113403027686,366.6666666666667,2.7375821533150257
74,74,5,recov,0.06467947635092926,2.7383113403027686,366.6666666666667,2.7375821533150257
75,75,3,recov,0.06472538310605025,2.737601834380975,366.6666666666667,2.7375821533150257
76,76,4,recov,0.06472538310605025,2.737601834380975,366.6666666666667,2.7375821533150257
77,77,5,recov,0.06472538310605025,2.737601834380975,366.6666666666667,2.7375821533150257
78,78,3,recov,0.0647266225884385,2.7375826846987183,366.6666666666667,2.7375821533150257
79,79,4,recov,0.0647266225884385,2.7375826846987183,366.6666666666667,2.7375821533150257
80,80,5,recov,0.0647266225884385,2.7375826846987183,366.6666666666667,2.7375821533150257
81,81,3,recov,0.064726656054463,2.7375821676623815,366.6666666666667,2.7375821533150257
82,82,4,recov,0.064726656054463,2.7375821676623815,366.6666666666667,2.7375821533150257
83,83,5,recov,0.064726656054463,2.7375821676623815,366.6666666666667,2.7375821533150257
84,84,3,recov,0.06472665695804566,2.737582153702404,366.6666666666667,2.7375821533150257
85,85,4,recov,0.06472665695804566,2.737582153702404,366.6666666666667,2.7375821533150257
86,86,5,recov,0.06472665695804566,2.737582153702404,366.6666666666667,2.7375821533150257
87,87,3,recov,0.0647266569824424,2.7375821533254845,366.6666666666667,2.7375821533150257
88,88,4,recov,0.0647266569824424,2.7375821533254845,366.6666666666667,2.7375821533150257
89,89,5,recov,0.0647266569824424,2.7375821533254845,366.6666666666667,2.7375821533150257
90,90,3,recov,0.06472665698310111,2.7375821533153077,366.6666666666667,2.7375821533150257
91,91,4,recov,0.06472665698310111,2.7375821533153077,366.6666666666667,2.7375821533150257
92,92,5,recov,0.06472665698310111,2.7375821533153077,366.6666666666667,2.7375821533150257
93,93,3,recov,0.06472665698311889,2.737582153315033,366.6666666666667,2.7375821533150257
94,94,4,recov,0.06472665698311889,2.737582153315033,366.6666666666667,2.7375821533150257
95,95,5,recov,0.06472665698311889,2.737582153315033,366.6666666666667,2.7375821533150257
96,96,3,recov,0.06472665698311937,2.7375821533150253,366.6666666666667,2.7375821533150257
97,97,4,recov,0.06472665698311937,2.7375821533150253,366.6666666666667,2.7375821533150257
98,98,5,recov,0.06472665698311937,2.7375821533150253,366.6666666666667,2.7375821533150257
99,99,3,recov,0.06472665698311937,2.7375821533150253,366.6666666666667,2.7375821533150257
100,100,4,recov,0.06472665698311937,2.7375821533150253,366.6666666666667,2.7375821533150257
101,101,5,recov,0.06472665698311937,2.7375821533150253,366.6666666666667,2.7375821533150257
102,102,3,recov,0.06472665698311937,2.7375821533150253,366.6666666666667,2.7375821533150257
103,103,4,recov,0.06472665698311937,2.7375821533150253,366.6666666666667,2.7375821533150257
104,104,5,recov,0.06472665698311937,2.7375821533150253,366.6666666666667,2.7375821533150257
105,105,3,recov,0.06472665698311937,2.7375821533150253,366.6666666666667,2.7375821533150257
106,106,4,recov,0.06472665698311937,2.7375821533150253,366.6666666666667,2.7375821533150257
107,107,5,recov,0.06472665698311937,2.7375821533150253,366.6666666666667,2.7375821533150257
108,108,3,recov,0.06472665698311937,2.7375821533150253,366.6666666666667,2.7375821533150257
109,109,4,recov,0.06472665698311937,2.7375821533150253,366.6666666666667,2.7375821533150257
110,110,5,recov,0.06472665698311937,2.7375821533150253,366.6666666666667,2.7375821533150257
111,111,3,recov,0.06472665698311937,2.7375821533150253,366.6666666666667,2.7375821533150257
112,112,4,recov,0.06472665698311937,2.7375821533150253,366.6666666666667,2.7375821533150257
113,113,5,recov,0.06472665698311937,2.7375821533150253,366.6666666666667,2.7375821533150257
114,114,3,recov,0.06472665698311937,2.7375821533150253,366.6666666666667,2.7375821533150257
115,115,4,recov,0.06472665698311937,2.7375821533150253,366.6666666666667,2.7375821533150257
116,116,5,recov,0.06472665698311937,2.7375821533150253,366.6666666666667,2.7375821533150257
117,117,3,recov,0.06472665698311937,2.7375821533150253,366.6666666666667,2.7375821533150257
118,118,4,recov,0.06472665698311937,2.7375821533150253,366.6666666666667,2.7375821533150257
119,119,5,recov,0.06472665698311937,2.7375821533150253,366.6666666666667,2.7375821533150257
120,120,3,recov,0.06472665698311937,2.7375821533150253,366.6666666666667,2.7375821533150257
121,121,4,recov,0.06472665698311937,2.7375821533150253,366.6666666666667,2.7375821533150257
122,122,5,recov,0.06472665698311937,2.7375821533150253,366.6666666666667,2.7375821533150257
123,123,3,recov,0.06472665698311937,2.7375821533150253,366.6666666666667,2.7375821533150257
124,124,4,recov,0.06472665698311937,2.7375821533150253,366.6666666666667,2.7375821533150257
125,125,5,recov,0.06472665698311937,2.7375821533150253,366.6666666666667,2.7375821533150257
126,126,3,recov,0.06472665698311937,2.7375821533150253,366.6666666666667,2.7375821533150257
127,127,4,recov,0.06472665698311937,2.7375821533150253,366.6666666666667,2.7375821533150257
128,128,5,recov,0.06472665698311937,2.7375821533150253,366.6666666666667,2.7375821533150257
129,129,3,recov,0.06472665698311937,2.7375821533150253,366.6666666666667,2.7375821533150257
130,130,4,recov,0.06472665698311937,2.7375821533150253,366.6666666666667,2.7375821533150257
131,131,5,recov,0.06472665698311937,2.7375821533150253,366.6666666666667,2.7375821533150257
132,132,3,recov,0.06472665698311937,2.7375821533150253,366.6666666666667,2.7375821533150257
133,133,4,recov,0.06472665698311937,2.7375821533150253,366.6666666666667,2.7375821533150257
134,134,5,recov,0.06472665698311937,2.7375821533150253,366.6666666666667,2.7375821533150257
135,135,3,recov,0.06472665698311937,2.7375821533150253,366.6666666666667,2.7375821533150257
136,136,4,recov,0.06472665698311937,2.7375821533150253,366.6666666666667,2.7375821533150257
137,137,5,recov,0.06472665698311937,2.7375821533150253,366.6666666666667,2.7375821533150257
138,138,3,recov,0.06472665698311937,2.7375821533150253,366.6666666666667,2.7375821533150257
139,139,4,recov,0.06472665698311937,2.7375821533150253,366.6666666666667,2.7375821533150257
140,140,5,recov,0.06472665698311937,2.7375821533150253,366.6666666666667,2.7375821533150257
141,141,3,recov,0.06472665698311937,2.7375821533150253,366.6666666666667,2.7375821533150257
142,142,4,recov,0.06472665698311937,2.7375821533150253,366.6666666666667,2.7375821533150257
143,143,5,recov,0.06472665698311937,2.7375821533150253,366.6666666666667,2.7375821533150257
144,144,3,recov,0.06472665698311937,2.7375821533150253,366.6666666666667,2.7375821533150257
145,145,4,recov,0.06472665698311937,2.7375821533150253,366.6666666666667,2.7375821533150257
146,146,5,recov,0.06472665698311937,2.7375821533150253,366.6666666666667,2.7375821533150257
147,147,3,recov,0.06472665698311937,2.7375821533150253,366.6666666666667,2.7375821533150257
148,148,4,recov,0.06472665698311937,2.7375821533150253,366.6666666666667,2.7375821533150257
149,149,5,recov,0.06472665698311937,2.7375821533150253,366.6666666666667,2.7375821533150257
150,150,3,recov,0.06472665698311937,2.7375821533150253,366.6666666666667,2.7375821533150257
151,151,4,recov,0.06472665698311937,2.7375821533150253,366.6666666666667,2.7375821533150257
152,152,5,recov,0.06472665698311937,2.7375821533150253,366.6666666666667,2.7375821533150257
153,153,3,recov,0.06472665698311937,2.7375821533150253,366.6666666666667,2.7375821533150257
154,154,4,recov,0.06472665698311937,2.7375821533150253,366.6666666666667,2.7375821533150257
155,155,5,recov,0.06472665698311937,2.7375821533150253,366.6666666666667,2.7375821533150257
156,156,3,recov,0.06472665698311937,2.7375821533150253,366.6666666666667,2.7375821533150257
157,157,4,recov,0.06472665698311937,2.7375821533150253,366.6666666666667,2.7375821533150257
158,158,5,recov,0.06472665698311937,2.7375821533150253,366.6666666666667,2.7375821533150257
159,159,3,recov,0.06472665698311937,2.7375821533150253,366.6666666666667,2.7375821533150257
160,160,4,recov,0.06472665698311937,2.7375821533150253,366.6666666666667,2.7375821533150257
161,161,5,recov,0.06472665698311937,2.7375821533150253,366.6666666666667,2.7375821533150257
162,162,3,recov,0.06472665698311937,2.7375821533150253,366.6666666666667,2.7375821533150257
163,163,4,recov,0.06472665698311937,2.7375821533150253,366.6666666666667,2.7375821533150257
164,164,5,recov,0.06472665698311937,2.7375821533150253,366.6666666666667,2.7375821533150257
165,165,3,recov,0.06472665698311937,2.7375821533150253,366.6666666666667,2.7375821533150257
166,166,4,recov,0.06472665698311937,2.7375821533150253,366.6666666666667,2.7375821533150257
167,167,5,recov,0.06472665698311937,2.7375821533150253,366.6666666666667,2.7375821533150257
168,168,3,recov,0.06472665698311937,2.7375821533150253,366.6666666666667,2.7375821533150257
169,169,4,recov,0.06472665698311937,2.7375821533150253,366.6666666666667,2.7375821533150257
170,170,5,recov,0.06472665698311937,2.7375821533150253,366.6666666666667,2.7375821533150257
171,171,3,recov,0.06472665698311937,2.7375821533150253,366.6666666666667,2.7375821533150257
172,172,4,recov,0.06472665698311937,2.7375821533150253,366.6666666666667,2.7375821533150257
173,173,5,recov,0.06472665698311937,2.7375821533150253,366.6666666666667,2.7375821533150257
174,174,3,recov,0.06472665698311937,2.7375821533150253,366.6666666666667,2.7375821533150257
175,175,4,recov,0.06472665698311937,2.7375821533150253,366.6666666666667,2.7375821533150257
176,176,5,recov,0.06472665698311937,2.7375821533150253,366.6666666666667,2.7375821533150257
177,177,3,recov,0.06472665698311937,2.7375821533150253,366.6666666666667,2.7375821533150257
178,178,4,recov,0.06472665698311937,2.7375821533150253,366.6666666666667,2.7375821533150257
179,179,5,recov,0.06472665698311937,2.7375821533150253,366.6666666666667,2.7375821533150257
180,180,3,recov,0.06472665698311937,2.7375821533150253,366.6666666666667,2.7375821533150257
181,181,4,recov,0.06472665698311937,2.7375821533150253,366.6666666666667,2.7375821533150257
182,182,5,recov,0.06472665698311937,2.7375821533150253,366.6666666666667,2.7375821533150257
183,183,3,recov,0.06472665698311937,2.7375821533150253,366.6666666666667,2.7375821533150257
184,184,4,recov,0.06472665698311937,2.7375821533150253,366.6666666666667,2.7375821533150257
185,185,5,recov,0.06472665698311937,2.7375821533150253,366.6666666666667,2.7375821533150257
186,186,3,recov,0.06472665698311937,2.7375821533150253,366.6666666666667,2.7375821533150257
187,187,4,recov,0.06472665698311937,2.7375821533150253,366.6666666666667,2.7375821533150257
188,188,5,recov,0.06472665698311937,2.7375821533150253,366.6666666666667,2.7375821533150257
189,189,3,recov,0.06472665698311937,2.7375821533150253,366.6666666666667,2.7375821533150257
190,190,4,recov,0.06472665698311937,2.7375821533150253,366.6666666666667,2.7375821533150257
191,191,5,recov,0.06472665698311937,2.7375821533150253,366.6666666666667,2.7375821533150257
192,192,3,recov,0.06472665698311937,2.7375821533150253,366.6666666666667,2.7375821533150257
193,193,4,recov,0.06472665698311937,2.7375821533150253,366.6666666666667,2.7375821533150257
194,194,5,recov,0.06472665698311937,2.7375821533150253,366.6666666666667,2.7375821533150257
195,195,3,recov,0.06472665698311937,2.7375821533150253,366.6666666666667,2.7375821533150257
196,196,4,recov,0.06472665698311937,2.7375821533150253,366.6666666666667,2.7375821533150257
197,197,5,recov,0.06472665698311937,2.7375821533150253,366.6666666666667,2.7375821533150257
198,198,3,recov,0.06472665698311937,2.7375821533150253,366.6666666666667,2.7375821533150257
199,199,4,recov,0.06472665698311937,2.7375821533150253,366.6666666666667,2.7375821533150257
200,200,5,recov,0.06472665698311937,2.7375821533150253,366.6666666666667,2.7375821533150257
201,201,3,recov,0.06472665698311937,2.7375821533150253,366.6666666666667,2.7375821533150257
202,202,4,recov,0.06472665698311937,2.7375821533150253,366.6666666666667,2.7375821533150257
203,203,5,recov,0.06472665698311937,2.7375821533150253,366.6666666666667,2.7375821533150257
204,204,3,recov,0.06472665698311937,2.7375821533150253,366.6666666666667,2.7375821533150257
205,205,4,recov,0.06472665698311937,2.7375821533150253,366.6666666666667,2.7375821533150257
206,206,5,recov,0.06472665698311937,2.7375821533150253,366.6666666666667,2.7375821533150257
207,207,3,recov,0.06472665698311937,2.7375821533150253,366.6666666666667,2.7375821533150257
208,208,4,recov,0.06472665698311937,2.7375821533150253,366.6666666666667,2.7375821533150257
209,209,5,recov,0.06472665698311937,2.7375821533150253,366.6666666666667,2.7375821533150257
210,210,3,recov,0.06472665698311937,2.7375821533150253,366.6666666666667,2.7375821533150257
211,211,4,recov,0.06472665698311937,2.7375821533150253,366.6666666666667,2.7375821533150257
212,212,5,recov,0.06472665698311937,2.7375821533150253,366.6666666666667,2.7375821533150257
213,213,3,recov,0.06472665698311937,2.7375821533150253,366.6666666666667,2.7375821533150257
214,214,4,recov,0.06472665698311937,2.7375821533150253,366.6666666666667,2.7375821533150257
215,215,5,recov,0.06472665698311937,2.7375821533150253,366.6666666666667,2.7375821533150257
216,216,3,recov,0.06472665698311937,2.7375821533150253,366.6666666666667,2.7375821533150257
217,217,4,recov,0.06472665698311937,2.7375821533150253,366.6666666666667,2.7375821533150257
218,218,5,recov,0.06472665698311937,2.7375821533150253,366.6666666666667,2.7375821533150257
219,219,3,recov,0.06472665698311937,2.7375821533150253,366.6666666666667,2.7375821533150257
220,220,4,recov,0.06472665698311937,2.7375821533150253,366.6666666666667,2.7375821533150257
221,221,5,recov,0.06472665698311937,2.7375821533150253,366.6666666666667,2.7375821533150257
222,222,3,recov,0.06472665698311937,2.7375821533150253,366.6666666666667,2.7375821533150257
223,223,4,recov,0.06472665698311937,2.7375821533150253,366.6666666666667,2.7375821533150257
224,224,5,recov,0.06472665698311937,2.7375821533150253,366.6666666666667,2.7375821533150257
225,225,3,recov,0.06472665698311937,2.7375821533150253,366.6666666666667,2.7375821533150257
226,226,4,recov,0.06472665698311937,2.7375821533150253,366.6666666666667,2.7375821533150257
227,227,5,recov,0.06472665698311937,2.7375821533150253,366.6666666666667,2.7375821533150257
228,228,3,recov,0.06472665698311937,2.7375821533150253,366.6666666666667,2.7375821533150257
229,229,4,recov,0.06472665698311937,2.7375821533150253,366.6666666666667,2.7375821533150257
230,230,5,recov,0.06472665698311937,2.7375821533150253,366.6666666666667,2.7375821533150257
231,231,3,recov,0.06472665698311937,2.7375821533150253,366.6666666666667,2.7375821533150257
232,232,4,recov,0.06472665698311937,2.7375821533150253,366.6666666666667,2.7375821533150257
233,233,5,recov,0.06472665698311937,2.7375821533150253,366.6666666666667,2.7375821533150257
234,234,3,recov,0.06472665698311937,2.7375821533150253,366.6666666666667,2.7375821533150257
235,235,4,recov,0.06472665698311937,2.7375821533150253,366.6666666666667,2.7375821533150257
236,236,5,recov,0.06472665698311937,2.7375821533150253,366.6666666666667,2.7375821533150257
237,237,3,recov,0.06472665698311937,2.7375821533150253,366.6666666666667,2.7375821533150257
238,238,4,recov,0.06472665698311937,2.7375821533150253,366.6666666666667,2.7375821533150257
239,239,5,recov,0.06472665698311937,2.7375821533150253,366.6666666666667,2.7375821533150257
240,240,3,recov,0.06472665698311937,2.7375821533150253,366.6666666666667,2.7375821533150257
241,241,4,recov,0.06472665698311937,2.7375821533150253,366.6666666666667,2.7375821533150257
242,242,5,recov,0.06472665698311937,2.7375821533150253,366.6666666666667,2.7375821533150257
243,243,3,recov,0.06472665698311937,2.7375821533150253,366.6666666666667,2.7375821533150257
244,244,4,recov,0.06472665698311937,2.7375821533150253,366.6666666666667,2.7375821533150257
245,245,5,recov,0.06472665698311937,2.7375821533150253,366.6666666666667,2.7375821533150257
246,246,3,recov,0.06472665698311937,2.7375821533150253,366.6666666666667,2.7375821533150257
247,247,4,recov,0.06472665698311937,2.7375821533150253,366.6666666666667,2.7375821533150257
248,248,5,recov,0.06472665698311937,2.7375821533150253,366.6666666666667,2.7375821533150257
249,249,3,recov,0.06472665698311937,2.7375821533150253,366.6666666666667,2.7375821533150257
250,250,4,recov,0.06472665698311937,2.7375821533150253,366.6666666666667,2.7375821533150257
251,251,5,recov,0.06472665698311937,2.7375821533150253,366.6666666666667,2.7375821533150257
252,252,3,recov,0.06472665698311937,2.7375821533150253,366.6666666666667,2.7375821533150257
253,253,4,recov,0.06472665698311937,2.7375821533150253,366.6666666666667,2.7375821533150257
254,254,5,recov,0.06472665698311937,2.7375821533150253,366.6666666666667,2.7375821533150257
255,255,3,recov,0.06472665698311937,2.7375821533150253,366.6666666666667,2.7375821533150257
256,256,4,recov,0.06472665698311937,2.7375821533150253,366.6666666666667,2.7375821533150257
257,257,5,recov,0.06472665698311937,2.7375821533150253,366.6666666666667,2.7375821533150257
258,258,3,recov,0.06472665698311937,2.7375821533150253,366.6666666666667,2.7375821533150257
259,259,4,recov,0.06472665698311937,2.7375821533150253,366.6666666666667,2.7375821533150257
260,260,5,recov,0.06472665698311937,2.7375821533150253,366.6666666666667,2.7375821533150257
261,261,3,recov,0.06472665698311937,2.7375821533150253,366.6666666666667,2.7375821533150257
262,262,4,recov,0.06472665698311937,2.7375821533150253,366.6666666666667,2.7375821533150257
263,263,5,recov,0.06472665698311937,2.7375821533150253,366.6666666666667,2.7375821533150257
264,264,3,recov,0.06472665698311937,2.7375821533150253,366.6666666666667,2.7375821533150257
265,265,4,recov,0.06472665698311937,2.7375821533150253,366.6666666666667,2.7375821533150257
266,266,5,recov,0.06472665698311937,2.7375821533150253,366.6666666666667,2.7375821533150257
267,267,3,recov,0.06472665698311937,2.7375821533150253,366.6666666666667,2.7375821533150257
268,268,4,recov,0.06472665698311937,2.7375821533150253,366.6666666666667,2.7375821533150257
269,269,5,recov,0.06472665698311937,2.7375821533150253,366.6666666666667,2.7375821533150257
270,270,3,recov,0.06472665698311937,2.7375821533150253,366.6666666666667,2.7375821533150257
271,271,4,recov,0.06472665698311937,2.7375821533150253,366.6666666666667,2.7375821533150257
272,272,5,recov,0.06472665698311937,2.7375821533150253,366.6666666666667,2.7375821533150257
273,273,3,recov,0.06472665698311937,2.7375821533150253,366.6666666666667,2.7375821533150257
274,274,4,recov,0.06472665698311937,2.7375821533150253,366.6666666666667,2.7375821533150257
275,275,5,recov,0.06472665698311937,2.7375821533150253,366.6666666666667,2.7375821533150257
276,276,3,recov,0.06472665698311937,2.7375821533150253,366.6666666666667,2.7375821533150257
277,277,4,recov,0.06472665698311937,2.7375821533150253,366.6666666666667,2.7375821533150257
278,278,5,recov,0.06472665698311937,2.7375821533150253,366.6666666666667,2.7375821533150257
279,279,3,recov,0.06472665698311937,2.7375821533150253,366.6666666666667,2.7375821533150257
280,280,4,recov,0.06472665698311937,2.7375821533150253,366.6666666666667,2.7375821533150257
281,281,5,recov,0.06472665698311937,2.7375821533150253,366.6666666666667,2.7375821533150257
282,282,3,recov,0.06472665698311937,2.7375821533150253,366.6666666666667,2.7375821533150257
283,283,4,recov,0.06472665698311937,2.7375821533150253,366.6666666666667,2.7375821533150257
284,284,5,recov,0.06472665698311937,2.7375821533150253,366.6666666666667,2.7375821533150257
285,285,3,recov,0.06472665698311937,2.7375821533150253,366.6666666666667,2.7375821533150257
286,286,4,recov,0.06472665698311937,2.7375821533150253,366.6666666666667,2.7375821533150257
287,287,5,recov,0.06472665698311937,2.7375821533150253,366.6666666666667,2.7375821533150257
288,288,3,recov,0.06472665698311937,2.7375821533150253,366.6666666666667,2.7375821533150257
289,289,4,recov,0.06472665698311937,2.7375821533150253,366.6666666666667,2.7375821533150257
290,290,5,recov,0.06472665698311937,2.7375821533150253,366.6666666666667,2.7375821533150257
291,291,3,recov,0.06472665698311937,2.7375821533150253,366.6666666666667,2.7375821533150257
292,292,4,recov,0.06472665698311937,2.7375821533150253,366.6666666666667,2.7375821533150257
293,293,5,recov,0.06472665698311937,2.7375821533150253,366.6666666666667,2.7375821533150257
294,294,3,recov,0.06472665698311937,2.7375821533150253,366.6666666666667,2.7375821533150257
295,295,4,recov,0.06472665698311937,2.7375821533150253,366.6666666666667,2.7375821533150257
296,296,5,recov,0.06472665698311937,2.7375821533150253,366.6666666666667,2.7375821533150257
297,297,3,recov,0.06472665698311937,2.7375821533150253,366.6666666666667,2.7375821533150257
298,298,4,recov,0.06472665698311937,2.7375821533150253,366.6666666666667,2.7375821533150257
299,299,5,recov,0.06472665698311937,2.7375821533150253,366.6666666666667,2.7375821533150257
300,300,3,recov,0.06472665698311937,2.7375821533150253,366.6666666666667,2.7375821533150257
301,301,4,recov,0.06472665698311937,2.7375821533150253,366.6666666666667,2.7375821533150257
302,302,5,recov,0.06472665698311937,2.7375821533150253,366.6666666666667,2.7375821533150257
303,303,3,recov,0.06472665698311937,2.7375821533150253,366.6666666666667,2.7375821533150257
304,304,4,recov,0.06472665698311937,2.7375821533150253,366.6666666666667,2.7375821533150257
305,305,5,recov,0.06472665698311937,2.7375821533150253,366.6666666666667,2.7375821533150257
306,306,3,recov,0.06472665698311937,2.7375821533150253,366.6666666666667,2.7375821533150257
307,307,4,recov,0.06472665698311937,2.7375821533150253,366.6666666666667,2.7375821533150257
308,308,5,recov,0.06472665698311937,2.7375821533150253,366.6666666666667,2.7375821533150257
309,309,3,recov,0.06472665698311937,2.7375821533150253,366.6666666666667,2.7375821533150257
310,310,4,recov,0.06472665698311937,2.7375821533150253,366.6666666666667,2.7375821533150257
311,311,5,recov,0.06472665698311937,2.7375821533150253,366.6666666666667,2.7375821533150257
312,312,3,recov,0.06472665698311937,2.7375821533150253,366.6666666666667,2.7375821533150257
313,313,4,recov,0.06472665698311937,2.7375821533150253,366.6666666666667,2.7375821533150257
314,314,5,recov,0.06472665698311937,2.7375821533150253,366.6666666666667,2.7375821533150257
315,315,3,recov,0.06472665698311937,2.7375821533150253,366.6666666666667,2.7375821533150257
316,316,4,recov,0.06472665698311937,2.7375821533150253,366.6666666666667,2.7375821533150257
317,317,5,recov,0.06472665698311937,2.7375821533150253,366.6666666666667,2.7375821533150257
318,318,3,recov,0.06472665698311937,2.7375821533150253,366.6666666666667,2.7375821533150257
319,319,4,recov,0.06472665698311937,2.7375821533150253,366.6666666666667,2.7375821533150257
320,320,5,recov,0.06472665698311937,2.7375821533150253,366.6666666666667,2.7375821533150257
321,321,3,recov,0.06472665698311937,2.7375821533150253,366.6666666666667,2.7375821533150257
322,322,4,recov,0.06472665698311937,2.7375821533150253,366.6666666666667,2.7375821533150257
323,323,5,recov,0.06472665698311937,2.7375821533150253,366.6666666666667,2.7375821533150257
324,324,3,recov,0.06472665698311937,2.7375821533150253,366.6666666666667,2.7375821533150257
325,325,4,recov,0.06472665698311937,2.7375821533150253,366.6666666666667,2.7375821533150257
326,326,5,recov,0.06472665698311937,2.7375821533150253,366.6666666666667,2.7375821533150257
327,327,3,recov,0.06472665698311937,2.7375821533150253,366.6666666666667,2.7375821533150257
328,328,4,recov,0.06472665698311937,2.7375821533150253,366.6666666666667,2.7375821533150257
329,329,5,recov,0.06472665698311937,2.7375821533150253,366.6666666666667,2.7375821533150257
330,330,3,recov,0.06472665698311937,2.7375821533150253,366.6666666666667,2.7375821533150257
331,331,4,recov,0.06472665698311937,2.7375821533150253,366.6666666666667,2.7375821533150257
332,332,5,recov,0.06472665698311937,2.7375821533150253,366.6666666666667,2.7375821533150257
333,333,3,recov,0.06472665698311937,2.7375821533150253,366.6666666666667,2.7375821533150257
334,334,4,recov,0.06472665698311937,2.7375821533150253,366.6666666666667,2.7375821533150257
335,335,5,recov,0.06472665698311937,2.7375821533150253,366.6666666666667,2.7375821533150257
336,336,3,recov,0.06472665698311937,2.7375821533150253,366.6666666666667,2.7375821533150257
337,337,4,recov,0.06472665698311937,2.7375821533150253,366.6666666666667,2.7375821533150257
338,338,5,recov,0.06472665698311937,2.7375821533150253,366.6666666666667,2.7375821533150257
339,339,3,recov,0.06472665698311937,2.7375821533150253,366.6666666666667,2.7375821533150257
340,340,4,recov,0.06472665698311937,2.7375821533150253,366.6666666666667,2.7375821533150257
341,341,5,recov,0.06472665698311937,2.7375821533150253,366.6666666666667,2.7375821533150257
342,342,3,recov,0.06472665698311937,2.7375821533150253,366.6666666666667,2.7375821533150257
343,343,4,recov,0.06472665698311937,2.7375821533150253,366.6666666666667,2.7375821533150257
344,344,5,recov,0.06472665698311937,2.7375821533150253,366.6666666666667,2.7375821533150257
345,345,3,recov,0.06472665698311937,2.7375821533150253,366.6666666666667,2.7375821533150257
346,346,4,recov,0.06472665698311937,2.7375821533150253,366.6666666666667,2.7375821533150257
347,347,5,recov,0.06472665698311937,2.7375821533150253,366.6666666666667,2.7375821533150257
348,348,3,recov,0.06472665698311937,2.7375821533150253,366.6666666666667,2.7375821533150257
349,349,4,recov,0.06472665698311937,2.7375821533150253,366.6666666666667,2.7375821533150257
350,350,5,recov,0.06472665698311937,2.7375821533150253,366.6666666666667,2.7375821533150257
351,351,3,recov,0.06472665698311937,2.7375821533150253,366.6666666666667,2.7375821533150257
352,352,4,recov,0.06472665698311937,2.7375821533150253,366.6666666666667,2.7375821533150257
353,353,5,recov,0.06472665698311937,2.7375821533150253,366.6666666666667,2.7375821533150257
354,354,3,recov,0.06472665698311937,2.7375821533150253,366.6666666666667,2.7375821533150257
355,355,4,recov,0.06472665698311937,2.7375821533150253,366.6666666666667,2.7375821533150257
356,356,5,recov,0.06472665698311937,2.7375821533150253,366.6666666666667,2.7375821533150257
357,357,3,recov,0.06472665698311937,2.7375821533150253,366.6666666666667,2.7375821533150257
358,358,4,recov,0.06472665698311937,2.7375821533150253,366.6666666666667,2.7375821533150257
359,359,5,recov,0.06472665698311937,2.7375821533150253,366.6666666666667,2.7375821533150257
360,360,3,recov,0.06472665698311937,2.7375821533150253,366.6666666666667,2.7375821533150257
361,361,4,recov,0.06472665698311937,2.7375821533150253,366.6666666666667,2.7375821533150257
362,362,5,recov,0.06472665698311937,2.7375821533150253,366.6666666666667,2.7375821533150257
363,363,3,recov,0.06472665698311937,2.7375821533150253,366.6666666666667,2.7375821533150257
364,364,4,recov,0.06472665698311937,2.7375821533150253,366.6666666666667,2.7375821533150257
365,365,5,recov,0.06472665698311937,2.7375821533150253,366.6666666666667,2.7375821533150257
366,366,3,recov,0.06472665698311937,2.7375821533150253,366.6666666666667,2.7375821533150257
367,367,4,recov,0.06472665698311937,2.7375821533150253,366.6666666666667,2.7375821533150257
368,368,5,recov,0.06472665698311937,2.7375821533150253,366.6666666666667,2.7375821533150257
369,369,3,recov,0.06472665698311937,2.7375821533150253,366.6666666666667,2.7375821533150257
370,370,4,recov,0.06472665698311937,2.7375821533150253,366.6666666666667,2.7375821533150257
371,371,5,recov,0.06472665698311937,2.7375821533150253,366.6666666666667,2.7375821533150257
372,372,3,recov,0.06472665698311937,2.7375821533150253,366.6666666666667,2.7375821533150257
373,373,4,recov,0.06472665698311937,2.7375821533150253,366.6666666666667,2.7375821533150257
374,374,5,recov,0.06472665698311937,2.7375821533150253,366.6666666666667,2.7375821533150257
375,375,3,recov,0.06472665698311937,2.7375821533150253,366.6666666666667,2.7375821533150257
376,376,4,recov,0.06472665698311937,2.7375821533150253,366.6666666666667,2.7375821533150257
377,377,5,recov,0.06472665698311937,2.7375821533150253,366.6666666666667,2.7375821533150257
378,378,3,recov,0.06472665698311937,2.7375821533150253,366.6666666666667,2.7375821533150257
379,379,4,recov,0.06472665698311937,2.7375821533150253,366.6666666666667,2.7375821533150257
380,380,5,recov,0.06472665698311937,2.7375821533150253,366.6666666666667,2.7375821533150257
381,381,3,recov,0.06472665698311937,2.7375821533150253,366.6666666666667,2.7375821533150257
382,382,4,recov,0.06472665698311937,2.7375821533150253,366.6666666666667,2.7375821533150257
383,383,5,recov,0.06472665698311937,2.7375821533150253,366.6666666666667,2.7375821533150257
384,384,3,recov,0.06472665698311937,2.7375821533150253,366.6666666666667,2.7375821533150257
385,385,4,recov,0.06472665698311937,2.7375821533150253,366.6666666666667,2.7375821533150257
386,386,5,recov,0.06472665698311937,2.7375821533150253,366.6666666666667,2.7375821533150257
387,387,3,recov,0.06472665698311937,2.7375821533150253,366.6666666666667,2.7375821533150257
388,388,4,recov,0.06472665698311937,2.7375821533150253,366.6666666666667,2.7375821533150257
389,389,5,recov,0.06472665698311937,2.7375821533150253,366.6666666666667,2.7375821533150257
390,390,3,recov,0.06472665698311937,2.7375821533150253,366.6666666666667,2.7375821533150257
391,391,4,recov,0.06472665698311937,2.7375821533150253,366.6666666666667,2.7375821533150257
392,392,5,recov,0.06472665698311937,2.7375821533150253,366.6666666666667,2.7375821533150257
393,393,3,recov,0.06472665698311937,2.7375821533150253,366.6666666666667,2.7375821533150257
394,394,4,recov,0.06472665698311937,2.7375821533150253,366.6666666666667,2.7375821533150257
395,395,5,recov,0.06472665698311937,2.7375821533150253,366.6666666666667,2.7375821533150257
396,396,3,recov,0.06472665698311937,2.7375821533150253,366.6666666666667,2.7375821533150257
397,397,4,recov,0.06472665698311937,2.7375821533150253,366.6666666666667,2.7375821533150257
398,398,5,recov,0.06472665698311937,2.7375821533150253,366.6666666666667,2.7375821533150257
399,399,3,recov,0.06472665698311937,2.7375821533150253,366.6666666666667,2.7375821533150257
400,400,4,recov,0.06472665698311937,2.7375821533150253,366.6666666666667,2.7375821533150257
401,401,5,recov,0.06472665698311937,2.7375821533150253,366.6666666666667,2.7375821533150257
402,402,3,recov,0.06472665698311937,2.7375821533150253,366.6666666666667,2.7375821533150257
403,403,4,recov,0.06472665698311937,2.7375821533150253,366.6666666666667,2.7375821533150257
404,404,5,recov,0.06472665698311937,2.7375821533150253,366.6666666666667,2.7375821533150257
405,405,3,recov,0.06472665698311937,2.7375821533150253,366.6666666666667,2.7375821533150257
406,406,4,recov,0.06472665698311937,2.7375821533150253,366.6666666666667,2.7375821533150257
407,407,5,recov,0.06472665698311937,2.7375821533150253,366.6666666666667,2.7375821533150257
408,408,3,recov,0.06472665698311937,2.7375821533150253,366.6666666666667,2.7375821533150257
409,409,4,recov,0.06472665698311937,2.7375821533150253,366.6666666666667,2.7375821533150257
410,410,5,recov,0.06472665698311937,2.7375821533150253,366.6666666666667,2.7375821533150257
411,411,3,recov,0.06472665698311937,2.7375821533150253,366.6666666666667,2.7375821533150257
412,412,4,recov,0.06472665698311937,2.7375821533150253,366.6666666666667,2.7375821533150257
413,413,5,recov,0.06472665698311937,2.7375821533150253,366.6666666666667,2.7375821533150257
414,414,3,recov,0.06472665698311937,2.7375821533150253,366.6666666666667,2.7375821533150257
415,415,4,recov,0.06472665698311937,2.7375821533150253,366.6666666666667,2.7375821533150257
416,416,5,recov,0.06472665698311937,2.7375821533150253,366.6666666666667,2.7375821533150257
417,417,3,recov,0.06472665698311937,2.7375821533150253,366.6666666666667,2.7375821533150257
418,418,4,recov,0.06472665698311937,2.7375821533150253,366.6666666666667,2.7375821533150257
419,419,5,recov,0.06472665698311937,2.7375821533150253,366.6666666666667,2.7375821533150257
420,420,3,recov,0.06472665698311937,2.7375821533150253,366.6666666666667,2.7375821533150257
421,421,4,recov,0.06472665698311937,2.7375821533150253,366.6666666666667,2.7375821533150257
422,422,5,recov,0.06472665698311937,2.7375821533150253,366.6666666666667,2.7375821533150257
423,423,3,recov,0.06472665698311937,2.7375821533150253,366.6666666666667,2.7375821533150257
424,424,4,recov,0.06472665698311937,2.7375821533150253,366.6666666666667,2.7375821533150257
425,425,5,recov,0.06472665698311937,2.7375821533150253,366.6666666666667,2.7375821533150257
426,426,3,recov,0.06472665698311937,2.7375821533150253,366.6666666666667,2.7375821533150257
427,427,4,recov,0.06472665698311937,2.7375821533150253,366.6666666666667,2.7375821533150257
428,428,5,recov,0.06472665698311937,2.7375821533150253,366.6666666666667,2.7375821533150257
429,429,3,recov,0.06472665698311937,2.7375821533150253,366.6666666666667,2.7375821533150257
430,430,4,recov,0.06472665698311937,2.7375821533150253,366.6666666666667,2.7375821533150257
431,431,5,recov,0.06472665698311937,2.7375821533150253,366.6666666666667,2.7375821533150257
432,432,0,fam_r,6.996914360766903e-06,11.87004131169704,366.6666666666667,2.7375821533150257
433,433,1,fam_r,6.996914360766903e-06,11.87004131169704,366.6666666666667,2.7375821533150257
434,434,2,fam_r,6.996914360766903e-06,11.87004131169704,366.6666666666667,2.7375821533150257
435,435,0,fam_r,0.0629792261612629,2.7649503504399546,366.6666666666667,2.7375821533150257
436,436,1,fam_r,0.0629792261612629,2.7649503504399546,366.6666666666667,2.7375821533150257
437,437,2,fam_r,0.0629792261612629,2.7649503504399546,366.6666666666667,2.7375821533150257
438,438,0,fam_r,0.06467947635092926,2.7383113403027686,366.6666666666667,2.7375821533150257
439,439,1,fam_r,0.06467947635092926,2.7383113403027686,366.6666666666667,2.7375821533150257
440,440,2,fam_r,0.06467947635092926,2.7383113403027686,366.6666666666667,2.7375821533150257
441,441,0,fam_r,0.06472538310605025,2.737601834380975,366.6666666666667,2.7375821533150257
442,442,1,fam_r,0.06472538310605025,2.737601834380975,366.6666666666667,2.7375821533150257
443,443,2,fam_r,0.06472538310605025,2.737601834380975,366.6666666666667,2.7375821533150257
444,444,0,fam_r,0.0647266225884385,2.7375826846987183,366.6666666666667,2.7375821533150257
445,445,1,fam_r,0.0647266225884385,2.7375826846987183,366.6666666666667,2.7375821533150257
446,446,2,fam_r,0.0647266225884385,2.7375826846987183,366.6666666666667,2.7375821533150257
0,0,0,fam,0.015873015873015872,4.143134726391533,476.6666666666667,2.7375821533150257
1,1,1,fam,9.993703966501105e-06,11.513555266603538,476.6666666666667,2.7375821533150257
2,2,2,fam,7.688581687336138e-06,11.775774227434223,476.6666666666667,2.7375821533150257
3,3,0,fam,0.06472605941192124,2.737591385584765,476.6666666666667,2.7375821533150257
4,4,1,fam,0.06349329514753499,2.756820966886116,476.6666666666667,2.7375821533150257
5,5,2,fam,0.06313257068308868,2.762518466964548,476.6666666666667,2.7375821533150257
6,6,0,fam,0.06472664127268656,2.7375823960347248,476.6666666666667,2.7375821533150257
7,7,1,fam,0.06469361860858333,2.7380927128097055,476.6666666666667,2.7375821533150257
8,8,2,fam,0.06468371837895773,2.7382457570734915,476.6666666666667,2.7375821533150257
9,9,0,fam,0.06472665655923844,2.73758215986381,476.6666666666667,2.7375821533150257
10,10,1,fam,0.06472576513674527,2.7375959320664696,476.6666666666667,2.7375821533150257
11,11,2,fam,0.06472549771478524,2.7376000636902815,476.6666666666667,2.7375821533150257
12,12,0,fam,0.06472665697167482,2.737582153491839,476.6666666666667,2.7375821533150257
13,13,1,fam,0.06472663290340556,2.737582525336684,476.6666666666667,2.7375821533150257
14,14,2,fam,0.06472662568292828,2.7375826368901106,476.6666666666667,2.7375821533150257
15,15,0,fam,0.06472665698281038,2.7375821533197993,476.6666666666667,2.7375821533150257
16,16,1,fam,0.06472665633296722,2.7375821633596065,476.6666666666667,2.7375821533150257
17,17,2,fam,0.06472665613801426,2.7375821663715487,476.6666666666667,2.7375821533150257
18,18,0,fam,0.06472665698311104,2.737582153315154,476.6666666666667,2.7375821533150257
19,19,1,fam,0.06472665696556527,2.737582153586229,476.6666666666667,2.7375821533150257
20,20,2,fam,0.06472665696030154,2.7375821536675513,476.6666666666667,2.7375821533150257
21,21,0,fam,0.06472665698311916,2.737582153315029,476.6666666666667,2.7375821533150257
22,22,1,fam,0.06472665698264543,2.7375821533223474,476.6666666666667,2.7375821533150257
23,23,2,fam,0.06472665698250331,2.7375821533245435,476.6666666666667,2.7375821533150257
24,24,0,fam,0.06472665698311938,2.7375821533150253,476.6666666666667,2.7375821533150257
25,25,1,fam,0.06472665698310659,2.737582153315223,476.6666666666667,2.7375821533150257
26,26,2,fam,0.06472665698310275,2.7375821533152824,476.6666666666667,2.7375821533150257
27,27,0,fam,0.06472665698311938,2.7375821533150253,476.6666666666667,2.7375821533150257
28,28,1,fam,0.06472665698311904,2.7375821533150306,476.6666666666667,2.7375821533150257
29,29,2,fam,0.06472665698311893,2.7375821533150324,476.6666666666667,2.7375821533150257
30,30,0,fam,0.06472665698311937,2.7375821533150253,476.6666666666667,2.7375821533150257
31,31,1,fam,0.06472665698311937,2.7375821533150253,476.6666666666667,2.7375821533150257
32,32,2,fam,0.06472665698311937,2.7375821533150253,476.6666666666667,2.7375821533150257
33,33,0,fam,0.06472665698311937,2.7375821533150253,476.6666666666667,2.7375821533150257
34,34,1,fam,0.06472665698311937,2.7375821533150253,476.6666666666667,2.7375821533150257
35,35,2,fam,0.06472665698311937,2.7375821533150253,476.6666666666667,2.7375821533150257
36,36,0,fam,0.06472665698311937,2.7375821533150253,476.6666666666667,2.7375821533150257
37,37,1,fam,0.06472665698311937,2.7375821533150253,476.6666666666667,2.7375821533150257
38,38,2,fam,0.06472665698311937,2.7375821533150253,476.6666666666667,2.7375821533150257
39,39,0,fam,0.06472665698311937,2.7375821533150253,476.6666666666667,2.7375821533150257
40,40,1,fam,0.06472665698311937,2.7375821533150253,476.6666666666667,2.7375821533150257
41,41,2,fam,0.06472665698311937,2.7375821533150253,476.6666666666667,2.7375821533150257
42,42,0,fam,0.06472665698311937,2.7375821533150253,476.6666666666667,2.7375821533150257
43,43,1,fam,0.06472665698311937,2.7375821533150253,476.6666666666667,2.7375821533150257
44,44,2,fam,0.06472665698311937,2.7375821533150253,476.6666666666667,2.7375821533150257
45,45,0,fam,0.06472665698311937,2.7375821533150253,476.6666666666667,2.7375821533150257
46,46,1,fam,0.06472665698311937,2.7375821533150253,476.6666666666667,2.7375821533150257
47,47,2,fam,0.06472665698311937,2.7375821533150253,476.6666666666667,2.7375821533150257
48,48,0,fam,0.06472665698311937,2.7375821533150253,476.6666666666667,2.7375821533150257
49,49,1,fam,0.06472665698311937,2.7375821533150253,476.6666666666667,2.7375821533150257
50,50,2,fam,0.06472665698311937,2.7375821533150253,476.6666666666667,2.7375821533150257
51,51,0,fam,0.06472665698311937,2.7375821533150253,476.6666666666667,2.7375821533150257
52,52,1,fam,0.06472665698311937,2.7375821533150253,476.6666666666667,2.7375821533150257
53,53,2,fam,0.06472665698311937,2.7375821533150253,476.6666666666667,2.7375821533150257
54,54,0,fam,0.06472665698311937,2.7375821533150253,476.6666666666667,2.7375821533150257
55,55,1,fam,0.06472665698311937,2.7375821533150253,476.6666666666667,2.7375821533150257
56,56,2,fam,0.06472665698311937,2.7375821533150253,476.6666666666667,2.7375821533150257
57,57,0,fam,0.06472665698311937,2.7375821533150253,476.6666666666667,2.7375821533150257
58,58,1,fam,0.06472665698311937,2.7375821533150253,476.6666666666667,2.7375821533150257
59,59,2,fam,0.06472665698311937,2.7375821533150253,476.6666666666667,2.7375821533150257
60,60,0,fam,0.06472665698311937,2.7375821533150253,476.6666666666667,2.7375821533150257
61,61,1,fam,0.06472665698311937,2.7375821533150253,476.6666666666667,2.7375821533150257
62,62,2,fam,0.06472665698311937,2.7375821533150253,476.6666666666667,2.7375821533150257
63,63,0,fam,0.06472665698311937,2.7375821533150253,476.6666666666667,2.7375821533150257
64,64,1,fam,0.06472665698311937,2.7375821533150253,476.6666666666667,2.7375821533150257
65,65,2,fam,0.06472665698311937,2.7375821533150253,476.6666666666667,2.7375821533150257
66,66,3,recov,6.996914360766903e-06,11.87004131169704,476.6666666666667,2.7375821533150257
67,67,4,recov,6.996914360766903e-06,11.87004131169704,476.6666666666667,2.7375821533150257
68,68,5,recov,6.996914360766903e-06,11.87004131169704,476.6666666666667,2.7375821533150257
69,69,3,recov,0.0629792261612629,2.7649503504399546,476.6666666666667,2.7375821533150257
70,70,4,recov,0.0629792261612629,2.7649503504399546,476.6666666666667,2.7375821533150257
71,71,5,recov,0.0629792261612629,2.7649503504399546,476.6666666666667,2.7375821533150257
72,72,3,recov,0.06467947635092926,2.7383113403027686,476.6666666666667,2.7375821533150257
73,73,4,recov,0.06467947635092926,2.7383113403027686,476.6666666666667,2.7375821533150257
74,74,5,recov,0.06467947635092926,2.7383113403027686,476.6666666666667,2.7375821533150257
75,75,3,recov,0.06472538310605025,2.737601834380975,476.6666666666667,2.7375821533150257
76,76,4,recov,0.06472538310605025,2.737601834380975,476.6666666666667,2.7375821533150257
77,77,5,recov,0.06472538310605025,2.737601834380975,476.6666666666667,2.7375821533150257
78,78,3,recov,0.0647266225884385,2.7375826846987183,476.6666666666667,2.7375821533150257
79,79,4,recov,0.0647266225884385,2.7375826846987183,476.6666666666667,2.7375821533150257
80,80,5,recov,0.0647266225884385,2.7375826846987183,476.6666666666667,2.7375821533150257
81,81,3,recov,0.064726656054463,2.7375821676623815,476.6666666666667,2.7375821533150257
82,82,4,recov,0.064726656054463,2.7375821676623815,476.6666666666667,2.7375821533150257
83,83,5,recov,0.064726656054463,2.7375821676623815,476.6666666666667,2.7375821533150257
84,84,3,recov,0.06472665695804566,2.737582153702404,476.6666666666667,2.7375821533150257
85,85,4,recov,0.06472665695804566,2.737582153702404,476.6666666666667,2.7375821533150257
86,86,5,recov,0.06472665695804566,2.737582153702404,476.6666666666667,2.7375821533150257
87,87,3,recov,0.0647266569824424,2.7375821533254845,476.6666666666667,2.7375821533150257
88,88,4,recov,0.0647266569824424,2.7375821533254845,476.6666666666667,2.7375821533150257
89,89,5,recov,0.0647266569824424,2.7375821533254845,476.6666666666667,2.7375821533150257
90,90,3,recov,0.06472665698310111,2.7375821533153077,476.6666666666667,2.7375821533150257
91,91,4,recov,0.06472665698310111,2.7375821533153077,476.6666666666667,2.7375821533150257
92,92,5,recov,0.06472665698310111,2.7375821533153077,476.6666666666667,2.7375821533150257
93,93,3,recov,0.06472665698311889,2.737582153315033,476.6666666666667,2.7375821533150257
94,94,4,recov,0.06472665698311889,2.737582153315033,476.6666666666667,2.7375821533150257
95,95,5,recov,0.06472665698311889,2.737582153315033,476.6666666666667,2.7375821533150257
96,96,3,recov,0.06472665698311937,2.7375821533150253,476.6666666666667,2.7375821533150257
97,97,4,recov,0.06472665698311937,2.7375821533150253,476.6666666666667,2.7375821533150257
98,98,5,recov,0.06472665698311937,2.7375821533150253,476.6666666666667,2.7375821533150257
99,99,3,recov,0.06472665698311937,2.7375821533150253,476.6666666666667,2.7375821533150257
100,100,4,recov,0.06472665698311937,2.7375821533150253,476.6666666666667,2.7375821533150257
101,101,5,recov,0.06472665698311937,2.7375821533150253,476.6666666666667,2.7375821533150257
102,102,3,recov,0.06472665698311937,2.7375821533150253,476.6666666666667,2.7375821533150257
103,103,4,recov,0.06472665698311937,2.7375821533150253,476.6666666666667,2.7375821533150257
104,104,5,recov,0.06472665698311937,2.7375821533150253,476.6666666666667,2.7375821533150257
105,105,3,recov,0.06472665698311937,2.7375821533150253,476.6666666666667,2.7375821533150257
106,106,4,recov,0.06472665698311937,2.7375821533150253,476.6666666666667,2.7375821533150257
107,107,5,recov,0.06472665698311937,2.7375821533150253,476.6666666666667,2.7375821533150257
108,108,3,recov,0.06472665698311937,2.7375821533150253,476.6666666666667,2.7375821533150257
109,109,4,recov,0.06472665698311937,2.7375821533150253,476.6666666666667,2.7375821533150257
110,110,5,recov,0.06472665698311937,2.7375821533150253,476.6666666666667,2.7375821533150257
111,111,3,recov,0.06472665698311937,2.7375821533150253,476.6666666666667,2.7375821533150257
112,112,4,recov,0.06472665698311937,2.7375821533150253,476.6666666666667,2.7375821533150257
113,113,5,recov,0.06472665698311937,2.7375821533150253,476.6666666666667,2.7375821533150257
114,114,3,recov,0.06472665698311937,2.7375821533150253,476.6666666666667,2.7375821533150257
115,115,4,recov,0.06472665698311937,2.7375821533150253,476.6666666666667,2.7375821533150257
116,116,5,recov,0.06472665698311937,2.7375821533150253,476.6666666666667,2.7375821533150257
117,117,3,recov,0.06472665698311937,2.7375821533150253,476.6666666666667,2.7375821533150257
118,118,4,recov,0.06472665698311937,2.7375821533150253,476.6666666666667,2.7375821533150257
119,119,5,recov,0.06472665698311937,2.7375821533150253,476.6666666666667,2.7375821533150257
120,120,3,recov,0.06472665698311937,2.7375821533150253,476.6666666666667,2.7375821533150257
121,121,4,recov,0.06472665698311937,2.7375821533150253,476.6666666666667,2.7375821533150257
122,122,5,recov,0.06472665698311937,2.7375821533150253,476.6666666666667,2.7375821533150257
123,123,3,recov,0.06472665698311937,2.7375821533150253,476.6666666666667,2.7375821533150257
124,124,4,recov,0.06472665698311937,2.7375821533150253,476.6666666666667,2.7375821533150257
125,125,5,recov,0.06472665698311937,2.7375821533150253,476.6666666666667,2.7375821533150257
126,126,3,recov,0.06472665698311937,2.7375821533150253,476.6666666666667,2.7375821533150257
127,127,4,recov,0.06472665698311937,2.7375821533150253,476.6666666666667,2.7375821533150257
128,128,5,recov,0.06472665698311937,2.7375821533150253,476.6666666666667,2.7375821533150257
129,129,3,recov,0.06472665698311937,2.7375821533150253,476.6666666666667,2.7375821533150257
130,130,4,recov,0.06472665698311937,2.7375821533150253,476.6666666666667,2.7375821533150257
131,131,5,recov,0.06472665698311937,2.7375821533150253,476.6666666666667,2.7375821533150257
132,132,3,recov,0.06472665698311937,2.7375821533150253,476.6666666666667,2.7375821533150257
133,133,4,recov,0.06472665698311937,2.7375821533150253,476.6666666666667,2.7375821533150257
134,134,5,recov,0.06472665698311937,2.7375821533150253,476.6666666666667,2.7375821533150257
135,135,3,recov,0.06472665698311937,2.7375821533150253,476.6666666666667,2.7375821533150257
136,136,4,recov,0.06472665698311937,2.7375821533150253,476.6666666666667,2.7375821533150257
137,137,5,recov,0.06472665698311937,2.7375821533150253,476.6666666666667,2.7375821533150257
138,138,3,recov,0.06472665698311937,2.7375821533150253,476.6666666666667,2.7375821533150257
139,139,4,recov,0.06472665698311937,2.7375821533150253,476.6666666666667,2.7375821533150257
140,140,5,recov,0.06472665698311937,2.7375821533150253,476.6666666666667,2.7375821533150257
141,141,3,recov,0.06472665698311937,2.7375821533150253,476.6666666666667,2.7375821533150257
142,142,4,recov,0.06472665698311937,2.7375821533150253,476.6666666666667,2.7375821533150257
143,143,5,recov,0.06472665698311937,2.7375821533150253,476.6666666666667,2.7375821533150257
144,144,3,recov,0.06472665698311937,2.7375821533150253,476.6666666666667,2.7375821533150257
145,145,4,recov,0.06472665698311937,2.7375821533150253,476.6666666666667,2.7375821533150257
146,146,5,recov,0.06472665698311937,2.7375821533150253,476.6666666666667,2.7375821533150257
147,147,3,recov,0.06472665698311937,2.7375821533150253,476.6666666666667,2.7375821533150257
148,148,4,recov,0.06472665698311937,2.7375821533150253,476.6666666666667,2.7375821533150257
149,149,5,recov,0.06472665698311937,2.7375821533150253,476.6666666666667,2.7375821533150257
150,150,3,recov,0.06472665698311937,2.7375821533150253,476.6666666666667,2.7375821533150257
151,151,4,recov,0.06472665698311937,2.7375821533150253,476.6666666666667,2.7375821533150257
152,152,5,recov,0.06472665698311937,2.7375821533150253,476.6666666666667,2.7375821533150257
153,153,3,recov,0.06472665698311937,2.7375821533150253,476.6666666666667,2.7375821533150257
154,154,4,recov,0.06472665698311937,2.7375821533150253,476.6666666666667,2.7375821533150257
155,155,5,recov,0.06472665698311937,2.7375821533150253,476.6666666666667,2.7375821533150257
156,156,3,recov,0.06472665698311937,2.7375821533150253,476.6666666666667,2.7375821533150257
157,157,4,recov,0.06472665698311937,2.7375821533150253,476.6666666666667,2.7375821533150257
158,158,5,recov,0.06472665698311937,2.7375821533150253,476.6666666666667,2.7375821533150257
159,159,3,recov,0.06472665698311937,2.7375821533150253,476.6666666666667,2.7375821533150257
160,160,4,recov,0.06472665698311937,2.7375821533150253,476.6666666666667,2.7375821533150257
161,161,5,recov,0.06472665698311937,2.7375821533150253,476.6666666666667,2.7375821533150257
162,162,3,recov,0.06472665698311937,2.7375821533150253,476.6666666666667,2.7375821533150257
163,163,4,recov,0.06472665698311937,2.7375821533150253,476.6666666666667,2.7375821533150257
164,164,5,recov,0.06472665698311937,2.7375821533150253,476.6666666666667,2.7375821533150257
165,165,3,recov,0.06472665698311937,2.7375821533150253,476.6666666666667,2.7375821533150257
166,166,4,recov,0.06472665698311937,2.7375821533150253,476.6666666666667,2.7375821533150257
167,167,5,recov,0.06472665698311937,2.7375821533150253,476.6666666666667,2.7375821533150257
168,168,3,recov,0.06472665698311937,2.7375821533150253,476.6666666666667,2.7375821533150257
169,169,4,recov,0.06472665698311937,2.7375821533150253,476.6666666666667,2.7375821533150257
170,170,5,recov,0.06472665698311937,2.7375821533150253,476.6666666666667,2.7375821533150257
171,171,3,recov,0.06472665698311937,2.7375821533150253,476.6666666666667,2.7375821533150257
172,172,4,recov,0.06472665698311937,2.7375821533150253,476.6666666666667,2.7375821533150257
173,173,5,recov,0.06472665698311937,2.7375821533150253,476.6666666666667,2.7375821533150257
174,174,3,recov,0.06472665698311937,2.7375821533150253,476.6666666666667,2.7375821533150257
175,175,4,recov,0.06472665698311937,2.7375821533150253,476.6666666666667,2.7375821533150257
176,176,5,recov,0.06472665698311937,2.7375821533150253,476.6666666666667,2.7375821533150257
177,177,3,recov,0.06472665698311937,2.7375821533150253,476.6666666666667,2.7375821533150257
178,178,4,recov,0.06472665698311937,2.7375821533150253,476.6666666666667,2.7375821533150257
179,179,5,recov,0.06472665698311937,2.7375821533150253,476.6666666666667,2.7375821533150257
180,180,3,recov,0.06472665698311937,2.7375821533150253,476.6666666666667,2.7375821533150257
181,181,4,recov,0.06472665698311937,2.7375821533150253,476.6666666666667,2.7375821533150257
182,182,5,recov,0.06472665698311937,2.7375821533150253,476.6666666666667,2.7375821533150257
183,183,3,recov,0.06472665698311937,2.7375821533150253,476.6666666666667,2.7375821533150257
184,184,4,recov,0.06472665698311937,2.7375821533150253,476.6666666666667,2.7375821533150257
185,185,5,recov,0.06472665698311937,2.7375821533150253,476.6666666666667,2.7375821533150257
186,186,3,recov,0.06472665698311937,2.7375821533150253,476.6666666666667,2.7375821533150257
187,187,4,recov,0.06472665698311937,2.7375821533150253,476.6666666666667,2.7375821533150257
188,188,5,recov,0.06472665698311937,2.7375821533150253,476.6666666666667,2.7375821533150257
189,189,3,recov,0.06472665698311937,2.7375821533150253,476.6666666666667,2.7375821533150257
190,190,4,recov,0.06472665698311937,2.7375821533150253,476.6666666666667,2.7375821533150257
191,191,5,recov,0.06472665698311937,2.7375821533150253,476.6666666666667,2.7375821533150257
192,192,3,recov,0.06472665698311937,2.7375821533150253,476.6666666666667,2.7375821533150257
193,193,4,recov,0.06472665698311937,2.7375821533150253,476.6666666666667,2.7375821533150257
194,194,5,recov,0.06472665698311937,2.7375821533150253,476.6666666666667,2.7375821533150257
195,195,3,recov,0.06472665698311937,2.7375821533150253,476.6666666666667,2.7375821533150257
196,196,4,recov,0.06472665698311937,2.7375821533150253,476.6666666666667,2.7375821533150257
197,197,5,recov,0.06472665698311937,2.7375821533150253,476.6666666666667,2.7375821533150257
198,198,3,recov,0.06472665698311937,2.7375821533150253,476.6666666666667,2.7375821533150257
199,199,4,recov,0.06472665698311937,2.7375821533150253,476.6666666666667,2.7375821533150257
200,200,5,recov,0.06472665698311937,2.7375821533150253,476.6666666666667,2.7375821533150257
201,201,3,recov,0.06472665698311937,2.7375821533150253,476.6666666666667,2.7375821533150257
202,202,4,recov,0.06472665698311937,2.7375821533150253,476.6666666666667,2.7375821533150257
203,203,5,recov,0.06472665698311937,2.7375821533150253,476.6666666666667,2.7375821533150257
204,204,3,recov,0.06472665698311937,2.7375821533150253,476.6666666666667,2.7375821533150257
205,205,4,recov,0.06472665698311937,2.7375821533150253,476.6666666666667,2.7375821533150257
206,206,5,recov,0.06472665698311937,2.7375821533150253,476.6666666666667,2.7375821533150257
207,207,3,recov,0.06472665698311937,2.7375821533150253,476.6666666666667,2.7375821533150257
208,208,4,recov,0.06472665698311937,2.7375821533150253,476.6666666666667,2.7375821533150257
209,209,5,recov,0.06472665698311937,2.7375821533150253,476.6666666666667,2.7375821533150257
210,210,3,recov,0.06472665698311937,2.7375821533150253,476.6666666666667,2.7375821533150257
211,211,4,recov,0.06472665698311937,2.7375821533150253,476.6666666666667,2.7375821533150257
212,212,5,recov,0.06472665698311937,2.7375821533150253,476.6666666666667,2.7375821533150257
213,213,3,recov,0.06472665698311937,2.7375821533150253,476.6666666666667,2.7375821533150257
214,214,4,recov,0.06472665698311937,2.7375821533150253,476.6666666666667,2.7375821533150257
215,215,5,recov,0.06472665698311937,2.7375821533150253,476.6666666666667,2.7375821533150257
216,216,3,recov,0.06472665698311937,2.7375821533150253,476.6666666666667,2.7375821533150257
217,217,4,recov,0.06472665698311937,2.7375821533150253,476.6666666666667,2.7375821533150257
218,218,5,recov,0.06472665698311937,2.7375821533150253,476.6666666666667,2.7375821533150257
219,219,3,recov,0.06472665698311937,2.7375821533150253,476.6666666666667,2.7375821533150257
220,220,4,recov,0.06472665698311937,2.7375821533150253,476.6666666666667,2.7375821533150257
221,221,5,recov,0.06472665698311937,2.7375821533150253,476.6666666666667,2.7375821533150257
222,222,3,recov,0.06472665698311937,2.7375821533150253,476.6666666666667,2.7375821533150257
223,223,4,recov,0.06472665698311937,2.7375821533150253,476.6666666666667,2.7375821533150257
224,224,5,recov,0.06472665698311937,2.7375821533150253,476.6666666666667,2.7375821533150257
225,225,3,recov,0.06472665698311937,2.7375821533150253,476.6666666666667,2.7375821533150257
226,226,4,recov,0.06472665698311937,2.7375821533150253,476.6666666666667,2.7375821533150257
227,227,5,recov,0.06472665698311937,2.7375821533150253,476.6666666666667,2.7375821533150257
228,228,3,recov,0.06472665698311937,2.7375821533150253,476.6666666666667,2.7375821533150257
229,229,4,recov,0.06472665698311937,2.7375821533150253,476.6666666666667,2.7375821533150257
230,230,5,recov,0.06472665698311937,2.7375821533150253,476.6666666666667,2.7375821533150257
231,231,3,recov,0.06472665698311937,2.7375821533150253,476.6666666666667,2.7375821533150257
232,232,4,recov,0.06472665698311937,2.7375821533150253,476.6666666666667,2.7375821533150257
233,233,5,recov,0.06472665698311937,2.7375821533150253,476.6666666666667,2.7375821533150257
234,234,3,recov,0.06472665698311937,2.7375821533150253,476.6666666666667,2.7375821533150257
235,235,4,recov,0.06472665698311937,2.7375821533150253,476.6666666666667,2.7375821533150257
236,236,5,recov,0.06472665698311937,2.7375821533150253,476.6666666666667,2.7375821533150257
237,237,3,recov,0.06472665698311937,2.7375821533150253,476.6666666666667,2.7375821533150257
238,238,4,recov,0.06472665698311937,2.7375821533150253,476.6666666666667,2.7375821533150257
239,239,5,recov,0.06472665698311937,2.7375821533150253,476.6666666666667,2.7375821533150257
240,240,3,recov,0.06472665698311937,2.7375821533150253,476.6666666666667,2.7375821533150257
241,241,4,recov,0.06472665698311937,2.7375821533150253,476.6666666666667,2.7375821533150257
242,242,5,recov,0.06472665698311937,2.7375821533150253,476.6666666666667,2.7375821533150257
243,243,3,recov,0.06472665698311937,2.7375821533150253,476.6666666666667,2.7375821533150257
244,244,4,recov,0.06472665698311937,2.7375821533150253,476.6666666666667,2.7375821533150257
245,245,5,recov,0.06472665698311937,2.7375821533150253,476.6666666666667,2.7375821533150257
246,246,3,recov,0.06472665698311937,2.7375821533150253,476.6666666666667,2.7375821533150257
247,247,4,recov,0.06472665698311937,2.7375821533150253,476.6666666666667,2.7375821533150257
248,248,5,recov,0.06472665698311937,2.7375821533150253,476.6666666666667,2.7375821533150257
249,249,3,recov,0.06472665698311937,2.7375821533150253,476.6666666666667,2.7375821533150257
250,250,4,recov,0.06472665698311937,2.7375821533150253,476.6666666666667,2.7375821533150257
251,251,5,recov,0.06472665698311937,2.7375821533150253,476.6666666666667,2.7375821533150257
252,252,3,recov,0.06472665698311937,2.7375821533150253,476.6666666666667,2.7375821533150257
253,253,4,recov,0.06472665698311937,2.7375821533150253,476.6666666666667,2.7375821533150257
254,254,5,recov,0.06472665698311937,2.7375821533150253,476.6666666666667,2.7375821533150257
255,255,3,recov,0.06472665698311937,2.7375821533150253,476.6666666666667,2.7375821533150257
256,256,4,recov,0.06472665698311937,2.7375821533150253,476.6666666666667,2.7375821533150257
257,257,5,recov,0.06472665698311937,2.7375821533150253,476.6666666666667,2.7375821533150257
258,258,3,recov,0.06472665698311937,2.7375821533150253,476.6666666666667,2.7375821533150257
259,259,4,recov,0.06472665698311937,2.7375821533150253,476.6666666666667,2.7375821533150257
260,260,5,recov,0.06472665698311937,2.7375821533150253,476.6666666666667,2.7375821533150257
261,261,3,recov,0.06472665698311937,2.7375821533150253,476.6666666666667,2.7375821533150257
262,262,4,recov,0.06472665698311937,2.7375821533150253,476.6666666666667,2.7375821533150257
263,263,5,recov,0.06472665698311937,2.7375821533150253,476.6666666666667,2.7375821533150257
264,264,3,recov,0.06472665698311937,2.7375821533150253,476.6666666666667,2.7375821533150257
265,265,4,recov,0.06472665698311937,2.7375821533150253,476.6666666666667,2.7375821533150257
266,266,5,recov,0.06472665698311937,2.7375821533150253,476.6666666666667,2.7375821533150257
267,267,3,recov,0.06472665698311937,2.7375821533150253,476.6666666666667,2.7375821533150257
268,268,4,recov,0.06472665698311937,2.7375821533150253,476.6666666666667,2.7375821533150257
269,269,5,recov,0.06472665698311937,2.7375821533150253,476.6666666666667,2.7375821533150257
270,270,3,recov,0.06472665698311937,2.7375821533150253,476.6666666666667,2.7375821533150257
271,271,4,recov,0.06472665698311937,2.7375821533150253,476.6666666666667,2.7375821533150257
272,272,5,recov,0.06472665698311937,2.7375821533150253,476.6666666666667,2.7375821533150257
273,273,3,recov,0.06472665698311937,2.7375821533150253,476.6666666666667,2.7375821533150257
274,274,4,recov,0.06472665698311937,2.7375821533150253,476.6666666666667,2.7375821533150257
275,275,5,recov,0.06472665698311937,2.7375821533150253,476.6666666666667,2.7375821533150257
276,276,3,recov,0.06472665698311937,2.7375821533150253,476.6666666666667,2.7375821533150257
277,277,4,recov,0.06472665698311937,2.7375821533150253,476.6666666666667,2.7375821533150257
278,278,5,recov,0.06472665698311937,2.7375821533150253,476.6666666666667,2.7375821533150257
279,279,3,recov,0.06472665698311937,2.7375821533150253,476.6666666666667,2.7375821533150257
280,280,4,recov,0.06472665698311937,2.7375821533150253,476.6666666666667,2.7375821533150257
281,281,5,recov,0.06472665698311937,2.7375821533150253,476.6666666666667,2.7375821533150257
282,282,3,recov,0.06472665698311937,2.7375821533150253,476.6666666666667,2.7375821533150257
283,283,4,recov,0.06472665698311937,2.7375821533150253,476.6666666666667,2.7375821533150257
284,284,5,recov,0.06472665698311937,2.7375821533150253,476.6666666666667,2.7375821533150257
285,285,3,recov,0.06472665698311937,2.7375821533150253,476.6666666666667,2.7375821533150257
286,286,4,recov,0.06472665698311937,2.7375821533150253,476.6666666666667,2.7375821533150257
287,287,5,recov,0.06472665698311937,2.7375821533150253,476.6666666666667,2.7375821533150257
288,288,3,recov,0.06472665698311937,2.7375821533150253,476.6666666666667,2.7375821533150257
289,289,4,recov,0.06472665698311937,2.7375821533150253,476.6666666666667,2.7375821533150257
290,290,5,recov,0.06472665698311937,2.7375821533150253,476.6666666666667,2.7375821533150257
291,291,3,recov,0.06472665698311937,2.7375821533150253,476.6666666666667,2.7375821533150257
292,292,4,recov,0.06472665698311937,2.7375821533150253,476.6666666666667,2.7375821533150257
293,293,5,recov,0.06472665698311937,2.7375821533150253,476.6666666666667,2.7375821533150257
294,294,3,recov,0.06472665698311937,2.7375821533150253,476.6666666666667,2.7375821533150257
295,295,4,recov,0.06472665698311937,2.7375821533150253,476.6666666666667,2.7375821533150257
296,296,5,recov,0.06472665698311937,2.7375821533150253,476.6666666666667,2.7375821533150257
297,297,3,recov,0.06472665698311937,2.7375821533150253,476.6666666666667,2.7375821533150257
298,298,4,recov,0.06472665698311937,2.7375821533150253,476.6666666666667,2.7375821533150257
299,299,5,recov,0.06472665698311937,2.7375821533150253,476.6666666666667,2.7375821533150257
300,300,3,recov,0.06472665698311937,2.7375821533150253,476.6666666666667,2.7375821533150257
301,301,4,recov,0.06472665698311937,2.7375821533150253,476.6666666666667,2.7375821533150257
302,302,5,recov,0.06472665698311937,2.7375821533150253,476.6666666666667,2.7375821533150257
303,303,3,recov,0.06472665698311937,2.7375821533150253,476.6666666666667,2.7375821533150257
304,304,4,recov,0.06472665698311937,2.7375821533150253,476.6666666666667,2.7375821533150257
305,305,5,recov,0.06472665698311937,2.7375821533150253,476.6666666666667,2.7375821533150257
306,306,3,recov,0.06472665698311937,2.7375821533150253,476.6666666666667,2.7375821533150257
307,307,4,recov,0.06472665698311937,2.7375821533150253,476.6666666666667,2.7375821533150257
308,308,5,recov,0.06472665698311937,2.7375821533150253,476.6666666666667,2.7375821533150257
309,309,3,recov,0.06472665698311937,2.7375821533150253,476.6666666666667,2.7375821533150257
310,310,4,recov,0.06472665698311937,2.7375821533150253,476.6666666666667,2.7375821533150257
311,311,5,recov,0.06472665698311937,2.7375821533150253,476.6666666666667,2.7375821533150257
312,312,3,recov,0.06472665698311937,2.7375821533150253,476.6666666666667,2.7375821533150257
313,313,4,recov,0.06472665698311937,2.7375821533150253,476.6666666666667,2.7375821533150257
314,314,5,recov,0.06472665698311937,2.7375821533150253,476.6666666666667,2.7375821533150257
315,315,3,recov,0.06472665698311937,2.7375821533150253,476.6666666666667,2.7375821533150257
316,316,4,recov,0.06472665698311937,2.7375821533150253,476.6666666666667,2.7375821533150257
317,317,5,recov,0.06472665698311937,2.7375821533150253,476.6666666666667,2.7375821533150257
318,318,3,recov,0.06472665698311937,2.7375821533150253,476.6666666666667,2.7375821533150257
319,319,4,recov,0.06472665698311937,2.7375821533150253,476.6666666666667,2.7375821533150257
320,320,5,recov,0.06472665698311937,2.7375821533150253,476.6666666666667,2.7375821533150257
321,321,3,recov,0.06472665698311937,2.7375821533150253,476.6666666666667,2.7375821533150257
322,322,4,recov,0.06472665698311937,2.7375821533150253,476.6666666666667,2.7375821533150257
323,323,5,recov,0.06472665698311937,2.7375821533150253,476.6666666666667,2.7375821533150257
324,324,3,recov,0.06472665698311937,2.7375821533150253,476.6666666666667,2.7375821533150257
325,325,4,recov,0.06472665698311937,2.7375821533150253,476.6666666666667,2.7375821533150257
326,326,5,recov,0.06472665698311937,2.7375821533150253,476.6666666666667,2.7375821533150257
327,327,3,recov,0.06472665698311937,2.7375821533150253,476.6666666666667,2.7375821533150257
328,328,4,recov,0.06472665698311937,2.7375821533150253,476.6666666666667,2.7375821533150257
329,329,5,recov,0.06472665698311937,2.7375821533150253,476.6666666666667,2.7375821533150257
330,330,3,recov,0.06472665698311937,2.7375821533150253,476.6666666666667,2.7375821533150257
331,331,4,recov,0.06472665698311937,2.7375821533150253,476.6666666666667,2.7375821533150257
332,332,5,recov,0.06472665698311937,2.7375821533150253,476.6666666666667,2.7375821533150257
333,333,3,recov,0.06472665698311937,2.7375821533150253,476.6666666666667,2.7375821533150257
334,334,4,recov,0.06472665698311937,2.7375821533150253,476.6666666666667,2.7375821533150257
335,335,5,recov,0.06472665698311937,2.7375821533150253,476.6666666666667,2.7375821533150257
336,336,3,recov,0.06472665698311937,2.7375821533150253,476.6666666666667,2.7375821533150257
337,337,4,recov,0.06472665698311937,2.7375821533150253,476.6666666666667,2.7375821533150257
338,338,5,recov,0.06472665698311937,2.7375821533150253,476.6666666666667,2.7375821533150257
339,339,3,recov,0.06472665698311937,2.7375821533150253,476.6666666666667,2.7375821533150257
340,340,4,recov,0.06472665698311937,2.7375821533150253,476.6666666666667,2.7375821533150257
341,341,5,recov,0.06472665698311937,2.7375821533150253,476.6666666666667,2.7375821533150257
342,342,3,recov,0.06472665698311937,2.7375821533150253,476.6666666666667,2.7375821533150257
343,343,4,recov,0.06472665698311937,2.7375821533150253,476.6666666666667,2.7375821533150257
344,344,5,recov,0.06472665698311937,2.7375821533150253,476.6666666666667,2.7375821533150257
345,345,3,recov,0.06472665698311937,2.7375821533150253,476.6666666666667,2.7375821533150257
346,346,4,recov,0.06472665698311937,2.7375821533150253,476.6666666666667,2.7375821533150257
347,347,5,recov,0.06472665698311937,2.7375821533150253,476.6666666666667,2.7375821533150257
348,348,3,recov,0.06472665698311937,2.7375821533150253,476.6666666666667,2.7375821533150257
349,349,4,recov,0.06472665698311937,2.7375821533150253,476.6666666666667,2.7375821533150257
350,350,5,recov,0.06472665698311937,2.7375821533150253,476.6666666666667,2.7375821533150257
351,351,3,recov,0.06472665698311937,2.7375821533150253,476.6666666666667,2.7375821533150257
352,352,4,recov,0.06472665698311937,2.7375821533150253,476.6666666666667,2.7375821533150257
353,353,5,recov,0.06472665698311937,2.7375821533150253,476.6666666666667,2.7375821533150257
354,354,3,recov,0.06472665698311937,2.7375821533150253,476.6666666666667,2.7375821533150257
355,355,4,recov,0.06472665698311937,2.7375821533150253,476.6666666666667,2.7375821533150257
356,356,5,recov,0.06472665698311937,2.7375821533150253,476.6666666666667,2.7375821533150257
357,357,3,recov,0.06472665698311937,2.7375821533150253,476.6666666666667,2.7375821533150257
358,358,4,recov,0.06472665698311937,2.7375821533150253,476.6666666666667,2.7375821533150257
359,359,5,recov,0.06472665698311937,2.7375821533150253,476.6666666666667,2.7375821533150257
360,360,3,recov,0.06472665698311937,2.7375821533150253,476.6666666666667,2.7375821533150257
361,361,4,recov,0.06472665698311937,2.7375821533150253,476.6666666666667,2.7375821533150257
362,362,5,recov,0.06472665698311937,2.7375821533150253,476.6666666666667,2.7375821533150257
363,363,3,recov,0.06472665698311937,2.7375821533150253,476.6666666666667,2.7375821533150257
364,364,4,recov,0.06472665698311937,2.7375821533150253,476.6666666666667,2.7375821533150257
365,365,5,recov,0.06472665698311937,2.7375821533150253,476.6666666666667,2.7375821533150257
366,366,3,recov,0.06472665698311937,2.7375821533150253,476.6666666666667,2.7375821533150257
367,367,4,recov,0.06472665698311937,2.7375821533150253,476.6666666666667,2.7375821533150257
368,368,5,recov,0.06472665698311937,2.7375821533150253,476.6666666666667,2.7375821533150257
369,369,3,recov,0.06472665698311937,2.7375821533150253,476.6666666666667,2.7375821533150257
370,370,4,recov,0.06472665698311937,2.7375821533150253,476.6666666666667,2.7375821533150257
371,371,5,recov,0.06472665698311937,2.7375821533150253,476.6666666666667,2.7375821533150257
372,372,3,recov,0.06472665698311937,2.7375821533150253,476.6666666666667,2.7375821533150257
373,373,4,recov,0.06472665698311937,2.7375821533150253,476.6666666666667,2.7375821533150257
374,374,5,recov,0.06472665698311937,2.7375821533150253,476.6666666666667,2.7375821533150257
375,375,3,recov,0.06472665698311937,2.7375821533150253,476.6666666666667,2.7375821533150257
376,376,4,recov,0.06472665698311937,2.7375821533150253,476.6666666666667,2.7375821533150257
377,377,5,recov,0.06472665698311937,2.7375821533150253,476.6666666666667,2.7375821533150257
378,378,3,recov,0.06472665698311937,2.7375821533150253,476.6666666666667,2.7375821533150257
379,379,4,recov,0.06472665698311937,2.7375821533150253,476.6666666666667,2.7375821533150257
380,380,5,recov,0.06472665698311937,2.7375821533150253,476.6666666666667,2.7375821533150257
381,381,3,recov,0.06472665698311937,2.7375821533150253,476.6666666666667,2.7375821533150257
382,382,4,recov,0.06472665698311937,2.7375821533150253,476.6666666666667,2.7375821533150257
383,383,5,recov,0.06472665698311937,2.7375821533150253,476.6666666666667,2.7375821533150257
384,384,3,recov,0.06472665698311937,2.7375821533150253,476.6666666666667,2.7375821533150257
385,385,4,recov,0.06472665698311937,2.7375821533150253,476.6666666666667,2.7375821533150257
386,386,5,recov,0.06472665698311937,2.7375821533150253,476.6666666666667,2.7375821533150257
387,387,3,recov,0.06472665698311937,2.7375821533150253,476.6666666666667,2.7375821533150257
388,388,4,recov,0.06472665698311937,2.7375821533150253,476.6666666666667,2.7375821533150257
389,389,5,recov,0.06472665698311937,2.7375821533150253,476.6666666666667,2.7375821533150257
390,390,3,recov,0.06472665698311937,2.7375821533150253,476.6666666666667,2.7375821533150257
391,391,4,recov,0.06472665698311937,2.7375821533150253,476.6666666666667,2.7375821533150257
392,392,5,recov,0.06472665698311937,2.7375821533150253,476.6666666666667,2.7375821533150257
393,393,3,recov,0.06472665698311937,2.7375821533150253,476.6666666666667,2.7375821533150257
394,394,4,recov,0.06472665698311937,2.7375821533150253,476.6666666666667,2.7375821533150257
395,395,5,recov,0.06472665698311937,2.7375821533150253,476.6666666666667,2.7375821533150257
396,396,3,recov,0.06472665698311937,2.7375821533150253,476.6666666666667,2.7375821533150257
397,397,4,recov,0.06472665698311937,2.7375821533150253,476.6666666666667,2.7375821533150257
398,398,5,recov,0.06472665698311937,2.7375821533150253,476.6666666666667,2.7375821533150257
399,399,3,recov,0.06472665698311937,2.7375821533150253,476.6666666666667,2.7375821533150257
400,400,4,recov,0.06472665698311937,2.7375821533150253,476.6666666666667,2.7375821533150257
401,401,5,recov,0.06472665698311937,2.7375821533150253,476.6666666666667,2.7375821533150257
402,402,3,recov,0.06472665698311937,2.7375821533150253,476.6666666666667,2.7375821533150257
403,403,4,recov,0.06472665698311937,2.7375821533150253,476.6666666666667,2.7375821533150257
404,404,5,recov,0.06472665698311937,2.7375821533150253,476.6666666666667,2.7375821533150257
405,405,3,recov,0.06472665698311937,2.7375821533150253,476.6666666666667,2.7375821533150257
406,406,4,recov,0.06472665698311937,2.7375821533150253,476.6666666666667,2.7375821533150257
407,407,5,recov,0.06472665698311937,2.7375821533150253,476.6666666666667,2.7375821533150257
408,408,3,recov,0.06472665698311937,2.7375821533150253,476.6666666666667,2.7375821533150257
409,409,4,recov,0.06472665698311937,2.7375821533150253,476.6666666666667,2.7375821533150257
410,410,5,recov,0.06472665698311937,2.7375821533150253,476.6666666666667,2.7375821533150257
411,411,3,recov,0.06472665698311937,2.7375821533150253,476.6666666666667,2.7375821533150257
412,412,4,recov,0.06472665698311937,2.7375821533150253,476.6666666666667,2.7375821533150257
413,413,5,recov,0.06472665698311937,2.7375821533150253,476.6666666666667,2.7375821533150257
414,414,3,recov,0.06472665698311937,2.7375821533150253,476.6666666666667,2.7375821533150257
415,415,4,recov,0.06472665698311937,2.7375821533150253,476.6666666666667,2.7375821533150257
416,416,5,recov,0.06472665698311937,2.7375821533150253,476.6666666666667,2.7375821533150257
417,417,3,recov,0.06472665698311937,2.7375821533150253,476.6666666666667,2.7375821533150257
418,418,4,recov,0.06472665698311937,2.7375821533150253,476.6666666666667,2.7375821533150257
419,419,5,recov,0.06472665698311937,2.7375821533150253,476.6666666666667,2.7375821533150257
420,420,3,recov,0.06472665698311937,2.7375821533150253,476.6666666666667,2.7375821533150257
421,421,4,recov,0.06472665698311937,2.7375821533150253,476.6666666666667,2.7375821533150257
422,422,5,recov,0.06472665698311937,2.7375821533150253,476.6666666666667,2.7375821533150257
423,423,3,recov,0.06472665698311937,2.7375821533150253,476.6666666666667,2.7375821533150257
424,424,4,recov,0.06472665698311937,2.7375821533150253,476.6666666666667,2.7375821533150257
425,425,5,recov,0.06472665698311937,2.7375821533150253,476.6666666666667,2.7375821533150257
426,426,3,recov,0.06472665698311937,2.7375821533150253,476.6666666666667,2.7375821533150257
427,427,4,recov,0.06472665698311937,2.7375821533150253,476.6666666666667,2.7375821533150257
428,428,5,recov,0.06472665698311937,2.7375821533150253,476.6666666666667,2.7375821533150257
429,429,3,recov,0.06472665698311937,2.7375821533150253,476.6666666666667,2.7375821533150257
430,430,4,recov,0.06472665698311937,2.7375821533150253,476.6666666666667,2.7375821533150257
431,431,5,recov,0.06472665698311937,2.7375821533150253,476.6666666666667,2.7375821533150257
432,432,3,recov,0.06472665698311937,2.7375821533150253,476.6666666666667,2.7375821533150257
433,433,4,recov,0.06472665698311937,2.7375821533150253,476.6666666666667,2.7375821533150257
434,434,5,recov,0.06472665698311937,2.7375821533150253,476.6666666666667,2.7375821533150257
435,435,3,recov,0.06472665698311937,2.7375821533150253,476.6666666666667,2.7375821533150257
436,436,4,recov,0.06472665698311937,2.7375821533150253,476.6666666666667,2.7375821533150257
437,437,5,recov,0.06472665698311937,2.7375821533150253,476.6666666666667,2.7375821533150257
438,438,3,recov,0.06472665698311937,2.7375821533150253,476.6666666666667,2.7375821533150257
439,439,4,recov,0.06472665698311937,2.7375821533150253,476.6666666666667,2.7375821533150257
440,440,5,recov,0.06472665698311937,2.7375821533150253,476.6666666666667,2.7375821533150257
441,441,3,recov,0.06472665698311937,2.7375821533150253,476.6666666666667,2.7375821533150257
442,442,4,recov,0.06472665698311937,2.7375821533150253,476.6666666666667,2.7375821533150257
443,443,5,recov,0.06472665698311937,2.7375821533150253,476.6666666666667,2.7375821533150257
444,444,3,recov,0.06472665698311937,2.7375821533150253,476.6666666666667,2.7375821533150257
445,445,4,recov,0.06472665698311937,2.7375821533150253,476.6666666666667,2.7375821533150257
446,446,5,recov,0.06472665698311937,2.7375821533150253,476.6666666666667,2.7375821533150257
447,447,3,recov,0.06472665698311937,2.7375821533150253,476.6666666666667,2.7375821533150257
448,448,4,recov,0.06472665698311937,2.7375821533150253,476.6666666666667,2.7375821533150257
449,449,5,recov,0.06472665698311937,2.7375821533150253,476.6666666666667,2.7375821533150257
450,450,3,recov,0.06472665698311937,2.7375821533150253,476.6666666666667,2.7375821533150257
451,451,4,recov,0.06472665698311937,2.7375821533150253,476.6666666666667,2.7375821533150257
452,452,5,recov,0.06472665698311937,2.7375821533150253,476.6666666666667,2.7375821533150257
453,453,3,recov,0.06472665698311937,2.7375821533150253,476.6666666666667,2.7375821533150257
454,454,4,recov,0.06472665698311937,2.7375821533150253,476.6666666666667,2.7375821533150257
455,455,5,recov,0.06472665698311937,2.7375821533150253,476.6666666666667,2.7375821533150257
456,456,3,recov,0.06472665698311937,2.7375821533150253,476.6666666666667,2.7375821533150257
457,457,4,recov,0.06472665698311937,2.7375821533150253,476.6666666666667,2.7375821533150257
458,458,5,recov,0.06472665698311937,2.7375821533150253,476.6666666666667,2.7375821533150257
459,459,3,recov,0.06472665698311937,2.7375821533150253,476.6666666666667,2.7375821533150257
460,460,4,recov,0.06472665698311937,2.7375821533150253,476.6666666666667,2.7375821533150257
461,461,5,recov,0.06472665698311937,2.7375821533150253,476.6666666666667,2.7375821533150257
462,462,3,recov,0.06472665698311937,2.7375821533150253,476.6666666666667,2.7375821533150257
463,463,4,recov,0.06472665698311937,2.7375821533150253,476.6666666666667,2.7375821533150257
464,464,5,recov,0.06472665698311937,2.7375821533150253,476.6666666666667,2.7375821533150257
465,465,3,recov,0.06472665698311937,2.7375821533150253,476.6666666666667,2.7375821533150257
466,466,4,recov,0.06472665698311937,2.7375821533150253,476.6666666666667,2.7375821533150257
467,467,5,recov,0.06472665698311937,2.7375821533150253,476.6666666666667,2.7375821533150257
468,468,3,recov,0.06472665698311937,2.7375821533150253,476.6666666666667,2.7375821533150257
469,469,4,recov,0.06472665698311937,2.7375821533150253,476.6666666666667,2.7375821533150257
470,470,5,recov,0.06472665698311937,2.7375821533150253,476.6666666666667,2.7375821533150257
471,471,3,recov,0.06472665698311937,2.7375821533150253,476.6666666666667,2.7375821533150257
472,472,4,recov,0.06472665698311937,2.7375821533150253,476.6666666666667,2.7375821533150257
473,473,5,recov,0.06472665698311937,2.7375821533150253,476.6666666666667,2.7375821533150257
474,474,3,recov,0.06472665698311937,2.7375821533150253,476.6666666666667,2.7375821533150257
475,475,4,recov,0.06472665698311937,2.7375821533150253,476.6666666666667,2.7375821533150257
476,476,5,recov,0.06472665698311937,2.7375821533150253,476.6666666666667,2.7375821533150257
477,477,3,recov,0.06472665698311937,2.7375821533150253,476.6666666666667,2.7375821533150257
478,478,4,recov,0.06472665698311937,2.7375821533150253,476.6666666666667,2.7375821533150257
479,479,5,recov,0.06472665698311937,2.7375821533150253,476.6666666666667,2.7375821533150257
480,480,3,recov,0.06472665698311937,2.7375821533150253,476.6666666666667,2.7375821533150257
481,481,4,recov,0.06472665698311937,2.7375821533150253,476.6666666666667,2.7375821533150257
482,482,5,recov,0.06472665698311937,2.7375821533150253,476.6666666666667,2.7375821533150257
483,483,3,recov,0.06472665698311937,2.7375821533150253,476.6666666666667,2.7375821533150257
484,484,4,recov,0.06472665698311937,2.7375821533150253,476.6666666666667,2.7375821533150257
485,485,5,recov,0.06472665698311937,2.7375821533150253,476.6666666666667,2.7375821533150257
486,486,3,recov,0.06472665698311937,2.7375821533150253,476.6666666666667,2.7375821533150257
487,487,4,recov,0.06472665698311937,2.7375821533150253,476.6666666666667,2.7375821533150257
488,488,5,recov,0.06472665698311937,2.7375821533150253,476.6666666666667,2.7375821533150257
489,489,3,recov,0.06472665698311937,2.7375821533150253,476.6666666666667,2.7375821533150257
490,490,4,recov,0.06472665698311937,2.7375821533150253,476.6666666666667,2.7375821533150257
491,491,5,recov,0.06472665698311937,2.7375821533150253,476.6666666666667,2.7375821533150257
492,492,3,recov,0.06472665698311937,2.7375821533150253,476.6666666666667,2.7375821533150257
493,493,4,recov,0.06472665698311937,2.7375821533150253,476.6666666666667,2.7375821533150257
494,494,5,recov,0.06472665698311937,2.7375821533150253,476.6666666666667,2.7375821533150257
495,495,3,recov,0.06472665698311937,2.7375821533150253,476.6666666666667,2.7375821533150257
496,496,4,recov,0.06472665698311937,2.7375821533150253,476.6666666666667,2.7375821533150257
497,497,5,recov,0.06472665698311937,2.7375821533150253,476.6666666666667,2.7375821533150257
498,498,3,recov,0.06472665698311937,2.7375821533150253,476.6666666666667,2.7375821533150257
499,499,4,recov,0.06472665698311937,2.7375821533150253,476.6666666666667,2.7375821533150257
500,500,5,recov,0.06472665698311937,2.7375821533150253,476.6666666666667,2.7375821533150257
501,501,3,recov,0.06472665698311937,2.7375821533150253,476.6666666666667,2.7375821533150257
502,502,4,recov,0.06472665698311937,2.7375821533150253,476.6666666666667,2.7375821533150257
503,503,5,recov,0.06472665698311937,2.7375821533150253,476.6666666666667,2.7375821533150257
504,504,3,recov,0.06472665698311937,2.7375821533150253,476.6666666666667,2.7375821533150257
505,505,4,recov,0.06472665698311937,2.7375821533150253,476.6666666666667,2.7375821533150257
506,506,5,recov,0.06472665698311937,2.7375821533150253,476.6666666666667,2.7375821533150257
507,507,3,recov,0.06472665698311937,2.7375821533150253,476.6666666666667,2.7375821533150257
508,508,4,recov,0.06472665698311937,2.7375821533150253,476.6666666666667,2.7375821533150257
509,509,5,recov,0.06472665698311937,2.7375821533150253,476.6666666666667,2.7375821533150257
510,510,3,recov,0.06472665698311937,2.7375821533150253,476.6666666666667,2.7375821533150257
511,511,4,recov,0.06472665698311937,2.7375821533150253,476.6666666666667,2.7375821533150257
512,512,5,recov,0.06472665698311937,2.7375821533150253,476.6666666666667,2.7375821533150257
513,513,3,recov,0.06472665698311937,2.7375821533150253,476.6666666666667,2.7375821533150257
514,514,4,recov,0.06472665698311937,2.7375821533150253,476.6666666666667,2.7375821533150257
515,515,5,recov,0.06472665698311937,2.7375821533150253,476.6666666666667,2.7375821533150257
516,516,3,recov,0.06472665698311937,2.7375821533150253,476.6666666666667,2.7375821533150257
517,517,4,recov,0.06472665698311937,2.7375821533150253,476.6666666666667,2.7375821533150257
518,518,5,recov,0.06472665698311937,2.7375821533150253,476.6666666666667,2.7375821533150257
519,519,3,recov,0.06472665698311937,2.7375821533150253,476.6666666666667,2.7375821533150257
520,520,4,recov,0.06472665698311937,2.7375821533150253,476.6666666666667,2.7375821533150257
521,521,5,recov,0.06472665698311937,2.7375821533150253,476.6666666666667,2.7375821533150257
522,522,3,recov,0.06472665698311937,2.7375821533150253,476.6666666666667,2.7375821533150257
523,523,4,recov,0.06472665698311937,2.7375821533150253,476.6666666666667,2.7375821533150257
524,524,5,recov,0.06472665698311937,2.7375821533150253,476.6666666666667,2.7375821533150257
525,525,3,recov,0.06472665698311937,2.7375821533150253,476.6666666666667,2.7375821533150257
526,526,4,recov,0.06472665698311937,2.7375821533150253,476.6666666666667,2.7375821533150257
527,527,5,recov,0.06472665698311937,2.7375821533150253,476.6666666666667,2.7375821533150257
528,528,3,recov,0.06472665698311937,2.7375821533150253,476.6666666666667,2.7375821533150257
529,529,4,recov,0.06472665698311937,2.7375821533150253,476.6666666666667,2.7375821533150257
530,530,5,recov,0.06472665698311937,2.7375821533150253,476.6666666666667,2.7375821533150257
531,531,3,recov,0.06472665698311937,2.7375821533150253,476.6666666666667,2.7375821533150257
532,532,4,recov,0.06472665698311937,2.7375821533150253,476.6666666666667,2.7375821533150257
533,533,5,recov,0.06472665698311937,2.7375821533150253,476.6666666666667,2.7375821533150257
534,534,3,recov,0.06472665698311937,2.7375821533150253,476.6666666666667,2.7375821533150257
535,535,4,recov,0.06472665698311937,2.7375821533150253,476.6666666666667,2.7375821533150257
536,536,5,recov,0.06472665698311937,2.7375821533150253,476.6666666666667,2.7375821533150257
537,537,3,recov,0.06472665698311937,2.7375821533150253,476.6666666666667,2.7375821533150257
538,538,4,recov,0.06472665698311937,2.7375821533150253,476.6666666666667,2.7375821533150257
539,539,5,recov,0.06472665698311937,2.7375821533150253,476.6666666666667,2.7375821533150257
540,540,3,recov,0.06472665698311937,2.7375821533150253,476.6666666666667,2.7375821533150257
541,541,4,recov,0.06472665698311937,2.7375821533150253,476.6666666666667,2.7375821533150257
542,542,5,recov,0.06472665698311937,2.7375821533150253,476.6666666666667,2.7375821533150257
543,543,0,fam_r,6.996914360766903e-06,11.87004131169704,476.6666666666667,2.7375821533150257
544,544,1,fam_r,6.996914360766903e-06,11.87004131169704,476.6666666666667,2.7375821533150257
545,545,2,fam_r,6.996914360766903e-06,11.87004131169704,476.6666666666667,2.7375821533150257
546,546,0,fam_r,0.0629792261612629,2.7649503504399546,476.6666666666667,2.7375821533150257
547,547,1,fam_r,0.0629792261612629,2.7649503504399546,476.6666666666667,2.7375821533150257
548,548,2,fam_r,0.0629792261612629,2.7649503504399546,476.6666666666667,2.7375821533150257
549,549,0,fam_r,0.06467947635092926,2.7383113403027686,476.6666666666667,2.7375821533150257
550,550,1,fam_r,0.06467947635092926,2.7383113403027686,476.6666666666667,2.7375821533150257
551,551,2,fam_r,0.06467947635092926,2.7383113403027686,476.6666666666667,2.7375821533150257
552,552,0,fam_r,0.06472538310605025,2.737601834380975,476.6666666666667,2.7375821533150257
553,553,1,fam_r,0.06472538310605025,2.737601834380975,476.6666666666667,2.7375821533150257
554,554,2,fam_r,0.06472538310605025,2.737601834380975,476.6666666666667,2.7375821533150257
555,555,0,fam_r,0.0647266225884385,2.7375826846987183,476.6666666666667,2.7375821533150257
556,556,1,fam_r,0.0647266225884385,2.7375826846987183,476.6666666666667,2.7375821533150257
557,557,2,fam_r,0.0647266225884385,2.7375826846987183,476.6666666666667,2.7375821533150257
