,time_step,stimulus,type,familiarity,novelty,dN,steady
0,0,0,fam,0.001949317738791423,6.240275845170769,0.0,5.892545317601326
1,1,1,fam,0.0019398642095053346,6.245137303457015,0.0,5.892545317601326
2,2,2,fam,0.0019361084220716359,6.247075288559693,0.0,5.892545317601326
3,3,0,fam,0.0027084542464693366,5.911377195580781,0.0,5.892545317601326
4,4,1,fam,0.002707616137392179,5.911686685312061,0.0,5.892545317601326
5,5,2,fam,0.002707281038977112,5.911810454390062,0.0,5.892545317601326
6,6,0,fam,0.0027566491398233702,5.893739416619126,0.0,5.892545317601326
7,7,1,fam,0.0027565945569168714,5.893759217269888,0.0,5.892545317601326
8,8,2,fam,0.002756572724359496,5.893767137420415,0.0,5.892545317601326
9,9,0,fam,0.002759732029062142,5.892621694886221,0.0,5.892545317601326
10,10,1,fam,0.002759728531892608,5.892622962100469,0.0,5.892545317601326
11,11,2,fam,0.0027597271330272763,5.892623468985719,0.0,5.892545317601326
12,12,0,fam,0.002759929327488966,5.892550205563176,0.0,5.892545317601326
13,13,1,fam,0.0027599291036542917,5.892550286664775,0.0,5.892545317601326
14,14,2,fam,0.002759929014120432,5.892550319105413,0.0,5.892545317601326
15,15,0,fam,0.0027599419545617236,5.89254563043013,0.0,5.892545317601326
16,16,1,fam,0.0027599419402362397,5.892545635620631,0.0,5.892545317601326
17,17,2,fam,0.0027599419345060465,5.8925456376968315,0.0,5.892545317601326
18,18,0,fam,0.002759942762694271,5.892545337622367,0.0,5.892545317601326
19,19,1,fam,0.00275994276177744,5.892545337954559,0.0,5.892545317601326
20,20,2,fam,0.0027599427614107075,5.8925453380874355,0.0,5.892545317601326
21,21,0,fam,0.002759942814414754,5.892545318882672,0.0,5.892545317601326
22,22,1,fam,0.0027599428143560765,5.892545318903933,0.0,5.892545317601326
23,23,2,fam,0.0027599428143326057,5.892545318912437,0.0,5.892545317601326
24,24,0,fam,0.002759942817724865,5.892545317683332,0.0,5.892545317601326
25,25,1,fam,0.002759942817721109,5.892545317684693,0.0,5.892545317601326
26,26,2,fam,0.0027599428177196073,5.892545317685237,0.0,5.892545317601326
27,27,0,fam,0.0027599428179367115,5.892545317606575,0.0,5.892545317601326
28,28,1,fam,0.002759942817936471,5.892545317606662,0.0,5.892545317601326
29,29,2,fam,0.0027599428179363754,5.892545317606697,0.0,5.892545317601326
30,30,0,fam,0.00275994281795027,5.8925453176016624,0.0,5.892545317601326
31,31,1,fam,0.002759942817950255,5.892545317601668,0.0,5.892545317601326
32,32,2,fam,0.0027599428179502484,5.8925453176016696,0.0,5.892545317601326
33,33,0,fam,0.0027599428179511374,5.892545317601348,0.0,5.892545317601326
34,34,1,fam,0.0027599428179511365,5.892545317601348,0.0,5.892545317601326
35,35,2,fam,0.002759942817951136,5.892545317601348,0.0,5.892545317601326
36,36,0,fam,0.002759942817951193,5.892545317601328,0.0,5.892545317601326
37,37,1,fam,0.002759942817951193,5.892545317601328,0.0,5.892545317601326
38,38,2,fam,0.002759942817951193,5.892545317601328,0.0,5.892545317601326
39,39,0,fam,0.002759942817951197,5.892545317601326,0.0,5.892545317601326
40,40,1,fam,0.002759942817951197,5.892545317601326,0.0,5.892545317601326
41,41,2,fam,0.002759942817951197,5.892545317601326,0.0,5.892545317601326
42,42,0,fam,0.0027599428179511973,5.892545317601326,0.0,5.892545317601326
43,43,1,fam,0.0027599428179511973,5.892545317601326,0.0,5.892545317601326
44,44,2,fam,0.0027599428179511973,5.892545317601326,0.0,5.892545317601326
45,45,0,fam,0.0027599428179511973,5.892545317601326,0.0,5.892545317601326
46,46,1,fam,0.0027599428179511973,5.892545317601326,0.0,5.892545317601326
47,47,2,fam,0.0027599428179511973,5.892545317601326,0.0,5.892545317601326
48,48,0,fam,0.0027599428179511973,5.892545317601326,0.0,5.892545317601326
49,49,1,fam,0.0027599428179511973,5.892545317601326,0.0,5.892545317601326
50,50,2,fam,0.0027599428179511973,5.892545317601326,0.0,5.892545317601326
51,51,0,fam,0.0027599428179511973,5.892545317601326,0.0,5.892545317601326
52,52,1,fam,0.0027599428179511973,5.892545317601326,0.0,5.892545317601326
53,53,2,fam,0.0027599428179511973,5.892545317601326,0.0,5.892545317601326
54,54,0,fam,0.0027599428179511973,5.892545317601326,0.0,5.892545317601326
55,55,1,fam,0.0027599428179511973,5.892545317601326,0.0,5.892545317601326
56,56,2,fam,0.0027599428179511973,5.892545317601326,0.0,5.892545317601326
57,57,0,fam,0.0027599428179511973,5.892545317601326,0.0,5.892545317601326
58,58,1,fam,0.0027599428179511973,5.892545317601326,0.0,5.892545317601326
59,59,2,fam,0.0027599428179511973,5.892545317601326,0.0,5.892545317601326
60,60,0,fam,0.0027599428179511973,5.892545317601326,0.0,5.892545317601326
61,61,1,fam,0.0027599428179511973,5.892545317601326,0.0,5.892545317601326
62,62,2,fam,0.0027599428179511973,5.892545317601326,0.0,5.892545317601326
63,63,0,fam,0.0027599428179511973,5.892545317601326,0.0,5.892545317601326
64,64,1,fam,0.0027599428179511973,5.892545317601326,0.0,5.892545317601326
65,65,2,fam,0.0027599428179511973,5.892545317601326,0.0,5.892545317601326
66,66,0,fam_r,0.0027599428179511973,5.892545317601326,0.0,5.892545317601326
67,67,1,fam_r,0.0027599428179511973,5.892545317601326,0.0,5.892545317601326
68,68,2,fam_r,0.0027599428179511973,5.892545317601326,0.0,5.892545317601326
69,69,0,fam_r,0.0027599428179511973,5.892545317601326,0.0,5.892545317601326
70,70,1,fam_r,0.0027599428179511973,5.892545317601326,0.0,5.892545317601326
71,71,2,fam_r,0.0027599428179511973,5.892545317601326,0.0,5.892545317601326
72,72,0,fam_r,0.0027599428179511973,5.892545317601326,0.0,5.892545317601326
73,73,1,fam_r,0.0027599428179511973,5.892545317601326,0.0,5.892545317601326
74,74,2,fam_r,0.0027599428179511973,5.892545317601326,0.0,5.892545317601326
75,75,0,fam_r,0.0027599428179511973,5.892545317601326,0.0,5.892545317601326
76,76,1,fam_r,0.0027599428179511973,5.892545317601326,0.0,5.892545317601326
77,77,2,fam_r,0.0027599428179511973,5.892545317601326,0.0,5.892545317601326
78,78,0,fam_r,0.0027599428179511973,5.892545317601326,0.0,5.892545317601326
79,79,1,fam_r,0.0027599428179511973,5.892545317601326,0.0,5.892545317601326
80,80,2,fam_r,0.0027599428179511973,5.892545317601326,0.0,5.892545317601326
0,0,0,fam,0.001949317738791423,6.240275845170769,73.33333333333334,5.892545317601326
1,1,1,fam,0.0019398642095053346,6.245137303457015,73.33333333333334,5.892545317601326
2,2,2,fam,0.0019361084220716359,6.247075288559693,73.33333333333334,5.892545317601326
3,3,0,fam,0.0027084542464693366,5.911377195580781,73.33333333333334,5.892545317601326
4,4,1,fam,0.002707616137392179,5.911686685312061,73.33333333333334,5.892545317601326
5,5,2,fam,0.002707281038977112,5.911810454390062,73.33333333333334,5.892545317601326
6,6,0,fam,0.0027566491398233702,5.893739416619126,73.33333333333334,5.892545317601326
7,7,1,fam,0.0027565945569168714,5.893759217269888,73.33333333333334,5.892545317601326
8,8,2,fam,0.002756572724359496,5.893767137420415,73.33333333333334,5.892545317601326
9,9,0,fam,0.002759732029062142,5.892621694886221,73.33333333333334,5.892545317601326
10,10,1,fam,0.002759728531892608,5.892622962100469,73.33333333333334,5.892545317601326
11,11,2,fam,0.0027597271330272763,5.892623468985719,73.33333333333334,5.892545317601326
12,12,0,fam,0.002759929327488966,5.892550205563176,73.33333333333334,5.892545317601326
13,13,1,fam,0.0027599291036542917,5.892550286664775,73.33333333333334,5.892545317601326
14,14,2,fam,0.002759929014120432,5.892550319105413,73.33333333333334,5.892545317601326
15,15,0,fam,0.0027599419545617236,5.89254563043013,73.33333333333334,5.892545317601326
16,16,1,fam,0.0027599419402362397,5.892545635620631,73.33333333333334,5.892545317601326
17,17,2,fam,0.0027599419345060465,5.8925456376968315,73.33333333333334,5.892545317601326
18,18,0,fam,0.002759942762694271,5.892545337622367,73.33333333333334,5.892545317601326
19,19,1,fam,0.00275994276177744,5.892545337954559,73.33333333333334,5.892545317601326
20,20,2,fam,0.0027599427614107075,5.8925453380874355,73.33333333333334,5.892545317601326
21,21,0,fam,0.002759942814414754,5.892545318882672,73.33333333333334,5.892545317601326
22,22,1,fam,0.0027599428143560765,5.892545318903933,73.33333333333334,5.892545317601326
23,23,2,fam,0.0027599428143326057,5.892545318912437,73.33333333333334,5.892545317601326
24,24,0,fam,0.002759942817724865,5.892545317683332,73.33333333333334,5.892545317601326
25,25,1,fam,0.002759942817721109,5.892545317684693,73.33333333333334,5.892545317601326
26,26,2,fam,0.0027599428177196073,5.892545317685237,73.33333333333334,5.892545317601326
27,27,0,fam,0.0027599428179367115,5.892545317606575,73.33333333333334,5.892545317601326
28,28,1,fam,0.002759942817936471,5.892545317606662,73.33333333333334,5.892545317601326
29,29,2,fam,0.0027599428179363754,5.892545317606697,73.33333333333334,5.892545317601326
30,30,0,fam,0.00275994281795027,5.8925453176016624,73.33333333333334,5.892545317601326
31,31,1,fam,0.002759942817950255,5.892545317601668,73.33333333333334,5.892545317601326
32,32,2,fam,0.0027599428179502484,5.8925453176016696,73.33333333333334,5.892545317601326
33,33,0,fam,0.0027599428179511374,5.892545317601348,73.33333333333334,5.892545317601326
34,34,1,fam,0.0027599428179511365,5.892545317601348,73.33333333333334,5.892545317601326
35,35,2,fam,0.002759942817951136,5.892545317601348,73.33333333333334,5.892545317601326
36,36,0,fam,0.002759942817951193,5.892545317601328,73.33333333333334,5.892545317601326
37,37,1,fam,0.002759942817951193,5.892545317601328,73.33333333333334,5.892545317601326
38,38,2,fam,0.002759942817951193,5.892545317601328,73.33333333333334,5.892545317601326
39,39,0,fam,0.002759942817951197,5.892545317601326,73.33333333333334,5.892545317601326
40,40,1,fam,0.002759942817951197,5.892545317601326,73.33333333333334,5.892545317601326
41,41,2,fam,0.002759942817951197,5.892545317601326,73.33333333333334,5.892545317601326
42,42,0,fam,0.0027599428179511973,5.892545317601326,73.33333333333334,5.892545317601326
43,43,1,fam,0.0027599428179511973,5.892545317601326,73.33333333333334,5.892545317601326
44,44,2,fam,0.0027599428179511973,5.892545317601326,73.33333333333334,5.892545317601326
45,45,0,fam,0.0027599428179511973,5.892545317601326,73.33333333333334,5.892545317601326
46,46,1,fam,0.0027599428179511973,5.892545317601326,73.33333333333334,5.892545317601326
47,47,2,fam,0.0027599428179511973,5.892545317601326,73.33333333333334,5.892545317601326
48,48,0,fam,0.0027599428179511973,5.892545317601326,73.33333333333334,5.892545317601326
49,49,1,fam,0.0027599428179511973,5.892545317601326,73.33333333333334,5.892545317601326
50,50,2,fam,0.0027599428179511973,5.892545317601326,73.33333333333334,5.892545317601326
51,51,0,fam,0.0027599428179511973,5.892545317601326,73.33333333333334,5.892545317601326
52,52,1,fam,0.0027599428179511973,5.892545317601326,73.33333333333334,5.892545317601326
53,53,2,fam,0.0027599428179511973,5.892545317601326,73.33333333333334,5.892545317601326
54,54,0,fam,0.0027599428179511973,5.892545317601326,73.33333333333334,5.892545317601326
55,55,1,fam,0.0027599428179511973,5.892545317601326,73.33333333333334,5.892545317601326
56,56,2,fam,0.0027599428179511973,5.892545317601326,73.33333333333334,5.892545317601326
57,57,0,fam,0.0027599428179511973,5.892545317601326,73.33333333333334,5.892545317601326
58,58,1,fam,0.0027599428179511973,5.892545317601326,73.33333333333334,5.892545317601326
59,59,2,fam,0.0027599428179511973,5.892545317601326,73.33333333333334,5.892545317601326
60,60,0,fam,0.0027599428179511973,5.892545317601326,73.33333333333334,5.892545317601326
61,61,1,fam,0.0027599428179511973,5.892545317601326,73.33333333333334,5.892545317601326
62,62,2,fam,0.0027599428179511973,5.892545317601326,73.33333333333334,5.892545317601326
63,63,0,fam,0.0027599428179511973,5.892545317601326,73.33333333333334,5.892545317601326
64,64,1,fam,0.0027599428179511973,5.892545317601326,73.33333333333334,5.892545317601326
65,65,2,fam,0.0027599428179511973,5.892545317601326,73.33333333333334,5.892545317601326
66,66,3,recov,0.0019336126329358686,6.248365195220325,73.33333333333334,5.892545317601326
67,67,4,recov,0.0019336126329358686,6.248365195220325,73.33333333333334,5.892545317601326
68,68,5,recov,0.0019336126329358686,6.248365195220325,73.33333333333334,5.892545317601326
69,69,3,recov,0.002707057686110216,5.911892958599112,73.33333333333334,5.892545317601326
70,70,4,recov,0.002707057686110216,5.911892958599112,73.33333333333334,5.892545317601326
71,71,5,recov,0.002707057686110216,5.911892958599112,73.33333333333334,5.892545317601326
72,72,3,recov,0.0027565581695133744,5.893772417485917,73.33333333333334,5.892545317601326
73,73,4,recov,0.0027565581695133744,5.893772417485917,73.33333333333334,5.892545317601326
74,74,5,recov,0.0027565581695133744,5.893772417485917,73.33333333333334,5.892545317601326
75,75,3,recov,0.0027597262004511766,5.892623806909076,73.33333333333334,5.892545317601326
76,76,4,recov,0.0027597262004511766,5.892623806909076,73.33333333333334,5.892545317601326
77,77,5,recov,0.0027597262004511766,5.892623806909076,73.33333333333334,5.892545317601326
78,78,3,recov,0.0027599289544311956,5.892550340732505,73.33333333333334,5.892545317601326
79,79,4,recov,0.0027599289544311956,5.892550340732505,73.33333333333334,5.892545317601326
80,80,5,recov,0.0027599289544311956,5.892550340732505,73.33333333333334,5.892545317601326
81,81,3,recov,0.0027599419306859174,5.892545639080966,73.33333333333334,5.892545317601326
82,82,4,recov,0.0027599419306859174,5.892545639080966,73.33333333333334,5.892545317601326
83,83,5,recov,0.0027599419306859174,5.892545639080966,73.33333333333334,5.892545317601326
84,84,3,recov,0.0027599427611662195,5.89254533817602,73.33333333333334,5.892545317601326
85,85,4,recov,0.0027599427611662195,5.89254533817602,73.33333333333334,5.892545317601326
86,86,5,recov,0.0027599427611662195,5.89254533817602,73.33333333333334,5.892545317601326
87,87,3,recov,0.0027599428143169585,5.892545318918106,73.33333333333334,5.892545317601326
88,88,4,recov,0.0027599428143169585,5.892545318918106,73.33333333333334,5.892545317601326
89,89,5,recov,0.0027599428143169585,5.892545318918106,73.33333333333334,5.892545317601326
90,90,3,recov,0.002759942817718606,5.8925453176856,73.33333333333334,5.892545317601326
91,91,4,recov,0.002759942817718606,5.8925453176856,73.33333333333334,5.892545317601326
92,92,5,recov,0.002759942817718606,5.8925453176856,73.33333333333334,5.892545317601326
93,93,3,recov,0.002759942817936311,5.89254531760672,73.33333333333334,5.892545317601326
94,94,4,recov,0.002759942817936311,5.89254531760672,73.33333333333334,5.892545317601326
95,95,5,recov,0.002759942817936311,5.89254531760672,73.33333333333334,5.892545317601326
96,96,3,recov,0.0027599428179502445,5.892545317601671,73.33333333333334,5.892545317601326
97,97,4,recov,0.0027599428179502445,5.892545317601671,73.33333333333334,5.892545317601326
98,98,5,recov,0.0027599428179502445,5.892545317601671,73.33333333333334,5.892545317601326
99,99,3,recov,0.002759942817951136,5.892545317601348,73.33333333333334,5.892545317601326
100,100,4,recov,0.002759942817951136,5.892545317601348,73.33333333333334,5.892545317601326
101,101,5,recov,0.002759942817951136,5.892545317601348,73.33333333333334,5.892545317601326
102,102,3,recov,0.002759942817951193,5.892545317601328,73.33333333333334,5.892545317601326
103,103,4,recov,0.002759942817951193,5.892545317601328,73.33333333333334,5.892545317601326
104,104,5,recov,0.002759942817951193,5.892545317601328,73.33333333333334,5.892545317601326
105,105,3,recov,0.002759942817951197,5.892545317601326,73.33333333333334,5.892545317601326
106,106,4,recov,0.002759942817951197,5.892545317601326,73.33333333333334,5.892545317601326
107,107,5,recov,0.002759942817951197,5.892545317601326,73.33333333333334,5.892545317601326
108,108,3,recov,0.0027599428179511973,5.892545317601326,73.33333333333334,5.892545317601326
109,109,4,recov,0.0027599428179511973,5.892545317601326,73.33333333333334,5.892545317601326
110,110,5,recov,0.0027599428179511973,5.892545317601326,73.33333333333334,5.892545317601326
111,111,3,recov,0.0027599428179511973,5.892545317601326,73.33333333333334,5.892545317601326
112,112,4,recov,0.0027599428179511973,5.892545317601326,73.33333333333334,5.892545317601326
113,113,5,recov,0.0027599428179511973,5.892545317601326,73.33333333333334,5.892545317601326
114,114,3,recov,0.0027599428179511973,5.892545317601326,73.33333333333334,5.892545317601326
115,115,4,recov,0.0027599428179511973,5.892545317601326,73.33333333333334,5.892545317601326
116,116,5,recov,0.0027599428179511973,5.892545317601326,73.33333333333334,5.892545317601326
117,117,3,recov,0.0027599428179511973,5.892545317601326,73.33333333333334,5.892545317601326
118,118,4,recov,0.0027599428179511973,5.892545317601326,73.33333333333334,5.892545317601326
119,119,5,recov,0.0027599428179511973,5.892545317601326,73.33333333333334,5.892545317601326
120,120,3,recov,0.0027599428179511973,5.892545317601326,73.33333333333334,5.892545317601326
121,121,4,recov,0.0027599428179511973,5.892545317601326,73.33333333333334,5.892545317601326
122,122,5,recov,0.0027599428179511973,5.892545317601326,73.33333333333334,5.892545317601326
123,123,3,recov,0.0027599428179511973,5.892545317601326,73.33333333333334,5.892545317601326
124,124,4,recov,0.0027599428179511973,5.892545317601326,73.33333333333334,5.892545317601326
125,125,5,recov,0.0027599428179511973,5.892545317601326,73.33333333333334,5.892545317601326
126,126,3,recov,0.0027599428179511973,5.892545317601326,73.33333333333334,5.892545317601326
127,127,4,recov,0.0027599428179511973,5.892545317601326,73.33333333333334,5.892545317601326
128,128,5,recov,0.0027599428179511973,5.892545317601326,73.33333333333334,5.892545317601326
129,129,3,recov,0.0027599428179511973,5.892545317601326,73.33333333333334,5.892545317601326
130,130,4,recov,0.0027599428179511973,5.892545317601326,73.33333333333334,5.892545317601326
131,131,5,recov,0.0027599428179511973,5.892545317601326,73.33333333333334,5.892545317601326
132,132,3,recov,0.0027599428179511973,5.892545317601326,73.33333333333334,5.892545317601326
133,133,4,recov,0.0027599428179511973,5.892545317601326,73.33333333333334,5.892545317601326
134,134,5,recov,0.0027599428179511973,5.892545317601326,73.33333333333334,5.892545317601326
135,135,3,recov,0.0027599428179511973,5.892545317601326,73.33333333333334,5.892545317601326
136,136,4,recov,0.0027599428179511973,5.892545317601326,73.33333333333334,5.892545317601326
137,137,5,recov,0.0027599428179511973,5.892545317601326,73.33333333333334,5.892545317601326
138,138,0,fam_r,0.0019336126329358686,6.248365195220325,73.33333333333334,5.892545317601326
139,139,1,fam_r,0.0019336126329358686,6.248365195220325,73.33333333333334,5.892545317601326
140,140,2,fam_r,0.0019336126329358686,6.248365195220325,73.33333333333334,5.892545317601326
141,141,0,fam_r,0.002707057686110216,5.911892958599112,73.33333333333334,5.892545317601326
142,142,1,fam_r,0.002707057686110216,5.911892958599112,73.33333333333334,5.892545317601326
143,143,2,fam_r,0.002707057686110216,5.911892958599112,73.33333333333334,5.892545317601326
144,144,0,fam_r,0.0027565581695133744,5.893772417485917,73.33333333333334,5.892545317601326
145,145,1,fam_r,0.0027565581695133744,5.893772417485917,73.33333333333334,5.892545317601326
146,146,2,fam_r,0.0027565581695133744,5.893772417485917,73.33333333333334,5.892545317601326
147,147,0,fam_r,0.0027597262004511766,5.892623806909076,73.33333333333334,5.892545317601326
148,148,1,fam_r,0.0027597262004511766,5.892623806909076,73.33333333333334,5.892545317601326
149,149,2,fam_r,0.0027597262004511766,5.892623806909076,73.33333333333334,5.892545317601326
150,150,0,fam_r,0.0027599289544311956,5.892550340732505,73.33333333333334,5.892545317601326
151,151,1,fam_r,0.0027599289544311956,5.892550340732505,73.33333333333334,5.892545317601326
152,152,2,fam_r,0.0027599289544311956,5.892550340732505,73.33333333333334,5.892545317601326
0,0,0,fam,0.001949317738791423,6.240275845170769,146.66666666666669,5.892545317601326
1,1,1,fam,0.0019398642095053346,6.245137303457015,146.66666666666669,5.892545317601326
2,2,2,fam,0.0019361084220716359,6.247075288559693,146.66666666666669,5.892545317601326
3,3,0,fam,0.0027084542464693366,5.911377195580781,146.66666666666669,5.892545317601326
4,4,1,fam,0.002707616137392179,5.911686685312061,146.66666666666669,5.892545317601326
5,5,2,fam,0.002707281038977112,5.911810454390062,146.66666666666669,5.892545317601326
6,6,0,fam,0.0027566491398233702,5.893739416619126,146.66666666666669,5.892545317601326
7,7,1,fam,0.0027565945569168714,5.893759217269888,146.66666666666669,5.892545317601326
8,8,2,fam,0.002756572724359496,5.893767137420415,146.66666666666669,5.892545317601326
9,9,0,fam,0.002759732029062142,5.892621694886221,146.66666666666669,5.892545317601326
10,10,1,fam,0.002759728531892608,5.892622962100469,146.66666666666669,5.892545317601326
11,11,2,fam,0.0027597271330272763,5.892623468985719,146.66666666666669,5.892545317601326
12,12,0,fam,0.002759929327488966,5.892550205563176,146.66666666666669,5.892545317601326
13,13,1,fam,0.0027599291036542917,5.892550286664775,146.66666666666669,5.892545317601326
14,14,2,fam,0.002759929014120432,5.892550319105413,146.66666666666669,5.892545317601326
15,15,0,fam,0.0027599419545617236,5.89254563043013,146.66666666666669,5.892545317601326
16,16,1,fam,0.0027599419402362397,5.892545635620631,146.66666666666669,5.892545317601326
17,17,2,fam,0.0027599419345060465,5.8925456376968315,146.66666666666669,5.892545317601326
18,18,0,fam,0.002759942762694271,5.892545337622367,146.66666666666669,5.892545317601326
19,19,1,fam,0.00275994276177744,5.892545337954559,146.66666666666669,5.892545317601326
20,20,2,fam,0.0027599427614107075,5.8925453380874355,146.66666666666669,5.892545317601326
21,21,0,fam,0.002759942814414754,5.892545318882672,146.66666666666669,5.892545317601326
22,22,1,fam,0.0027599428143560765,5.892545318903933,146.66666666666669,5.892545317601326
23,23,2,fam,0.0027599428143326057,5.892545318912437,146.66666666666669,5.892545317601326
24,24,0,fam,0.002759942817724865,5.892545317683332,146.66666666666669,5.892545317601326
25,25,1,fam,0.002759942817721109,5.892545317684693,146.66666666666669,5.892545317601326
26,26,2,fam,0.0027599428177196073,5.892545317685237,146.66666666666669,5.892545317601326
27,27,0,fam,0.0027599428179367115,5.892545317606575,146.66666666666669,5.892545317601326
28,28,1,fam,0.002759942817936471,5.892545317606662,146.66666666666669,5.892545317601326
29,29,2,fam,0.0027599428179363754,5.892545317606697,146.66666666666669,5.892545317601326
30,30,0,fam,0.00275994281795027,5.8925453176016624,146.66666666666669,5.892545317601326
31,31,1,fam,0.002759942817950255,5.892545317601668,146.66666666666669,5.892545317601326
32,32,2,fam,0.0027599428179502484,5.8925453176016696,146.66666666666669,5.892545317601326
33,33,0,fam,0.0027599428179511374,5.892545317601348,146.66666666666669,5.892545317601326
34,34,1,fam,0.0027599428179511365,5.892545317601348,146.66666666666669,5.892545317601326
35,35,2,fam,0.002759942817951136,5.892545317601348,146.66666666666669,5.892545317601326
36,36,0,fam,0.002759942817951193,5.892545317601328,146.66666666666669,5.892545317601326
37,37,1,fam,0.002759942817951193,5.892545317601328,146.66666666666669,5.892545317601326
38,38,2,fam,0.002759942817951193,5.892545317601328,146.66666666666669,5.892545317601326
39,39,0,fam,0.002759942817951197,5.892545317601326,146.66666666666669,5.892545317601326
40,40,1,fam,0.002759942817951197,5.892545317601326,146.66666666666669,5.892545317601326
41,41,2,fam,0.002759942817951197,5.892545317601326,146.66666666666669,5.892545317601326
42,42,0,fam,0.0027599428179511973,5.892545317601326,146.66666666666669,5.892545317601326
43,43,1,fam,0.0027599428179511973,5.892545317601326,146.66666666666669,5.892545317601326
44,44,2,fam,0.0027599428179511973,5.892545317601326,146.66666666666669,5.892545317601326
45,45,0,fam,0.0027599428179511973,5.892545317601326,146.66666666666669,5.892545317601326
46,46,1,fam,0.0027599428179511973,5.892545317601326,146.66666666666669,5.892545317601326
47,47,2,fam,0.0027599428179511973,5.892545317601326,146.66666666666669,5.892545317601326
48,48,0,fam,0.0027599428179511973,5.892545317601326,146.66666666666669,5.892545317601326
49,49,1,fam,0.0027599428179511973,5.892545317601326,146.66666666666669,5.892545317601326
50,50,2,fam,0.0027599428179511973,5.892545317601326,146.66666666666669,5.892545317601326
51,51,0,fam,0.0027599428179511973,5.892545317601326,146.66666666666669,5.892545317601326
52,52,1,fam,0.0027599428179511973,5.892545317601326,146.66666666666669,5.892545317601326
53,53,2,fam,0.0027599428179511973,5.892545317601326,146.66666666666669,5.892545317601326
54,54,0,fam,0.0027599428179511973,5.892545317601326,146.66666666666669,5.892545317601326
55,55,1,fam,0.0027599428179511973,5.892545317601326,146.66666666666669,5.892545317601326
56,56,2,fam,0.0027599428179511973,5.892545317601326,146.66666666666669,5.892545317601326
57,57,0,fam,0.0027599428179511973,5.892545317601326,146.66666666666669,5.892545317601326
58,58,1,fam,0.0027599428179511973,5.892545317601326,146.66666666666669,5.892545317601326
59,59,2,fam,0.0027599428179511973,5.892545317601326,146.66666666666669,5.892545317601326
60,60,0,fam,0.0027599428179511973,5.892545317601326,146.66666666666669,5.892545317601326
61,61,1,fam,0.0027599428179511973,5.892545317601326,146.66666666666669,5.892545317601326
62,62,2,fam,0.0027599428179511973,5.892545317601326,146.66666666666669,5.892545317601326
63,63,0,fam,0.0027599428179511973,5.892545317601326,146.66666666666669,5.892545317601326
64,64,1,fam,0.0027599428179511973,5.892545317601326,146.66666666666669,5.892545317601326
65,65,2,fam,0.0027599428179511973,5.892545317601326,146.66666666666669,5.892545317601326
66,66,3,recov,0.0019336126329358686,6.248365195220325,146.66666666666669,5.892545317601326
67,67,4,recov,0.0019336126329358686,6.248365195220325,146.66666666666669,5.892545317601326
68,68,5,recov,0.0019336126329358686,6.248365195220325,146.66666666666669,5.892545317601326
69,69,3,recov,0.002707057686110216,5.911892958599112,146.66666666666669,5.892545317601326
70,70,4,recov,0.002707057686110216,5.911892958599112,146.66666666666669,5.892545317601326
71,71,5,recov,0.002707057686110216,5.911892958599112,146.66666666666669,5.892545317601326
72,72,3,recov,0.0027565581695133744,5.893772417485917,146.66666666666669,5.892545317601326
73,73,4,recov,0.0027565581695133744,5.893772417485917,146.66666666666669,5.892545317601326
74,74,5,recov,0.0027565581695133744,5.893772417485917,146.66666666666669,5.892545317601326
75,75,3,recov,0.0027597262004511766,5.892623806909076,146.66666666666669,5.892545317601326
76,76,4,recov,0.0027597262004511766,5.892623806909076,146.66666666666669,5.892545317601326
77,77,5,recov,0.0027597262004511766,5.892623806909076,146.66666666666669,5.892545317601326
78,78,3,recov,0.0027599289544311956,5.892550340732505,146.66666666666669,5.892545317601326
79,79,4,recov,0.0027599289544311956,5.892550340732505,146.66666666666669,5.892545317601326
80,80,5,recov,0.0027599289544311956,5.892550340732505,146.66666666666669,5.892545317601326
81,81,3,recov,0.0027599419306859174,5.892545639080966,146.66666666666669,5.892545317601326
82,82,4,recov,0.0027599419306859174,5.892545639080966,146.66666666666669,5.892545317601326
83,83,5,recov,0.0027599419306859174,5.892545639080966,146.66666666666669,5.892545317601326
84,84,3,recov,0.0027599427611662195,5.89254533817602,146.66666666666669,5.892545317601326
85,85,4,recov,0.0027599427611662195,5.89254533817602,146.66666666666669,5.892545317601326
86,86,5,recov,0.0027599427611662195,5.89254533817602,146.66666666666669,5.892545317601326
87,87,3,recov,0.0027599428143169585,5.892545318918106,146.66666666666669,5.892545317601326
88,88,4,recov,0.0027599428143169585,5.892545318918106,146.66666666666669,5.892545317601326
89,89,5,recov,0.0027599428143169585,5.892545318918106,146.66666666666669,5.892545317601326
90,90,3,recov,0.002759942817718606,5.8925453176856,146.66666666666669,5.892545317601326
91,91,4,recov,0.002759942817718606,5.8925453176856,146.66666666666669,5.892545317601326
92,92,5,recov,0.002759942817718606,5.8925453176856,146.66666666666669,5.892545317601326
93,93,3,recov,0.002759942817936311,5.89254531760672,146.66666666666669,5.892545317601326
94,94,4,recov,0.002759942817936311,5.89254531760672,146.66666666666669,5.892545317601326
95,95,5,recov,0.002759942817936311,5.89254531760672,146.66666666666669,5.892545317601326
96,96,3,recov,0.0027599428179502445,5.892545317601671,146.66666666666669,5.892545317601326
97,97,4,recov,0.0027599428179502445,5.892545317601671,146.66666666666669,5.892545317601326
98,98,5,recov,0.0027599428179502445,5.892545317601671,146.66666666666669,5.892545317601326
99,99,3,recov,0.002759942817951136,5.892545317601348,146.66666666666669,5.892545317601326
100,100,4,recov,0.002759942817951136,5.892545317601348,146.66666666666669,5.892545317601326
101,101,5,recov,0.002759942817951136,5.892545317601348,146.66666666666669,5.892545317601326
102,102,3,recov,0.002759942817951193,5.892545317601328,146.66666666666669,5.892545317601326
103,103,4,recov,0.002759942817951193,5.892545317601328,146.66666666666669,5.892545317601326
104,104,5,recov,0.002759942817951193,5.892545317601328,146.66666666666669,5.892545317601326
105,105,3,recov,0.002759942817951197,5.892545317601326,146.66666666666669,5.892545317601326
106,106,4,recov,0.002759942817951197,5.892545317601326,146.66666666666669,5.892545317601326
107,107,5,recov,0.002759942817951197,5.892545317601326,146.66666666666669,5.892545317601326
108,108,3,recov,0.0027599428179511973,5.892545317601326,146.66666666666669,5.892545317601326
109,109,4,recov,0.0027599428179511973,5.892545317601326,146.66666666666669,5.892545317601326
110,110,5,recov,0.0027599428179511973,5.892545317601326,146.66666666666669,5.892545317601326
111,111,3,recov,0.0027599428179511973,5.892545317601326,146.66666666666669,5.892545317601326
112,112,4,recov,0.0027599428179511973,5.892545317601326,146.66666666666669,5.892545317601326
113,113,5,recov,0.0027599428179511973,5.892545317601326,146.66666666666669,5.892545317601326
114,114,3,recov,0.0027599428179511973,5.892545317601326,146.66666666666669,5.892545317601326
115,115,4,recov,0.0027599428179511973,5.892545317601326,146.66666666666669,5.892545317601326
116,116,5,recov,0.0027599428179511973,5.892545317601326,146.66666666666669,5.892545317601326
117,117,3,recov,0.0027599428179511973,5.892545317601326,146.66666666666669,5.892545317601326
118,118,4,recov,0.0027599428179511973,5.892545317601326,146.66666666666669,5.892545317601326
119,119,5,recov,0.0027599428179511973,5.892545317601326,146.66666666666669,5.892545317601326
120,120,3,recov,0.0027599428179511973,5.892545317601326,146.66666666666669,5.892545317601326
121,121,4,recov,0.0027599428179511973,5.892545317601326,146.66666666666669,5.892545317601326
122,122,5,recov,0.0027599428179511973,5.892545317601326,146.66666666666669,5.892545317601326
123,123,3,recov,0.0027599428179511973,5.892545317601326,146.66666666666669,5.892545317601326
124,124,4,recov,0.0027599428179511973,5.892545317601326,146.66666666666669,5.892545317601326
125,125,5,recov,0.0027599428179511973,5.892545317601326,146.66666666666669,5.892545317601326
126,126,3,recov,0.0027599428179511973,5.892545317601326,146.66666666666669,5.892545317601326
127,127,4,recov,0.0027599428179511973,5.892545317601326,146.66666666666669,5.892545317601326
128,128,5,recov,0.0027599428179511973,5.892545317601326,146.66666666666669,5.892545317601326
129,129,3,recov,0.0027599428179511973,5.892545317601326,146.66666666666669,5.892545317601326
130,130,4,recov,0.0027599428179511973,5.892545317601326,146.66666666666669,5.892545317601326
131,131,5,recov,0.0027599428179511973,5.892545317601326,146.66666666666669,5.892545317601326
132,132,3,recov,0.0027599428179511973,5.892545317601326,146.66666666666669,5.892545317601326
133,133,4,recov,0.0027599428179511973,5.892545317601326,146.66666666666669,5.892545317601326
134,134,5,recov,0.0027599428179511973,5.892545317601326,146.66666666666669,5.892545317601326
135,135,3,recov,0.0027599428179511973,5.892545317601326,146.66666666666669,5.892545317601326
136,136,4,recov,0.0027599428179511973,5.892545317601326,146.66666666666669,5.892545317601326
137,137,5,recov,0.0027599428179511973,5.892545317601326,146.66666666666669,5.892545317601326
138,138,3,recov,0.0027599428179511973,5.892545317601326,146.66666666666669,5.892545317601326
139,139,4,recov,0.0027599428179511973,5.892545317601326,146.66666666666669,5.892545317601326
140,140,5,recov,0.0027599428179511973,5.892545317601326,146.66666666666669,5.892545317601326
141,141,3,recov,0.0027599428179511973,5.892545317601326,146.66666666666669,5.892545317601326
142,142,4,recov,0.0027599428179511973,5.892545317601326,146.66666666666669,5.892545317601326
143,143,5,recov,0.0027599428179511973,5.892545317601326,146.66666666666669,5.892545317601326
144,144,3,recov,0.0027599428179511973,5.892545317601326,146.66666666666669,5.892545317601326
145,145,4,recov,0.0027599428179511973,5.892545317601326,146.66666666666669,5.892545317601326
146,146,5,recov,0.0027599428179511973,5.892545317601326,146.66666666666669,5.892545317601326
147,147,3,recov,0.0027599428179511973,5.892545317601326,146.66666666666669,5.892545317601326
148,148,4,recov,0.0027599428179511973,5.892545317601326,146.66666666666669,5.892545317601326
149,149,5,recov,0.0027599428179511973,5.892545317601326,146.66666666666669,5.892545317601326
150,150,3,recov,0.0027599428179511973,5.892545317601326,146.66666666666669,5.892545317601326
151,151,4,recov,0.0027599428179511973,5.892545317601326,146.66666666666669,5.892545317601326
152,152,5,recov,0.0027599428179511973,5.892545317601326,146.66666666666669,5.892545317601326
153,153,3,recov,0.0027599428179511973,5.892545317601326,146.66666666666669,5.892545317601326
154,154,4,recov,0.0027599428179511973,5.892545317601326,146.66666666666669,5.892545317601326
155,155,5,recov,0.0027599428179511973,5.892545317601326,146.66666666666669,5.892545317601326
156,156,3,recov,0.0027599428179511973,5.892545317601326,146.66666666666669,5.892545317601326
157,157,4,recov,0.0027599428179511973,5.892545317601326,146.66666666666669,5.892545317601326
158,158,5,recov,0.0027599428179511973,5.892545317601326,146.66666666666669,5.892545317601326
159,159,3,recov,0.0027599428179511973,5.892545317601326,146.66666666666669,5.892545317601326
160,160,4,recov,0.0027599428179511973,5.892545317601326,146.66666666666669,5.892545317601326
161,161,5,recov,0.0027599428179511973,5.892545317601326,146.66666666666669,5.892545317601326
162,162,3,recov,0.0027599428179511973,5.892545317601326,146.66666666666669,5.892545317601326
163,163,4,recov,0.0027599428179511973,5.892545317601326,146.66666666666669,5.892545317601326
164,164,5,recov,0.0027599428179511973,5.892545317601326,146.66666666666669,5.892545317601326
165,165,3,recov,0.0027599428179511973,5.892545317601326,146.66666666666669,5.892545317601326
166,166,4,recov,0.0027599428179511973,5.892545317601326,146.66666666666669,5.892545317601326
167,167,5,recov,0.0027599428179511973,5.892545317601326,146.66666666666669,5.892545317601326
168,168,3,recov,0.0027599428179511973,5.892545317601326,146.66666666666669,5.892545317601326
169,169,4,recov,0.0027599428179511973,5.892545317601326,146.66666666666669,5.892545317601326
170,170,5,recov,0.0027599428179511973,5.892545317601326,146.66666666666669,5.892545317601326
171,171,3,recov,0.0027599428179511973,5.892545317601326,146.66666666666669,5.892545317601326
172,172,4,recov,0.0027599428179511973,5.892545317601326,146.66666666666669,5.892545317601326
173,173,5,recov,0.0027599428179511973,5.892545317601326,146.66666666666669,5.892545317601326
174,174,3,recov,0.0027599428179511973,5.892545317601326,146.66666666666669,5.892545317601326
175,175,4,recov,0.0027599428179511973,5.892545317601326,146.66666666666669,5.892545317601326
176,176,5,recov,0.0027599428179511973,5.892545317601326,146.66666666666669,5.892545317601326
177,177,3,recov,0.0027599428179511973,5.892545317601326,146.66666666666669,5.892545317601326
178,178,4,recov,0.0027599428179511973,5.892545317601326,146.66666666666669,5.892545317601326
179,179,5,recov,0.0027599428179511973,5.892545317601326,146.66666666666669,5.892545317601326
180,180,3,recov,0.0027599428179511973,5.892545317601326,146.66666666666669,5.892545317601326
181,181,4,recov,0.0027599428179511973,5.892545317601326,146.66666666666669,5.892545317601326
182,182,5,recov,0.0027599428179511973,5.892545317601326,146.66666666666669,5.892545317601326
183,183,3,recov,0.0027599428179511973,5.892545317601326,146.66666666666669,5.892545317601326
184,184,4,recov,0.0027599428179511973,5.892545317601326,146.66666666666669,5.892545317601326
185,185,5,recov,0.0027599428179511973,5.892545317601326,146.66666666666669,5.892545317601326
186,186,3,recov,0.0027599428179511973,5.892545317601326,146.66666666666669,5.892545317601326
187,187,4,recov,0.0027599428179511973,5.892545317601326,146.66666666666669,5.892545317601326
188,188,5,recov,0.0027599428179511973,5.892545317601326,146.66666666666669,5.892545317601326
189,189,3,recov,0.0027599428179511973,5.892545317601326,146.66666666666669,5.892545317601326
190,190,4,recov,0.0027599428179511973,5.892545317601326,146.66666666666669,5.892545317601326
191,191,5,recov,0.0027599428179511973,5.892545317601326,146.66666666666669,5.892545317601326
192,192,3,recov,0.0027599428179511973,5.892545317601326,146.66666666666669,5.892545317601326
193,193,4,recov,0.0027599428179511973,5.892545317601326,146.66666666666669,5.892545317601326
194,194,5,recov,0.0027599428179511973,5.892545317601326,146.66666666666669,5.892545317601326
195,195,3,recov,0.0027599428179511973,5.892545317601326,146.66666666666669,5.892545317601326
196,196,4,recov,0.0027599428179511973,5.892545317601326,146.66666666666669,5.892545317601326
197,197,5,recov,0.0027599428179511973,5.892545317601326,146.66666666666669,5.892545317601326
198,198,3,recov,0.0027599428179511973,5.892545317601326,146.66666666666669,5.892545317601326
199,199,4,recov,0.0027599428179511973,5.892545317601326,146.66666666666669,5.892545317601326
200,200,5,recov,0.0027599428179511973,5.892545317601326,146.66666666666669,5.892545317601326
201,201,3,recov,0.0027599428179511973,5.892545317601326,146.66666666666669,5.892545317601326
202,202,4,recov,0.0027599428179511973,5.892545317601326,146.66666666666669,5.892545317601326
203,203,5,recov,0.0027599428179511973,5.892545317601326,146.66666666666669,5.892545317601326
204,204,3,recov,0.0027599428179511973,5.892545317601326,146.66666666666669,5.892545317601326
205,205,4,recov,0.0027599428179511973,5.892545317601326,146.66666666666669,5.892545317601326
206,206,5,recov,0.0027599428179511973,5.892545317601326,146.66666666666669,5.892545317601326
207,207,3,recov,0.0027599428179511973,5.892545317601326,146.66666666666669,5.892545317601326
208,208,4,recov,0.0027599428179511973,5.892545317601326,146.66666666666669,5.892545317601326
209,209,5,recov,0.0027599428179511973,5.892545317601326,146.66666666666669,5.892545317601326
210,210,3,recov,0.0027599428179511973,5.892545317601326,146.66666666666669,5.892545317601326
211,211,4,recov,0.0027599428179511973,5.892545317601326,146.66666666666669,5.892545317601326
212,212,5,recov,0.0027599428179511973,5.892545317601326,146.66666666666669,5.892545317601326
213,213,0,fam_r,0.0019336126329358686,6.248365195220325,146.66666666666669,5.892545317601326
214,214,1,fam_r,0.0019336126329358686,6.248365195220325,146.66666666666669,5.892545317601326
215,215,2,fam_r,0.0019336126329358686,6.248365195220325,146.66666666666669,5.892545317601326
216,216,0,fam_r,0.002707057686110216,5.911892958599112,146.66666666666669,5.892545317601326
217,217,1,fam_r,0.002707057686110216,5.911892958599112,146.66666666666669,5.892545317601326
218,218,2,fam_r,0.002707057686110216,5.911892958599112,146.66666666666669,5.892545317601326
219,219,0,fam_r,0.0027565581695133744,5.893772417485917,146.66666666666669,5.892545317601326
220,220,1,fam_r,0.0027565581695133744,5.893772417485917,146.66666666666669,5.892545317601326
221,221,2,fam_r,0.0027565581695133744,5.893772417485917,146.66666666666669,5.892545317601326
222,222,0,fam_r,0.0027597262004511766,5.892623806909076,146.66666666666669,5.892545317601326
223,223,1,fam_r,0.0027597262004511766,5.892623806909076,146.66666666666669,5.892545317601326
224,224,2,fam_r,0.0027597262004511766,5.892623806909076,146.66666666666669,5.892545317601326
225,225,0,fam_r,0.0027599289544311956,5.892550340732505,146.66666666666669,5.892545317601326
226,226,1,fam_r,0.0027599289544311956,5.892550340732505,146.66666666666669,5.892545317601326
227,227,2,fam_r,0.0027599289544311956,5.892550340732505,146.66666666666669,5.892545317601326
0,0,0,fam,0.001949317738791423,6.240275845170769,220.0,5.892545317601326
1,1,1,fam,0.0019398642095053346,6.245137303457015,220.0,5.892545317601326
2,2,2,fam,0.0019361084220716359,6.247075288559693,220.0,5.892545317601326
3,3,0,fam,0.0027084542464693366,5.911377195580781,220.0,5.892545317601326
4,4,1,fam,0.002707616137392179,5.911686685312061,220.0,5.892545317601326
5,5,2,fam,0.002707281038977112,5.911810454390062,220.0,5.892545317601326
6,6,0,fam,0.0027566491398233702,5.893739416619126,220.0,5.892545317601326
7,7,1,fam,0.0027565945569168714,5.893759217269888,220.0,5.892545317601326
8,8,2,fam,0.002756572724359496,5.893767137420415,220.0,5.892545317601326
9,9,0,fam,0.002759732029062142,5.892621694886221,220.0,5.892545317601326
10,10,1,fam,0.002759728531892608,5.892622962100469,220.0,5.892545317601326
11,11,2,fam,0.0027597271330272763,5.892623468985719,220.0,5.892545317601326
12,12,0,fam,0.002759929327488966,5.892550205563176,220.0,5.892545317601326
13,13,1,fam,0.0027599291036542917,5.892550286664775,220.0,5.892545317601326
14,14,2,fam,0.002759929014120432,5.892550319105413,220.0,5.892545317601326
15,15,0,fam,0.0027599419545617236,5.89254563043013,220.0,5.892545317601326
16,16,1,fam,0.0027599419402362397,5.892545635620631,220.0,5.892545317601326
17,17,2,fam,0.0027599419345060465,5.8925456376968315,220.0,5.892545317601326
18,18,0,fam,0.002759942762694271,5.892545337622367,220.0,5.892545317601326
19,19,1,fam,0.00275994276177744,5.892545337954559,220.0,5.892545317601326
20,20,2,fam,0.0027599427614107075,5.8925453380874355,220.0,5.892545317601326
21,21,0,fam,0.002759942814414754,5.892545318882672,220.0,5.892545317601326
22,22,1,fam,0.0027599428143560765,5.892545318903933,220.0,5.892545317601326
23,23,2,fam,0.0027599428143326057,5.892545318912437,220.0,5.892545317601326
24,24,0,fam,0.002759942817724865,5.892545317683332,220.0,5.892545317601326
25,25,1,fam,0.002759942817721109,5.892545317684693,220.0,5.892545317601326
26,26,2,fam,0.0027599428177196073,5.892545317685237,220.0,5.892545317601326
27,27,0,fam,0.0027599428179367115,5.892545317606575,220.0,5.892545317601326
28,28,1,fam,0.002759942817936471,5.892545317606662,220.0,5.892545317601326
29,29,2,fam,0.0027599428179363754,5.892545317606697,220.0,5.892545317601326
30,30,0,fam,0.00275994281795027,5.8925453176016624,220.0,5.892545317601326
31,31,1,fam,0.002759942817950255,5.892545317601668,220.0,5.892545317601326
32,32,2,fam,0.0027599428179502484,5.8925453176016696,220.0,5.892545317601326
33,33,0,fam,0.0027599428179511374,5.892545317601348,220.0,5.892545317601326
34,34,1,fam,0.0027599428179511365,5.892545317601348,220.0,5.892545317601326
35,35,2,fam,0.002759942817951136,5.892545317601348,220.0,5.892545317601326
36,36,0,fam,0.002759942817951193,5.892545317601328,220.0,5.892545317601326
37,37,1,fam,0.002759942817951193,5.892545317601328,220.0,5.892545317601326
38,38,2,fam,0.002759942817951193,5.892545317601328,220.0,5.892545317601326
39,39,0,fam,0.002759942817951197,5.892545317601326,220.0,5.892545317601326
40,40,1,fam,0.002759942817951197,5.892545317601326,220.0,5.892545317601326
41,41,2,fam,0.002759942817951197,5.892545317601326,220.0,5.892545317601326
42,42,0,fam,0.0027599428179511973,5.892545317601326,220.0,5.892545317601326
43,43,1,fam,0.0027599428179511973,5.892545317601326,220.0,5.892545317601326
44,44,2,fam,0.0027599428179511973,5.892545317601326,220.0,5.892545317601326
45,45,0,fam,0.0027599428179511973,5.892545317601326,220.0,5.892545317601326
46,46,1,fam,0.0027599428179511973,5.892545317601326,220.0,5.892545317601326
47,47,2,fam,0.0027599428179511973,5.892545317601326,220.0,5.892545317601326
48,48,0,fam,0.0027599428179511973,5.892545317601326,220.0,5.892545317601326
49,49,1,fam,0.0027599428179511973,5.892545317601326,220.0,5.892545317601326
50,50,2,fam,0.0027599428179511973,5.892545317601326,220.0,5.892545317601326
51,51,0,fam,0.0027599428179511973,5.892545317601326,220.0,5.892545317601326
52,52,1,fam,0.0027599428179511973,5.892545317601326,220.0,5.892545317601326
53,53,2,fam,0.0027599428179511973,5.892545317601326,220.0,5.892545317601326
54,54,0,fam,0.0027599428179511973,5.892545317601326,220.0,5.892545317601326
55,55,1,fam,0.0027599428179511973,5.892545317601326,220.0,5.892545317601326
56,56,2,fam,0.0027599428179511973,5.892545317601326,220.0,5.892545317601326
57,57,0,fam,0.0027599428179511973,5.892545317601326,220.0,5.892545317601326
58,58,1,fam,0.0027599428179511973,5.892545317601326,220.0,5.892545317601326
59,59,2,fam,0.0027599428179511973,5.892545317601326,220.0,5.892545317601326
60,60,0,fam,0.0027599428179511973,5.892545317601326,220.0,5.892545317601326
61,61,1,fam,0.0027599428179511973,5.892545317601326,220.0,5.892545317601326
62,62,2,fam,0.0027599428179511973,5.892545317601326,220.0,5.892545317601326
63,63,0,fam,0.0027599428179511973,5.892545317601326,220.0,5.892545317601326
64,64,1,fam,0.0027599428179511973,5.892545317601326,220.0,5.892545317601326
65,65,2,fam,0.0027599428179511973,5.892545317601326,220.0,5.892545317601326
66,66,3,recov,0.0019336126329358686,6.248365195220325,220.0,5.892545317601326
67,67,4,recov,0.0019336126329358686,6.248365195220325,220.0,5.892545317601326
68,68,5,recov,0.0019336126329358686,6.248365195220325,220.0,5.892545317601326
69,69,3,recov,0.002707057686110216,5.911892958599112,220.0,5.892545317601326
70,70,4,recov,0.002707057686110216,5.911892958599112,220.0,5.892545317601326
71,71,5,recov,0.002707057686110216,5.911892958599112,220.0,5.892545317601326
72,72,3,recov,0.0027565581695133744,5.893772417485917,220.0,5.892545317601326
73,73,4,recov,0.0027565581695133744,5.893772417485917,220.0,5.892545317601326
74,74,5,recov,0.0027565581695133744,5.893772417485917,220.0,5.892545317601326
75,75,3,recov,0.0027597262004511766,5.892623806909076,220.0,5.892545317601326
76,76,4,recov,0.0027597262004511766,5.892623806909076,220.0,5.892545317601326
77,77,5,recov,0.0027597262004511766,5.892623806909076,220.0,5.892545317601326
78,78,3,recov,0.0027599289544311956,5.892550340732505,220.0,5.892545317601326
79,79,4,recov,0.0027599289544311956,5.892550340732505,220.0,5.892545317601326
80,80,5,recov,0.0027599289544311956,5.892550340732505,220.0,5.892545317601326
81,81,3,recov,0.0027599419306859174,5.892545639080966,220.0,5.892545317601326
82,82,4,recov,0.0027599419306859174,5.892545639080966,220.0,5.892545317601326
83,83,5,recov,0.0027599419306859174,5.892545639080966,220.0,5.892545317601326
84,84,3,recov,0.0027599427611662195,5.89254533817602,220.0,5.892545317601326
85,85,4,recov,0.0027599427611662195,5.89254533817602,220.0,5.892545317601326
86,86,5,recov,0.0027599427611662195,5.89254533817602,220.0,5.892545317601326
87,87,3,recov,0.0027599428143169585,5.892545318918106,220.0,5.892545317601326
88,88,4,recov,0.0027599428143169585,5.892545318918106,220.0,5.892545317601326
89,89,5,recov,0.0027599428143169585,5.892545318918106,220.0,5.892545317601326
90,90,3,recov,0.002759942817718606,5.8925453176856,220.0,5.892545317601326
91,91,4,recov,0.002759942817718606,5.8925453176856,220.0,5.892545317601326
92,92,5,recov,0.002759942817718606,5.8925453176856,220.0,5.892545317601326
93,93,3,recov,0.002759942817936311,5.89254531760672,220.0,5.892545317601326
94,94,4,recov,0.002759942817936311,5.89254531760672,220.0,5.892545317601326
95,95,5,recov,0.002759942817936311,5.89254531760672,220.0,5.892545317601326
96,96,3,recov,0.0027599428179502445,5.892545317601671,220.0,5.892545317601326
97,97,4,recov,0.0027599428179502445,5.892545317601671,220.0,5.892545317601326
98,98,5,recov,0.0027599428179502445,5.892545317601671,220.0,5.892545317601326
99,99,3,recov,0.002759942817951136,5.892545317601348,220.0,5.892545317601326
100,100,4,recov,0.002759942817951136,5.892545317601348,220.0,5.892545317601326
101,101,5,recov,0.002759942817951136,5.892545317601348,220.0,5.892545317601326
102,102,3,recov,0.002759942817951193,5.892545317601328,220.0,5.892545317601326
103,103,4,recov,0.002759942817951193,5.892545317601328,220.0,5.892545317601326
104,104,5,recov,0.002759942817951193,5.892545317601328,220.0,5.892545317601326
105,105,3,recov,0.002759942817951197,5.892545317601326,220.0,5.892545317601326
106,106,4,recov,0.002759942817951197,5.892545317601326,220.0,5.892545317601326
107,107,5,recov,0.002759942817951197,5.892545317601326,220.0,5.892545317601326
108,108,3,recov,0.0027599428179511973,5.892545317601326,220.0,5.892545317601326
109,109,4,recov,0.0027599428179511973,5.892545317601326,220.0,5.892545317601326
110,110,5,recov,0.0027599428179511973,5.892545317601326,220.0,5.892545317601326
111,111,3,recov,0.0027599428179511973,5.892545317601326,220.0,5.892545317601326
112,112,4,recov,0.0027599428179511973,5.892545317601326,220.0,5.892545317601326
113,113,5,recov,0.0027599428179511973,5.892545317601326,220.0,5.892545317601326
114,114,3,recov,0.0027599428179511973,5.892545317601326,220.0,5.892545317601326
115,115,4,recov,0.0027599428179511973,5.892545317601326,220.0,5.892545317601326
116,116,5,recov,0.0027599428179511973,5.892545317601326,220.0,5.892545317601326
117,117,3,recov,0.0027599428179511973,5.892545317601326,220.0,5.892545317601326
118,118,4,recov,0.0027599428179511973,5.892545317601326,220.0,5.892545317601326
119,119,5,recov,0.0027599428179511973,5.892545317601326,220.0,5.892545317601326
120,120,3,recov,0.0027599428179511973,5.892545317601326,220.0,5.892545317601326
121,121,4,recov,0.0027599428179511973,5.892545317601326,220.0,5.892545317601326
122,122,5,recov,0.0027599428179511973,5.892545317601326,220.0,5.892545317601326
123,123,3,recov,0.0027599428179511973,5.892545317601326,220.0,5.892545317601326
124,124,4,recov,0.0027599428179511973,5.892545317601326,220.0,5.892545317601326
125,125,5,recov,0.0027599428179511973,5.892545317601326,220.0,5.892545317601326
126,126,3,recov,0.0027599428179511973,5.892545317601326,220.0,5.892545317601326
127,127,4,recov,0.0027599428179511973,5.892545317601326,220.0,5.892545317601326
128,128,5,recov,0.0027599428179511973,5.892545317601326,220.0,5.892545317601326
129,129,3,recov,0.0027599428179511973,5.892545317601326,220.0,5.892545317601326
130,130,4,recov,0.0027599428179511973,5.892545317601326,220.0,5.892545317601326
131,131,5,recov,0.0027599428179511973,5.892545317601326,220.0,5.892545317601326
132,132,3,recov,0.0027599428179511973,5.892545317601326,220.0,5.892545317601326
133,133,4,recov,0.0027599428179511973,5.892545317601326,220.0,5.892545317601326
134,134,5,recov,0.0027599428179511973,5.892545317601326,220.0,5.892545317601326
135,135,3,recov,0.0027599428179511973,5.892545317601326,220.0,5.892545317601326
136,136,4,recov,0.0027599428179511973,5.892545317601326,220.0,5.892545317601326
137,137,5,recov,0.0027599428179511973,5.892545317601326,220.0,5.892545317601326
138,138,3,recov,0.0027599428179511973,5.892545317601326,220.0,5.892545317601326
139,139,4,recov,0.0027599428179511973,5.892545317601326,220.0,5.892545317601326
140,140,5,recov,0.0027599428179511973,5.892545317601326,220.0,5.892545317601326
141,141,3,recov,0.0027599428179511973,5.892545317601326,220.0,5.892545317601326
142,142,4,recov,0.0027599428179511973,5.892545317601326,220.0,5.892545317601326
143,143,5,recov,0.0027599428179511973,5.892545317601326,220.0,5.892545317601326
144,144,3,recov,0.0027599428179511973,5.892545317601326,220.0,5.892545317601326
145,145,4,recov,0.0027599428179511973,5.892545317601326,220.0,5.892545317601326
146,146,5,recov,0.0027599428179511973,5.892545317601326,220.0,5.892545317601326
147,147,3,recov,0.0027599428179511973,5.892545317601326,220.0,5.892545317601326
148,148,4,recov,0.0027599428179511973,5.892545317601326,220.0,5.892545317601326
149,149,5,recov,0.0027599428179511973,5.892545317601326,220.0,5.892545317601326
150,150,3,recov,0.0027599428179511973,5.892545317601326,220.0,5.892545317601326
151,151,4,recov,0.0027599428179511973,5.892545317601326,220.0,5.892545317601326
152,152,5,recov,0.0027599428179511973,5.892545317601326,220.0,5.892545317601326
153,153,3,recov,0.0027599428179511973,5.892545317601326,220.0,5.892545317601326
154,154,4,recov,0.0027599428179511973,5.892545317601326,220.0,5.892545317601326
155,155,5,recov,0.0027599428179511973,5.892545317601326,220.0,5.892545317601326
156,156,3,recov,0.0027599428179511973,5.892545317601326,220.0,5.892545317601326
157,157,4,recov,0.0027599428179511973,5.892545317601326,220.0,5.892545317601326
158,158,5,recov,0.0027599428179511973,5.892545317601326,220.0,5.892545317601326
159,159,3,recov,0.0027599428179511973,5.892545317601326,220.0,5.892545317601326
160,160,4,recov,0.0027599428179511973,5.892545317601326,220.0,5.892545317601326
161,161,5,recov,0.0027599428179511973,5.892545317601326,220.0,5.892545317601326
162,162,3,recov,0.0027599428179511973,5.892545317601326,220.0,5.892545317601326
163,163,4,recov,0.0027599428179511973,5.892545317601326,220.0,5.892545317601326
164,164,5,recov,0.0027599428179511973,5.892545317601326,220.0,5.892545317601326
165,165,3,recov,0.0027599428179511973,5.892545317601326,220.0,5.892545317601326
166,166,4,recov,0.0027599428179511973,5.892545317601326,220.0,5.892545317601326
167,167,5,recov,0.0027599428179511973,5.892545317601326,220.0,5.892545317601326
168,168,3,recov,0.0027599428179511973,5.892545317601326,220.0,5.892545317601326
169,169,4,recov,0.0027599428179511973,5.892545317601326,220.0,5.892545317601326
170,170,5,recov,0.0027599428179511973,5.892545317601326,220.0,5.892545317601326
171,171,3,recov,0.0027599428179511973,5.892545317601326,220.0,5.892545317601326
172,172,4,recov,0.0027599428179511973,5.892545317601326,220.0,5.892545317601326
173,173,5,recov,0.0027599428179511973,5.892545317601326,220.0,5.892545317601326
174,174,3,recov,0.0027599428179511973,5.892545317601326,220.0,5.892545317601326
175,175,4,recov,0.0027599428179511973,5.892545317601326,220.0,5.892545317601326
176,176,5,recov,0.0027599428179511973,5.892545317601326,220.0,5.892545317601326
177,177,3,recov,0.0027599428179511973,5.892545317601326,220.0,5.892545317601326
178,178,4,recov,0.0027599428179511973,5.892545317601326,220.0,5.892545317601326
179,179,5,recov,0.0027599428179511973,5.892545317601326,220.0,5.892545317601326
180,180,3,recov,0.0027599428179511973,5.892545317601326,220.0,5.892545317601326
181,181,4,recov,0.0027599428179511973,5.892545317601326,220.0,5.892545317601326
182,182,5,recov,0.0027599428179511973,5.892545317601326,220.0,5.892545317601326
183,183,3,recov,0.0027599428179511973,5.892545317601326,220.0,5.892545317601326
184,184,4,recov,0.0027599428179511973,5.892545317601326,220.0,5.892545317601326
185,185,5,recov,0.0027599428179511973,5.892545317601326,220.0,5.892545317601326
186,186,3,recov,0.0027599428179511973,5.892545317601326,220.0,5.892545317601326
187,187,4,recov,0.0027599428179511973,5.892545317601326,220.0,5.892545317601326
188,188,5,recov,0.0027599428179511973,5.892545317601326,220.0,5.892545317601326
189,189,3,recov,0.0027599428179511973,5.892545317601326,220.0,5.892545317601326
190,190,4,recov,0.0027599428179511973,5.892545317601326,220.0,5.892545317601326
191,191,5,recov,0.0027599428179511973,5.892545317601326,220.0,5.892545317601326
192,192,3,recov,0.0027599428179511973,5.892545317601326,220.0,5.892545317601326
193,193,4,recov,0.0027599428179511973,5.892545317601326,220.0,5.892545317601326
194,194,5,recov,0.0027599428179511973,5.892545317601326,220.0,5.892545317601326
195,195,3,recov,0.0027599428179511973,5.892545317601326,220.0,5.892545317601326
196,196,4,recov,0.0027599428179511973,5.892545317601326,220.0,5.892545317601326
197,197,5,recov,0.0027599428179511973,5.892545317601326,220.0,5.892545317601326
198,198,3,recov,0.0027599428179511973,5.892545317601326,220.0,5.892545317601326
199,199,4,recov,0.0027599428179511973,5.892545317601326,220.0,5.892545317601326
200,200,5,recov,0.0027599428179511973,5.892545317601326,220.0,5.892545317601326
201,201,3,recov,0.0027599428179511973,5.892545317601326,220.0,5.892545317601326
202,202,4,recov,0.0027599428179511973,5.892545317601326,220.0,5.892545317601326
203,203,5,recov,0.0027599428179511973,5.892545317601326,220.0,5.892545317601326
204,204,3,recov,0.0027599428179511973,5.892545317601326,220.0,5.892545317601326
205,205,4,recov,0.0027599428179511973,5.892545317601326,220.0,5.892545317601326
206,206,5,recov,0.0027599428179511973,5.892545317601326,220.0,5.892545317601326
207,207,3,recov,0.0027599428179511973,5.892545317601326,220.0,5.892545317601326
208,208,4,recov,0.0027599428179511973,5.892545317601326,220.0,5.892545317601326
209,209,5,recov,0.0027599428179511973,5.892545317601326,220.0,5.892545317601326
210,210,3,recov,0.0027599428179511973,5.892545317601326,220.0,5.892545317601326
211,211,4,recov,0.0027599428179511973,5.892545317601326,220.0,5.892545317601326
212,212,5,recov,0.0027599428179511973,5.892545317601326,220.0,5.892545317601326
213,213,3,recov,0.0027599428179511973,5.892545317601326,220.0,5.892545317601326
214,214,4,recov,0.0027599428179511973,5.892545317601326,220.0,5.892545317601326
215,215,5,recov,0.0027599428179511973,5.892545317601326,220.0,5.892545317601326
216,216,3,recov,0.0027599428179511973,5.892545317601326,220.0,5.892545317601326
217,217,4,recov,0.0027599428179511973,5.892545317601326,220.0,5.892545317601326
218,218,5,recov,0.0027599428179511973,5.892545317601326,220.0,5.892545317601326
219,219,3,recov,0.0027599428179511973,5.892545317601326,220.0,5.892545317601326
220,220,4,recov,0.0027599428179511973,5.892545317601326,220.0,5.892545317601326
221,221,5,recov,0.0027599428179511973,5.892545317601326,220.0,5.892545317601326
222,222,3,recov,0.0027599428179511973,5.892545317601326,220.0,5.892545317601326
223,223,4,recov,0.0027599428179511973,5.892545317601326,220.0,5.892545317601326
224,224,5,recov,0.0027599428179511973,5.892545317601326,220.0,5.892545317601326
225,225,3,recov,0.0027599428179511973,5.892545317601326,220.0,5.892545317601326
226,226,4,recov,0.0027599428179511973,5.892545317601326,220.0,5.892545317601326
227,227,5,recov,0.0027599428179511973,5.892545317601326,220.0,5.892545317601326
228,228,3,recov,0.0027599428179511973,5.892545317601326,220.0,5.892545317601326
229,229,4,recov,0.0027599428179511973,5.892545317601326,220.0,5.892545317601326
230,230,5,recov,0.0027599428179511973,5.892545317601326,220.0,5.892545317601326
231,231,3,recov,0.0027599428179511973,5.892545317601326,220.0,5.892545317601326
232,232,4,recov,0.0027599428179511973,5.892545317601326,220.0,5.892545317601326
233,233,5,recov,0.0027599428179511973,5.892545317601326,220.0,5.892545317601326
234,234,3,recov,0.0027599428179511973,5.892545317601326,220.0,5.892545317601326
235,235,4,recov,0.0027599428179511973,5.892545317601326,220.0,5.892545317601326
236,236,5,recov,0.0027599428179511973,5.892545317601326,220.0,5.892545317601326
237,237,3,recov,0.0027599428179511973,5.892545317601326,220.0,5.892545317601326
238,238,4,recov,0.0027599428179511973,5.892545317601326,220.0,5.892545317601326
239,239,5,recov,0.0027599428179511973,5.892545317601326,220.0,5.892545317601326
240,240,3,recov,0.0027599428179511973,5.892545317601326,220.0,5.892545317601326
241,241,4,recov,0.0027599428179511973,5.892545317601326,220.0,5.892545317601326
242,242,5,recov,0.0027599428179511973,5.892545317601326,220.0,5.892545317601326
243,243,3,recov,0.0027599428179511973,5.892545317601326,220.0,5.892545317601326
244,244,4,recov,0.0027599428179511973,5.892545317601326,220.0,5.892545317601326
245,245,5,recov,0.0027599428179511973,5.892545317601326,220.0,5.892545317601326
246,246,3,recov,0.0027599428179511973,5.892545317601326,220.0,5.892545317601326
247,247,4,recov,0.0027599428179511973,5.892545317601326,220.0,5.892545317601326
248,248,5,recov,0.0027599428179511973,5.892545317601326,220.0,5.892545317601326
249,249,3,recov,0.0027599428179511973,5.892545317601326,220.0,5.892545317601326
250,250,4,recov,0.0027599428179511973,5.892545317601326,220.0,5.892545317601326
251,251,5,recov,0.0027599428179511973,5.892545317601326,220.0,5.892545317601326
252,252,3,recov,0.0027599428179511973,5.892545317601326,220.0,5.892545317601326
253,253,4,recov,0.0027599428179511973,5.892545317601326,220.0,5.892545317601326
254,254,5,recov,0.0027599428179511973,5.892545317601326,220.0,5.892545317601326
255,255,3,recov,0.0027599428179511973,5.892545317601326,220.0,5.892545317601326
256,256,4,recov,0.0027599428179511973,5.892545317601326,220.0,5.892545317601326
257,257,5,recov,0.0027599428179511973,5.892545317601326,220.0,5.892545317601326
258,258,3,recov,0.0027599428179511973,5.892545317601326,220.0,5.892545317601326
259,259,4,recov,0.0027599428179511973,5.892545317601326,220.0,5.892545317601326
260,260,5,recov,0.0027599428179511973,5.892545317601326,220.0,5.892545317601326
261,261,3,recov,0.0027599428179511973,5.892545317601326,220.0,5.892545317601326
262,262,4,recov,0.0027599428179511973,5.892545317601326,220.0,5.892545317601326
263,263,5,recov,0.0027599428179511973,5.892545317601326,220.0,5.892545317601326
264,264,3,recov,0.0027599428179511973,5.892545317601326,220.0,5.892545317601326
265,265,4,recov,0.0027599428179511973,5.892545317601326,220.0,5.892545317601326
266,266,5,recov,0.0027599428179511973,5.892545317601326,220.0,5.892545317601326
267,267,3,recov,0.0027599428179511973,5.892545317601326,220.0,5.892545317601326
268,268,4,recov,0.0027599428179511973,5.892545317601326,220.0,5.892545317601326
269,269,5,recov,0.0027599428179511973,5.892545317601326,220.0,5.892545317601326
270,270,3,recov,0.0027599428179511973,5.892545317601326,220.0,5.892545317601326
271,271,4,recov,0.0027599428179511973,5.892545317601326,220.0,5.892545317601326
272,272,5,recov,0.0027599428179511973,5.892545317601326,220.0,5.892545317601326
273,273,3,recov,0.0027599428179511973,5.892545317601326,220.0,5.892545317601326
274,274,4,recov,0.0027599428179511973,5.892545317601326,220.0,5.892545317601326
275,275,5,recov,0.0027599428179511973,5.892545317601326,220.0,5.892545317601326
276,276,3,recov,0.0027599428179511973,5.892545317601326,220.0,5.892545317601326
277,277,4,recov,0.0027599428179511973,5.892545317601326,220.0,5.892545317601326
278,278,5,recov,0.0027599428179511973,5.892545317601326,220.0,5.892545317601326
279,279,3,recov,0.0027599428179511973,5.892545317601326,220.0,5.892545317601326
280,280,4,recov,0.0027599428179511973,5.892545317601326,220.0,5.892545317601326
281,281,5,recov,0.0027599428179511973,5.892545317601326,220.0,5.892545317601326
282,282,3,recov,0.0027599428179511973,5.892545317601326,220.0,5.892545317601326
283,283,4,recov,0.0027599428179511973,5.892545317601326,220.0,5.892545317601326
284,284,5,recov,0.0027599428179511973,5.892545317601326,220.0,5.892545317601326
285,285,0,fam_r,0.0019336126329358686,6.248365195220325,220.0,5.892545317601326
286,286,1,fam_r,0.0019336126329358686,6.248365195220325,220.0,5.892545317601326
287,287,2,fam_r,0.0019336126329358686,6.248365195220325,220.0,5.892545317601326
288,288,0,fam_r,0.002707057686110216,5.911892958599112,220.0,5.892545317601326
289,289,1,fam_r,0.002707057686110216,5.911892958599112,220.0,5.892545317601326
290,290,2,fam_r,0.002707057686110216,5.911892958599112,220.0,5.892545317601326
291,291,0,fam_r,0.0027565581695133744,5.893772417485917,220.0,5.892545317601326
292,292,1,fam_r,0.0027565581695133744,5.893772417485917,220.0,5.892545317601326
293,293,2,fam_r,0.0027565581695133744,5.893772417485917,220.0,5.892545317601326
294,294,0,fam_r,0.0027597262004511766,5.892623806909076,220.0,5.892545317601326
295,295,1,fam_r,0.0027597262004511766,5.892623806909076,220.0,5.892545317601326
296,296,2,fam_r,0.0027597262004511766,5.892623806909076,220.0,5.892545317601326
297,297,0,fam_r,0.0027599289544311956,5.892550340732505,220.0,5.892545317601326
298,298,1,fam_r,0.0027599289544311956,5.892550340732505,220.0,5.892545317601326
299,299,2,fam_r,0.0027599289544311956,5.892550340732505,220.0,5.892545317601326
0,0,0,fam,0.001949317738791423,6.240275845170769,293.33333333333337,5.892545317601326
1,1,1,fam,0.0019398642095053346,6.245137303457015,293.33333333333337,5.892545317601326
2,2,2,fam,0.0019361084220716359,6.247075288559693,293.33333333333337,5.892545317601326
3,3,0,fam,0.0027084542464693366,5.911377195580781,293.33333333333337,5.892545317601326
4,4,1,fam,0.002707616137392179,5.911686685312061,293.33333333333337,5.892545317601326
5,5,2,fam,0.002707281038977112,5.911810454390062,293.33333333333337,5.892545317601326
6,6,0,fam,0.0027566491398233702,5.893739416619126,293.33333333333337,5.892545317601326
7,7,1,fam,0.0027565945569168714,5.893759217269888,293.33333333333337,5.892545317601326
8,8,2,fam,0.002756572724359496,5.893767137420415,293.33333333333337,5.892545317601326
9,9,0,fam,0.002759732029062142,5.892621694886221,293.33333333333337,5.892545317601326
10,10,1,fam,0.002759728531892608,5.892622962100469,293.33333333333337,5.892545317601326
11,11,2,fam,0.0027597271330272763,5.892623468985719,293.33333333333337,5.892545317601326
12,12,0,fam,0.002759929327488966,5.892550205563176,293.33333333333337,5.892545317601326
13,13,1,fam,0.0027599291036542917,5.892550286664775,293.33333333333337,5.892545317601326
14,14,2,fam,0.002759929014120432,5.892550319105413,293.33333333333337,5.892545317601326
15,15,0,fam,0.0027599419545617236,5.89254563043013,293.33333333333337,5.892545317601326
16,16,1,fam,0.0027599419402362397,5.892545635620631,293.33333333333337,5.892545317601326
17,17,2,fam,0.0027599419345060465,5.8925456376968315,293.33333333333337,5.892545317601326
18,18,0,fam,0.002759942762694271,5.892545337622367,293.33333333333337,5.892545317601326
19,19,1,fam,0.00275994276177744,5.892545337954559,293.33333333333337,5.892545317601326
20,20,2,fam,0.0027599427614107075,5.8925453380874355,293.33333333333337,5.892545317601326
21,21,0,fam,0.002759942814414754,5.892545318882672,293.33333333333337,5.892545317601326
22,22,1,fam,0.0027599428143560765,5.892545318903933,293.33333333333337,5.892545317601326
23,23,2,fam,0.0027599428143326057,5.892545318912437,293.33333333333337,5.892545317601326
24,24,0,fam,0.002759942817724865,5.892545317683332,293.33333333333337,5.892545317601326
25,25,1,fam,0.002759942817721109,5.892545317684693,293.33333333333337,5.892545317601326
26,26,2,fam,0.0027599428177196073,5.892545317685237,293.33333333333337,5.892545317601326
27,27,0,fam,0.0027599428179367115,5.892545317606575,293.33333333333337,5.892545317601326
28,28,1,fam,0.002759942817936471,5.892545317606662,293.33333333333337,5.892545317601326
29,29,2,fam,0.0027599428179363754,5.892545317606697,293.33333333333337,5.892545317601326
30,30,0,fam,0.00275994281795027,5.8925453176016624,293.33333333333337,5.892545317601326
31,31,1,fam,0.002759942817950255,5.892545317601668,293.33333333333337,5.892545317601326
32,32,2,fam,0.0027599428179502484,5.8925453176016696,293.33333333333337,5.892545317601326
33,33,0,fam,0.0027599428179511374,5.892545317601348,293.33333333333337,5.892545317601326
34,34,1,fam,0.0027599428179511365,5.892545317601348,293.33333333333337,5.892545317601326
35,35,2,fam,0.002759942817951136,5.892545317601348,293.33333333333337,5.892545317601326
36,36,0,fam,0.002759942817951193,5.892545317601328,293.33333333333337,5.892545317601326
37,37,1,fam,0.002759942817951193,5.892545317601328,293.33333333333337,5.892545317601326
38,38,2,fam,0.002759942817951193,5.892545317601328,293.33333333333337,5.892545317601326
39,39,0,fam,0.002759942817951197,5.892545317601326,293.33333333333337,5.892545317601326
40,40,1,fam,0.002759942817951197,5.892545317601326,293.33333333333337,5.892545317601326
41,41,2,fam,0.002759942817951197,5.892545317601326,293.33333333333337,5.892545317601326
42,42,0,fam,0.0027599428179511973,5.892545317601326,293.33333333333337,5.892545317601326
43,43,1,fam,0.0027599428179511973,5.892545317601326,293.33333333333337,5.892545317601326
44,44,2,fam,0.0027599428179511973,5.892545317601326,293.33333333333337,5.892545317601326
45,45,0,fam,0.0027599428179511973,5.892545317601326,293.33333333333337,5.892545317601326
46,46,1,fam,0.0027599428179511973,5.892545317601326,293.33333333333337,5.892545317601326
47,47,2,fam,0.0027599428179511973,5.892545317601326,293.33333333333337,5.892545317601326
48,48,0,fam,0.0027599428179511973,5.892545317601326,293.33333333333337,5.892545317601326
49,49,1,fam,0.0027599428179511973,5.892545317601326,293.33333333333337,5.892545317601326
50,50,2,fam,0.0027599428179511973,5.892545317601326,293.33333333333337,5.892545317601326
51,51,0,fam,0.0027599428179511973,5.892545317601326,293.33333333333337,5.892545317601326
52,52,1,fam,0.0027599428179511973,5.892545317601326,293.33333333333337,5.892545317601326
53,53,2,fam,0.0027599428179511973,5.892545317601326,293.33333333333337,5.892545317601326
54,54,0,fam,0.0027599428179511973,5.892545317601326,293.33333333333337,5.892545317601326
55,55,1,fam,0.0027599428179511973,5.892545317601326,293.33333333333337,5.892545317601326
56,56,2,fam,0.0027599428179511973,5.892545317601326,293.33333333333337,5.892545317601326
57,57,0,fam,0.0027599428179511973,5.892545317601326,293.33333333333337,5.892545317601326
58,58,1,fam,0.0027599428179511973,5.892545317601326,293.33333333333337,5.892545317601326
59,59,2,fam,0.0027599428179511973,5.892545317601326,293.33333333333337,5.892545317601326
60,60,0,fam,0.0027599428179511973,5.892545317601326,293.33333333333337,5.892545317601326
61,61,1,fam,0.0027599428179511973,5.892545317601326,293.33333333333337,5.892545317601326
62,62,2,fam,0.0027599428179511973,5.892545317601326,293.33333333333337,5.892545317601326
63,63,0,fam,0.0027599428179511973,5.892545317601326,293.33333333333337,5.892545317601326
64,64,1,fam,0.0027599428179511973,5.892545317601326,293.33333333333337,5.892545317601326
65,65,2,fam,0.0027599428179511973,5.892545317601326,293.33333333333337,5.892545317601326
66,66,3,recov,0.0019336126329358686,6.248365195220325,293.33333333333337,5.892545317601326
67,67,4,recov,0.0019336126329358686,6.248365195220325,293.33333333333337,5.892545317601326
68,68,5,recov,0.0019336126329358686,6.248365195220325,293.33333333333337,5.892545317601326
69,69,3,recov,0.002707057686110216,5.911892958599112,293.33333333333337,5.892545317601326
70,70,4,recov,0.002707057686110216,5.911892958599112,293.33333333333337,5.892545317601326
71,71,5,recov,0.002707057686110216,5.911892958599112,293.33333333333337,5.892545317601326
72,72,3,recov,0.0027565581695133744,5.893772417485917,293.33333333333337,5.892545317601326
73,73,4,recov,0.0027565581695133744,5.893772417485917,293.33333333333337,5.892545317601326
74,74,5,recov,0.0027565581695133744,5.893772417485917,293.33333333333337,5.892545317601326
75,75,3,recov,0.0027597262004511766,5.892623806909076,293.33333333333337,5.892545317601326
76,76,4,recov,0.0027597262004511766,5.892623806909076,293.33333333333337,5.892545317601326
77,77,5,recov,0.0027597262004511766,5.892623806909076,293.33333333333337,5.892545317601326
78,78,3,recov,0.0027599289544311956,5.892550340732505,293.33333333333337,5.892545317601326
79,79,4,recov,0.0027599289544311956,5.892550340732505,293.33333333333337,5.892545317601326
80,80,5,recov,0.0027599289544311956,5.892550340732505,293.33333333333337,5.892545317601326
81,81,3,recov,0.0027599419306859174,5.892545639080966,293.33333333333337,5.892545317601326
82,82,4,recov,0.0027599419306859174,5.892545639080966,293.33333333333337,5.892545317601326
83,83,5,recov,0.0027599419306859174,5.892545639080966,293.33333333333337,5.892545317601326
84,84,3,recov,0.0027599427611662195,5.89254533817602,293.33333333333337,5.892545317601326
85,85,4,recov,0.0027599427611662195,5.89254533817602,293.33333333333337,5.892545317601326
86,86,5,recov,0.0027599427611662195,5.89254533817602,293.33333333333337,5.892545317601326
87,87,3,recov,0.0027599428143169585,5.892545318918106,293.33333333333337,5.892545317601326
88,88,4,recov,0.0027599428143169585,5.892545318918106,293.33333333333337,5.892545317601326
89,89,5,recov,0.0027599428143169585,5.892545318918106,293.33333333333337,5.892545317601326
90,90,3,recov,0.002759942817718606,5.8925453176856,293.33333333333337,5.892545317601326
91,91,4,recov,0.002759942817718606,5.8925453176856,293.33333333333337,5.892545317601326
92,92,5,recov,0.002759942817718606,5.8925453176856,293.33333333333337,5.892545317601326
93,93,3,recov,0.002759942817936311,5.89254531760672,293.33333333333337,5.892545317601326
94,94,4,recov,0.002759942817936311,5.89254531760672,293.33333333333337,5.892545317601326
95,95,5,recov,0.002759942817936311,5.89254531760672,293.33333333333337,5.892545317601326
96,96,3,recov,0.0027599428179502445,5.892545317601671,293.33333333333337,5.892545317601326
97,97,4,recov,0.0027599428179502445,5.892545317601671,293.33333333333337,5.892545317601326
98,98,5,recov,0.0027599428179502445,5.892545317601671,293.33333333333337,5.892545317601326
99,99,3,recov,0.002759942817951136,5.892545317601348,293.33333333333337,5.892545317601326
100,100,4,recov,0.002759942817951136,5.892545317601348,293.33333333333337,5.892545317601326
101,101,5,recov,0.002759942817951136,5.892545317601348,293.33333333333337,5.892545317601326
102,102,3,recov,0.002759942817951193,5.892545317601328,293.33333333333337,5.892545317601326
103,103,4,recov,0.002759942817951193,5.892545317601328,293.33333333333337,5.892545317601326
104,104,5,recov,0.002759942817951193,5.892545317601328,293.33333333333337,5.892545317601326
105,105,3,recov,0.002759942817951197,5.892545317601326,293.33333333333337,5.892545317601326
106,106,4,recov,0.002759942817951197,5.892545317601326,293.33333333333337,5.892545317601326
107,107,5,recov,0.002759942817951197,5.892545317601326,293.33333333333337,5.892545317601326
108,108,3,recov,0.0027599428179511973,5.892545317601326,293.33333333333337,5.892545317601326
109,109,4,recov,0.0027599428179511973,5.892545317601326,293.33333333333337,5.892545317601326
110,110,5,recov,0.0027599428179511973,5.892545317601326,293.33333333333337,5.892545317601326
111,111,3,recov,0.0027599428179511973,5.892545317601326,293.33333333333337,5.892545317601326
112,112,4,recov,0.0027599428179511973,5.892545317601326,293.33333333333337,5.892545317601326
113,113,5,recov,0.0027599428179511973,5.892545317601326,293.33333333333337,5.892545317601326
114,114,3,recov,0.0027599428179511973,5.892545317601326,293.33333333333337,5.892545317601326
115,115,4,recov,0.0027599428179511973,5.892545317601326,293.33333333333337,5.892545317601326
116,116,5,recov,0.0027599428179511973,5.892545317601326,293.33333333333337,5.892545317601326
117,117,3,recov,0.0027599428179511973,5.892545317601326,293.33333333333337,5.892545317601326
118,118,4,recov,0.0027599428179511973,5.892545317601326,293.33333333333337,5.892545317601326
119,119,5,recov,0.0027599428179511973,5.892545317601326,293.33333333333337,5.892545317601326
120,120,3,recov,0.0027599428179511973,5.892545317601326,293.33333333333337,5.892545317601326
121,121,4,recov,0.0027599428179511973,5.892545317601326,293.33333333333337,5.892545317601326
122,122,5,recov,0.0027599428179511973,5.892545317601326,293.33333333333337,5.892545317601326
123,123,3,recov,0.0027599428179511973,5.892545317601326,293.33333333333337,5.892545317601326
124,124,4,recov,0.0027599428179511973,5.892545317601326,293.33333333333337,5.892545317601326
125,125,5,recov,0.0027599428179511973,5.892545317601326,293.33333333333337,5.892545317601326
126,126,3,recov,0.0027599428179511973,5.892545317601326,293.33333333333337,5.892545317601326
127,127,4,recov,0.0027599428179511973,5.892545317601326,293.33333333333337,5.892545317601326
128,128,5,recov,0.0027599428179511973,5.892545317601326,293.33333333333337,5.892545317601326
129,129,3,recov,0.0027599428179511973,5.892545317601326,293.33333333333337,5.892545317601326
130,130,4,recov,0.0027599428179511973,5.892545317601326,293.33333333333337,5.892545317601326
131,131,5,recov,0.0027599428179511973,5.892545317601326,293.33333333333337,5.892545317601326
132,132,3,recov,0.0027599428179511973,5.892545317601326,293.33333333333337,5.892545317601326
133,133,4,recov,0.0027599428179511973,5.892545317601326,293.33333333333337,5.892545317601326
134,134,5,recov,0.0027599428179511973,5.892545317601326,293.33333333333337,5.892545317601326
135,135,3,recov,0.0027599428179511973,5.892545317601326,293.33333333333337,5.892545317601326
136,136,4,recov,0.0027599428179511973,5.892545317601326,293.33333333333337,5.892545317601326
137,137,5,recov,0.0027599428179511973,5.892545317601326,293.33333333333337,5.892545317601326
138,138,3,recov,0.0027599428179511973,5.892545317601326,293.33333333333337,5.892545317601326
139,139,4,recov,0.0027599428179511973,5.892545317601326,293.33333333333337,5.892545317601326
140,140,5,recov,0.0027599428179511973,5.892545317601326,293.33333333333337,5.892545317601326
141,141,3,recov,0.0027599428179511973,5.892545317601326,293.33333333333337,5.892545317601326
142,142,4,recov,0.0027599428179511973,5.892545317601326,293.33333333333337,5.892545317601326
143,143,5,recov,0.0027599428179511973,5.892545317601326,293.33333333333337,5.892545317601326
144,144,3,recov,0.0027599428179511973,5.892545317601326,293.33333333333337,5.892545317601326
145,145,4,recov,0.0027599428179511973,5.892545317601326,293.33333333333337,5.892545317601326
146,146,5,recov,0.0027599428179511973,5.892545317601326,293.33333333333337,5.892545317601326
147,147,3,recov,0.0027599428179511973,5.892545317601326,293.33333333333337,5.892545317601326
148,148,4,recov,0.0027599428179511973,5.892545317601326,293.33333333333337,5.892545317601326
149,149,5,recov,0.0027599428179511973,5.892545317601326,293.33333333333337,5.892545317601326
150,150,3,recov,0.0027599428179511973,5.892545317601326,293.33333333333337,5.892545317601326
151,151,4,recov,0.0027599428179511973,5.892545317601326,293.33333333333337,5.892545317601326
152,152,5,recov,0.0027599428179511973,5.892545317601326,293.33333333333337,5.892545317601326
153,153,3,recov,0.0027599428179511973,5.892545317601326,293.33333333333337,5.892545317601326
154,154,4,recov,0.0027599428179511973,5.892545317601326,293.33333333333337,5.892545317601326
155,155,5,recov,0.0027599428179511973,5.892545317601326,293.33333333333337,5.892545317601326
156,156,3,recov,0.0027599428179511973,5.892545317601326,293.33333333333337,5.892545317601326
157,157,4,recov,0.0027599428179511973,5.892545317601326,293.33333333333337,5.892545317601326
158,158,5,recov,0.0027599428179511973,5.892545317601326,293.33333333333337,5.892545317601326
159,159,3,recov,0.0027599428179511973,5.892545317601326,293.33333333333337,5.892545317601326
160,160,4,recov,0.0027599428179511973,5.892545317601326,293.33333333333337,5.892545317601326
161,161,5,recov,0.0027599428179511973,5.892545317601326,293.33333333333337,5.892545317601326
162,162,3,recov,0.0027599428179511973,5.892545317601326,293.33333333333337,5.892545317601326
163,163,4,recov,0.0027599428179511973,5.892545317601326,293.33333333333337,5.892545317601326
164,164,5,recov,0.0027599428179511973,5.892545317601326,293.33333333333337,5.892545317601326
165,165,3,recov,0.0027599428179511973,5.892545317601326,293.33333333333337,5.892545317601326
166,166,4,recov,0.0027599428179511973,5.892545317601326,293.33333333333337,5.892545317601326
167,167,5,recov,0.0027599428179511973,5.892545317601326,293.33333333333337,5.892545317601326
168,168,3,recov,0.0027599428179511973,5.892545317601326,293.33333333333337,5.892545317601326
169,169,4,recov,0.0027599428179511973,5.892545317601326,293.33333333333337,5.892545317601326
170,170,5,recov,0.0027599428179511973,5.892545317601326,293.33333333333337,5.892545317601326
171,171,3,recov,0.0027599428179511973,5.892545317601326,293.33333333333337,5.892545317601326
172,172,4,recov,0.0027599428179511973,5.892545317601326,293.33333333333337,5.892545317601326
173,173,5,recov,0.0027599428179511973,5.892545317601326,293.33333333333337,5.892545317601326
174,174,3,recov,0.0027599428179511973,5.892545317601326,293.33333333333337,5.892545317601326
175,175,4,recov,0.0027599428179511973,5.892545317601326,293.33333333333337,5.892545317601326
176,176,5,recov,0.0027599428179511973,5.892545317601326,293.33333333333337,5.892545317601326
177,177,3,recov,0.0027599428179511973,5.892545317601326,293.33333333333337,5.892545317601326
178,178,4,recov,0.0027599428179511973,5.892545317601326,293.33333333333337,5.892545317601326
179,179,5,recov,0.0027599428179511973,5.892545317601326,293.33333333333337,5.892545317601326
180,180,3,recov,0.0027599428179511973,5.892545317601326,293.33333333333337,5.892545317601326
181,181,4,recov,0.0027599428179511973,5.892545317601326,293.33333333333337,5.892545317601326
182,182,5,recov,0.0027599428179511973,5.892545317601326,293.33333333333337,5.892545317601326
183,183,3,recov,0.0027599428179511973,5.892545317601326,293.33333333333337,5.892545317601326
184,184,4,recov,0.0027599428179511973,5.892545317601326,293.33333333333337,5.892545317601326
185,185,5,recov,0.0027599428179511973,5.892545317601326,293.33333333333337,5.892545317601326
186,186,3,recov,0.0027599428179511973,5.892545317601326,293.33333333333337,5.892545317601326
187,187,4,recov,0.0027599428179511973,5.892545317601326,293.33333333333337,5.892545317601326
188,188,5,recov,0.0027599428179511973,5.892545317601326,293.33333333333337,5.892545317601326
189,189,3,recov,0.0027599428179511973,5.892545317601326,293.33333333333337,5.892545317601326
190,190,4,recov,0.0027599428179511973,5.892545317601326,293.33333333333337,5.892545317601326
191,191,5,recov,0.0027599428179511973,5.892545317601326,293.33333333333337,5.892545317601326
192,192,3,recov,0.0027599428179511973,5.892545317601326,293.33333333333337,5.892545317601326
193,193,4,recov,0.0027599428179511973,5.892545317601326,293.33333333333337,5.892545317601326
194,194,5,recov,0.0027599428179511973,5.892545317601326,293.33333333333337,5.892545317601326
195,195,3,recov,0.0027599428179511973,5.892545317601326,293.33333333333337,5.892545317601326
196,196,4,recov,0.0027599428179511973,5.892545317601326,293.33333333333337,5.892545317601326
197,197,5,recov,0.0027599428179511973,5.892545317601326,293.33333333333337,5.892545317601326
198,198,3,recov,0.0027599428179511973,5.892545317601326,293.33333333333337,5.892545317601326
199,199,4,recov,0.0027599428179511973,5.892545317601326,293.33333333333337,5.892545317601326
200,200,5,recov,0.0027599428179511973,5.892545317601326,293.33333333333337,5.892545317601326
201,201,3,recov,0.0027599428179511973,5.892545317601326,293.33333333333337,5.892545317601326
202,202,4,recov,0.0027599428179511973,5.892545317601326,293.33333333333337,5.892545317601326
203,203,5,recov,0.0027599428179511973,5.892545317601326,293.33333333333337,5.892545317601326
204,204,3,recov,0.0027599428179511973,5.892545317601326,293.33333333333337,5.892545317601326
205,205,4,recov,0.0027599428179511973,5.892545317601326,293.33333333333337,5.892545317601326
206,206,5,recov,0.0027599428179511973,5.892545317601326,293.33333333333337,5.892545317601326
207,207,3,recov,0.0027599428179511973,5.892545317601326,293.33333333333337,5.892545317601326
208,208,4,recov,0.0027599428179511973,5.892545317601326,293.33333333333337,5.892545317601326
209,209,5,recov,0.0027599428179511973,5.892545317601326,293.33333333333337,5.892545317601326
210,210,3,recov,0.0027599428179511973,5.892545317601326,293.33333333333337,5.892545317601326
211,211,4,recov,0.0027599428179511973,5.892545317601326,293.33333333333337,5.892545317601326
212,212,5,recov,0.0027599428179511973,5.892545317601326,293.33333333333337,5.892545317601326
213,213,3,recov,0.0027599428179511973,5.892545317601326,293.33333333333337,5.892545317601326
214,214,4,recov,0.0027599428179511973,5.892545317601326,293.33333333333337,5.892545317601326
215,215,5,recov,0.0027599428179511973,5.892545317601326,293.33333333333337,5.892545317601326
216,216,3,recov,0.0027599428179511973,5.892545317601326,293.33333333333337,5.892545317601326
217,217,4,recov,0.0027599428179511973,5.892545317601326,293.33333333333337,5.892545317601326
218,218,5,recov,0.0027599428179511973,5.892545317601326,293.33333333333337,5.892545317601326
219,219,3,recov,0.0027599428179511973,5.892545317601326,293.33333333333337,5.892545317601326
220,220,4,recov,0.0027599428179511973,5.892545317601326,293.33333333333337,5.892545317601326
221,221,5,recov,0.0027599428179511973,5.892545317601326,293.33333333333337,5.892545317601326
222,222,3,recov,0.0027599428179511973,5.892545317601326,293.33333333333337,5.892545317601326
223,223,4,recov,0.0027599428179511973,5.892545317601326,293.33333333333337,5.892545317601326
224,224,5,recov,0.0027599428179511973,5.892545317601326,293.33333333333337,5.892545317601326
225,225,3,recov,0.0027599428179511973,5.892545317601326,293.33333333333337,5.892545317601326
226,226,4,recov,0.0027599428179511973,5.892545317601326,293.33333333333337,5.892545317601326
227,227,5,recov,0.0027599428179511973,5.892545317601326,293.33333333333337,5.892545317601326
228,228,3,recov,0.0027599428179511973,5.892545317601326,293.33333333333337,5.892545317601326
229,229,4,recov,0.0027599428179511973,5.892545317601326,293.33333333333337,5.892545317601326
230,230,5,recov,0.0027599428179511973,5.892545317601326,293.33333333333337,5.892545317601326
231,231,3,recov,0.0027599428179511973,5.892545317601326,293.33333333333337,5.892545317601326
232,232,4,recov,0.0027599428179511973,5.892545317601326,293.33333333333337,5.892545317601326
233,233,5,recov,0.0027599428179511973,5.892545317601326,293.33333333333337,5.892545317601326
234,234,3,recov,0.0027599428179511973,5.892545317601326,293.33333333333337,5.892545317601326
235,235,4,recov,0.0027599428179511973,5.892545317601326,293.33333333333337,5.892545317601326
236,236,5,recov,0.0027599428179511973,5.892545317601326,293.33333333333337,5.892545317601326
237,237,3,recov,0.0027599428179511973,5.892545317601326,293.33333333333337,5.892545317601326
238,238,4,recov,0.0027599428179511973,5.892545317601326,293.33333333333337,5.892545317601326
239,239,5,recov,0.0027599428179511973,5.892545317601326,293.33333333333337,5.892545317601326
240,240,3,recov,0.0027599428179511973,5.892545317601326,293.33333333333337,5.892545317601326
241,241,4,recov,0.0027599428179511973,5.892545317601326,293.33333333333337,5.892545317601326
242,242,5,recov,0.0027599428179511973,5.892545317601326,293.33333333333337,5.892545317601326
243,243,3,recov,0.0027599428179511973,5.892545317601326,293.33333333333337,5.892545317601326
244,244,4,recov,0.0027599428179511973,5.892545317601326,293.33333333333337,5.892545317601326
245,245,5,recov,0.0027599428179511973,5.892545317601326,293.33333333333337,5.892545317601326
246,246,3,recov,0.0027599428179511973,5.892545317601326,293.33333333333337,5.892545317601326
247,247,4,recov,0.0027599428179511973,5.892545317601326,293.33333333333337,5.892545317601326
248,248,5,recov,0.0027599428179511973,5.892545317601326,293.33333333333337,5.892545317601326
249,249,3,recov,0.0027599428179511973,5.892545317601326,293.33333333333337,5.892545317601326
250,250,4,recov,0.0027599428179511973,5.892545317601326,293.33333333333337,5.892545317601326
251,251,5,recov,0.0027599428179511973,5.892545317601326,293.33333333333337,5.892545317601326
252,252,3,recov,0.0027599428179511973,5.892545317601326,293.33333333333337,5.892545317601326
253,253,4,recov,0.0027599428179511973,5.892545317601326,293.33333333333337,5.892545317601326
254,254,5,recov,0.0027599428179511973,5.892545317601326,293.33333333333337,5.892545317601326
255,255,3,recov,0.0027599428179511973,5.892545317601326,293.33333333333337,5.892545317601326
256,256,4,recov,0.0027599428179511973,5.892545317601326,293.33333333333337,5.892545317601326
257,257,5,recov,0.0027599428179511973,5.892545317601326,293.33333333333337,5.892545317601326
258,258,3,recov,0.0027599428179511973,5.892545317601326,293.33333333333337,5.892545317601326
259,259,4,recov,0.0027599428179511973,5.892545317601326,293.33333333333337,5.892545317601326
260,260,5,recov,0.0027599428179511973,5.892545317601326,293.33333333333337,5.892545317601326
261,261,3,recov,0.0027599428179511973,5.892545317601326,293.33333333333337,5.892545317601326
262,262,4,recov,0.0027599428179511973,5.892545317601326,293.33333333333337,5.892545317601326
263,263,5,recov,0.0027599428179511973,5.892545317601326,293.33333333333337,5.892545317601326
264,264,3,recov,0.0027599428179511973,5.892545317601326,293.33333333333337,5.892545317601326
265,265,4,recov,0.0027599428179511973,5.892545317601326,293.33333333333337,5.892545317601326
266,266,5,recov,0.0027599428179511973,5.892545317601326,293.33333333333337,5.892545317601326
267,267,3,recov,0.0027599428179511973,5.892545317601326,293.33333333333337,5.892545317601326
268,268,4,recov,0.0027599428179511973,5.892545317601326,293.33333333333337,5.892545317601326
269,269,5,recov,0.0027599428179511973,5.892545317601326,293.33333333333337,5.892545317601326
270,270,3,recov,0.0027599428179511973,5.892545317601326,293.33333333333337,5.892545317601326
271,271,4,recov,0.0027599428179511973,5.892545317601326,293.33333333333337,5.892545317601326
272,272,5,recov,0.0027599428179511973,5.892545317601326,293.33333333333337,5.892545317601326
273,273,3,recov,0.0027599428179511973,5.892545317601326,293.33333333333337,5.892545317601326
274,274,4,recov,0.0027599428179511973,5.892545317601326,293.33333333333337,5.892545317601326
275,275,5,recov,0.0027599428179511973,5.892545317601326,293.33333333333337,5.892545317601326
276,276,3,recov,0.0027599428179511973,5.892545317601326,293.33333333333337,5.892545317601326
277,277,4,recov,0.0027599428179511973,5.892545317601326,293.33333333333337,5.892545317601326
278,278,5,recov,0.0027599428179511973,5.892545317601326,293.33333333333337,5.892545317601326
279,279,3,recov,0.0027599428179511973,5.892545317601326,293.33333333333337,5.892545317601326
280,280,4,recov,0.0027599428179511973,5.892545317601326,293.33333333333337,5.892545317601326
281,281,5,recov,0.0027599428179511973,5.892545317601326,293.33333333333337,5.892545317601326
282,282,3,recov,0.0027599428179511973,5.892545317601326,293.33333333333337,5.892545317601326
283,283,4,recov,0.0027599428179511973,5.892545317601326,293.33333333333337,5.892545317601326
284,284,5,recov,0.0027599428179511973,5.892545317601326,293.33333333333337,5.892545317601326
285,285,3,recov,0.0027599428179511973,5.892545317601326,293.33333333333337,5.892545317601326
286,286,4,recov,0.0027599428179511973,5.892545317601326,293.33333333333337,5.892545317601326
287,287,5,recov,0.0027599428179511973,5.892545317601326,293.33333333333337,5.892545317601326
288,288,3,recov,0.0027599428179511973,5.892545317601326,293.33333333333337,5.892545317601326
289,289,4,recov,0.0027599428179511973,5.892545317601326,293.33333333333337,5.892545317601326
290,290,5,recov,0.0027599428179511973,5.892545317601326,293.33333333333337,5.892545317601326
291,291,3,recov,0.0027599428179511973,5.892545317601326,293.33333333333337,5.892545317601326
292,292,4,recov,0.0027599428179511973,5.892545317601326,293.33333333333337,5.892545317601326
293,293,5,recov,0.0027599428179511973,5.892545317601326,293.33333333333337,5.892545317601326
294,294,3,recov,0.0027599428179511973,5.892545317601326,293.33333333333337,5.892545317601326
295,295,4,recov,0.0027599428179511973,5.892545317601326,293.33333333333337,5.892545317601326
296,296,5,recov,0.0027599428179511973,5.892545317601326,293.33333333333337,5.892545317601326
297,297,3,recov,0.0027599428179511973,5.892545317601326,293.33333333333337,5.892545317601326
298,298,4,recov,0.0027599428179511973,5.892545317601326,293.33333333333337,5.892545317601326
299,299,5,recov,0.0027599428179511973,5.892545317601326,293.33333333333337,5.892545317601326
300,300,3,recov,0.0027599428179511973,5.892545317601326,293.33333333333337,5.892545317601326
301,301,4,recov,0.0027599428179511973,5.892545317601326,293.33333333333337,5.892545317601326
302,302,5,recov,0.0027599428179511973,5.892545317601326,293.33333333333337,5.892545317601326
303,303,3,recov,0.0027599428179511973,5.892545317601326,293.33333333333337,5.892545317601326
304,304,4,recov,0.0027599428179511973,5.892545317601326,293.33333333333337,5.892545317601326
305,305,5,recov,0.0027599428179511973,5.892545317601326,293.33333333333337,5.892545317601326
306,306,3,recov,0.0027599428179511973,5.892545317601326,293.33333333333337,5.892545317601326
307,307,4,recov,0.0027599428179511973,5.892545317601326,293.33333333333337,5.892545317601326
308,308,5,recov,0.0027599428179511973,5.892545317601326,293.33333333333337,5.892545317601326
309,309,3,recov,0.0027599428179511973,5.892545317601326,293.33333333333337,5.892545317601326
310,310,4,recov,0.0027599428179511973,5.892545317601326,293.33333333333337,5.892545317601326
311,311,5,recov,0.0027599428179511973,5.892545317601326,293.33333333333337,5.892545317601326
312,312,3,recov,0.0027599428179511973,5.892545317601326,293.33333333333337,5.892545317601326
313,313,4,recov,0.0027599428179511973,5.892545317601326,293.33333333333337,5.892545317601326
314,314,5,recov,0.0027599428179511973,5.892545317601326,293.33333333333337,5.892545317601326
315,315,3,recov,0.0027599428179511973,5.892545317601326,293.33333333333337,5.892545317601326
316,316,4,recov,0.0027599428179511973,5.892545317601326,293.33333333333337,5.892545317601326
317,317,5,recov,0.0027599428179511973,5.892545317601326,293.33333333333337,5.892545317601326
318,318,3,recov,0.0027599428179511973,5.892545317601326,293.33333333333337,5.892545317601326
319,319,4,recov,0.0027599428179511973,5.892545317601326,293.33333333333337,5.892545317601326
320,320,5,recov,0.0027599428179511973,5.892545317601326,293.33333333333337,5.892545317601326
321,321,3,recov,0.0027599428179511973,5.892545317601326,293.33333333333337,5.892545317601326
322,322,4,recov,0.0027599428179511973,5.892545317601326,293.33333333333337,5.892545317601326
323,323,5,recov,0.0027599428179511973,5.892545317601326,293.33333333333337,5.892545317601326
324,324,3,recov,0.0027599428179511973,5.892545317601326,293.33333333333337,5.892545317601326
325,325,4,recov,0.0027599428179511973,5.892545317601326,293.33333333333337,5.892545317601326
326,326,5,recov,0.0027599428179511973,5.892545317601326,293.33333333333337,5.892545317601326
327,327,3,recov,0.0027599428179511973,5.892545317601326,293.33333333333337,5.892545317601326
328,328,4,recov,0.0027599428179511973,5.892545317601326,293.33333333333337,5.892545317601326
329,329,5,recov,0.0027599428179511973,5.892545317601326,293.33333333333337,5.892545317601326
330,330,3,recov,0.0027599428179511973,5.892545317601326,293.33333333333337,5.892545317601326
331,331,4,recov,0.0027599428179511973,5.892545317601326,293.33333333333337,5.892545317601326
332,332,5,recov,0.0027599428179511973,5.892545317601326,293.33333333333337,5.892545317601326
333,333,3,recov,0.0027599428179511973,5.892545317601326,293.33333333333337,5.892545317601326
334,334,4,recov,0.0027599428179511973,5.892545317601326,293.33333333333337,5.892545317601326
335,335,5,recov,0.0027599428179511973,5.892545317601326,293.33333333333337,5.892545317601326
336,336,3,recov,0.0027599428179511973,5.892545317601326,293.33333333333337,5.892545317601326
337,337,4,recov,0.0027599428179511973,5.892545317601326,293.33333333333337,5.892545317601326
338,338,5,recov,0.0027599428179511973,5.892545317601326,293.33333333333337,5.892545317601326
339,339,3,recov,0.0027599428179511973,5.892545317601326,293.33333333333337,5.892545317601326
340,340,4,recov,0.0027599428179511973,5.892545317601326,293.33333333333337,5.892545317601326
341,341,5,recov,0.0027599428179511973,5.892545317601326,293.33333333333337,5.892545317601326
342,342,3,recov,0.0027599428179511973,5.892545317601326,293.33333333333337,5.892545317601326
343,343,4,recov,0.0027599428179511973,5.892545317601326,293.33333333333337,5.892545317601326
344,344,5,recov,0.0027599428179511973,5.892545317601326,293.33333333333337,5.892545317601326
345,345,3,recov,0.0027599428179511973,5.892545317601326,293.33333333333337,5.892545317601326
346,346,4,recov,0.0027599428179511973,5.892545317601326,293.33333333333337,5.892545317601326
347,347,5,recov,0.0027599428179511973,5.892545317601326,293.33333333333337,5.892545317601326
348,348,3,recov,0.0027599428179511973,5.892545317601326,293.33333333333337,5.892545317601326
349,349,4,recov,0.0027599428179511973,5.892545317601326,293.33333333333337,5.892545317601326
350,350,5,recov,0.0027599428179511973,5.892545317601326,293.33333333333337,5.892545317601326
351,351,3,recov,0.0027599428179511973,5.892545317601326,293.33333333333337,5.892545317601326
352,352,4,recov,0.0027599428179511973,5.892545317601326,293.33333333333337,5.892545317601326
353,353,5,recov,0.0027599428179511973,5.892545317601326,293.33333333333337,5.892545317601326
354,354,3,recov,0.0027599428179511973,5.892545317601326,293.33333333333337,5.892545317601326
355,355,4,recov,0.0027599428179511973,5.892545317601326,293.33333333333337,5.892545317601326
356,356,5,recov,0.0027599428179511973,5.892545317601326,293.33333333333337,5.892545317601326
357,357,3,recov,0.0027599428179511973,5.892545317601326,293.33333333333337,5.892545317601326
358,358,4,recov,0.0027599428179511973,5.892545317601326,293.33333333333337,5.892545317601326
359,359,5,recov,0.0027599428179511973,5.892545317601326,293.33333333333337,5.892545317601326
360,360,0,fam_r,0.0019336126329358686,6.248365195220325,293.33333333333337,5.892545317601326
361,361,1,fam_r,0.0019336126329358686,6.248365195220325,293.33333333333337,5.892545317601326
362,362,2,fam_r,0.0019336126329358686,6.248365195220325,293.33333333333337,5.892545317601326
363,363,0,fam_r,0.002707057686110216,5.911892958599112,293.33333333333337,5.892545317601326
364,364,1,fam_r,0.002707057686110216,5.911892958599112,293.33333333333337,5.892545317601326
365,365,2,fam_r,0.002707057686110216,5.911892958599112,293.33333333333337,5.892545317601326
366,366,0,fam_r,0.0027565581695133744,5.893772417485917,293.33333333333337,5.892545317601326
367,367,1,fam_r,0.0027565581695133744,5.893772417485917,293.33333333333337,5.892545317601326
368,368,2,fam_r,0.0027565581695133744,5.893772417485917,293.33333333333337,5.892545317601326
369,369,0,fam_r,0.0027597262004511766,5.892623806909076,293.33333333333337,5.892545317601326
370,370,1,fam_r,0.0027597262004511766,5.892623806909076,293.33333333333337,5.892545317601326
371,371,2,fam_r,0.0027597262004511766,5.892623806909076,293.33333333333337,5.892545317601326
372,372,0,fam_r,0.0027599289544311956,5.892550340732505,293.33333333333337,5.892545317601326
373,373,1,fam_r,0.0027599289544311956,5.892550340732505,293.33333333333337,5.892545317601326
374,374,2,fam_r,0.0027599289544311956,5.892550340732505,293.33333333333337,5.892545317601326
0,0,0,fam,0.001949317738791423,6.240275845170769,366.6666666666667,5.892545317601326
1,1,1,fam,0.0019398642095053346,6.245137303457015,366.6666666666667,5.892545317601326
2,2,2,fam,0.0019361084220716359,6.247075288559693,366.6666666666667,5.892545317601326
3,3,0,fam,0.0027084542464693366,5.911377195580781,366.6666666666667,5.892545317601326
4,4,1,fam,0.002707616137392179,5.911686685312061,366.6666666666667,5.892545317601326
5,5,2,fam,0.002707281038977112,5.911810454390062,366.6666666666667,5.892545317601326
6,6,0,fam,0.0027566491398233702,5.893739416619126,366.6666666666667,5.892545317601326
7,7,1,fam,0.0027565945569168714,5.893759217269888,366.6666666666667,5.892545317601326
8,8,2,fam,0.002756572724359496,5.893767137420415,366.6666666666667,5.892545317601326
9,9,0,fam,0.002759732029062142,5.892621694886221,366.6666666666667,5.892545317601326
10,10,1,fam,0.002759728531892608,5.892622962100469,366.6666666666667,5.892545317601326
11,11,2,fam,0.0027597271330272763,5.892623468985719,366.6666666666667,5.892545317601326
12,12,0,fam,0.002759929327488966,5.892550205563176,366.6666666666667,5.892545317601326
13,13,1,fam,0.0027599291036542917,5.892550286664775,366.6666666666667,5.892545317601326
14,14,2,fam,0.002759929014120432,5.892550319105413,366.6666666666667,5.892545317601326
15,15,0,fam,0.0027599419545617236,5.89254563043013,366.6666666666667,5.892545317601326
16,16,1,fam,0.0027599419402362397,5.892545635620631,366.6666666666667,5.892545317601326
17,17,2,fam,0.0027599419345060465,5.8925456376968315,366.6666666666667,5.892545317601326
18,18,0,fam,0.002759942762694271,5.892545337622367,366.6666666666667,5.892545317601326
19,19,1,fam,0.00275994276177744,5.892545337954559,366.6666666666667,5.892545317601326
20,20,2,fam,0.0027599427614107075,5.8925453380874355,366.6666666666667,5.892545317601326
21,21,0,fam,0.002759942814414754,5.892545318882672,366.6666666666667,5.892545317601326
22,22,1,fam,0.0027599428143560765,5.892545318903933,366.6666666666667,5.892545317601326
23,23,2,fam,0.0027599428143326057,5.892545318912437,366.6666666666667,5.892545317601326
24,24,0,fam,0.002759942817724865,5.892545317683332,366.6666666666667,5.892545317601326
25,25,1,fam,0.002759942817721109,5.892545317684693,366.6666666666667,5.892545317601326
26,26,2,fam,0.0027599428177196073,5.892545317685237,366.6666666666667,5.892545317601326
27,27,0,fam,0.0027599428179367115,5.892545317606575,366.6666666666667,5.892545317601326
28,28,1,fam,0.002759942817936471,5.892545317606662,366.6666666666667,5.892545317601326
29,29,2,fam,0.0027599428179363754,5.892545317606697,366.6666666666667,5.892545317601326
30,30,0,fam,0.00275994281795027,5.8925453176016624,366.6666666666667,5.892545317601326
31,31,1,fam,0.002759942817950255,5.892545317601668,366.6666666666667,5.892545317601326
32,32,2,fam,0.0027599428179502484,5.8925453176016696,366.6666666666667,5.892545317601326
33,33,0,fam,0.0027599428179511374,5.892545317601348,366.6666666666667,5.892545317601326
34,34,1,fam,0.0027599428179511365,5.892545317601348,366.6666666666667,5.892545317601326
35,35,2,fam,0.002759942817951136,5.892545317601348,366.6666666666667,5.892545317601326
36,36,0,fam,0.002759942817951193,5.892545317601328,366.6666666666667,5.892545317601326
37,37,1,fam,0.002759942817951193,5.892545317601328,366.6666666666667,5.892545317601326
38,38,2,fam,0.002759942817951193,5.892545317601328,366.6666666666667,5.892545317601326
39,39,0,fam,0.002759942817951197,5.892545317601326,366.6666666666667,5.892545317601326
40,40,1,fam,0.002759942817951197,5.892545317601326,366.6666666666667,5.892545317601326
41,41,2,fam,0.002759942817951197,5.892545317601326,366.6666666666667,5.892545317601326
42,42,0,fam,0.0027599428179511973,5.892545317601326,366.6666666666667,5.892545317601326
43,43,1,fam,0.0027599428179511973,5.892545317601326,366.6666666666667,5.892545317601326
44,44,2,fam,0.0027599428179511973,5.892545317601326,366.6666666666667,5.892545317601326
45,45,0,fam,0.0027599428179511973,5.892545317601326,366.6666666666667,5.892545317601326
46,46,1,fam,0.0027599428179511973,5.892545317601326,366.6666666666667,5.892545317601326
47,47,2,fam,0.0027599428179511973,5.892545317601326,366.6666666666667,5.892545317601326
48,48,0,fam,0.0027599428179511973,5.892545317601326,366.6666666666667,5.892545317601326
49,49,1,fam,0.0027599428179511973,5.892545317601326,366.6666666666667,5.892545317601326
50,50,2,fam,0.0027599428179511973,5.892545317601326,366.6666666666667,5.892545317601326
51,51,0,fam,0.0027599428179511973,5.892545317601326,366.6666666666667,5.892545317601326
52,52,1,fam,0.0027599428179511973,5.892545317601326,366.6666666666667,5.892545317601326
53,53,2,fam,0.0027599428179511973,5.892545317601326,366.6666666666667,5.892545317601326
54,54,0,fam,0.0027599428179511973,5.892545317601326,366.6666666666667,5.892545317601326
55,55,1,fam,0.0027599428179511973,5.892545317601326,366.6666666666667,5.892545317601326
56,56,2,fam,0.0027599428179511973,5.892545317601326,366.6666666666667,5.892545317601326
57,57,0,fam,0.0027599428179511973,5.892545317601326,366.6666666666667,5.892545317601326
58,58,1,fam,0.0027599428179511973,5.892545317601326,366.6666666666667,5.892545317601326
59,59,2,fam,0.0027599428179511973,5.892545317601326,366.6666666666667,5.892545317601326
60,60,0,fam,0.0027599428179511973,5.892545317601326,366.6666666666667,5.892545317601326
61,61,1,fam,0.0027599428179511973,5.892545317601326,366.6666666666667,5.892545317601326
62,62,2,fam,0.0027599428179511973,5.892545317601326,366.6666666666667,5.892545317601326
63,63,0,fam,0.0027599428179511973,5.892545317601326,366.6666666666667,5.892545317601326
64,64,1,fam,0.0027599428179511973,5.892545317601326,366.6666666666667,5.892545317601326
65,65,2,fam,0.0027599428179511973,5.892545317601326,366.6666666666667,5.892545317601326
66,66,3,recov,0.0019336126329358686,6.248365195220325,366.6666666666667,5.892545317601326
67,67,4,recov,0.0019336126329358686,6.248365195220325,366.6666666666667,5.892545317601326
68,68,5,recov,0.0019336126329358686,6.248365195220325,366.6666666666667,5.892545317601326
69,69,3,recov,0.002707057686110216,5.911892958599112,366.6666666666667,5.892545317601326
70,70,4,recov,0.002707057686110216,5.911892958599112,366.6666666666667,5.892545317601326
71,71,5,recov,0.002707057686110216,5.911892958599112,366.6666666666667,5.892545317601326
72,72,3,recov,0.0027565581695133744,5.893772417485917,366.6666666666667,5.892545317601326
73,73,4,recov,0.0027565581695133744,5.893772417485917,366.6666666666667,5.892545317601326
74,74,5,recov,0.0027565581695133744,5.893772417485917,366.6666666666667,5.892545317601326
75,75,3,recov,0.0027597262004511766,5.892623806909076,366.6666666666667,5.892545317601326
76,76,4,recov,0.0027597262004511766,5.892623806909076,366.6666666666667,5.892545317601326
77,77,5,recov,0.0027597262004511766,5.892623806909076,366.6666666666667,5.892545317601326
78,78,3,recov,0.0027599289544311956,5.892550340732505,366.6666666666667,5.892545317601326
79,79,4,recov,0.0027599289544311956,5.892550340732505,366.6666666666667,5.892545317601326
80,80,5,recov,0.0027599289544311956,5.892550340732505,366.6666666666667,5.892545317601326
81,81,3,recov,0.0027599419306859174,5.892545639080966,366.6666666666667,5.892545317601326
82,82,4,recov,0.0027599419306859174,5.892545639080966,366.6666666666667,5.892545317601326
83,83,5,recov,0.0027599419306859174,5.892545639080966,366.6666666666667,5.892545317601326
84,84,3,recov,0.0027599427611662195,5.89254533817602,366.6666666666667,5.892545317601326
85,85,4,recov,0.0027599427611662195,5.89254533817602,366.6666666666667,5.892545317601326
86,86,5,recov,0.0027599427611662195,5.89254533817602,366.6666666666667,5.892545317601326
87,87,3,recov,0.0027599428143169585,5.892545318918106,366.6666666666667,5.892545317601326
88,88,4,recov,0.0027599428143169585,5.892545318918106,366.6666666666667,5.892545317601326
89,89,5,recov,0.0027599428143169585,5.892545318918106,366.6666666666667,5.892545317601326
90,90,3,recov,0.002759942817718606,5.8925453176856,366.6666666666667,5.892545317601326
91,91,4,recov,0.002759942817718606,5.8925453176856,366.6666666666667,5.892545317601326
92,92,5,recov,0.002759942817718606,5.8925453176856,366.6666666666667,5.892545317601326
93,93,3,recov,0.002759942817936311,5.89254531760672,366.6666666666667,5.892545317601326
94,94,4,recov,0.002759942817936311,5.89254531760672,366.6666666666667,5.892545317601326
95,95,5,recov,0.002759942817936311,5.89254531760672,366.6666666666667,5.892545317601326
96,96,3,recov,0.0027599428179502445,5.892545317601671,366.6666666666667,5.892545317601326
97,97,4,recov,0.0027599428179502445,5.892545317601671,366.6666666666667,5.892545317601326
98,98,5,recov,0.0027599428179502445,5.892545317601671,366.6666666666667,5.892545317601326
99,99,3,recov,0.002759942817951136,5.892545317601348,366.6666666666667,5.892545317601326
100,100,4,recov,0.002759942817951136,5.892545317601348,366.6666666666667,5.892545317601326
101,101,5,recov,0.002759942817951136,5.892545317601348,366.6666666666667,5.892545317601326
102,102,3,recov,0.002759942817951193,5.892545317601328,366.6666666666667,5.892545317601326
103,103,4,recov,0.002759942817951193,5.892545317601328,366.6666666666667,5.892545317601326
104,104,5,recov,0.002759942817951193,5.892545317601328,366.6666666666667,5.892545317601326
105,105,3,recov,0.002759942817951197,5.892545317601326,366.6666666666667,5.892545317601326
106,106,4,recov,0.002759942817951197,5.892545317601326,366.6666666666667,5.892545317601326
107,107,5,recov,0.002759942817951197,5.892545317601326,366.6666666666667,5.892545317601326
108,108,3,recov,0.0027599428179511973,5.892545317601326,366.6666666666667,5.892545317601326
109,109,4,recov,0.0027599428179511973,5.892545317601326,366.6666666666667,5.892545317601326
110,110,5,recov,0.0027599428179511973,5.892545317601326,366.6666666666667,5.892545317601326
111,111,3,recov,0.0027599428179511973,5.892545317601326,366.6666666666667,5.892545317601326
112,112,4,recov,0.0027599428179511973,5.892545317601326,366.6666666666667,5.892545317601326
113,113,5,recov,0.0027599428179511973,5.892545317601326,366.6666666666667,5.892545317601326
114,114,3,recov,0.0027599428179511973,5.892545317601326,366.6666666666667,5.892545317601326
115,115,4,recov,0.0027599428179511973,5.892545317601326,366.6666666666667,5.892545317601326
116,116,5,recov,0.0027599428179511973,5.892545317601326,366.6666666666667,5.892545317601326
117,117,3,recov,0.0027599428179511973,5.892545317601326,366.6666666666667,5.892545317601326
118,118,4,recov,0.0027599428179511973,5.892545317601326,366.6666666666667,5.892545317601326
119,119,5,recov,0.0027599428179511973,5.892545317601326,366.6666666666667,5.892545317601326
120,120,3,recov,0.0027599428179511973,5.892545317601326,366.6666666666667,5.892545317601326
121,121,4,recov,0.0027599428179511973,5.892545317601326,366.6666666666667,5.892545317601326
122,122,5,recov,0.0027599428179511973,5.892545317601326,366.6666666666667,5.892545317601326
123,123,3,recov,0.0027599428179511973,5.892545317601326,366.6666666666667,5.892545317601326
124,124,4,recov,0.0027599428179511973,5.892545317601326,366.6666666666667,5.892545317601326
125,125,5,recov,0.0027599428179511973,5.892545317601326,366.6666666666667,5.892545317601326
126,126,3,recov,0.0027599428179511973,5.892545317601326,366.6666666666667,5.892545317601326
127,127,4,recov,0.0027599428179511973,5.892545317601326,366.6666666666667,5.892545317601326
128,128,5,recov,0.0027599428179511973,5.892545317601326,366.6666666666667,5.892545317601326
129,129,3,recov,0.0027599428179511973,5.892545317601326,366.6666666666667,5.892545317601326
130,130,4,recov,0.0027599428179511973,5.892545317601326,366.6666666666667,5.892545317601326
131,131,5,recov,0.0027599428179511973,5.892545317601326,366.6666666666667,5.892545317601326
132,132,3,recov,0.0027599428179511973,5.892545317601326,366.6666666666667,5.892545317601326
133,133,4,recov,0.0027599428179511973,5.892545317601326,366.6666666666667,5.892545317601326
134,134,5,recov,0.0027599428179511973,5.892545317601326,366.6666666666667,5.892545317601326
135,135,3,recov,0.0027599428179511973,5.892545317601326,366.6666666666667,5.892545317601326
136,136,4,recov,0.0027599428179511973,5.892545317601326,366.6666666666667,5.892545317601326
137,137,5,recov,0.0027599428179511973,5.892545317601326,366.6666666666667,5.892545317601326
138,138,3,recov,0.0027599428179511973,5.892545317601326,366.6666666666667,5.892545317601326
139,139,4,recov,0.0027599428179511973,5.892545317601326,366.6666666666667,5.892545317601326
140,140,5,recov,0.0027599428179511973,5.892545317601326,366.6666666666667,5.892545317601326
141,141,3,recov,0.0027599428179511973,5.892545317601326,366.6666666666667,5.892545317601326
142,142,4,recov,0.0027599428179511973,5.892545317601326,366.6666666666667,5.892545317601326
143,143,5,recov,0.0027599428179511973,5.892545317601326,366.6666666666667,5.892545317601326
144,144,3,recov,0.0027599428179511973,5.892545317601326,366.6666666666667,5.892545317601326
145,145,4,recov,0.0027599428179511973,5.892545317601326,366.6666666666667,5.892545317601326
146,146,5,recov,0.0027599428179511973,5.892545317601326,366.6666666666667,5.892545317601326
147,147,3,recov,0.0027599428179511973,5.892545317601326,366.6666666666667,5.892545317601326
148,148,4,recov,0.0027599428179511973,5.892545317601326,366.6666666666667,5.892545317601326
149,149,5,recov,0.0027599428179511973,5.892545317601326,366.6666666666667,5.892545317601326
150,150,3,recov,0.0027599428179511973,5.892545317601326,366.6666666666667,5.892545317601326
151,151,4,recov,0.0027599428179511973,5.892545317601326,366.6666666666667,5.892545317601326
152,152,5,recov,0.0027599428179511973,5.892545317601326,366.6666666666667,5.892545317601326
153,153,3,recov,0.0027599428179511973,5.892545317601326,366.6666666666667,5.892545317601326
154,154,4,recov,0.0027599428179511973,5.892545317601326,366.6666666666667,5.892545317601326
155,155,5,recov,0.0027599428179511973,5.892545317601326,366.6666666666667,5.892545317601326
156,156,3,recov,0.0027599428179511973,5.892545317601326,366.6666666666667,5.892545317601326
157,157,4,recov,0.0027599428179511973,5.892545317601326,366.6666666666667,5.892545317601326
158,158,5,recov,0.0027599428179511973,5.892545317601326,366.6666666666667,5.892545317601326
159,159,3,recov,0.0027599428179511973,5.892545317601326,366.6666666666667,5.892545317601326
160,160,4,recov,0.0027599428179511973,5.892545317601326,366.6666666666667,5.892545317601326
161,161,5,recov,0.0027599428179511973,5.892545317601326,366.6666666666667,5.892545317601326
162,162,3,recov,0.0027599428179511973,5.892545317601326,366.6666666666667,5.892545317601326
163,163,4,recov,0.0027599428179511973,5.892545317601326,366.6666666666667,5.892545317601326
164,164,5,recov,0.0027599428179511973,5.892545317601326,366.6666666666667,5.892545317601326
165,165,3,recov,0.0027599428179511973,5.892545317601326,366.6666666666667,5.892545317601326
166,166,4,recov,0.0027599428179511973,5.892545317601326,366.6666666666667,5.892545317601326
167,167,5,recov,0.0027599428179511973,5.892545317601326,366.6666666666667,5.892545317601326
168,168,3,recov,0.0027599428179511973,5.892545317601326,366.6666666666667,5.892545317601326
169,169,4,recov,0.0027599428179511973,5.892545317601326,366.6666666666667,5.892545317601326
170,170,5,recov,0.0027599428179511973,5.892545317601326,366.6666666666667,5.892545317601326
171,171,3,recov,0.0027599428179511973,5.892545317601326,366.6666666666667,5.892545317601326
172,172,4,recov,0.0027599428179511973,5.892545317601326,366.6666666666667,5.892545317601326
173,173,5,recov,0.0027599428179511973,5.892545317601326,366.6666666666667,5.892545317601326
174,174,3,recov,0.0027599428179511973,5.892545317601326,366.6666666666667,5.892545317601326
175,175,4,recov,0.0027599428179511973,5.892545317601326,366.6666666666667,5.892545317601326
176,176,5,recov,0.0027599428179511973,5.892545317601326,366.6666666666667,5.892545317601326
177,177,3,recov,0.0027599428179511973,5.892545317601326,366.6666666666667,5.892545317601326
178,178,4,recov,0.0027599428179511973,5.892545317601326,366.6666666666667,5.892545317601326
179,179,5,recov,0.0027599428179511973,5.892545317601326,366.6666666666667,5.892545317601326
180,180,3,recov,0.0027599428179511973,5.892545317601326,366.6666666666667,5.892545317601326
181,181,4,recov,0.0027599428179511973,5.892545317601326,366.6666666666667,5.892545317601326
182,182,5,recov,0.0027599428179511973,5.892545317601326,366.6666666666667,5.892545317601326
183,183,3,recov,0.0027599428179511973,5.892545317601326,366.6666666666667,5.892545317601326
184,184,4,recov,0.0027599428179511973,5.892545317601326,366.6666666666667,5.892545317601326
185,185,5,recov,0.0027599428179511973,5.892545317601326,366.6666666666667,5.892545317601326
186,186,3,recov,0.0027599428179511973,5.892545317601326,366.6666666666667,5.892545317601326
187,187,4,recov,0.0027599428179511973,5.892545317601326,366.6666666666667,5.892545317601326
188,188,5,recov,0.0027599428179511973,5.892545317601326,366.6666666666667,5.892545317601326
189,189,3,recov,0.0027599428179511973,5.892545317601326,366.6666666666667,5.892545317601326
190,190,4,recov,0.0027599428179511973,5.892545317601326,366.6666666666667,5.892545317601326
191,191,5,recov,0.0027599428179511973,5.892545317601326,366.6666666666667,5.892545317601326
192,192,3,recov,0.0027599428179511973,5.892545317601326,366.6666666666667,5.892545317601326
193,193,4,recov,0.0027599428179511973,5.892545317601326,366.6666666666667,5.892545317601326
194,194,5,recov,0.0027599428179511973,5.892545317601326,366.6666666666667,5.892545317601326
195,195,3,recov,0.0027599428179511973,5.892545317601326,366.6666666666667,5.892545317601326
196,196,4,recov,0.0027599428179511973,5.892545317601326,366.6666666666667,5.892545317601326
197,197,5,recov,0.0027599428179511973,5.892545317601326,366.6666666666667,5.892545317601326
198,198,3,recov,0.0027599428179511973,5.892545317601326,366.6666666666667,5.892545317601326
199,199,4,recov,0.0027599428179511973,5.892545317601326,366.6666666666667,5.892545317601326
200,200,5,recov,0.0027599428179511973,5.892545317601326,366.6666666666667,5.892545317601326
201,201,3,recov,0.0027599428179511973,5.892545317601326,366.6666666666667,5.892545317601326
202,202,4,recov,0.0027599428179511973,5.892545317601326,366.6666666666667,5.892545317601326
203,203,5,recov,0.0027599428179511973,5.892545317601326,366.6666666666667,5.892545317601326
204,204,3,recov,0.0027599428179511973,5.892545317601326,366.6666666666667,5.892545317601326
205,205,4,recov,0.0027599428179511973,5.892545317601326,366.6666666666667,5.892545317601326
206,206,5,recov,0.0027599428179511973,5.892545317601326,366.6666666666667,5.892545317601326
207,207,3,recov,0.0027599428179511973,5.892545317601326,366.6666666666667,5.892545317601326
208,208,4,recov,0.0027599428179511973,5.892545317601326,366.6666666666667,5.892545317601326
209,209,5,recov,0.0027599428179511973,5.892545317601326,366.6666666666667,5.892545317601326
210,210,3,recov,0.0027599428179511973,5.892545317601326,366.6666666666667,5.892545317601326
211,211,4,recov,0.0027599428179511973,5.892545317601326,366.6666666666667,5.892545317601326
212,212,5,recov,0.0027599428179511973,5.892545317601326,366.6666666666667,5.892545317601326
213,213,3,recov,0.0027599428179511973,5.892545317601326,366.6666666666667,5.892545317601326
214,214,4,recov,0.0027599428179511973,5.892545317601326,366.6666666666667,5.892545317601326
215,215,5,recov,0.0027599428179511973,5.892545317601326,366.6666666666667,5.892545317601326
216,216,3,recov,0.0027599428179511973,5.892545317601326,366.6666666666667,5.892545317601326
217,217,4,recov,0.0027599428179511973,5.892545317601326,366.6666666666667,5.892545317601326
218,218,5,recov,0.0027599428179511973,5.892545317601326,366.6666666666667,5.892545317601326
219,219,3,recov,0.0027599428179511973,5.892545317601326,366.6666666666667,5.892545317601326
220,220,4,recov,0.0027599428179511973,5.892545317601326,366.6666666666667,5.892545317601326
221,221,5,recov,0.0027599428179511973,5.892545317601326,366.6666666666667,5.892545317601326
222,222,3,recov,0.0027599428179511973,5.892545317601326,366.6666666666667,5.892545317601326
223,223,4,recov,0.0027599428179511973,5.892545317601326,366.6666666666667,5.892545317601326
224,224,5,recov,0.0027599428179511973,5.892545317601326,366.6666666666667,5.892545317601326
225,225,3,recov,0.0027599428179511973,5.892545317601326,366.6666666666667,5.892545317601326
226,226,4,recov,0.0027599428179511973,5.892545317601326,366.6666666666667,5.892545317601326
227,227,5,recov,0.0027599428179511973,5.892545317601326,366.6666666666667,5.892545317601326
228,228,3,recov,0.0027599428179511973,5.892545317601326,366.6666666666667,5.892545317601326
229,229,4,recov,0.0027599428179511973,5.892545317601326,366.6666666666667,5.892545317601326
230,230,5,recov,0.0027599428179511973,5.892545317601326,366.6666666666667,5.892545317601326
231,231,3,recov,0.0027599428179511973,5.892545317601326,366.6666666666667,5.892545317601326
232,232,4,recov,0.0027599428179511973,5.892545317601326,366.6666666666667,5.892545317601326
233,233,5,recov,0.0027599428179511973,5.892545317601326,366.6666666666667,5.892545317601326
234,234,3,recov,0.0027599428179511973,5.892545317601326,366.6666666666667,5.892545317601326
235,235,4,recov,0.0027599428179511973,5.892545317601326,366.6666666666667,5.892545317601326
236,236,5,recov,0.0027599428179511973,5.892545317601326,366.6666666666667,5.892545317601326
237,237,3,recov,0.0027599428179511973,5.892545317601326,366.6666666666667,5.892545317601326
238,238,4,recov,0.0027599428179511973,5.892545317601326,366.6666666666667,5.892545317601326
239,239,5,recov,0.0027599428179511973,5.892545317601326,366.6666666666667,5.892545317601326
240,240,3,recov,0.0027599428179511973,5.892545317601326,366.6666666666667,5.892545317601326
241,241,4,recov,0.0027599428179511973,5.892545317601326,366.6666666666667,5.892545317601326
242,242,5,recov,0.0027599428179511973,5.892545317601326,366.6666666666667,5.892545317601326
243,243,3,recov,0.0027599428179511973,5.892545317601326,366.6666666666667,5.892545317601326
244,244,4,recov,0.0027599428179511973,5.892545317601326,366.6666666666667,5.892545317601326
245,245,5,recov,0.0027599428179511973,5.892545317601326,366.6666666666667,5.892545317601326
246,246,3,recov,0.0027599428179511973,5.892545317601326,366.6666666666667,5.892545317601326
247,247,4,recov,0.0027599428179511973,5.892545317601326,366.6666666666667,5.892545317601326
248,248,5,recov,0.0027599428179511973,5.892545317601326,366.6666666666667,5.892545317601326
249,249,3,recov,0.0027599428179511973,5.892545317601326,366.6666666666667,5.892545317601326
250,250,4,recov,0.0027599428179511973,5.892545317601326,366.6666666666667,5.892545317601326
251,251,5,recov,0.0027599428179511973,5.892545317601326,366.6666666666667,5.892545317601326
252,252,3,recov,0.0027599428179511973,5.892545317601326,366.6666666666667,5.892545317601326
253,253,4,recov,0.0027599428179511973,5.892545317601326,366.6666666666667,5.892545317601326
254,254,5,recov,0.0027599428179511973,5.892545317601326,366.6666666666667,5.892545317601326
255,255,3,recov,0.0027599428179511973,5.892545317601326,366.6666666666667,5.892545317601326
256,256,4,recov,0.0027599428179511973,5.892545317601326,366.6666666666667,5.892545317601326
257,257,5,recov,0.0027599428179511973,5.892545317601326,366.6666666666667,5.892545317601326
258,258,3,recov,0.0027599428179511973,5.892545317601326,366.6666666666667,5.892545317601326
259,259,4,recov,0.0027599428179511973,5.892545317601326,366.6666666666667,5.892545317601326
260,260,5,recov,0.0027599428179511973,5.892545317601326,366.6666666666667,5.892545317601326
261,261,3,recov,0.0027599428179511973,5.892545317601326,366.6666666666667,5.892545317601326
262,262,4,recov,0.0027599428179511973,5.892545317601326,366.6666666666667,5.892545317601326
263,263,5,recov,0.0027599428179511973,5.892545317601326,366.6666666666667,5.892545317601326
264,264,3,recov,0.0027599428179511973,5.892545317601326,366.6666666666667,5.892545317601326
265,265,4,recov,0.0027599428179511973,5.892545317601326,366.6666666666667,5.892545317601326
266,266,5,recov,0.0027599428179511973,5.892545317601326,366.6666666666667,5.892545317601326
267,267,3,recov,0.0027599428179511973,5.892545317601326,366.6666666666667,5.892545317601326
268,268,4,recov,0.0027599428179511973,5.892545317601326,366.6666666666667,5.892545317601326
269,269,5,recov,0.0027599428179511973,5.892545317601326,366.6666666666667,5.892545317601326
270,270,3,recov,0.0027599428179511973,5.892545317601326,366.6666666666667,5.892545317601326
271,271,4,recov,0.0027599428179511973,5.892545317601326,366.6666666666667,5.892545317601326
272,272,5,recov,0.0027599428179511973,5.892545317601326,366.6666666666667,5.892545317601326
273,273,3,recov,0.0027599428179511973,5.892545317601326,366.6666666666667,5.892545317601326
274,274,4,recov,0.0027599428179511973,5.892545317601326,366.6666666666667,5.892545317601326
275,275,5,recov,0.0027599428179511973,5.892545317601326,366.6666666666667,5.892545317601326
276,276,3,recov,0.0027599428179511973,5.892545317601326,366.6666666666667,5.892545317601326
277,277,4,recov,0.0027599428179511973,5.892545317601326,366.6666666666667,5.892545317601326
278,278,5,recov,0.0027599428179511973,5.892545317601326,366.6666666666667,5.892545317601326
279,279,3,recov,0.0027599428179511973,5.892545317601326,366.6666666666667,5.892545317601326
280,280,4,recov,0.0027599428179511973,5.892545317601326,366.6666666666667,5.892545317601326
281,281,5,recov,0.0027599428179511973,5.892545317601326,366.6666666666667,5.892545317601326
282,282,3,recov,0.0027599428179511973,5.892545317601326,366.6666666666667,5.892545317601326
283,283,4,recov,0.0027599428179511973,5.892545317601326,366.6666666666667,5.892545317601326
284,284,5,recov,0.0027599428179511973,5.892545317601326,366.6666666666667,5.892545317601326
285,285,3,recov,0.0027599428179511973,5.892545317601326,366.6666666666667,5.892545317601326
286,286,4,recov,0.0027599428179511973,5.892545317601326,366.6666666666667,5.892545317601326
287,287,5,recov,0.0027599428179511973,5.892545317601326,366.6666666666667,5.892545317601326
288,288,3,recov,0.0027599428179511973,5.892545317601326,366.6666666666667,5.892545317601326
289,289,4,recov,0.0027599428179511973,5.892545317601326,366.6666666666667,5.892545317601326
290,290,5,recov,0.0027599428179511973,5.892545317601326,366.6666666666667,5.892545317601326
291,291,3,recov,0.0027599428179511973,5.892545317601326,366.6666666666667,5.892545317601326
292,292,4,recov,0.0027599428179511973,5.892545317601326,366.6666666666667,5.892545317601326
293,293,5,recov,0.0027599428179511973,5.892545317601326,366.6666666666667,5.892545317601326
294,294,3,recov,0.0027599428179511973,5.892545317601326,366.6666666666667,5.892545317601326
295,295,4,recov,0.0027599428179511973,5.892545317601326,366.6666666666667,5.892545317601326
296,296,5,recov,0.0027599428179511973,5.892545317601326,366.6666666666667,5.892545317601326
297,297,3,recov,0.0027599428179511973,5.892545317601326,366.6666666666667,5.892545317601326
298,298,4,recov,0.0027599428179511973,5.892545317601326,366.6666666666667,5.892545317601326
299,299,5,recov,0.0027599428179511973,5.892545317601326,366.6666666666667,5.892545317601326
300,300,3,recov,0.0027599428179511973,5.892545317601326,366.6666666666667,5.892545317601326
301,301,4,recov,0.0027599428179511973,5.892545317601326,366.6666666666667,5.892545317601326
302,302,5,recov,0.0027599428179511973,5.892545317601326,366.6666666666667,5.892545317601326
303,303,3,recov,0.0027599428179511973,5.892545317601326,366.6666666666667,5.892545317601326
304,304,4,recov,0.0027599428179511973,5.892545317601326,366.6666666666667,5.892545317601326
305,305,5,recov,0.0027599428179511973,5.892545317601326,366.6666666666667,5.892545317601326
306,306,3,recov,0.0027599428179511973,5.892545317601326,366.6666666666667,5.892545317601326
307,307,4,recov,0.0027599428179511973,5.892545317601326,366.6666666666667,5.892545317601326
308,308,5,recov,0.0027599428179511973,5.892545317601326,366.6666666666667,5.892545317601326
309,309,3,recov,0.0027599428179511973,5.892545317601326,366.6666666666667,5.892545317601326
310,310,4,recov,0.0027599428179511973,5.892545317601326,366.6666666666667,5.892545317601326
311,311,5,recov,0.0027599428179511973,5.892545317601326,366.6666666666667,5.892545317601326
312,312,3,recov,0.0027599428179511973,5.892545317601326,366.6666666666667,5.892545317601326
313,313,4,recov,0.0027599428179511973,5.892545317601326,366.6666666666667,5.892545317601326
314,314,5,recov,0.0027599428179511973,5.892545317601326,366.6666666666667,5.892545317601326
315,315,3,recov,0.0027599428179511973,5.892545317601326,366.6666666666667,5.892545317601326
316,316,4,recov,0.0027599428179511973,5.892545317601326,366.6666666666667,5.892545317601326
317,317,5,recov,0.0027599428179511973,5.892545317601326,366.6666666666667,5.892545317601326
318,318,3,recov,0.0027599428179511973,5.892545317601326,366.6666666666667,5.892545317601326
319,319,4,recov,0.0027599428179511973,5.892545317601326,366.6666666666667,5.892545317601326
320,320,5,recov,0.0027599428179511973,5.892545317601326,366.6666666666667,5.892545317601326
321,321,3,recov,0.0027599428179511973,5.892545317601326,366.6666666666667,5.892545317601326
322,322,4,recov,0.0027599428179511973,5.892545317601326,366.6666666666667,5.892545317601326
323,323,5,recov,0.0027599428179511973,5.892545317601326,366.6666666666667,5.892545317601326
324,324,3,recov,0.0027599428179511973,5.892545317601326,366.6666666666667,5.892545317601326
325,325,4,recov,0.0027599428179511973,5.892545317601326,366.6666666666667,5.892545317601326
326,326,5,recov,0.0027599428179511973,5.892545317601326,366.6666666666667,5.892545317601326
327,327,3,recov,0.0027599428179511973,5.892545317601326,366.6666666666667,5.892545317601326
328,328,4,recov,0.0027599428179511973,5.892545317601326,366.6666666666667,5.892545317601326
329,329,5,recov,0.0027599428179511973,5.892545317601326,366.6666666666667,5.892545317601326
330,330,3,recov,0.0027599428179511973,5.892545317601326,366.6666666666667,5.892545317601326
331,331,4,recov,0.0027599428179511973,5.892545317601326,366.6666666666667,5.892545317601326
332,332,5,recov,0.0027599428179511973,5.892545317601326,366.6666666666667,5.892545317601326
333,333,3,recov,0.0027599428179511973,5.892545317601326,366.6666666666667,5.892545317601326
334,334,4,recov,0.0027599428179511973,5.892545317601326,366.6666666666667,5.892545317601326
335,335,5,recov,0.0027599428179511973,5.892545317601326,366.6666666666667,5.892545317601326
336,336,3,recov,0.0027599428179511973,5.892545317601326,366.6666666666667,5.892545317601326
337,337,4,recov,0.0027599428179511973,5.892545317601326,366.6666666666667,5.892545317601326
338,338,5,recov,0.0027599428179511973,5.892545317601326,366.6666666666667,5.892545317601326
339,339,3,recov,0.0027599428179511973,5.892545317601326,366.6666666666667,5.892545317601326
340,340,4,recov,0.0027599428179511973,5.892545317601326,366.6666666666667,5.892545317601326
341,341,5,recov,0.0027599428179511973,5.892545317601326,366.6666666666667,5.892545317601326
342,342,3,recov,0.0027599428179511973,5.892545317601326,366.6666666666667,5.892545317601326
343,343,4,recov,0.0027599428179511973,5.892545317601326,366.6666666666667,5.892545317601326
344,344,5,recov,0.0027599428179511973,5.892545317601326,366.6666666666667,5.892545317601326
345,345,3,recov,0.0027599428179511973,5.892545317601326,366.6666666666667,5.892545317601326
346,346,4,recov,0.0027599428179511973,5.892545317601326,366.6666666666667,5.892545317601326
347,347,5,recov,0.0027599428179511973,5.892545317601326,366.6666666666667,5.892545317601326
348,348,3,recov,0.0027599428179511973,5.892545317601326,366.6666666666667,5.892545317601326
349,349,4,recov,0.0027599428179511973,5.892545317601326,366.6666666666667,5.892545317601326
350,350,5,recov,0.0027599428179511973,5.892545317601326,366.6666666666667,5.892545317601326
351,351,3,recov,0.0027599428179511973,5.892545317601326,366.6666666666667,5.892545317601326
352,352,4,recov,0.0027599428179511973,5.892545317601326,366.6666666666667,5.892545317601326
353,353,5,recov,0.0027599428179511973,5.892545317601326,366.6666666666667,5.892545317601326
354,354,3,recov,0.0027599428179511973,5.892545317601326,366.6666666666667,5.892545317601326
355,355,4,recov,0.0027599428179511973,5.892545317601326,366.6666666666667,5.892545317601326
356,356,5,recov,0.0027599428179511973,5.892545317601326,366.6666666666667,5.892545317601326
357,357,3,recov,0.0027599428179511973,5.892545317601326,366.6666666666667,5.892545317601326
358,358,4,recov,0.0027599428179511973,5.892545317601326,366.6666666666667,5.892545317601326
359,359,5,recov,0.0027599428179511973,5.892545317601326,366.6666666666667,5.892545317601326
360,360,3,recov,0.0027599428179511973,5.892545317601326,366.6666666666667,5.892545317601326
361,361,4,recov,0.0027599428179511973,5.892545317601326,366.6666666666667,5.892545317601326
362,362,5,recov,0.0027599428179511973,5.892545317601326,366.6666666666667,5.892545317601326
363,363,3,recov,0.0027599428179511973,5.892545317601326,366.6666666666667,5.892545317601326
364,364,4,recov,0.0027599428179511973,5.892545317601326,366.6666666666667,5.892545317601326
365,365,5,recov,0.0027599428179511973,5.892545317601326,366.6666666666667,5.892545317601326
366,366,3,recov,0.0027599428179511973,5.892545317601326,366.6666666666667,5.892545317601326
367,367,4,recov,0.0027599428179511973,5.892545317601326,366.6666666666667,5.892545317601326
368,368,5,recov,0.0027599428179511973,5.892545317601326,366.6666666666667,5.892545317601326
369,369,3,recov,0.0027599428179511973,5.892545317601326,366.6666666666667,5.892545317601326
370,370,4,recov,0.0027599428179511973,5.892545317601326,366.6666666666667,5.892545317601326
371,371,5,recov,0.0027599428179511973,5.892545317601326,366.6666666666667,5.892545317601326
372,372,3,recov,0.0027599428179511973,5.892545317601326,366.6666666666667,5.892545317601326
373,373,4,recov,0.0027599428179511973,5.892545317601326,366.6666666666667,5.892545317601326
374,374,5,recov,0.0027599428179511973,5.892545317601326,366.6666666666667,5.892545317601326
375,375,3,recov,0.0027599428179511973,5.892545317601326,366.6666666666667,5.892545317601326
376,376,4,recov,0.0027599428179511973,5.892545317601326,366.6666666666667,5.892545317601326
377,377,5,recov,0.0027599428179511973,5.892545317601326,366.6666666666667,5.892545317601326
378,378,3,recov,0.0027599428179511973,5.892545317601326,366.6666666666667,5.892545317601326
379,379,4,recov,0.0027599428179511973,5.892545317601326,366.6666666666667,5.892545317601326
380,380,5,recov,0.0027599428179511973,5.892545317601326,366.6666666666667,5.892545317601326
381,381,3,recov,0.0027599428179511973,5.892545317601326,366.6666666666667,5.892545317601326
382,382,4,recov,0.0027599428179511973,5.892545317601326,366.6666666666667,5.892545317601326
383,383,5,recov,0.0027599428179511973,5.892545317601326,366.6666666666667,5.892545317601326
384,384,3,recov,0.0027599428179511973,5.892545317601326,366.6666666666667,5.892545317601326
385,385,4,recov,0.0027599428179511973,5.892545317601326,366.6666666666667,5.892545317601326
386,386,5,recov,0.0027599428179511973,5.892545317601326,366.6666666666667,5.892545317601326
387,387,3,recov,0.0027599428179511973,5.892545317601326,366.6666666666667,5.892545317601326
388,388,4,recov,0.0027599428179511973,5.892545317601326,366.6666666666667,5.892545317601326
389,389,5,recov,0.0027599428179511973,5.892545317601326,366.6666666666667,5.892545317601326
390,390,3,recov,0.0027599428179511973,5.892545317601326,366.6666666666667,5.892545317601326
391,391,4,recov,0.0027599428179511973,5.892545317601326,366.6666666666667,5.892545317601326
392,392,5,recov,0.0027599428179511973,5.892545317601326,366.6666666666667,5.892545317601326
393,393,3,recov,0.0027599428179511973,5.892545317601326,366.6666666666667,5.892545317601326
394,394,4,recov,0.0027599428179511973,5.892545317601326,366.6666666666667,5.892545317601326
395,395,5,recov,0.0027599428179511973,5.892545317601326,366.6666666666667,5.892545317601326
396,396,3,recov,0.0027599428179511973,5.892545317601326,366.6666666666667,5.892545317601326
397,397,4,recov,0.0027599428179511973,5.892545317601326,366.6666666666667,5.892545317601326
398,398,5,recov,0.0027599428179511973,5.892545317601326,366.6666666666667,5.892545317601326
399,399,3,recov,0.0027599428179511973,5.892545317601326,366.6666666666667,5.892545317601326
400,400,4,recov,0.0027599428179511973,5.892545317601326,366.6666666666667,5.892545317601326
401,401,5,recov,0.0027599428179511973,5.892545317601326,366.6666666666667,5.892545317601326
402,402,3,recov,0.0027599428179511973,5.892545317601326,366.6666666666667,5.892545317601326
403,403,4,recov,0.0027599428179511973,5.892545317601326,366.6666666666667,5.892545317601326
404,404,5,recov,0.0027599428179511973,5.892545317601326,366.6666666666667,5.892545317601326
405,405,3,recov,0.0027599428179511973,5.892545317601326,366.6666666666667,5.892545317601326
406,406,4,recov,0.0027599428179511973,5.892545317601326,366.6666666666667,5.892545317601326
407,407,5,recov,0.0027599428179511973,5.892545317601326,366.6666666666667,5.892545317601326
408,408,3,recov,0.0027599428179511973,5.892545317601326,366.6666666666667,5.892545317601326
409,409,4,recov,0.0027599428179511973,5.892545317601326,366.6666666666667,5.892545317601326
410,410,5,recov,0.0027599428179511973,5.892545317601326,366.6666666666667,5.892545317601326
411,411,3,recov,0.0027599428179511973,5.892545317601326,366.6666666666667,5.892545317601326
412,412,4,recov,0.0027599428179511973,5.892545317601326,366.6666666666667,5.892545317601326
413,413,5,recov,0.0027599428179511973,5.892545317601326,366.6666666666667,5.892545317601326
414,414,3,recov,0.0027599428179511973,5.892545317601326,366.6666666666667,5.892545317601326
415,415,4,recov,0.0027599428179511973,5.892545317601326,366.6666666666667,5.892545317601326
416,416,5,recov,0.0027599428179511973,5.892545317601326,366.6666666666667,5.892545317601326
417,417,3,recov,0.0027599428179511973,5.892545317601326,366.6666666666667,5.892545317601326
418,418,4,recov,0.0027599428179511973,5.892545317601326,366.6666666666667,5.892545317601326
419,419,5,recov,0.0027599428179511973,5.892545317601326,366.6666666666667,5.892545317601326
420,420,3,recov,0.0027599428179511973,5.892545317601326,366.6666666666667,5.892545317601326
421,421,4,recov,0.0027599428179511973,5.892545317601326,366.6666666666667,5.892545317601326
422,422,5,recov,0.0027599428179511973,5.892545317601326,366.6666666666667,5.892545317601326
423,423,3,recov,0.0027599428179511973,5.892545317601326,366.6666666666667,5.892545317601326
424,424,4,recov,0.0027599428179511973,5.892545317601326,366.6666666666667,5.892545317601326
425,425,5,recov,0.0027599428179511973,5.892545317601326,366.6666666666667,5.892545317601326
426,426,3,recov,0.0027599428179511973,5.892545317601326,366.6666666666667,5.892545317601326
427,427,4,recov,0.0027599428179511973,5.892545317601326,366.6666666666667,5.892545317601326
428,428,5,recov,0.0027599428179511973,5.892545317601326,366.6666666666667,5.892545317601326
429,429,3,recov,0.0027599428179511973,5.892545317601326,366.6666666666667,5.892545317601326
430,430,4,recov,0.0027599428179511973,5.892545317601326,366.6666666666667,5.892545317601326
431,431,5,recov,0.0027599428179511973,5.892545317601326,366.6666666666667,5.892545317601326
432,432,0,fam_r,0.0019336126329358686,6.248365195220325,366.6666666666667,5.892545317601326
433,433,1,fam_r,0.0019336126329358686,6.248365195220325,366.6666666666667,5.892545317601326
434,434,2,fam_r,0.0019336126329358686,6.248365195220325,366.6666666666667,5.892545317601326
435,435,0,fam_r,0.002707057686110216,5.911892958599112,366.6666666666667,5.892545317601326
436,436,1,fam_r,0.002707057686110216,5.911892958599112,366.6666666666667,5.892545317601326
437,437,2,fam_r,0.002707057686110216,5.911892958599112,366.6666666666667,5.892545317601326
438,438,0,fam_r,0.0027565581695133744,5.893772417485917,366.6666666666667,5.892545317601326
439,439,1,fam_r,0.0027565581695133744,5.893772417485917,366.6666666666667,5.892545317601326
440,440,2,fam_r,0.0027565581695133744,5.893772417485917,366.6666666666667,5.892545317601326
441,441,0,fam_r,0.0027597262004511766,5.892623806909076,366.6666666666667,5.892545317601326
442,442,1,fam_r,0.0027597262004511766,5.892623806909076,366.6666666666667,5.892545317601326
443,443,2,fam_r,0.0027597262004511766,5.892623806909076,366.6666666666667,5.892545317601326
444,444,0,fam_r,0.0027599289544311956,5.892550340732505,366.6666666666667,5.892545317601326
445,445,1,fam_r,0.0027599289544311956,5.892550340732505,366.6666666666667,5.892545317601326
446,446,2,fam_r,0.0027599289544311956,5.892550340732505,366.6666666666667,5.892545317601326
0,0,0,fam,0.001949317738791423,6.240275845170769,476.6666666666667,5.892545317601326
1,1,1,fam,0.0019398642095053346,6.245137303457015,476.6666666666667,5.892545317601326
2,2,2,fam,0.0019361084220716359,6.247075288559693,476.6666666666667,5.892545317601326
3,3,0,fam,0.0027084542464693366,5.911377195580781,476.6666666666667,5.892545317601326
4,4,1,fam,0.002707616137392179,5.911686685312061,476.6666666666667,5.892545317601326
5,5,2,fam,0.002707281038977112,5.911810454390062,476.6666666666667,5.892545317601326
6,6,0,fam,0.0027566491398233702,5.893739416619126,476.6666666666667,5.892545317601326
7,7,1,fam,0.0027565945569168714,5.893759217269888,476.6666666666667,5.892545317601326
8,8,2,fam,0.002756572724359496,5.893767137420415,476.6666666666667,5.892545317601326
9,9,0,fam,0.002759732029062142,5.892621694886221,476.6666666666667,5.892545317601326
10,10,1,fam,0.002759728531892608,5.892622962100469,476.6666666666667,5.892545317601326
11,11,2,fam,0.0027597271330272763,5.892623468985719,476.6666666666667,5.892545317601326
12,12,0,fam,0.002759929327488966,5.892550205563176,476.6666666666667,5.892545317601326
13,13,1,fam,0.0027599291036542917,5.892550286664775,476.6666666666667,5.892545317601326
14,14,2,fam,0.002759929014120432,5.892550319105413,476.6666666666667,5.892545317601326
15,15,0,fam,0.0027599419545617236,5.89254563043013,476.6666666666667,5.892545317601326
16,16,1,fam,0.0027599419402362397,5.892545635620631,476.6666666666667,5.892545317601326
17,17,2,fam,0.0027599419345060465,5.8925456376968315,476.6666666666667,5.892545317601326
18,18,0,fam,0.002759942762694271,5.892545337622367,476.6666666666667,5.892545317601326
19,19,1,fam,0.00275994276177744,5.892545337954559,476.6666666666667,5.892545317601326
20,20,2,fam,0.0027599427614107075,5.8925453380874355,476.6666666666667,5.892545317601326
21,21,0,fam,0.002759942814414754,5.892545318882672,476.6666666666667,5.892545317601326
22,22,1,fam,0.0027599428143560765,5.892545318903933,476.6666666666667,5.892545317601326
23,23,2,fam,0.0027599428143326057,5.892545318912437,476.6666666666667,5.892545317601326
24,24,0,fam,0.002759942817724865,5.892545317683332,476.6666666666667,5.892545317601326
25,25,1,fam,0.002759942817721109,5.892545317684693,476.6666666666667,5.892545317601326
26,26,2,fam,0.0027599428177196073,5.892545317685237,476.6666666666667,5.892545317601326
27,27,0,fam,0.0027599428179367115,5.892545317606575,476.6666666666667,5.892545317601326
28,28,1,fam,0.002759942817936471,5.892545317606662,476.6666666666667,5.892545317601326
29,29,2,fam,0.0027599428179363754,5.892545317606697,476.6666666666667,5.892545317601326
30,30,0,fam,0.00275994281795027,5.8925453176016624,476.6666666666667,5.892545317601326
31,31,1,fam,0.002759942817950255,5.892545317601668,476.6666666666667,5.892545317601326
32,32,2,fam,0.0027599428179502484,5.8925453176016696,476.6666666666667,5.892545317601326
33,33,0,fam,0.0027599428179511374,5.892545317601348,476.6666666666667,5.892545317601326
34,34,1,fam,0.0027599428179511365,5.892545317601348,476.6666666666667,5.892545317601326
35,35,2,fam,0.002759942817951136,5.892545317601348,476.6666666666667,5.892545317601326
36,36,0,fam,0.002759942817951193,5.892545317601328,476.6666666666667,5.892545317601326
37,37,1,fam,0.002759942817951193,5.892545317601328,476.6666666666667,5.892545317601326
38,38,2,fam,0.002759942817951193,5.892545317601328,476.6666666666667,5.892545317601326
39,39,0,fam,0.002759942817951197,5.892545317601326,476.6666666666667,5.892545317601326
40,40,1,fam,0.002759942817951197,5.892545317601326,476.6666666666667,5.892545317601326
41,41,2,fam,0.002759942817951197,5.892545317601326,476.6666666666667,5.892545317601326
42,42,0,fam,0.0027599428179511973,5.892545317601326,476.6666666666667,5.892545317601326
43,43,1,fam,0.0027599428179511973,5.892545317601326,476.6666666666667,5.892545317601326
44,44,2,fam,0.0027599428179511973,5.892545317601326,476.6666666666667,5.892545317601326
45,45,0,fam,0.0027599428179511973,5.892545317601326,476.6666666666667,5.892545317601326
46,46,1,fam,0.0027599428179511973,5.892545317601326,476.6666666666667,5.892545317601326
47,47,2,fam,0.0027599428179511973,5.892545317601326,476.6666666666667,5.892545317601326
48,48,0,fam,0.0027599428179511973,5.892545317601326,476.6666666666667,5.892545317601326
49,49,1,fam,0.0027599428179511973,5.892545317601326,476.6666666666667,5.892545317601326
50,50,2,fam,0.0027599428179511973,5.892545317601326,476.6666666666667,5.892545317601326
51,51,0,fam,0.0027599428179511973,5.892545317601326,476.6666666666667,5.892545317601326
52,52,1,fam,0.0027599428179511973,5.892545317601326,476.6666666666667,5.892545317601326
53,53,2,fam,0.0027599428179511973,5.892545317601326,476.6666666666667,5.892545317601326
54,54,0,fam,0.0027599428179511973,5.892545317601326,476.6666666666667,5.892545317601326
55,55,1,fam,0.0027599428179511973,5.892545317601326,476.6666666666667,5.892545317601326
56,56,2,fam,0.0027599428179511973,5.892545317601326,476.6666666666667,5.892545317601326
57,57,0,fam,0.0027599428179511973,5.892545317601326,476.6666666666667,5.892545317601326
58,58,1,fam,0.0027599428179511973,5.892545317601326,476.6666666666667,5.892545317601326
59,59,2,fam,0.0027599428179511973,5.892545317601326,476.6666666666667,5.892545317601326
60,60,0,fam,0.0027599428179511973,5.892545317601326,476.6666666666667,5.892545317601326
61,61,1,fam,0.0027599428179511973,5.892545317601326,476.6666666666667,5.892545317601326
62,62,2,fam,0.0027599428179511973,5.892545317601326,476.6666666666667,5.892545317601326
63,63,0,fam,0.0027599428179511973,5.892545317601326,476.6666666666667,5.892545317601326
64,64,1,fam,0.0027599428179511973,5.892545317601326,476.6666666666667,5.892545317601326
65,65,2,fam,0.0027599428179511973,5.892545317601326,476.6666666666667,5.892545317601326
66,66,3,recov,0.0019336126329358686,6.248365195220325,476.6666666666667,5.892545317601326
67,67,4,recov,0.0019336126329358686,6.248365195220325,476.6666666666667,5.892545317601326
68,68,5,recov,0.0019336126329358686,6.248365195220325,476.6666666666667,5.892545317601326
69,69,3,recov,0.002707057686110216,5.911892958599112,476.6666666666667,5.892545317601326
70,70,4,recov,0.002707057686110216,5.911892958599112,476.6666666666667,5.892545317601326
71,71,5,recov,0.002707057686110216,5.911892958599112,476.6666666666667,5.892545317601326
72,72,3,recov,0.0027565581695133744,5.893772417485917,476.6666666666667,5.892545317601326
73,73,4,recov,0.0027565581695133744,5.893772417485917,476.6666666666667,5.892545317601326
74,74,5,recov,0.0027565581695133744,5.893772417485917,476.6666666666667,5.892545317601326
75,75,3,recov,0.0027597262004511766,5.892623806909076,476.6666666666667,5.892545317601326
76,76,4,recov,0.0027597262004511766,5.892623806909076,476.6666666666667,5.892545317601326
77,77,5,recov,0.0027597262004511766,5.892623806909076,476.6666666666667,5.892545317601326
78,78,3,recov,0.0027599289544311956,5.892550340732505,476.6666666666667,5.892545317601326
79,79,4,recov,0.0027599289544311956,5.892550340732505,476.6666666666667,5.892545317601326
80,80,5,recov,0.0027599289544311956,5.892550340732505,476.6666666666667,5.892545317601326
81,81,3,recov,0.0027599419306859174,5.892545639080966,476.6666666666667,5.892545317601326
82,82,4,recov,0.0027599419306859174,5.892545639080966,476.6666666666667,5.892545317601326
83,83,5,recov,0.0027599419306859174,5.892545639080966,476.6666666666667,5.892545317601326
84,84,3,recov,0.0027599427611662195,5.89254533817602,476.6666666666667,5.892545317601326
85,85,4,recov,0.0027599427611662195,5.89254533817602,476.6666666666667,5.892545317601326
86,86,5,recov,0.0027599427611662195,5.89254533817602,476.6666666666667,5.892545317601326
87,87,3,recov,0.0027599428143169585,5.892545318918106,476.6666666666667,5.892545317601326
88,88,4,recov,0.0027599428143169585,5.892545318918106,476.6666666666667,5.892545317601326
89,89,5,recov,0.0027599428143169585,5.892545318918106,476.6666666666667,5.892545317601326
90,90,3,recov,0.002759942817718606,5.8925453176856,476.6666666666667,5.892545317601326
91,91,4,recov,0.002759942817718606,5.8925453176856,476.6666666666667,5.892545317601326
92,92,5,recov,0.002759942817718606,5.8925453176856,476.6666666666667,5.892545317601326
93,93,3,recov,0.002759942817936311,5.89254531760672,476.6666666666667,5.892545317601326
94,94,4,recov,0.002759942817936311,5.89254531760672,476.6666666666667,5.892545317601326
95,95,5,recov,0.002759942817936311,5.89254531760672,476.6666666666667,5.892545317601326
96,96,3,recov,0.0027599428179502445,5.892545317601671,476.6666666666667,5.892545317601326
97,97,4,recov,0.0027599428179502445,5.892545317601671,476.6666666666667,5.892545317601326
98,98,5,recov,0.0027599428179502445,5.892545317601671,476.6666666666667,5.892545317601326
99,99,3,recov,0.002759942817951136,5.892545317601348,476.6666666666667,5.892545317601326
100,100,4,recov,0.002759942817951136,5.892545317601348,476.6666666666667,5.892545317601326
101,101,5,recov,0.002759942817951136,5.892545317601348,476.6666666666667,5.892545317601326
102,102,3,recov,0.002759942817951193,5.892545317601328,476.6666666666667,5.892545317601326
103,103,4,recov,0.002759942817951193,5.892545317601328,476.6666666666667,5.892545317601326
104,104,5,recov,0.002759942817951193,5.892545317601328,476.6666666666667,5.892545317601326
105,105,3,recov,0.002759942817951197,5.892545317601326,476.6666666666667,5.892545317601326
106,106,4,recov,0.002759942817951197,5.892545317601326,476.6666666666667,5.892545317601326
107,107,5,recov,0.002759942817951197,5.892545317601326,476.6666666666667,5.892545317601326
108,108,3,recov,0.0027599428179511973,5.892545317601326,476.6666666666667,5.892545317601326
109,109,4,recov,0.0027599428179511973,5.892545317601326,476.6666666666667,5.892545317601326
110,110,5,recov,0.0027599428179511973,5.892545317601326,476.6666666666667,5.892545317601326
111,111,3,recov,0.0027599428179511973,5.892545317601326,476.6666666666667,5.892545317601326
112,112,4,recov,0.0027599428179511973,5.892545317601326,476.6666666666667,5.892545317601326
113,113,5,recov,0.0027599428179511973,5.892545317601326,476.6666666666667,5.892545317601326
114,114,3,recov,0.0027599428179511973,5.892545317601326,476.6666666666667,5.892545317601326
115,115,4,recov,0.0027599428179511973,5.892545317601326,476.6666666666667,5.892545317601326
116,116,5,recov,0.0027599428179511973,5.892545317601326,476.6666666666667,5.892545317601326
117,117,3,recov,0.0027599428179511973,5.892545317601326,476.6666666666667,5.892545317601326
118,118,4,recov,0.0027599428179511973,5.892545317601326,476.6666666666667,5.892545317601326
119,119,5,recov,0.0027599428179511973,5.892545317601326,476.6666666666667,5.892545317601326
120,120,3,recov,0.0027599428179511973,5.892545317601326,476.6666666666667,5.892545317601326
121,121,4,recov,0.0027599428179511973,5.892545317601326,476.6666666666667,5.892545317601326
122,122,5,recov,0.0027599428179511973,5.892545317601326,476.6666666666667,5.892545317601326
123,123,3,recov,0.0027599428179511973,5.892545317601326,476.6666666666667,5.892545317601326
124,124,4,recov,0.0027599428179511973,5.892545317601326,476.6666666666667,5.892545317601326
125,125,5,recov,0.0027599428179511973,5.892545317601326,476.6666666666667,5.892545317601326
126,126,3,recov,0.0027599428179511973,5.892545317601326,476.6666666666667,5.892545317601326
127,127,4,recov,0.0027599428179511973,5.892545317601326,476.6666666666667,5.892545317601326
128,128,5,recov,0.0027599428179511973,5.892545317601326,476.6666666666667,5.892545317601326
129,129,3,recov,0.0027599428179511973,5.892545317601326,476.6666666666667,5.892545317601326
130,130,4,recov,0.0027599428179511973,5.892545317601326,476.6666666666667,5.892545317601326
131,131,5,recov,0.0027599428179511973,5.892545317601326,476.6666666666667,5.892545317601326
132,132,3,recov,0.0027599428179511973,5.892545317601326,476.6666666666667,5.892545317601326
133,133,4,recov,0.0027599428179511973,5.892545317601326,476.6666666666667,5.892545317601326
134,134,5,recov,0.0027599428179511973,5.892545317601326,476.6666666666667,5.892545317601326
135,135,3,recov,0.0027599428179511973,5.892545317601326,476.6666666666667,5.892545317601326
136,136,4,recov,0.0027599428179511973,5.892545317601326,476.6666666666667,5.892545317601326
137,137,5,recov,0.0027599428179511973,5.892545317601326,476.6666666666667,5.892545317601326
138,138,3,recov,0.0027599428179511973,5.892545317601326,476.6666666666667,5.892545317601326
139,139,4,recov,0.0027599428179511973,5.892545317601326,476.6666666666667,5.892545317601326
140,140,5,recov,0.0027599428179511973,5.892545317601326,476.6666666666667,5.892545317601326
141,141,3,recov,0.0027599428179511973,5.892545317601326,476.6666666666667,5.892545317601326
142,142,4,recov,0.0027599428179511973,5.892545317601326,476.6666666666667,5.892545317601326
143,143,5,recov,0.0027599428179511973,5.892545317601326,476.6666666666667,5.892545317601326
144,144,3,recov,0.0027599428179511973,5.892545317601326,476.6666666666667,5.892545317601326
145,145,4,recov,0.0027599428179511973,5.892545317601326,476.6666666666667,5.892545317601326
146,146,5,recov,0.0027599428179511973,5.892545317601326,476.6666666666667,5.892545317601326
147,147,3,recov,0.0027599428179511973,5.892545317601326,476.6666666666667,5.892545317601326
148,148,4,recov,0.0027599428179511973,5.892545317601326,476.6666666666667,5.892545317601326
149,149,5,recov,0.0027599428179511973,5.892545317601326,476.6666666666667,5.892545317601326
150,150,3,recov,0.0027599428179511973,5.892545317601326,476.6666666666667,5.892545317601326
151,151,4,recov,0.0027599428179511973,5.892545317601326,476.6666666666667,5.892545317601326
152,152,5,recov,0.0027599428179511973,5.892545317601326,476.6666666666667,5.892545317601326
153,153,3,recov,0.0027599428179511973,5.892545317601326,476.6666666666667,5.892545317601326
154,154,4,recov,0.0027599428179511973,5.892545317601326,476.6666666666667,5.892545317601326
155,155,5,recov,0.0027599428179511973,5.892545317601326,476.6666666666667,5.892545317601326
156,156,3,recov,0.0027599428179511973,5.892545317601326,476.6666666666667,5.892545317601326
157,157,4,recov,0.0027599428179511973,5.892545317601326,476.6666666666667,5.892545317601326
158,158,5,recov,0.0027599428179511973,5.892545317601326,476.6666666666667,5.892545317601326
159,159,3,recov,0.0027599428179511973,5.892545317601326,476.6666666666667,5.892545317601326
160,160,4,recov,0.0027599428179511973,5.892545317601326,476.6666666666667,5.892545317601326
161,161,5,recov,0.0027599428179511973,5.892545317601326,476.6666666666667,5.892545317601326
162,162,3,recov,0.0027599428179511973,5.892545317601326,476.6666666666667,5.892545317601326
163,163,4,recov,0.0027599428179511973,5.892545317601326,476.6666666666667,5.892545317601326
164,164,5,recov,0.0027599428179511973,5.892545317601326,476.6666666666667,5.892545317601326
165,165,3,recov,0.0027599428179511973,5.892545317601326,476.6666666666667,5.892545317601326
166,166,4,recov,0.0027599428179511973,5.892545317601326,476.6666666666667,5.892545317601326
167,167,5,recov,0.0027599428179511973,5.892545317601326,476.6666666666667,5.892545317601326
168,168,3,recov,0.0027599428179511973,5.892545317601326,476.6666666666667,5.892545317601326
169,169,4,recov,0.0027599428179511973,5.892545317601326,476.6666666666667,5.892545317601326
170,170,5,recov,0.0027599428179511973,5.892545317601326,476.6666666666667,5.892545317601326
171,171,3,recov,0.0027599428179511973,5.892545317601326,476.6666666666667,5.892545317601326
172,172,4,recov,0.0027599428179511973,5.892545317601326,476.6666666666667,5.892545317601326
173,173,5,recov,0.0027599428179511973,5.892545317601326,476.6666666666667,5.892545317601326
174,174,3,recov,0.0027599428179511973,5.892545317601326,476.6666666666667,5.892545317601326
175,175,4,recov,0.0027599428179511973,5.892545317601326,476.6666666666667,5.892545317601326
176,176,5,recov,0.0027599428179511973,5.892545317601326,476.6666666666667,5.892545317601326
177,177,3,recov,0.0027599428179511973,5.892545317601326,476.6666666666667,5.892545317601326
178,178,4,recov,0.0027599428179511973,5.892545317601326,476.6666666666667,5.892545317601326
179,179,5,recov,0.0027599428179511973,5.892545317601326,476.6666666666667,5.892545317601326
180,180,3,recov,0.0027599428179511973,5.892545317601326,476.6666666666667,5.892545317601326
181,181,4,recov,0.0027599428179511973,5.892545317601326,476.6666666666667,5.892545317601326
182,182,5,recov,0.0027599428179511973,5.892545317601326,476.6666666666667,5.892545317601326
183,183,3,recov,0.0027599428179511973,5.892545317601326,476.6666666666667,5.892545317601326
184,184,4,recov,0.0027599428179511973,5.892545317601326,476.6666666666667,5.892545317601326
185,185,5,recov,0.0027599428179511973,5.892545317601326,476.6666666666667,5.892545317601326
186,186,3,recov,0.0027599428179511973,5.892545317601326,476.6666666666667,5.892545317601326
187,187,4,recov,0.0027599428179511973,5.892545317601326,476.6666666666667,5.892545317601326
188,188,5,recov,0.0027599428179511973,5.892545317601326,476.6666666666667,5.892545317601326
189,189,3,recov,0.0027599428179511973,5.892545317601326,476.6666666666667,5.892545317601326
190,190,4,recov,0.0027599428179511973,5.892545317601326,476.6666666666667,5.892545317601326
191,191,5,recov,0.0027599428179511973,5.892545317601326,476.6666666666667,5.892545317601326
192,192,3,recov,0.0027599428179511973,5.892545317601326,476.6666666666667,5.892545317601326
193,193,4,recov,0.0027599428179511973,5.892545317601326,476.6666666666667,5.892545317601326
194,194,5,recov,0.0027599428179511973,5.892545317601326,476.6666666666667,5.892545317601326
195,195,3,recov,0.0027599428179511973,5.892545317601326,476.6666666666667,5.892545317601326
196,196,4,recov,0.0027599428179511973,5.892545317601326,476.6666666666667,5.892545317601326
197,197,5,recov,0.0027599428179511973,5.892545317601326,476.6666666666667,5.892545317601326
198,198,3,recov,0.0027599428179511973,5.892545317601326,476.6666666666667,5.892545317601326
199,199,4,recov,0.0027599428179511973,5.892545317601326,476.6666666666667,5.892545317601326
200,200,5,recov,0.0027599428179511973,5.892545317601326,476.6666666666667,5.892545317601326
201,201,3,recov,0.0027599428179511973,5.892545317601326,476.6666666666667,5.892545317601326
202,202,4,recov,0.0027599428179511973,5.892545317601326,476.6666666666667,5.892545317601326
203,203,5,recov,0.0027599428179511973,5.892545317601326,476.6666666666667,5.892545317601326
204,204,3,recov,0.0027599428179511973,5.892545317601326,476.6666666666667,5.892545317601326
205,205,4,recov,0.0027599428179511973,5.892545317601326,476.6666666666667,5.892545317601326
206,206,5,recov,0.0027599428179511973,5.892545317601326,476.6666666666667,5.892545317601326
207,207,3,recov,0.0027599428179511973,5.892545317601326,476.6666666666667,5.892545317601326
208,208,4,recov,0.0027599428179511973,5.892545317601326,476.6666666666667,5.892545317601326
209,209,5,recov,0.0027599428179511973,5.892545317601326,476.6666666666667,5.892545317601326
210,210,3,recov,0.0027599428179511973,5.892545317601326,476.6666666666667,5.892545317601326
211,211,4,recov,0.0027599428179511973,5.892545317601326,476.6666666666667,5.892545317601326
212,212,5,recov,0.0027599428179511973,5.892545317601326,476.6666666666667,5.892545317601326
213,213,3,recov,0.0027599428179511973,5.892545317601326,476.6666666666667,5.892545317601326
214,214,4,recov,0.0027599428179511973,5.892545317601326,476.6666666666667,5.892545317601326
215,215,5,recov,0.0027599428179511973,5.892545317601326,476.6666666666667,5.892545317601326
216,216,3,recov,0.0027599428179511973,5.892545317601326,476.6666666666667,5.892545317601326
217,217,4,recov,0.0027599428179511973,5.892545317601326,476.6666666666667,5.892545317601326
218,218,5,recov,0.0027599428179511973,5.892545317601326,476.6666666666667,5.892545317601326
219,219,3,recov,0.0027599428179511973,5.892545317601326,476.6666666666667,5.892545317601326
220,220,4,recov,0.0027599428179511973,5.892545317601326,476.6666666666667,5.892545317601326
221,221,5,recov,0.0027599428179511973,5.892545317601326,476.6666666666667,5.892545317601326
222,222,3,recov,0.0027599428179511973,5.892545317601326,476.6666666666667,5.892545317601326
223,223,4,recov,0.0027599428179511973,5.892545317601326,476.6666666666667,5.892545317601326
224,224,5,recov,0.0027599428179511973,5.892545317601326,476.6666666666667,5.892545317601326
225,225,3,recov,0.0027599428179511973,5.892545317601326,476.6666666666667,5.892545317601326
226,226,4,recov,0.0027599428179511973,5.892545317601326,476.6666666666667,5.892545317601326
227,227,5,recov,0.0027599428179511973,5.892545317601326,476.6666666666667,5.892545317601326
228,228,3,recov,0.0027599428179511973,5.892545317601326,476.6666666666667,5.892545317601326
229,229,4,recov,0.0027599428179511973,5.892545317601326,476.6666666666667,5.892545317601326
230,230,5,recov,0.0027599428179511973,5.892545317601326,476.6666666666667,5.892545317601326
231,231,3,recov,0.0027599428179511973,5.892545317601326,476.6666666666667,5.892545317601326
232,232,4,recov,0.0027599428179511973,5.892545317601326,476.6666666666667,5.892545317601326
233,233,5,recov,0.0027599428179511973,5.892545317601326,476.6666666666667,5.892545317601326
234,234,3,recov,0.0027599428179511973,5.892545317601326,476.6666666666667,5.892545317601326
235,235,4,recov,0.0027599428179511973,5.892545317601326,476.6666666666667,5.892545317601326
236,236,5,recov,0.0027599428179511973,5.892545317601326,476.6666666666667,5.892545317601326
237,237,3,recov,0.0027599428179511973,5.892545317601326,476.6666666666667,5.892545317601326
238,238,4,recov,0.0027599428179511973,5.892545317601326,476.6666666666667,5.892545317601326
239,239,5,recov,0.0027599428179511973,5.892545317601326,476.6666666666667,5.892545317601326
240,240,3,recov,0.0027599428179511973,5.892545317601326,476.6666666666667,5.892545317601326
241,241,4,recov,0.0027599428179511973,5.892545317601326,476.6666666666667,5.892545317601326
242,242,5,recov,0.0027599428179511973,5.892545317601326,476.6666666666667,5.892545317601326
243,243,3,recov,0.0027599428179511973,5.892545317601326,476.6666666666667,5.892545317601326
244,244,4,recov,0.0027599428179511973,5.892545317601326,476.6666666666667,5.892545317601326
245,245,5,recov,0.0027599428179511973,5.892545317601326,476.6666666666667,5.892545317601326
246,246,3,recov,0.0027599428179511973,5.892545317601326,476.6666666666667,5.892545317601326
247,247,4,recov,0.0027599428179511973,5.892545317601326,476.6666666666667,5.892545317601326
248,248,5,recov,0.0027599428179511973,5.892545317601326,476.6666666666667,5.892545317601326
249,249,3,recov,0.0027599428179511973,5.892545317601326,476.6666666666667,5.892545317601326
250,250,4,recov,0.0027599428179511973,5.892545317601326,476.6666666666667,5.892545317601326
251,251,5,recov,0.0027599428179511973,5.892545317601326,476.6666666666667,5.892545317601326
252,252,3,recov,0.0027599428179511973,5.892545317601326,476.6666666666667,5.892545317601326
253,253,4,recov,0.0027599428179511973,5.892545317601326,476.6666666666667,5.892545317601326
254,254,5,recov,0.0027599428179511973,5.892545317601326,476.6666666666667,5.892545317601326
255,255,3,recov,0.0027599428179511973,5.892545317601326,476.6666666666667,5.892545317601326
256,256,4,recov,0.0027599428179511973,5.892545317601326,476.6666666666667,5.892545317601326
257,257,5,recov,0.0027599428179511973,5.892545317601326,476.6666666666667,5.892545317601326
258,258,3,recov,0.0027599428179511973,5.892545317601326,476.6666666666667,5.892545317601326
259,259,4,recov,0.0027599428179511973,5.892545317601326,476.6666666666667,5.892545317601326
260,260,5,recov,0.0027599428179511973,5.892545317601326,476.6666666666667,5.892545317601326
261,261,3,recov,0.0027599428179511973,5.892545317601326,476.6666666666667,5.892545317601326
262,262,4,recov,0.0027599428179511973,5.892545317601326,476.6666666666667,5.892545317601326
263,263,5,recov,0.0027599428179511973,5.892545317601326,476.6666666666667,5.892545317601326
264,264,3,recov,0.0027599428179511973,5.892545317601326,476.6666666666667,5.892545317601326
265,265,4,recov,0.0027599428179511973,5.892545317601326,476.6666666666667,5.892545317601326
266,266,5,recov,0.0027599428179511973,5.892545317601326,476.6666666666667,5.892545317601326
267,267,3,recov,0.0027599428179511973,5.892545317601326,476.6666666666667,5.892545317601326
268,268,4,recov,0.0027599428179511973,5.892545317601326,476.6666666666667,5.892545317601326
269,269,5,recov,0.0027599428179511973,5.892545317601326,476.6666666666667,5.892545317601326
270,270,3,recov,0.0027599428179511973,5.892545317601326,476.6666666666667,5.892545317601326
271,271,4,recov,0.0027599428179511973,5.892545317601326,476.6666666666667,5.892545317601326
272,272,5,recov,0.0027599428179511973,5.892545317601326,476.6666666666667,5.892545317601326
273,273,3,recov,0.0027599428179511973,5.892545317601326,476.6666666666667,5.892545317601326
274,274,4,recov,0.0027599428179511973,5.892545317601326,476.6666666666667,5.892545317601326
275,275,5,recov,0.0027599428179511973,5.892545317601326,476.6666666666667,5.892545317601326
276,276,3,recov,0.0027599428179511973,5.892545317601326,476.6666666666667,5.892545317601326
277,277,4,recov,0.0027599428179511973,5.892545317601326,476.6666666666667,5.892545317601326
278,278,5,recov,0.0027599428179511973,5.892545317601326,476.6666666666667,5.892545317601326
279,279,3,recov,0.0027599428179511973,5.892545317601326,476.6666666666667,5.892545317601326
280,280,4,recov,0.0027599428179511973,5.892545317601326,476.6666666666667,5.892545317601326
281,281,5,recov,0.0027599428179511973,5.892545317601326,476.6666666666667,5.892545317601326
282,282,3,recov,0.0027599428179511973,5.892545317601326,476.6666666666667,5.892545317601326
283,283,4,recov,0.0027599428179511973,5.892545317601326,476.6666666666667,5.892545317601326
284,284,5,recov,0.0027599428179511973,5.892545317601326,476.6666666666667,5.892545317601326
285,285,3,recov,0.0027599428179511973,5.892545317601326,476.6666666666667,5.892545317601326
286,286,4,recov,0.0027599428179511973,5.892545317601326,476.6666666666667,5.892545317601326
287,287,5,recov,0.0027599428179511973,5.892545317601326,476.6666666666667,5.892545317601326
288,288,3,recov,0.0027599428179511973,5.892545317601326,476.6666666666667,5.892545317601326
289,289,4,recov,0.0027599428179511973,5.892545317601326,476.6666666666667,5.892545317601326
290,290,5,recov,0.0027599428179511973,5.892545317601326,476.6666666666667,5.892545317601326
291,291,3,recov,0.0027599428179511973,5.892545317601326,476.6666666666667,5.892545317601326
292,292,4,recov,0.0027599428179511973,5.892545317601326,476.6666666666667,5.892545317601326
293,293,5,recov,0.0027599428179511973,5.892545317601326,476.6666666666667,5.892545317601326
294,294,3,recov,0.0027599428179511973,5.892545317601326,476.6666666666667,5.892545317601326
295,295,4,recov,0.0027599428179511973,5.892545317601326,476.6666666666667,5.892545317601326
296,296,5,recov,0.0027599428179511973,5.892545317601326,476.6666666666667,5.892545317601326
297,297,3,recov,0.0027599428179511973,5.892545317601326,476.6666666666667,5.892545317601326
298,298,4,recov,0.0027599428179511973,5.892545317601326,476.6666666666667,5.892545317601326
299,299,5,recov,0.0027599428179511973,5.892545317601326,476.6666666666667,5.892545317601326
300,300,3,recov,0.0027599428179511973,5.892545317601326,476.6666666666667,5.892545317601326
301,301,4,recov,0.0027599428179511973,5.892545317601326,476.6666666666667,5.892545317601326
302,302,5,recov,0.0027599428179511973,5.892545317601326,476.6666666666667,5.892545317601326
303,303,3,recov,0.0027599428179511973,5.892545317601326,476.6666666666667,5.892545317601326
304,304,4,recov,0.0027599428179511973,5.892545317601326,476.6666666666667,5.892545317601326
305,305,5,recov,0.0027599428179511973,5.892545317601326,476.6666666666667,5.892545317601326
306,306,3,recov,0.0027599428179511973,5.892545317601326,476.6666666666667,5.892545317601326
307,307,4,recov,0.0027599428179511973,5.892545317601326,476.6666666666667,5.892545317601326
308,308,5,recov,0.0027599428179511973,5.892545317601326,476.6666666666667,5.892545317601326
309,309,3,recov,0.0027599428179511973,5.892545317601326,476.6666666666667,5.892545317601326
310,310,4,recov,0.0027599428179511973,5.892545317601326,476.6666666666667,5.892545317601326
311,311,5,recov,0.0027599428179511973,5.892545317601326,476.6666666666667,5.892545317601326
312,312,3,recov,0.0027599428179511973,5.892545317601326,476.6666666666667,5.892545317601326
313,313,4,recov,0.0027599428179511973,5.892545317601326,476.6666666666667,5.892545317601326
314,314,5,recov,0.0027599428179511973,5.892545317601326,476.6666666666667,5.892545317601326
315,315,3,recov,0.0027599428179511973,5.892545317601326,476.6666666666667,5.892545317601326
316,316,4,recov,0.0027599428179511973,5.892545317601326,476.6666666666667,5.892545317601326
317,317,5,recov,0.0027599428179511973,5.892545317601326,476.6666666666667,5.892545317601326
318,318,3,recov,0.0027599428179511973,5.892545317601326,476.6666666666667,5.892545317601326
319,319,4,recov,0.0027599428179511973,5.892545317601326,476.6666666666667,5.892545317601326
320,320,5,recov,0.0027599428179511973,5.892545317601326,476.6666666666667,5.892545317601326
321,321,3,recov,0.0027599428179511973,5.892545317601326,476.6666666666667,5.892545317601326
322,322,4,recov,0.0027599428179511973,5.892545317601326,476.6666666666667,5.892545317601326
323,323,5,recov,0.0027599428179511973,5.892545317601326,476.6666666666667,5.892545317601326
324,324,3,recov,0.0027599428179511973,5.892545317601326,476.6666666666667,5.892545317601326
325,325,4,recov,0.0027599428179511973,5.892545317601326,476.6666666666667,5.892545317601326
326,326,5,recov,0.0027599428179511973,5.892545317601326,476.6666666666667,5.892545317601326
327,327,3,recov,0.0027599428179511973,5.892545317601326,476.6666666666667,5.892545317601326
328,328,4,recov,0.0027599428179511973,5.892545317601326,476.6666666666667,5.892545317601326
329,329,5,recov,0.0027599428179511973,5.892545317601326,476.6666666666667,5.892545317601326
330,330,3,recov,0.0027599428179511973,5.892545317601326,476.6666666666667,5.892545317601326
331,331,4,recov,0.0027599428179511973,5.892545317601326,476.6666666666667,5.892545317601326
332,332,5,recov,0.0027599428179511973,5.892545317601326,476.6666666666667,5.892545317601326
333,333,3,recov,0.0027599428179511973,5.892545317601326,476.6666666666667,5.892545317601326
334,334,4,recov,0.0027599428179511973,5.892545317601326,476.6666666666667,5.892545317601326
335,335,5,recov,0.0027599428179511973,5.892545317601326,476.6666666666667,5.892545317601326
336,336,3,recov,0.0027599428179511973,5.892545317601326,476.6666666666667,5.892545317601326
337,337,4,recov,0.0027599428179511973,5.892545317601326,476.6666666666667,5.892545317601326
338,338,5,recov,0.0027599428179511973,5.892545317601326,476.6666666666667,5.892545317601326
339,339,3,recov,0.0027599428179511973,5.892545317601326,476.6666666666667,5.892545317601326
340,340,4,recov,0.0027599428179511973,5.892545317601326,476.6666666666667,5.892545317601326
341,341,5,recov,0.0027599428179511973,5.892545317601326,476.6666666666667,5.892545317601326
342,342,3,recov,0.0027599428179511973,5.892545317601326,476.6666666666667,5.892545317601326
343,343,4,recov,0.0027599428179511973,5.892545317601326,476.6666666666667,5.892545317601326
344,344,5,recov,0.0027599428179511973,5.892545317601326,476.6666666666667,5.892545317601326
345,345,3,recov,0.0027599428179511973,5.892545317601326,476.6666666666667,5.892545317601326
346,346,4,recov,0.0027599428179511973,5.892545317601326,476.6666666666667,5.892545317601326
347,347,5,recov,0.0027599428179511973,5.892545317601326,476.6666666666667,5.892545317601326
348,348,3,recov,0.0027599428179511973,5.892545317601326,476.6666666666667,5.892545317601326
349,349,4,recov,0.0027599428179511973,5.892545317601326,476.6666666666667,5.892545317601326
350,350,5,recov,0.0027599428179511973,5.892545317601326,476.6666666666667,5.892545317601326
351,351,3,recov,0.0027599428179511973,5.892545317601326,476.6666666666667,5.892545317601326
352,352,4,recov,0.0027599428179511973,5.892545317601326,476.6666666666667,5.892545317601326
353,353,5,recov,0.0027599428179511973,5.892545317601326,476.6666666666667,5.892545317601326
354,354,3,recov,0.0027599428179511973,5.892545317601326,476.6666666666667,5.892545317601326
355,355,4,recov,0.0027599428179511973,5.892545317601326,476.6666666666667,5.892545317601326
356,356,5,recov,0.0027599428179511973,5.892545317601326,476.6666666666667,5.892545317601326
357,357,3,recov,0.0027599428179511973,5.892545317601326,476.6666666666667,5.892545317601326
358,358,4,recov,0.0027599428179511973,5.892545317601326,476.6666666666667,5.892545317601326
359,359,5,recov,0.0027599428179511973,5.892545317601326,476.6666666666667,5.892545317601326
360,360,3,recov,0.0027599428179511973,5.892545317601326,476.6666666666667,5.892545317601326
361,361,4,recov,0.0027599428179511973,5.892545317601326,476.6666666666667,5.892545317601326
362,362,5,recov,0.0027599428179511973,5.892545317601326,476.6666666666667,5.892545317601326
363,363,3,recov,0.0027599428179511973,5.892545317601326,476.6666666666667,5.892545317601326
364,364,4,recov,0.0027599428179511973,5.892545317601326,476.6666666666667,5.892545317601326
365,365,5,recov,0.0027599428179511973,5.892545317601326,476.6666666666667,5.892545317601326
366,366,3,recov,0.0027599428179511973,5.892545317601326,476.6666666666667,5.892545317601326
367,367,4,recov,0.0027599428179511973,5.892545317601326,476.6666666666667,5.892545317601326
368,368,5,recov,0.0027599428179511973,5.892545317601326,476.6666666666667,5.892545317601326
369,369,3,recov,0.0027599428179511973,5.892545317601326,476.6666666666667,5.892545317601326
370,370,4,recov,0.0027599428179511973,5.892545317601326,476.6666666666667,5.892545317601326
371,371,5,recov,0.0027599428179511973,5.892545317601326,476.6666666666667,5.892545317601326
372,372,3,recov,0.0027599428179511973,5.892545317601326,476.6666666666667,5.892545317601326
373,373,4,recov,0.0027599428179511973,5.892545317601326,476.6666666666667,5.892545317601326
374,374,5,recov,0.0027599428179511973,5.892545317601326,476.6666666666667,5.892545317601326
375,375,3,recov,0.0027599428179511973,5.892545317601326,476.6666666666667,5.892545317601326
376,376,4,recov,0.0027599428179511973,5.892545317601326,476.6666666666667,5.892545317601326
377,377,5,recov,0.0027599428179511973,5.892545317601326,476.6666666666667,5.892545317601326
378,378,3,recov,0.0027599428179511973,5.892545317601326,476.6666666666667,5.892545317601326
379,379,4,recov,0.0027599428179511973,5.892545317601326,476.6666666666667,5.892545317601326
380,380,5,recov,0.0027599428179511973,5.892545317601326,476.6666666666667,5.892545317601326
381,381,3,recov,0.0027599428179511973,5.892545317601326,476.6666666666667,5.892545317601326
382,382,4,recov,0.0027599428179511973,5.892545317601326,476.6666666666667,5.892545317601326
383,383,5,recov,0.0027599428179511973,5.892545317601326,476.6666666666667,5.892545317601326
384,384,3,recov,0.0027599428179511973,5.892545317601326,476.6666666666667,5.892545317601326
385,385,4,recov,0.0027599428179511973,5.892545317601326,476.6666666666667,5.892545317601326
386,386,5,recov,0.0027599428179511973,5.892545317601326,476.6666666666667,5.892545317601326
387,387,3,recov,0.0027599428179511973,5.892545317601326,476.6666666666667,5.892545317601326
388,388,4,recov,0.0027599428179511973,5.892545317601326,476.6666666666667,5.892545317601326
389,389,5,recov,0.0027599428179511973,5.892545317601326,476.6666666666667,5.892545317601326
390,390,3,recov,0.0027599428179511973,5.892545317601326,476.6666666666667,5.892545317601326
391,391,4,recov,0.0027599428179511973,5.892545317601326,476.6666666666667,5.892545317601326
392,392,5,recov,0.0027599428179511973,5.892545317601326,476.6666666666667,5.892545317601326
393,393,3,recov,0.0027599428179511973,5.892545317601326,476.6666666666667,5.892545317601326
394,394,4,recov,0.0027599428179511973,5.892545317601326,476.6666666666667,5.892545317601326
395,395,5,recov,0.0027599428179511973,5.892545317601326,476.6666666666667,5.892545317601326
396,396,3,recov,0.0027599428179511973,5.892545317601326,476.6666666666667,5.892545317601326
397,397,4,recov,0.0027599428179511973,5.892545317601326,476.6666666666667,5.892545317601326
398,398,5,recov,0.0027599428179511973,5.892545317601326,476.6666666666667,5.892545317601326
399,399,3,recov,0.0027599428179511973,5.892545317601326,476.6666666666667,5.892545317601326
400,400,4,recov,0.0027599428179511973,5.892545317601326,476.6666666666667,5.892545317601326
401,401,5,recov,0.0027599428179511973,5.892545317601326,476.6666666666667,5.892545317601326
402,402,3,recov,0.0027599428179511973,5.892545317601326,476.6666666666667,5.892545317601326
403,403,4,recov,0.0027599428179511973,5.892545317601326,476.6666666666667,5.892545317601326
404,404,5,recov,0.0027599428179511973,5.892545317601326,476.6666666666667,5.892545317601326
405,405,3,recov,0.0027599428179511973,5.892545317601326,476.6666666666667,5.892545317601326
406,406,4,recov,0.0027599428179511973,5.892545317601326,476.6666666666667,5.892545317601326
407,407,5,recov,0.0027599428179511973,5.892545317601326,476.6666666666667,5.892545317601326
408,408,3,recov,0.0027599428179511973,5.892545317601326,476.6666666666667,5.892545317601326
409,409,4,recov,0.0027599428179511973,5.892545317601326,476.6666666666667,5.892545317601326
410,410,5,recov,0.0027599428179511973,5.892545317601326,476.6666666666667,5.892545317601326
411,411,3,recov,0.0027599428179511973,5.892545317601326,476.6666666666667,5.892545317601326
412,412,4,recov,0.0027599428179511973,5.892545317601326,476.6666666666667,5.892545317601326
413,413,5,recov,0.0027599428179511973,5.892545317601326,476.6666666666667,5.892545317601326
414,414,3,recov,0.0027599428179511973,5.892545317601326,476.6666666666667,5.892545317601326
415,415,4,recov,0.0027599428179511973,5.892545317601326,476.6666666666667,5.892545317601326
416,416,5,recov,0.0027599428179511973,5.892545317601326,476.6666666666667,5.892545317601326
417,417,3,recov,0.0027599428179511973,5.892545317601326,476.6666666666667,5.892545317601326
418,418,4,recov,0.0027599428179511973,5.892545317601326,476.6666666666667,5.892545317601326
419,419,5,recov,0.0027599428179511973,5.892545317601326,476.6666666666667,5.892545317601326
420,420,3,recov,0.0027599428179511973,5.892545317601326,476.6666666666667,5.892545317601326
421,421,4,recov,0.0027599428179511973,5.892545317601326,476.6666666666667,5.892545317601326
422,422,5,recov,0.0027599428179511973,5.892545317601326,476.6666666666667,5.892545317601326
423,423,3,recov,0.0027599428179511973,5.892545317601326,476.6666666666667,5.892545317601326
424,424,4,recov,0.0027599428179511973,5.892545317601326,476.6666666666667,5.892545317601326
425,425,5,recov,0.0027599428179511973,5.892545317601326,476.6666666666667,5.892545317601326
426,426,3,recov,0.0027599428179511973,5.892545317601326,476.6666666666667,5.892545317601326
427,427,4,recov,0.0027599428179511973,5.892545317601326,476.6666666666667,5.892545317601326
428,428,5,recov,0.0027599428179511973,5.892545317601326,476.6666666666667,5.892545317601326
429,429,3,recov,0.0027599428179511973,5.892545317601326,476.6666666666667,5.892545317601326
430,430,4,recov,0.0027599428179511973,5.892545317601326,476.6666666666667,5.892545317601326
431,431,5,recov,0.0027599428179511973,5.892545317601326,476.6666666666667,5.892545317601326
432,432,3,recov,0.0027599428179511973,5.892545317601326,476.6666666666667,5.892545317601326
433,433,4,recov,0.0027599428179511973,5.892545317601326,476.6666666666667,5.892545317601326
434,434,5,recov,0.0027599428179511973,5.892545317601326,476.6666666666667,5.892545317601326
435,435,3,recov,0.0027599428179511973,5.892545317601326,476.6666666666667,5.892545317601326
436,436,4,recov,0.0027599428179511973,5.892545317601326,476.6666666666667,5.892545317601326
437,437,5,recov,0.0027599428179511973,5.892545317601326,476.6666666666667,5.892545317601326
438,438,3,recov,0.0027599428179511973,5.892545317601326,476.6666666666667,5.892545317601326
439,439,4,recov,0.0027599428179511973,5.892545317601326,476.6666666666667,5.892545317601326
440,440,5,recov,0.0027599428179511973,5.892545317601326,476.6666666666667,5.892545317601326
441,441,3,recov,0.0027599428179511973,5.892545317601326,476.6666666666667,5.892545317601326
442,442,4,recov,0.0027599428179511973,5.892545317601326,476.6666666666667,5.892545317601326
443,443,5,recov,0.0027599428179511973,5.892545317601326,476.6666666666667,5.892545317601326
444,444,3,recov,0.0027599428179511973,5.892545317601326,476.6666666666667,5.892545317601326
445,445,4,recov,0.0027599428179511973,5.892545317601326,476.6666666666667,5.892545317601326
446,446,5,recov,0.0027599428179511973,5.892545317601326,476.6666666666667,5.892545317601326
447,447,3,recov,0.0027599428179511973,5.892545317601326,476.6666666666667,5.892545317601326
448,448,4,recov,0.0027599428179511973,5.892545317601326,476.6666666666667,5.892545317601326
449,449,5,recov,0.0027599428179511973,5.892545317601326,476.6666666666667,5.892545317601326
450,450,3,recov,0.0027599428179511973,5.892545317601326,476.6666666666667,5.892545317601326
451,451,4,recov,0.0027599428179511973,5.892545317601326,476.6666666666667,5.892545317601326
452,452,5,recov,0.0027599428179511973,5.892545317601326,476.6666666666667,5.892545317601326
453,453,3,recov,0.0027599428179511973,5.892545317601326,476.6666666666667,5.892545317601326
454,454,4,recov,0.0027599428179511973,5.892545317601326,476.6666666666667,5.892545317601326
455,455,5,recov,0.0027599428179511973,5.892545317601326,476.6666666666667,5.892545317601326
456,456,3,recov,0.0027599428179511973,5.892545317601326,476.6666666666667,5.892545317601326
457,457,4,recov,0.0027599428179511973,5.892545317601326,476.6666666666667,5.892545317601326
458,458,5,recov,0.0027599428179511973,5.892545317601326,476.6666666666667,5.892545317601326
459,459,3,recov,0.0027599428179511973,5.892545317601326,476.6666666666667,5.892545317601326
460,460,4,recov,0.0027599428179511973,5.892545317601326,476.6666666666667,5.892545317601326
461,461,5,recov,0.0027599428179511973,5.892545317601326,476.6666666666667,5.892545317601326
462,462,3,recov,0.0027599428179511973,5.892545317601326,476.6666666666667,5.892545317601326
463,463,4,recov,0.0027599428179511973,5.892545317601326,476.6666666666667,5.892545317601326
464,464,5,recov,0.0027599428179511973,5.892545317601326,476.6666666666667,5.892545317601326
465,465,3,recov,0.0027599428179511973,5.892545317601326,476.6666666666667,5.892545317601326
466,466,4,recov,0.0027599428179511973,5.892545317601326,476.6666666666667,5.892545317601326
467,467,5,recov,0.0027599428179511973,5.892545317601326,476.6666666666667,5.892545317601326
468,468,3,recov,0.0027599428179511973,5.892545317601326,476.6666666666667,5.892545317601326
469,469,4,recov,0.0027599428179511973,5.892545317601326,476.6666666666667,5.892545317601326
470,470,5,recov,0.0027599428179511973,5.892545317601326,476.6666666666667,5.892545317601326
471,471,3,recov,0.0027599428179511973,5.892545317601326,476.6666666666667,5.892545317601326
472,472,4,recov,0.0027599428179511973,5.892545317601326,476.6666666666667,5.892545317601326
473,473,5,recov,0.0027599428179511973,5.892545317601326,476.6666666666667,5.892545317601326
474,474,3,recov,0.0027599428179511973,5.892545317601326,476.6666666666667,5.892545317601326
475,475,4,recov,0.0027599428179511973,5.892545317601326,476.6666666666667,5.892545317601326
476,476,5,recov,0.0027599428179511973,5.892545317601326,476.6666666666667,5.892545317601326
477,477,3,recov,0.0027599428179511973,5.892545317601326,476.6666666666667,5.892545317601326
478,478,4,recov,0.0027599428179511973,5.892545317601326,476.6666666666667,5.892545317601326
479,479,5,recov,0.0027599428179511973,5.892545317601326,476.6666666666667,5.892545317601326
480,480,3,recov,0.0027599428179511973,5.892545317601326,476.6666666666667,5.892545317601326
481,481,4,recov,0.0027599428179511973,5.892545317601326,476.6666666666667,5.892545317601326
482,482,5,recov,0.0027599428179511973,5.892545317601326,476.6666666666667,5.892545317601326
483,483,3,recov,0.0027599428179511973,5.892545317601326,476.6666666666667,5.892545317601326
484,484,4,recov,0.0027599428179511973,5.892545317601326,476.6666666666667,5.892545317601326
485,485,5,recov,0.0027599428179511973,5.892545317601326,476.6666666666667,5.892545317601326
486,486,3,recov,0.0027599428179511973,5.892545317601326,476.6666666666667,5.892545317601326
487,487,4,recov,0.0027599428179511973,5.892545317601326,476.6666666666667,5.892545317601326
488,488,5,recov,0.0027599428179511973,5.892545317601326,476.6666666666667,5.892545317601326
489,489,3,recov,0.0027599428179511973,5.892545317601326,476.6666666666667,5.892545317601326
490,490,4,recov,0.0027599428179511973,5.892545317601326,476.6666666666667,5.892545317601326
491,491,5,recov,0.0027599428179511973,5.892545317601326,476.6666666666667,5.892545317601326
492,492,3,recov,0.0027599428179511973,5.892545317601326,476.6666666666667,5.892545317601326
493,493,4,recov,0.0027599428179511973,5.892545317601326,476.6666666666667,5.892545317601326
494,494,5,recov,0.0027599428179511973,5.892545317601326,476.6666666666667,5.892545317601326
495,495,3,recov,0.0027599428179511973,5.892545317601326,476.6666666666667,5.892545317601326
496,496,4,recov,0.0027599428179511973,5.892545317601326,476.6666666666667,5.892545317601326
497,497,5,recov,0.0027599428179511973,5.892545317601326,476.6666666666667,5.892545317601326
498,498,3,recov,0.0027599428179511973,5.892545317601326,476.6666666666667,5.892545317601326
499,499,4,recov,0.0027599428179511973,5.892545317601326,476.6666666666667,5.892545317601326
500,500,5,recov,0.0027599428179511973,5.892545317601326,476.6666666666667,5.892545317601326
501,501,3,recov,0.0027599428179511973,5.892545317601326,476.6666666666667,5.892545317601326
502,502,4,recov,0.0027599428179511973,5.892545317601326,476.6666666666667,5.892545317601326
503,503,5,recov,0.0027599428179511973,5.892545317601326,476.6666666666667,5.892545317601326
504,504,3,recov,0.0027599428179511973,5.892545317601326,476.6666666666667,5.892545317601326
505,505,4,recov,0.0027599428179511973,5.892545317601326,476.6666666666667,5.892545317601326
506,506,5,recov,0.0027599428179511973,5.892545317601326,476.6666666666667,5.892545317601326
507,507,3,recov,0.0027599428179511973,5.892545317601326,476.6666666666667,5.892545317601326
508,508,4,recov,0.0027599428179511973,5.892545317601326,476.6666666666667,5.892545317601326
509,509,5,recov,0.0027599428179511973,5.892545317601326,476.6666666666667,5.892545317601326
510,510,3,recov,0.0027599428179511973,5.892545317601326,476.6666666666667,5.892545317601326
511,511,4,recov,0.0027599428179511973,5.892545317601326,476.6666666666667,5.892545317601326
512,512,5,recov,0.0027599428179511973,5.892545317601326,476.6666666666667,5.892545317601326
513,513,3,recov,0.0027599428179511973,5.892545317601326,476.6666666666667,5.892545317601326
514,514,4,recov,0.0027599428179511973,5.892545317601326,476.6666666666667,5.892545317601326
515,515,5,recov,0.0027599428179511973,5.892545317601326,476.6666666666667,5.892545317601326
516,516,3,recov,0.0027599428179511973,5.892545317601326,476.6666666666667,5.892545317601326
517,517,4,recov,0.0027599428179511973,5.892545317601326,476.6666666666667,5.892545317601326
518,518,5,recov,0.0027599428179511973,5.892545317601326,476.6666666666667,5.892545317601326
519,519,3,recov,0.0027599428179511973,5.892545317601326,476.6666666666667,5.892545317601326
520,520,4,recov,0.0027599428179511973,5.892545317601326,476.6666666666667,5.892545317601326
521,521,5,recov,0.0027599428179511973,5.892545317601326,476.6666666666667,5.892545317601326
522,522,3,recov,0.0027599428179511973,5.892545317601326,476.6666666666667,5.892545317601326
523,523,4,recov,0.0027599428179511973,5.892545317601326,476.6666666666667,5.892545317601326
524,524,5,recov,0.0027599428179511973,5.892545317601326,476.6666666666667,5.892545317601326
525,525,3,recov,0.0027599428179511973,5.892545317601326,476.6666666666667,5.892545317601326
526,526,4,recov,0.0027599428179511973,5.892545317601326,476.6666666666667,5.892545317601326
527,527,5,recov,0.0027599428179511973,5.892545317601326,476.6666666666667,5.892545317601326
528,528,3,recov,0.0027599428179511973,5.892545317601326,476.6666666666667,5.892545317601326
529,529,4,recov,0.0027599428179511973,5.892545317601326,476.6666666666667,5.892545317601326
530,530,5,recov,0.0027599428179511973,5.892545317601326,476.6666666666667,5.892545317601326
531,531,3,recov,0.0027599428179511973,5.892545317601326,476.6666666666667,5.892545317601326
532,532,4,recov,0.0027599428179511973,5.892545317601326,476.6666666666667,5.892545317601326
533,533,5,recov,0.0027599428179511973,5.892545317601326,476.6666666666667,5.892545317601326
534,534,3,recov,0.0027599428179511973,5.892545317601326,476.6666666666667,5.892545317601326
535,535,4,recov,0.0027599428179511973,5.892545317601326,476.6666666666667,5.892545317601326
536,536,5,recov,0.0027599428179511973,5.892545317601326,476.6666666666667,5.892545317601326
537,537,3,recov,0.0027599428179511973,5.892545317601326,476.6666666666667,5.892545317601326
538,538,4,recov,0.0027599428179511973,5.892545317601326,476.6666666666667,5.892545317601326
539,539,5,recov,0.0027599428179511973,5.892545317601326,476.6666666666667,5.892545317601326
540,540,3,recov,0.0027599428179511973,5.892545317601326,476.6666666666667,5.892545317601326
541,541,4,recov,0.0027599428179511973,5.892545317601326,476.6666666666667,5.892545317601326
542,542,5,recov,0.0027599428179511973,5.892545317601326,476.6666666666667,5.892545317601326
543,543,0,fam_r,0.0019336126329358686,6.248365195220325,476.6666666666667,5.892545317601326
544,544,1,fam_r,0.0019336126329358686,6.248365195220325,476.6666666666667,5.892545317601326
545,545,2,fam_r,0.0019336126329358686,6.248365195220325,476.6666666666667,5.892545317601326
546,546,0,fam_r,0.002707057686110216,5.911892958599112,476.6666666666667,5.892545317601326
547,547,1,fam_r,0.002707057686110216,5.911892958599112,476.6666666666667,5.892545317601326
548,548,2,fam_r,0.002707057686110216,5.911892958599112,476.6666666666667,5.892545317601326
549,549,0,fam_r,0.0027565581695133744,5.893772417485917,476.6666666666667,5.892545317601326
550,550,1,fam_r,0.0027565581695133744,5.893772417485917,476.6666666666667,5.892545317601326
551,551,2,fam_r,0.0027565581695133744,5.893772417485917,476.6666666666667,5.892545317601326
552,552,0,fam_r,0.0027597262004511766,5.892623806909076,476.6666666666667,5.892545317601326
553,553,1,fam_r,0.0027597262004511766,5.892623806909076,476.6666666666667,5.892545317601326
554,554,2,fam_r,0.0027597262004511766,5.892623806909076,476.6666666666667,5.892545317601326
555,555,0,fam_r,0.0027599289544311956,5.892550340732505,476.6666666666667,5.892545317601326
556,556,1,fam_r,0.0027599289544311956,5.892550340732505,476.6666666666667,5.892545317601326
557,557,2,fam_r,0.0027599289544311956,5.892550340732505,476.6666666666667,5.892545317601326
