,time_step,stimulus,type,familiarity,novelty,dN,steady
0,0,0,fam,0.001949317738791423,6.240275845170769,0.0,6.2401189822417225
1,1,1,fam,0.0019492417449612101,6.240314830765597,0.0,6.2401189822417225
2,2,2,fam,0.0019492341459040744,6.240318729241488,0.0,6.2401189822417225
3,3,0,fam,0.0019496232326788197,6.240119139085575,0.0,6.2401189822417225
4,4,1,fam,0.0019496231566734086,6.240119178070242,0.0,6.2401189822417225
5,5,2,fam,0.0019496231490728681,6.2401191819687085,0.0,6.2401189822417225
6,6,0,fam,0.0019496235381594742,6.240118982398568,0.0,6.2401189822417225
7,7,1,fam,0.001949623538083469,6.240118982437552,0.0,6.2401189822417225
8,8,2,fam,0.0019496235380758685,6.24011898244145,0.0,6.2401189822417225
9,9,0,fam,0.001949623538464955,6.2401189822418806,0.0,6.2401189822417225
10,10,1,fam,0.001949623538464879,6.240118982241919,0.0,6.2401189822417225
11,11,2,fam,0.0019496235384648716,6.240118982241923,0.0,6.2401189822417225
12,12,0,fam,0.0019496235384652604,6.240118982241723,0.0,6.2401189822417225
13,13,1,fam,0.0019496235384652604,6.240118982241723,0.0,6.2401189822417225
14,14,2,fam,0.0019496235384652604,6.240118982241723,0.0,6.2401189822417225
15,15,0,fam,0.0019496235384652606,6.240118982241723,0.0,6.2401189822417225
16,16,1,fam,0.0019496235384652606,6.240118982241723,0.0,6.2401189822417225
17,17,2,fam,0.0019496235384652606,6.240118982241723,0.0,6.2401189822417225
18,18,0,fam,0.0019496235384652606,6.240118982241723,0.0,6.2401189822417225
19,19,1,fam,0.0019496235384652606,6.240118982241723,0.0,6.2401189822417225
20,20,2,fam,0.0019496235384652606,6.240118982241723,0.0,6.2401189822417225
21,21,0,fam,0.0019496235384652606,6.240118982241723,0.0,6.2401189822417225
22,22,1,fam,0.0019496235384652606,6.240118982241723,0.0,6.2401189822417225
23,23,2,fam,0.0019496235384652606,6.240118982241723,0.0,6.2401189822417225
24,24,0,fam,0.0019496235384652606,6.240118982241723,0.0,6.2401189822417225
25,25,1,fam,0.0019496235384652606,6.240118982241723,0.0,6.2401189822417225
26,26,2,fam,0.0019496235384652606,6.240118982241723,0.0,6.2401189822417225
27,27,0,fam,0.0019496235384652606,6.240118982241723,0.0,6.2401189822417225
28,28,1,fam,0.0019496235384652606,6.240118982241723,0.0,6.2401189822417225
29,29,2,fam,0.0019496235384652606,6.240118982241723,0.0,6.2401189822417225
30,30,0,fam,0.0019496235384652606,6.240118982241723,0.0,6.2401189822417225
31,31,1,fam,0.0019496235384652606,6.240118982241723,0.0,6.2401189822417225
32,32,2,fam,0.0019496235384652606,6.240118982241723,0.0,6.2401189822417225
33,33,0,fam,0.0019496235384652606,6.240118982241723,0.0,6.2401189822417225
34,34,1,fam,0.0019496235384652606,6.240118982241723,0.0,6.2401189822417225
35,35,2,fam,0.0019496235384652606,6.240118982241723,0.0,6.2401189822417225
36,36,0,fam,0.0019496235384652606,6.240118982241723,0.0,6.2401189822417225
37,37,1,fam,0.0019496235384652606,6.240118982241723,0.0,6.2401189822417225
38,38,2,fam,0.0019496235384652606,6.240118982241723,0.0,6.2401189822417225
39,39,0,fam,0.0019496235384652606,6.240118982241723,0.0,6.2401189822417225
40,40,1,fam,0.0019496235384652606,6.240118982241723,0.0,6.2401189822417225
41,41,2,fam,0.0019496235384652606,6.240118982241723,0.0,6.2401189822417225
42,42,0,fam,0.0019496235384652606,6.240118982241723,0.0,6.2401189822417225
43,43,1,fam,0.0019496235384652606,6.240118982241723,0.0,6.2401189822417225
44,44,2,fam,0.0019496235384652606,6.240118982241723,0.0,6.2401189822417225
45,45,0,fam,0.0019496235384652606,6.240118982241723,0.0,6.2401189822417225
46,46,1,fam,0.0019496235384652606,6.240118982241723,0.0,6.2401189822417225
47,47,2,fam,0.0019496235384652606,6.240118982241723,0.0,6.2401189822417225
48,48,0,fam,0.0019496235384652606,6.240118982241723,0.0,6.2401189822417225
49,49,1,fam,0.0019496235384652606,6.240118982241723,0.0,6.2401189822417225
50,50,2,fam,0.0019496235384652606,6.240118982241723,0.0,6.2401189822417225
51,51,0,fam,0.0019496235384652606,6.240118982241723,0.0,6.2401189822417225
52,52,1,fam,0.0019496235384652606,6.240118982241723,0.0,6.2401189822417225
53,53,2,fam,0.0019496235384652606,6.240118982241723,0.0,6.2401189822417225
54,54,0,fam,0.0019496235384652606,6.240118982241723,0.0,6.2401189822417225
55,55,1,fam,0.0019496235384652606,6.240118982241723,0.0,6.2401189822417225
56,56,2,fam,0.0019496235384652606,6.240118982241723,0.0,6.2401189822417225
57,57,0,fam,0.0019496235384652606,6.240118982241723,0.0,6.2401189822417225
58,58,1,fam,0.0019496235384652606,6.240118982241723,0.0,6.2401189822417225
59,59,2,fam,0.0019496235384652606,6.240118982241723,0.0,6.2401189822417225
60,60,0,fam,0.0019496235384652606,6.240118982241723,0.0,6.2401189822417225
61,61,1,fam,0.0019496235384652606,6.240118982241723,0.0,6.2401189822417225
62,62,2,fam,0.0019496235384652606,6.240118982241723,0.0,6.2401189822417225
63,63,0,fam,0.0019496235384652606,6.240118982241723,0.0,6.2401189822417225
64,64,1,fam,0.0019496235384652606,6.240118982241723,0.0,6.2401189822417225
65,65,2,fam,0.0019496235384652606,6.240118982241723,0.0,6.2401189822417225
66,66,0,fam_r,0.0019496235384652606,6.240118982241723,0.0,6.2401189822417225
67,67,1,fam_r,0.0019496235384652606,6.240118982241723,0.0,6.2401189822417225
68,68,2,fam_r,0.0019496235384652606,6.240118982241723,0.0,6.2401189822417225
69,69,0,fam_r,0.0019496235384652606,6.240118982241723,0.0,6.2401189822417225
70,70,1,fam_r,0.0019496235384652606,6.240118982241723,0.0,6.2401189822417225
71,71,2,fam_r,0.0019496235384652606,6.240118982241723,0.0,6.2401189822417225
72,72,0,fam_r,0.0019496235384652606,6.240118982241723,0.0,6.2401189822417225
73,73,1,fam_r,0.0019496235384652606,6.240118982241723,0.0,6.2401189822417225
74,74,2,fam_r,0.0019496235384652606,6.240118982241723,0.0,6.2401189822417225
75,75,0,fam_r,0.0019496235384652606,6.240118982241723,0.0,6.2401189822417225
76,76,1,fam_r,0.0019496235384652606,6.240118982241723,0.0,6.2401189822417225
77,77,2,fam_r,0.0019496235384652606,6.240118982241723,0.0,6.2401189822417225
78,78,0,fam_r,0.0019496235384652606,6.240118982241723,0.0,6.2401189822417225
79,79,1,fam_r,0.0019496235384652606,6.240118982241723,0.0,6.2401189822417225
80,80,2,fam_r,0.0019496235384652606,6.240118982241723,0.0,6.2401189822417225
0,0,0,fam,0.001949317738791423,6.240275845170769,73.33333333333334,6.2401189822417225
1,1,1,fam,0.0019492417449612101,6.240314830765597,73.33333333333334,6.2401189822417225
2,2,2,fam,0.0019492341459040744,6.240318729241488,73.33333333333334,6.2401189822417225
3,3,0,fam,0.0019496232326788197,6.240119139085575,73.33333333333334,6.2401189822417225
4,4,1,fam,0.0019496231566734086,6.240119178070242,73.33333333333334,6.2401189822417225
5,5,2,fam,0.0019496231490728681,6.2401191819687085,73.33333333333334,6.2401189822417225
6,6,0,fam,0.0019496235381594742,6.240118982398568,73.33333333333334,6.2401189822417225
7,7,1,fam,0.001949623538083469,6.240118982437552,73.33333333333334,6.2401189822417225
8,8,2,fam,0.0019496235380758685,6.24011898244145,73.33333333333334,6.2401189822417225
9,9,0,fam,0.001949623538464955,6.2401189822418806,73.33333333333334,6.2401189822417225
10,10,1,fam,0.001949623538464879,6.240118982241919,73.33333333333334,6.2401189822417225
11,11,2,fam,0.0019496235384648716,6.240118982241923,73.33333333333334,6.2401189822417225
12,12,0,fam,0.0019496235384652604,6.240118982241723,73.33333333333334,6.2401189822417225
13,13,1,fam,0.0019496235384652604,6.240118982241723,73.33333333333334,6.2401189822417225
14,14,2,fam,0.0019496235384652604,6.240118982241723,73.33333333333334,6.2401189822417225
15,15,0,fam,0.0019496235384652606,6.240118982241723,73.33333333333334,6.2401189822417225
16,16,1,fam,0.0019496235384652606,6.240118982241723,73.33333333333334,6.2401189822417225
17,17,2,fam,0.0019496235384652606,6.240118982241723,73.33333333333334,6.2401189822417225
18,18,0,fam,0.0019496235384652606,6.240118982241723,73.33333333333334,6.2401189822417225
19,19,1,fam,0.0019496235384652606,6.240118982241723,73.33333333333334,6.2401189822417225
20,20,2,fam,0.0019496235384652606,6.240118982241723,73.33333333333334,6.2401189822417225
21,21,0,fam,0.0019496235384652606,6.240118982241723,73.33333333333334,6.2401189822417225
22,22,1,fam,0.0019496235384652606,6.240118982241723,73.33333333333334,6.2401189822417225
23,23,2,fam,0.0019496235384652606,6.240118982241723,73.33333333333334,6.2401189822417225
24,24,0,fam,0.0019496235384652606,6.240118982241723,73.33333333333334,6.2401189822417225
25,25,1,fam,0.0019496235384652606,6.240118982241723,73.33333333333334,6.2401189822417225
26,26,2,fam,0.0019496235384652606,6.240118982241723,73.33333333333334,6.2401189822417225
27,27,0,fam,0.0019496235384652606,6.240118982241723,73.33333333333334,6.2401189822417225
28,28,1,fam,0.0019496235384652606,6.240118982241723,73.33333333333334,6.2401189822417225
29,29,2,fam,0.0019496235384652606,6.240118982241723,73.33333333333334,6.2401189822417225
30,30,0,fam,0.0019496235384652606,6.240118982241723,73.33333333333334,6.2401189822417225
31,31,1,fam,0.0019496235384652606,6.240118982241723,73.33333333333334,6.2401189822417225
32,32,2,fam,0.0019496235384652606,6.240118982241723,73.33333333333334,6.2401189822417225
33,33,0,fam,0.0019496235384652606,6.240118982241723,73.33333333333334,6.2401189822417225
34,34,1,fam,0.0019496235384652606,6.240118982241723,73.33333333333334,6.2401189822417225
35,35,2,fam,0.0019496235384652606,6.240118982241723,73.33333333333334,6.2401189822417225
36,36,0,fam,0.0019496235384652606,6.240118982241723,73.33333333333334,6.2401189822417225
37,37,1,fam,0.0019496235384652606,6.240118982241723,73.33333333333334,6.2401189822417225
38,38,2,fam,0.0019496235384652606,6.240118982241723,73.33333333333334,6.2401189822417225
39,39,0,fam,0.0019496235384652606,6.240118982241723,73.33333333333334,6.2401189822417225
40,40,1,fam,0.0019496235384652606,6.240118982241723,73.33333333333334,6.2401189822417225
41,41,2,fam,0.0019496235384652606,6.240118982241723,73.33333333333334,6.2401189822417225
42,42,0,fam,0.0019496235384652606,6.240118982241723,73.33333333333334,6.2401189822417225
43,43,1,fam,0.0019496235384652606,6.240118982241723,73.33333333333334,6.2401189822417225
44,44,2,fam,0.0019496235384652606,6.240118982241723,73.33333333333334,6.2401189822417225
45,45,0,fam,0.0019496235384652606,6.240118982241723,73.33333333333334,6.2401189822417225
46,46,1,fam,0.0019496235384652606,6.240118982241723,73.33333333333334,6.2401189822417225
47,47,2,fam,0.0019496235384652606,6.240118982241723,73.33333333333334,6.2401189822417225
48,48,0,fam,0.0019496235384652606,6.240118982241723,73.33333333333334,6.2401189822417225
49,49,1,fam,0.0019496235384652606,6.240118982241723,73.33333333333334,6.2401189822417225
50,50,2,fam,0.0019496235384652606,6.240118982241723,73.33333333333334,6.2401189822417225
51,51,0,fam,0.0019496235384652606,6.240118982241723,73.33333333333334,6.2401189822417225
52,52,1,fam,0.0019496235384652606,6.240118982241723,73.33333333333334,6.2401189822417225
53,53,2,fam,0.0019496235384652606,6.240118982241723,73.33333333333334,6.2401189822417225
54,54,0,fam,0.0019496235384652606,6.240118982241723,73.33333333333334,6.2401189822417225
55,55,1,fam,0.0019496235384652606,6.240118982241723,73.33333333333334,6.2401189822417225
56,56,2,fam,0.0019496235384652606,6.240118982241723,73.33333333333334,6.2401189822417225
57,57,0,fam,0.0019496235384652606,6.240118982241723,73.33333333333334,6.2401189822417225
58,58,1,fam,0.0019496235384652606,6.240118982241723,73.33333333333334,6.2401189822417225
59,59,2,fam,0.0019496235384652606,6.240118982241723,73.33333333333334,6.2401189822417225
60,60,0,fam,0.0019496235384652606,6.240118982241723,73.33333333333334,6.2401189822417225
61,61,1,fam,0.0019496235384652606,6.240118982241723,73.33333333333334,6.2401189822417225
62,62,2,fam,0.0019496235384652606,6.240118982241723,73.33333333333334,6.2401189822417225
63,63,0,fam,0.0019496235384652606,6.240118982241723,73.33333333333334,6.2401189822417225
64,64,1,fam,0.0019496235384652606,6.240118982241723,73.33333333333334,6.2401189822417225
65,65,2,fam,0.0019496235384652606,6.240118982241723,73.33333333333334,6.2401189822417225
66,66,3,recov,0.0019492333015680501,6.240319162404537,73.33333333333334,6.2401189822417225
67,67,4,recov,0.0019492333015680501,6.240319162404537,73.33333333333334,6.2401189822417225
68,68,5,recov,0.0019492333015680501,6.240319162404537,73.33333333333334,6.2401189822417225
69,69,3,recov,0.0019496231482283635,6.240119182401871,73.33333333333334,6.2401189822417225
70,70,4,recov,0.0019496231482283635,6.240119182401871,73.33333333333334,6.2401189822417225
71,71,5,recov,0.0019496231482283635,6.240119182401871,73.33333333333334,6.2401189822417225
72,72,3,recov,0.001949623538075024,6.240118982441883,73.33333333333334,6.2401189822417225
73,73,4,recov,0.001949623538075024,6.240118982441883,73.33333333333334,6.2401189822417225
74,74,5,recov,0.001949623538075024,6.240118982441883,73.33333333333334,6.2401189822417225
75,75,3,recov,0.0019496235384648707,6.240118982241923,73.33333333333334,6.2401189822417225
76,76,4,recov,0.0019496235384648707,6.240118982241923,73.33333333333334,6.2401189822417225
77,77,5,recov,0.0019496235384648707,6.240118982241923,73.33333333333334,6.2401189822417225
78,78,3,recov,0.0019496235384652604,6.240118982241723,73.33333333333334,6.2401189822417225
79,79,4,recov,0.0019496235384652604,6.240118982241723,73.33333333333334,6.2401189822417225
80,80,5,recov,0.0019496235384652604,6.240118982241723,73.33333333333334,6.2401189822417225
81,81,3,recov,0.0019496235384652606,6.240118982241723,73.33333333333334,6.2401189822417225
82,82,4,recov,0.0019496235384652606,6.240118982241723,73.33333333333334,6.2401189822417225
83,83,5,recov,0.0019496235384652606,6.240118982241723,73.33333333333334,6.2401189822417225
84,84,3,recov,0.0019496235384652606,6.240118982241723,73.33333333333334,6.2401189822417225
85,85,4,recov,0.0019496235384652606,6.240118982241723,73.33333333333334,6.2401189822417225
86,86,5,recov,0.0019496235384652606,6.240118982241723,73.33333333333334,6.2401189822417225
87,87,3,recov,0.0019496235384652606,6.240118982241723,73.33333333333334,6.2401189822417225
88,88,4,recov,0.0019496235384652606,6.240118982241723,73.33333333333334,6.2401189822417225
89,89,5,recov,0.0019496235384652606,6.240118982241723,73.33333333333334,6.2401189822417225
90,90,3,recov,0.0019496235384652606,6.240118982241723,73.33333333333334,6.2401189822417225
91,91,4,recov,0.0019496235384652606,6.240118982241723,73.33333333333334,6.2401189822417225
92,92,5,recov,0.0019496235384652606,6.240118982241723,73.33333333333334,6.2401189822417225
93,93,3,recov,0.0019496235384652606,6.240118982241723,73.33333333333334,6.2401189822417225
94,94,4,recov,0.0019496235384652606,6.240118982241723,73.33333333333334,6.2401189822417225
95,95,5,recov,0.0019496235384652606,6.240118982241723,73.33333333333334,6.2401189822417225
96,96,3,recov,0.0019496235384652606,6.240118982241723,73.33333333333334,6.2401189822417225
97,97,4,recov,0.0019496235384652606,6.240118982241723,73.33333333333334,6.2401189822417225
98,98,5,recov,0.0019496235384652606,6.240118982241723,73.33333333333334,6.2401189822417225
99,99,3,recov,0.0019496235384652606,6.240118982241723,73.33333333333334,6.2401189822417225
100,100,4,recov,0.0019496235384652606,6.240118982241723,73.33333333333334,6.2401189822417225
101,101,5,recov,0.0019496235384652606,6.240118982241723,73.33333333333334,6.2401189822417225
102,102,3,recov,0.0019496235384652606,6.240118982241723,73.33333333333334,6.2401189822417225
103,103,4,recov,0.0019496235384652606,6.240118982241723,73.33333333333334,6.2401189822417225
104,104,5,recov,0.0019496235384652606,6.240118982241723,73.33333333333334,6.2401189822417225
105,105,3,recov,0.0019496235384652606,6.240118982241723,73.33333333333334,6.2401189822417225
106,106,4,recov,0.0019496235384652606,6.240118982241723,73.33333333333334,6.2401189822417225
107,107,5,recov,0.0019496235384652606,6.240118982241723,73.33333333333334,6.2401189822417225
108,108,3,recov,0.0019496235384652606,6.240118982241723,73.33333333333334,6.2401189822417225
109,109,4,recov,0.0019496235384652606,6.240118982241723,73.33333333333334,6.2401189822417225
110,110,5,recov,0.0019496235384652606,6.240118982241723,73.33333333333334,6.2401189822417225
111,111,3,recov,0.0019496235384652606,6.240118982241723,73.33333333333334,6.2401189822417225
112,112,4,recov,0.0019496235384652606,6.240118982241723,73.33333333333334,6.2401189822417225
113,113,5,recov,0.0019496235384652606,6.240118982241723,73.33333333333334,6.2401189822417225
114,114,3,recov,0.0019496235384652606,6.240118982241723,73.33333333333334,6.2401189822417225
115,115,4,recov,0.0019496235384652606,6.240118982241723,73.33333333333334,6.2401189822417225
116,116,5,recov,0.0019496235384652606,6.240118982241723,73.33333333333334,6.2401189822417225
117,117,3,recov,0.0019496235384652606,6.240118982241723,73.33333333333334,6.2401189822417225
118,118,4,recov,0.0019496235384652606,6.240118982241723,73.33333333333334,6.2401189822417225
119,119,5,recov,0.0019496235384652606,6.240118982241723,73.33333333333334,6.2401189822417225
120,120,3,recov,0.0019496235384652606,6.240118982241723,73.33333333333334,6.2401189822417225
121,121,4,recov,0.0019496235384652606,6.240118982241723,73.33333333333334,6.2401189822417225
122,122,5,recov,0.0019496235384652606,6.240118982241723,73.33333333333334,6.2401189822417225
123,123,3,recov,0.0019496235384652606,6.240118982241723,73.33333333333334,6.2401189822417225
124,124,4,recov,0.0019496235384652606,6.240118982241723,73.33333333333334,6.2401189822417225
125,125,5,recov,0.0019496235384652606,6.240118982241723,73.33333333333334,6.2401189822417225
126,126,3,recov,0.0019496235384652606,6.240118982241723,73.33333333333334,6.2401189822417225
127,127,4,recov,0.0019496235384652606,6.240118982241723,73.33333333333334,6.2401189822417225
128,128,5,recov,0.0019496235384652606,6.240118982241723,73.33333333333334,6.2401189822417225
129,129,3,recov,0.0019496235384652606,6.240118982241723,73.33333333333334,6.2401189822417225
130,130,4,recov,0.0019496235384652606,6.240118982241723,73.33333333333334,6.2401189822417225
131,131,5,recov,0.0019496235384652606,6.240118982241723,73.33333333333334,6.2401189822417225
132,132,3,recov,0.0019496235384652606,6.240118982241723,73.33333333333334,6.2401189822417225
133,133,4,recov,0.0019496235384652606,6.240118982241723,73.33333333333334,6.2401189822417225
134,134,5,recov,0.0019496235384652606,6.240118982241723,73.33333333333334,6.2401189822417225
135,135,3,recov,0.0019496235384652606,6.240118982241723,73.33333333333334,6.2401189822417225
136,136,4,recov,0.0019496235384652606,6.240118982241723,73.33333333333334,6.2401189822417225
137,137,5,recov,0.0019496235384652606,6.240118982241723,73.33333333333334,6.2401189822417225
138,138,0,fam_r,0.0019492333015680501,6.240319162404537,73.33333333333334,6.2401189822417225
139,139,1,fam_r,0.0019492333015680501,6.240319162404537,73.33333333333334,6.2401189822417225
140,140,2,fam_r,0.0019492333015680501,6.240319162404537,73.33333333333334,6.2401189822417225
141,141,0,fam_r,0.0019496231482283635,6.240119182401871,73.33333333333334,6.2401189822417225
142,142,1,fam_r,0.0019496231482283635,6.240119182401871,73.33333333333334,6.2401189822417225
143,143,2,fam_r,0.0019496231482283635,6.240119182401871,73.33333333333334,6.2401189822417225
144,144,0,fam_r,0.001949623538075024,6.240118982441883,73.33333333333334,6.2401189822417225
145,145,1,fam_r,0.001949623538075024,6.240118982441883,73.33333333333334,6.2401189822417225
146,146,2,fam_r,0.001949623538075024,6.240118982441883,73.33333333333334,6.2401189822417225
147,147,0,fam_r,0.0019496235384648707,6.240118982241923,73.33333333333334,6.2401189822417225
148,148,1,fam_r,0.0019496235384648707,6.240118982241923,73.33333333333334,6.2401189822417225
149,149,2,fam_r,0.0019496235384648707,6.240118982241923,73.33333333333334,6.2401189822417225
150,150,0,fam_r,0.0019496235384652604,6.240118982241723,73.33333333333334,6.2401189822417225
151,151,1,fam_r,0.0019496235384652604,6.240118982241723,73.33333333333334,6.2401189822417225
152,152,2,fam_r,0.0019496235384652604,6.240118982241723,73.33333333333334,6.2401189822417225
0,0,0,fam,0.001949317738791423,6.240275845170769,146.66666666666669,6.2401189822417225
1,1,1,fam,0.0019492417449612101,6.240314830765597,146.66666666666669,6.2401189822417225
2,2,2,fam,0.0019492341459040744,6.240318729241488,146.66666666666669,6.2401189822417225
3,3,0,fam,0.0019496232326788197,6.240119139085575,146.66666666666669,6.2401189822417225
4,4,1,fam,0.0019496231566734086,6.240119178070242,146.66666666666669,6.2401189822417225
5,5,2,fam,0.0019496231490728681,6.2401191819687085,146.66666666666669,6.2401189822417225
6,6,0,fam,0.0019496235381594742,6.240118982398568,146.66666666666669,6.2401189822417225
7,7,1,fam,0.001949623538083469,6.240118982437552,146.66666666666669,6.2401189822417225
8,8,2,fam,0.0019496235380758685,6.24011898244145,146.66666666666669,6.2401189822417225
9,9,0,fam,0.001949623538464955,6.2401189822418806,146.66666666666669,6.2401189822417225
10,10,1,fam,0.001949623538464879,6.240118982241919,146.66666666666669,6.2401189822417225
11,11,2,fam,0.0019496235384648716,6.240118982241923,146.66666666666669,6.2401189822417225
12,12,0,fam,0.0019496235384652604,6.240118982241723,146.66666666666669,6.2401189822417225
13,13,1,fam,0.0019496235384652604,6.240118982241723,146.66666666666669,6.2401189822417225
14,14,2,fam,0.0019496235384652604,6.240118982241723,146.66666666666669,6.2401189822417225
15,15,0,fam,0.0019496235384652606,6.240118982241723,146.66666666666669,6.2401189822417225
16,16,1,fam,0.0019496235384652606,6.240118982241723,146.66666666666669,6.2401189822417225
17,17,2,fam,0.0019496235384652606,6.240118982241723,146.66666666666669,6.2401189822417225
18,18,0,fam,0.0019496235384652606,6.240118982241723,146.66666666666669,6.2401189822417225
19,19,1,fam,0.0019496235384652606,6.240118982241723,146.66666666666669,6.2401189822417225
20,20,2,fam,0.0019496235384652606,6.240118982241723,146.66666666666669,6.2401189822417225
21,21,0,fam,0.0019496235384652606,6.240118982241723,146.66666666666669,6.2401189822417225
22,22,1,fam,0.0019496235384652606,6.240118982241723,146.66666666666669,6.2401189822417225
23,23,2,fam,0.0019496235384652606,6.240118982241723,146.66666666666669,6.2401189822417225
24,24,0,fam,0.0019496235384652606,6.240118982241723,146.66666666666669,6.2401189822417225
25,25,1,fam,0.0019496235384652606,6.240118982241723,146.66666666666669,6.2401189822417225
26,26,2,fam,0.0019496235384652606,6.240118982241723,146.66666666666669,6.2401189822417225
27,27,0,fam,0.0019496235384652606,6.240118982241723,146.66666666666669,6.2401189822417225
28,28,1,fam,0.0019496235384652606,6.240118982241723,146.66666666666669,6.2401189822417225
29,29,2,fam,0.0019496235384652606,6.240118982241723,146.66666666666669,6.2401189822417225
30,30,0,fam,0.0019496235384652606,6.240118982241723,146.66666666666669,6.2401189822417225
31,31,1,fam,0.0019496235384652606,6.240118982241723,146.66666666666669,6.2401189822417225
32,32,2,fam,0.0019496235384652606,6.240118982241723,146.66666666666669,6.2401189822417225
33,33,0,fam,0.0019496235384652606,6.240118982241723,146.66666666666669,6.2401189822417225
34,34,1,fam,0.0019496235384652606,6.240118982241723,146.66666666666669,6.2401189822417225
35,35,2,fam,0.0019496235384652606,6.240118982241723,146.66666666666669,6.2401189822417225
36,36,0,fam,0.0019496235384652606,6.240118982241723,146.66666666666669,6.2401189822417225
37,37,1,fam,0.0019496235384652606,6.240118982241723,146.66666666666669,6.2401189822417225
38,38,2,fam,0.0019496235384652606,6.240118982241723,146.66666666666669,6.2401189822417225
39,39,0,fam,0.0019496235384652606,6.240118982241723,146.66666666666669,6.2401189822417225
40,40,1,fam,0.0019496235384652606,6.240118982241723,146.66666666666669,6.2401189822417225
41,41,2,fam,0.0019496235384652606,6.240118982241723,146.66666666666669,6.2401189822417225
42,42,0,fam,0.0019496235384652606,6.240118982241723,146.66666666666669,6.2401189822417225
43,43,1,fam,0.0019496235384652606,6.240118982241723,146.66666666666669,6.2401189822417225
44,44,2,fam,0.0019496235384652606,6.240118982241723,146.66666666666669,6.2401189822417225
45,45,0,fam,0.0019496235384652606,6.240118982241723,146.66666666666669,6.2401189822417225
46,46,1,fam,0.0019496235384652606,6.240118982241723,146.66666666666669,6.2401189822417225
47,47,2,fam,0.0019496235384652606,6.240118982241723,146.66666666666669,6.2401189822417225
48,48,0,fam,0.0019496235384652606,6.240118982241723,146.66666666666669,6.2401189822417225
49,49,1,fam,0.0019496235384652606,6.240118982241723,146.66666666666669,6.2401189822417225
50,50,2,fam,0.0019496235384652606,6.240118982241723,146.66666666666669,6.2401189822417225
51,51,0,fam,0.0019496235384652606,6.240118982241723,146.66666666666669,6.2401189822417225
52,52,1,fam,0.0019496235384652606,6.240118982241723,146.66666666666669,6.2401189822417225
53,53,2,fam,0.0019496235384652606,6.240118982241723,146.66666666666669,6.2401189822417225
54,54,0,fam,0.0019496235384652606,6.240118982241723,146.66666666666669,6.2401189822417225
55,55,1,fam,0.0019496235384652606,6.240118982241723,146.66666666666669,6.2401189822417225
56,56,2,fam,0.0019496235384652606,6.240118982241723,146.66666666666669,6.2401189822417225
57,57,0,fam,0.0019496235384652606,6.240118982241723,146.66666666666669,6.2401189822417225
58,58,1,fam,0.0019496235384652606,6.240118982241723,146.66666666666669,6.2401189822417225
59,59,2,fam,0.0019496235384652606,6.240118982241723,146.66666666666669,6.2401189822417225
60,60,0,fam,0.0019496235384652606,6.240118982241723,146.66666666666669,6.2401189822417225
61,61,1,fam,0.0019496235384652606,6.240118982241723,146.66666666666669,6.2401189822417225
62,62,2,fam,0.0019496235384652606,6.240118982241723,146.66666666666669,6.2401189822417225
63,63,0,fam,0.0019496235384652606,6.240118982241723,146.66666666666669,6.2401189822417225
64,64,1,fam,0.0019496235384652606,6.240118982241723,146.66666666666669,6.2401189822417225
65,65,2,fam,0.0019496235384652606,6.240118982241723,146.66666666666669,6.2401189822417225
66,66,3,recov,0.0019492333015680501,6.240319162404537,146.66666666666669,6.2401189822417225
67,67,4,recov,0.0019492333015680501,6.240319162404537,146.66666666666669,6.2401189822417225
68,68,5,recov,0.0019492333015680501,6.240319162404537,146.66666666666669,6.2401189822417225
69,69,3,recov,0.0019496231482283635,6.240119182401871,146.66666666666669,6.2401189822417225
70,70,4,recov,0.0019496231482283635,6.240119182401871,146.66666666666669,6.2401189822417225
71,71,5,recov,0.0019496231482283635,6.240119182401871,146.66666666666669,6.2401189822417225
72,72,3,recov,0.001949623538075024,6.240118982441883,146.66666666666669,6.2401189822417225
73,73,4,recov,0.001949623538075024,6.240118982441883,146.66666666666669,6.2401189822417225
74,74,5,recov,0.001949623538075024,6.240118982441883,146.66666666666669,6.2401189822417225
75,75,3,recov,0.0019496235384648707,6.240118982241923,146.66666666666669,6.2401189822417225
76,76,4,recov,0.0019496235384648707,6.240118982241923,146.66666666666669,6.2401189822417225
77,77,5,recov,0.0019496235384648707,6.240118982241923,146.66666666666669,6.2401189822417225
78,78,3,recov,0.0019496235384652604,6.240118982241723,146.66666666666669,6.2401189822417225
79,79,4,recov,0.0019496235384652604,6.240118982241723,146.66666666666669,6.2401189822417225
80,80,5,recov,0.0019496235384652604,6.240118982241723,146.66666666666669,6.2401189822417225
81,81,3,recov,0.0019496235384652606,6.240118982241723,146.66666666666669,6.2401189822417225
82,82,4,recov,0.0019496235384652606,6.240118982241723,146.66666666666669,6.2401189822417225
83,83,5,recov,0.0019496235384652606,6.240118982241723,146.66666666666669,6.2401189822417225
84,84,3,recov,0.0019496235384652606,6.240118982241723,146.66666666666669,6.2401189822417225
85,85,4,recov,0.0019496235384652606,6.240118982241723,146.66666666666669,6.2401189822417225
86,86,5,recov,0.0019496235384652606,6.240118982241723,146.66666666666669,6.2401189822417225
87,87,3,recov,0.0019496235384652606,6.240118982241723,146.66666666666669,6.2401189822417225
88,88,4,recov,0.0019496235384652606,6.240118982241723,146.66666666666669,6.2401189822417225
89,89,5,recov,0.0019496235384652606,6.240118982241723,146.66666666666669,6.2401189822417225
90,90,3,recov,0.0019496235384652606,6.240118982241723,146.66666666666669,6.2401189822417225
91,91,4,recov,0.0019496235384652606,6.240118982241723,146.66666666666669,6.2401189822417225
92,92,5,recov,0.0019496235384652606,6.240118982241723,146.66666666666669,6.2401189822417225
93,93,3,recov,0.0019496235384652606,6.240118982241723,146.66666666666669,6.2401189822417225
94,94,4,recov,0.0019496235384652606,6.240118982241723,146.66666666666669,6.2401189822417225
95,95,5,recov,0.0019496235384652606,6.240118982241723,146.66666666666669,6.2401189822417225
96,96,3,recov,0.0019496235384652606,6.240118982241723,146.66666666666669,6.2401189822417225
97,97,4,recov,0.0019496235384652606,6.240118982241723,146.66666666666669,6.2401189822417225
98,98,5,recov,0.0019496235384652606,6.240118982241723,146.66666666666669,6.2401189822417225
99,99,3,recov,0.0019496235384652606,6.240118982241723,146.66666666666669,6.2401189822417225
100,100,4,recov,0.0019496235384652606,6.240118982241723,146.66666666666669,6.2401189822417225
101,101,5,recov,0.0019496235384652606,6.240118982241723,146.66666666666669,6.2401189822417225
102,102,3,recov,0.0019496235384652606,6.240118982241723,146.66666666666669,6.2401189822417225
103,103,4,recov,0.0019496235384652606,6.240118982241723,146.66666666666669,6.2401189822417225
104,104,5,recov,0.0019496235384652606,6.240118982241723,146.66666666666669,6.2401189822417225
105,105,3,recov,0.0019496235384652606,6.240118982241723,146.66666666666669,6.2401189822417225
106,106,4,recov,0.0019496235384652606,6.240118982241723,146.66666666666669,6.2401189822417225
107,107,5,recov,0.0019496235384652606,6.240118982241723,146.66666666666669,6.2401189822417225
108,108,3,recov,0.0019496235384652606,6.240118982241723,146.66666666666669,6.2401189822417225
109,109,4,recov,0.0019496235384652606,6.240118982241723,146.66666666666669,6.2401189822417225
110,110,5,recov,0.0019496235384652606,6.240118982241723,146.66666666666669,6.2401189822417225
111,111,3,recov,0.0019496235384652606,6.240118982241723,146.66666666666669,6.2401189822417225
112,112,4,recov,0.0019496235384652606,6.240118982241723,146.66666666666669,6.2401189822417225
113,113,5,recov,0.0019496235384652606,6.240118982241723,146.66666666666669,6.2401189822417225
114,114,3,recov,0.0019496235384652606,6.240118982241723,146.66666666666669,6.2401189822417225
115,115,4,recov,0.0019496235384652606,6.240118982241723,146.66666666666669,6.2401189822417225
116,116,5,recov,0.0019496235384652606,6.240118982241723,146.66666666666669,6.2401189822417225
117,117,3,recov,0.0019496235384652606,6.240118982241723,146.66666666666669,6.2401189822417225
118,118,4,recov,0.0019496235384652606,6.240118982241723,146.66666666666669,6.2401189822417225
119,119,5,recov,0.0019496235384652606,6.240118982241723,146.66666666666669,6.2401189822417225
120,120,3,recov,0.0019496235384652606,6.240118982241723,146.66666666666669,6.2401189822417225
121,121,4,recov,0.0019496235384652606,6.240118982241723,146.66666666666669,6.2401189822417225
122,122,5,recov,0.0019496235384652606,6.240118982241723,146.66666666666669,6.2401189822417225
123,123,3,recov,0.0019496235384652606,6.240118982241723,146.66666666666669,6.2401189822417225
124,124,4,recov,0.0019496235384652606,6.240118982241723,146.66666666666669,6.2401189822417225
125,125,5,recov,0.0019496235384652606,6.240118982241723,146.66666666666669,6.2401189822417225
126,126,3,recov,0.0019496235384652606,6.240118982241723,146.66666666666669,6.2401189822417225
127,127,4,recov,0.0019496235384652606,6.240118982241723,146.66666666666669,6.2401189822417225
128,128,5,recov,0.0019496235384652606,6.240118982241723,146.66666666666669,6.2401189822417225
129,129,3,recov,0.0019496235384652606,6.240118982241723,146.66666666666669,6.2401189822417225
130,130,4,recov,0.0019496235384652606,6.240118982241723,146.66666666666669,6.2401189822417225
131,131,5,recov,0.0019496235384652606,6.240118982241723,146.66666666666669,6.2401189822417225
132,132,3,recov,0.0019496235384652606,6.240118982241723,146.66666666666669,6.2401189822417225
133,133,4,recov,0.0019496235384652606,6.240118982241723,146.66666666666669,6.2401189822417225
134,134,5,recov,0.0019496235384652606,6.240118982241723,146.66666666666669,6.2401189822417225
135,135,3,recov,0.0019496235384652606,6.240118982241723,146.66666666666669,6.2401189822417225
136,136,4,recov,0.0019496235384652606,6.240118982241723,146.66666666666669,6.2401189822417225
137,137,5,recov,0.0019496235384652606,6.240118982241723,146.66666666666669,6.2401189822417225
138,138,3,recov,0.0019496235384652606,6.240118982241723,146.66666666666669,6.2401189822417225
139,139,4,recov,0.0019496235384652606,6.240118982241723,146.66666666666669,6.2401189822417225
140,140,5,recov,0.0019496235384652606,6.240118982241723,146.66666666666669,6.2401189822417225
141,141,3,recov,0.0019496235384652606,6.240118982241723,146.66666666666669,6.2401189822417225
142,142,4,recov,0.0019496235384652606,6.240118982241723,146.66666666666669,6.2401189822417225
143,143,5,recov,0.0019496235384652606,6.240118982241723,146.66666666666669,6.2401189822417225
144,144,3,recov,0.0019496235384652606,6.240118982241723,146.66666666666669,6.2401189822417225
145,145,4,recov,0.0019496235384652606,6.240118982241723,146.66666666666669,6.2401189822417225
146,146,5,recov,0.0019496235384652606,6.240118982241723,146.66666666666669,6.2401189822417225
147,147,3,recov,0.0019496235384652606,6.240118982241723,146.66666666666669,6.2401189822417225
148,148,4,recov,0.0019496235384652606,6.240118982241723,146.66666666666669,6.2401189822417225
149,149,5,recov,0.0019496235384652606,6.240118982241723,146.66666666666669,6.2401189822417225
150,150,3,recov,0.0019496235384652606,6.240118982241723,146.66666666666669,6.2401189822417225
151,151,4,recov,0.0019496235384652606,6.240118982241723,146.66666666666669,6.2401189822417225
152,152,5,recov,0.0019496235384652606,6.240118982241723,146.66666666666669,6.2401189822417225
153,153,3,recov,0.0019496235384652606,6.240118982241723,146.66666666666669,6.2401189822417225
154,154,4,recov,0.0019496235384652606,6.240118982241723,146.66666666666669,6.2401189822417225
155,155,5,recov,0.0019496235384652606,6.240118982241723,146.66666666666669,6.2401189822417225
156,156,3,recov,0.0019496235384652606,6.240118982241723,146.66666666666669,6.2401189822417225
157,157,4,recov,0.0019496235384652606,6.240118982241723,146.66666666666669,6.2401189822417225
158,158,5,recov,0.0019496235384652606,6.240118982241723,146.66666666666669,6.2401189822417225
159,159,3,recov,0.0019496235384652606,6.240118982241723,146.66666666666669,6.2401189822417225
160,160,4,recov,0.0019496235384652606,6.240118982241723,146.66666666666669,6.2401189822417225
161,161,5,recov,0.0019496235384652606,6.240118982241723,146.66666666666669,6.2401189822417225
162,162,3,recov,0.0019496235384652606,6.240118982241723,146.66666666666669,6.2401189822417225
163,163,4,recov,0.0019496235384652606,6.240118982241723,146.66666666666669,6.2401189822417225
164,164,5,recov,0.0019496235384652606,6.240118982241723,146.66666666666669,6.2401189822417225
165,165,3,recov,0.0019496235384652606,6.240118982241723,146.66666666666669,6.2401189822417225
166,166,4,recov,0.0019496235384652606,6.240118982241723,146.66666666666669,6.2401189822417225
167,167,5,recov,0.0019496235384652606,6.240118982241723,146.66666666666669,6.2401189822417225
168,168,3,recov,0.0019496235384652606,6.240118982241723,146.66666666666669,6.2401189822417225
169,169,4,recov,0.0019496235384652606,6.240118982241723,146.66666666666669,6.2401189822417225
170,170,5,recov,0.0019496235384652606,6.240118982241723,146.66666666666669,6.2401189822417225
171,171,3,recov,0.0019496235384652606,6.240118982241723,146.66666666666669,6.2401189822417225
172,172,4,recov,0.0019496235384652606,6.240118982241723,146.66666666666669,6.2401189822417225
173,173,5,recov,0.0019496235384652606,6.240118982241723,146.66666666666669,6.2401189822417225
174,174,3,recov,0.0019496235384652606,6.240118982241723,146.66666666666669,6.2401189822417225
175,175,4,recov,0.0019496235384652606,6.240118982241723,146.66666666666669,6.2401189822417225
176,176,5,recov,0.0019496235384652606,6.240118982241723,146.66666666666669,6.2401189822417225
177,177,3,recov,0.0019496235384652606,6.240118982241723,146.66666666666669,6.2401189822417225
178,178,4,recov,0.0019496235384652606,6.240118982241723,146.66666666666669,6.2401189822417225
179,179,5,recov,0.0019496235384652606,6.240118982241723,146.66666666666669,6.2401189822417225
180,180,3,recov,0.0019496235384652606,6.240118982241723,146.66666666666669,6.2401189822417225
181,181,4,recov,0.0019496235384652606,6.240118982241723,146.66666666666669,6.2401189822417225
182,182,5,recov,0.0019496235384652606,6.240118982241723,146.66666666666669,6.2401189822417225
183,183,3,recov,0.0019496235384652606,6.240118982241723,146.66666666666669,6.2401189822417225
184,184,4,recov,0.0019496235384652606,6.240118982241723,146.66666666666669,6.2401189822417225
185,185,5,recov,0.0019496235384652606,6.240118982241723,146.66666666666669,6.2401189822417225
186,186,3,recov,0.0019496235384652606,6.240118982241723,146.66666666666669,6.2401189822417225
187,187,4,recov,0.0019496235384652606,6.240118982241723,146.66666666666669,6.2401189822417225
188,188,5,recov,0.0019496235384652606,6.240118982241723,146.66666666666669,6.2401189822417225
189,189,3,recov,0.0019496235384652606,6.240118982241723,146.66666666666669,6.2401189822417225
190,190,4,recov,0.0019496235384652606,6.240118982241723,146.66666666666669,6.2401189822417225
191,191,5,recov,0.0019496235384652606,6.240118982241723,146.66666666666669,6.2401189822417225
192,192,3,recov,0.0019496235384652606,6.240118982241723,146.66666666666669,6.2401189822417225
193,193,4,recov,0.0019496235384652606,6.240118982241723,146.66666666666669,6.2401189822417225
194,194,5,recov,0.0019496235384652606,6.240118982241723,146.66666666666669,6.2401189822417225
195,195,3,recov,0.0019496235384652606,6.240118982241723,146.66666666666669,6.2401189822417225
196,196,4,recov,0.0019496235384652606,6.240118982241723,146.66666666666669,6.2401189822417225
197,197,5,recov,0.0019496235384652606,6.240118982241723,146.66666666666669,6.2401189822417225
198,198,3,recov,0.0019496235384652606,6.240118982241723,146.66666666666669,6.2401189822417225
199,199,4,recov,0.0019496235384652606,6.240118982241723,146.66666666666669,6.2401189822417225
200,200,5,recov,0.0019496235384652606,6.240118982241723,146.66666666666669,6.2401189822417225
201,201,3,recov,0.0019496235384652606,6.240118982241723,146.66666666666669,6.2401189822417225
202,202,4,recov,0.0019496235384652606,6.240118982241723,146.66666666666669,6.2401189822417225
203,203,5,recov,0.0019496235384652606,6.240118982241723,146.66666666666669,6.2401189822417225
204,204,3,recov,0.0019496235384652606,6.240118982241723,146.66666666666669,6.2401189822417225
205,205,4,recov,0.0019496235384652606,6.240118982241723,146.66666666666669,6.2401189822417225
206,206,5,recov,0.0019496235384652606,6.240118982241723,146.66666666666669,6.2401189822417225
207,207,3,recov,0.0019496235384652606,6.240118982241723,146.66666666666669,6.2401189822417225
208,208,4,recov,0.0019496235384652606,6.240118982241723,146.66666666666669,6.2401189822417225
209,209,5,recov,0.0019496235384652606,6.240118982241723,146.66666666666669,6.2401189822417225
210,210,3,recov,0.0019496235384652606,6.240118982241723,146.66666666666669,6.2401189822417225
211,211,4,recov,0.0019496235384652606,6.240118982241723,146.66666666666669,6.2401189822417225
212,212,5,recov,0.0019496235384652606,6.240118982241723,146.66666666666669,6.2401189822417225
213,213,0,fam_r,0.0019492333015680501,6.240319162404537,146.66666666666669,6.2401189822417225
214,214,1,fam_r,0.0019492333015680501,6.240319162404537,146.66666666666669,6.2401189822417225
215,215,2,fam_r,0.0019492333015680501,6.240319162404537,146.66666666666669,6.2401189822417225
216,216,0,fam_r,0.0019496231482283635,6.240119182401871,146.66666666666669,6.2401189822417225
217,217,1,fam_r,0.0019496231482283635,6.240119182401871,146.66666666666669,6.2401189822417225
218,218,2,fam_r,0.0019496231482283635,6.240119182401871,146.66666666666669,6.2401189822417225
219,219,0,fam_r,0.001949623538075024,6.240118982441883,146.66666666666669,6.2401189822417225
220,220,1,fam_r,0.001949623538075024,6.240118982441883,146.66666666666669,6.2401189822417225
221,221,2,fam_r,0.001949623538075024,6.240118982441883,146.66666666666669,6.2401189822417225
222,222,0,fam_r,0.0019496235384648707,6.240118982241923,146.66666666666669,6.2401189822417225
223,223,1,fam_r,0.0019496235384648707,6.240118982241923,146.66666666666669,6.2401189822417225
224,224,2,fam_r,0.0019496235384648707,6.240118982241923,146.66666666666669,6.2401189822417225
225,225,0,fam_r,0.0019496235384652604,6.240118982241723,146.66666666666669,6.2401189822417225
226,226,1,fam_r,0.0019496235384652604,6.240118982241723,146.66666666666669,6.2401189822417225
227,227,2,fam_r,0.0019496235384652604,6.240118982241723,146.66666666666669,6.2401189822417225
0,0,0,fam,0.001949317738791423,6.240275845170769,220.0,6.2401189822417225
1,1,1,fam,0.0019492417449612101,6.240314830765597,220.0,6.2401189822417225
2,2,2,fam,0.0019492341459040744,6.240318729241488,220.0,6.2401189822417225
3,3,0,fam,0.0019496232326788197,6.240119139085575,220.0,6.2401189822417225
4,4,1,fam,0.0019496231566734086,6.240119178070242,220.0,6.2401189822417225
5,5,2,fam,0.0019496231490728681,6.2401191819687085,220.0,6.2401189822417225
6,6,0,fam,0.0019496235381594742,6.240118982398568,220.0,6.2401189822417225
7,7,1,fam,0.001949623538083469,6.240118982437552,220.0,6.2401189822417225
8,8,2,fam,0.0019496235380758685,6.24011898244145,220.0,6.2401189822417225
9,9,0,fam,0.001949623538464955,6.2401189822418806,220.0,6.2401189822417225
10,10,1,fam,0.001949623538464879,6.240118982241919,220.0,6.2401189822417225
11,11,2,fam,0.0019496235384648716,6.240118982241923,220.0,6.2401189822417225
12,12,0,fam,0.0019496235384652604,6.240118982241723,220.0,6.2401189822417225
13,13,1,fam,0.0019496235384652604,6.240118982241723,220.0,6.2401189822417225
14,14,2,fam,0.0019496235384652604,6.240118982241723,220.0,6.2401189822417225
15,15,0,fam,0.0019496235384652606,6.240118982241723,220.0,6.2401189822417225
16,16,1,fam,0.0019496235384652606,6.240118982241723,220.0,6.2401189822417225
17,17,2,fam,0.0019496235384652606,6.240118982241723,220.0,6.2401189822417225
18,18,0,fam,0.0019496235384652606,6.240118982241723,220.0,6.2401189822417225
19,19,1,fam,0.0019496235384652606,6.240118982241723,220.0,6.2401189822417225
20,20,2,fam,0.0019496235384652606,6.240118982241723,220.0,6.2401189822417225
21,21,0,fam,0.0019496235384652606,6.240118982241723,220.0,6.2401189822417225
22,22,1,fam,0.0019496235384652606,6.240118982241723,220.0,6.2401189822417225
23,23,2,fam,0.0019496235384652606,6.240118982241723,220.0,6.2401189822417225
24,24,0,fam,0.0019496235384652606,6.240118982241723,220.0,6.2401189822417225
25,25,1,fam,0.0019496235384652606,6.240118982241723,220.0,6.2401189822417225
26,26,2,fam,0.0019496235384652606,6.240118982241723,220.0,6.2401189822417225
27,27,0,fam,0.0019496235384652606,6.240118982241723,220.0,6.2401189822417225
28,28,1,fam,0.0019496235384652606,6.240118982241723,220.0,6.2401189822417225
29,29,2,fam,0.0019496235384652606,6.240118982241723,220.0,6.2401189822417225
30,30,0,fam,0.0019496235384652606,6.240118982241723,220.0,6.2401189822417225
31,31,1,fam,0.0019496235384652606,6.240118982241723,220.0,6.2401189822417225
32,32,2,fam,0.0019496235384652606,6.240118982241723,220.0,6.2401189822417225
33,33,0,fam,0.0019496235384652606,6.240118982241723,220.0,6.2401189822417225
34,34,1,fam,0.0019496235384652606,6.240118982241723,220.0,6.2401189822417225
35,35,2,fam,0.0019496235384652606,6.240118982241723,220.0,6.2401189822417225
36,36,0,fam,0.0019496235384652606,6.240118982241723,220.0,6.2401189822417225
37,37,1,fam,0.0019496235384652606,6.240118982241723,220.0,6.2401189822417225
38,38,2,fam,0.0019496235384652606,6.240118982241723,220.0,6.2401189822417225
39,39,0,fam,0.0019496235384652606,6.240118982241723,220.0,6.2401189822417225
40,40,1,fam,0.0019496235384652606,6.240118982241723,220.0,6.2401189822417225
41,41,2,fam,0.0019496235384652606,6.240118982241723,220.0,6.2401189822417225
42,42,0,fam,0.0019496235384652606,6.240118982241723,220.0,6.2401189822417225
43,43,1,fam,0.0019496235384652606,6.240118982241723,220.0,6.2401189822417225
44,44,2,fam,0.0019496235384652606,6.240118982241723,220.0,6.2401189822417225
45,45,0,fam,0.0019496235384652606,6.240118982241723,220.0,6.2401189822417225
46,46,1,fam,0.0019496235384652606,6.240118982241723,220.0,6.2401189822417225
47,47,2,fam,0.0019496235384652606,6.240118982241723,220.0,6.2401189822417225
48,48,0,fam,0.0019496235384652606,6.240118982241723,220.0,6.2401189822417225
49,49,1,fam,0.0019496235384652606,6.240118982241723,220.0,6.2401189822417225
50,50,2,fam,0.0019496235384652606,6.240118982241723,220.0,6.2401189822417225
51,51,0,fam,0.0019496235384652606,6.240118982241723,220.0,6.2401189822417225
52,52,1,fam,0.0019496235384652606,6.240118982241723,220.0,6.2401189822417225
53,53,2,fam,0.0019496235384652606,6.240118982241723,220.0,6.2401189822417225
54,54,0,fam,0.0019496235384652606,6.240118982241723,220.0,6.2401189822417225
55,55,1,fam,0.0019496235384652606,6.240118982241723,220.0,6.2401189822417225
56,56,2,fam,0.0019496235384652606,6.240118982241723,220.0,6.2401189822417225
57,57,0,fam,0.0019496235384652606,6.240118982241723,220.0,6.2401189822417225
58,58,1,fam,0.0019496235384652606,6.240118982241723,220.0,6.2401189822417225
59,59,2,fam,0.0019496235384652606,6.240118982241723,220.0,6.2401189822417225
60,60,0,fam,0.0019496235384652606,6.240118982241723,220.0,6.2401189822417225
61,61,1,fam,0.0019496235384652606,6.240118982241723,220.0,6.2401189822417225
62,62,2,fam,0.0019496235384652606,6.240118982241723,220.0,6.2401189822417225
63,63,0,fam,0.0019496235384652606,6.240118982241723,220.0,6.2401189822417225
64,64,1,fam,0.0019496235384652606,6.240118982241723,220.0,6.2401189822417225
65,65,2,fam,0.0019496235384652606,6.240118982241723,220.0,6.2401189822417225
66,66,3,recov,0.0019492333015680501,6.240319162404537,220.0,6.2401189822417225
67,67,4,recov,0.0019492333015680501,6.240319162404537,220.0,6.2401189822417225
68,68,5,recov,0.0019492333015680501,6.240319162404537,220.0,6.2401189822417225
69,69,3,recov,0.0019496231482283635,6.240119182401871,220.0,6.2401189822417225
70,70,4,recov,0.0019496231482283635,6.240119182401871,220.0,6.2401189822417225
71,71,5,recov,0.0019496231482283635,6.240119182401871,220.0,6.2401189822417225
72,72,3,recov,0.001949623538075024,6.240118982441883,220.0,6.2401189822417225
73,73,4,recov,0.001949623538075024,6.240118982441883,220.0,6.2401189822417225
74,74,5,recov,0.001949623538075024,6.240118982441883,220.0,6.2401189822417225
75,75,3,recov,0.0019496235384648707,6.240118982241923,220.0,6.2401189822417225
76,76,4,recov,0.0019496235384648707,6.240118982241923,220.0,6.2401189822417225
77,77,5,recov,0.0019496235384648707,6.240118982241923,220.0,6.2401189822417225
78,78,3,recov,0.0019496235384652604,6.240118982241723,220.0,6.2401189822417225
79,79,4,recov,0.0019496235384652604,6.240118982241723,220.0,6.2401189822417225
80,80,5,recov,0.0019496235384652604,6.240118982241723,220.0,6.2401189822417225
81,81,3,recov,0.0019496235384652606,6.240118982241723,220.0,6.2401189822417225
82,82,4,recov,0.0019496235384652606,6.240118982241723,220.0,6.2401189822417225
83,83,5,recov,0.0019496235384652606,6.240118982241723,220.0,6.2401189822417225
84,84,3,recov,0.0019496235384652606,6.240118982241723,220.0,6.2401189822417225
85,85,4,recov,0.0019496235384652606,6.240118982241723,220.0,6.2401189822417225
86,86,5,recov,0.0019496235384652606,6.240118982241723,220.0,6.2401189822417225
87,87,3,recov,0.0019496235384652606,6.240118982241723,220.0,6.2401189822417225
88,88,4,recov,0.0019496235384652606,6.240118982241723,220.0,6.2401189822417225
89,89,5,recov,0.0019496235384652606,6.240118982241723,220.0,6.2401189822417225
90,90,3,recov,0.0019496235384652606,6.240118982241723,220.0,6.2401189822417225
91,91,4,recov,0.0019496235384652606,6.240118982241723,220.0,6.2401189822417225
92,92,5,recov,0.0019496235384652606,6.240118982241723,220.0,6.2401189822417225
93,93,3,recov,0.0019496235384652606,6.240118982241723,220.0,6.2401189822417225
94,94,4,recov,0.0019496235384652606,6.240118982241723,220.0,6.2401189822417225
95,95,5,recov,0.0019496235384652606,6.240118982241723,220.0,6.2401189822417225
96,96,3,recov,0.0019496235384652606,6.240118982241723,220.0,6.2401189822417225
97,97,4,recov,0.0019496235384652606,6.240118982241723,220.0,6.2401189822417225
98,98,5,recov,0.0019496235384652606,6.240118982241723,220.0,6.2401189822417225
99,99,3,recov,0.0019496235384652606,6.240118982241723,220.0,6.2401189822417225
100,100,4,recov,0.0019496235384652606,6.240118982241723,220.0,6.2401189822417225
101,101,5,recov,0.0019496235384652606,6.240118982241723,220.0,6.2401189822417225
102,102,3,recov,0.0019496235384652606,6.240118982241723,220.0,6.2401189822417225
103,103,4,recov,0.0019496235384652606,6.240118982241723,220.0,6.2401189822417225
104,104,5,recov,0.0019496235384652606,6.240118982241723,220.0,6.2401189822417225
105,105,3,recov,0.0019496235384652606,6.240118982241723,220.0,6.2401189822417225
106,106,4,recov,0.0019496235384652606,6.240118982241723,220.0,6.2401189822417225
107,107,5,recov,0.0019496235384652606,6.240118982241723,220.0,6.2401189822417225
108,108,3,recov,0.0019496235384652606,6.240118982241723,220.0,6.2401189822417225
109,109,4,recov,0.0019496235384652606,6.240118982241723,220.0,6.2401189822417225
110,110,5,recov,0.0019496235384652606,6.240118982241723,220.0,6.2401189822417225
111,111,3,recov,0.0019496235384652606,6.240118982241723,220.0,6.2401189822417225
112,112,4,recov,0.0019496235384652606,6.240118982241723,220.0,6.2401189822417225
113,113,5,recov,0.0019496235384652606,6.240118982241723,220.0,6.2401189822417225
114,114,3,recov,0.0019496235384652606,6.240118982241723,220.0,6.2401189822417225
115,115,4,recov,0.0019496235384652606,6.240118982241723,220.0,6.2401189822417225
116,116,5,recov,0.0019496235384652606,6.240118982241723,220.0,6.2401189822417225
117,117,3,recov,0.0019496235384652606,6.240118982241723,220.0,6.2401189822417225
118,118,4,recov,0.0019496235384652606,6.240118982241723,220.0,6.2401189822417225
119,119,5,recov,0.0019496235384652606,6.240118982241723,220.0,6.2401189822417225
120,120,3,recov,0.0019496235384652606,6.240118982241723,220.0,6.2401189822417225
121,121,4,recov,0.0019496235384652606,6.240118982241723,220.0,6.2401189822417225
122,122,5,recov,0.0019496235384652606,6.240118982241723,220.0,6.2401189822417225
123,123,3,recov,0.0019496235384652606,6.240118982241723,220.0,6.2401189822417225
124,124,4,recov,0.0019496235384652606,6.240118982241723,220.0,6.2401189822417225
125,125,5,recov,0.0019496235384652606,6.240118982241723,220.0,6.2401189822417225
126,126,3,recov,0.0019496235384652606,6.240118982241723,220.0,6.2401189822417225
127,127,4,recov,0.0019496235384652606,6.240118982241723,220.0,6.2401189822417225
128,128,5,recov,0.0019496235384652606,6.240118982241723,220.0,6.2401189822417225
129,129,3,recov,0.0019496235384652606,6.240118982241723,220.0,6.2401189822417225
130,130,4,recov,0.0019496235384652606,6.240118982241723,220.0,6.2401189822417225
131,131,5,recov,0.0019496235384652606,6.240118982241723,220.0,6.2401189822417225
132,132,3,recov,0.0019496235384652606,6.240118982241723,220.0,6.2401189822417225
133,133,4,recov,0.0019496235384652606,6.240118982241723,220.0,6.2401189822417225
134,134,5,recov,0.0019496235384652606,6.240118982241723,220.0,6.2401189822417225
135,135,3,recov,0.0019496235384652606,6.240118982241723,220.0,6.2401189822417225
136,136,4,recov,0.0019496235384652606,6.240118982241723,220.0,6.2401189822417225
137,137,5,recov,0.0019496235384652606,6.240118982241723,220.0,6.2401189822417225
138,138,3,recov,0.0019496235384652606,6.240118982241723,220.0,6.2401189822417225
139,139,4,recov,0.0019496235384652606,6.240118982241723,220.0,6.2401189822417225
140,140,5,recov,0.0019496235384652606,6.240118982241723,220.0,6.2401189822417225
141,141,3,recov,0.0019496235384652606,6.240118982241723,220.0,6.2401189822417225
142,142,4,recov,0.0019496235384652606,6.240118982241723,220.0,6.2401189822417225
143,143,5,recov,0.0019496235384652606,6.240118982241723,220.0,6.2401189822417225
144,144,3,recov,0.0019496235384652606,6.240118982241723,220.0,6.2401189822417225
145,145,4,recov,0.0019496235384652606,6.240118982241723,220.0,6.2401189822417225
146,146,5,recov,0.0019496235384652606,6.240118982241723,220.0,6.2401189822417225
147,147,3,recov,0.0019496235384652606,6.240118982241723,220.0,6.2401189822417225
148,148,4,recov,0.0019496235384652606,6.240118982241723,220.0,6.2401189822417225
149,149,5,recov,0.0019496235384652606,6.240118982241723,220.0,6.2401189822417225
150,150,3,recov,0.0019496235384652606,6.240118982241723,220.0,6.2401189822417225
151,151,4,recov,0.0019496235384652606,6.240118982241723,220.0,6.2401189822417225
152,152,5,recov,0.0019496235384652606,6.240118982241723,220.0,6.2401189822417225
153,153,3,recov,0.0019496235384652606,6.240118982241723,220.0,6.2401189822417225
154,154,4,recov,0.0019496235384652606,6.240118982241723,220.0,6.2401189822417225
155,155,5,recov,0.0019496235384652606,6.240118982241723,220.0,6.2401189822417225
156,156,3,recov,0.0019496235384652606,6.240118982241723,220.0,6.2401189822417225
157,157,4,recov,0.0019496235384652606,6.240118982241723,220.0,6.2401189822417225
158,158,5,recov,0.0019496235384652606,6.240118982241723,220.0,6.2401189822417225
159,159,3,recov,0.0019496235384652606,6.240118982241723,220.0,6.2401189822417225
160,160,4,recov,0.0019496235384652606,6.240118982241723,220.0,6.2401189822417225
161,161,5,recov,0.0019496235384652606,6.240118982241723,220.0,6.2401189822417225
162,162,3,recov,0.0019496235384652606,6.240118982241723,220.0,6.2401189822417225
163,163,4,recov,0.0019496235384652606,6.240118982241723,220.0,6.2401189822417225
164,164,5,recov,0.0019496235384652606,6.240118982241723,220.0,6.2401189822417225
165,165,3,recov,0.0019496235384652606,6.240118982241723,220.0,6.2401189822417225
166,166,4,recov,0.0019496235384652606,6.240118982241723,220.0,6.2401189822417225
167,167,5,recov,0.0019496235384652606,6.240118982241723,220.0,6.2401189822417225
168,168,3,recov,0.0019496235384652606,6.240118982241723,220.0,6.2401189822417225
169,169,4,recov,0.0019496235384652606,6.240118982241723,220.0,6.2401189822417225
170,170,5,recov,0.0019496235384652606,6.240118982241723,220.0,6.2401189822417225
171,171,3,recov,0.0019496235384652606,6.240118982241723,220.0,6.2401189822417225
172,172,4,recov,0.0019496235384652606,6.240118982241723,220.0,6.2401189822417225
173,173,5,recov,0.0019496235384652606,6.240118982241723,220.0,6.2401189822417225
174,174,3,recov,0.0019496235384652606,6.240118982241723,220.0,6.2401189822417225
175,175,4,recov,0.0019496235384652606,6.240118982241723,220.0,6.2401189822417225
176,176,5,recov,0.0019496235384652606,6.240118982241723,220.0,6.2401189822417225
177,177,3,recov,0.0019496235384652606,6.240118982241723,220.0,6.2401189822417225
178,178,4,recov,0.0019496235384652606,6.240118982241723,220.0,6.2401189822417225
179,179,5,recov,0.0019496235384652606,6.240118982241723,220.0,6.2401189822417225
180,180,3,recov,0.0019496235384652606,6.240118982241723,220.0,6.2401189822417225
181,181,4,recov,0.0019496235384652606,6.240118982241723,220.0,6.2401189822417225
182,182,5,recov,0.0019496235384652606,6.240118982241723,220.0,6.2401189822417225
183,183,3,recov,0.0019496235384652606,6.240118982241723,220.0,6.2401189822417225
184,184,4,recov,0.0019496235384652606,6.240118982241723,220.0,6.2401189822417225
185,185,5,recov,0.0019496235384652606,6.240118982241723,220.0,6.2401189822417225
186,186,3,recov,0.0019496235384652606,6.240118982241723,220.0,6.2401189822417225
187,187,4,recov,0.0019496235384652606,6.240118982241723,220.0,6.2401189822417225
188,188,5,recov,0.0019496235384652606,6.240118982241723,220.0,6.2401189822417225
189,189,3,recov,0.0019496235384652606,6.240118982241723,220.0,6.2401189822417225
190,190,4,recov,0.0019496235384652606,6.240118982241723,220.0,6.2401189822417225
191,191,5,recov,0.0019496235384652606,6.240118982241723,220.0,6.2401189822417225
192,192,3,recov,0.0019496235384652606,6.240118982241723,220.0,6.2401189822417225
193,193,4,recov,0.0019496235384652606,6.240118982241723,220.0,6.2401189822417225
194,194,5,recov,0.0019496235384652606,6.240118982241723,220.0,6.2401189822417225
195,195,3,recov,0.0019496235384652606,6.240118982241723,220.0,6.2401189822417225
196,196,4,recov,0.0019496235384652606,6.240118982241723,220.0,6.2401189822417225
197,197,5,recov,0.0019496235384652606,6.240118982241723,220.0,6.2401189822417225
198,198,3,recov,0.0019496235384652606,6.240118982241723,220.0,6.2401189822417225
199,199,4,recov,0.0019496235384652606,6.240118982241723,220.0,6.2401189822417225
200,200,5,recov,0.0019496235384652606,6.240118982241723,220.0,6.2401189822417225
201,201,3,recov,0.0019496235384652606,6.240118982241723,220.0,6.2401189822417225
202,202,4,recov,0.0019496235384652606,6.240118982241723,220.0,6.2401189822417225
203,203,5,recov,0.0019496235384652606,6.240118982241723,220.0,6.2401189822417225
204,204,3,recov,0.0019496235384652606,6.240118982241723,220.0,6.2401189822417225
205,205,4,recov,0.0019496235384652606,6.240118982241723,220.0,6.2401189822417225
206,206,5,recov,0.0019496235384652606,6.240118982241723,220.0,6.2401189822417225
207,207,3,recov,0.0019496235384652606,6.240118982241723,220.0,6.2401189822417225
208,208,4,recov,0.0019496235384652606,6.240118982241723,220.0,6.2401189822417225
209,209,5,recov,0.0019496235384652606,6.240118982241723,220.0,6.2401189822417225
210,210,3,recov,0.0019496235384652606,6.240118982241723,220.0,6.2401189822417225
211,211,4,recov,0.0019496235384652606,6.240118982241723,220.0,6.2401189822417225
212,212,5,recov,0.0019496235384652606,6.240118982241723,220.0,6.2401189822417225
213,213,3,recov,0.0019496235384652606,6.240118982241723,220.0,6.2401189822417225
214,214,4,recov,0.0019496235384652606,6.240118982241723,220.0,6.2401189822417225
215,215,5,recov,0.0019496235384652606,6.240118982241723,220.0,6.2401189822417225
216,216,3,recov,0.0019496235384652606,6.240118982241723,220.0,6.2401189822417225
217,217,4,recov,0.0019496235384652606,6.240118982241723,220.0,6.2401189822417225
218,218,5,recov,0.0019496235384652606,6.240118982241723,220.0,6.2401189822417225
219,219,3,recov,0.0019496235384652606,6.240118982241723,220.0,6.2401189822417225
220,220,4,recov,0.0019496235384652606,6.240118982241723,220.0,6.2401189822417225
221,221,5,recov,0.0019496235384652606,6.240118982241723,220.0,6.2401189822417225
222,222,3,recov,0.0019496235384652606,6.240118982241723,220.0,6.2401189822417225
223,223,4,recov,0.0019496235384652606,6.240118982241723,220.0,6.2401189822417225
224,224,5,recov,0.0019496235384652606,6.240118982241723,220.0,6.2401189822417225
225,225,3,recov,0.0019496235384652606,6.240118982241723,220.0,6.2401189822417225
226,226,4,recov,0.0019496235384652606,6.240118982241723,220.0,6.2401189822417225
227,227,5,recov,0.0019496235384652606,6.240118982241723,220.0,6.2401189822417225
228,228,3,recov,0.0019496235384652606,6.240118982241723,220.0,6.2401189822417225
229,229,4,recov,0.0019496235384652606,6.240118982241723,220.0,6.2401189822417225
230,230,5,recov,0.0019496235384652606,6.240118982241723,220.0,6.2401189822417225
231,231,3,recov,0.0019496235384652606,6.240118982241723,220.0,6.2401189822417225
232,232,4,recov,0.0019496235384652606,6.240118982241723,220.0,6.2401189822417225
233,233,5,recov,0.0019496235384652606,6.240118982241723,220.0,6.2401189822417225
234,234,3,recov,0.0019496235384652606,6.240118982241723,220.0,6.2401189822417225
235,235,4,recov,0.0019496235384652606,6.240118982241723,220.0,6.2401189822417225
236,236,5,recov,0.0019496235384652606,6.240118982241723,220.0,6.2401189822417225
237,237,3,recov,0.0019496235384652606,6.240118982241723,220.0,6.2401189822417225
238,238,4,recov,0.0019496235384652606,6.240118982241723,220.0,6.2401189822417225
239,239,5,recov,0.0019496235384652606,6.240118982241723,220.0,6.2401189822417225
240,240,3,recov,0.0019496235384652606,6.240118982241723,220.0,6.2401189822417225
241,241,4,recov,0.0019496235384652606,6.240118982241723,220.0,6.2401189822417225
242,242,5,recov,0.0019496235384652606,6.240118982241723,220.0,6.2401189822417225
243,243,3,recov,0.0019496235384652606,6.240118982241723,220.0,6.2401189822417225
244,244,4,recov,0.0019496235384652606,6.240118982241723,220.0,6.2401189822417225
245,245,5,recov,0.0019496235384652606,6.240118982241723,220.0,6.2401189822417225
246,246,3,recov,0.0019496235384652606,6.240118982241723,220.0,6.2401189822417225
247,247,4,recov,0.0019496235384652606,6.240118982241723,220.0,6.2401189822417225
248,248,5,recov,0.0019496235384652606,6.240118982241723,220.0,6.2401189822417225
249,249,3,recov,0.0019496235384652606,6.240118982241723,220.0,6.2401189822417225
250,250,4,recov,0.0019496235384652606,6.240118982241723,220.0,6.2401189822417225
251,251,5,recov,0.0019496235384652606,6.240118982241723,220.0,6.2401189822417225
252,252,3,recov,0.0019496235384652606,6.240118982241723,220.0,6.2401189822417225
253,253,4,recov,0.0019496235384652606,6.240118982241723,220.0,6.2401189822417225
254,254,5,recov,0.0019496235384652606,6.240118982241723,220.0,6.2401189822417225
255,255,3,recov,0.0019496235384652606,6.240118982241723,220.0,6.2401189822417225
256,256,4,recov,0.0019496235384652606,6.240118982241723,220.0,6.2401189822417225
257,257,5,recov,0.0019496235384652606,6.240118982241723,220.0,6.2401189822417225
258,258,3,recov,0.0019496235384652606,6.240118982241723,220.0,6.2401189822417225
259,259,4,recov,0.0019496235384652606,6.240118982241723,220.0,6.2401189822417225
260,260,5,recov,0.0019496235384652606,6.240118982241723,220.0,6.2401189822417225
261,261,3,recov,0.0019496235384652606,6.240118982241723,220.0,6.2401189822417225
262,262,4,recov,0.0019496235384652606,6.240118982241723,220.0,6.2401189822417225
263,263,5,recov,0.0019496235384652606,6.240118982241723,220.0,6.2401189822417225
264,264,3,recov,0.0019496235384652606,6.240118982241723,220.0,6.2401189822417225
265,265,4,recov,0.0019496235384652606,6.240118982241723,220.0,6.2401189822417225
266,266,5,recov,0.0019496235384652606,6.240118982241723,220.0,6.2401189822417225
267,267,3,recov,0.0019496235384652606,6.240118982241723,220.0,6.2401189822417225
268,268,4,recov,0.0019496235384652606,6.240118982241723,220.0,6.2401189822417225
269,269,5,recov,0.0019496235384652606,6.240118982241723,220.0,6.2401189822417225
270,270,3,recov,0.0019496235384652606,6.240118982241723,220.0,6.2401189822417225
271,271,4,recov,0.0019496235384652606,6.240118982241723,220.0,6.2401189822417225
272,272,5,recov,0.0019496235384652606,6.240118982241723,220.0,6.2401189822417225
273,273,3,recov,0.0019496235384652606,6.240118982241723,220.0,6.2401189822417225
274,274,4,recov,0.0019496235384652606,6.240118982241723,220.0,6.2401189822417225
275,275,5,recov,0.0019496235384652606,6.240118982241723,220.0,6.2401189822417225
276,276,3,recov,0.0019496235384652606,6.240118982241723,220.0,6.2401189822417225
277,277,4,recov,0.0019496235384652606,6.240118982241723,220.0,6.2401189822417225
278,278,5,recov,0.0019496235384652606,6.240118982241723,220.0,6.2401189822417225
279,279,3,recov,0.0019496235384652606,6.240118982241723,220.0,6.2401189822417225
280,280,4,recov,0.0019496235384652606,6.240118982241723,220.0,6.2401189822417225
281,281,5,recov,0.0019496235384652606,6.240118982241723,220.0,6.2401189822417225
282,282,3,recov,0.0019496235384652606,6.240118982241723,220.0,6.2401189822417225
283,283,4,recov,0.0019496235384652606,6.240118982241723,220.0,6.2401189822417225
284,284,5,recov,0.0019496235384652606,6.240118982241723,220.0,6.2401189822417225
285,285,0,fam_r,0.0019492333015680501,6.240319162404537,220.0,6.2401189822417225
286,286,1,fam_r,0.0019492333015680501,6.240319162404537,220.0,6.2401189822417225
287,287,2,fam_r,0.0019492333015680501,6.240319162404537,220.0,6.2401189822417225
288,288,0,fam_r,0.0019496231482283635,6.240119182401871,220.0,6.2401189822417225
289,289,1,fam_r,0.0019496231482283635,6.240119182401871,220.0,6.2401189822417225
290,290,2,fam_r,0.0019496231482283635,6.240119182401871,220.0,6.2401189822417225
291,291,0,fam_r,0.001949623538075024,6.240118982441883,220.0,6.2401189822417225
292,292,1,fam_r,0.001949623538075024,6.240118982441883,220.0,6.2401189822417225
293,293,2,fam_r,0.001949623538075024,6.240118982441883,220.0,6.2401189822417225
294,294,0,fam_r,0.0019496235384648707,6.240118982241923,220.0,6.2401189822417225
295,295,1,fam_r,0.0019496235384648707,6.240118982241923,220.0,6.2401189822417225
296,296,2,fam_r,0.0019496235384648707,6.240118982241923,220.0,6.2401189822417225
297,297,0,fam_r,0.0019496235384652604,6.240118982241723,220.0,6.2401189822417225
298,298,1,fam_r,0.0019496235384652604,6.240118982241723,220.0,6.2401189822417225
299,299,2,fam_r,0.0019496235384652604,6.240118982241723,220.0,6.2401189822417225
0,0,0,fam,0.001949317738791423,6.240275845170769,293.33333333333337,6.2401189822417225
1,1,1,fam,0.0019492417449612101,6.240314830765597,293.33333333333337,6.2401189822417225
2,2,2,fam,0.0019492341459040744,6.240318729241488,293.33333333333337,6.2401189822417225
3,3,0,fam,0.0019496232326788197,6.240119139085575,293.33333333333337,6.2401189822417225
4,4,1,fam,0.0019496231566734086,6.240119178070242,293.33333333333337,6.2401189822417225
5,5,2,fam,0.0019496231490728681,6.2401191819687085,293.33333333333337,6.2401189822417225
6,6,0,fam,0.0019496235381594742,6.240118982398568,293.33333333333337,6.2401189822417225
7,7,1,fam,0.001949623538083469,6.240118982437552,293.33333333333337,6.2401189822417225
8,8,2,fam,0.0019496235380758685,6.24011898244145,293.33333333333337,6.2401189822417225
9,9,0,fam,0.001949623538464955,6.2401189822418806,293.33333333333337,6.2401189822417225
10,10,1,fam,0.001949623538464879,6.240118982241919,293.33333333333337,6.2401189822417225
11,11,2,fam,0.0019496235384648716,6.240118982241923,293.33333333333337,6.2401189822417225
12,12,0,fam,0.0019496235384652604,6.240118982241723,293.33333333333337,6.2401189822417225
13,13,1,fam,0.0019496235384652604,6.240118982241723,293.33333333333337,6.2401189822417225
14,14,2,fam,0.0019496235384652604,6.240118982241723,293.33333333333337,6.2401189822417225
15,15,0,fam,0.0019496235384652606,6.240118982241723,293.33333333333337,6.2401189822417225
16,16,1,fam,0.0019496235384652606,6.240118982241723,293.33333333333337,6.2401189822417225
17,17,2,fam,0.0019496235384652606,6.240118982241723,293.33333333333337,6.2401189822417225
18,18,0,fam,0.0019496235384652606,6.240118982241723,293.33333333333337,6.2401189822417225
19,19,1,fam,0.0019496235384652606,6.240118982241723,293.33333333333337,6.2401189822417225
20,20,2,fam,0.0019496235384652606,6.240118982241723,293.33333333333337,6.2401189822417225
21,21,0,fam,0.0019496235384652606,6.240118982241723,293.33333333333337,6.2401189822417225
22,22,1,fam,0.0019496235384652606,6.240118982241723,293.33333333333337,6.2401189822417225
23,23,2,fam,0.0019496235384652606,6.240118982241723,293.33333333333337,6.2401189822417225
24,24,0,fam,0.0019496235384652606,6.240118982241723,293.33333333333337,6.2401189822417225
25,25,1,fam,0.0019496235384652606,6.240118982241723,293.33333333333337,6.2401189822417225
26,26,2,fam,0.0019496235384652606,6.240118982241723,293.33333333333337,6.2401189822417225
27,27,0,fam,0.0019496235384652606,6.240118982241723,293.33333333333337,6.2401189822417225
28,28,1,fam,0.0019496235384652606,6.240118982241723,293.33333333333337,6.2401189822417225
29,29,2,fam,0.0019496235384652606,6.240118982241723,293.33333333333337,6.2401189822417225
30,30,0,fam,0.0019496235384652606,6.240118982241723,293.33333333333337,6.2401189822417225
31,31,1,fam,0.0019496235384652606,6.240118982241723,293.33333333333337,6.2401189822417225
32,32,2,fam,0.0019496235384652606,6.240118982241723,293.33333333333337,6.2401189822417225
33,33,0,fam,0.0019496235384652606,6.240118982241723,293.33333333333337,6.2401189822417225
34,34,1,fam,0.0019496235384652606,6.240118982241723,293.33333333333337,6.2401189822417225
35,35,2,fam,0.0019496235384652606,6.240118982241723,293.33333333333337,6.2401189822417225
36,36,0,fam,0.0019496235384652606,6.240118982241723,293.33333333333337,6.2401189822417225
37,37,1,fam,0.0019496235384652606,6.240118982241723,293.33333333333337,6.2401189822417225
38,38,2,fam,0.0019496235384652606,6.240118982241723,293.33333333333337,6.2401189822417225
39,39,0,fam,0.0019496235384652606,6.240118982241723,293.33333333333337,6.2401189822417225
40,40,1,fam,0.0019496235384652606,6.240118982241723,293.33333333333337,6.2401189822417225
41,41,2,fam,0.0019496235384652606,6.240118982241723,293.33333333333337,6.2401189822417225
42,42,0,fam,0.0019496235384652606,6.240118982241723,293.33333333333337,6.2401189822417225
43,43,1,fam,0.0019496235384652606,6.240118982241723,293.33333333333337,6.2401189822417225
44,44,2,fam,0.0019496235384652606,6.240118982241723,293.33333333333337,6.2401189822417225
45,45,0,fam,0.0019496235384652606,6.240118982241723,293.33333333333337,6.2401189822417225
46,46,1,fam,0.0019496235384652606,6.240118982241723,293.33333333333337,6.2401189822417225
47,47,2,fam,0.0019496235384652606,6.240118982241723,293.33333333333337,6.2401189822417225
48,48,0,fam,0.0019496235384652606,6.240118982241723,293.33333333333337,6.2401189822417225
49,49,1,fam,0.0019496235384652606,6.240118982241723,293.33333333333337,6.2401189822417225
50,50,2,fam,0.0019496235384652606,6.240118982241723,293.33333333333337,6.2401189822417225
51,51,0,fam,0.0019496235384652606,6.240118982241723,293.33333333333337,6.2401189822417225
52,52,1,fam,0.0019496235384652606,6.240118982241723,293.33333333333337,6.2401189822417225
53,53,2,fam,0.0019496235384652606,6.240118982241723,293.33333333333337,6.2401189822417225
54,54,0,fam,0.0019496235384652606,6.240118982241723,293.33333333333337,6.2401189822417225
55,55,1,fam,0.0019496235384652606,6.240118982241723,293.33333333333337,6.2401189822417225
56,56,2,fam,0.0019496235384652606,6.240118982241723,293.33333333333337,6.2401189822417225
57,57,0,fam,0.0019496235384652606,6.240118982241723,293.33333333333337,6.2401189822417225
58,58,1,fam,0.0019496235384652606,6.240118982241723,293.33333333333337,6.2401189822417225
59,59,2,fam,0.0019496235384652606,6.240118982241723,293.33333333333337,6.2401189822417225
60,60,0,fam,0.0019496235384652606,6.240118982241723,293.33333333333337,6.2401189822417225
61,61,1,fam,0.0019496235384652606,6.240118982241723,293.33333333333337,6.2401189822417225
62,62,2,fam,0.0019496235384652606,6.240118982241723,293.33333333333337,6.2401189822417225
63,63,0,fam,0.0019496235384652606,6.240118982241723,293.33333333333337,6.2401189822417225
64,64,1,fam,0.0019496235384652606,6.240118982241723,293.33333333333337,6.2401189822417225
65,65,2,fam,0.0019496235384652606,6.240118982241723,293.33333333333337,6.2401189822417225
66,66,3,recov,0.0019492333015680501,6.240319162404537,293.33333333333337,6.2401189822417225
67,67,4,recov,0.0019492333015680501,6.240319162404537,293.33333333333337,6.2401189822417225
68,68,5,recov,0.0019492333015680501,6.240319162404537,293.33333333333337,6.2401189822417225
69,69,3,recov,0.0019496231482283635,6.240119182401871,293.33333333333337,6.2401189822417225
70,70,4,recov,0.0019496231482283635,6.240119182401871,293.33333333333337,6.2401189822417225
71,71,5,recov,0.0019496231482283635,6.240119182401871,293.33333333333337,6.2401189822417225
72,72,3,recov,0.001949623538075024,6.240118982441883,293.33333333333337,6.2401189822417225
73,73,4,recov,0.001949623538075024,6.240118982441883,293.33333333333337,6.2401189822417225
74,74,5,recov,0.001949623538075024,6.240118982441883,293.33333333333337,6.2401189822417225
75,75,3,recov,0.0019496235384648707,6.240118982241923,293.33333333333337,6.2401189822417225
76,76,4,recov,0.0019496235384648707,6.240118982241923,293.33333333333337,6.2401189822417225
77,77,5,recov,0.0019496235384648707,6.240118982241923,293.33333333333337,6.2401189822417225
78,78,3,recov,0.0019496235384652604,6.240118982241723,293.33333333333337,6.2401189822417225
79,79,4,recov,0.0019496235384652604,6.240118982241723,293.33333333333337,6.2401189822417225
80,80,5,recov,0.0019496235384652604,6.240118982241723,293.33333333333337,6.2401189822417225
81,81,3,recov,0.0019496235384652606,6.240118982241723,293.33333333333337,6.2401189822417225
82,82,4,recov,0.0019496235384652606,6.240118982241723,293.33333333333337,6.2401189822417225
83,83,5,recov,0.0019496235384652606,6.240118982241723,293.33333333333337,6.2401189822417225
84,84,3,recov,0.0019496235384652606,6.240118982241723,293.33333333333337,6.2401189822417225
85,85,4,recov,0.0019496235384652606,6.240118982241723,293.33333333333337,6.2401189822417225
86,86,5,recov,0.0019496235384652606,6.240118982241723,293.33333333333337,6.2401189822417225
87,87,3,recov,0.0019496235384652606,6.240118982241723,293.33333333333337,6.2401189822417225
88,88,4,recov,0.0019496235384652606,6.240118982241723,293.33333333333337,6.2401189822417225
89,89,5,recov,0.0019496235384652606,6.240118982241723,293.33333333333337,6.2401189822417225
90,90,3,recov,0.0019496235384652606,6.240118982241723,293.33333333333337,6.2401189822417225
91,91,4,recov,0.0019496235384652606,6.240118982241723,293.33333333333337,6.2401189822417225
92,92,5,recov,0.0019496235384652606,6.240118982241723,293.33333333333337,6.2401189822417225
93,93,3,recov,0.0019496235384652606,6.240118982241723,293.33333333333337,6.2401189822417225
94,94,4,recov,0.0019496235384652606,6.240118982241723,293.33333333333337,6.2401189822417225
95,95,5,recov,0.0019496235384652606,6.240118982241723,293.33333333333337,6.2401189822417225
96,96,3,recov,0.0019496235384652606,6.240118982241723,293.33333333333337,6.2401189822417225
97,97,4,recov,0.0019496235384652606,6.240118982241723,293.33333333333337,6.2401189822417225
98,98,5,recov,0.0019496235384652606,6.240118982241723,293.33333333333337,6.2401189822417225
99,99,3,recov,0.0019496235384652606,6.240118982241723,293.33333333333337,6.2401189822417225
100,100,4,recov,0.0019496235384652606,6.240118982241723,293.33333333333337,6.2401189822417225
101,101,5,recov,0.0019496235384652606,6.240118982241723,293.33333333333337,6.2401189822417225
102,102,3,recov,0.0019496235384652606,6.240118982241723,293.33333333333337,6.2401189822417225
103,103,4,recov,0.0019496235384652606,6.240118982241723,293.33333333333337,6.2401189822417225
104,104,5,recov,0.0019496235384652606,6.240118982241723,293.33333333333337,6.2401189822417225
105,105,3,recov,0.0019496235384652606,6.240118982241723,293.33333333333337,6.2401189822417225
106,106,4,recov,0.0019496235384652606,6.240118982241723,293.33333333333337,6.2401189822417225
107,107,5,recov,0.0019496235384652606,6.240118982241723,293.33333333333337,6.2401189822417225
108,108,3,recov,0.0019496235384652606,6.240118982241723,293.33333333333337,6.2401189822417225
109,109,4,recov,0.0019496235384652606,6.240118982241723,293.33333333333337,6.2401189822417225
110,110,5,recov,0.0019496235384652606,6.240118982241723,293.33333333333337,6.2401189822417225
111,111,3,recov,0.0019496235384652606,6.240118982241723,293.33333333333337,6.2401189822417225
112,112,4,recov,0.0019496235384652606,6.240118982241723,293.33333333333337,6.2401189822417225
113,113,5,recov,0.0019496235384652606,6.240118982241723,293.33333333333337,6.2401189822417225
114,114,3,recov,0.0019496235384652606,6.240118982241723,293.33333333333337,6.2401189822417225
115,115,4,recov,0.0019496235384652606,6.240118982241723,293.33333333333337,6.2401189822417225
116,116,5,recov,0.0019496235384652606,6.240118982241723,293.33333333333337,6.2401189822417225
117,117,3,recov,0.0019496235384652606,6.240118982241723,293.33333333333337,6.2401189822417225
118,118,4,recov,0.0019496235384652606,6.240118982241723,293.33333333333337,6.2401189822417225
119,119,5,recov,0.0019496235384652606,6.240118982241723,293.33333333333337,6.2401189822417225
120,120,3,recov,0.0019496235384652606,6.240118982241723,293.33333333333337,6.2401189822417225
121,121,4,recov,0.0019496235384652606,6.240118982241723,293.33333333333337,6.2401189822417225
122,122,5,recov,0.0019496235384652606,6.240118982241723,293.33333333333337,6.2401189822417225
123,123,3,recov,0.0019496235384652606,6.240118982241723,293.33333333333337,6.2401189822417225
124,124,4,recov,0.0019496235384652606,6.240118982241723,293.33333333333337,6.2401189822417225
125,125,5,recov,0.0019496235384652606,6.240118982241723,293.33333333333337,6.2401189822417225
126,126,3,recov,0.0019496235384652606,6.240118982241723,293.33333333333337,6.2401189822417225
127,127,4,recov,0.0019496235384652606,6.240118982241723,293.33333333333337,6.2401189822417225
128,128,5,recov,0.0019496235384652606,6.240118982241723,293.33333333333337,6.2401189822417225
129,129,3,recov,0.0019496235384652606,6.240118982241723,293.33333333333337,6.2401189822417225
130,130,4,recov,0.0019496235384652606,6.240118982241723,293.33333333333337,6.2401189822417225
131,131,5,recov,0.0019496235384652606,6.240118982241723,293.33333333333337,6.2401189822417225
132,132,3,recov,0.0019496235384652606,6.240118982241723,293.33333333333337,6.2401189822417225
133,133,4,recov,0.0019496235384652606,6.240118982241723,293.33333333333337,6.2401189822417225
134,134,5,recov,0.0019496235384652606,6.240118982241723,293.33333333333337,6.2401189822417225
135,135,3,recov,0.0019496235384652606,6.240118982241723,293.33333333333337,6.2401189822417225
136,136,4,recov,0.0019496235384652606,6.240118982241723,293.33333333333337,6.2401189822417225
137,137,5,recov,0.0019496235384652606,6.240118982241723,293.33333333333337,6.2401189822417225
138,138,3,recov,0.0019496235384652606,6.240118982241723,293.33333333333337,6.2401189822417225
139,139,4,recov,0.0019496235384652606,6.240118982241723,293.33333333333337,6.2401189822417225
140,140,5,recov,0.0019496235384652606,6.240118982241723,293.33333333333337,6.2401189822417225
141,141,3,recov,0.0019496235384652606,6.240118982241723,293.33333333333337,6.2401189822417225
142,142,4,recov,0.0019496235384652606,6.240118982241723,293.33333333333337,6.2401189822417225
143,143,5,recov,0.0019496235384652606,6.240118982241723,293.33333333333337,6.2401189822417225
144,144,3,recov,0.0019496235384652606,6.240118982241723,293.33333333333337,6.2401189822417225
145,145,4,recov,0.0019496235384652606,6.240118982241723,293.33333333333337,6.2401189822417225
146,146,5,recov,0.0019496235384652606,6.240118982241723,293.33333333333337,6.2401189822417225
147,147,3,recov,0.0019496235384652606,6.240118982241723,293.33333333333337,6.2401189822417225
148,148,4,recov,0.0019496235384652606,6.240118982241723,293.33333333333337,6.2401189822417225
149,149,5,recov,0.0019496235384652606,6.240118982241723,293.33333333333337,6.2401189822417225
150,150,3,recov,0.0019496235384652606,6.240118982241723,293.33333333333337,6.2401189822417225
151,151,4,recov,0.0019496235384652606,6.240118982241723,293.33333333333337,6.2401189822417225
152,152,5,recov,0.0019496235384652606,6.240118982241723,293.33333333333337,6.2401189822417225
153,153,3,recov,0.0019496235384652606,6.240118982241723,293.33333333333337,6.2401189822417225
154,154,4,recov,0.0019496235384652606,6.240118982241723,293.33333333333337,6.2401189822417225
155,155,5,recov,0.0019496235384652606,6.240118982241723,293.33333333333337,6.2401189822417225
156,156,3,recov,0.0019496235384652606,6.240118982241723,293.33333333333337,6.2401189822417225
157,157,4,recov,0.0019496235384652606,6.240118982241723,293.33333333333337,6.2401189822417225
158,158,5,recov,0.0019496235384652606,6.240118982241723,293.33333333333337,6.2401189822417225
159,159,3,recov,0.0019496235384652606,6.240118982241723,293.33333333333337,6.2401189822417225
160,160,4,recov,0.0019496235384652606,6.240118982241723,293.33333333333337,6.2401189822417225
161,161,5,recov,0.0019496235384652606,6.240118982241723,293.33333333333337,6.2401189822417225
162,162,3,recov,0.0019496235384652606,6.240118982241723,293.33333333333337,6.2401189822417225
163,163,4,recov,0.0019496235384652606,6.240118982241723,293.33333333333337,6.2401189822417225
164,164,5,recov,0.0019496235384652606,6.240118982241723,293.33333333333337,6.2401189822417225
165,165,3,recov,0.0019496235384652606,6.240118982241723,293.33333333333337,6.2401189822417225
166,166,4,recov,0.0019496235384652606,6.240118982241723,293.33333333333337,6.2401189822417225
167,167,5,recov,0.0019496235384652606,6.240118982241723,293.33333333333337,6.2401189822417225
168,168,3,recov,0.0019496235384652606,6.240118982241723,293.33333333333337,6.2401189822417225
169,169,4,recov,0.0019496235384652606,6.240118982241723,293.33333333333337,6.2401189822417225
170,170,5,recov,0.0019496235384652606,6.240118982241723,293.33333333333337,6.2401189822417225
171,171,3,recov,0.0019496235384652606,6.240118982241723,293.33333333333337,6.2401189822417225
172,172,4,recov,0.0019496235384652606,6.240118982241723,293.33333333333337,6.2401189822417225
173,173,5,recov,0.0019496235384652606,6.240118982241723,293.33333333333337,6.2401189822417225
174,174,3,recov,0.0019496235384652606,6.240118982241723,293.33333333333337,6.2401189822417225
175,175,4,recov,0.0019496235384652606,6.240118982241723,293.33333333333337,6.2401189822417225
176,176,5,recov,0.0019496235384652606,6.240118982241723,293.33333333333337,6.2401189822417225
177,177,3,recov,0.0019496235384652606,6.240118982241723,293.33333333333337,6.2401189822417225
178,178,4,recov,0.0019496235384652606,6.240118982241723,293.33333333333337,6.2401189822417225
179,179,5,recov,0.0019496235384652606,6.240118982241723,293.33333333333337,6.2401189822417225
180,180,3,recov,0.0019496235384652606,6.240118982241723,293.33333333333337,6.2401189822417225
181,181,4,recov,0.0019496235384652606,6.240118982241723,293.33333333333337,6.2401189822417225
182,182,5,recov,0.0019496235384652606,6.240118982241723,293.33333333333337,6.2401189822417225
183,183,3,recov,0.0019496235384652606,6.240118982241723,293.33333333333337,6.2401189822417225
184,184,4,recov,0.0019496235384652606,6.240118982241723,293.33333333333337,6.2401189822417225
185,185,5,recov,0.0019496235384652606,6.240118982241723,293.33333333333337,6.2401189822417225
186,186,3,recov,0.0019496235384652606,6.240118982241723,293.33333333333337,6.2401189822417225
187,187,4,recov,0.0019496235384652606,6.240118982241723,293.33333333333337,6.2401189822417225
188,188,5,recov,0.0019496235384652606,6.240118982241723,293.33333333333337,6.2401189822417225
189,189,3,recov,0.0019496235384652606,6.240118982241723,293.33333333333337,6.2401189822417225
190,190,4,recov,0.0019496235384652606,6.240118982241723,293.33333333333337,6.2401189822417225
191,191,5,recov,0.0019496235384652606,6.240118982241723,293.33333333333337,6.2401189822417225
192,192,3,recov,0.0019496235384652606,6.240118982241723,293.33333333333337,6.2401189822417225
193,193,4,recov,0.0019496235384652606,6.240118982241723,293.33333333333337,6.2401189822417225
194,194,5,recov,0.0019496235384652606,6.240118982241723,293.33333333333337,6.2401189822417225
195,195,3,recov,0.0019496235384652606,6.240118982241723,293.33333333333337,6.2401189822417225
196,196,4,recov,0.0019496235384652606,6.240118982241723,293.33333333333337,6.2401189822417225
197,197,5,recov,0.0019496235384652606,6.240118982241723,293.33333333333337,6.2401189822417225
198,198,3,recov,0.0019496235384652606,6.240118982241723,293.33333333333337,6.2401189822417225
199,199,4,recov,0.0019496235384652606,6.240118982241723,293.33333333333337,6.2401189822417225
200,200,5,recov,0.0019496235384652606,6.240118982241723,293.33333333333337,6.2401189822417225
201,201,3,recov,0.0019496235384652606,6.240118982241723,293.33333333333337,6.2401189822417225
202,202,4,recov,0.0019496235384652606,6.240118982241723,293.33333333333337,6.2401189822417225
203,203,5,recov,0.0019496235384652606,6.240118982241723,293.33333333333337,6.2401189822417225
204,204,3,recov,0.0019496235384652606,6.240118982241723,293.33333333333337,6.2401189822417225
205,205,4,recov,0.0019496235384652606,6.240118982241723,293.33333333333337,6.2401189822417225
206,206,5,recov,0.0019496235384652606,6.240118982241723,293.33333333333337,6.2401189822417225
207,207,3,recov,0.0019496235384652606,6.240118982241723,293.33333333333337,6.2401189822417225
208,208,4,recov,0.0019496235384652606,6.240118982241723,293.33333333333337,6.2401189822417225
209,209,5,recov,0.0019496235384652606,6.240118982241723,293.33333333333337,6.2401189822417225
210,210,3,recov,0.0019496235384652606,6.240118982241723,293.33333333333337,6.2401189822417225
211,211,4,recov,0.0019496235384652606,6.240118982241723,293.33333333333337,6.2401189822417225
212,212,5,recov,0.0019496235384652606,6.240118982241723,293.33333333333337,6.2401189822417225
213,213,3,recov,0.0019496235384652606,6.240118982241723,293.33333333333337,6.2401189822417225
214,214,4,recov,0.0019496235384652606,6.240118982241723,293.33333333333337,6.2401189822417225
215,215,5,recov,0.0019496235384652606,6.240118982241723,293.33333333333337,6.2401189822417225
216,216,3,recov,0.0019496235384652606,6.240118982241723,293.33333333333337,6.2401189822417225
217,217,4,recov,0.0019496235384652606,6.240118982241723,293.33333333333337,6.2401189822417225
218,218,5,recov,0.0019496235384652606,6.240118982241723,293.33333333333337,6.2401189822417225
219,219,3,recov,0.0019496235384652606,6.240118982241723,293.33333333333337,6.2401189822417225
220,220,4,recov,0.0019496235384652606,6.240118982241723,293.33333333333337,6.2401189822417225
221,221,5,recov,0.0019496235384652606,6.240118982241723,293.33333333333337,6.2401189822417225
222,222,3,recov,0.0019496235384652606,6.240118982241723,293.33333333333337,6.2401189822417225
223,223,4,recov,0.0019496235384652606,6.240118982241723,293.33333333333337,6.2401189822417225
224,224,5,recov,0.0019496235384652606,6.240118982241723,293.33333333333337,6.2401189822417225
225,225,3,recov,0.0019496235384652606,6.240118982241723,293.33333333333337,6.2401189822417225
226,226,4,recov,0.0019496235384652606,6.240118982241723,293.33333333333337,6.2401189822417225
227,227,5,recov,0.0019496235384652606,6.240118982241723,293.33333333333337,6.2401189822417225
228,228,3,recov,0.0019496235384652606,6.240118982241723,293.33333333333337,6.2401189822417225
229,229,4,recov,0.0019496235384652606,6.240118982241723,293.33333333333337,6.2401189822417225
230,230,5,recov,0.0019496235384652606,6.240118982241723,293.33333333333337,6.2401189822417225
231,231,3,recov,0.0019496235384652606,6.240118982241723,293.33333333333337,6.2401189822417225
232,232,4,recov,0.0019496235384652606,6.240118982241723,293.33333333333337,6.2401189822417225
233,233,5,recov,0.0019496235384652606,6.240118982241723,293.33333333333337,6.2401189822417225
234,234,3,recov,0.0019496235384652606,6.240118982241723,293.33333333333337,6.2401189822417225
235,235,4,recov,0.0019496235384652606,6.240118982241723,293.33333333333337,6.2401189822417225
236,236,5,recov,0.0019496235384652606,6.240118982241723,293.33333333333337,6.2401189822417225
237,237,3,recov,0.0019496235384652606,6.240118982241723,293.33333333333337,6.2401189822417225
238,238,4,recov,0.0019496235384652606,6.240118982241723,293.33333333333337,6.2401189822417225
239,239,5,recov,0.0019496235384652606,6.240118982241723,293.33333333333337,6.2401189822417225
240,240,3,recov,0.0019496235384652606,6.240118982241723,293.33333333333337,6.2401189822417225
241,241,4,recov,0.0019496235384652606,6.240118982241723,293.33333333333337,6.2401189822417225
242,242,5,recov,0.0019496235384652606,6.240118982241723,293.33333333333337,6.2401189822417225
243,243,3,recov,0.0019496235384652606,6.240118982241723,293.33333333333337,6.2401189822417225
244,244,4,recov,0.0019496235384652606,6.240118982241723,293.33333333333337,6.2401189822417225
245,245,5,recov,0.0019496235384652606,6.240118982241723,293.33333333333337,6.2401189822417225
246,246,3,recov,0.0019496235384652606,6.240118982241723,293.33333333333337,6.2401189822417225
247,247,4,recov,0.0019496235384652606,6.240118982241723,293.33333333333337,6.2401189822417225
248,248,5,recov,0.0019496235384652606,6.240118982241723,293.33333333333337,6.2401189822417225
249,249,3,recov,0.0019496235384652606,6.240118982241723,293.33333333333337,6.2401189822417225
250,250,4,recov,0.0019496235384652606,6.240118982241723,293.33333333333337,6.2401189822417225
251,251,5,recov,0.0019496235384652606,6.240118982241723,293.33333333333337,6.2401189822417225
252,252,3,recov,0.0019496235384652606,6.240118982241723,293.33333333333337,6.2401189822417225
253,253,4,recov,0.0019496235384652606,6.240118982241723,293.33333333333337,6.2401189822417225
254,254,5,recov,0.0019496235384652606,6.240118982241723,293.33333333333337,6.2401189822417225
255,255,3,recov,0.0019496235384652606,6.240118982241723,293.33333333333337,6.2401189822417225
256,256,4,recov,0.0019496235384652606,6.240118982241723,293.33333333333337,6.2401189822417225
257,257,5,recov,0.0019496235384652606,6.240118982241723,293.33333333333337,6.2401189822417225
258,258,3,recov,0.0019496235384652606,6.240118982241723,293.33333333333337,6.2401189822417225
259,259,4,recov,0.0019496235384652606,6.240118982241723,293.33333333333337,6.2401189822417225
260,260,5,recov,0.0019496235384652606,6.240118982241723,293.33333333333337,6.2401189822417225
261,261,3,recov,0.0019496235384652606,6.240118982241723,293.33333333333337,6.2401189822417225
262,262,4,recov,0.0019496235384652606,6.240118982241723,293.33333333333337,6.2401189822417225
263,263,5,recov,0.0019496235384652606,6.240118982241723,293.33333333333337,6.2401189822417225
264,264,3,recov,0.0019496235384652606,6.240118982241723,293.33333333333337,6.2401189822417225
265,265,4,recov,0.0019496235384652606,6.240118982241723,293.33333333333337,6.2401189822417225
266,266,5,recov,0.0019496235384652606,6.240118982241723,293.33333333333337,6.2401189822417225
267,267,3,recov,0.0019496235384652606,6.240118982241723,293.33333333333337,6.2401189822417225
268,268,4,recov,0.0019496235384652606,6.240118982241723,293.33333333333337,6.2401189822417225
269,269,5,recov,0.0019496235384652606,6.240118982241723,293.33333333333337,6.2401189822417225
270,270,3,recov,0.0019496235384652606,6.240118982241723,293.33333333333337,6.2401189822417225
271,271,4,recov,0.0019496235384652606,6.240118982241723,293.33333333333337,6.2401189822417225
272,272,5,recov,0.0019496235384652606,6.240118982241723,293.33333333333337,6.2401189822417225
273,273,3,recov,0.0019496235384652606,6.240118982241723,293.33333333333337,6.2401189822417225
274,274,4,recov,0.0019496235384652606,6.240118982241723,293.33333333333337,6.2401189822417225
275,275,5,recov,0.0019496235384652606,6.240118982241723,293.33333333333337,6.2401189822417225
276,276,3,recov,0.0019496235384652606,6.240118982241723,293.33333333333337,6.2401189822417225
277,277,4,recov,0.0019496235384652606,6.240118982241723,293.33333333333337,6.2401189822417225
278,278,5,recov,0.0019496235384652606,6.240118982241723,293.33333333333337,6.2401189822417225
279,279,3,recov,0.0019496235384652606,6.240118982241723,293.33333333333337,6.2401189822417225
280,280,4,recov,0.0019496235384652606,6.240118982241723,293.33333333333337,6.2401189822417225
281,281,5,recov,0.0019496235384652606,6.240118982241723,293.33333333333337,6.2401189822417225
282,282,3,recov,0.0019496235384652606,6.240118982241723,293.33333333333337,6.2401189822417225
283,283,4,recov,0.0019496235384652606,6.240118982241723,293.33333333333337,6.2401189822417225
284,284,5,recov,0.0019496235384652606,6.240118982241723,293.33333333333337,6.2401189822417225
285,285,3,recov,0.0019496235384652606,6.240118982241723,293.33333333333337,6.2401189822417225
286,286,4,recov,0.0019496235384652606,6.240118982241723,293.33333333333337,6.2401189822417225
287,287,5,recov,0.0019496235384652606,6.240118982241723,293.33333333333337,6.2401189822417225
288,288,3,recov,0.0019496235384652606,6.240118982241723,293.33333333333337,6.2401189822417225
289,289,4,recov,0.0019496235384652606,6.240118982241723,293.33333333333337,6.2401189822417225
290,290,5,recov,0.0019496235384652606,6.240118982241723,293.33333333333337,6.2401189822417225
291,291,3,recov,0.0019496235384652606,6.240118982241723,293.33333333333337,6.2401189822417225
292,292,4,recov,0.0019496235384652606,6.240118982241723,293.33333333333337,6.2401189822417225
293,293,5,recov,0.0019496235384652606,6.240118982241723,293.33333333333337,6.2401189822417225
294,294,3,recov,0.0019496235384652606,6.240118982241723,293.33333333333337,6.2401189822417225
295,295,4,recov,0.0019496235384652606,6.240118982241723,293.33333333333337,6.2401189822417225
296,296,5,recov,0.0019496235384652606,6.240118982241723,293.33333333333337,6.2401189822417225
297,297,3,recov,0.0019496235384652606,6.240118982241723,293.33333333333337,6.2401189822417225
298,298,4,recov,0.0019496235384652606,6.240118982241723,293.33333333333337,6.2401189822417225
299,299,5,recov,0.0019496235384652606,6.240118982241723,293.33333333333337,6.2401189822417225
300,300,3,recov,0.0019496235384652606,6.240118982241723,293.33333333333337,6.2401189822417225
301,301,4,recov,0.0019496235384652606,6.240118982241723,293.33333333333337,6.2401189822417225
302,302,5,recov,0.0019496235384652606,6.240118982241723,293.33333333333337,6.2401189822417225
303,303,3,recov,0.0019496235384652606,6.240118982241723,293.33333333333337,6.2401189822417225
304,304,4,recov,0.0019496235384652606,6.240118982241723,293.33333333333337,6.2401189822417225
305,305,5,recov,0.0019496235384652606,6.240118982241723,293.33333333333337,6.2401189822417225
306,306,3,recov,0.0019496235384652606,6.240118982241723,293.33333333333337,6.2401189822417225
307,307,4,recov,0.0019496235384652606,6.240118982241723,293.33333333333337,6.2401189822417225
308,308,5,recov,0.0019496235384652606,6.240118982241723,293.33333333333337,6.2401189822417225
309,309,3,recov,0.0019496235384652606,6.240118982241723,293.33333333333337,6.2401189822417225
310,310,4,recov,0.0019496235384652606,6.240118982241723,293.33333333333337,6.2401189822417225
311,311,5,recov,0.0019496235384652606,6.240118982241723,293.33333333333337,6.2401189822417225
312,312,3,recov,0.0019496235384652606,6.240118982241723,293.33333333333337,6.2401189822417225
313,313,4,recov,0.0019496235384652606,6.240118982241723,293.33333333333337,6.2401189822417225
314,314,5,recov,0.0019496235384652606,6.240118982241723,293.33333333333337,6.2401189822417225
315,315,3,recov,0.0019496235384652606,6.240118982241723,293.33333333333337,6.2401189822417225
316,316,4,recov,0.0019496235384652606,6.240118982241723,293.33333333333337,6.2401189822417225
317,317,5,recov,0.0019496235384652606,6.240118982241723,293.33333333333337,6.2401189822417225
318,318,3,recov,0.0019496235384652606,6.240118982241723,293.33333333333337,6.2401189822417225
319,319,4,recov,0.0019496235384652606,6.240118982241723,293.33333333333337,6.2401189822417225
320,320,5,recov,0.0019496235384652606,6.240118982241723,293.33333333333337,6.2401189822417225
321,321,3,recov,0.0019496235384652606,6.240118982241723,293.33333333333337,6.2401189822417225
322,322,4,recov,0.0019496235384652606,6.240118982241723,293.33333333333337,6.2401189822417225
323,323,5,recov,0.0019496235384652606,6.240118982241723,293.33333333333337,6.2401189822417225
324,324,3,recov,0.0019496235384652606,6.240118982241723,293.33333333333337,6.2401189822417225
325,325,4,recov,0.0019496235384652606,6.240118982241723,293.33333333333337,6.2401189822417225
326,326,5,recov,0.0019496235384652606,6.240118982241723,293.33333333333337,6.2401189822417225
327,327,3,recov,0.0019496235384652606,6.240118982241723,293.33333333333337,6.2401189822417225
328,328,4,recov,0.0019496235384652606,6.240118982241723,293.33333333333337,6.2401189822417225
329,329,5,recov,0.0019496235384652606,6.240118982241723,293.33333333333337,6.2401189822417225
330,330,3,recov,0.0019496235384652606,6.240118982241723,293.33333333333337,6.2401189822417225
331,331,4,recov,0.0019496235384652606,6.240118982241723,293.33333333333337,6.2401189822417225
332,332,5,recov,0.0019496235384652606,6.240118982241723,293.33333333333337,6.2401189822417225
333,333,3,recov,0.0019496235384652606,6.240118982241723,293.33333333333337,6.2401189822417225
334,334,4,recov,0.0019496235384652606,6.240118982241723,293.33333333333337,6.2401189822417225
335,335,5,recov,0.0019496235384652606,6.240118982241723,293.33333333333337,6.2401189822417225
336,336,3,recov,0.0019496235384652606,6.240118982241723,293.33333333333337,6.2401189822417225
337,337,4,recov,0.0019496235384652606,6.240118982241723,293.33333333333337,6.2401189822417225
338,338,5,recov,0.0019496235384652606,6.240118982241723,293.33333333333337,6.2401189822417225
339,339,3,recov,0.0019496235384652606,6.240118982241723,293.33333333333337,6.2401189822417225
340,340,4,recov,0.0019496235384652606,6.240118982241723,293.33333333333337,6.2401189822417225
341,341,5,recov,0.0019496235384652606,6.240118982241723,293.33333333333337,6.2401189822417225
342,342,3,recov,0.0019496235384652606,6.240118982241723,293.33333333333337,6.2401189822417225
343,343,4,recov,0.0019496235384652606,6.240118982241723,293.33333333333337,6.2401189822417225
344,344,5,recov,0.0019496235384652606,6.240118982241723,293.33333333333337,6.2401189822417225
345,345,3,recov,0.0019496235384652606,6.240118982241723,293.33333333333337,6.2401189822417225
346,346,4,recov,0.0019496235384652606,6.240118982241723,293.33333333333337,6.2401189822417225
347,347,5,recov,0.0019496235384652606,6.240118982241723,293.33333333333337,6.2401189822417225
348,348,3,recov,0.0019496235384652606,6.240118982241723,293.33333333333337,6.2401189822417225
349,349,4,recov,0.0019496235384652606,6.240118982241723,293.33333333333337,6.2401189822417225
350,350,5,recov,0.0019496235384652606,6.240118982241723,293.33333333333337,6.2401189822417225
351,351,3,recov,0.0019496235384652606,6.240118982241723,293.33333333333337,6.2401189822417225
352,352,4,recov,0.0019496235384652606,6.240118982241723,293.33333333333337,6.2401189822417225
353,353,5,recov,0.0019496235384652606,6.240118982241723,293.33333333333337,6.2401189822417225
354,354,3,recov,0.0019496235384652606,6.240118982241723,293.33333333333337,6.2401189822417225
355,355,4,recov,0.0019496235384652606,6.240118982241723,293.33333333333337,6.2401189822417225
356,356,5,recov,0.0019496235384652606,6.240118982241723,293.33333333333337,6.2401189822417225
357,357,3,recov,0.0019496235384652606,6.240118982241723,293.33333333333337,6.2401189822417225
358,358,4,recov,0.0019496235384652606,6.240118982241723,293.33333333333337,6.2401189822417225
359,359,5,recov,0.0019496235384652606,6.240118982241723,293.33333333333337,6.2401189822417225
360,360,0,fam_r,0.0019492333015680501,6.240319162404537,293.33333333333337,6.2401189822417225
361,361,1,fam_r,0.0019492333015680501,6.240319162404537,293.33333333333337,6.2401189822417225
362,362,2,fam_r,0.0019492333015680501,6.240319162404537,293.33333333333337,6.2401189822417225
363,363,0,fam_r,0.0019496231482283635,6.240119182401871,293.33333333333337,6.2401189822417225
364,364,1,fam_r,0.0019496231482283635,6.240119182401871,293.33333333333337,6.2401189822417225
365,365,2,fam_r,0.0019496231482283635,6.240119182401871,293.33333333333337,6.2401189822417225
366,366,0,fam_r,0.001949623538075024,6.240118982441883,293.33333333333337,6.2401189822417225
367,367,1,fam_r,0.001949623538075024,6.240118982441883,293.33333333333337,6.2401189822417225
368,368,2,fam_r,0.001949623538075024,6.240118982441883,293.33333333333337,6.2401189822417225
369,369,0,fam_r,0.0019496235384648707,6.240118982241923,293.33333333333337,6.2401189822417225
370,370,1,fam_r,0.0019496235384648707,6.240118982241923,293.33333333333337,6.2401189822417225
371,371,2,fam_r,0.0019496235384648707,6.240118982241923,293.33333333333337,6.2401189822417225
372,372,0,fam_r,0.0019496235384652604,6.240118982241723,293.33333333333337,6.2401189822417225
373,373,1,fam_r,0.0019496235384652604,6.240118982241723,293.33333333333337,6.2401189822417225
374,374,2,fam_r,0.0019496235384652604,6.240118982241723,293.33333333333337,6.2401189822417225
0,0,0,fam,0.001949317738791423,6.240275845170769,366.6666666666667,6.2401189822417225
1,1,1,fam,0.0019492417449612101,6.240314830765597,366.6666666666667,6.2401189822417225
2,2,2,fam,0.0019492341459040744,6.240318729241488,366.6666666666667,6.2401189822417225
3,3,0,fam,0.0019496232326788197,6.240119139085575,366.6666666666667,6.2401189822417225
4,4,1,fam,0.0019496231566734086,6.240119178070242,366.6666666666667,6.2401189822417225
5,5,2,fam,0.0019496231490728681,6.2401191819687085,366.6666666666667,6.2401189822417225
6,6,0,fam,0.0019496235381594742,6.240118982398568,366.6666666666667,6.2401189822417225
7,7,1,fam,0.001949623538083469,6.240118982437552,366.6666666666667,6.2401189822417225
8,8,2,fam,0.0019496235380758685,6.24011898244145,366.6666666666667,6.2401189822417225
9,9,0,fam,0.001949623538464955,6.2401189822418806,366.6666666666667,6.2401189822417225
10,10,1,fam,0.001949623538464879,6.240118982241919,366.6666666666667,6.2401189822417225
11,11,2,fam,0.0019496235384648716,6.240118982241923,366.6666666666667,6.2401189822417225
12,12,0,fam,0.0019496235384652604,6.240118982241723,366.6666666666667,6.2401189822417225
13,13,1,fam,0.0019496235384652604,6.240118982241723,366.6666666666667,6.2401189822417225
14,14,2,fam,0.0019496235384652604,6.240118982241723,366.6666666666667,6.2401189822417225
15,15,0,fam,0.0019496235384652606,6.240118982241723,366.6666666666667,6.2401189822417225
16,16,1,fam,0.0019496235384652606,6.240118982241723,366.6666666666667,6.2401189822417225
17,17,2,fam,0.0019496235384652606,6.240118982241723,366.6666666666667,6.2401189822417225
18,18,0,fam,0.0019496235384652606,6.240118982241723,366.6666666666667,6.2401189822417225
19,19,1,fam,0.0019496235384652606,6.240118982241723,366.6666666666667,6.2401189822417225
20,20,2,fam,0.0019496235384652606,6.240118982241723,366.6666666666667,6.2401189822417225
21,21,0,fam,0.0019496235384652606,6.240118982241723,366.6666666666667,6.2401189822417225
22,22,1,fam,0.0019496235384652606,6.240118982241723,366.6666666666667,6.2401189822417225
23,23,2,fam,0.0019496235384652606,6.240118982241723,366.6666666666667,6.2401189822417225
24,24,0,fam,0.0019496235384652606,6.240118982241723,366.6666666666667,6.2401189822417225
25,25,1,fam,0.0019496235384652606,6.240118982241723,366.6666666666667,6.2401189822417225
26,26,2,fam,0.0019496235384652606,6.240118982241723,366.6666666666667,6.2401189822417225
27,27,0,fam,0.0019496235384652606,6.240118982241723,366.6666666666667,6.2401189822417225
28,28,1,fam,0.0019496235384652606,6.240118982241723,366.6666666666667,6.2401189822417225
29,29,2,fam,0.0019496235384652606,6.240118982241723,366.6666666666667,6.2401189822417225
30,30,0,fam,0.0019496235384652606,6.240118982241723,366.6666666666667,6.2401189822417225
31,31,1,fam,0.0019496235384652606,6.240118982241723,366.6666666666667,6.2401189822417225
32,32,2,fam,0.0019496235384652606,6.240118982241723,366.6666666666667,6.2401189822417225
33,33,0,fam,0.0019496235384652606,6.240118982241723,366.6666666666667,6.2401189822417225
34,34,1,fam,0.0019496235384652606,6.240118982241723,366.6666666666667,6.2401189822417225
35,35,2,fam,0.0019496235384652606,6.240118982241723,366.6666666666667,6.2401189822417225
36,36,0,fam,0.0019496235384652606,6.240118982241723,366.6666666666667,6.2401189822417225
37,37,1,fam,0.0019496235384652606,6.240118982241723,366.6666666666667,6.2401189822417225
38,38,2,fam,0.0019496235384652606,6.240118982241723,366.6666666666667,6.2401189822417225
39,39,0,fam,0.0019496235384652606,6.240118982241723,366.6666666666667,6.2401189822417225
40,40,1,fam,0.0019496235384652606,6.240118982241723,366.6666666666667,6.2401189822417225
41,41,2,fam,0.0019496235384652606,6.240118982241723,366.6666666666667,6.2401189822417225
42,42,0,fam,0.0019496235384652606,6.240118982241723,366.6666666666667,6.2401189822417225
43,43,1,fam,0.0019496235384652606,6.240118982241723,366.6666666666667,6.2401189822417225
44,44,2,fam,0.0019496235384652606,6.240118982241723,366.6666666666667,6.2401189822417225
45,45,0,fam,0.0019496235384652606,6.240118982241723,366.6666666666667,6.2401189822417225
46,46,1,fam,0.0019496235384652606,6.240118982241723,366.6666666666667,6.2401189822417225
47,47,2,fam,0.0019496235384652606,6.240118982241723,366.6666666666667,6.2401189822417225
48,48,0,fam,0.0019496235384652606,6.240118982241723,366.6666666666667,6.2401189822417225
49,49,1,fam,0.0019496235384652606,6.240118982241723,366.6666666666667,6.2401189822417225
50,50,2,fam,0.0019496235384652606,6.240118982241723,366.6666666666667,6.2401189822417225
51,51,0,fam,0.0019496235384652606,6.240118982241723,366.6666666666667,6.2401189822417225
52,52,1,fam,0.0019496235384652606,6.240118982241723,366.6666666666667,6.2401189822417225
53,53,2,fam,0.0019496235384652606,6.240118982241723,366.6666666666667,6.2401189822417225
54,54,0,fam,0.0019496235384652606,6.240118982241723,366.6666666666667,6.2401189822417225
55,55,1,fam,0.0019496235384652606,6.240118982241723,366.6666666666667,6.2401189822417225
56,56,2,fam,0.0019496235384652606,6.240118982241723,366.6666666666667,6.2401189822417225
57,57,0,fam,0.0019496235384652606,6.240118982241723,366.6666666666667,6.2401189822417225
58,58,1,fam,0.0019496235384652606,6.240118982241723,366.6666666666667,6.2401189822417225
59,59,2,fam,0.0019496235384652606,6.240118982241723,366.6666666666667,6.2401189822417225
60,60,0,fam,0.0019496235384652606,6.240118982241723,366.6666666666667,6.2401189822417225
61,61,1,fam,0.0019496235384652606,6.240118982241723,366.6666666666667,6.2401189822417225
62,62,2,fam,0.0019496235384652606,6.240118982241723,366.6666666666667,6.2401189822417225
63,63,0,fam,0.0019496235384652606,6.240118982241723,366.6666666666667,6.2401189822417225
64,64,1,fam,0.0019496235384652606,6.240118982241723,366.6666666666667,6.2401189822417225
65,65,2,fam,0.0019496235384652606,6.240118982241723,366.6666666666667,6.2401189822417225
66,66,3,recov,0.0019492333015680501,6.240319162404537,366.6666666666667,6.2401189822417225
67,67,4,recov,0.0019492333015680501,6.240319162404537,366.6666666666667,6.2401189822417225
68,68,5,recov,0.0019492333015680501,6.240319162404537,366.6666666666667,6.2401189822417225
69,69,3,recov,0.0019496231482283635,6.240119182401871,366.6666666666667,6.2401189822417225
70,70,4,recov,0.0019496231482283635,6.240119182401871,366.6666666666667,6.2401189822417225
71,71,5,recov,0.0019496231482283635,6.240119182401871,366.6666666666667,6.2401189822417225
72,72,3,recov,0.001949623538075024,6.240118982441883,366.6666666666667,6.2401189822417225
73,73,4,recov,0.001949623538075024,6.240118982441883,366.6666666666667,6.2401189822417225
74,74,5,recov,0.001949623538075024,6.240118982441883,366.6666666666667,6.2401189822417225
75,75,3,recov,0.0019496235384648707,6.240118982241923,366.6666666666667,6.2401189822417225
76,76,4,recov,0.0019496235384648707,6.240118982241923,366.6666666666667,6.2401189822417225
77,77,5,recov,0.0019496235384648707,6.240118982241923,366.6666666666667,6.2401189822417225
78,78,3,recov,0.0019496235384652604,6.240118982241723,366.6666666666667,6.2401189822417225
79,79,4,recov,0.0019496235384652604,6.240118982241723,366.6666666666667,6.2401189822417225
80,80,5,recov,0.0019496235384652604,6.240118982241723,366.6666666666667,6.2401189822417225
81,81,3,recov,0.0019496235384652606,6.240118982241723,366.6666666666667,6.2401189822417225
82,82,4,recov,0.0019496235384652606,6.240118982241723,366.6666666666667,6.2401189822417225
83,83,5,recov,0.0019496235384652606,6.240118982241723,366.6666666666667,6.2401189822417225
84,84,3,recov,0.0019496235384652606,6.240118982241723,366.6666666666667,6.2401189822417225
85,85,4,recov,0.0019496235384652606,6.240118982241723,366.6666666666667,6.2401189822417225
86,86,5,recov,0.0019496235384652606,6.240118982241723,366.6666666666667,6.2401189822417225
87,87,3,recov,0.0019496235384652606,6.240118982241723,366.6666666666667,6.2401189822417225
88,88,4,recov,0.0019496235384652606,6.240118982241723,366.6666666666667,6.2401189822417225
89,89,5,recov,0.0019496235384652606,6.240118982241723,366.6666666666667,6.2401189822417225
90,90,3,recov,0.0019496235384652606,6.240118982241723,366.6666666666667,6.2401189822417225
91,91,4,recov,0.0019496235384652606,6.240118982241723,366.6666666666667,6.2401189822417225
92,92,5,recov,0.0019496235384652606,6.240118982241723,366.6666666666667,6.2401189822417225
93,93,3,recov,0.0019496235384652606,6.240118982241723,366.6666666666667,6.2401189822417225
94,94,4,recov,0.0019496235384652606,6.240118982241723,366.6666666666667,6.2401189822417225
95,95,5,recov,0.0019496235384652606,6.240118982241723,366.6666666666667,6.2401189822417225
96,96,3,recov,0.0019496235384652606,6.240118982241723,366.6666666666667,6.2401189822417225
97,97,4,recov,0.0019496235384652606,6.240118982241723,366.6666666666667,6.2401189822417225
98,98,5,recov,0.0019496235384652606,6.240118982241723,366.6666666666667,6.2401189822417225
99,99,3,recov,0.0019496235384652606,6.240118982241723,366.6666666666667,6.2401189822417225
100,100,4,recov,0.0019496235384652606,6.240118982241723,366.6666666666667,6.2401189822417225
101,101,5,recov,0.0019496235384652606,6.240118982241723,366.6666666666667,6.2401189822417225
102,102,3,recov,0.0019496235384652606,6.240118982241723,366.6666666666667,6.2401189822417225
103,103,4,recov,0.0019496235384652606,6.240118982241723,366.6666666666667,6.2401189822417225
104,104,5,recov,0.0019496235384652606,6.240118982241723,366.6666666666667,6.2401189822417225
105,105,3,recov,0.0019496235384652606,6.240118982241723,366.6666666666667,6.2401189822417225
106,106,4,recov,0.0019496235384652606,6.240118982241723,366.6666666666667,6.2401189822417225
107,107,5,recov,0.0019496235384652606,6.240118982241723,366.6666666666667,6.2401189822417225
108,108,3,recov,0.0019496235384652606,6.240118982241723,366.6666666666667,6.2401189822417225
109,109,4,recov,0.0019496235384652606,6.240118982241723,366.6666666666667,6.2401189822417225
110,110,5,recov,0.0019496235384652606,6.240118982241723,366.6666666666667,6.2401189822417225
111,111,3,recov,0.0019496235384652606,6.240118982241723,366.6666666666667,6.2401189822417225
112,112,4,recov,0.0019496235384652606,6.240118982241723,366.6666666666667,6.2401189822417225
113,113,5,recov,0.0019496235384652606,6.240118982241723,366.6666666666667,6.2401189822417225
114,114,3,recov,0.0019496235384652606,6.240118982241723,366.6666666666667,6.2401189822417225
115,115,4,recov,0.0019496235384652606,6.240118982241723,366.6666666666667,6.2401189822417225
116,116,5,recov,0.0019496235384652606,6.240118982241723,366.6666666666667,6.2401189822417225
117,117,3,recov,0.0019496235384652606,6.240118982241723,366.6666666666667,6.2401189822417225
118,118,4,recov,0.0019496235384652606,6.240118982241723,366.6666666666667,6.2401189822417225
119,119,5,recov,0.0019496235384652606,6.240118982241723,366.6666666666667,6.2401189822417225
120,120,3,recov,0.0019496235384652606,6.240118982241723,366.6666666666667,6.2401189822417225
121,121,4,recov,0.0019496235384652606,6.240118982241723,366.6666666666667,6.2401189822417225
122,122,5,recov,0.0019496235384652606,6.240118982241723,366.6666666666667,6.2401189822417225
123,123,3,recov,0.0019496235384652606,6.240118982241723,366.6666666666667,6.2401189822417225
124,124,4,recov,0.0019496235384652606,6.240118982241723,366.6666666666667,6.2401189822417225
125,125,5,recov,0.0019496235384652606,6.240118982241723,366.6666666666667,6.2401189822417225
126,126,3,recov,0.0019496235384652606,6.240118982241723,366.6666666666667,6.2401189822417225
127,127,4,recov,0.0019496235384652606,6.240118982241723,366.6666666666667,6.2401189822417225
128,128,5,recov,0.0019496235384652606,6.240118982241723,366.6666666666667,6.2401189822417225
129,129,3,recov,0.0019496235384652606,6.240118982241723,366.6666666666667,6.2401189822417225
130,130,4,recov,0.0019496235384652606,6.240118982241723,366.6666666666667,6.2401189822417225
131,131,5,recov,0.0019496235384652606,6.240118982241723,366.6666666666667,6.2401189822417225
132,132,3,recov,0.0019496235384652606,6.240118982241723,366.6666666666667,6.2401189822417225
133,133,4,recov,0.0019496235384652606,6.240118982241723,366.6666666666667,6.2401189822417225
134,134,5,recov,0.0019496235384652606,6.240118982241723,366.6666666666667,6.2401189822417225
135,135,3,recov,0.0019496235384652606,6.240118982241723,366.6666666666667,6.2401189822417225
136,136,4,recov,0.0019496235384652606,6.240118982241723,366.6666666666667,6.2401189822417225
137,137,5,recov,0.0019496235384652606,6.240118982241723,366.6666666666667,6.2401189822417225
138,138,3,recov,0.0019496235384652606,6.240118982241723,366.6666666666667,6.2401189822417225
139,139,4,recov,0.0019496235384652606,6.240118982241723,366.6666666666667,6.2401189822417225
140,140,5,recov,0.0019496235384652606,6.240118982241723,366.6666666666667,6.2401189822417225
141,141,3,recov,0.0019496235384652606,6.240118982241723,366.6666666666667,6.2401189822417225
142,142,4,recov,0.0019496235384652606,6.240118982241723,366.6666666666667,6.2401189822417225
143,143,5,recov,0.0019496235384652606,6.240118982241723,366.6666666666667,6.2401189822417225
144,144,3,recov,0.0019496235384652606,6.240118982241723,366.6666666666667,6.2401189822417225
145,145,4,recov,0.0019496235384652606,6.240118982241723,366.6666666666667,6.2401189822417225
146,146,5,recov,0.0019496235384652606,6.240118982241723,366.6666666666667,6.2401189822417225
147,147,3,recov,0.0019496235384652606,6.240118982241723,366.6666666666667,6.2401189822417225
148,148,4,recov,0.0019496235384652606,6.240118982241723,366.6666666666667,6.2401189822417225
149,149,5,recov,0.0019496235384652606,6.240118982241723,366.6666666666667,6.2401189822417225
150,150,3,recov,0.0019496235384652606,6.240118982241723,366.6666666666667,6.2401189822417225
151,151,4,recov,0.0019496235384652606,6.240118982241723,366.6666666666667,6.2401189822417225
152,152,5,recov,0.0019496235384652606,6.240118982241723,366.6666666666667,6.2401189822417225
153,153,3,recov,0.0019496235384652606,6.240118982241723,366.6666666666667,6.2401189822417225
154,154,4,recov,0.0019496235384652606,6.240118982241723,366.6666666666667,6.2401189822417225
155,155,5,recov,0.0019496235384652606,6.240118982241723,366.6666666666667,6.2401189822417225
156,156,3,recov,0.0019496235384652606,6.240118982241723,366.6666666666667,6.2401189822417225
157,157,4,recov,0.0019496235384652606,6.240118982241723,366.6666666666667,6.2401189822417225
158,158,5,recov,0.0019496235384652606,6.240118982241723,366.6666666666667,6.2401189822417225
159,159,3,recov,0.0019496235384652606,6.240118982241723,366.6666666666667,6.2401189822417225
160,160,4,recov,0.0019496235384652606,6.240118982241723,366.6666666666667,6.2401189822417225
161,161,5,recov,0.0019496235384652606,6.240118982241723,366.6666666666667,6.2401189822417225
162,162,3,recov,0.0019496235384652606,6.240118982241723,366.6666666666667,6.2401189822417225
163,163,4,recov,0.0019496235384652606,6.240118982241723,366.6666666666667,6.2401189822417225
164,164,5,recov,0.0019496235384652606,6.240118982241723,366.6666666666667,6.2401189822417225
165,165,3,recov,0.0019496235384652606,6.240118982241723,366.6666666666667,6.2401189822417225
166,166,4,recov,0.0019496235384652606,6.240118982241723,366.6666666666667,6.2401189822417225
167,167,5,recov,0.0019496235384652606,6.240118982241723,366.6666666666667,6.2401189822417225
168,168,3,recov,0.0019496235384652606,6.240118982241723,366.6666666666667,6.2401189822417225
169,169,4,recov,0.0019496235384652606,6.240118982241723,366.6666666666667,6.2401189822417225
170,170,5,recov,0.0019496235384652606,6.240118982241723,366.6666666666667,6.2401189822417225
171,171,3,recov,0.0019496235384652606,6.240118982241723,366.6666666666667,6.2401189822417225
172,172,4,recov,0.0019496235384652606,6.240118982241723,366.6666666666667,6.2401189822417225
173,173,5,recov,0.0019496235384652606,6.240118982241723,366.6666666666667,6.2401189822417225
174,174,3,recov,0.0019496235384652606,6.240118982241723,366.6666666666667,6.2401189822417225
175,175,4,recov,0.0019496235384652606,6.240118982241723,366.6666666666667,6.2401189822417225
176,176,5,recov,0.0019496235384652606,6.240118982241723,366.6666666666667,6.2401189822417225
177,177,3,recov,0.0019496235384652606,6.240118982241723,366.6666666666667,6.2401189822417225
178,178,4,recov,0.0019496235384652606,6.240118982241723,366.6666666666667,6.2401189822417225
179,179,5,recov,0.0019496235384652606,6.240118982241723,366.6666666666667,6.2401189822417225
180,180,3,recov,0.0019496235384652606,6.240118982241723,366.6666666666667,6.2401189822417225
181,181,4,recov,0.0019496235384652606,6.240118982241723,366.6666666666667,6.2401189822417225
182,182,5,recov,0.0019496235384652606,6.240118982241723,366.6666666666667,6.2401189822417225
183,183,3,recov,0.0019496235384652606,6.240118982241723,366.6666666666667,6.2401189822417225
184,184,4,recov,0.0019496235384652606,6.240118982241723,366.6666666666667,6.2401189822417225
185,185,5,recov,0.0019496235384652606,6.240118982241723,366.6666666666667,6.2401189822417225
186,186,3,recov,0.0019496235384652606,6.240118982241723,366.6666666666667,6.2401189822417225
187,187,4,recov,0.0019496235384652606,6.240118982241723,366.6666666666667,6.2401189822417225
188,188,5,recov,0.0019496235384652606,6.240118982241723,366.6666666666667,6.2401189822417225
189,189,3,recov,0.0019496235384652606,6.240118982241723,366.6666666666667,6.2401189822417225
190,190,4,recov,0.0019496235384652606,6.240118982241723,366.6666666666667,6.2401189822417225
191,191,5,recov,0.0019496235384652606,6.240118982241723,366.6666666666667,6.2401189822417225
192,192,3,recov,0.0019496235384652606,6.240118982241723,366.6666666666667,6.2401189822417225
193,193,4,recov,0.0019496235384652606,6.240118982241723,366.6666666666667,6.2401189822417225
194,194,5,recov,0.0019496235384652606,6.240118982241723,366.6666666666667,6.2401189822417225
195,195,3,recov,0.0019496235384652606,6.240118982241723,366.6666666666667,6.2401189822417225
196,196,4,recov,0.0019496235384652606,6.240118982241723,366.6666666666667,6.2401189822417225
197,197,5,recov,0.0019496235384652606,6.240118982241723,366.6666666666667,6.2401189822417225
198,198,3,recov,0.0019496235384652606,6.240118982241723,366.6666666666667,6.2401189822417225
199,199,4,recov,0.0019496235384652606,6.240118982241723,366.6666666666667,6.2401189822417225
200,200,5,recov,0.0019496235384652606,6.240118982241723,366.6666666666667,6.2401189822417225
201,201,3,recov,0.0019496235384652606,6.240118982241723,366.6666666666667,6.2401189822417225
202,202,4,recov,0.0019496235384652606,6.240118982241723,366.6666666666667,6.2401189822417225
203,203,5,recov,0.0019496235384652606,6.240118982241723,366.6666666666667,6.2401189822417225
204,204,3,recov,0.0019496235384652606,6.240118982241723,366.6666666666667,6.2401189822417225
205,205,4,recov,0.0019496235384652606,6.240118982241723,366.6666666666667,6.2401189822417225
206,206,5,recov,0.0019496235384652606,6.240118982241723,366.6666666666667,6.2401189822417225
207,207,3,recov,0.0019496235384652606,6.240118982241723,366.6666666666667,6.2401189822417225
208,208,4,recov,0.0019496235384652606,6.240118982241723,366.6666666666667,6.2401189822417225
209,209,5,recov,0.0019496235384652606,6.240118982241723,366.6666666666667,6.2401189822417225
210,210,3,recov,0.0019496235384652606,6.240118982241723,366.6666666666667,6.2401189822417225
211,211,4,recov,0.0019496235384652606,6.240118982241723,366.6666666666667,6.2401189822417225
212,212,5,recov,0.0019496235384652606,6.240118982241723,366.6666666666667,6.2401189822417225
213,213,3,recov,0.0019496235384652606,6.240118982241723,366.6666666666667,6.2401189822417225
214,214,4,recov,0.0019496235384652606,6.240118982241723,366.6666666666667,6.2401189822417225
215,215,5,recov,0.0019496235384652606,6.240118982241723,366.6666666666667,6.2401189822417225
216,216,3,recov,0.0019496235384652606,6.240118982241723,366.6666666666667,6.2401189822417225
217,217,4,recov,0.0019496235384652606,6.240118982241723,366.6666666666667,6.2401189822417225
218,218,5,recov,0.0019496235384652606,6.240118982241723,366.6666666666667,6.2401189822417225
219,219,3,recov,0.0019496235384652606,6.240118982241723,366.6666666666667,6.2401189822417225
220,220,4,recov,0.0019496235384652606,6.240118982241723,366.6666666666667,6.2401189822417225
221,221,5,recov,0.0019496235384652606,6.240118982241723,366.6666666666667,6.2401189822417225
222,222,3,recov,0.0019496235384652606,6.240118982241723,366.6666666666667,6.2401189822417225
223,223,4,recov,0.0019496235384652606,6.240118982241723,366.6666666666667,6.2401189822417225
224,224,5,recov,0.0019496235384652606,6.240118982241723,366.6666666666667,6.2401189822417225
225,225,3,recov,0.0019496235384652606,6.240118982241723,366.6666666666667,6.2401189822417225
226,226,4,recov,0.0019496235384652606,6.240118982241723,366.6666666666667,6.2401189822417225
227,227,5,recov,0.0019496235384652606,6.240118982241723,366.6666666666667,6.2401189822417225
228,228,3,recov,0.0019496235384652606,6.240118982241723,366.6666666666667,6.2401189822417225
229,229,4,recov,0.0019496235384652606,6.240118982241723,366.6666666666667,6.2401189822417225
230,230,5,recov,0.0019496235384652606,6.240118982241723,366.6666666666667,6.2401189822417225
231,231,3,recov,0.0019496235384652606,6.240118982241723,366.6666666666667,6.2401189822417225
232,232,4,recov,0.0019496235384652606,6.240118982241723,366.6666666666667,6.2401189822417225
233,233,5,recov,0.0019496235384652606,6.240118982241723,366.6666666666667,6.2401189822417225
234,234,3,recov,0.0019496235384652606,6.240118982241723,366.6666666666667,6.2401189822417225
235,235,4,recov,0.0019496235384652606,6.240118982241723,366.6666666666667,6.2401189822417225
236,236,5,recov,0.0019496235384652606,6.240118982241723,366.6666666666667,6.2401189822417225
237,237,3,recov,0.0019496235384652606,6.240118982241723,366.6666666666667,6.2401189822417225
238,238,4,recov,0.0019496235384652606,6.240118982241723,366.6666666666667,6.2401189822417225
239,239,5,recov,0.0019496235384652606,6.240118982241723,366.6666666666667,6.2401189822417225
240,240,3,recov,0.0019496235384652606,6.240118982241723,366.6666666666667,6.2401189822417225
241,241,4,recov,0.0019496235384652606,6.240118982241723,366.6666666666667,6.2401189822417225
242,242,5,recov,0.0019496235384652606,6.240118982241723,366.6666666666667,6.2401189822417225
243,243,3,recov,0.0019496235384652606,6.240118982241723,366.6666666666667,6.2401189822417225
244,244,4,recov,0.0019496235384652606,6.240118982241723,366.6666666666667,6.2401189822417225
245,245,5,recov,0.0019496235384652606,6.240118982241723,366.6666666666667,6.2401189822417225
246,246,3,recov,0.0019496235384652606,6.240118982241723,366.6666666666667,6.2401189822417225
247,247,4,recov,0.0019496235384652606,6.240118982241723,366.6666666666667,6.2401189822417225
248,248,5,recov,0.0019496235384652606,6.240118982241723,366.6666666666667,6.2401189822417225
249,249,3,recov,0.0019496235384652606,6.240118982241723,366.6666666666667,6.2401189822417225
250,250,4,recov,0.0019496235384652606,6.240118982241723,366.6666666666667,6.2401189822417225
251,251,5,recov,0.0019496235384652606,6.240118982241723,366.6666666666667,6.2401189822417225
252,252,3,recov,0.0019496235384652606,6.240118982241723,366.6666666666667,6.2401189822417225
253,253,4,recov,0.0019496235384652606,6.240118982241723,366.6666666666667,6.2401189822417225
254,254,5,recov,0.0019496235384652606,6.240118982241723,366.6666666666667,6.2401189822417225
255,255,3,recov,0.0019496235384652606,6.240118982241723,366.6666666666667,6.2401189822417225
256,256,4,recov,0.0019496235384652606,6.240118982241723,366.6666666666667,6.2401189822417225
257,257,5,recov,0.0019496235384652606,6.240118982241723,366.6666666666667,6.2401189822417225
258,258,3,recov,0.0019496235384652606,6.240118982241723,366.6666666666667,6.2401189822417225
259,259,4,recov,0.0019496235384652606,6.240118982241723,366.6666666666667,6.2401189822417225
260,260,5,recov,0.0019496235384652606,6.240118982241723,366.6666666666667,6.2401189822417225
261,261,3,recov,0.0019496235384652606,6.240118982241723,366.6666666666667,6.2401189822417225
262,262,4,recov,0.0019496235384652606,6.240118982241723,366.6666666666667,6.2401189822417225
263,263,5,recov,0.0019496235384652606,6.240118982241723,366.6666666666667,6.2401189822417225
264,264,3,recov,0.0019496235384652606,6.240118982241723,366.6666666666667,6.2401189822417225
265,265,4,recov,0.0019496235384652606,6.240118982241723,366.6666666666667,6.2401189822417225
266,266,5,recov,0.0019496235384652606,6.240118982241723,366.6666666666667,6.2401189822417225
267,267,3,recov,0.0019496235384652606,6.240118982241723,366.6666666666667,6.2401189822417225
268,268,4,recov,0.0019496235384652606,6.240118982241723,366.6666666666667,6.2401189822417225
269,269,5,recov,0.0019496235384652606,6.240118982241723,366.6666666666667,6.2401189822417225
270,270,3,recov,0.0019496235384652606,6.240118982241723,366.6666666666667,6.2401189822417225
271,271,4,recov,0.0019496235384652606,6.240118982241723,366.6666666666667,6.2401189822417225
272,272,5,recov,0.0019496235384652606,6.240118982241723,366.6666666666667,6.2401189822417225
273,273,3,recov,0.0019496235384652606,6.240118982241723,366.6666666666667,6.2401189822417225
274,274,4,recov,0.0019496235384652606,6.240118982241723,366.6666666666667,6.2401189822417225
275,275,5,recov,0.0019496235384652606,6.240118982241723,366.6666666666667,6.2401189822417225
276,276,3,recov,0.0019496235384652606,6.240118982241723,366.6666666666667,6.2401189822417225
277,277,4,recov,0.0019496235384652606,6.240118982241723,366.6666666666667,6.2401189822417225
278,278,5,recov,0.0019496235384652606,6.240118982241723,366.6666666666667,6.2401189822417225
279,279,3,recov,0.0019496235384652606,6.240118982241723,366.6666666666667,6.2401189822417225
280,280,4,recov,0.0019496235384652606,6.240118982241723,366.6666666666667,6.2401189822417225
281,281,5,recov,0.0019496235384652606,6.240118982241723,366.6666666666667,6.2401189822417225
282,282,3,recov,0.0019496235384652606,6.240118982241723,366.6666666666667,6.2401189822417225
283,283,4,recov,0.0019496235384652606,6.240118982241723,366.6666666666667,6.2401189822417225
284,284,5,recov,0.0019496235384652606,6.240118982241723,366.6666666666667,6.2401189822417225
285,285,3,recov,0.0019496235384652606,6.240118982241723,366.6666666666667,6.2401189822417225
286,286,4,recov,0.0019496235384652606,6.240118982241723,366.6666666666667,6.2401189822417225
287,287,5,recov,0.0019496235384652606,6.240118982241723,366.6666666666667,6.2401189822417225
288,288,3,recov,0.0019496235384652606,6.240118982241723,366.6666666666667,6.2401189822417225
289,289,4,recov,0.0019496235384652606,6.240118982241723,366.6666666666667,6.2401189822417225
290,290,5,recov,0.0019496235384652606,6.240118982241723,366.6666666666667,6.2401189822417225
291,291,3,recov,0.0019496235384652606,6.240118982241723,366.6666666666667,6.2401189822417225
292,292,4,recov,0.0019496235384652606,6.240118982241723,366.6666666666667,6.2401189822417225
293,293,5,recov,0.0019496235384652606,6.240118982241723,366.6666666666667,6.2401189822417225
294,294,3,recov,0.0019496235384652606,6.240118982241723,366.6666666666667,6.2401189822417225
295,295,4,recov,0.0019496235384652606,6.240118982241723,366.6666666666667,6.2401189822417225
296,296,5,recov,0.0019496235384652606,6.240118982241723,366.6666666666667,6.2401189822417225
297,297,3,recov,0.0019496235384652606,6.240118982241723,366.6666666666667,6.2401189822417225
298,298,4,recov,0.0019496235384652606,6.240118982241723,366.6666666666667,6.2401189822417225
299,299,5,recov,0.0019496235384652606,6.240118982241723,366.6666666666667,6.2401189822417225
300,300,3,recov,0.0019496235384652606,6.240118982241723,366.6666666666667,6.2401189822417225
301,301,4,recov,0.0019496235384652606,6.240118982241723,366.6666666666667,6.2401189822417225
302,302,5,recov,0.0019496235384652606,6.240118982241723,366.6666666666667,6.2401189822417225
303,303,3,recov,0.0019496235384652606,6.240118982241723,366.6666666666667,6.2401189822417225
304,304,4,recov,0.0019496235384652606,6.240118982241723,366.6666666666667,6.2401189822417225
305,305,5,recov,0.0019496235384652606,6.240118982241723,366.6666666666667,6.2401189822417225
306,306,3,recov,0.0019496235384652606,6.240118982241723,366.6666666666667,6.2401189822417225
307,307,4,recov,0.0019496235384652606,6.240118982241723,366.6666666666667,6.2401189822417225
308,308,5,recov,0.0019496235384652606,6.240118982241723,366.6666666666667,6.2401189822417225
309,309,3,recov,0.0019496235384652606,6.240118982241723,366.6666666666667,6.2401189822417225
310,310,4,recov,0.0019496235384652606,6.240118982241723,366.6666666666667,6.2401189822417225
311,311,5,recov,0.0019496235384652606,6.240118982241723,366.6666666666667,6.2401189822417225
312,312,3,recov,0.0019496235384652606,6.240118982241723,366.6666666666667,6.2401189822417225
313,313,4,recov,0.0019496235384652606,6.240118982241723,366.6666666666667,6.2401189822417225
314,314,5,recov,0.0019496235384652606,6.240118982241723,366.6666666666667,6.2401189822417225
315,315,3,recov,0.0019496235384652606,6.240118982241723,366.6666666666667,6.2401189822417225
316,316,4,recov,0.0019496235384652606,6.240118982241723,366.6666666666667,6.2401189822417225
317,317,5,recov,0.0019496235384652606,6.240118982241723,366.6666666666667,6.2401189822417225
318,318,3,recov,0.0019496235384652606,6.240118982241723,366.6666666666667,6.2401189822417225
319,319,4,recov,0.0019496235384652606,6.240118982241723,366.6666666666667,6.2401189822417225
320,320,5,recov,0.0019496235384652606,6.240118982241723,366.6666666666667,6.2401189822417225
321,321,3,recov,0.0019496235384652606,6.240118982241723,366.6666666666667,6.2401189822417225
322,322,4,recov,0.0019496235384652606,6.240118982241723,366.6666666666667,6.2401189822417225
323,323,5,recov,0.0019496235384652606,6.240118982241723,366.6666666666667,6.2401189822417225
324,324,3,recov,0.0019496235384652606,6.240118982241723,366.6666666666667,6.2401189822417225
325,325,4,recov,0.0019496235384652606,6.240118982241723,366.6666666666667,6.2401189822417225
326,326,5,recov,0.0019496235384652606,6.240118982241723,366.6666666666667,6.2401189822417225
327,327,3,recov,0.0019496235384652606,6.240118982241723,366.6666666666667,6.2401189822417225
328,328,4,recov,0.0019496235384652606,6.240118982241723,366.6666666666667,6.2401189822417225
329,329,5,recov,0.0019496235384652606,6.240118982241723,366.6666666666667,6.2401189822417225
330,330,3,recov,0.0019496235384652606,6.240118982241723,366.6666666666667,6.2401189822417225
331,331,4,recov,0.0019496235384652606,6.240118982241723,366.6666666666667,6.2401189822417225
332,332,5,recov,0.0019496235384652606,6.240118982241723,366.6666666666667,6.2401189822417225
333,333,3,recov,0.0019496235384652606,6.240118982241723,366.6666666666667,6.2401189822417225
334,334,4,recov,0.0019496235384652606,6.240118982241723,366.6666666666667,6.2401189822417225
335,335,5,recov,0.0019496235384652606,6.240118982241723,366.6666666666667,6.2401189822417225
336,336,3,recov,0.0019496235384652606,6.240118982241723,366.6666666666667,6.2401189822417225
337,337,4,recov,0.0019496235384652606,6.240118982241723,366.6666666666667,6.2401189822417225
338,338,5,recov,0.0019496235384652606,6.240118982241723,366.6666666666667,6.2401189822417225
339,339,3,recov,0.0019496235384652606,6.240118982241723,366.6666666666667,6.2401189822417225
340,340,4,recov,0.0019496235384652606,6.240118982241723,366.6666666666667,6.2401189822417225
341,341,5,recov,0.0019496235384652606,6.240118982241723,366.6666666666667,6.2401189822417225
342,342,3,recov,0.0019496235384652606,6.240118982241723,366.6666666666667,6.2401189822417225
343,343,4,recov,0.0019496235384652606,6.240118982241723,366.6666666666667,6.2401189822417225
344,344,5,recov,0.0019496235384652606,6.240118982241723,366.6666666666667,6.2401189822417225
345,345,3,recov,0.0019496235384652606,6.240118982241723,366.6666666666667,6.2401189822417225
346,346,4,recov,0.0019496235384652606,6.240118982241723,366.6666666666667,6.2401189822417225
347,347,5,recov,0.0019496235384652606,6.240118982241723,366.6666666666667,6.2401189822417225
348,348,3,recov,0.0019496235384652606,6.240118982241723,366.6666666666667,6.2401189822417225
349,349,4,recov,0.0019496235384652606,6.240118982241723,366.6666666666667,6.2401189822417225
350,350,5,recov,0.0019496235384652606,6.240118982241723,366.6666666666667,6.2401189822417225
351,351,3,recov,0.0019496235384652606,6.240118982241723,366.6666666666667,6.2401189822417225
352,352,4,recov,0.0019496235384652606,6.240118982241723,366.6666666666667,6.2401189822417225
353,353,5,recov,0.0019496235384652606,6.240118982241723,366.6666666666667,6.2401189822417225
354,354,3,recov,0.0019496235384652606,6.240118982241723,366.6666666666667,6.2401189822417225
355,355,4,recov,0.0019496235384652606,6.240118982241723,366.6666666666667,6.2401189822417225
356,356,5,recov,0.0019496235384652606,6.240118982241723,366.6666666666667,6.2401189822417225
357,357,3,recov,0.0019496235384652606,6.240118982241723,366.6666666666667,6.2401189822417225
358,358,4,recov,0.0019496235384652606,6.240118982241723,366.6666666666667,6.2401189822417225
359,359,5,recov,0.0019496235384652606,6.240118982241723,366.6666666666667,6.2401189822417225
360,360,3,recov,0.0019496235384652606,6.240118982241723,366.6666666666667,6.2401189822417225
361,361,4,recov,0.0019496235384652606,6.240118982241723,366.6666666666667,6.2401189822417225
362,362,5,recov,0.0019496235384652606,6.240118982241723,366.6666666666667,6.2401189822417225
363,363,3,recov,0.0019496235384652606,6.240118982241723,366.6666666666667,6.2401189822417225
364,364,4,recov,0.0019496235384652606,6.240118982241723,366.6666666666667,6.2401189822417225
365,365,5,recov,0.0019496235384652606,6.240118982241723,366.6666666666667,6.2401189822417225
366,366,3,recov,0.0019496235384652606,6.240118982241723,366.6666666666667,6.2401189822417225
367,367,4,recov,0.0019496235384652606,6.240118982241723,366.6666666666667,6.2401189822417225
368,368,5,recov,0.0019496235384652606,6.240118982241723,366.6666666666667,6.2401189822417225
369,369,3,recov,0.0019496235384652606,6.240118982241723,366.6666666666667,6.2401189822417225
370,370,4,recov,0.0019496235384652606,6.240118982241723,366.6666666666667,6.2401189822417225
371,371,5,recov,0.0019496235384652606,6.240118982241723,366.6666666666667,6.2401189822417225
372,372,3,recov,0.0019496235384652606,6.240118982241723,366.6666666666667,6.2401189822417225
373,373,4,recov,0.0019496235384652606,6.240118982241723,366.6666666666667,6.2401189822417225
374,374,5,recov,0.0019496235384652606,6.240118982241723,366.6666666666667,6.2401189822417225
375,375,3,recov,0.0019496235384652606,6.240118982241723,366.6666666666667,6.2401189822417225
376,376,4,recov,0.0019496235384652606,6.240118982241723,366.6666666666667,6.2401189822417225
377,377,5,recov,0.0019496235384652606,6.240118982241723,366.6666666666667,6.2401189822417225
378,378,3,recov,0.0019496235384652606,6.240118982241723,366.6666666666667,6.2401189822417225
379,379,4,recov,0.0019496235384652606,6.240118982241723,366.6666666666667,6.2401189822417225
380,380,5,recov,0.0019496235384652606,6.240118982241723,366.6666666666667,6.2401189822417225
381,381,3,recov,0.0019496235384652606,6.240118982241723,366.6666666666667,6.2401189822417225
382,382,4,recov,0.0019496235384652606,6.240118982241723,366.6666666666667,6.2401189822417225
383,383,5,recov,0.0019496235384652606,6.240118982241723,366.6666666666667,6.2401189822417225
384,384,3,recov,0.0019496235384652606,6.240118982241723,366.6666666666667,6.2401189822417225
385,385,4,recov,0.0019496235384652606,6.240118982241723,366.6666666666667,6.2401189822417225
386,386,5,recov,0.0019496235384652606,6.240118982241723,366.6666666666667,6.2401189822417225
387,387,3,recov,0.0019496235384652606,6.240118982241723,366.6666666666667,6.2401189822417225
388,388,4,recov,0.0019496235384652606,6.240118982241723,366.6666666666667,6.2401189822417225
389,389,5,recov,0.0019496235384652606,6.240118982241723,366.6666666666667,6.2401189822417225
390,390,3,recov,0.0019496235384652606,6.240118982241723,366.6666666666667,6.2401189822417225
391,391,4,recov,0.0019496235384652606,6.240118982241723,366.6666666666667,6.2401189822417225
392,392,5,recov,0.0019496235384652606,6.240118982241723,366.6666666666667,6.2401189822417225
393,393,3,recov,0.0019496235384652606,6.240118982241723,366.6666666666667,6.2401189822417225
394,394,4,recov,0.0019496235384652606,6.240118982241723,366.6666666666667,6.2401189822417225
395,395,5,recov,0.0019496235384652606,6.240118982241723,366.6666666666667,6.2401189822417225
396,396,3,recov,0.0019496235384652606,6.240118982241723,366.6666666666667,6.2401189822417225
397,397,4,recov,0.0019496235384652606,6.240118982241723,366.6666666666667,6.2401189822417225
398,398,5,recov,0.0019496235384652606,6.240118982241723,366.6666666666667,6.2401189822417225
399,399,3,recov,0.0019496235384652606,6.240118982241723,366.6666666666667,6.2401189822417225
400,400,4,recov,0.0019496235384652606,6.240118982241723,366.6666666666667,6.2401189822417225
401,401,5,recov,0.0019496235384652606,6.240118982241723,366.6666666666667,6.2401189822417225
402,402,3,recov,0.0019496235384652606,6.240118982241723,366.6666666666667,6.2401189822417225
403,403,4,recov,0.0019496235384652606,6.240118982241723,366.6666666666667,6.2401189822417225
404,404,5,recov,0.0019496235384652606,6.240118982241723,366.6666666666667,6.2401189822417225
405,405,3,recov,0.0019496235384652606,6.240118982241723,366.6666666666667,6.2401189822417225
406,406,4,recov,0.0019496235384652606,6.240118982241723,366.6666666666667,6.2401189822417225
407,407,5,recov,0.0019496235384652606,6.240118982241723,366.6666666666667,6.2401189822417225
408,408,3,recov,0.0019496235384652606,6.240118982241723,366.6666666666667,6.2401189822417225
409,409,4,recov,0.0019496235384652606,6.240118982241723,366.6666666666667,6.2401189822417225
410,410,5,recov,0.0019496235384652606,6.240118982241723,366.6666666666667,6.2401189822417225
411,411,3,recov,0.0019496235384652606,6.240118982241723,366.6666666666667,6.2401189822417225
412,412,4,recov,0.0019496235384652606,6.240118982241723,366.6666666666667,6.2401189822417225
413,413,5,recov,0.0019496235384652606,6.240118982241723,366.6666666666667,6.2401189822417225
414,414,3,recov,0.0019496235384652606,6.240118982241723,366.6666666666667,6.2401189822417225
415,415,4,recov,0.0019496235384652606,6.240118982241723,366.6666666666667,6.2401189822417225
416,416,5,recov,0.0019496235384652606,6.240118982241723,366.6666666666667,6.2401189822417225
417,417,3,recov,0.0019496235384652606,6.240118982241723,366.6666666666667,6.2401189822417225
418,418,4,recov,0.0019496235384652606,6.240118982241723,366.6666666666667,6.2401189822417225
419,419,5,recov,0.0019496235384652606,6.240118982241723,366.6666666666667,6.2401189822417225
420,420,3,recov,0.0019496235384652606,6.240118982241723,366.6666666666667,6.2401189822417225
421,421,4,recov,0.0019496235384652606,6.240118982241723,366.6666666666667,6.2401189822417225
422,422,5,recov,0.0019496235384652606,6.240118982241723,366.6666666666667,6.2401189822417225
423,423,3,recov,0.0019496235384652606,6.240118982241723,366.6666666666667,6.2401189822417225
424,424,4,recov,0.0019496235384652606,6.240118982241723,366.6666666666667,6.2401189822417225
425,425,5,recov,0.0019496235384652606,6.240118982241723,366.6666666666667,6.2401189822417225
426,426,3,recov,0.0019496235384652606,6.240118982241723,366.6666666666667,6.2401189822417225
427,427,4,recov,0.0019496235384652606,6.240118982241723,366.6666666666667,6.2401189822417225
428,428,5,recov,0.0019496235384652606,6.240118982241723,366.6666666666667,6.2401189822417225
429,429,3,recov,0.0019496235384652606,6.240118982241723,366.6666666666667,6.2401189822417225
430,430,4,recov,0.0019496235384652606,6.240118982241723,366.6666666666667,6.2401189822417225
431,431,5,recov,0.0019496235384652606,6.240118982241723,366.6666666666667,6.2401189822417225
432,432,0,fam_r,0.0019492333015680501,6.240319162404537,366.6666666666667,6.2401189822417225
433,433,1,fam_r,0.0019492333015680501,6.240319162404537,366.6666666666667,6.2401189822417225
434,434,2,fam_r,0.0019492333015680501,6.240319162404537,366.6666666666667,6.2401189822417225
435,435,0,fam_r,0.0019496231482283635,6.240119182401871,366.6666666666667,6.2401189822417225
436,436,1,fam_r,0.0019496231482283635,6.240119182401871,366.6666666666667,6.2401189822417225
437,437,2,fam_r,0.0019496231482283635,6.240119182401871,366.6666666666667,6.2401189822417225
438,438,0,fam_r,0.001949623538075024,6.240118982441883,366.6666666666667,6.2401189822417225
439,439,1,fam_r,0.001949623538075024,6.240118982441883,366.6666666666667,6.2401189822417225
440,440,2,fam_r,0.001949623538075024,6.240118982441883,366.6666666666667,6.2401189822417225
441,441,0,fam_r,0.0019496235384648707,6.240118982241923,366.6666666666667,6.2401189822417225
442,442,1,fam_r,0.0019496235384648707,6.240118982241923,366.6666666666667,6.2401189822417225
443,443,2,fam_r,0.0019496235384648707,6.240118982241923,366.6666666666667,6.2401189822417225
444,444,0,fam_r,0.0019496235384652604,6.240118982241723,366.6666666666667,6.2401189822417225
445,445,1,fam_r,0.0019496235384652604,6.240118982241723,366.6666666666667,6.2401189822417225
446,446,2,fam_r,0.0019496235384652604,6.240118982241723,366.6666666666667,6.2401189822417225
0,0,0,fam,0.001949317738791423,6.240275845170769,476.6666666666667,6.2401189822417225
1,1,1,fam,0.0019492417449612101,6.240314830765597,476.6666666666667,6.2401189822417225
2,2,2,fam,0.0019492341459040744,6.240318729241488,476.6666666666667,6.2401189822417225
3,3,0,fam,0.0019496232326788197,6.240119139085575,476.6666666666667,6.2401189822417225
4,4,1,fam,0.0019496231566734086,6.240119178070242,476.6666666666667,6.2401189822417225
5,5,2,fam,0.0019496231490728681,6.2401191819687085,476.6666666666667,6.2401189822417225
6,6,0,fam,0.0019496235381594742,6.240118982398568,476.6666666666667,6.2401189822417225
7,7,1,fam,0.001949623538083469,6.240118982437552,476.6666666666667,6.2401189822417225
8,8,2,fam,0.0019496235380758685,6.24011898244145,476.6666666666667,6.2401189822417225
9,9,0,fam,0.001949623538464955,6.2401189822418806,476.6666666666667,6.2401189822417225
10,10,1,fam,0.001949623538464879,6.240118982241919,476.6666666666667,6.2401189822417225
11,11,2,fam,0.0019496235384648716,6.240118982241923,476.6666666666667,6.2401189822417225
12,12,0,fam,0.0019496235384652604,6.240118982241723,476.6666666666667,6.2401189822417225
13,13,1,fam,0.0019496235384652604,6.240118982241723,476.6666666666667,6.2401189822417225
14,14,2,fam,0.0019496235384652604,6.240118982241723,476.6666666666667,6.2401189822417225
15,15,0,fam,0.0019496235384652606,6.240118982241723,476.6666666666667,6.2401189822417225
16,16,1,fam,0.0019496235384652606,6.240118982241723,476.6666666666667,6.2401189822417225
17,17,2,fam,0.0019496235384652606,6.240118982241723,476.6666666666667,6.2401189822417225
18,18,0,fam,0.0019496235384652606,6.240118982241723,476.6666666666667,6.2401189822417225
19,19,1,fam,0.0019496235384652606,6.240118982241723,476.6666666666667,6.2401189822417225
20,20,2,fam,0.0019496235384652606,6.240118982241723,476.6666666666667,6.2401189822417225
21,21,0,fam,0.0019496235384652606,6.240118982241723,476.6666666666667,6.2401189822417225
22,22,1,fam,0.0019496235384652606,6.240118982241723,476.6666666666667,6.2401189822417225
23,23,2,fam,0.0019496235384652606,6.240118982241723,476.6666666666667,6.2401189822417225
24,24,0,fam,0.0019496235384652606,6.240118982241723,476.6666666666667,6.2401189822417225
25,25,1,fam,0.0019496235384652606,6.240118982241723,476.6666666666667,6.2401189822417225
26,26,2,fam,0.0019496235384652606,6.240118982241723,476.6666666666667,6.2401189822417225
27,27,0,fam,0.0019496235384652606,6.240118982241723,476.6666666666667,6.2401189822417225
28,28,1,fam,0.0019496235384652606,6.240118982241723,476.6666666666667,6.2401189822417225
29,29,2,fam,0.0019496235384652606,6.240118982241723,476.6666666666667,6.2401189822417225
30,30,0,fam,0.0019496235384652606,6.240118982241723,476.6666666666667,6.2401189822417225
31,31,1,fam,0.0019496235384652606,6.240118982241723,476.6666666666667,6.2401189822417225
32,32,2,fam,0.0019496235384652606,6.240118982241723,476.6666666666667,6.2401189822417225
33,33,0,fam,0.0019496235384652606,6.240118982241723,476.6666666666667,6.2401189822417225
34,34,1,fam,0.0019496235384652606,6.240118982241723,476.6666666666667,6.2401189822417225
35,35,2,fam,0.0019496235384652606,6.240118982241723,476.6666666666667,6.2401189822417225
36,36,0,fam,0.0019496235384652606,6.240118982241723,476.6666666666667,6.2401189822417225
37,37,1,fam,0.0019496235384652606,6.240118982241723,476.6666666666667,6.2401189822417225
38,38,2,fam,0.0019496235384652606,6.240118982241723,476.6666666666667,6.2401189822417225
39,39,0,fam,0.0019496235384652606,6.240118982241723,476.6666666666667,6.2401189822417225
40,40,1,fam,0.0019496235384652606,6.240118982241723,476.6666666666667,6.2401189822417225
41,41,2,fam,0.0019496235384652606,6.240118982241723,476.6666666666667,6.2401189822417225
42,42,0,fam,0.0019496235384652606,6.240118982241723,476.6666666666667,6.2401189822417225
43,43,1,fam,0.0019496235384652606,6.240118982241723,476.6666666666667,6.2401189822417225
44,44,2,fam,0.0019496235384652606,6.240118982241723,476.6666666666667,6.2401189822417225
45,45,0,fam,0.0019496235384652606,6.240118982241723,476.6666666666667,6.2401189822417225
46,46,1,fam,0.0019496235384652606,6.240118982241723,476.6666666666667,6.2401189822417225
47,47,2,fam,0.0019496235384652606,6.240118982241723,476.6666666666667,6.2401189822417225
48,48,0,fam,0.0019496235384652606,6.240118982241723,476.6666666666667,6.2401189822417225
49,49,1,fam,0.0019496235384652606,6.240118982241723,476.6666666666667,6.2401189822417225
50,50,2,fam,0.0019496235384652606,6.240118982241723,476.6666666666667,6.2401189822417225
51,51,0,fam,0.0019496235384652606,6.240118982241723,476.6666666666667,6.2401189822417225
52,52,1,fam,0.0019496235384652606,6.240118982241723,476.6666666666667,6.2401189822417225
53,53,2,fam,0.0019496235384652606,6.240118982241723,476.6666666666667,6.2401189822417225
54,54,0,fam,0.0019496235384652606,6.240118982241723,476.6666666666667,6.2401189822417225
55,55,1,fam,0.0019496235384652606,6.240118982241723,476.6666666666667,6.2401189822417225
56,56,2,fam,0.0019496235384652606,6.240118982241723,476.6666666666667,6.2401189822417225
57,57,0,fam,0.0019496235384652606,6.240118982241723,476.6666666666667,6.2401189822417225
58,58,1,fam,0.0019496235384652606,6.240118982241723,476.6666666666667,6.2401189822417225
59,59,2,fam,0.0019496235384652606,6.240118982241723,476.6666666666667,6.2401189822417225
60,60,0,fam,0.0019496235384652606,6.240118982241723,476.6666666666667,6.2401189822417225
61,61,1,fam,0.0019496235384652606,6.240118982241723,476.6666666666667,6.2401189822417225
62,62,2,fam,0.0019496235384652606,6.240118982241723,476.6666666666667,6.2401189822417225
63,63,0,fam,0.0019496235384652606,6.240118982241723,476.6666666666667,6.2401189822417225
64,64,1,fam,0.0019496235384652606,6.240118982241723,476.6666666666667,6.2401189822417225
65,65,2,fam,0.0019496235384652606,6.240118982241723,476.6666666666667,6.2401189822417225
66,66,3,recov,0.0019492333015680501,6.240319162404537,476.6666666666667,6.2401189822417225
67,67,4,recov,0.0019492333015680501,6.240319162404537,476.6666666666667,6.2401189822417225
68,68,5,recov,0.0019492333015680501,6.240319162404537,476.6666666666667,6.2401189822417225
69,69,3,recov,0.0019496231482283635,6.240119182401871,476.6666666666667,6.2401189822417225
70,70,4,recov,0.0019496231482283635,6.240119182401871,476.6666666666667,6.2401189822417225
71,71,5,recov,0.0019496231482283635,6.240119182401871,476.6666666666667,6.2401189822417225
72,72,3,recov,0.001949623538075024,6.240118982441883,476.6666666666667,6.2401189822417225
73,73,4,recov,0.001949623538075024,6.240118982441883,476.6666666666667,6.2401189822417225
74,74,5,recov,0.001949623538075024,6.240118982441883,476.6666666666667,6.2401189822417225
75,75,3,recov,0.0019496235384648707,6.240118982241923,476.6666666666667,6.2401189822417225
76,76,4,recov,0.0019496235384648707,6.240118982241923,476.6666666666667,6.2401189822417225
77,77,5,recov,0.0019496235384648707,6.240118982241923,476.6666666666667,6.2401189822417225
78,78,3,recov,0.0019496235384652604,6.240118982241723,476.6666666666667,6.2401189822417225
79,79,4,recov,0.0019496235384652604,6.240118982241723,476.6666666666667,6.2401189822417225
80,80,5,recov,0.0019496235384652604,6.240118982241723,476.6666666666667,6.2401189822417225
81,81,3,recov,0.0019496235384652606,6.240118982241723,476.6666666666667,6.2401189822417225
82,82,4,recov,0.0019496235384652606,6.240118982241723,476.6666666666667,6.2401189822417225
83,83,5,recov,0.0019496235384652606,6.240118982241723,476.6666666666667,6.2401189822417225
84,84,3,recov,0.0019496235384652606,6.240118982241723,476.6666666666667,6.2401189822417225
85,85,4,recov,0.0019496235384652606,6.240118982241723,476.6666666666667,6.2401189822417225
86,86,5,recov,0.0019496235384652606,6.240118982241723,476.6666666666667,6.2401189822417225
87,87,3,recov,0.0019496235384652606,6.240118982241723,476.6666666666667,6.2401189822417225
88,88,4,recov,0.0019496235384652606,6.240118982241723,476.6666666666667,6.2401189822417225
89,89,5,recov,0.0019496235384652606,6.240118982241723,476.6666666666667,6.2401189822417225
90,90,3,recov,0.0019496235384652606,6.240118982241723,476.6666666666667,6.2401189822417225
91,91,4,recov,0.0019496235384652606,6.240118982241723,476.6666666666667,6.2401189822417225
92,92,5,recov,0.0019496235384652606,6.240118982241723,476.6666666666667,6.2401189822417225
93,93,3,recov,0.0019496235384652606,6.240118982241723,476.6666666666667,6.2401189822417225
94,94,4,recov,0.0019496235384652606,6.240118982241723,476.6666666666667,6.2401189822417225
95,95,5,recov,0.0019496235384652606,6.240118982241723,476.6666666666667,6.2401189822417225
96,96,3,recov,0.0019496235384652606,6.240118982241723,476.6666666666667,6.2401189822417225
97,97,4,recov,0.0019496235384652606,6.240118982241723,476.6666666666667,6.2401189822417225
98,98,5,recov,0.0019496235384652606,6.240118982241723,476.6666666666667,6.2401189822417225
99,99,3,recov,0.0019496235384652606,6.240118982241723,476.6666666666667,6.2401189822417225
100,100,4,recov,0.0019496235384652606,6.240118982241723,476.6666666666667,6.2401189822417225
101,101,5,recov,0.0019496235384652606,6.240118982241723,476.6666666666667,6.2401189822417225
102,102,3,recov,0.0019496235384652606,6.240118982241723,476.6666666666667,6.2401189822417225
103,103,4,recov,0.0019496235384652606,6.240118982241723,476.6666666666667,6.2401189822417225
104,104,5,recov,0.0019496235384652606,6.240118982241723,476.6666666666667,6.2401189822417225
105,105,3,recov,0.0019496235384652606,6.240118982241723,476.6666666666667,6.2401189822417225
106,106,4,recov,0.0019496235384652606,6.240118982241723,476.6666666666667,6.2401189822417225
107,107,5,recov,0.0019496235384652606,6.240118982241723,476.6666666666667,6.2401189822417225
108,108,3,recov,0.0019496235384652606,6.240118982241723,476.6666666666667,6.2401189822417225
109,109,4,recov,0.0019496235384652606,6.240118982241723,476.6666666666667,6.2401189822417225
110,110,5,recov,0.0019496235384652606,6.240118982241723,476.6666666666667,6.2401189822417225
111,111,3,recov,0.0019496235384652606,6.240118982241723,476.6666666666667,6.2401189822417225
112,112,4,recov,0.0019496235384652606,6.240118982241723,476.6666666666667,6.2401189822417225
113,113,5,recov,0.0019496235384652606,6.240118982241723,476.6666666666667,6.2401189822417225
114,114,3,recov,0.0019496235384652606,6.240118982241723,476.6666666666667,6.2401189822417225
115,115,4,recov,0.0019496235384652606,6.240118982241723,476.6666666666667,6.2401189822417225
116,116,5,recov,0.0019496235384652606,6.240118982241723,476.6666666666667,6.2401189822417225
117,117,3,recov,0.0019496235384652606,6.240118982241723,476.6666666666667,6.2401189822417225
118,118,4,recov,0.0019496235384652606,6.240118982241723,476.6666666666667,6.2401189822417225
119,119,5,recov,0.0019496235384652606,6.240118982241723,476.6666666666667,6.2401189822417225
120,120,3,recov,0.0019496235384652606,6.240118982241723,476.6666666666667,6.2401189822417225
121,121,4,recov,0.0019496235384652606,6.240118982241723,476.6666666666667,6.2401189822417225
122,122,5,recov,0.0019496235384652606,6.240118982241723,476.6666666666667,6.2401189822417225
123,123,3,recov,0.0019496235384652606,6.240118982241723,476.6666666666667,6.2401189822417225
124,124,4,recov,0.0019496235384652606,6.240118982241723,476.6666666666667,6.2401189822417225
125,125,5,recov,0.0019496235384652606,6.240118982241723,476.6666666666667,6.2401189822417225
126,126,3,recov,0.0019496235384652606,6.240118982241723,476.6666666666667,6.2401189822417225
127,127,4,recov,0.0019496235384652606,6.240118982241723,476.6666666666667,6.2401189822417225
128,128,5,recov,0.0019496235384652606,6.240118982241723,476.6666666666667,6.2401189822417225
129,129,3,recov,0.0019496235384652606,6.240118982241723,476.6666666666667,6.2401189822417225
130,130,4,recov,0.0019496235384652606,6.240118982241723,476.6666666666667,6.2401189822417225
131,131,5,recov,0.0019496235384652606,6.240118982241723,476.6666666666667,6.2401189822417225
132,132,3,recov,0.0019496235384652606,6.240118982241723,476.6666666666667,6.2401189822417225
133,133,4,recov,0.0019496235384652606,6.240118982241723,476.6666666666667,6.2401189822417225
134,134,5,recov,0.0019496235384652606,6.240118982241723,476.6666666666667,6.2401189822417225
135,135,3,recov,0.0019496235384652606,6.240118982241723,476.6666666666667,6.2401189822417225
136,136,4,recov,0.0019496235384652606,6.240118982241723,476.6666666666667,6.2401189822417225
137,137,5,recov,0.0019496235384652606,6.240118982241723,476.6666666666667,6.2401189822417225
138,138,3,recov,0.0019496235384652606,6.240118982241723,476.6666666666667,6.2401189822417225
139,139,4,recov,0.0019496235384652606,6.240118982241723,476.6666666666667,6.2401189822417225
140,140,5,recov,0.0019496235384652606,6.240118982241723,476.6666666666667,6.2401189822417225
141,141,3,recov,0.0019496235384652606,6.240118982241723,476.6666666666667,6.2401189822417225
142,142,4,recov,0.0019496235384652606,6.240118982241723,476.6666666666667,6.2401189822417225
143,143,5,recov,0.0019496235384652606,6.240118982241723,476.6666666666667,6.2401189822417225
144,144,3,recov,0.0019496235384652606,6.240118982241723,476.6666666666667,6.2401189822417225
145,145,4,recov,0.0019496235384652606,6.240118982241723,476.6666666666667,6.2401189822417225
146,146,5,recov,0.0019496235384652606,6.240118982241723,476.6666666666667,6.2401189822417225
147,147,3,recov,0.0019496235384652606,6.240118982241723,476.6666666666667,6.2401189822417225
148,148,4,recov,0.0019496235384652606,6.240118982241723,476.6666666666667,6.2401189822417225
149,149,5,recov,0.0019496235384652606,6.240118982241723,476.6666666666667,6.2401189822417225
150,150,3,recov,0.0019496235384652606,6.240118982241723,476.6666666666667,6.2401189822417225
151,151,4,recov,0.0019496235384652606,6.240118982241723,476.6666666666667,6.2401189822417225
152,152,5,recov,0.0019496235384652606,6.240118982241723,476.6666666666667,6.2401189822417225
153,153,3,recov,0.0019496235384652606,6.240118982241723,476.6666666666667,6.2401189822417225
154,154,4,recov,0.0019496235384652606,6.240118982241723,476.6666666666667,6.2401189822417225
155,155,5,recov,0.0019496235384652606,6.240118982241723,476.6666666666667,6.2401189822417225
156,156,3,recov,0.0019496235384652606,6.240118982241723,476.6666666666667,6.2401189822417225
157,157,4,recov,0.0019496235384652606,6.240118982241723,476.6666666666667,6.2401189822417225
158,158,5,recov,0.0019496235384652606,6.240118982241723,476.6666666666667,6.2401189822417225
159,159,3,recov,0.0019496235384652606,6.240118982241723,476.6666666666667,6.2401189822417225
160,160,4,recov,0.0019496235384652606,6.240118982241723,476.6666666666667,6.2401189822417225
161,161,5,recov,0.0019496235384652606,6.240118982241723,476.6666666666667,6.2401189822417225
162,162,3,recov,0.0019496235384652606,6.240118982241723,476.6666666666667,6.2401189822417225
163,163,4,recov,0.0019496235384652606,6.240118982241723,476.6666666666667,6.2401189822417225
164,164,5,recov,0.0019496235384652606,6.240118982241723,476.6666666666667,6.2401189822417225
165,165,3,recov,0.0019496235384652606,6.240118982241723,476.6666666666667,6.2401189822417225
166,166,4,recov,0.0019496235384652606,6.240118982241723,476.6666666666667,6.2401189822417225
167,167,5,recov,0.0019496235384652606,6.240118982241723,476.6666666666667,6.2401189822417225
168,168,3,recov,0.0019496235384652606,6.240118982241723,476.6666666666667,6.2401189822417225
169,169,4,recov,0.0019496235384652606,6.240118982241723,476.6666666666667,6.2401189822417225
170,170,5,recov,0.0019496235384652606,6.240118982241723,476.6666666666667,6.2401189822417225
171,171,3,recov,0.0019496235384652606,6.240118982241723,476.6666666666667,6.2401189822417225
172,172,4,recov,0.0019496235384652606,6.240118982241723,476.6666666666667,6.2401189822417225
173,173,5,recov,0.0019496235384652606,6.240118982241723,476.6666666666667,6.2401189822417225
174,174,3,recov,0.0019496235384652606,6.240118982241723,476.6666666666667,6.2401189822417225
175,175,4,recov,0.0019496235384652606,6.240118982241723,476.6666666666667,6.2401189822417225
176,176,5,recov,0.0019496235384652606,6.240118982241723,476.6666666666667,6.2401189822417225
177,177,3,recov,0.0019496235384652606,6.240118982241723,476.6666666666667,6.2401189822417225
178,178,4,recov,0.0019496235384652606,6.240118982241723,476.6666666666667,6.2401189822417225
179,179,5,recov,0.0019496235384652606,6.240118982241723,476.6666666666667,6.2401189822417225
180,180,3,recov,0.0019496235384652606,6.240118982241723,476.6666666666667,6.2401189822417225
181,181,4,recov,0.0019496235384652606,6.240118982241723,476.6666666666667,6.2401189822417225
182,182,5,recov,0.0019496235384652606,6.240118982241723,476.6666666666667,6.2401189822417225
183,183,3,recov,0.0019496235384652606,6.240118982241723,476.6666666666667,6.2401189822417225
184,184,4,recov,0.0019496235384652606,6.240118982241723,476.6666666666667,6.2401189822417225
185,185,5,recov,0.0019496235384652606,6.240118982241723,476.6666666666667,6.2401189822417225
186,186,3,recov,0.0019496235384652606,6.240118982241723,476.6666666666667,6.2401189822417225
187,187,4,recov,0.0019496235384652606,6.240118982241723,476.6666666666667,6.2401189822417225
188,188,5,recov,0.0019496235384652606,6.240118982241723,476.6666666666667,6.2401189822417225
189,189,3,recov,0.0019496235384652606,6.240118982241723,476.6666666666667,6.2401189822417225
190,190,4,recov,0.0019496235384652606,6.240118982241723,476.6666666666667,6.2401189822417225
191,191,5,recov,0.0019496235384652606,6.240118982241723,476.6666666666667,6.2401189822417225
192,192,3,recov,0.0019496235384652606,6.240118982241723,476.6666666666667,6.2401189822417225
193,193,4,recov,0.0019496235384652606,6.240118982241723,476.6666666666667,6.2401189822417225
194,194,5,recov,0.0019496235384652606,6.240118982241723,476.6666666666667,6.2401189822417225
195,195,3,recov,0.0019496235384652606,6.240118982241723,476.6666666666667,6.2401189822417225
196,196,4,recov,0.0019496235384652606,6.240118982241723,476.6666666666667,6.2401189822417225
197,197,5,recov,0.0019496235384652606,6.240118982241723,476.6666666666667,6.2401189822417225
198,198,3,recov,0.0019496235384652606,6.240118982241723,476.6666666666667,6.2401189822417225
199,199,4,recov,0.0019496235384652606,6.240118982241723,476.6666666666667,6.2401189822417225
200,200,5,recov,0.0019496235384652606,6.240118982241723,476.6666666666667,6.2401189822417225
201,201,3,recov,0.0019496235384652606,6.240118982241723,476.6666666666667,6.2401189822417225
202,202,4,recov,0.0019496235384652606,6.240118982241723,476.6666666666667,6.2401189822417225
203,203,5,recov,0.0019496235384652606,6.240118982241723,476.6666666666667,6.2401189822417225
204,204,3,recov,0.0019496235384652606,6.240118982241723,476.6666666666667,6.2401189822417225
205,205,4,recov,0.0019496235384652606,6.240118982241723,476.6666666666667,6.2401189822417225
206,206,5,recov,0.0019496235384652606,6.240118982241723,476.6666666666667,6.2401189822417225
207,207,3,recov,0.0019496235384652606,6.240118982241723,476.6666666666667,6.2401189822417225
208,208,4,recov,0.0019496235384652606,6.240118982241723,476.6666666666667,6.2401189822417225
209,209,5,recov,0.0019496235384652606,6.240118982241723,476.6666666666667,6.2401189822417225
210,210,3,recov,0.0019496235384652606,6.240118982241723,476.6666666666667,6.2401189822417225
211,211,4,recov,0.0019496235384652606,6.240118982241723,476.6666666666667,6.2401189822417225
212,212,5,recov,0.0019496235384652606,6.240118982241723,476.6666666666667,6.2401189822417225
213,213,3,recov,0.0019496235384652606,6.240118982241723,476.6666666666667,6.2401189822417225
214,214,4,recov,0.0019496235384652606,6.240118982241723,476.6666666666667,6.2401189822417225
215,215,5,recov,0.0019496235384652606,6.240118982241723,476.6666666666667,6.2401189822417225
216,216,3,recov,0.0019496235384652606,6.240118982241723,476.6666666666667,6.2401189822417225
217,217,4,recov,0.0019496235384652606,6.240118982241723,476.6666666666667,6.2401189822417225
218,218,5,recov,0.0019496235384652606,6.240118982241723,476.6666666666667,6.2401189822417225
219,219,3,recov,0.0019496235384652606,6.240118982241723,476.6666666666667,6.2401189822417225
220,220,4,recov,0.0019496235384652606,6.240118982241723,476.6666666666667,6.2401189822417225
221,221,5,recov,0.0019496235384652606,6.240118982241723,476.6666666666667,6.2401189822417225
222,222,3,recov,0.0019496235384652606,6.240118982241723,476.6666666666667,6.2401189822417225
223,223,4,recov,0.0019496235384652606,6.240118982241723,476.6666666666667,6.2401189822417225
224,224,5,recov,0.0019496235384652606,6.240118982241723,476.6666666666667,6.2401189822417225
225,225,3,recov,0.0019496235384652606,6.240118982241723,476.6666666666667,6.2401189822417225
226,226,4,recov,0.0019496235384652606,6.240118982241723,476.6666666666667,6.2401189822417225
227,227,5,recov,0.0019496235384652606,6.240118982241723,476.6666666666667,6.2401189822417225
228,228,3,recov,0.0019496235384652606,6.240118982241723,476.6666666666667,6.2401189822417225
229,229,4,recov,0.0019496235384652606,6.240118982241723,476.6666666666667,6.2401189822417225
230,230,5,recov,0.0019496235384652606,6.240118982241723,476.6666666666667,6.2401189822417225
231,231,3,recov,0.0019496235384652606,6.240118982241723,476.6666666666667,6.2401189822417225
232,232,4,recov,0.0019496235384652606,6.240118982241723,476.6666666666667,6.2401189822417225
233,233,5,recov,0.0019496235384652606,6.240118982241723,476.6666666666667,6.2401189822417225
234,234,3,recov,0.0019496235384652606,6.240118982241723,476.6666666666667,6.2401189822417225
235,235,4,recov,0.0019496235384652606,6.240118982241723,476.6666666666667,6.2401189822417225
236,236,5,recov,0.0019496235384652606,6.240118982241723,476.6666666666667,6.2401189822417225
237,237,3,recov,0.0019496235384652606,6.240118982241723,476.6666666666667,6.2401189822417225
238,238,4,recov,0.0019496235384652606,6.240118982241723,476.6666666666667,6.2401189822417225
239,239,5,recov,0.0019496235384652606,6.240118982241723,476.6666666666667,6.2401189822417225
240,240,3,recov,0.0019496235384652606,6.240118982241723,476.6666666666667,6.2401189822417225
241,241,4,recov,0.0019496235384652606,6.240118982241723,476.6666666666667,6.2401189822417225
242,242,5,recov,0.0019496235384652606,6.240118982241723,476.6666666666667,6.2401189822417225
243,243,3,recov,0.0019496235384652606,6.240118982241723,476.6666666666667,6.2401189822417225
244,244,4,recov,0.0019496235384652606,6.240118982241723,476.6666666666667,6.2401189822417225
245,245,5,recov,0.0019496235384652606,6.240118982241723,476.6666666666667,6.2401189822417225
246,246,3,recov,0.0019496235384652606,6.240118982241723,476.6666666666667,6.2401189822417225
247,247,4,recov,0.0019496235384652606,6.240118982241723,476.6666666666667,6.2401189822417225
248,248,5,recov,0.0019496235384652606,6.240118982241723,476.6666666666667,6.2401189822417225
249,249,3,recov,0.0019496235384652606,6.240118982241723,476.6666666666667,6.2401189822417225
250,250,4,recov,0.0019496235384652606,6.240118982241723,476.6666666666667,6.2401189822417225
251,251,5,recov,0.0019496235384652606,6.240118982241723,476.6666666666667,6.2401189822417225
252,252,3,recov,0.0019496235384652606,6.240118982241723,476.6666666666667,6.2401189822417225
253,253,4,recov,0.0019496235384652606,6.240118982241723,476.6666666666667,6.2401189822417225
254,254,5,recov,0.0019496235384652606,6.240118982241723,476.6666666666667,6.2401189822417225
255,255,3,recov,0.0019496235384652606,6.240118982241723,476.6666666666667,6.2401189822417225
256,256,4,recov,0.0019496235384652606,6.240118982241723,476.6666666666667,6.2401189822417225
257,257,5,recov,0.0019496235384652606,6.240118982241723,476.6666666666667,6.2401189822417225
258,258,3,recov,0.0019496235384652606,6.240118982241723,476.6666666666667,6.2401189822417225
259,259,4,recov,0.0019496235384652606,6.240118982241723,476.6666666666667,6.2401189822417225
260,260,5,recov,0.0019496235384652606,6.240118982241723,476.6666666666667,6.2401189822417225
261,261,3,recov,0.0019496235384652606,6.240118982241723,476.6666666666667,6.2401189822417225
262,262,4,recov,0.0019496235384652606,6.240118982241723,476.6666666666667,6.2401189822417225
263,263,5,recov,0.0019496235384652606,6.240118982241723,476.6666666666667,6.2401189822417225
264,264,3,recov,0.0019496235384652606,6.240118982241723,476.6666666666667,6.2401189822417225
265,265,4,recov,0.0019496235384652606,6.240118982241723,476.6666666666667,6.2401189822417225
266,266,5,recov,0.0019496235384652606,6.240118982241723,476.6666666666667,6.2401189822417225
267,267,3,recov,0.0019496235384652606,6.240118982241723,476.6666666666667,6.2401189822417225
268,268,4,recov,0.0019496235384652606,6.240118982241723,476.6666666666667,6.2401189822417225
269,269,5,recov,0.0019496235384652606,6.240118982241723,476.6666666666667,6.2401189822417225
270,270,3,recov,0.0019496235384652606,6.240118982241723,476.6666666666667,6.2401189822417225
271,271,4,recov,0.0019496235384652606,6.240118982241723,476.6666666666667,6.2401189822417225
272,272,5,recov,0.0019496235384652606,6.240118982241723,476.6666666666667,6.2401189822417225
273,273,3,recov,0.0019496235384652606,6.240118982241723,476.6666666666667,6.2401189822417225
274,274,4,recov,0.0019496235384652606,6.240118982241723,476.6666666666667,6.2401189822417225
275,275,5,recov,0.0019496235384652606,6.240118982241723,476.6666666666667,6.2401189822417225
276,276,3,recov,0.0019496235384652606,6.240118982241723,476.6666666666667,6.2401189822417225
277,277,4,recov,0.0019496235384652606,6.240118982241723,476.6666666666667,6.2401189822417225
278,278,5,recov,0.0019496235384652606,6.240118982241723,476.6666666666667,6.2401189822417225
279,279,3,recov,0.0019496235384652606,6.240118982241723,476.6666666666667,6.2401189822417225
280,280,4,recov,0.0019496235384652606,6.240118982241723,476.6666666666667,6.2401189822417225
281,281,5,recov,0.0019496235384652606,6.240118982241723,476.6666666666667,6.2401189822417225
282,282,3,recov,0.0019496235384652606,6.240118982241723,476.6666666666667,6.2401189822417225
283,283,4,recov,0.0019496235384652606,6.240118982241723,476.6666666666667,6.2401189822417225
284,284,5,recov,0.0019496235384652606,6.240118982241723,476.6666666666667,6.2401189822417225
285,285,3,recov,0.0019496235384652606,6.240118982241723,476.6666666666667,6.2401189822417225
286,286,4,recov,0.0019496235384652606,6.240118982241723,476.6666666666667,6.2401189822417225
287,287,5,recov,0.0019496235384652606,6.240118982241723,476.6666666666667,6.2401189822417225
288,288,3,recov,0.0019496235384652606,6.240118982241723,476.6666666666667,6.2401189822417225
289,289,4,recov,0.0019496235384652606,6.240118982241723,476.6666666666667,6.2401189822417225
290,290,5,recov,0.0019496235384652606,6.240118982241723,476.6666666666667,6.2401189822417225
291,291,3,recov,0.0019496235384652606,6.240118982241723,476.6666666666667,6.2401189822417225
292,292,4,recov,0.0019496235384652606,6.240118982241723,476.6666666666667,6.2401189822417225
293,293,5,recov,0.0019496235384652606,6.240118982241723,476.6666666666667,6.2401189822417225
294,294,3,recov,0.0019496235384652606,6.240118982241723,476.6666666666667,6.2401189822417225
295,295,4,recov,0.0019496235384652606,6.240118982241723,476.6666666666667,6.2401189822417225
296,296,5,recov,0.0019496235384652606,6.240118982241723,476.6666666666667,6.2401189822417225
297,297,3,recov,0.0019496235384652606,6.240118982241723,476.6666666666667,6.2401189822417225
298,298,4,recov,0.0019496235384652606,6.240118982241723,476.6666666666667,6.2401189822417225
299,299,5,recov,0.0019496235384652606,6.240118982241723,476.6666666666667,6.2401189822417225
300,300,3,recov,0.0019496235384652606,6.240118982241723,476.6666666666667,6.2401189822417225
301,301,4,recov,0.0019496235384652606,6.240118982241723,476.6666666666667,6.2401189822417225
302,302,5,recov,0.0019496235384652606,6.240118982241723,476.6666666666667,6.2401189822417225
303,303,3,recov,0.0019496235384652606,6.240118982241723,476.6666666666667,6.2401189822417225
304,304,4,recov,0.0019496235384652606,6.240118982241723,476.6666666666667,6.2401189822417225
305,305,5,recov,0.0019496235384652606,6.240118982241723,476.6666666666667,6.2401189822417225
306,306,3,recov,0.0019496235384652606,6.240118982241723,476.6666666666667,6.2401189822417225
307,307,4,recov,0.0019496235384652606,6.240118982241723,476.6666666666667,6.2401189822417225
308,308,5,recov,0.0019496235384652606,6.240118982241723,476.6666666666667,6.2401189822417225
309,309,3,recov,0.0019496235384652606,6.240118982241723,476.6666666666667,6.2401189822417225
310,310,4,recov,0.0019496235384652606,6.240118982241723,476.6666666666667,6.2401189822417225
311,311,5,recov,0.0019496235384652606,6.240118982241723,476.6666666666667,6.2401189822417225
312,312,3,recov,0.0019496235384652606,6.240118982241723,476.6666666666667,6.2401189822417225
313,313,4,recov,0.0019496235384652606,6.240118982241723,476.6666666666667,6.2401189822417225
314,314,5,recov,0.0019496235384652606,6.240118982241723,476.6666666666667,6.2401189822417225
315,315,3,recov,0.0019496235384652606,6.240118982241723,476.6666666666667,6.2401189822417225
316,316,4,recov,0.0019496235384652606,6.240118982241723,476.6666666666667,6.2401189822417225
317,317,5,recov,0.0019496235384652606,6.240118982241723,476.6666666666667,6.2401189822417225
318,318,3,recov,0.0019496235384652606,6.240118982241723,476.6666666666667,6.2401189822417225
319,319,4,recov,0.0019496235384652606,6.240118982241723,476.6666666666667,6.2401189822417225
320,320,5,recov,0.0019496235384652606,6.240118982241723,476.6666666666667,6.2401189822417225
321,321,3,recov,0.0019496235384652606,6.240118982241723,476.6666666666667,6.2401189822417225
322,322,4,recov,0.0019496235384652606,6.240118982241723,476.6666666666667,6.2401189822417225
323,323,5,recov,0.0019496235384652606,6.240118982241723,476.6666666666667,6.2401189822417225
324,324,3,recov,0.0019496235384652606,6.240118982241723,476.6666666666667,6.2401189822417225
325,325,4,recov,0.0019496235384652606,6.240118982241723,476.6666666666667,6.2401189822417225
326,326,5,recov,0.0019496235384652606,6.240118982241723,476.6666666666667,6.2401189822417225
327,327,3,recov,0.0019496235384652606,6.240118982241723,476.6666666666667,6.2401189822417225
328,328,4,recov,0.0019496235384652606,6.240118982241723,476.6666666666667,6.2401189822417225
329,329,5,recov,0.0019496235384652606,6.240118982241723,476.6666666666667,6.2401189822417225
330,330,3,recov,0.0019496235384652606,6.240118982241723,476.6666666666667,6.2401189822417225
331,331,4,recov,0.0019496235384652606,6.240118982241723,476.6666666666667,6.2401189822417225
332,332,5,recov,0.0019496235384652606,6.240118982241723,476.6666666666667,6.2401189822417225
333,333,3,recov,0.0019496235384652606,6.240118982241723,476.6666666666667,6.2401189822417225
334,334,4,recov,0.0019496235384652606,6.240118982241723,476.6666666666667,6.2401189822417225
335,335,5,recov,0.0019496235384652606,6.240118982241723,476.6666666666667,6.2401189822417225
336,336,3,recov,0.0019496235384652606,6.240118982241723,476.6666666666667,6.2401189822417225
337,337,4,recov,0.0019496235384652606,6.240118982241723,476.6666666666667,6.2401189822417225
338,338,5,recov,0.0019496235384652606,6.240118982241723,476.6666666666667,6.2401189822417225
339,339,3,recov,0.0019496235384652606,6.240118982241723,476.6666666666667,6.2401189822417225
340,340,4,recov,0.0019496235384652606,6.240118982241723,476.6666666666667,6.2401189822417225
341,341,5,recov,0.0019496235384652606,6.240118982241723,476.6666666666667,6.2401189822417225
342,342,3,recov,0.0019496235384652606,6.240118982241723,476.6666666666667,6.2401189822417225
343,343,4,recov,0.0019496235384652606,6.240118982241723,476.6666666666667,6.2401189822417225
344,344,5,recov,0.0019496235384652606,6.240118982241723,476.6666666666667,6.2401189822417225
345,345,3,recov,0.0019496235384652606,6.240118982241723,476.6666666666667,6.2401189822417225
346,346,4,recov,0.0019496235384652606,6.240118982241723,476.6666666666667,6.2401189822417225
347,347,5,recov,0.0019496235384652606,6.240118982241723,476.6666666666667,6.2401189822417225
348,348,3,recov,0.0019496235384652606,6.240118982241723,476.6666666666667,6.2401189822417225
349,349,4,recov,0.0019496235384652606,6.240118982241723,476.6666666666667,6.2401189822417225
350,350,5,recov,0.0019496235384652606,6.240118982241723,476.6666666666667,6.2401189822417225
351,351,3,recov,0.0019496235384652606,6.240118982241723,476.6666666666667,6.2401189822417225
352,352,4,recov,0.0019496235384652606,6.240118982241723,476.6666666666667,6.2401189822417225
353,353,5,recov,0.0019496235384652606,6.240118982241723,476.6666666666667,6.2401189822417225
354,354,3,recov,0.0019496235384652606,6.240118982241723,476.6666666666667,6.2401189822417225
355,355,4,recov,0.0019496235384652606,6.240118982241723,476.6666666666667,6.2401189822417225
356,356,5,recov,0.0019496235384652606,6.240118982241723,476.6666666666667,6.2401189822417225
357,357,3,recov,0.0019496235384652606,6.240118982241723,476.6666666666667,6.2401189822417225
358,358,4,recov,0.0019496235384652606,6.240118982241723,476.6666666666667,6.2401189822417225
359,359,5,recov,0.0019496235384652606,6.240118982241723,476.6666666666667,6.2401189822417225
360,360,3,recov,0.0019496235384652606,6.240118982241723,476.6666666666667,6.2401189822417225
361,361,4,recov,0.0019496235384652606,6.240118982241723,476.6666666666667,6.2401189822417225
362,362,5,recov,0.0019496235384652606,6.240118982241723,476.6666666666667,6.2401189822417225
363,363,3,recov,0.0019496235384652606,6.240118982241723,476.6666666666667,6.2401189822417225
364,364,4,recov,0.0019496235384652606,6.240118982241723,476.6666666666667,6.2401189822417225
365,365,5,recov,0.0019496235384652606,6.240118982241723,476.6666666666667,6.2401189822417225
366,366,3,recov,0.0019496235384652606,6.240118982241723,476.6666666666667,6.2401189822417225
367,367,4,recov,0.0019496235384652606,6.240118982241723,476.6666666666667,6.2401189822417225
368,368,5,recov,0.0019496235384652606,6.240118982241723,476.6666666666667,6.2401189822417225
369,369,3,recov,0.0019496235384652606,6.240118982241723,476.6666666666667,6.2401189822417225
370,370,4,recov,0.0019496235384652606,6.240118982241723,476.6666666666667,6.2401189822417225
371,371,5,recov,0.0019496235384652606,6.240118982241723,476.6666666666667,6.2401189822417225
372,372,3,recov,0.0019496235384652606,6.240118982241723,476.6666666666667,6.2401189822417225
373,373,4,recov,0.0019496235384652606,6.240118982241723,476.6666666666667,6.2401189822417225
374,374,5,recov,0.0019496235384652606,6.240118982241723,476.6666666666667,6.2401189822417225
375,375,3,recov,0.0019496235384652606,6.240118982241723,476.6666666666667,6.2401189822417225
376,376,4,recov,0.0019496235384652606,6.240118982241723,476.6666666666667,6.2401189822417225
377,377,5,recov,0.0019496235384652606,6.240118982241723,476.6666666666667,6.2401189822417225
378,378,3,recov,0.0019496235384652606,6.240118982241723,476.6666666666667,6.2401189822417225
379,379,4,recov,0.0019496235384652606,6.240118982241723,476.6666666666667,6.2401189822417225
380,380,5,recov,0.0019496235384652606,6.240118982241723,476.6666666666667,6.2401189822417225
381,381,3,recov,0.0019496235384652606,6.240118982241723,476.6666666666667,6.2401189822417225
382,382,4,recov,0.0019496235384652606,6.240118982241723,476.6666666666667,6.2401189822417225
383,383,5,recov,0.0019496235384652606,6.240118982241723,476.6666666666667,6.2401189822417225
384,384,3,recov,0.0019496235384652606,6.240118982241723,476.6666666666667,6.2401189822417225
385,385,4,recov,0.0019496235384652606,6.240118982241723,476.6666666666667,6.2401189822417225
386,386,5,recov,0.0019496235384652606,6.240118982241723,476.6666666666667,6.2401189822417225
387,387,3,recov,0.0019496235384652606,6.240118982241723,476.6666666666667,6.2401189822417225
388,388,4,recov,0.0019496235384652606,6.240118982241723,476.6666666666667,6.2401189822417225
389,389,5,recov,0.0019496235384652606,6.240118982241723,476.6666666666667,6.2401189822417225
390,390,3,recov,0.0019496235384652606,6.240118982241723,476.6666666666667,6.2401189822417225
391,391,4,recov,0.0019496235384652606,6.240118982241723,476.6666666666667,6.2401189822417225
392,392,5,recov,0.0019496235384652606,6.240118982241723,476.6666666666667,6.2401189822417225
393,393,3,recov,0.0019496235384652606,6.240118982241723,476.6666666666667,6.2401189822417225
394,394,4,recov,0.0019496235384652606,6.240118982241723,476.6666666666667,6.2401189822417225
395,395,5,recov,0.0019496235384652606,6.240118982241723,476.6666666666667,6.2401189822417225
396,396,3,recov,0.0019496235384652606,6.240118982241723,476.6666666666667,6.2401189822417225
397,397,4,recov,0.0019496235384652606,6.240118982241723,476.6666666666667,6.2401189822417225
398,398,5,recov,0.0019496235384652606,6.240118982241723,476.6666666666667,6.2401189822417225
399,399,3,recov,0.0019496235384652606,6.240118982241723,476.6666666666667,6.2401189822417225
400,400,4,recov,0.0019496235384652606,6.240118982241723,476.6666666666667,6.2401189822417225
401,401,5,recov,0.0019496235384652606,6.240118982241723,476.6666666666667,6.2401189822417225
402,402,3,recov,0.0019496235384652606,6.240118982241723,476.6666666666667,6.2401189822417225
403,403,4,recov,0.0019496235384652606,6.240118982241723,476.6666666666667,6.2401189822417225
404,404,5,recov,0.0019496235384652606,6.240118982241723,476.6666666666667,6.2401189822417225
405,405,3,recov,0.0019496235384652606,6.240118982241723,476.6666666666667,6.2401189822417225
406,406,4,recov,0.0019496235384652606,6.240118982241723,476.6666666666667,6.2401189822417225
407,407,5,recov,0.0019496235384652606,6.240118982241723,476.6666666666667,6.2401189822417225
408,408,3,recov,0.0019496235384652606,6.240118982241723,476.6666666666667,6.2401189822417225
409,409,4,recov,0.0019496235384652606,6.240118982241723,476.6666666666667,6.2401189822417225
410,410,5,recov,0.0019496235384652606,6.240118982241723,476.6666666666667,6.2401189822417225
411,411,3,recov,0.0019496235384652606,6.240118982241723,476.6666666666667,6.2401189822417225
412,412,4,recov,0.0019496235384652606,6.240118982241723,476.6666666666667,6.2401189822417225
413,413,5,recov,0.0019496235384652606,6.240118982241723,476.6666666666667,6.2401189822417225
414,414,3,recov,0.0019496235384652606,6.240118982241723,476.6666666666667,6.2401189822417225
415,415,4,recov,0.0019496235384652606,6.240118982241723,476.6666666666667,6.2401189822417225
416,416,5,recov,0.0019496235384652606,6.240118982241723,476.6666666666667,6.2401189822417225
417,417,3,recov,0.0019496235384652606,6.240118982241723,476.6666666666667,6.2401189822417225
418,418,4,recov,0.0019496235384652606,6.240118982241723,476.6666666666667,6.2401189822417225
419,419,5,recov,0.0019496235384652606,6.240118982241723,476.6666666666667,6.2401189822417225
420,420,3,recov,0.0019496235384652606,6.240118982241723,476.6666666666667,6.2401189822417225
421,421,4,recov,0.0019496235384652606,6.240118982241723,476.6666666666667,6.2401189822417225
422,422,5,recov,0.0019496235384652606,6.240118982241723,476.6666666666667,6.2401189822417225
423,423,3,recov,0.0019496235384652606,6.240118982241723,476.6666666666667,6.2401189822417225
424,424,4,recov,0.0019496235384652606,6.240118982241723,476.6666666666667,6.2401189822417225
425,425,5,recov,0.0019496235384652606,6.240118982241723,476.6666666666667,6.2401189822417225
426,426,3,recov,0.0019496235384652606,6.240118982241723,476.6666666666667,6.2401189822417225
427,427,4,recov,0.0019496235384652606,6.240118982241723,476.6666666666667,6.2401189822417225
428,428,5,recov,0.0019496235384652606,6.240118982241723,476.6666666666667,6.2401189822417225
429,429,3,recov,0.0019496235384652606,6.240118982241723,476.6666666666667,6.2401189822417225
430,430,4,recov,0.0019496235384652606,6.240118982241723,476.6666666666667,6.2401189822417225
431,431,5,recov,0.0019496235384652606,6.240118982241723,476.6666666666667,6.2401189822417225
432,432,3,recov,0.0019496235384652606,6.240118982241723,476.6666666666667,6.2401189822417225
433,433,4,recov,0.0019496235384652606,6.240118982241723,476.6666666666667,6.2401189822417225
434,434,5,recov,0.0019496235384652606,6.240118982241723,476.6666666666667,6.2401189822417225
435,435,3,recov,0.0019496235384652606,6.240118982241723,476.6666666666667,6.2401189822417225
436,436,4,recov,0.0019496235384652606,6.240118982241723,476.6666666666667,6.2401189822417225
437,437,5,recov,0.0019496235384652606,6.240118982241723,476.6666666666667,6.2401189822417225
438,438,3,recov,0.0019496235384652606,6.240118982241723,476.6666666666667,6.2401189822417225
439,439,4,recov,0.0019496235384652606,6.240118982241723,476.6666666666667,6.2401189822417225
440,440,5,recov,0.0019496235384652606,6.240118982241723,476.6666666666667,6.2401189822417225
441,441,3,recov,0.0019496235384652606,6.240118982241723,476.6666666666667,6.2401189822417225
442,442,4,recov,0.0019496235384652606,6.240118982241723,476.6666666666667,6.2401189822417225
443,443,5,recov,0.0019496235384652606,6.240118982241723,476.6666666666667,6.2401189822417225
444,444,3,recov,0.0019496235384652606,6.240118982241723,476.6666666666667,6.2401189822417225
445,445,4,recov,0.0019496235384652606,6.240118982241723,476.6666666666667,6.2401189822417225
446,446,5,recov,0.0019496235384652606,6.240118982241723,476.6666666666667,6.2401189822417225
447,447,3,recov,0.0019496235384652606,6.240118982241723,476.6666666666667,6.2401189822417225
448,448,4,recov,0.0019496235384652606,6.240118982241723,476.6666666666667,6.2401189822417225
449,449,5,recov,0.0019496235384652606,6.240118982241723,476.6666666666667,6.2401189822417225
450,450,3,recov,0.0019496235384652606,6.240118982241723,476.6666666666667,6.2401189822417225
451,451,4,recov,0.0019496235384652606,6.240118982241723,476.6666666666667,6.2401189822417225
452,452,5,recov,0.0019496235384652606,6.240118982241723,476.6666666666667,6.2401189822417225
453,453,3,recov,0.0019496235384652606,6.240118982241723,476.6666666666667,6.2401189822417225
454,454,4,recov,0.0019496235384652606,6.240118982241723,476.6666666666667,6.2401189822417225
455,455,5,recov,0.0019496235384652606,6.240118982241723,476.6666666666667,6.2401189822417225
456,456,3,recov,0.0019496235384652606,6.240118982241723,476.6666666666667,6.2401189822417225
457,457,4,recov,0.0019496235384652606,6.240118982241723,476.6666666666667,6.2401189822417225
458,458,5,recov,0.0019496235384652606,6.240118982241723,476.6666666666667,6.2401189822417225
459,459,3,recov,0.0019496235384652606,6.240118982241723,476.6666666666667,6.2401189822417225
460,460,4,recov,0.0019496235384652606,6.240118982241723,476.6666666666667,6.2401189822417225
461,461,5,recov,0.0019496235384652606,6.240118982241723,476.6666666666667,6.2401189822417225
462,462,3,recov,0.0019496235384652606,6.240118982241723,476.6666666666667,6.2401189822417225
463,463,4,recov,0.0019496235384652606,6.240118982241723,476.6666666666667,6.2401189822417225
464,464,5,recov,0.0019496235384652606,6.240118982241723,476.6666666666667,6.2401189822417225
465,465,3,recov,0.0019496235384652606,6.240118982241723,476.6666666666667,6.2401189822417225
466,466,4,recov,0.0019496235384652606,6.240118982241723,476.6666666666667,6.2401189822417225
467,467,5,recov,0.0019496235384652606,6.240118982241723,476.6666666666667,6.2401189822417225
468,468,3,recov,0.0019496235384652606,6.240118982241723,476.6666666666667,6.2401189822417225
469,469,4,recov,0.0019496235384652606,6.240118982241723,476.6666666666667,6.2401189822417225
470,470,5,recov,0.0019496235384652606,6.240118982241723,476.6666666666667,6.2401189822417225
471,471,3,recov,0.0019496235384652606,6.240118982241723,476.6666666666667,6.2401189822417225
472,472,4,recov,0.0019496235384652606,6.240118982241723,476.6666666666667,6.2401189822417225
473,473,5,recov,0.0019496235384652606,6.240118982241723,476.6666666666667,6.2401189822417225
474,474,3,recov,0.0019496235384652606,6.240118982241723,476.6666666666667,6.2401189822417225
475,475,4,recov,0.0019496235384652606,6.240118982241723,476.6666666666667,6.2401189822417225
476,476,5,recov,0.0019496235384652606,6.240118982241723,476.6666666666667,6.2401189822417225
477,477,3,recov,0.0019496235384652606,6.240118982241723,476.6666666666667,6.2401189822417225
478,478,4,recov,0.0019496235384652606,6.240118982241723,476.6666666666667,6.2401189822417225
479,479,5,recov,0.0019496235384652606,6.240118982241723,476.6666666666667,6.2401189822417225
480,480,3,recov,0.0019496235384652606,6.240118982241723,476.6666666666667,6.2401189822417225
481,481,4,recov,0.0019496235384652606,6.240118982241723,476.6666666666667,6.2401189822417225
482,482,5,recov,0.0019496235384652606,6.240118982241723,476.6666666666667,6.2401189822417225
483,483,3,recov,0.0019496235384652606,6.240118982241723,476.6666666666667,6.2401189822417225
484,484,4,recov,0.0019496235384652606,6.240118982241723,476.6666666666667,6.2401189822417225
485,485,5,recov,0.0019496235384652606,6.240118982241723,476.6666666666667,6.2401189822417225
486,486,3,recov,0.0019496235384652606,6.240118982241723,476.6666666666667,6.2401189822417225
487,487,4,recov,0.0019496235384652606,6.240118982241723,476.6666666666667,6.2401189822417225
488,488,5,recov,0.0019496235384652606,6.240118982241723,476.6666666666667,6.2401189822417225
489,489,3,recov,0.0019496235384652606,6.240118982241723,476.6666666666667,6.2401189822417225
490,490,4,recov,0.0019496235384652606,6.240118982241723,476.6666666666667,6.2401189822417225
491,491,5,recov,0.0019496235384652606,6.240118982241723,476.6666666666667,6.2401189822417225
492,492,3,recov,0.0019496235384652606,6.240118982241723,476.6666666666667,6.2401189822417225
493,493,4,recov,0.0019496235384652606,6.240118982241723,476.6666666666667,6.2401189822417225
494,494,5,recov,0.0019496235384652606,6.240118982241723,476.6666666666667,6.2401189822417225
495,495,3,recov,0.0019496235384652606,6.240118982241723,476.6666666666667,6.2401189822417225
496,496,4,recov,0.0019496235384652606,6.240118982241723,476.6666666666667,6.2401189822417225
497,497,5,recov,0.0019496235384652606,6.240118982241723,476.6666666666667,6.2401189822417225
498,498,3,recov,0.0019496235384652606,6.240118982241723,476.6666666666667,6.2401189822417225
499,499,4,recov,0.0019496235384652606,6.240118982241723,476.6666666666667,6.2401189822417225
500,500,5,recov,0.0019496235384652606,6.240118982241723,476.6666666666667,6.2401189822417225
501,501,3,recov,0.0019496235384652606,6.240118982241723,476.6666666666667,6.2401189822417225
502,502,4,recov,0.0019496235384652606,6.240118982241723,476.6666666666667,6.2401189822417225
503,503,5,recov,0.0019496235384652606,6.240118982241723,476.6666666666667,6.2401189822417225
504,504,3,recov,0.0019496235384652606,6.240118982241723,476.6666666666667,6.2401189822417225
505,505,4,recov,0.0019496235384652606,6.240118982241723,476.6666666666667,6.2401189822417225
506,506,5,recov,0.0019496235384652606,6.240118982241723,476.6666666666667,6.2401189822417225
507,507,3,recov,0.0019496235384652606,6.240118982241723,476.6666666666667,6.2401189822417225
508,508,4,recov,0.0019496235384652606,6.240118982241723,476.6666666666667,6.2401189822417225
509,509,5,recov,0.0019496235384652606,6.240118982241723,476.6666666666667,6.2401189822417225
510,510,3,recov,0.0019496235384652606,6.240118982241723,476.6666666666667,6.2401189822417225
511,511,4,recov,0.0019496235384652606,6.240118982241723,476.6666666666667,6.2401189822417225
512,512,5,recov,0.0019496235384652606,6.240118982241723,476.6666666666667,6.2401189822417225
513,513,3,recov,0.0019496235384652606,6.240118982241723,476.6666666666667,6.2401189822417225
514,514,4,recov,0.0019496235384652606,6.240118982241723,476.6666666666667,6.2401189822417225
515,515,5,recov,0.0019496235384652606,6.240118982241723,476.6666666666667,6.2401189822417225
516,516,3,recov,0.0019496235384652606,6.240118982241723,476.6666666666667,6.2401189822417225
517,517,4,recov,0.0019496235384652606,6.240118982241723,476.6666666666667,6.2401189822417225
518,518,5,recov,0.0019496235384652606,6.240118982241723,476.6666666666667,6.2401189822417225
519,519,3,recov,0.0019496235384652606,6.240118982241723,476.6666666666667,6.2401189822417225
520,520,4,recov,0.0019496235384652606,6.240118982241723,476.6666666666667,6.2401189822417225
521,521,5,recov,0.0019496235384652606,6.240118982241723,476.6666666666667,6.2401189822417225
522,522,3,recov,0.0019496235384652606,6.240118982241723,476.6666666666667,6.2401189822417225
523,523,4,recov,0.0019496235384652606,6.240118982241723,476.6666666666667,6.2401189822417225
524,524,5,recov,0.0019496235384652606,6.240118982241723,476.6666666666667,6.2401189822417225
525,525,3,recov,0.0019496235384652606,6.240118982241723,476.6666666666667,6.2401189822417225
526,526,4,recov,0.0019496235384652606,6.240118982241723,476.6666666666667,6.2401189822417225
527,527,5,recov,0.0019496235384652606,6.240118982241723,476.6666666666667,6.2401189822417225
528,528,3,recov,0.0019496235384652606,6.240118982241723,476.6666666666667,6.2401189822417225
529,529,4,recov,0.0019496235384652606,6.240118982241723,476.6666666666667,6.2401189822417225
530,530,5,recov,0.0019496235384652606,6.240118982241723,476.6666666666667,6.2401189822417225
531,531,3,recov,0.0019496235384652606,6.240118982241723,476.6666666666667,6.2401189822417225
532,532,4,recov,0.0019496235384652606,6.240118982241723,476.6666666666667,6.2401189822417225
533,533,5,recov,0.0019496235384652606,6.240118982241723,476.6666666666667,6.2401189822417225
534,534,3,recov,0.0019496235384652606,6.240118982241723,476.6666666666667,6.2401189822417225
535,535,4,recov,0.0019496235384652606,6.240118982241723,476.6666666666667,6.2401189822417225
536,536,5,recov,0.0019496235384652606,6.240118982241723,476.6666666666667,6.2401189822417225
537,537,3,recov,0.0019496235384652606,6.240118982241723,476.6666666666667,6.2401189822417225
538,538,4,recov,0.0019496235384652606,6.240118982241723,476.6666666666667,6.2401189822417225
539,539,5,recov,0.0019496235384652606,6.240118982241723,476.6666666666667,6.2401189822417225
540,540,3,recov,0.0019496235384652606,6.240118982241723,476.6666666666667,6.2401189822417225
541,541,4,recov,0.0019496235384652606,6.240118982241723,476.6666666666667,6.2401189822417225
542,542,5,recov,0.0019496235384652606,6.240118982241723,476.6666666666667,6.2401189822417225
543,543,0,fam_r,0.0019492333015680501,6.240319162404537,476.6666666666667,6.2401189822417225
544,544,1,fam_r,0.0019492333015680501,6.240319162404537,476.6666666666667,6.2401189822417225
545,545,2,fam_r,0.0019492333015680501,6.240319162404537,476.6666666666667,6.2401189822417225
546,546,0,fam_r,0.0019496231482283635,6.240119182401871,476.6666666666667,6.2401189822417225
547,547,1,fam_r,0.0019496231482283635,6.240119182401871,476.6666666666667,6.2401189822417225
548,548,2,fam_r,0.0019496231482283635,6.240119182401871,476.6666666666667,6.2401189822417225
549,549,0,fam_r,0.001949623538075024,6.240118982441883,476.6666666666667,6.2401189822417225
550,550,1,fam_r,0.001949623538075024,6.240118982441883,476.6666666666667,6.2401189822417225
551,551,2,fam_r,0.001949623538075024,6.240118982441883,476.6666666666667,6.2401189822417225
552,552,0,fam_r,0.0019496235384648707,6.240118982241923,476.6666666666667,6.2401189822417225
553,553,1,fam_r,0.0019496235384648707,6.240118982241923,476.6666666666667,6.2401189822417225
554,554,2,fam_r,0.0019496235384648707,6.240118982241923,476.6666666666667,6.2401189822417225
555,555,0,fam_r,0.0019496235384652604,6.240118982241723,476.6666666666667,6.2401189822417225
556,556,1,fam_r,0.0019496235384652604,6.240118982241723,476.6666666666667,6.2401189822417225
557,557,2,fam_r,0.0019496235384652604,6.240118982241723,476.6666666666667,6.2401189822417225
