,time_step,stimulus,type,familiarity,novelty,dN,steady
0,0,0,fam,0.015873015873015872,4.143134726391533,0.0,1.8496775429990315
1,1,1,fam,0.01559792027729636,4.16061768917188,0.0,1.8496775429990315
2,2,2,fam,0.015334810018742545,4.17762987022807,0.0,1.8496775429990315
3,3,0,fam,0.03150824282178176,3.457506090500013,0.0,1.8496775429990315
4,4,1,fam,0.031004083597800866,3.47363635421117,0.0,1.8496775429990315
5,5,2,fam,0.030520610904008837,3.4893530562521575,0.0,1.8496775429990315
6,6,0,fam,0.04525979546754492,3.0953361578425262,0.0,1.8496775429990315
7,7,1,fam,0.04458868389947759,3.1102751763765157,0.0,1.8496775429990315
8,8,2,fam,0.043943604738901985,3.124848177636785,0.0,1.8496775429990315
9,9,0,fam,0.05744351675500337,2.856953131272959,0.0,1.8496775429990315
10,10,1,fam,0.056651572538998225,2.870835533040819,0.0,1.8496775429990315
11,11,2,fam,0.055888767942038696,2.8843918502799086,0.0,1.8496775429990315
12,12,0,fam,0.0683083993491188,2.683722542673379,0.0,1.8496775429990315
13,13,1,fam,0.06743023578193419,2.6966617595498694,0.0,1.8496775429990315
14,14,2,fam,0.06658281588003466,2.7093087545479335,0.0,1.8496775429990315
15,15,0,fam,0.07805338456975115,2.55036226883852,0.0,1.8496775429990315
16,16,1,fam,0.07711520841752095,2.562454762125637,0.0,1.8496775429990315
17,17,2,fam,0.07620836874863408,2.5742839962224204,0.0,1.8496775429990315
18,18,0,fam,0.0868393379967384,2.44369555725377,0.0,1.8496775429990315
19,19,1,fam,0.08586113128296917,2.455024040370251,0.0,1.8496775429990315
20,20,2,fam,0.08491417587471208,2.4661142281694204,0.0,1.8496775429990315
21,21,0,fam,0.09479774365226809,2.356009671140825,0.0,1.8496775429990315
22,22,1,fam,0.09379482435825677,2.366645601909593,0.0,1.8496775429990315
23,23,2,fam,0.09282262124206453,2.3770649055111326,0.0,1.8496775429990315
24,24,0,fam,0.10203711994205637,2.2824186109004994,0.0,1.8496775429990315
25,25,1,fam,0.10102127472571397,2.2924241434738932,0.0,1.8496775429990315
26,26,2,fam,0.10003531789728848,2.3022319763741734,0.0,1.8496775429990315
27,27,0,fam,0.1086478247033084,2.219643593618565,0.0,1.8496775429990315
28,28,1,fam,0.10762814177488964,2.229073124791423,0.0,1.8496775429990315
29,29,2,fam,0.10663733585230799,2.2383215860540253,0.0,1.8496775429990315
30,30,0,fam,0.1147057022735848,2.165385541404387,0.0,1.8496775429990315
31,31,1,fam,0.1136891910320526,2.1742869484258307,0.0,1.8496775429990315
32,32,2,fam,0.11270043766628932,2.1830219744808654,0.0,1.8496775429990315
33,33,0,fam,0.12027488558284989,2.117975442693269,0.0,1.8496775429990315
34,34,1,fam,0.11926694252746725,2.1263910836034516,0.0,1.8496775429990315
35,35,2,fam,0.1182855832000812,2.1346533818646787,0.0,1.8496775429990315
36,36,0,fam,0.12540997317480873,2.07616712304614,0.0,1.8496775429990315
37,37,1,fam,0.124414735615508,2.084134652191252,0.0,1.8496775429990315
38,38,2,fam,0.1234448891416065,2.0919604642779617,0.0,1.8496775429990315
39,39,0,fam,0.13015773800160152,2.0390081948210006,0.0,1.8496775429990315
40,40,1,fam,0.1291783549435857,2.046561233064983,0.0,1.8496775429990315
41,41,2,fam,0.12822317691915766,2.0539829636346862,0.0,1.8496775429990315
42,42,0,fam,0.1345584814145436,2.005756368384918,0.0,1.8496775429990315
43,43,1,fam,0.13359732266442018,2.0129250580173688,0.0,1.8496775429990315
44,44,2,fam,0.13265920646261553,2.019971796640779,0.0,1.8496775429990315
45,45,0,fam,0.13864711542346286,1.9758233118719835,0.0,1.8496775429990315
46,46,1,fam,0.13770593417461985,1.9826347792260535,0.0,1.8496775429990315
47,47,2,fam,0.13678666776267343,1.9893327364182085,0.0,1.8496775429990315
48,48,0,fam,0.142454034787721,1.9487358942012176,0.0,1.8496775429990315
49,49,1,fam,0.14153409486570656,1.9552146378088502,0.0,1.8496775429990315
50,50,2,fam,0.14063498394203633,1.9615875116224675,0.0,1.8496775429990315
51,51,0,fam,0.14600582506158963,1.9241087603875713,0.0,1.8496775429990315
52,52,1,fam,0.14510800110494457,1.9302769786071279,0.0,1.8496775429990315
53,53,2,fam,0.14422996635656143,1.9363462646491636,0.0,1.8496775429990315
54,54,0,fam,0.14932584150042943,1.9016245050176541,0.0,1.8496775429990315
55,55,1,fam,0.148450698259054,1.9075023741185333,0.0,1.8496775429990315
56,56,2,fam,0.14759435258676254,1.9132876291550587,0.0,1.8496775429990315
57,57,0,fam,0.15243468549591072,1.8810190665079065,0.0,1.8496775429990315
58,58,1,fam,0.15158254090514245,1.886624977939286,0.0,1.8496775429990315
59,59,2,fam,0.15074825103726522,1.892144045184994,0.0,1.8496775429990315
60,60,0,fam,0.15535059909494414,1.8620707867298913,0.0,1.8496775429990315
61,61,1,fam,0.15452157466350577,1.8674215505583616,0.0,1.8496775429990315
62,62,2,fam,0.15370951052657797,1.8726907531457997,0.0,1.8496775429990315
63,63,0,fam,0.15808979357619546,1.844592093610895,0.0,1.8496775429990315
64,64,1,fam,0.15728385479560877,1.8497031137558981,0.0,1.8496775429990315
65,65,2,fam,0.1564940292275608,1.8547374216303014,0.0,1.8496775429990315
66,66,0,fam_r,0.1606667245946168,1.828423093052304,0.0,1.8496775429990315
67,67,1,fam_r,0.15988371345659352,1.8333085188851437,0.0,1.8496775429990315
68,68,2,fam_r,0.15911601426062677,1.8381216933887377,0.0,1.8496775429990315
69,69,0,fam_r,0.1630943237635018,1.8134265721465435,0.0,1.8496775429990315
70,70,1,fam_r,0.16233398500373108,1.8180994301790139,0.0,1.8496775429990315
71,71,2,fam_r,0.1615882008971215,1.822704149811298,0.0,1.8496775429990315
72,72,0,fam_r,0.16538419451370223,1.7994840601260735,0.0,1.8496775429990315
73,73,1,fam_r,0.16464619684506485,1.8039563688470353,0.0,1.8496775429990315
74,74,2,fam_r,0.16392203851908413,1.8083643390680333,0.0,1.8496775429990315
75,75,0,fam_r,0.1675467784976734,1.786492692093936,0.0,1.8496775429990315
76,76,1,fam_r,0.1668307318242183,1.7907755624777797,0.0,1.8496775429990315
77,77,2,fam_r,0.16612784907221667,1.7949976119244333,0.0,1.8496775429990315
78,78,0,fam_r,0.16959149757997904,1.7743626890745146,0.0,1.8496775429990315
79,79,1,fam_r,0.16889696697393322,1.7784664128551793,0.0,1.8496775429990315
80,80,2,fam_r,0.16821496264469182,1.7825125779402462,0.0,1.8496775429990315
0,0,0,fam,0.015873015873015872,4.143134726391533,73.33333333333334,2.020036530604409
1,1,1,fam,0.01559792027729636,4.16061768917188,73.33333333333334,2.020036530604409
2,2,2,fam,0.015334810018742545,4.17762987022807,73.33333333333334,2.020036530604409
3,3,0,fam,0.03150824282178176,3.457506090500013,73.33333333333334,2.020036530604409
4,4,1,fam,0.031004083597800866,3.47363635421117,73.33333333333334,2.020036530604409
5,5,2,fam,0.030520610904008837,3.4893530562521575,73.33333333333334,2.020036530604409
6,6,0,fam,0.04525979546754492,3.0953361578425262,73.33333333333334,2.020036530604409
7,7,1,fam,0.04458868389947759,3.1102751763765157,73.33333333333334,2.020036530604409
8,8,2,fam,0.043943604738901985,3.124848177636785,73.33333333333334,2.020036530604409
9,9,0,fam,0.05744351675500337,2.856953131272959,73.33333333333334,2.020036530604409
10,10,1,fam,0.056651572538998225,2.870835533040819,73.33333333333334,2.020036530604409
11,11,2,fam,0.055888767942038696,2.8843918502799086,73.33333333333334,2.020036530604409
12,12,0,fam,0.0683083993491188,2.683722542673379,73.33333333333334,2.020036530604409
13,13,1,fam,0.06743023578193419,2.6966617595498694,73.33333333333334,2.020036530604409
14,14,2,fam,0.06658281588003466,2.7093087545479335,73.33333333333334,2.020036530604409
15,15,0,fam,0.07805338456975115,2.55036226883852,73.33333333333334,2.020036530604409
16,16,1,fam,0.07711520841752095,2.562454762125637,73.33333333333334,2.020036530604409
17,17,2,fam,0.07620836874863408,2.5742839962224204,73.33333333333334,2.020036530604409
18,18,0,fam,0.0868393379967384,2.44369555725377,73.33333333333334,2.020036530604409
19,19,1,fam,0.08586113128296917,2.455024040370251,73.33333333333334,2.020036530604409
20,20,2,fam,0.08491417587471208,2.4661142281694204,73.33333333333334,2.020036530604409
21,21,0,fam,0.09479774365226809,2.356009671140825,73.33333333333334,2.020036530604409
22,22,1,fam,0.09379482435825677,2.366645601909593,73.33333333333334,2.020036530604409
23,23,2,fam,0.09282262124206453,2.3770649055111326,73.33333333333334,2.020036530604409
24,24,0,fam,0.10203711994205637,2.2824186109004994,73.33333333333334,2.020036530604409
25,25,1,fam,0.10102127472571397,2.2924241434738932,73.33333333333334,2.020036530604409
26,26,2,fam,0.10003531789728848,2.3022319763741734,73.33333333333334,2.020036530604409
27,27,0,fam,0.1086478247033084,2.219643593618565,73.33333333333334,2.020036530604409
28,28,1,fam,0.10762814177488964,2.229073124791423,73.33333333333334,2.020036530604409
29,29,2,fam,0.10663733585230799,2.2383215860540253,73.33333333333334,2.020036530604409
30,30,0,fam,0.1147057022735848,2.165385541404387,73.33333333333334,2.020036530604409
31,31,1,fam,0.1136891910320526,2.1742869484258307,73.33333333333334,2.020036530604409
32,32,2,fam,0.11270043766628932,2.1830219744808654,73.33333333333334,2.020036530604409
33,33,0,fam,0.12027488558284989,2.117975442693269,73.33333333333334,2.020036530604409
34,34,1,fam,0.11926694252746725,2.1263910836034516,73.33333333333334,2.020036530604409
35,35,2,fam,0.1182855832000812,2.1346533818646787,73.33333333333334,2.020036530604409
36,36,0,fam,0.12540997317480873,2.07616712304614,73.33333333333334,2.020036530604409
37,37,1,fam,0.124414735615508,2.084134652191252,73.33333333333334,2.020036530604409
38,38,2,fam,0.1234448891416065,2.0919604642779617,73.33333333333334,2.020036530604409
39,39,0,fam,0.13015773800160152,2.0390081948210006,73.33333333333334,2.020036530604409
40,40,1,fam,0.1291783549435857,2.046561233064983,73.33333333333334,2.020036530604409
41,41,2,fam,0.12822317691915766,2.0539829636346862,73.33333333333334,2.020036530604409
42,42,0,fam,0.1345584814145436,2.005756368384918,73.33333333333334,2.020036530604409
43,43,1,fam,0.13359732266442018,2.0129250580173688,73.33333333333334,2.020036530604409
44,44,2,fam,0.13265920646261553,2.019971796640779,73.33333333333334,2.020036530604409
45,45,0,fam,0.13864711542346286,1.9758233118719835,73.33333333333334,2.020036530604409
46,46,1,fam,0.13770593417461985,1.9826347792260535,73.33333333333334,2.020036530604409
47,47,2,fam,0.13678666776267343,1.9893327364182085,73.33333333333334,2.020036530604409
48,48,0,fam,0.142454034787721,1.9487358942012176,73.33333333333334,2.020036530604409
49,49,1,fam,0.14153409486570656,1.9552146378088502,73.33333333333334,2.020036530604409
50,50,2,fam,0.14063498394203633,1.9615875116224675,73.33333333333334,2.020036530604409
51,51,0,fam,0.14600582506158963,1.9241087603875713,73.33333333333334,2.020036530604409
52,52,1,fam,0.14510800110494457,1.9302769786071279,73.33333333333334,2.020036530604409
53,53,2,fam,0.14422996635656143,1.9363462646491636,73.33333333333334,2.020036530604409
54,54,0,fam,0.14932584150042943,1.9016245050176541,73.33333333333334,2.020036530604409
55,55,1,fam,0.148450698259054,1.9075023741185333,73.33333333333334,2.020036530604409
56,56,2,fam,0.14759435258676254,1.9132876291550587,73.33333333333334,2.020036530604409
57,57,0,fam,0.15243468549591072,1.8810190665079065,73.33333333333334,2.020036530604409
58,58,1,fam,0.15158254090514245,1.886624977939286,73.33333333333334,2.020036530604409
59,59,2,fam,0.15074825103726522,1.892144045184994,73.33333333333334,2.020036530604409
60,60,0,fam,0.15535059909494414,1.8620707867298913,73.33333333333334,2.020036530604409
61,61,1,fam,0.15452157466350577,1.8674215505583616,73.33333333333334,2.020036530604409
62,62,2,fam,0.15370951052657797,1.8726907531457997,73.33333333333334,2.020036530604409
63,63,0,fam,0.15808979357619546,1.844592093610895,73.33333333333334,2.020036530604409
64,64,1,fam,0.15728385479560877,1.8497031137558981,73.33333333333334,2.020036530604409
65,65,2,fam,0.1564940292275608,1.8547374216303014,73.33333333333334,2.020036530604409
66,66,3,recov,0.008556248299167497,4.761093467710004,73.33333333333334,2.020036530604409
67,67,4,recov,0.008514549324256264,4.765978893542844,73.33333333333334,2.020036530604409
68,68,5,recov,0.008473665781280353,4.770792068046438,73.33333333333334,2.020036530604409
69,69,3,recov,0.017617740239079062,4.038848916467306,73.33333333333334,2.020036530604409
70,70,4,recov,0.017535607087818886,4.0435217744997765,73.33333333333334,2.020036530604409
71,71,5,recov,0.01745504615619668,4.048126494132061,73.33333333333334,2.020036530604409
72,72,3,recov,0.026165133734814588,3.6433275279608393,73.33333333333334,2.020036530604409
73,73,4,recov,0.0260483764609248,3.647799836681801,73.33333333333334,2.020036530604409
74,74,5,recov,0.025933808684359575,3.6522078069027994,73.33333333333334,2.020036530604409
75,75,3,recov,0.034237404310330316,3.3744365392758437,73.33333333333334,2.020036530604409
76,76,4,recov,0.03409108350557375,3.3787194096596878,73.33333333333334,2.020036530604409
77,77,5,recov,0.03394745268689244,3.382941459106341,73.33333333333334,2.020036530604409
78,78,3,recov,0.0418697209304609,3.1731923641163378,73.33333333333334,2.020036530604409
79,79,4,recov,0.041698251233761696,3.1772960878970022,73.33333333333334,2.020036530604409
80,80,5,recov,0.0415298740960739,3.1813422529820694,73.33333333333334,2.020036530604409
81,81,3,recov,0.04909390010562134,3.0140204860007556,73.33333333333334,2.020036530604409
82,82,4,recov,0.04890113786952816,3.0179546134565327,73.33333333333334,2.020036530604409
83,83,5,recov,0.04871178857487256,3.0218342129941895,73.33333333333334,2.020036530604409
84,84,3,recov,0.05593879647976826,2.8834971059237056,73.33333333333334,2.020036530604409
85,85,4,recov,0.05572811428287161,2.8872705146343596,73.33333333333334,2.020036530604409
86,86,5,recov,0.055521096359385486,2.8909922158714725,73.33333333333334,2.020036530604409
87,87,3,recov,0.06243064003040481,2.7736990979923535,73.33333333333334,2.020036530604409
88,88,4,recov,0.06220499022248124,2.777320053797895,73.33333333333334,2.020036530604409
89,89,5,recov,0.06198319797841023,2.7808919310124973,73.33333333333334,2.020036530604409
90,90,3,recov,0.0685933282046134,2.679560005472533,73.33333333333334,2.020036530604409
91,91,4,recov,0.068355297271495,2.683036216672008,73.33333333333334,2.020036530604409
92,92,5,recov,0.06812126839709681,2.6864658033214113,73.33333333333334,2.020036530604409
93,93,3,recov,0.07444867986420463,2.5976452518534585,73.33333333333334,2.020036530604409
94,94,4,recov,0.07420053507923816,2.6009839175243163,73.33333333333334,2.020036530604409
95,95,5,recov,0.07395649583500395,2.6042782527770436,73.33333333333334,2.020036530604409
96,96,3,recov,0.08001665674061538,2.5255204567231027,73.33333333333334,2.020036530604409
97,97,4,recov,0.07976038631194123,2.5287283099107296,73.33333333333334,2.020036530604409
98,98,5,recov,0.07950829045760774,2.531893980273259,73.33333333333334,2.020036530604409
99,99,3,recov,0.08531555714804087,2.461398459542595,73.33333333333334,2.020036530604409
100,100,4,recov,0.08505290486260238,2.4644818059604185,73.33333333333334,2.020036530604409
101,101,5,recov,0.08479446728385998,2.4675249826068852,73.33333333333334,2.020036530604409
102,102,3,recov,0.09036218592638996,2.403929396369163,73.33333333333334,2.020036530604409
103,103,4,recov,0.09009468112237573,2.406894149158358,73.33333333333334,2.020036530604409
104,104,5,recov,0.08983140695146155,2.4098206214851654,73.33333333333334,2.020036530604409
105,105,3,recov,0.09517200394888624,2.352069456600854,73.33333333333334,2.020036530604409
106,106,4,recov,0.0949009875102753,2.3549211676219195,73.33333333333334,2.020036530604409
107,107,5,recov,0.0946341974053436,2.357736373476723,73.33333333333334,2.020036530604409
108,108,3,recov,0.09975926000496854,2.3049953953907893,73.33333333333334,2.020036530604409
109,109,4,recov,0.09948590695878055,2.307739283454505,73.33333333333334,2.020036530604409
110,110,5,recov,0.09921675909924335,2.3104483364277972,73.33333333333334,2.020036530604409
111,111,3,recov,0.10413710743587709,2.2620469073593026,73.33333333333334,2.020036530604409
112,112,4,recov,0.10386244663974531,2.2646878837497897,73.33333333333334,2.020036530604409
113,113,5,recov,0.10359195590608881,2.2672955978654605,73.33333333333334,2.020036530604409
114,114,3,recov,0.10831770754076006,2.222686633809114,73.33333333333334,2.020036530604409
115,115,4,recov,0.10804263887168651,2.2252293254051874,73.33333333333334,2.020036530604409
116,116,5,recov,0.10777169360496328,2.2277402375023203,73.33333333333334,2.020036530604409
117,117,3,recov,0.11231232147162439,2.1864717040077974,73.33333333333334,2.020036530604409
118,118,4,recov,0.11203763086318251,2.1889204742691484,73.33333333333334,2.020036530604409
119,119,5,recov,0.11176700753857131,2.1913388643297056,73.33333333333334,2.020036530604409
120,120,3,recov,0.11613139208504515,2.153033038497212,73.33333333333334,2.020036530604409
121,121,4,recov,0.11585776470742366,2.155392006548075,73.33333333333334,2.020036530604409
122,122,5,recov,0.11558814080563375,2.1577219161929473,73.33333333333334,2.020036530604409
123,123,3,recov,0.11978461700845777,2.1220600071510214,73.33333333333334,2.020036530604409
124,124,4,recov,0.11951264884163552,2.124333065164922,73.33333333333334,2.020036530604409
125,125,5,recov,0.11924461415966131,2.126578314513193,73.33333333333334,2.020036530604409
126,126,3,recov,0.1232810140019984,2.0932888628094375,73.33333333333334,2.020036530604409
127,127,4,recov,0.12301122201543135,2.095479691873645,73.33333333333334,2.020036530604409
128,128,5,recov,0.12274528862275054,2.0976438949361635,73.33333333333334,2.020036530604409
129,129,3,recov,0.12662897954749175,2.066493889088837,73.33333333333334,2.020036530604409
130,130,4,recov,0.1263618106687094,2.068605973705608,73.33333333333334,2.020036530604409
131,131,5,recov,0.12609842168525812,2.0706925524634388,73.33333333333334,2.020036530604409
132,132,3,recov,0.12983634146964346,2.0414805333936474,73.33333333333334,2.020036530604409
133,133,4,recov,0.12957218049806649,2.0435171747567207,73.33333333333334,2.020036530604409
134,134,5,recov,0.1293117178452431,2.045529372057312,73.33333333333334,2.020036530604409
135,135,3,recov,0.1329104062869665,2.0180800146957956,73.33333333333334,2.020036530604409
136,136,4,recov,0.1326495828872299,2.0200443428644714,73.33333333333334,2.020036530604409
137,137,5,recov,0.13239237414198035,2.0219852342529587,73.33333333333334,2.020036530604409
138,138,0,fam_r,0.06574608801899888,2.721955107504231,73.33333333333334,2.020036530604409
139,139,1,fam_r,0.06562161813472824,2.723850092583323,73.33333333333334,2.020036530604409
140,140,2,fam_r,0.06549885632548273,2.7257225971730232,73.33333333333334,2.020036530604409
141,141,0,fam_r,0.07103710242979945,2.6445529689988843,73.33333333333334,2.020036530604409
142,142,1,fam_r,0.07090733243339159,2.6463814314206435,73.33333333333334,2.020036530604409
143,143,2,fam_r,0.07077932633117906,2.648188321895095,73.33333333333334,2.020036530604409
144,144,0,fam_r,0.0761146084191039,2.5755150690797795,73.33333333333334,2.020036530604409
145,145,1,fam_r,0.07598041349564166,2.5772796890731904,73.33333333333334,2.020036530604409
146,146,2,fam_r,0.07584802582356076,2.5790236009019134,73.33333333333334,2.020036530604409
147,147,0,fam_r,0.08098910195195202,2.513440677164589,73.33333333333334,2.020036530604409
148,148,1,fam_r,0.08085126850367247,2.515144003488132,73.33333333333334,2.020036530604409
149,149,2,fam_r,0.08071527474975172,2.5168274434293365,73.33333333333334,2.020036530604409
150,150,0,fam_r,0.08567043356415624,2.4572475121557216,73.33333333333334,2.020036530604409
151,151,1,fam_r,0.08552966790715227,2.4588919701614853,73.33333333333334,2.020036530604409
152,152,2,fam_r,0.08539076483700149,2.4605173241171228,73.33333333333334,2.020036530604409
0,0,0,fam,0.015873015873015872,4.143134726391533,146.66666666666669,1.7113372461552137
1,1,1,fam,0.01559792027729636,4.16061768917188,146.66666666666669,1.7113372461552137
2,2,2,fam,0.015334810018742545,4.17762987022807,146.66666666666669,1.7113372461552137
3,3,0,fam,0.03150824282178176,3.457506090500013,146.66666666666669,1.7113372461552137
4,4,1,fam,0.031004083597800866,3.47363635421117,146.66666666666669,1.7113372461552137
5,5,2,fam,0.030520610904008837,3.4893530562521575,146.66666666666669,1.7113372461552137
6,6,0,fam,0.04525979546754492,3.0953361578425262,146.66666666666669,1.7113372461552137
7,7,1,fam,0.04458868389947759,3.1102751763765157,146.66666666666669,1.7113372461552137
8,8,2,fam,0.043943604738901985,3.124848177636785,146.66666666666669,1.7113372461552137
9,9,0,fam,0.05744351675500337,2.856953131272959,146.66666666666669,1.7113372461552137
10,10,1,fam,0.056651572538998225,2.870835533040819,146.66666666666669,1.7113372461552137
11,11,2,fam,0.055888767942038696,2.8843918502799086,146.66666666666669,1.7113372461552137
12,12,0,fam,0.0683083993491188,2.683722542673379,146.66666666666669,1.7113372461552137
13,13,1,fam,0.06743023578193419,2.6966617595498694,146.66666666666669,1.7113372461552137
14,14,2,fam,0.06658281588003466,2.7093087545479335,146.66666666666669,1.7113372461552137
15,15,0,fam,0.07805338456975115,2.55036226883852,146.66666666666669,1.7113372461552137
16,16,1,fam,0.07711520841752095,2.562454762125637,146.66666666666669,1.7113372461552137
17,17,2,fam,0.07620836874863408,2.5742839962224204,146.66666666666669,1.7113372461552137
18,18,0,fam,0.0868393379967384,2.44369555725377,146.66666666666669,1.7113372461552137
19,19,1,fam,0.08586113128296917,2.455024040370251,146.66666666666669,1.7113372461552137
20,20,2,fam,0.08491417587471208,2.4661142281694204,146.66666666666669,1.7113372461552137
21,21,0,fam,0.09479774365226809,2.356009671140825,146.66666666666669,1.7113372461552137
22,22,1,fam,0.09379482435825677,2.366645601909593,146.66666666666669,1.7113372461552137
23,23,2,fam,0.09282262124206453,2.3770649055111326,146.66666666666669,1.7113372461552137
24,24,0,fam,0.10203711994205637,2.2824186109004994,146.66666666666669,1.7113372461552137
25,25,1,fam,0.10102127472571397,2.2924241434738932,146.66666666666669,1.7113372461552137
26,26,2,fam,0.10003531789728848,2.3022319763741734,146.66666666666669,1.7113372461552137
27,27,0,fam,0.1086478247033084,2.219643593618565,146.66666666666669,1.7113372461552137
28,28,1,fam,0.10762814177488964,2.229073124791423,146.66666666666669,1.7113372461552137
29,29,2,fam,0.10663733585230799,2.2383215860540253,146.66666666666669,1.7113372461552137
30,30,0,fam,0.1147057022735848,2.165385541404387,146.66666666666669,1.7113372461552137
31,31,1,fam,0.1136891910320526,2.1742869484258307,146.66666666666669,1.7113372461552137
32,32,2,fam,0.11270043766628932,2.1830219744808654,146.66666666666669,1.7113372461552137
33,33,0,fam,0.12027488558284989,2.117975442693269,146.66666666666669,1.7113372461552137
34,34,1,fam,0.11926694252746725,2.1263910836034516,146.66666666666669,1.7113372461552137
35,35,2,fam,0.1182855832000812,2.1346533818646787,146.66666666666669,1.7113372461552137
36,36,0,fam,0.12540997317480873,2.07616712304614,146.66666666666669,1.7113372461552137
37,37,1,fam,0.124414735615508,2.084134652191252,146.66666666666669,1.7113372461552137
38,38,2,fam,0.1234448891416065,2.0919604642779617,146.66666666666669,1.7113372461552137
39,39,0,fam,0.13015773800160152,2.0390081948210006,146.66666666666669,1.7113372461552137
40,40,1,fam,0.1291783549435857,2.046561233064983,146.66666666666669,1.7113372461552137
41,41,2,fam,0.12822317691915766,2.0539829636346862,146.66666666666669,1.7113372461552137
42,42,0,fam,0.1345584814145436,2.005756368384918,146.66666666666669,1.7113372461552137
43,43,1,fam,0.13359732266442018,2.0129250580173688,146.66666666666669,1.7113372461552137
44,44,2,fam,0.13265920646261553,2.019971796640779,146.66666666666669,1.7113372461552137
45,45,0,fam,0.13864711542346286,1.9758233118719835,146.66666666666669,1.7113372461552137
46,46,1,fam,0.13770593417461985,1.9826347792260535,146.66666666666669,1.7113372461552137
47,47,2,fam,0.13678666776267343,1.9893327364182085,146.66666666666669,1.7113372461552137
48,48,0,fam,0.142454034787721,1.9487358942012176,146.66666666666669,1.7113372461552137
49,49,1,fam,0.14153409486570656,1.9552146378088502,146.66666666666669,1.7113372461552137
50,50,2,fam,0.14063498394203633,1.9615875116224675,146.66666666666669,1.7113372461552137
51,51,0,fam,0.14600582506158963,1.9241087603875713,146.66666666666669,1.7113372461552137
52,52,1,fam,0.14510800110494457,1.9302769786071279,146.66666666666669,1.7113372461552137
53,53,2,fam,0.14422996635656143,1.9363462646491636,146.66666666666669,1.7113372461552137
54,54,0,fam,0.14932584150042943,1.9016245050176541,146.66666666666669,1.7113372461552137
55,55,1,fam,0.148450698259054,1.9075023741185333,146.66666666666669,1.7113372461552137
56,56,2,fam,0.14759435258676254,1.9132876291550587,146.66666666666669,1.7113372461552137
57,57,0,fam,0.15243468549591072,1.8810190665079065,146.66666666666669,1.7113372461552137
58,58,1,fam,0.15158254090514245,1.886624977939286,146.66666666666669,1.7113372461552137
59,59,2,fam,0.15074825103726522,1.892144045184994,146.66666666666669,1.7113372461552137
60,60,0,fam,0.15535059909494414,1.8620707867298913,146.66666666666669,1.7113372461552137
61,61,1,fam,0.15452157466350577,1.8674215505583616,146.66666666666669,1.7113372461552137
62,62,2,fam,0.15370951052657797,1.8726907531457997,146.66666666666669,1.7113372461552137
63,63,0,fam,0.15808979357619546,1.844592093610895,146.66666666666669,1.7113372461552137
64,64,1,fam,0.15728385479560877,1.8497031137558981,146.66666666666669,1.7113372461552137
65,65,2,fam,0.1564940292275608,1.8547374216303014,146.66666666666669,1.7113372461552137
66,66,3,recov,0.008556248299167497,4.761093467710004,146.66666666666669,1.7113372461552137
67,67,4,recov,0.008514549324256264,4.765978893542844,146.66666666666669,1.7113372461552137
68,68,5,recov,0.008473665781280353,4.770792068046438,146.66666666666669,1.7113372461552137
69,69,3,recov,0.017617740239079062,4.038848916467306,146.66666666666669,1.7113372461552137
70,70,4,recov,0.017535607087818886,4.0435217744997765,146.66666666666669,1.7113372461552137
71,71,5,recov,0.01745504615619668,4.048126494132061,146.66666666666669,1.7113372461552137
72,72,3,recov,0.026165133734814588,3.6433275279608393,146.66666666666669,1.7113372461552137
73,73,4,recov,0.0260483764609248,3.647799836681801,146.66666666666669,1.7113372461552137
74,74,5,recov,0.025933808684359575,3.6522078069027994,146.66666666666669,1.7113372461552137
75,75,3,recov,0.034237404310330316,3.3744365392758437,146.66666666666669,1.7113372461552137
76,76,4,recov,0.03409108350557375,3.3787194096596878,146.66666666666669,1.7113372461552137
77,77,5,recov,0.03394745268689244,3.382941459106341,146.66666666666669,1.7113372461552137
78,78,3,recov,0.0418697209304609,3.1731923641163378,146.66666666666669,1.7113372461552137
79,79,4,recov,0.041698251233761696,3.1772960878970022,146.66666666666669,1.7113372461552137
80,80,5,recov,0.0415298740960739,3.1813422529820694,146.66666666666669,1.7113372461552137
81,81,3,recov,0.04909390010562134,3.0140204860007556,146.66666666666669,1.7113372461552137
82,82,4,recov,0.04890113786952816,3.0179546134565327,146.66666666666669,1.7113372461552137
83,83,5,recov,0.04871178857487256,3.0218342129941895,146.66666666666669,1.7113372461552137
84,84,3,recov,0.05593879647976826,2.8834971059237056,146.66666666666669,1.7113372461552137
85,85,4,recov,0.05572811428287161,2.8872705146343596,146.66666666666669,1.7113372461552137
86,86,5,recov,0.055521096359385486,2.8909922158714725,146.66666666666669,1.7113372461552137
87,87,3,recov,0.06243064003040481,2.7736990979923535,146.66666666666669,1.7113372461552137
88,88,4,recov,0.06220499022248124,2.777320053797895,146.66666666666669,1.7113372461552137
89,89,5,recov,0.06198319797841023,2.7808919310124973,146.66666666666669,1.7113372461552137
90,90,3,recov,0.0685933282046134,2.679560005472533,146.66666666666669,1.7113372461552137
91,91,4,recov,0.068355297271495,2.683036216672008,146.66666666666669,1.7113372461552137
92,92,5,recov,0.06812126839709681,2.6864658033214113,146.66666666666669,1.7113372461552137
93,93,3,recov,0.07444867986420463,2.5976452518534585,146.66666666666669,1.7113372461552137
94,94,4,recov,0.07420053507923816,2.6009839175243163,146.66666666666669,1.7113372461552137
95,95,5,recov,0.07395649583500395,2.6042782527770436,146.66666666666669,1.7113372461552137
96,96,3,recov,0.08001665674061538,2.5255204567231027,146.66666666666669,1.7113372461552137
97,97,4,recov,0.07976038631194123,2.5287283099107296,146.66666666666669,1.7113372461552137
98,98,5,recov,0.07950829045760774,2.531893980273259,146.66666666666669,1.7113372461552137
99,99,3,recov,0.08531555714804087,2.461398459542595,146.66666666666669,1.7113372461552137
100,100,4,recov,0.08505290486260238,2.4644818059604185,146.66666666666669,1.7113372461552137
101,101,5,recov,0.08479446728385998,2.4675249826068852,146.66666666666669,1.7113372461552137
102,102,3,recov,0.09036218592638996,2.403929396369163,146.66666666666669,1.7113372461552137
103,103,4,recov,0.09009468112237573,2.406894149158358,146.66666666666669,1.7113372461552137
104,104,5,recov,0.08983140695146155,2.4098206214851654,146.66666666666669,1.7113372461552137
105,105,3,recov,0.09517200394888624,2.352069456600854,146.66666666666669,1.7113372461552137
106,106,4,recov,0.0949009875102753,2.3549211676219195,146.66666666666669,1.7113372461552137
107,107,5,recov,0.0946341974053436,2.357736373476723,146.66666666666669,1.7113372461552137
108,108,3,recov,0.09975926000496854,2.3049953953907893,146.66666666666669,1.7113372461552137
109,109,4,recov,0.09948590695878055,2.307739283454505,146.66666666666669,1.7113372461552137
110,110,5,recov,0.09921675909924335,2.3104483364277972,146.66666666666669,1.7113372461552137
111,111,3,recov,0.10413710743587709,2.2620469073593026,146.66666666666669,1.7113372461552137
112,112,4,recov,0.10386244663974531,2.2646878837497897,146.66666666666669,1.7113372461552137
113,113,5,recov,0.10359195590608881,2.2672955978654605,146.66666666666669,1.7113372461552137
114,114,3,recov,0.10831770754076006,2.222686633809114,146.66666666666669,1.7113372461552137
115,115,4,recov,0.10804263887168651,2.2252293254051874,146.66666666666669,1.7113372461552137
116,116,5,recov,0.10777169360496328,2.2277402375023203,146.66666666666669,1.7113372461552137
117,117,3,recov,0.11231232147162439,2.1864717040077974,146.66666666666669,1.7113372461552137
118,118,4,recov,0.11203763086318251,2.1889204742691484,146.66666666666669,1.7113372461552137
119,119,5,recov,0.11176700753857131,2.1913388643297056,146.66666666666669,1.7113372461552137
120,120,3,recov,0.11613139208504515,2.153033038497212,146.66666666666669,1.7113372461552137
121,121,4,recov,0.11585776470742366,2.155392006548075,146.66666666666669,1.7113372461552137
122,122,5,recov,0.11558814080563375,2.1577219161929473,146.66666666666669,1.7113372461552137
123,123,3,recov,0.11978461700845777,2.1220600071510214,146.66666666666669,1.7113372461552137
124,124,4,recov,0.11951264884163552,2.124333065164922,146.66666666666669,1.7113372461552137
125,125,5,recov,0.11924461415966131,2.126578314513193,146.66666666666669,1.7113372461552137
126,126,3,recov,0.1232810140019984,2.0932888628094375,146.66666666666669,1.7113372461552137
127,127,4,recov,0.12301122201543135,2.095479691873645,146.66666666666669,1.7113372461552137
128,128,5,recov,0.12274528862275054,2.0976438949361635,146.66666666666669,1.7113372461552137
129,129,3,recov,0.12662897954749175,2.066493889088837,146.66666666666669,1.7113372461552137
130,130,4,recov,0.1263618106687094,2.068605973705608,146.66666666666669,1.7113372461552137
131,131,5,recov,0.12609842168525812,2.0706925524634388,146.66666666666669,1.7113372461552137
132,132,3,recov,0.12983634146964346,2.0414805333936474,146.66666666666669,1.7113372461552137
133,133,4,recov,0.12957218049806649,2.0435171747567207,146.66666666666669,1.7113372461552137
134,134,5,recov,0.1293117178452431,2.045529372057312,146.66666666666669,1.7113372461552137
135,135,3,recov,0.1329104062869665,2.0180800146957956,146.66666666666669,1.7113372461552137
136,136,4,recov,0.1326495828872299,2.0200443428644714,146.66666666666669,1.7113372461552137
137,137,5,recov,0.13239237414198035,2.0219852342529587,146.66666666666669,1.7113372461552137
138,138,3,recov,0.13585800189833364,1.9961450423907727,146.66666666666669,1.7113372461552137
139,139,4,recov,0.13560079678875145,1.9980400274698649,146.66666666666669,1.7113372461552137
140,140,5,recov,0.1353471212528215,1.999912532059565,146.66666666666669,1.7113372461552137
141,141,3,recov,0.13868551613273705,1.9755463829775788,146.66666666666669,1.7113372461552137
142,142,4,recov,0.13843216656870955,1.9773748453993378,146.66666666666669,1.7113372461552137
143,143,5,recov,0.13818226064988312,1.9791817358737895,146.66666666666669,1.7113372461552137
144,144,3,recov,0.14139893162272713,1.9561700812573526,146.66666666666669,1.7113372461552137
145,145,4,recov,0.14114963626141785,1.9579347012507635,146.66666666666669,1.7113372461552137
146,146,5,recov,0.1409036982505542,1.9596786130794868,146.66666666666669,1.7113372461552137
147,147,3,recov,0.1440038574043505,1.937915192234704,146.66666666666669,1.7113372461552137
148,148,4,recov,0.14375878062546027,1.9396185185582464,146.66666666666669,1.7113372461552137
149,149,5,recov,0.14351697494203508,1.941301958499451,146.66666666666669,1.7113372461552137
150,150,3,recov,0.14650555759674658,1.9206919154305901,146.66666666666669,1.7113372461552137
151,151,4,recov,0.14626483334437784,1.9223363734363532,146.66666666666669,1.7113372461552137
152,152,5,recov,0.14602729431372613,1.9239617273919911,146.66666666666669,1.7113372461552137
153,153,3,recov,0.14890897747168436,1.9044200491574486,146.66666666666669,1.7113372461552137
154,154,4,recov,0.1486727126738587,1.9060079482473,146.66666666666669,1.7113372461552137
155,155,5,recov,0.14843954789115968,1.9075774885289536,146.66666666666669,1.7113372461552137
156,156,3,recov,0.15121876718621532,1.8890277013371999,146.66666666666669,1.7113372461552137
157,157,4,recov,0.1509870448013628,1.8905612418653666,146.66666666666669,1.7113372461552137
158,158,5,recov,0.15075833813039183,1.8920771339233977,146.66666666666669,1.7113372461552137
159,159,3,recov,0.1534393034194259,1.8744502076160083,146.66666666666669,1.7113372461552137
160,160,4,recov,0.1532121851529275,1.8759314872868433,146.66666666666669,1.7113372461552137
161,161,5,recov,0.15298799940155633,1.8773957959498548,146.66666666666669,1.7113372461552137
162,162,3,recov,0.15557470912628965,1.8606292181973183,146.66666666666669,1.7113372461552137
163,163,4,recov,0.15535223785477312,1.8620602380020774,146.66666666666669,1.7113372461552137
164,164,5,recov,0.15513261716398027,1.863474933268988,146.66666666666669,1.7113372461552137
165,165,3,recov,0.15762887159723765,1.8475119229226447,146.66666666666669,1.7113372461552137
166,166,4,recov,0.15741107353367387,1.8488945926547111,146.66666666666669,1.7113372461552137
167,167,5,recov,0.15719604551231026,1.8502615550775505,146.66666666666669,1.7113372461552137
168,168,3,recov,0.1596054589907791,1.8350503903485025,146.66666666666669,1.7113372461552137
169,169,4,recov,0.15939234561939455,1.8363865337326273,146.66666666666669,1.7113372461552137
170,170,5,recov,0.1591819232530356,1.8377075594244043,146.66666666666669,1.7113372461552137
171,171,3,recov,0.16150793548788306,1.8232010013786841,146.66666666666669,1.7113372461552137
172,172,4,recov,0.16129950529440595,1.8244923608463408,146.66666666666669,1.7113372461552137
173,173,5,recov,0.16109368865321996,1.8257691661450293,146.66666666666669,1.7113372461552137
174,174,3,recov,0.16333957520050746,1.8119239617624576,146.66666666666669,1.7113372461552137
175,175,4,recov,0.1631358152202235,1.8131722029023365,146.66666666666669,1.7113372461552137
176,176,5,recov,0.16293459298782895,1.8144064287190496,146.66666666666669,1.7113372461552137
177,177,3,recov,0.1651034749523303,1.8011828807164958,146.66666666666669,1.7113372461552137
178,178,4,recov,0.16490436215577348,1.8023895964264218,146.66666666666669,1.7113372461552137
179,179,5,recov,0.16470771299847695,1.803582812303215,146.66666666666669,1.7113372461552137
180,180,3,recov,0.16680256603712276,1.7909444052602177,146.66666666666669,1.7113372461552137
181,181,4,recov,0.16660806857091418,1.7921111196243238,146.66666666666669,1.7113372461552137
182,182,5,recov,0.16641596236447093,1.7932648275246943,146.66666666666669,1.7113372461552137
183,183,3,recov,0.16843962504908808,1.7811779017115,146.66666666666669,1.7113372461552137
184,184,4,recov,0.16824970334741568,1.7823060736242886,146.66666666666669,1.7113372461552137
185,185,5,recov,0.16806210227648435,1.7834217114773303,146.66666666666669,1.7113372461552137
186,186,3,recov,0.17001728386967602,1.7718551772782778,146.66666666666669,1.7113372461552137
187,187,4,recov,0.16983189165013818,1.772946203835245,146.66666666666669,1.7113372461552137
188,188,5,recov,0.16964875119387576,1.77402514885252,146.66666666666669,1.7113372461552137
189,189,3,recov,0.1715380388866997,1.7629502358817393,146.66666666666669,1.7113372461552137
190,190,4,recov,0.17135712404268405,1.7640054555544655,146.66666666666669,1.7113372461552137
191,191,5,recov,0.17117839385841424,1.7650490273369503,146.66666666666669,1.7113372461552137
192,192,3,recov,0.1730042595138903,1.7544390633198874,146.66666666666669,1.7113372461552137
193,193,4,recov,0.1728277649142974,1.7554597589319128,146.66666666666669,1.7113372461552137
194,194,5,recov,0.17265338962985557,1.756469222382847,146.66666666666669,1.7113372461552137
195,195,3,recov,0.1744181960722034,1.7462994376734085,146.66666666666669,1.7113372461552137
196,196,4,recov,0.17424606027812548,1.7472868391917933,146.66666666666669,1.7113372461552137
197,197,5,recov,0.17407598020231205,1.7482634072498797,146.66666666666669,1.7113372461552137
198,198,3,recov,0.17578198708812023,1.7385107615056168,146.66666666666669,1.7113372461552137
199,199,4,recov,0.17561414499503164,1.7394660486617823,146.66666666666669,1.7113372461552137
200,200,5,recov,0.17544829675457488,1.7404108848679463,146.66666666666669,1.7113372461552137
201,201,3,recov,0.1770976660587935,1.7310539129431275,146.66666666666669,1.7113372461552137
202,202,4,recov,0.17693404947187658,1.7319782176954313,146.66666666666669,1.7113372461552137
203,203,5,recov,0.17677236658239617,1.7328924386052198,146.66666666666669,1.7113372461552137
204,204,3,recov,0.17836716772907202,1.7239111131662812,146.66666666666669,1.7113372461552137
205,205,4,recov,0.17820770587848142,1.7248055220157195,146.66666666666669,1.7113372461552137
206,206,5,recov,0.1780501192561384,1.7256901994684124,146.66666666666669,1.7113372461552137
207,207,3,recov,0.17959233392114168,1.717065808205759,146.66666666666669,1.7113372461552137
208,208,4,recov,0.1794369539232828,1.7179313643752432,146.66666666666669,1.7113372461552137
209,209,5,recov,0.17928339234309118,1.718787527629824,146.66666666666669,1.7113372461552137
210,210,3,recov,0.18077491895368197,1.7105025632482476,146.66666666666669,1.7113372461552137
211,211,4,recov,0.18062354622393478,1.7113402687350427,146.66666666666669,1.7113372461552137
212,212,5,recov,0.18047393673007864,1.7121689064823509,146.66666666666669,1.7113372461552137
213,213,0,fam_r,0.03140319152789473,3.460845750217272,146.66666666666669,1.7113372461552137
214,214,1,fam_r,0.03137773959016268,3.4616565677274034,146.66666666666669,1.7113372461552137
215,215,2,fam_r,0.03135258277945784,3.4624586299870304,146.66666666666669,1.7113372461552137
216,216,0,fam_r,0.037326949724877025,3.288039700487748,146.66666666666669,1.7113372461552137
217,217,1,fam_r,0.03729766498387179,3.2888245552604745,146.66666666666669,1.7113372461552137
218,218,2,fam_r,0.037268718318690504,3.289600955170281,146.66666666666669,1.7113372461552137
219,219,0,fam_r,0.04304761145048988,3.145448532795382,146.66666666666669,1.7113372461552137
220,220,1,fam_r,0.04301491709226487,3.1462083143251927,146.66666666666669,1.7113372461552137
221,221,2,fam_r,0.04298259856068648,3.146959929830698,146.66666666666669,1.7113372461552137
222,222,0,fam_r,0.04857297607078349,3.024687950653935,146.66666666666669,1.7113372461552137
223,223,1,fam_r,0.04853726069165986,3.025423514316936,146.66666666666669,1.7113372461552137
224,224,2,fam_r,0.04850195416603203,3.026151189767269,146.66666666666669,1.7113372461552137
225,225,0,fam_r,0.05391049099884762,2.920430181809198,146.66666666666669,1.7113372461552137
226,226,1,fam_r,0.05387211130845838,2.921142350400228,146.66666666666669,1.7113372461552137
227,227,2,fam_r,0.053834169206260184,2.921846898056806,146.66666666666669,1.7113372461552137
0,0,0,fam,0.015873015873015872,4.143134726391533,220.0,1.6108292169567022
1,1,1,fam,0.01559792027729636,4.16061768917188,220.0,1.6108292169567022
2,2,2,fam,0.015334810018742545,4.17762987022807,220.0,1.6108292169567022
3,3,0,fam,0.03150824282178176,3.457506090500013,220.0,1.6108292169567022
4,4,1,fam,0.031004083597800866,3.47363635421117,220.0,1.6108292169567022
5,5,2,fam,0.030520610904008837,3.4893530562521575,220.0,1.6108292169567022
6,6,0,fam,0.04525979546754492,3.0953361578425262,220.0,1.6108292169567022
7,7,1,fam,0.04458868389947759,3.1102751763765157,220.0,1.6108292169567022
8,8,2,fam,0.043943604738901985,3.124848177636785,220.0,1.6108292169567022
9,9,0,fam,0.05744351675500337,2.856953131272959,220.0,1.6108292169567022
10,10,1,fam,0.056651572538998225,2.870835533040819,220.0,1.6108292169567022
11,11,2,fam,0.055888767942038696,2.8843918502799086,220.0,1.6108292169567022
12,12,0,fam,0.0683083993491188,2.683722542673379,220.0,1.6108292169567022
13,13,1,fam,0.06743023578193419,2.6966617595498694,220.0,1.6108292169567022
14,14,2,fam,0.06658281588003466,2.7093087545479335,220.0,1.6108292169567022
15,15,0,fam,0.07805338456975115,2.55036226883852,220.0,1.6108292169567022
16,16,1,fam,0.07711520841752095,2.562454762125637,220.0,1.6108292169567022
17,17,2,fam,0.07620836874863408,2.5742839962224204,220.0,1.6108292169567022
18,18,0,fam,0.0868393379967384,2.44369555725377,220.0,1.6108292169567022
19,19,1,fam,0.08586113128296917,2.455024040370251,220.0,1.6108292169567022
20,20,2,fam,0.08491417587471208,2.4661142281694204,220.0,1.6108292169567022
21,21,0,fam,0.09479774365226809,2.356009671140825,220.0,1.6108292169567022
22,22,1,fam,0.09379482435825677,2.366645601909593,220.0,1.6108292169567022
23,23,2,fam,0.09282262124206453,2.3770649055111326,220.0,1.6108292169567022
24,24,0,fam,0.10203711994205637,2.2824186109004994,220.0,1.6108292169567022
25,25,1,fam,0.10102127472571397,2.2924241434738932,220.0,1.6108292169567022
26,26,2,fam,0.10003531789728848,2.3022319763741734,220.0,1.6108292169567022
27,27,0,fam,0.1086478247033084,2.219643593618565,220.0,1.6108292169567022
28,28,1,fam,0.10762814177488964,2.229073124791423,220.0,1.6108292169567022
29,29,2,fam,0.10663733585230799,2.2383215860540253,220.0,1.6108292169567022
30,30,0,fam,0.1147057022735848,2.165385541404387,220.0,1.6108292169567022
31,31,1,fam,0.1136891910320526,2.1742869484258307,220.0,1.6108292169567022
32,32,2,fam,0.11270043766628932,2.1830219744808654,220.0,1.6108292169567022
33,33,0,fam,0.12027488558284989,2.117975442693269,220.0,1.6108292169567022
34,34,1,fam,0.11926694252746725,2.1263910836034516,220.0,1.6108292169567022
35,35,2,fam,0.1182855832000812,2.1346533818646787,220.0,1.6108292169567022
36,36,0,fam,0.12540997317480873,2.07616712304614,220.0,1.6108292169567022
37,37,1,fam,0.124414735615508,2.084134652191252,220.0,1.6108292169567022
38,38,2,fam,0.1234448891416065,2.0919604642779617,220.0,1.6108292169567022
39,39,0,fam,0.13015773800160152,2.0390081948210006,220.0,1.6108292169567022
40,40,1,fam,0.1291783549435857,2.046561233064983,220.0,1.6108292169567022
41,41,2,fam,0.12822317691915766,2.0539829636346862,220.0,1.6108292169567022
42,42,0,fam,0.1345584814145436,2.005756368384918,220.0,1.6108292169567022
43,43,1,fam,0.13359732266442018,2.0129250580173688,220.0,1.6108292169567022
44,44,2,fam,0.13265920646261553,2.019971796640779,220.0,1.6108292169567022
45,45,0,fam,0.13864711542346286,1.9758233118719835,220.0,1.6108292169567022
46,46,1,fam,0.13770593417461985,1.9826347792260535,220.0,1.6108292169567022
47,47,2,fam,0.13678666776267343,1.9893327364182085,220.0,1.6108292169567022
48,48,0,fam,0.142454034787721,1.9487358942012176,220.0,1.6108292169567022
49,49,1,fam,0.14153409486570656,1.9552146378088502,220.0,1.6108292169567022
50,50,2,fam,0.14063498394203633,1.9615875116224675,220.0,1.6108292169567022
51,51,0,fam,0.14600582506158963,1.9241087603875713,220.0,1.6108292169567022
52,52,1,fam,0.14510800110494457,1.9302769786071279,220.0,1.6108292169567022
53,53,2,fam,0.14422996635656143,1.9363462646491636,220.0,1.6108292169567022
54,54,0,fam,0.14932584150042943,1.9016245050176541,220.0,1.6108292169567022
55,55,1,fam,0.148450698259054,1.9075023741185333,220.0,1.6108292169567022
56,56,2,fam,0.14759435258676254,1.9132876291550587,220.0,1.6108292169567022
57,57,0,fam,0.15243468549591072,1.8810190665079065,220.0,1.6108292169567022
58,58,1,fam,0.15158254090514245,1.886624977939286,220.0,1.6108292169567022
59,59,2,fam,0.15074825103726522,1.892144045184994,220.0,1.6108292169567022
60,60,0,fam,0.15535059909494414,1.8620707867298913,220.0,1.6108292169567022
61,61,1,fam,0.15452157466350577,1.8674215505583616,220.0,1.6108292169567022
62,62,2,fam,0.15370951052657797,1.8726907531457997,220.0,1.6108292169567022
63,63,0,fam,0.15808979357619546,1.844592093610895,220.0,1.6108292169567022
64,64,1,fam,0.15728385479560877,1.8497031137558981,220.0,1.6108292169567022
65,65,2,fam,0.1564940292275608,1.8547374216303014,220.0,1.6108292169567022
66,66,3,recov,0.008556248299167497,4.761093467710004,220.0,1.6108292169567022
67,67,4,recov,0.008514549324256264,4.765978893542844,220.0,1.6108292169567022
68,68,5,recov,0.008473665781280353,4.770792068046438,220.0,1.6108292169567022
69,69,3,recov,0.017617740239079062,4.038848916467306,220.0,1.6108292169567022
70,70,4,recov,0.017535607087818886,4.0435217744997765,220.0,1.6108292169567022
71,71,5,recov,0.01745504615619668,4.048126494132061,220.0,1.6108292169567022
72,72,3,recov,0.026165133734814588,3.6433275279608393,220.0,1.6108292169567022
73,73,4,recov,0.0260483764609248,3.647799836681801,220.0,1.6108292169567022
74,74,5,recov,0.025933808684359575,3.6522078069027994,220.0,1.6108292169567022
75,75,3,recov,0.034237404310330316,3.3744365392758437,220.0,1.6108292169567022
76,76,4,recov,0.03409108350557375,3.3787194096596878,220.0,1.6108292169567022
77,77,5,recov,0.03394745268689244,3.382941459106341,220.0,1.6108292169567022
78,78,3,recov,0.0418697209304609,3.1731923641163378,220.0,1.6108292169567022
79,79,4,recov,0.041698251233761696,3.1772960878970022,220.0,1.6108292169567022
80,80,5,recov,0.0415298740960739,3.1813422529820694,220.0,1.6108292169567022
81,81,3,recov,0.04909390010562134,3.0140204860007556,220.0,1.6108292169567022
82,82,4,recov,0.04890113786952816,3.0179546134565327,220.0,1.6108292169567022
83,83,5,recov,0.04871178857487256,3.0218342129941895,220.0,1.6108292169567022
84,84,3,recov,0.05593879647976826,2.8834971059237056,220.0,1.6108292169567022
85,85,4,recov,0.05572811428287161,2.8872705146343596,220.0,1.6108292169567022
86,86,5,recov,0.055521096359385486,2.8909922158714725,220.0,1.6108292169567022
87,87,3,recov,0.06243064003040481,2.7736990979923535,220.0,1.6108292169567022
88,88,4,recov,0.06220499022248124,2.777320053797895,220.0,1.6108292169567022
89,89,5,recov,0.06198319797841023,2.7808919310124973,220.0,1.6108292169567022
90,90,3,recov,0.0685933282046134,2.679560005472533,220.0,1.6108292169567022
91,91,4,recov,0.068355297271495,2.683036216672008,220.0,1.6108292169567022
92,92,5,recov,0.06812126839709681,2.6864658033214113,220.0,1.6108292169567022
93,93,3,recov,0.07444867986420463,2.5976452518534585,220.0,1.6108292169567022
94,94,4,recov,0.07420053507923816,2.6009839175243163,220.0,1.6108292169567022
95,95,5,recov,0.07395649583500395,2.6042782527770436,220.0,1.6108292169567022
96,96,3,recov,0.08001665674061538,2.5255204567231027,220.0,1.6108292169567022
97,97,4,recov,0.07976038631194123,2.5287283099107296,220.0,1.6108292169567022
98,98,5,recov,0.07950829045760774,2.531893980273259,220.0,1.6108292169567022
99,99,3,recov,0.08531555714804087,2.461398459542595,220.0,1.6108292169567022
100,100,4,recov,0.08505290486260238,2.4644818059604185,220.0,1.6108292169567022
101,101,5,recov,0.08479446728385998,2.4675249826068852,220.0,1.6108292169567022
102,102,3,recov,0.09036218592638996,2.403929396369163,220.0,1.6108292169567022
103,103,4,recov,0.09009468112237573,2.406894149158358,220.0,1.6108292169567022
104,104,5,recov,0.08983140695146155,2.4098206214851654,220.0,1.6108292169567022
105,105,3,recov,0.09517200394888624,2.352069456600854,220.0,1.6108292169567022
106,106,4,recov,0.0949009875102753,2.3549211676219195,220.0,1.6108292169567022
107,107,5,recov,0.0946341974053436,2.357736373476723,220.0,1.6108292169567022
108,108,3,recov,0.09975926000496854,2.3049953953907893,220.0,1.6108292169567022
109,109,4,recov,0.09948590695878055,2.307739283454505,220.0,1.6108292169567022
110,110,5,recov,0.09921675909924335,2.3104483364277972,220.0,1.6108292169567022
111,111,3,recov,0.10413710743587709,2.2620469073593026,220.0,1.6108292169567022
112,112,4,recov,0.10386244663974531,2.2646878837497897,220.0,1.6108292169567022
113,113,5,recov,0.10359195590608881,2.2672955978654605,220.0,1.6108292169567022
114,114,3,recov,0.10831770754076006,2.222686633809114,220.0,1.6108292169567022
115,115,4,recov,0.10804263887168651,2.2252293254051874,220.0,1.6108292169567022
116,116,5,recov,0.10777169360496328,2.2277402375023203,220.0,1.6108292169567022
117,117,3,recov,0.11231232147162439,2.1864717040077974,220.0,1.6108292169567022
118,118,4,recov,0.11203763086318251,2.1889204742691484,220.0,1.6108292169567022
119,119,5,recov,0.11176700753857131,2.1913388643297056,220.0,1.6108292169567022
120,120,3,recov,0.11613139208504515,2.153033038497212,220.0,1.6108292169567022
121,121,4,recov,0.11585776470742366,2.155392006548075,220.0,1.6108292169567022
122,122,5,recov,0.11558814080563375,2.1577219161929473,220.0,1.6108292169567022
123,123,3,recov,0.11978461700845777,2.1220600071510214,220.0,1.6108292169567022
124,124,4,recov,0.11951264884163552,2.124333065164922,220.0,1.6108292169567022
125,125,5,recov,0.11924461415966131,2.126578314513193,220.0,1.6108292169567022
126,126,3,recov,0.1232810140019984,2.0932888628094375,220.0,1.6108292169567022
127,127,4,recov,0.12301122201543135,2.095479691873645,220.0,1.6108292169567022
128,128,5,recov,0.12274528862275054,2.0976438949361635,220.0,1.6108292169567022
129,129,3,recov,0.12662897954749175,2.066493889088837,220.0,1.6108292169567022
130,130,4,recov,0.1263618106687094,2.068605973705608,220.0,1.6108292169567022
131,131,5,recov,0.12609842168525812,2.0706925524634388,220.0,1.6108292169567022
132,132,3,recov,0.12983634146964346,2.0414805333936474,220.0,1.6108292169567022
133,133,4,recov,0.12957218049806649,2.0435171747567207,220.0,1.6108292169567022
134,134,5,recov,0.1293117178452431,2.045529372057312,220.0,1.6108292169567022
135,135,3,recov,0.1329104062869665,2.0180800146957956,220.0,1.6108292169567022
136,136,4,recov,0.1326495828872299,2.0200443428644714,220.0,1.6108292169567022
137,137,5,recov,0.13239237414198035,2.0219852342529587,220.0,1.6108292169567022
138,138,3,recov,0.13585800189833364,1.9961450423907727,220.0,1.6108292169567022
139,139,4,recov,0.13560079678875145,1.9980400274698649,220.0,1.6108292169567022
140,140,5,recov,0.1353471212528215,1.999912532059565,220.0,1.6108292169567022
141,141,3,recov,0.13868551613273705,1.9755463829775788,220.0,1.6108292169567022
142,142,4,recov,0.13843216656870955,1.9773748453993378,220.0,1.6108292169567022
143,143,5,recov,0.13818226064988312,1.9791817358737895,220.0,1.6108292169567022
144,144,3,recov,0.14139893162272713,1.9561700812573526,220.0,1.6108292169567022
145,145,4,recov,0.14114963626141785,1.9579347012507635,220.0,1.6108292169567022
146,146,5,recov,0.1409036982505542,1.9596786130794868,220.0,1.6108292169567022
147,147,3,recov,0.1440038574043505,1.937915192234704,220.0,1.6108292169567022
148,148,4,recov,0.14375878062546027,1.9396185185582464,220.0,1.6108292169567022
149,149,5,recov,0.14351697494203508,1.941301958499451,220.0,1.6108292169567022
150,150,3,recov,0.14650555759674658,1.9206919154305901,220.0,1.6108292169567022
151,151,4,recov,0.14626483334437784,1.9223363734363532,220.0,1.6108292169567022
152,152,5,recov,0.14602729431372613,1.9239617273919911,220.0,1.6108292169567022
153,153,3,recov,0.14890897747168436,1.9044200491574486,220.0,1.6108292169567022
154,154,4,recov,0.1486727126738587,1.9060079482473,220.0,1.6108292169567022
155,155,5,recov,0.14843954789115968,1.9075774885289536,220.0,1.6108292169567022
156,156,3,recov,0.15121876718621532,1.8890277013371999,220.0,1.6108292169567022
157,157,4,recov,0.1509870448013628,1.8905612418653666,220.0,1.6108292169567022
158,158,5,recov,0.15075833813039183,1.8920771339233977,220.0,1.6108292169567022
159,159,3,recov,0.1534393034194259,1.8744502076160083,220.0,1.6108292169567022
160,160,4,recov,0.1532121851529275,1.8759314872868433,220.0,1.6108292169567022
161,161,5,recov,0.15298799940155633,1.8773957959498548,220.0,1.6108292169567022
162,162,3,recov,0.15557470912628965,1.8606292181973183,220.0,1.6108292169567022
163,163,4,recov,0.15535223785477312,1.8620602380020774,220.0,1.6108292169567022
164,164,5,recov,0.15513261716398027,1.863474933268988,220.0,1.6108292169567022
165,165,3,recov,0.15762887159723765,1.8475119229226447,220.0,1.6108292169567022
166,166,4,recov,0.15741107353367387,1.8488945926547111,220.0,1.6108292169567022
167,167,5,recov,0.15719604551231026,1.8502615550775505,220.0,1.6108292169567022
168,168,3,recov,0.1596054589907791,1.8350503903485025,220.0,1.6108292169567022
169,169,4,recov,0.15939234561939455,1.8363865337326273,220.0,1.6108292169567022
170,170,5,recov,0.1591819232530356,1.8377075594244043,220.0,1.6108292169567022
171,171,3,recov,0.16150793548788306,1.8232010013786841,220.0,1.6108292169567022
172,172,4,recov,0.16129950529440595,1.8244923608463408,220.0,1.6108292169567022
173,173,5,recov,0.16109368865321996,1.8257691661450293,220.0,1.6108292169567022
174,174,3,recov,0.16333957520050746,1.8119239617624576,220.0,1.6108292169567022
175,175,4,recov,0.1631358152202235,1.8131722029023365,220.0,1.6108292169567022
176,176,5,recov,0.16293459298782895,1.8144064287190496,220.0,1.6108292169567022
177,177,3,recov,0.1651034749523303,1.8011828807164958,220.0,1.6108292169567022
178,178,4,recov,0.16490436215577348,1.8023895964264218,220.0,1.6108292169567022
179,179,5,recov,0.16470771299847695,1.803582812303215,220.0,1.6108292169567022
180,180,3,recov,0.16680256603712276,1.7909444052602177,220.0,1.6108292169567022
181,181,4,recov,0.16660806857091418,1.7921111196243238,220.0,1.6108292169567022
182,182,5,recov,0.16641596236447093,1.7932648275246943,220.0,1.6108292169567022
183,183,3,recov,0.16843962504908808,1.7811779017115,220.0,1.6108292169567022
184,184,4,recov,0.16824970334741568,1.7823060736242886,220.0,1.6108292169567022
185,185,5,recov,0.16806210227648435,1.7834217114773303,220.0,1.6108292169567022
186,186,3,recov,0.17001728386967602,1.7718551772782778,220.0,1.6108292169567022
187,187,4,recov,0.16983189165013818,1.772946203835245,220.0,1.6108292169567022
188,188,5,recov,0.16964875119387576,1.77402514885252,220.0,1.6108292169567022
189,189,3,recov,0.1715380388866997,1.7629502358817393,220.0,1.6108292169567022
190,190,4,recov,0.17135712404268405,1.7640054555544655,220.0,1.6108292169567022
191,191,5,recov,0.17117839385841424,1.7650490273369503,220.0,1.6108292169567022
192,192,3,recov,0.1730042595138903,1.7544390633198874,220.0,1.6108292169567022
193,193,4,recov,0.1728277649142974,1.7554597589319128,220.0,1.6108292169567022
194,194,5,recov,0.17265338962985557,1.756469222382847,220.0,1.6108292169567022
195,195,3,recov,0.1744181960722034,1.7462994376734085,220.0,1.6108292169567022
196,196,4,recov,0.17424606027812548,1.7472868391917933,220.0,1.6108292169567022
197,197,5,recov,0.17407598020231205,1.7482634072498797,220.0,1.6108292169567022
198,198,3,recov,0.17578198708812023,1.7385107615056168,220.0,1.6108292169567022
199,199,4,recov,0.17561414499503164,1.7394660486617823,220.0,1.6108292169567022
200,200,5,recov,0.17544829675457488,1.7404108848679463,220.0,1.6108292169567022
201,201,3,recov,0.1770976660587935,1.7310539129431275,220.0,1.6108292169567022
202,202,4,recov,0.17693404947187658,1.7319782176954313,220.0,1.6108292169567022
203,203,5,recov,0.17677236658239617,1.7328924386052198,220.0,1.6108292169567022
204,204,3,recov,0.17836716772907202,1.7239111131662812,220.0,1.6108292169567022
205,205,4,recov,0.17820770587848142,1.7248055220157195,220.0,1.6108292169567022
206,206,5,recov,0.1780501192561384,1.7256901994684124,220.0,1.6108292169567022
207,207,3,recov,0.17959233392114168,1.717065808205759,220.0,1.6108292169567022
208,208,4,recov,0.1794369539232828,1.7179313643752432,220.0,1.6108292169567022
209,209,5,recov,0.17928339234309118,1.718787527629824,220.0,1.6108292169567022
210,210,3,recov,0.18077491895368197,1.7105025632482476,220.0,1.6108292169567022
211,211,4,recov,0.18062354622393478,1.7113402687350427,220.0,1.6108292169567022
212,212,5,recov,0.18047393673007864,1.7121689064823509,220.0,1.6108292169567022
213,213,3,recov,0.18191659468399576,1.7042069679106295,220.0,1.6108292169567022
214,214,4,recov,0.1817691533057457,1.705017785420761,220.0,1.6108292169567022
215,215,5,recov,0.1816234215786864,1.7058198476803883,220.0,1.6108292169567022
216,216,3,recov,0.1830189552034903,1.6981655511578484,220.0,1.6108292169567022
217,217,4,recov,0.18287536825782003,1.6989504059305747,220.0,1.6108292169567022
218,218,5,recov,0.1827334389424821,1.6997268058403816,220.0,1.6108292169567022
219,219,3,recov,0.1840835212141205,1.692365704721548,220.0,1.6108292169567022
220,220,4,recov,0.1839437110740662,1.6931254862513585,220.0,1.6108292169567022
221,221,5,recov,0.1838055080729482,1.693877101756864,220.0,1.6108292169567022
222,222,3,recov,0.18511174411091708,1.6867956140306362,220.0,1.6108292169567022
223,223,4,recov,0.18497563270379386,1.6875311776936375,220.0,1.6108292169567022
224,224,5,recov,0.18484107943845673,1.6882588531439706,220.0,1.6108292169567022
225,225,3,recov,0.18610500979348796,1.6814441957957396,220.0,1.6108292169567022
226,226,4,recov,0.18597251883442928,1.6821563643867696,220.0,1.6108292169567022
227,227,5,recov,0.18584153847846607,1.6828609120433478,220.0,1.6108292169567022
228,228,3,recov,0.1870646422273626,1.676301041501013,220.0,1.6108292169567022
229,229,4,recov,0.18693569342690317,1.67699060668733,220.0,1.6108292169567022
230,230,5,recov,0.18680820911317955,1.6776728081509602,220.0,1.6108292169567022
231,231,3,recov,0.18799190677423216,1.671356366152059,220.0,1.6108292169567022
232,232,4,recov,0.18786642202247789,1.672024089849008,220.0,1.6108292169567022
233,233,5,recov,0.18774235702715514,1.6726846974106764,220.0,1.6108292169567022
234,234,3,recov,0.18888801330849556,1.6666009617104043,220.0,1.6108292169567022
235,235,4,recov,0.1887659148381714,1.6672475773840587,220.0,1.6108292169567022
236,236,5,recov,0.18864519274377314,1.6678873153042753,220.0,1.6108292169567022
237,237,3,recov,0.18975411913603754,1.662026154715206,220.0,1.6108292169567022
238,238,4,recov,0.18963532966647637,1.66265236861661,220.0,1.6108292169567022
239,239,5,recov,0.18951787450603735,1.6632719343378206,220.0,1.6108292169567022
240,240,3,recov,0.19059133172981987,1.6576237676534185,220.0,1.6108292169567022
241,241,4,recov,0.19047577459375228,1.6582302599887164,220.0,1.6108292169567022
242,242,5,recov,0.190361510977888,1.6588303252849568,220.0,1.6108292169567022
243,243,3,recov,0.1914007112956496,1.6533860836919776,220.0,1.6108292169567022
244,244,4,recov,0.1912883105504735,1.6539735097324009,220.0,1.6108292169567022
245,245,5,recov,0.19117716377902882,1.6545547218000698,220.0,1.6108292169567022
246,246,3,recov,0.19218327318038447,1.6493058144309098,220.0,1.6108292169567022
247,247,4,recov,0.19207395370542812,1.6498748055663097,220.0,1.6108292169567022
248,248,5,recov,0.19196584986520396,1.6504377880596572,220.0,1.6108292169567022
249,249,3,recov,0.19293999013383156,1.6453760703756717,220.0,1.6108292169567022
250,250,4,recov,0.192833677714979,1.6459272351150211,220.0,1.6108292169567022
251,251,5,recov,0.19272854376489015,1.646472589129691,220.0,1.6108292169567022
252,252,3,recov,0.19367179443468432,1.641590333861326,220.0,1.6108292169567022
253,253,4,recov,0.1935684158375988,1.6421242587833724,220.0,1.6108292169567022
254,254,5,recov,0.19346617968248658,1.642652563791108,220.0,1.6108292169567022
255,255,3,recov,0.19437957989001312,1.6379424341911055,220.0,1.6108292169567022
256,256,4,recov,0.19427906292307653,1.6384596848481352,220.0,1.6108292169567022
257,257,5,recov,0.19417965347728397,1.6389714995855353,220.0,1.6108292169567022
258,258,3,recov,0.19506420371706973,1.6344265247780945,220.0,1.6108292169567022
259,259,4,recov,0.19496647728504937,1.6349276465555629,220.0,1.6108292169567022
260,260,5,recov,0.19486982452675966,1.635423509869579,220.0,1.6108292169567022
261,261,3,recov,0.19572648831547712,1.6310370621017192,220.0,1.6108292169567022
262,262,4,recov,0.19563148246483456,1.631522581036312,220.0,1.6108292169567022
263,263,5,recov,0.19553751748208031,1.632003012688996,220.0,1.6108292169567022
264,264,3,recov,0.19636722293724754,1.6277687863108943,220.0,1.6108292169567022
265,265,4,recov,0.1962748688939182,1.6282392098694167,220.0,1.6108292169567022
266,266,5,recov,0.19618352392308297,1.6287047113042519,220.0,1.6108292169567022
267,267,3,recov,0.19698716526149757,1.6246167033234296,220.0,1.6108292169567022
268,268,4,recov,0.19689739546189186,1.625072521144748,220.0,1.6108292169567022
269,269,5,recov,0.19680860391944818,1.625523576216749,220.0,1.6108292169567022
270,270,3,recov,0.19758704288020618,1.6215760682869302,220.0,1.6108292169567022
271,271,4,recov,0.19749979099611148,1.6220177528890571,220.0,1.6108292169567022
272,272,5,recov,0.19741348750427024,1.6224548285606724,220.0,1.6108292169567022
273,273,3,recov,0.19816755470087835,1.618642370280275,220.0,1.6108292169567022
274,274,4,recov,0.19808275565887867,1.6190703777345392,220.0,1.6108292169567022
275,275,5,recov,0.19799887606576158,1.6194939247392603,220.0,1.6108292169567022
276,276,3,recov,0.19872937227154142,1.6158113181469709,220.0,1.6108292169567022
277,277,4,recov,0.19864696226751322,1.6162260887210929,220.0,1.6108292169567022
278,278,5,recov,0.1985654436624032,1.616636542196551,220.0,1.6108292169567022
279,279,3,recov,0.19927314103309463,1.6130788273625487,220.0,1.6108292169567022
280,280,4,recov,0.19919305754228567,1.6134807861343268,220.0,1.6108292169567022
281,281,5,recov,0.1991138382664588,1.6138785662265371,220.0,1.6108292169567022
282,282,3,recov,0.19979948150366555,1.6104410078478002,220.0,1.6108292169567022
283,283,4,recov,0.1997216632868165,1.6108305652909936,220.0,1.6108292169567022
284,284,5,recov,0.1996446829404123,1.6112160777313123,220.0,1.6108292169567022
285,285,0,fam_r,0.017689178483398734,4.0348022114931625,220.0,1.6108292169567022
286,286,1,fam_r,0.01768250114966414,4.035179764037073,220.0,1.6108292169567022
287,287,2,fam_r,0.017675895553183812,4.0355534006933205,220.0,1.6108292169567022
288,288,0,fam_r,0.023804937542062914,3.7378622600709637,220.0,1.6108292169567022
289,289,1,fam_r,0.023796228181446673,3.7382281906351023,220.0,1.6108292169567022
290,290,2,fam_r,0.023787612189765543,3.7385903300382304,220.0,1.6108292169567022
291,291,0,fam_r,0.029725967858079332,3.5157342765290007,220.0,1.6108292169567022
292,292,1,fam_r,0.02971542656573024,3.5160889550341663,220.0,1.6108292169567022
293,293,2,fam_r,0.029704998048164444,3.5164399628817415,220.0,1.6108292169567022
294,294,0,fam_r,0.03545885887762625,3.3393821594058752,220.0,1.6108292169567022
295,295,1,fam_r,0.03544667078951095,3.3397259432628625,220.0,1.6108292169567022
296,296,2,fam_r,0.03543461283290329,3.340066172900582,220.0,1.6108292169567022
297,297,0,fam_r,0.04100995355354072,3.1939404721430456,220.0,1.6108292169567022
298,298,1,fam_r,0.040996289895739564,3.194273706720143,220.0,1.6108292169567022
299,299,2,fam_r,0.0409827718403303,3.194603499602509,220.0,1.6108292169567022
0,0,0,fam,0.015873015873015872,4.143134726391533,293.33333333333337,1.5669976616833508
1,1,1,fam,0.01559792027729636,4.16061768917188,293.33333333333337,1.5669976616833508
2,2,2,fam,0.015334810018742545,4.17762987022807,293.33333333333337,1.5669976616833508
3,3,0,fam,0.03150824282178176,3.457506090500013,293.33333333333337,1.5669976616833508
4,4,1,fam,0.031004083597800866,3.47363635421117,293.33333333333337,1.5669976616833508
5,5,2,fam,0.030520610904008837,3.4893530562521575,293.33333333333337,1.5669976616833508
6,6,0,fam,0.04525979546754492,3.0953361578425262,293.33333333333337,1.5669976616833508
7,7,1,fam,0.04458868389947759,3.1102751763765157,293.33333333333337,1.5669976616833508
8,8,2,fam,0.043943604738901985,3.124848177636785,293.33333333333337,1.5669976616833508
9,9,0,fam,0.05744351675500337,2.856953131272959,293.33333333333337,1.5669976616833508
10,10,1,fam,0.056651572538998225,2.870835533040819,293.33333333333337,1.5669976616833508
11,11,2,fam,0.055888767942038696,2.8843918502799086,293.33333333333337,1.5669976616833508
12,12,0,fam,0.0683083993491188,2.683722542673379,293.33333333333337,1.5669976616833508
13,13,1,fam,0.06743023578193419,2.6966617595498694,293.33333333333337,1.5669976616833508
14,14,2,fam,0.06658281588003466,2.7093087545479335,293.33333333333337,1.5669976616833508
15,15,0,fam,0.07805338456975115,2.55036226883852,293.33333333333337,1.5669976616833508
16,16,1,fam,0.07711520841752095,2.562454762125637,293.33333333333337,1.5669976616833508
17,17,2,fam,0.07620836874863408,2.5742839962224204,293.33333333333337,1.5669976616833508
18,18,0,fam,0.0868393379967384,2.44369555725377,293.33333333333337,1.5669976616833508
19,19,1,fam,0.08586113128296917,2.455024040370251,293.33333333333337,1.5669976616833508
20,20,2,fam,0.08491417587471208,2.4661142281694204,293.33333333333337,1.5669976616833508
21,21,0,fam,0.09479774365226809,2.356009671140825,293.33333333333337,1.5669976616833508
22,22,1,fam,0.09379482435825677,2.366645601909593,293.33333333333337,1.5669976616833508
23,23,2,fam,0.09282262124206453,2.3770649055111326,293.33333333333337,1.5669976616833508
24,24,0,fam,0.10203711994205637,2.2824186109004994,293.33333333333337,1.5669976616833508
25,25,1,fam,0.10102127472571397,2.2924241434738932,293.33333333333337,1.5669976616833508
26,26,2,fam,0.10003531789728848,2.3022319763741734,293.33333333333337,1.5669976616833508
27,27,0,fam,0.1086478247033084,2.219643593618565,293.33333333333337,1.5669976616833508
28,28,1,fam,0.10762814177488964,2.229073124791423,293.33333333333337,1.5669976616833508
29,29,2,fam,0.10663733585230799,2.2383215860540253,293.33333333333337,1.5669976616833508
30,30,0,fam,0.1147057022735848,2.165385541404387,293.33333333333337,1.5669976616833508
31,31,1,fam,0.1136891910320526,2.1742869484258307,293.33333333333337,1.5669976616833508
32,32,2,fam,0.11270043766628932,2.1830219744808654,293.33333333333337,1.5669976616833508
33,33,0,fam,0.12027488558284989,2.117975442693269,293.33333333333337,1.5669976616833508
34,34,1,fam,0.11926694252746725,2.1263910836034516,293.33333333333337,1.5669976616833508
35,35,2,fam,0.1182855832000812,2.1346533818646787,293.33333333333337,1.5669976616833508
36,36,0,fam,0.12540997317480873,2.07616712304614,293.33333333333337,1.5669976616833508
37,37,1,fam,0.124414735615508,2.084134652191252,293.33333333333337,1.5669976616833508
38,38,2,fam,0.1234448891416065,2.0919604642779617,293.33333333333337,1.5669976616833508
39,39,0,fam,0.13015773800160152,2.0390081948210006,293.33333333333337,1.5669976616833508
40,40,1,fam,0.1291783549435857,2.046561233064983,293.33333333333337,1.5669976616833508
41,41,2,fam,0.12822317691915766,2.0539829636346862,293.33333333333337,1.5669976616833508
42,42,0,fam,0.1345584814145436,2.005756368384918,293.33333333333337,1.5669976616833508
43,43,1,fam,0.13359732266442018,2.0129250580173688,293.33333333333337,1.5669976616833508
44,44,2,fam,0.13265920646261553,2.019971796640779,293.33333333333337,1.5669976616833508
45,45,0,fam,0.13864711542346286,1.9758233118719835,293.33333333333337,1.5669976616833508
46,46,1,fam,0.13770593417461985,1.9826347792260535,293.33333333333337,1.5669976616833508
47,47,2,fam,0.13678666776267343,1.9893327364182085,293.33333333333337,1.5669976616833508
48,48,0,fam,0.142454034787721,1.9487358942012176,293.33333333333337,1.5669976616833508
49,49,1,fam,0.14153409486570656,1.9552146378088502,293.33333333333337,1.5669976616833508
50,50,2,fam,0.14063498394203633,1.9615875116224675,293.33333333333337,1.5669976616833508
51,51,0,fam,0.14600582506158963,1.9241087603875713,293.33333333333337,1.5669976616833508
52,52,1,fam,0.14510800110494457,1.9302769786071279,293.33333333333337,1.5669976616833508
53,53,2,fam,0.14422996635656143,1.9363462646491636,293.33333333333337,1.5669976616833508
54,54,0,fam,0.14932584150042943,1.9016245050176541,293.33333333333337,1.5669976616833508
55,55,1,fam,0.148450698259054,1.9075023741185333,293.33333333333337,1.5669976616833508
56,56,2,fam,0.14759435258676254,1.9132876291550587,293.33333333333337,1.5669976616833508
57,57,0,fam,0.15243468549591072,1.8810190665079065,293.33333333333337,1.5669976616833508
58,58,1,fam,0.15158254090514245,1.886624977939286,293.33333333333337,1.5669976616833508
59,59,2,fam,0.15074825103726522,1.892144045184994,293.33333333333337,1.5669976616833508
60,60,0,fam,0.15535059909494414,1.8620707867298913,293.33333333333337,1.5669976616833508
61,61,1,fam,0.15452157466350577,1.8674215505583616,293.33333333333337,1.5669976616833508
62,62,2,fam,0.15370951052657797,1.8726907531457997,293.33333333333337,1.5669976616833508
63,63,0,fam,0.15808979357619546,1.844592093610895,293.33333333333337,1.5669976616833508
64,64,1,fam,0.15728385479560877,1.8497031137558981,293.33333333333337,1.5669976616833508
65,65,2,fam,0.1564940292275608,1.8547374216303014,293.33333333333337,1.5669976616833508
66,66,3,recov,0.008556248299167497,4.761093467710004,293.33333333333337,1.5669976616833508
67,67,4,recov,0.008514549324256264,4.765978893542844,293.33333333333337,1.5669976616833508
68,68,5,recov,0.008473665781280353,4.770792068046438,293.33333333333337,1.5669976616833508
69,69,3,recov,0.017617740239079062,4.038848916467306,293.33333333333337,1.5669976616833508
70,70,4,recov,0.017535607087818886,4.0435217744997765,293.33333333333337,1.5669976616833508
71,71,5,recov,0.01745504615619668,4.048126494132061,293.33333333333337,1.5669976616833508
72,72,3,recov,0.026165133734814588,3.6433275279608393,293.33333333333337,1.5669976616833508
73,73,4,recov,0.0260483764609248,3.647799836681801,293.33333333333337,1.5669976616833508
74,74,5,recov,0.025933808684359575,3.6522078069027994,293.33333333333337,1.5669976616833508
75,75,3,recov,0.034237404310330316,3.3744365392758437,293.33333333333337,1.5669976616833508
76,76,4,recov,0.03409108350557375,3.3787194096596878,293.33333333333337,1.5669976616833508
77,77,5,recov,0.03394745268689244,3.382941459106341,293.33333333333337,1.5669976616833508
78,78,3,recov,0.0418697209304609,3.1731923641163378,293.33333333333337,1.5669976616833508
79,79,4,recov,0.041698251233761696,3.1772960878970022,293.33333333333337,1.5669976616833508
80,80,5,recov,0.0415298740960739,3.1813422529820694,293.33333333333337,1.5669976616833508
81,81,3,recov,0.04909390010562134,3.0140204860007556,293.33333333333337,1.5669976616833508
82,82,4,recov,0.04890113786952816,3.0179546134565327,293.33333333333337,1.5669976616833508
83,83,5,recov,0.04871178857487256,3.0218342129941895,293.33333333333337,1.5669976616833508
84,84,3,recov,0.05593879647976826,2.8834971059237056,293.33333333333337,1.5669976616833508
85,85,4,recov,0.05572811428287161,2.8872705146343596,293.33333333333337,1.5669976616833508
86,86,5,recov,0.055521096359385486,2.8909922158714725,293.33333333333337,1.5669976616833508
87,87,3,recov,0.06243064003040481,2.7736990979923535,293.33333333333337,1.5669976616833508
88,88,4,recov,0.06220499022248124,2.777320053797895,293.33333333333337,1.5669976616833508
89,89,5,recov,0.06198319797841023,2.7808919310124973,293.33333333333337,1.5669976616833508
90,90,3,recov,0.0685933282046134,2.679560005472533,293.33333333333337,1.5669976616833508
91,91,4,recov,0.068355297271495,2.683036216672008,293.33333333333337,1.5669976616833508
92,92,5,recov,0.06812126839709681,2.6864658033214113,293.33333333333337,1.5669976616833508
93,93,3,recov,0.07444867986420463,2.5976452518534585,293.33333333333337,1.5669976616833508
94,94,4,recov,0.07420053507923816,2.6009839175243163,293.33333333333337,1.5669976616833508
95,95,5,recov,0.07395649583500395,2.6042782527770436,293.33333333333337,1.5669976616833508
96,96,3,recov,0.08001665674061538,2.5255204567231027,293.33333333333337,1.5669976616833508
97,97,4,recov,0.07976038631194123,2.5287283099107296,293.33333333333337,1.5669976616833508
98,98,5,recov,0.07950829045760774,2.531893980273259,293.33333333333337,1.5669976616833508
99,99,3,recov,0.08531555714804087,2.461398459542595,293.33333333333337,1.5669976616833508
100,100,4,recov,0.08505290486260238,2.4644818059604185,293.33333333333337,1.5669976616833508
101,101,5,recov,0.08479446728385998,2.4675249826068852,293.33333333333337,1.5669976616833508
102,102,3,recov,0.09036218592638996,2.403929396369163,293.33333333333337,1.5669976616833508
103,103,4,recov,0.09009468112237573,2.406894149158358,293.33333333333337,1.5669976616833508
104,104,5,recov,0.08983140695146155,2.4098206214851654,293.33333333333337,1.5669976616833508
105,105,3,recov,0.09517200394888624,2.352069456600854,293.33333333333337,1.5669976616833508
106,106,4,recov,0.0949009875102753,2.3549211676219195,293.33333333333337,1.5669976616833508
107,107,5,recov,0.0946341974053436,2.357736373476723,293.33333333333337,1.5669976616833508
108,108,3,recov,0.09975926000496854,2.3049953953907893,293.33333333333337,1.5669976616833508
109,109,4,recov,0.09948590695878055,2.307739283454505,293.33333333333337,1.5669976616833508
110,110,5,recov,0.09921675909924335,2.3104483364277972,293.33333333333337,1.5669976616833508
111,111,3,recov,0.10413710743587709,2.2620469073593026,293.33333333333337,1.5669976616833508
112,112,4,recov,0.10386244663974531,2.2646878837497897,293.33333333333337,1.5669976616833508
113,113,5,recov,0.10359195590608881,2.2672955978654605,293.33333333333337,1.5669976616833508
114,114,3,recov,0.10831770754076006,2.222686633809114,293.33333333333337,1.5669976616833508
115,115,4,recov,0.10804263887168651,2.2252293254051874,293.33333333333337,1.5669976616833508
116,116,5,recov,0.10777169360496328,2.2277402375023203,293.33333333333337,1.5669976616833508
117,117,3,recov,0.11231232147162439,2.1864717040077974,293.33333333333337,1.5669976616833508
118,118,4,recov,0.11203763086318251,2.1889204742691484,293.33333333333337,1.5669976616833508
119,119,5,recov,0.11176700753857131,2.1913388643297056,293.33333333333337,1.5669976616833508
120,120,3,recov,0.11613139208504515,2.153033038497212,293.33333333333337,1.5669976616833508
121,121,4,recov,0.11585776470742366,2.155392006548075,293.33333333333337,1.5669976616833508
122,122,5,recov,0.11558814080563375,2.1577219161929473,293.33333333333337,1.5669976616833508
123,123,3,recov,0.11978461700845777,2.1220600071510214,293.33333333333337,1.5669976616833508
124,124,4,recov,0.11951264884163552,2.124333065164922,293.33333333333337,1.5669976616833508
125,125,5,recov,0.11924461415966131,2.126578314513193,293.33333333333337,1.5669976616833508
126,126,3,recov,0.1232810140019984,2.0932888628094375,293.33333333333337,1.5669976616833508
127,127,4,recov,0.12301122201543135,2.095479691873645,293.33333333333337,1.5669976616833508
128,128,5,recov,0.12274528862275054,2.0976438949361635,293.33333333333337,1.5669976616833508
129,129,3,recov,0.12662897954749175,2.066493889088837,293.33333333333337,1.5669976616833508
130,130,4,recov,0.1263618106687094,2.068605973705608,293.33333333333337,1.5669976616833508
131,131,5,recov,0.12609842168525812,2.0706925524634388,293.33333333333337,1.5669976616833508
132,132,3,recov,0.12983634146964346,2.0414805333936474,293.33333333333337,1.5669976616833508
133,133,4,recov,0.12957218049806649,2.0435171747567207,293.33333333333337,1.5669976616833508
134,134,5,recov,0.1293117178452431,2.045529372057312,293.33333333333337,1.5669976616833508
135,135,3,recov,0.1329104062869665,2.0180800146957956,293.33333333333337,1.5669976616833508
136,136,4,recov,0.1326495828872299,2.0200443428644714,293.33333333333337,1.5669976616833508
137,137,5,recov,0.13239237414198035,2.0219852342529587,293.33333333333337,1.5669976616833508
138,138,3,recov,0.13585800189833364,1.9961450423907727,293.33333333333337,1.5669976616833508
139,139,4,recov,0.13560079678875145,1.9980400274698649,293.33333333333337,1.5669976616833508
140,140,5,recov,0.1353471212528215,1.999912532059565,293.33333333333337,1.5669976616833508
141,141,3,recov,0.13868551613273705,1.9755463829775788,293.33333333333337,1.5669976616833508
142,142,4,recov,0.13843216656870955,1.9773748453993378,293.33333333333337,1.5669976616833508
143,143,5,recov,0.13818226064988312,1.9791817358737895,293.33333333333337,1.5669976616833508
144,144,3,recov,0.14139893162272713,1.9561700812573526,293.33333333333337,1.5669976616833508
145,145,4,recov,0.14114963626141785,1.9579347012507635,293.33333333333337,1.5669976616833508
146,146,5,recov,0.1409036982505542,1.9596786130794868,293.33333333333337,1.5669976616833508
147,147,3,recov,0.1440038574043505,1.937915192234704,293.33333333333337,1.5669976616833508
148,148,4,recov,0.14375878062546027,1.9396185185582464,293.33333333333337,1.5669976616833508
149,149,5,recov,0.14351697494203508,1.941301958499451,293.33333333333337,1.5669976616833508
150,150,3,recov,0.14650555759674658,1.9206919154305901,293.33333333333337,1.5669976616833508
151,151,4,recov,0.14626483334437784,1.9223363734363532,293.33333333333337,1.5669976616833508
152,152,5,recov,0.14602729431372613,1.9239617273919911,293.33333333333337,1.5669976616833508
153,153,3,recov,0.14890897747168436,1.9044200491574486,293.33333333333337,1.5669976616833508
154,154,4,recov,0.1486727126738587,1.9060079482473,293.33333333333337,1.5669976616833508
155,155,5,recov,0.14843954789115968,1.9075774885289536,293.33333333333337,1.5669976616833508
156,156,3,recov,0.15121876718621532,1.8890277013371999,293.33333333333337,1.5669976616833508
157,157,4,recov,0.1509870448013628,1.8905612418653666,293.33333333333337,1.5669976616833508
158,158,5,recov,0.15075833813039183,1.8920771339233977,293.33333333333337,1.5669976616833508
159,159,3,recov,0.1534393034194259,1.8744502076160083,293.33333333333337,1.5669976616833508
160,160,4,recov,0.1532121851529275,1.8759314872868433,293.33333333333337,1.5669976616833508
161,161,5,recov,0.15298799940155633,1.8773957959498548,293.33333333333337,1.5669976616833508
162,162,3,recov,0.15557470912628965,1.8606292181973183,293.33333333333337,1.5669976616833508
163,163,4,recov,0.15535223785477312,1.8620602380020774,293.33333333333337,1.5669976616833508
164,164,5,recov,0.15513261716398027,1.863474933268988,293.33333333333337,1.5669976616833508
165,165,3,recov,0.15762887159723765,1.8475119229226447,293.33333333333337,1.5669976616833508
166,166,4,recov,0.15741107353367387,1.8488945926547111,293.33333333333337,1.5669976616833508
167,167,5,recov,0.15719604551231026,1.8502615550775505,293.33333333333337,1.5669976616833508
168,168,3,recov,0.1596054589907791,1.8350503903485025,293.33333333333337,1.5669976616833508
169,169,4,recov,0.15939234561939455,1.8363865337326273,293.33333333333337,1.5669976616833508
170,170,5,recov,0.1591819232530356,1.8377075594244043,293.33333333333337,1.5669976616833508
171,171,3,recov,0.16150793548788306,1.8232010013786841,293.33333333333337,1.5669976616833508
172,172,4,recov,0.16129950529440595,1.8244923608463408,293.33333333333337,1.5669976616833508
173,173,5,recov,0.16109368865321996,1.8257691661450293,293.33333333333337,1.5669976616833508
174,174,3,recov,0.16333957520050746,1.8119239617624576,293.33333333333337,1.5669976616833508
175,175,4,recov,0.1631358152202235,1.8131722029023365,293.33333333333337,1.5669976616833508
176,176,5,recov,0.16293459298782895,1.8144064287190496,293.33333333333337,1.5669976616833508
177,177,3,recov,0.1651034749523303,1.8011828807164958,293.33333333333337,1.5669976616833508
178,178,4,recov,0.16490436215577348,1.8023895964264218,293.33333333333337,1.5669976616833508
179,179,5,recov,0.16470771299847695,1.803582812303215,293.33333333333337,1.5669976616833508
180,180,3,recov,0.16680256603712276,1.7909444052602177,293.33333333333337,1.5669976616833508
181,181,4,recov,0.16660806857091418,1.7921111196243238,293.33333333333337,1.5669976616833508
182,182,5,recov,0.16641596236447093,1.7932648275246943,293.33333333333337,1.5669976616833508
183,183,3,recov,0.16843962504908808,1.7811779017115,293.33333333333337,1.5669976616833508
184,184,4,recov,0.16824970334741568,1.7823060736242886,293.33333333333337,1.5669976616833508
185,185,5,recov,0.16806210227648435,1.7834217114773303,293.33333333333337,1.5669976616833508
186,186,3,recov,0.17001728386967602,1.7718551772782778,293.33333333333337,1.5669976616833508
187,187,4,recov,0.16983189165013818,1.772946203835245,293.33333333333337,1.5669976616833508
188,188,5,recov,0.16964875119387576,1.77402514885252,293.33333333333337,1.5669976616833508
189,189,3,recov,0.1715380388866997,1.7629502358817393,293.33333333333337,1.5669976616833508
190,190,4,recov,0.17135712404268405,1.7640054555544655,293.33333333333337,1.5669976616833508
191,191,5,recov,0.17117839385841424,1.7650490273369503,293.33333333333337,1.5669976616833508
192,192,3,recov,0.1730042595138903,1.7544390633198874,293.33333333333337,1.5669976616833508
193,193,4,recov,0.1728277649142974,1.7554597589319128,293.33333333333337,1.5669976616833508
194,194,5,recov,0.17265338962985557,1.756469222382847,293.33333333333337,1.5669976616833508
195,195,3,recov,0.1744181960722034,1.7462994376734085,293.33333333333337,1.5669976616833508
196,196,4,recov,0.17424606027812548,1.7472868391917933,293.33333333333337,1.5669976616833508
197,197,5,recov,0.17407598020231205,1.7482634072498797,293.33333333333337,1.5669976616833508
198,198,3,recov,0.17578198708812023,1.7385107615056168,293.33333333333337,1.5669976616833508
199,199,4,recov,0.17561414499503164,1.7394660486617823,293.33333333333337,1.5669976616833508
200,200,5,recov,0.17544829675457488,1.7404108848679463,293.33333333333337,1.5669976616833508
201,201,3,recov,0.1770976660587935,1.7310539129431275,293.33333333333337,1.5669976616833508
202,202,4,recov,0.17693404947187658,1.7319782176954313,293.33333333333337,1.5669976616833508
203,203,5,recov,0.17677236658239617,1.7328924386052198,293.33333333333337,1.5669976616833508
204,204,3,recov,0.17836716772907202,1.7239111131662812,293.33333333333337,1.5669976616833508
205,205,4,recov,0.17820770587848142,1.7248055220157195,293.33333333333337,1.5669976616833508
206,206,5,recov,0.1780501192561384,1.7256901994684124,293.33333333333337,1.5669976616833508
207,207,3,recov,0.17959233392114168,1.717065808205759,293.33333333333337,1.5669976616833508
208,208,4,recov,0.1794369539232828,1.7179313643752432,293.33333333333337,1.5669976616833508
209,209,5,recov,0.17928339234309118,1.718787527629824,293.33333333333337,1.5669976616833508
210,210,3,recov,0.18077491895368197,1.7105025632482476,293.33333333333337,1.5669976616833508
211,211,4,recov,0.18062354622393478,1.7113402687350427,293.33333333333337,1.5669976616833508
212,212,5,recov,0.18047393673007864,1.7121689064823509,293.33333333333337,1.5669976616833508
213,213,3,recov,0.18191659468399576,1.7042069679106295,293.33333333333337,1.5669976616833508
214,214,4,recov,0.1817691533057457,1.705017785420761,293.33333333333337,1.5669976616833508
215,215,5,recov,0.1816234215786864,1.7058198476803883,293.33333333333337,1.5669976616833508
216,216,3,recov,0.1830189552034903,1.6981655511578484,293.33333333333337,1.5669976616833508
217,217,4,recov,0.18287536825782003,1.6989504059305747,293.33333333333337,1.5669976616833508
218,218,5,recov,0.1827334389424821,1.6997268058403816,293.33333333333337,1.5669976616833508
219,219,3,recov,0.1840835212141205,1.692365704721548,293.33333333333337,1.5669976616833508
220,220,4,recov,0.1839437110740662,1.6931254862513585,293.33333333333337,1.5669976616833508
221,221,5,recov,0.1838055080729482,1.693877101756864,293.33333333333337,1.5669976616833508
222,222,3,recov,0.18511174411091708,1.6867956140306362,293.33333333333337,1.5669976616833508
223,223,4,recov,0.18497563270379386,1.6875311776936375,293.33333333333337,1.5669976616833508
224,224,5,recov,0.18484107943845673,1.6882588531439706,293.33333333333337,1.5669976616833508
225,225,3,recov,0.18610500979348796,1.6814441957957396,293.33333333333337,1.5669976616833508
226,226,4,recov,0.18597251883442928,1.6821563643867696,293.33333333333337,1.5669976616833508
227,227,5,recov,0.18584153847846607,1.6828609120433478,293.33333333333337,1.5669976616833508
228,228,3,recov,0.1870646422273626,1.676301041501013,293.33333333333337,1.5669976616833508
229,229,4,recov,0.18693569342690317,1.67699060668733,293.33333333333337,1.5669976616833508
230,230,5,recov,0.18680820911317955,1.6776728081509602,293.33333333333337,1.5669976616833508
231,231,3,recov,0.18799190677423216,1.671356366152059,293.33333333333337,1.5669976616833508
232,232,4,recov,0.18786642202247789,1.672024089849008,293.33333333333337,1.5669976616833508
233,233,5,recov,0.18774235702715514,1.6726846974106764,293.33333333333337,1.5669976616833508
234,234,3,recov,0.18888801330849556,1.6666009617104043,293.33333333333337,1.5669976616833508
235,235,4,recov,0.1887659148381714,1.6672475773840587,293.33333333333337,1.5669976616833508
236,236,5,recov,0.18864519274377314,1.6678873153042753,293.33333333333337,1.5669976616833508
237,237,3,recov,0.18975411913603754,1.662026154715206,293.33333333333337,1.5669976616833508
238,238,4,recov,0.18963532966647637,1.66265236861661,293.33333333333337,1.5669976616833508
239,239,5,recov,0.18951787450603735,1.6632719343378206,293.33333333333337,1.5669976616833508
240,240,3,recov,0.19059133172981987,1.6576237676534185,293.33333333333337,1.5669976616833508
241,241,4,recov,0.19047577459375228,1.6582302599887164,293.33333333333337,1.5669976616833508
242,242,5,recov,0.190361510977888,1.6588303252849568,293.33333333333337,1.5669976616833508
243,243,3,recov,0.1914007112956496,1.6533860836919776,293.33333333333337,1.5669976616833508
244,244,4,recov,0.1912883105504735,1.6539735097324009,293.33333333333337,1.5669976616833508
245,245,5,recov,0.19117716377902882,1.6545547218000698,293.33333333333337,1.5669976616833508
246,246,3,recov,0.19218327318038447,1.6493058144309098,293.33333333333337,1.5669976616833508
247,247,4,recov,0.19207395370542812,1.6498748055663097,293.33333333333337,1.5669976616833508
248,248,5,recov,0.19196584986520396,1.6504377880596572,293.33333333333337,1.5669976616833508
249,249,3,recov,0.19293999013383156,1.6453760703756717,293.33333333333337,1.5669976616833508
250,250,4,recov,0.192833677714979,1.6459272351150211,293.33333333333337,1.5669976616833508
251,251,5,recov,0.19272854376489015,1.646472589129691,293.33333333333337,1.5669976616833508
252,252,3,recov,0.19367179443468432,1.641590333861326,293.33333333333337,1.5669976616833508
253,253,4,recov,0.1935684158375988,1.6421242587833724,293.33333333333337,1.5669976616833508
254,254,5,recov,0.19346617968248658,1.642652563791108,293.33333333333337,1.5669976616833508
255,255,3,recov,0.19437957989001312,1.6379424341911055,293.33333333333337,1.5669976616833508
256,256,4,recov,0.19427906292307653,1.6384596848481352,293.33333333333337,1.5669976616833508
257,257,5,recov,0.19417965347728397,1.6389714995855353,293.33333333333337,1.5669976616833508
258,258,3,recov,0.19506420371706973,1.6344265247780945,293.33333333333337,1.5669976616833508
259,259,4,recov,0.19496647728504937,1.6349276465555629,293.33333333333337,1.5669976616833508
260,260,5,recov,0.19486982452675966,1.635423509869579,293.33333333333337,1.5669976616833508
261,261,3,recov,0.19572648831547712,1.6310370621017192,293.33333333333337,1.5669976616833508
262,262,4,recov,0.19563148246483456,1.631522581036312,293.33333333333337,1.5669976616833508
263,263,5,recov,0.19553751748208031,1.632003012688996,293.33333333333337,1.5669976616833508
264,264,3,recov,0.19636722293724754,1.6277687863108943,293.33333333333337,1.5669976616833508
265,265,4,recov,0.1962748688939182,1.6282392098694167,293.33333333333337,1.5669976616833508
266,266,5,recov,0.19618352392308297,1.6287047113042519,293.33333333333337,1.5669976616833508
267,267,3,recov,0.19698716526149757,1.6246167033234296,293.33333333333337,1.5669976616833508
268,268,4,recov,0.19689739546189186,1.625072521144748,293.33333333333337,1.5669976616833508
269,269,5,recov,0.19680860391944818,1.625523576216749,293.33333333333337,1.5669976616833508
270,270,3,recov,0.19758704288020618,1.6215760682869302,293.33333333333337,1.5669976616833508
271,271,4,recov,0.19749979099611148,1.6220177528890571,293.33333333333337,1.5669976616833508
272,272,5,recov,0.19741348750427024,1.6224548285606724,293.33333333333337,1.5669976616833508
273,273,3,recov,0.19816755470087835,1.618642370280275,293.33333333333337,1.5669976616833508
274,274,4,recov,0.19808275565887867,1.6190703777345392,293.33333333333337,1.5669976616833508
275,275,5,recov,0.19799887606576158,1.6194939247392603,293.33333333333337,1.5669976616833508
276,276,3,recov,0.19872937227154142,1.6158113181469709,293.33333333333337,1.5669976616833508
277,277,4,recov,0.19864696226751322,1.6162260887210929,293.33333333333337,1.5669976616833508
278,278,5,recov,0.1985654436624032,1.616636542196551,293.33333333333337,1.5669976616833508
279,279,3,recov,0.19927314103309463,1.6130788273625487,293.33333333333337,1.5669976616833508
280,280,4,recov,0.19919305754228567,1.6134807861343268,293.33333333333337,1.5669976616833508
281,281,5,recov,0.1991138382664588,1.6138785662265371,293.33333333333337,1.5669976616833508
282,282,3,recov,0.19979948150366555,1.6104410078478002,293.33333333333337,1.5669976616833508
283,283,4,recov,0.1997216632868165,1.6108305652909936,293.33333333333337,1.5669976616833508
284,284,5,recov,0.1996446829404123,1.6112160777313123,293.33333333333337,1.5669976616833508
285,285,3,recov,0.20030899039928765,1.6078941526482171,293.33333333333337,1.5669976616833508
286,286,4,recov,0.2002333775052128,1.608271705192127,293.33333333333337,1.5669976616833508
287,287,5,recov,0.20015857695055725,1.6086453418483753,293.33333333333337,1.5669976616833508
288,288,3,recov,0.20080224169489894,1.6054347274076601,293.33333333333337,1.5669976616833508
289,289,4,recov,0.20072877545990545,1.6058006579717985,293.33333333333337,1.5669976616833508
290,290,5,recov,0.20065609682166333,1.606162797374927,293.33333333333337,1.5669976616833508
291,291,3,recov,0.2012797876293797,1.6030593605710766,293.33333333333337,1.5669976616833508
292,292,4,recov,0.20120841067386747,1.6034140390762421,293.33333333333337,1.5669976616833508
293,293,5,recov,0.20113779733636558,1.6037650469238174,293.33333333333337,1.5669976616833508
294,294,3,recov,0.20174215965807893,1.600764834257206,293.33333333333337,1.5669976616833508
295,295,4,recov,0.20167281588063338,1.6011086181141931,293.33333333333337,1.5669976616833508
296,296,5,recov,0.20160421248266483,1.6014488477519127,293.33333333333337,1.5669976616833508
297,297,3,recov,0.20218986935603975,1.5985480757476551,293.33333333333337,1.5669976616833508
298,298,4,recov,0.2021225039253002,1.598881310324753,293.33333333333337,1.5669976616833508
299,299,5,recov,0.2020558563526913,1.5992111032071188,293.33333333333337,1.5669976616833508
300,300,3,recov,0.20262340927490924,1.5964061495436188,293.33333333333337,1.5669976616833508
301,301,4,recov,0.20255796861946893,1.5967291686139888,293.33333333333337,1.5669976616833508
302,302,5,recov,0.20249322399566436,1.5970488547452057,293.33333333333337,1.5669976616833508
303,303,3,recov,0.2030432537563107,1.594336249945926,293.33333333333337,1.5669976616833508
304,304,4,recov,0.20297968555288162,1.594649376115874,293.33333333333337,1.5669976616833508
305,305,5,recov,0.20291679222777972,1.5949592744719727,293.33333333333337,1.5669976616833508
306,306,3,recov,0.2034498597042678,1.5923356941180242,293.33333333333337,1.5669976616833508
307,307,4,recov,0.20338811286432154,1.5926392392371316,293.33333333333337,1.5669976616833508
308,308,5,recov,0.20332702040157075,1.592939658170254,293.33333333333337,1.5669976616833508
309,309,3,recov,0.20384366731909334,1.5904019155950808,293.33333333333337,1.5669976616833508
310,310,4,recov,0.20378369197416887,1.5906961811490967,293.33333333333337,1.5669976616833508
311,311,5,recov,0.20372435113711584,1.590987418774835,293.33333333333337,1.5669976616833508
312,312,3,recov,0.20422510079499265,1.58853245820558,293.33333333333337,1.5669976616833508
313,313,4,recov,0.20416684828084541,1.5888177356929256,293.33333333333337,1.5669976616833508
314,314,5,recov,0.20410921101730864,1.589100080261543,293.33333333333337,1.5669976616833508
315,315,3,recov,0.20459456898348144,1.5867249703746882,293.33333333333337,1.5669976616833508
316,316,4,recov,0.2045379918232307,1.5870015416673755,293.33333333333337,1.5669976616833508
317,317,5,recov,0.2044820112492567,1.5872752719197007,293.33333333333337,1.5669976616833508
318,318,3,recov,0.20495246602458014,1.5849771997812696,293.33333333333337,1.5669976616833508
319,319,4,recov,0.20489751791099717,1.5852453374709898,293.33333333333337,1.5669976616833508
320,320,5,recov,0.20484314829374156,1.5855107229797232,293.33333333333337,1.5669976616833508
321,321,3,recov,0.20529917194761496,1.5832869883428067,293.33333333333337,1.5669976616833508
322,322,4,recov,0.20524580772468173,1.5835469560729023,293.33333333333337,1.5669976616833508
323,323,5,recov,0.20519300446454483,1.583804257570032,293.33333333333337,1.5669976616833508
324,324,3,recov,0.20563505324334116,1.5816522675046072,293.33333333333337,1.5669976616833508
325,325,4,recov,0.20558322888719574,1.5819043202885996,293.33333333333337,1.5669976616833508
326,326,5,recov,0.205531948499329,1.5821537899795932,293.33333333333337,1.5669976616833508
327,327,3,recov,0.20596046340898844,1.5800710538116391,293.33333333333337,1.5669976616833508
328,328,4,recov,0.2059101360083633,1.5803154383389484,293.33333333333337,1.5669976616833508
329,329,5,recov,0.20586033610365312,1.5805573202043361,293.33333333333337,1.5669976616833508
330,330,3,recov,0.2062757434677295,1.578541444743083,293.33333333333337,1.5669976616833508
331,331,4,recov,0.20622687120397823,1.5787783996725389,293.33333333333337,1.5669976616833508
332,332,5,recov,0.20617851046960203,1.579012929757484,293.33333333333337,1.5669976616833508
333,333,3,recov,0.20658122246397576,1.5770616147913024,293.33333333333337,1.5669976616833508
334,334,4,recov,0.2065337645907743,1.5772913710330139,293.33333333333337,1.5669976616833508
335,335,5,recov,0.20648680277041667,1.5775187777254218,293.33333333333337,1.5669976616833508
336,336,3,recov,0.20687721793581595,1.575629811768385,293.33333333333337,1.5669976616833508
337,337,4,recov,0.2068311347586167,1.5758525927545057,293.33333333333337,1.5669976616833508
338,338,5,recov,0.206785532632422,1.576073097052203,293.33333333333337,1.5669976616833508
339,339,3,recov,0.2071640363658319,1.5742443533247397,293.33333333333337,1.5669976616833508
340,340,4,recov,0.20711928922114,1.574460375269637,293.33333333333337,1.5669976616833508
341,341,5,recov,0.20707500858547337,1.5746741910371154,293.33333333333337,1.5669976616833508
342,342,3,recov,0.2074419736114475,1.572903623665443,293.33333333333337,1.5669976616833508
343,343,4,recov,0.20739852484598345,1.573113095815749,293.33333333333337,1.5669976616833508
344,344,5,recov,0.20735552849306288,1.573320430030947,293.33333333333337,1.5669976616833508
345,345,3,recov,0.20771131531589837,1.5716060704511283,293.33333333333337,1.5669976616833508
346,346,4,recov,0.20766912826570302,1.5718091953261304,293.33333333333337,1.5669976616833508
347,347,5,recov,0.2076273799631599,1.5720102483176992,293.33333333333337,1.5669976616833508
348,348,3,recov,0.20797233730084075,1.5703502018712294,293.33333333333337,1.5669976616833508
349,349,4,recov,0.20793137627037403,1.57054717549403,293.33333333333337,1.5669976616833508
350,350,5,recov,0.20789084074079286,1.57074214116951,293.33333333333337,1.5669976616833508
351,351,3,recov,0.20822530594155805,1.5691345838783062,293.33333333333337,1.5669976616833508
352,352,4,recov,0.2081855361828368,1.56932559599816,293.33333333333337,1.5669976616833508
353,353,5,recov,0.20814617908332086,1.5695146620634635,293.33333333333337,1.5669976616833508
354,354,3,recov,0.20847047852566616,1.567957837573022,293.33333333333337,1.5669976616833508
355,355,4,recov,0.2084318662174819,1.5681430718792406,293.33333333333337,1.5669976616833508
356,356,5,recov,0.2083936541192852,1.568326420049827,293.33333333333337,1.5669976616833508
357,357,3,recov,0.20870810359616318,1.5668186367301258,293.33333333333337,1.5669976616833508
358,358,4,recov,0.20867061582341628,1.5669982710579125,293.33333333333337,1.5669976616833508
359,359,5,recov,0.2086335161916792,1.5671760772620145,293.33333333333337,1.5669976616833508
360,360,0,fam_r,0.01125477322747661,4.486962953429128,293.33333333333337,1.5669976616833508
361,361,1,fam_r,0.011252812743272337,4.4871371599576975,293.33333333333337,1.5669976616833508
362,362,2,fam_r,0.011250872536582078,4.487309594531941,293.33333333333337,1.5669976616833508
363,363,0,fam_r,0.017448620620534247,4.0484946809919755,293.33333333333337,1.5669976616833508
364,364,1,fam_r,0.01744567300458848,4.048663626435288,293.33333333333337,1.5669976616833508
365,365,2,fam_r,0.017442755845638036,4.048830854313033,293.33333333333337,1.5669976616833508
366,366,0,fam_r,0.023452383458963087,3.7527831492137778,293.33333333333337,1.5669976616833508
367,367,1,fam_r,0.023448541199435714,3.7529469950041947,293.33333333333337,1.5669976616833508
368,368,2,fam_r,0.023444738602453816,3.7531091758969066,293.33333333333337,1.5669976616833508
369,369,0,fam_r,0.029272074319559326,3.531121312338442,293.33333333333337,1.5669976616833508
370,370,1,fam_r,0.02926742328432939,3.531280214803618,293.33333333333337,1.5669976616833508
371,371,2,fam_r,0.029262820215131102,3.531437503375562,293.33333333333337,1.5669976616833508
372,372,0,fam_r,0.03491350496462977,3.354881562886897,293.33333333333337,1.5669976616833508
373,373,1,fam_r,0.034908124840338464,3.3550356734201796,293.33333333333337,1.5669976616833508
374,374,2,fam_r,0.034902800150391614,3.3551882194567173,293.33333333333337,1.5669976616833508
0,0,0,fam,0.015873015873015872,4.143134726391533,366.6666666666667,1.5481125287212214
1,1,1,fam,0.01559792027729636,4.16061768917188,366.6666666666667,1.5481125287212214
2,2,2,fam,0.015334810018742545,4.17762987022807,366.6666666666667,1.5481125287212214
3,3,0,fam,0.03150824282178176,3.457506090500013,366.6666666666667,1.5481125287212214
4,4,1,fam,0.031004083597800866,3.47363635421117,366.6666666666667,1.5481125287212214
5,5,2,fam,0.030520610904008837,3.4893530562521575,366.6666666666667,1.5481125287212214
6,6,0,fam,0.04525979546754492,3.0953361578425262,366.6666666666667,1.5481125287212214
7,7,1,fam,0.04458868389947759,3.1102751763765157,366.6666666666667,1.5481125287212214
8,8,2,fam,0.043943604738901985,3.124848177636785,366.6666666666667,1.5481125287212214
9,9,0,fam,0.05744351675500337,2.856953131272959,366.6666666666667,1.5481125287212214
10,10,1,fam,0.056651572538998225,2.870835533040819,366.6666666666667,1.5481125287212214
11,11,2,fam,0.055888767942038696,2.8843918502799086,366.6666666666667,1.5481125287212214
12,12,0,fam,0.0683083993491188,2.683722542673379,366.6666666666667,1.5481125287212214
13,13,1,fam,0.06743023578193419,2.6966617595498694,366.6666666666667,1.5481125287212214
14,14,2,fam,0.06658281588003466,2.7093087545479335,366.6666666666667,1.5481125287212214
15,15,0,fam,0.07805338456975115,2.55036226883852,366.6666666666667,1.5481125287212214
16,16,1,fam,0.07711520841752095,2.562454762125637,366.6666666666667,1.5481125287212214
17,17,2,fam,0.07620836874863408,2.5742839962224204,366.6666666666667,1.5481125287212214
18,18,0,fam,0.0868393379967384,2.44369555725377,366.6666666666667,1.5481125287212214
19,19,1,fam,0.08586113128296917,2.455024040370251,366.6666666666667,1.5481125287212214
20,20,2,fam,0.08491417587471208,2.4661142281694204,366.6666666666667,1.5481125287212214
21,21,0,fam,0.09479774365226809,2.356009671140825,366.6666666666667,1.5481125287212214
22,22,1,fam,0.09379482435825677,2.366645601909593,366.6666666666667,1.5481125287212214
23,23,2,fam,0.09282262124206453,2.3770649055111326,366.6666666666667,1.5481125287212214
24,24,0,fam,0.10203711994205637,2.2824186109004994,366.6666666666667,1.5481125287212214
25,25,1,fam,0.10102127472571397,2.2924241434738932,366.6666666666667,1.5481125287212214
26,26,2,fam,0.10003531789728848,2.3022319763741734,366.6666666666667,1.5481125287212214
27,27,0,fam,0.1086478247033084,2.219643593618565,366.6666666666667,1.5481125287212214
28,28,1,fam,0.10762814177488964,2.229073124791423,366.6666666666667,1.5481125287212214
29,29,2,fam,0.10663733585230799,2.2383215860540253,366.6666666666667,1.5481125287212214
30,30,0,fam,0.1147057022735848,2.165385541404387,366.6666666666667,1.5481125287212214
31,31,1,fam,0.1136891910320526,2.1742869484258307,366.6666666666667,1.5481125287212214
32,32,2,fam,0.11270043766628932,2.1830219744808654,366.6666666666667,1.5481125287212214
33,33,0,fam,0.12027488558284989,2.117975442693269,366.6666666666667,1.5481125287212214
34,34,1,fam,0.11926694252746725,2.1263910836034516,366.6666666666667,1.5481125287212214
35,35,2,fam,0.1182855832000812,2.1346533818646787,366.6666666666667,1.5481125287212214
36,36,0,fam,0.12540997317480873,2.07616712304614,366.6666666666667,1.5481125287212214
37,37,1,fam,0.124414735615508,2.084134652191252,366.6666666666667,1.5481125287212214
38,38,2,fam,0.1234448891416065,2.0919604642779617,366.6666666666667,1.5481125287212214
39,39,0,fam,0.13015773800160152,2.0390081948210006,366.6666666666667,1.5481125287212214
40,40,1,fam,0.1291783549435857,2.046561233064983,366.6666666666667,1.5481125287212214
41,41,2,fam,0.12822317691915766,2.0539829636346862,366.6666666666667,1.5481125287212214
42,42,0,fam,0.1345584814145436,2.005756368384918,366.6666666666667,1.5481125287212214
43,43,1,fam,0.13359732266442018,2.0129250580173688,366.6666666666667,1.5481125287212214
44,44,2,fam,0.13265920646261553,2.019971796640779,366.6666666666667,1.5481125287212214
45,45,0,fam,0.13864711542346286,1.9758233118719835,366.6666666666667,1.5481125287212214
46,46,1,fam,0.13770593417461985,1.9826347792260535,366.6666666666667,1.5481125287212214
47,47,2,fam,0.13678666776267343,1.9893327364182085,366.6666666666667,1.5481125287212214
48,48,0,fam,0.142454034787721,1.9487358942012176,366.6666666666667,1.5481125287212214
49,49,1,fam,0.14153409486570656,1.9552146378088502,366.6666666666667,1.5481125287212214
50,50,2,fam,0.14063498394203633,1.9615875116224675,366.6666666666667,1.5481125287212214
51,51,0,fam,0.14600582506158963,1.9241087603875713,366.6666666666667,1.5481125287212214
52,52,1,fam,0.14510800110494457,1.9302769786071279,366.6666666666667,1.5481125287212214
53,53,2,fam,0.14422996635656143,1.9363462646491636,366.6666666666667,1.5481125287212214
54,54,0,fam,0.14932584150042943,1.9016245050176541,366.6666666666667,1.5481125287212214
55,55,1,fam,0.148450698259054,1.9075023741185333,366.6666666666667,1.5481125287212214
56,56,2,fam,0.14759435258676254,1.9132876291550587,366.6666666666667,1.5481125287212214
57,57,0,fam,0.15243468549591072,1.8810190665079065,366.6666666666667,1.5481125287212214
58,58,1,fam,0.15158254090514245,1.886624977939286,366.6666666666667,1.5481125287212214
59,59,2,fam,0.15074825103726522,1.892144045184994,366.6666666666667,1.5481125287212214
60,60,0,fam,0.15535059909494414,1.8620707867298913,366.6666666666667,1.5481125287212214
61,61,1,fam,0.15452157466350577,1.8674215505583616,366.6666666666667,1.5481125287212214
62,62,2,fam,0.15370951052657797,1.8726907531457997,366.6666666666667,1.5481125287212214
63,63,0,fam,0.15808979357619546,1.844592093610895,366.6666666666667,1.5481125287212214
64,64,1,fam,0.15728385479560877,1.8497031137558981,366.6666666666667,1.5481125287212214
65,65,2,fam,0.1564940292275608,1.8547374216303014,366.6666666666667,1.5481125287212214
66,66,3,recov,0.008556248299167497,4.761093467710004,366.6666666666667,1.5481125287212214
67,67,4,recov,0.008514549324256264,4.765978893542844,366.6666666666667,1.5481125287212214
68,68,5,recov,0.008473665781280353,4.770792068046438,366.6666666666667,1.5481125287212214
69,69,3,recov,0.017617740239079062,4.038848916467306,366.6666666666667,1.5481125287212214
70,70,4,recov,0.017535607087818886,4.0435217744997765,366.6666666666667,1.5481125287212214
71,71,5,recov,0.01745504615619668,4.048126494132061,366.6666666666667,1.5481125287212214
72,72,3,recov,0.026165133734814588,3.6433275279608393,366.6666666666667,1.5481125287212214
73,73,4,recov,0.0260483764609248,3.647799836681801,366.6666666666667,1.5481125287212214
74,74,5,recov,0.025933808684359575,3.6522078069027994,366.6666666666667,1.5481125287212214
75,75,3,recov,0.034237404310330316,3.3744365392758437,366.6666666666667,1.5481125287212214
76,76,4,recov,0.03409108350557375,3.3787194096596878,366.6666666666667,1.5481125287212214
77,77,5,recov,0.03394745268689244,3.382941459106341,366.6666666666667,1.5481125287212214
78,78,3,recov,0.0418697209304609,3.1731923641163378,366.6666666666667,1.5481125287212214
79,79,4,recov,0.041698251233761696,3.1772960878970022,366.6666666666667,1.5481125287212214
80,80,5,recov,0.0415298740960739,3.1813422529820694,366.6666666666667,1.5481125287212214
81,81,3,recov,0.04909390010562134,3.0140204860007556,366.6666666666667,1.5481125287212214
82,82,4,recov,0.04890113786952816,3.0179546134565327,366.6666666666667,1.5481125287212214
83,83,5,recov,0.04871178857487256,3.0218342129941895,366.6666666666667,1.5481125287212214
84,84,3,recov,0.05593879647976826,2.8834971059237056,366.6666666666667,1.5481125287212214
85,85,4,recov,0.05572811428287161,2.8872705146343596,366.6666666666667,1.5481125287212214
86,86,5,recov,0.055521096359385486,2.8909922158714725,366.6666666666667,1.5481125287212214
87,87,3,recov,0.06243064003040481,2.7736990979923535,366.6666666666667,1.5481125287212214
88,88,4,recov,0.06220499022248124,2.777320053797895,366.6666666666667,1.5481125287212214
89,89,5,recov,0.06198319797841023,2.7808919310124973,366.6666666666667,1.5481125287212214
90,90,3,recov,0.0685933282046134,2.679560005472533,366.6666666666667,1.5481125287212214
91,91,4,recov,0.068355297271495,2.683036216672008,366.6666666666667,1.5481125287212214
92,92,5,recov,0.06812126839709681,2.6864658033214113,366.6666666666667,1.5481125287212214
93,93,3,recov,0.07444867986420463,2.5976452518534585,366.6666666666667,1.5481125287212214
94,94,4,recov,0.07420053507923816,2.6009839175243163,366.6666666666667,1.5481125287212214
95,95,5,recov,0.07395649583500395,2.6042782527770436,366.6666666666667,1.5481125287212214
96,96,3,recov,0.08001665674061538,2.5255204567231027,366.6666666666667,1.5481125287212214
97,97,4,recov,0.07976038631194123,2.5287283099107296,366.6666666666667,1.5481125287212214
98,98,5,recov,0.07950829045760774,2.531893980273259,366.6666666666667,1.5481125287212214
99,99,3,recov,0.08531555714804087,2.461398459542595,366.6666666666667,1.5481125287212214
100,100,4,recov,0.08505290486260238,2.4644818059604185,366.6666666666667,1.5481125287212214
101,101,5,recov,0.08479446728385998,2.4675249826068852,366.6666666666667,1.5481125287212214
102,102,3,recov,0.09036218592638996,2.403929396369163,366.6666666666667,1.5481125287212214
103,103,4,recov,0.09009468112237573,2.406894149158358,366.6666666666667,1.5481125287212214
104,104,5,recov,0.08983140695146155,2.4098206214851654,366.6666666666667,1.5481125287212214
105,105,3,recov,0.09517200394888624,2.352069456600854,366.6666666666667,1.5481125287212214
106,106,4,recov,0.0949009875102753,2.3549211676219195,366.6666666666667,1.5481125287212214
107,107,5,recov,0.0946341974053436,2.357736373476723,366.6666666666667,1.5481125287212214
108,108,3,recov,0.09975926000496854,2.3049953953907893,366.6666666666667,1.5481125287212214
109,109,4,recov,0.09948590695878055,2.307739283454505,366.6666666666667,1.5481125287212214
110,110,5,recov,0.09921675909924335,2.3104483364277972,366.6666666666667,1.5481125287212214
111,111,3,recov,0.10413710743587709,2.2620469073593026,366.6666666666667,1.5481125287212214
112,112,4,recov,0.10386244663974531,2.2646878837497897,366.6666666666667,1.5481125287212214
113,113,5,recov,0.10359195590608881,2.2672955978654605,366.6666666666667,1.5481125287212214
114,114,3,recov,0.10831770754076006,2.222686633809114,366.6666666666667,1.5481125287212214
115,115,4,recov,0.10804263887168651,2.2252293254051874,366.6666666666667,1.5481125287212214
116,116,5,recov,0.10777169360496328,2.2277402375023203,366.6666666666667,1.5481125287212214
117,117,3,recov,0.11231232147162439,2.1864717040077974,366.6666666666667,1.5481125287212214
118,118,4,recov,0.11203763086318251,2.1889204742691484,366.6666666666667,1.5481125287212214
119,119,5,recov,0.11176700753857131,2.1913388643297056,366.6666666666667,1.5481125287212214
120,120,3,recov,0.11613139208504515,2.153033038497212,366.6666666666667,1.5481125287212214
121,121,4,recov,0.11585776470742366,2.155392006548075,366.6666666666667,1.5481125287212214
122,122,5,recov,0.11558814080563375,2.1577219161929473,366.6666666666667,1.5481125287212214
123,123,3,recov,0.11978461700845777,2.1220600071510214,366.6666666666667,1.5481125287212214
124,124,4,recov,0.11951264884163552,2.124333065164922,366.6666666666667,1.5481125287212214
125,125,5,recov,0.11924461415966131,2.126578314513193,366.6666666666667,1.5481125287212214
126,126,3,recov,0.1232810140019984,2.0932888628094375,366.6666666666667,1.5481125287212214
127,127,4,recov,0.12301122201543135,2.095479691873645,366.6666666666667,1.5481125287212214
128,128,5,recov,0.12274528862275054,2.0976438949361635,366.6666666666667,1.5481125287212214
129,129,3,recov,0.12662897954749175,2.066493889088837,366.6666666666667,1.5481125287212214
130,130,4,recov,0.1263618106687094,2.068605973705608,366.6666666666667,1.5481125287212214
131,131,5,recov,0.12609842168525812,2.0706925524634388,366.6666666666667,1.5481125287212214
132,132,3,recov,0.12983634146964346,2.0414805333936474,366.6666666666667,1.5481125287212214
133,133,4,recov,0.12957218049806649,2.0435171747567207,366.6666666666667,1.5481125287212214
134,134,5,recov,0.1293117178452431,2.045529372057312,366.6666666666667,1.5481125287212214
135,135,3,recov,0.1329104062869665,2.0180800146957956,366.6666666666667,1.5481125287212214
136,136,4,recov,0.1326495828872299,2.0200443428644714,366.6666666666667,1.5481125287212214
137,137,5,recov,0.13239237414198035,2.0219852342529587,366.6666666666667,1.5481125287212214
138,138,3,recov,0.13585800189833364,1.9961450423907727,366.6666666666667,1.5481125287212214
139,139,4,recov,0.13560079678875145,1.9980400274698649,366.6666666666667,1.5481125287212214
140,140,5,recov,0.1353471212528215,1.999912532059565,366.6666666666667,1.5481125287212214
141,141,3,recov,0.13868551613273705,1.9755463829775788,366.6666666666667,1.5481125287212214
142,142,4,recov,0.13843216656870955,1.9773748453993378,366.6666666666667,1.5481125287212214
143,143,5,recov,0.13818226064988312,1.9791817358737895,366.6666666666667,1.5481125287212214
144,144,3,recov,0.14139893162272713,1.9561700812573526,366.6666666666667,1.5481125287212214
145,145,4,recov,0.14114963626141785,1.9579347012507635,366.6666666666667,1.5481125287212214
146,146,5,recov,0.1409036982505542,1.9596786130794868,366.6666666666667,1.5481125287212214
147,147,3,recov,0.1440038574043505,1.937915192234704,366.6666666666667,1.5481125287212214
148,148,4,recov,0.14375878062546027,1.9396185185582464,366.6666666666667,1.5481125287212214
149,149,5,recov,0.14351697494203508,1.941301958499451,366.6666666666667,1.5481125287212214
150,150,3,recov,0.14650555759674658,1.9206919154305901,366.6666666666667,1.5481125287212214
151,151,4,recov,0.14626483334437784,1.9223363734363532,366.6666666666667,1.5481125287212214
152,152,5,recov,0.14602729431372613,1.9239617273919911,366.6666666666667,1.5481125287212214
153,153,3,recov,0.14890897747168436,1.9044200491574486,366.6666666666667,1.5481125287212214
154,154,4,recov,0.1486727126738587,1.9060079482473,366.6666666666667,1.5481125287212214
155,155,5,recov,0.14843954789115968,1.9075774885289536,366.6666666666667,1.5481125287212214
156,156,3,recov,0.15121876718621532,1.8890277013371999,366.6666666666667,1.5481125287212214
157,157,4,recov,0.1509870448013628,1.8905612418653666,366.6666666666667,1.5481125287212214
158,158,5,recov,0.15075833813039183,1.8920771339233977,366.6666666666667,1.5481125287212214
159,159,3,recov,0.1534393034194259,1.8744502076160083,366.6666666666667,1.5481125287212214
160,160,4,recov,0.1532121851529275,1.8759314872868433,366.6666666666667,1.5481125287212214
161,161,5,recov,0.15298799940155633,1.8773957959498548,366.6666666666667,1.5481125287212214
162,162,3,recov,0.15557470912628965,1.8606292181973183,366.6666666666667,1.5481125287212214
163,163,4,recov,0.15535223785477312,1.8620602380020774,366.6666666666667,1.5481125287212214
164,164,5,recov,0.15513261716398027,1.863474933268988,366.6666666666667,1.5481125287212214
165,165,3,recov,0.15762887159723765,1.8475119229226447,366.6666666666667,1.5481125287212214
166,166,4,recov,0.15741107353367387,1.8488945926547111,366.6666666666667,1.5481125287212214
167,167,5,recov,0.15719604551231026,1.8502615550775505,366.6666666666667,1.5481125287212214
168,168,3,recov,0.1596054589907791,1.8350503903485025,366.6666666666667,1.5481125287212214
169,169,4,recov,0.15939234561939455,1.8363865337326273,366.6666666666667,1.5481125287212214
170,170,5,recov,0.1591819232530356,1.8377075594244043,366.6666666666667,1.5481125287212214
171,171,3,recov,0.16150793548788306,1.8232010013786841,366.6666666666667,1.5481125287212214
172,172,4,recov,0.16129950529440595,1.8244923608463408,366.6666666666667,1.5481125287212214
173,173,5,recov,0.16109368865321996,1.8257691661450293,366.6666666666667,1.5481125287212214
174,174,3,recov,0.16333957520050746,1.8119239617624576,366.6666666666667,1.5481125287212214
175,175,4,recov,0.1631358152202235,1.8131722029023365,366.6666666666667,1.5481125287212214
176,176,5,recov,0.16293459298782895,1.8144064287190496,366.6666666666667,1.5481125287212214
177,177,3,recov,0.1651034749523303,1.8011828807164958,366.6666666666667,1.5481125287212214
178,178,4,recov,0.16490436215577348,1.8023895964264218,366.6666666666667,1.5481125287212214
179,179,5,recov,0.16470771299847695,1.803582812303215,366.6666666666667,1.5481125287212214
180,180,3,recov,0.16680256603712276,1.7909444052602177,366.6666666666667,1.5481125287212214
181,181,4,recov,0.16660806857091418,1.7921111196243238,366.6666666666667,1.5481125287212214
182,182,5,recov,0.16641596236447093,1.7932648275246943,366.6666666666667,1.5481125287212214
183,183,3,recov,0.16843962504908808,1.7811779017115,366.6666666666667,1.5481125287212214
184,184,4,recov,0.16824970334741568,1.7823060736242886,366.6666666666667,1.5481125287212214
185,185,5,recov,0.16806210227648435,1.7834217114773303,366.6666666666667,1.5481125287212214
186,186,3,recov,0.17001728386967602,1.7718551772782778,366.6666666666667,1.5481125287212214
187,187,4,recov,0.16983189165013818,1.772946203835245,366.6666666666667,1.5481125287212214
188,188,5,recov,0.16964875119387576,1.77402514885252,366.6666666666667,1.5481125287212214
189,189,3,recov,0.1715380388866997,1.7629502358817393,366.6666666666667,1.5481125287212214
190,190,4,recov,0.17135712404268405,1.7640054555544655,366.6666666666667,1.5481125287212214
191,191,5,recov,0.17117839385841424,1.7650490273369503,366.6666666666667,1.5481125287212214
192,192,3,recov,0.1730042595138903,1.7544390633198874,366.6666666666667,1.5481125287212214
193,193,4,recov,0.1728277649142974,1.7554597589319128,366.6666666666667,1.5481125287212214
194,194,5,recov,0.17265338962985557,1.756469222382847,366.6666666666667,1.5481125287212214
195,195,3,recov,0.1744181960722034,1.7462994376734085,366.6666666666667,1.5481125287212214
196,196,4,recov,0.17424606027812548,1.7472868391917933,366.6666666666667,1.5481125287212214
197,197,5,recov,0.17407598020231205,1.7482634072498797,366.6666666666667,1.5481125287212214
198,198,3,recov,0.17578198708812023,1.7385107615056168,366.6666666666667,1.5481125287212214
199,199,4,recov,0.17561414499503164,1.7394660486617823,366.6666666666667,1.5481125287212214
200,200,5,recov,0.17544829675457488,1.7404108848679463,366.6666666666667,1.5481125287212214
201,201,3,recov,0.1770976660587935,1.7310539129431275,366.6666666666667,1.5481125287212214
202,202,4,recov,0.17693404947187658,1.7319782176954313,366.6666666666667,1.5481125287212214
203,203,5,recov,0.17677236658239617,1.7328924386052198,366.6666666666667,1.5481125287212214
204,204,3,recov,0.17836716772907202,1.7239111131662812,366.6666666666667,1.5481125287212214
205,205,4,recov,0.17820770587848142,1.7248055220157195,366.6666666666667,1.5481125287212214
206,206,5,recov,0.1780501192561384,1.7256901994684124,366.6666666666667,1.5481125287212214
207,207,3,recov,0.17959233392114168,1.717065808205759,366.6666666666667,1.5481125287212214
208,208,4,recov,0.1794369539232828,1.7179313643752432,366.6666666666667,1.5481125287212214
209,209,5,recov,0.17928339234309118,1.718787527629824,366.6666666666667,1.5481125287212214
210,210,3,recov,0.18077491895368197,1.7105025632482476,366.6666666666667,1.5481125287212214
211,211,4,recov,0.18062354622393478,1.7113402687350427,366.6666666666667,1.5481125287212214
212,212,5,recov,0.18047393673007864,1.7121689064823509,366.6666666666667,1.5481125287212214
213,213,3,recov,0.18191659468399576,1.7042069679106295,366.6666666666667,1.5481125287212214
214,214,4,recov,0.1817691533057457,1.705017785420761,366.6666666666667,1.5481125287212214
215,215,5,recov,0.1816234215786864,1.7058198476803883,366.6666666666667,1.5481125287212214
216,216,3,recov,0.1830189552034903,1.6981655511578484,366.6666666666667,1.5481125287212214
217,217,4,recov,0.18287536825782003,1.6989504059305747,366.6666666666667,1.5481125287212214
218,218,5,recov,0.1827334389424821,1.6997268058403816,366.6666666666667,1.5481125287212214
219,219,3,recov,0.1840835212141205,1.692365704721548,366.6666666666667,1.5481125287212214
220,220,4,recov,0.1839437110740662,1.6931254862513585,366.6666666666667,1.5481125287212214
221,221,5,recov,0.1838055080729482,1.693877101756864,366.6666666666667,1.5481125287212214
222,222,3,recov,0.18511174411091708,1.6867956140306362,366.6666666666667,1.5481125287212214
223,223,4,recov,0.18497563270379386,1.6875311776936375,366.6666666666667,1.5481125287212214
224,224,5,recov,0.18484107943845673,1.6882588531439706,366.6666666666667,1.5481125287212214
225,225,3,recov,0.18610500979348796,1.6814441957957396,366.6666666666667,1.5481125287212214
226,226,4,recov,0.18597251883442928,1.6821563643867696,366.6666666666667,1.5481125287212214
227,227,5,recov,0.18584153847846607,1.6828609120433478,366.6666666666667,1.5481125287212214
228,228,3,recov,0.1870646422273626,1.676301041501013,366.6666666666667,1.5481125287212214
229,229,4,recov,0.18693569342690317,1.67699060668733,366.6666666666667,1.5481125287212214
230,230,5,recov,0.18680820911317955,1.6776728081509602,366.6666666666667,1.5481125287212214
231,231,3,recov,0.18799190677423216,1.671356366152059,366.6666666666667,1.5481125287212214
232,232,4,recov,0.18786642202247789,1.672024089849008,366.6666666666667,1.5481125287212214
233,233,5,recov,0.18774235702715514,1.6726846974106764,366.6666666666667,1.5481125287212214
234,234,3,recov,0.18888801330849556,1.6666009617104043,366.6666666666667,1.5481125287212214
235,235,4,recov,0.1887659148381714,1.6672475773840587,366.6666666666667,1.5481125287212214
236,236,5,recov,0.18864519274377314,1.6678873153042753,366.6666666666667,1.5481125287212214
237,237,3,recov,0.18975411913603754,1.662026154715206,366.6666666666667,1.5481125287212214
238,238,4,recov,0.18963532966647637,1.66265236861661,366.6666666666667,1.5481125287212214
239,239,5,recov,0.18951787450603735,1.6632719343378206,366.6666666666667,1.5481125287212214
240,240,3,recov,0.19059133172981987,1.6576237676534185,366.6666666666667,1.5481125287212214
241,241,4,recov,0.19047577459375228,1.6582302599887164,366.6666666666667,1.5481125287212214
242,242,5,recov,0.190361510977888,1.6588303252849568,366.6666666666667,1.5481125287212214
243,243,3,recov,0.1914007112956496,1.6533860836919776,366.6666666666667,1.5481125287212214
244,244,4,recov,0.1912883105504735,1.6539735097324009,366.6666666666667,1.5481125287212214
245,245,5,recov,0.19117716377902882,1.6545547218000698,366.6666666666667,1.5481125287212214
246,246,3,recov,0.19218327318038447,1.6493058144309098,366.6666666666667,1.5481125287212214
247,247,4,recov,0.19207395370542812,1.6498748055663097,366.6666666666667,1.5481125287212214
248,248,5,recov,0.19196584986520396,1.6504377880596572,366.6666666666667,1.5481125287212214
249,249,3,recov,0.19293999013383156,1.6453760703756717,366.6666666666667,1.5481125287212214
250,250,4,recov,0.192833677714979,1.6459272351150211,366.6666666666667,1.5481125287212214
251,251,5,recov,0.19272854376489015,1.646472589129691,366.6666666666667,1.5481125287212214
252,252,3,recov,0.19367179443468432,1.641590333861326,366.6666666666667,1.5481125287212214
253,253,4,recov,0.1935684158375988,1.6421242587833724,366.6666666666667,1.5481125287212214
254,254,5,recov,0.19346617968248658,1.642652563791108,366.6666666666667,1.5481125287212214
255,255,3,recov,0.19437957989001312,1.6379424341911055,366.6666666666667,1.5481125287212214
256,256,4,recov,0.19427906292307653,1.6384596848481352,366.6666666666667,1.5481125287212214
257,257,5,recov,0.19417965347728397,1.6389714995855353,366.6666666666667,1.5481125287212214
258,258,3,recov,0.19506420371706973,1.6344265247780945,366.6666666666667,1.5481125287212214
259,259,4,recov,0.19496647728504937,1.6349276465555629,366.6666666666667,1.5481125287212214
260,260,5,recov,0.19486982452675966,1.635423509869579,366.6666666666667,1.5481125287212214
261,261,3,recov,0.19572648831547712,1.6310370621017192,366.6666666666667,1.5481125287212214
262,262,4,recov,0.19563148246483456,1.631522581036312,366.6666666666667,1.5481125287212214
263,263,5,recov,0.19553751748208031,1.632003012688996,366.6666666666667,1.5481125287212214
264,264,3,recov,0.19636722293724754,1.6277687863108943,366.6666666666667,1.5481125287212214
265,265,4,recov,0.1962748688939182,1.6282392098694167,366.6666666666667,1.5481125287212214
266,266,5,recov,0.19618352392308297,1.6287047113042519,366.6666666666667,1.5481125287212214
267,267,3,recov,0.19698716526149757,1.6246167033234296,366.6666666666667,1.5481125287212214
268,268,4,recov,0.19689739546189186,1.625072521144748,366.6666666666667,1.5481125287212214
269,269,5,recov,0.19680860391944818,1.625523576216749,366.6666666666667,1.5481125287212214
270,270,3,recov,0.19758704288020618,1.6215760682869302,366.6666666666667,1.5481125287212214
271,271,4,recov,0.19749979099611148,1.6220177528890571,366.6666666666667,1.5481125287212214
272,272,5,recov,0.19741348750427024,1.6224548285606724,366.6666666666667,1.5481125287212214
273,273,3,recov,0.19816755470087835,1.618642370280275,366.6666666666667,1.5481125287212214
274,274,4,recov,0.19808275565887867,1.6190703777345392,366.6666666666667,1.5481125287212214
275,275,5,recov,0.19799887606576158,1.6194939247392603,366.6666666666667,1.5481125287212214
276,276,3,recov,0.19872937227154142,1.6158113181469709,366.6666666666667,1.5481125287212214
277,277,4,recov,0.19864696226751322,1.6162260887210929,366.6666666666667,1.5481125287212214
278,278,5,recov,0.1985654436624032,1.616636542196551,366.6666666666667,1.5481125287212214
279,279,3,recov,0.19927314103309463,1.6130788273625487,366.6666666666667,1.5481125287212214
280,280,4,recov,0.19919305754228567,1.6134807861343268,366.6666666666667,1.5481125287212214
281,281,5,recov,0.1991138382664588,1.6138785662265371,366.6666666666667,1.5481125287212214
282,282,3,recov,0.19979948150366555,1.6104410078478002,366.6666666666667,1.5481125287212214
283,283,4,recov,0.1997216632868165,1.6108305652909936,366.6666666666667,1.5481125287212214
284,284,5,recov,0.1996446829404123,1.6112160777313123,366.6666666666667,1.5481125287212214
285,285,3,recov,0.20030899039928765,1.6078941526482171,366.6666666666667,1.5481125287212214
286,286,4,recov,0.2002333775052128,1.608271705192127,366.6666666666667,1.5481125287212214
287,287,5,recov,0.20015857695055725,1.6086453418483753,366.6666666666667,1.5481125287212214
288,288,3,recov,0.20080224169489894,1.6054347274076601,366.6666666666667,1.5481125287212214
289,289,4,recov,0.20072877545990545,1.6058006579717985,366.6666666666667,1.5481125287212214
290,290,5,recov,0.20065609682166333,1.606162797374927,366.6666666666667,1.5481125287212214
291,291,3,recov,0.2012797876293797,1.6030593605710766,366.6666666666667,1.5481125287212214
292,292,4,recov,0.20120841067386747,1.6034140390762421,366.6666666666667,1.5481125287212214
293,293,5,recov,0.20113779733636558,1.6037650469238174,366.6666666666667,1.5481125287212214
294,294,3,recov,0.20174215965807893,1.600764834257206,366.6666666666667,1.5481125287212214
295,295,4,recov,0.20167281588063338,1.6011086181141931,366.6666666666667,1.5481125287212214
296,296,5,recov,0.20160421248266483,1.6014488477519127,366.6666666666667,1.5481125287212214
297,297,3,recov,0.20218986935603975,1.5985480757476551,366.6666666666667,1.5481125287212214
298,298,4,recov,0.2021225039253002,1.598881310324753,366.6666666666667,1.5481125287212214
299,299,5,recov,0.2020558563526913,1.5992111032071188,366.6666666666667,1.5481125287212214
300,300,3,recov,0.20262340927490924,1.5964061495436188,366.6666666666667,1.5481125287212214
301,301,4,recov,0.20255796861946893,1.5967291686139888,366.6666666666667,1.5481125287212214
302,302,5,recov,0.20249322399566436,1.5970488547452057,366.6666666666667,1.5481125287212214
303,303,3,recov,0.2030432537563107,1.594336249945926,366.6666666666667,1.5481125287212214
304,304,4,recov,0.20297968555288162,1.594649376115874,366.6666666666667,1.5481125287212214
305,305,5,recov,0.20291679222777972,1.5949592744719727,366.6666666666667,1.5481125287212214
306,306,3,recov,0.2034498597042678,1.5923356941180242,366.6666666666667,1.5481125287212214
307,307,4,recov,0.20338811286432154,1.5926392392371316,366.6666666666667,1.5481125287212214
308,308,5,recov,0.20332702040157075,1.592939658170254,366.6666666666667,1.5481125287212214
309,309,3,recov,0.20384366731909334,1.5904019155950808,366.6666666666667,1.5481125287212214
310,310,4,recov,0.20378369197416887,1.5906961811490967,366.6666666666667,1.5481125287212214
311,311,5,recov,0.20372435113711584,1.590987418774835,366.6666666666667,1.5481125287212214
312,312,3,recov,0.20422510079499265,1.58853245820558,366.6666666666667,1.5481125287212214
313,313,4,recov,0.20416684828084541,1.5888177356929256,366.6666666666667,1.5481125287212214
314,314,5,recov,0.20410921101730864,1.589100080261543,366.6666666666667,1.5481125287212214
315,315,3,recov,0.20459456898348144,1.5867249703746882,366.6666666666667,1.5481125287212214
316,316,4,recov,0.2045379918232307,1.5870015416673755,366.6666666666667,1.5481125287212214
317,317,5,recov,0.2044820112492567,1.5872752719197007,366.6666666666667,1.5481125287212214
318,318,3,recov,0.20495246602458014,1.5849771997812696,366.6666666666667,1.5481125287212214
319,319,4,recov,0.20489751791099717,1.5852453374709898,366.6666666666667,1.5481125287212214
320,320,5,recov,0.20484314829374156,1.5855107229797232,366.6666666666667,1.5481125287212214
321,321,3,recov,0.20529917194761496,1.5832869883428067,366.6666666666667,1.5481125287212214
322,322,4,recov,0.20524580772468173,1.5835469560729023,366.6666666666667,1.5481125287212214
323,323,5,recov,0.20519300446454483,1.583804257570032,366.6666666666667,1.5481125287212214
324,324,3,recov,0.20563505324334116,1.5816522675046072,366.6666666666667,1.5481125287212214
325,325,4,recov,0.20558322888719574,1.5819043202885996,366.6666666666667,1.5481125287212214
326,326,5,recov,0.205531948499329,1.5821537899795932,366.6666666666667,1.5481125287212214
327,327,3,recov,0.20596046340898844,1.5800710538116391,366.6666666666667,1.5481125287212214
328,328,4,recov,0.2059101360083633,1.5803154383389484,366.6666666666667,1.5481125287212214
329,329,5,recov,0.20586033610365312,1.5805573202043361,366.6666666666667,1.5481125287212214
330,330,3,recov,0.2062757434677295,1.578541444743083,366.6666666666667,1.5481125287212214
331,331,4,recov,0.20622687120397823,1.5787783996725389,366.6666666666667,1.5481125287212214
332,332,5,recov,0.20617851046960203,1.579012929757484,366.6666666666667,1.5481125287212214
333,333,3,recov,0.20658122246397576,1.5770616147913024,366.6666666666667,1.5481125287212214
334,334,4,recov,0.2065337645907743,1.5772913710330139,366.6666666666667,1.5481125287212214
335,335,5,recov,0.20648680277041667,1.5775187777254218,366.6666666666667,1.5481125287212214
336,336,3,recov,0.20687721793581595,1.575629811768385,366.6666666666667,1.5481125287212214
337,337,4,recov,0.2068311347586167,1.5758525927545057,366.6666666666667,1.5481125287212214
338,338,5,recov,0.206785532632422,1.576073097052203,366.6666666666667,1.5481125287212214
339,339,3,recov,0.2071640363658319,1.5742443533247397,366.6666666666667,1.5481125287212214
340,340,4,recov,0.20711928922114,1.574460375269637,366.6666666666667,1.5481125287212214
341,341,5,recov,0.20707500858547337,1.5746741910371154,366.6666666666667,1.5481125287212214
342,342,3,recov,0.2074419736114475,1.572903623665443,366.6666666666667,1.5481125287212214
343,343,4,recov,0.20739852484598345,1.573113095815749,366.6666666666667,1.5481125287212214
344,344,5,recov,0.20735552849306288,1.573320430030947,366.6666666666667,1.5481125287212214
345,345,3,recov,0.20771131531589837,1.5716060704511283,366.6666666666667,1.5481125287212214
346,346,4,recov,0.20766912826570302,1.5718091953261304,366.6666666666667,1.5481125287212214
347,347,5,recov,0.2076273799631599,1.5720102483176992,366.6666666666667,1.5481125287212214
348,348,3,recov,0.20797233730084075,1.5703502018712294,366.6666666666667,1.5481125287212214
349,349,4,recov,0.20793137627037403,1.57054717549403,366.6666666666667,1.5481125287212214
350,350,5,recov,0.20789084074079286,1.57074214116951,366.6666666666667,1.5481125287212214
351,351,3,recov,0.20822530594155805,1.5691345838783062,366.6666666666667,1.5481125287212214
352,352,4,recov,0.2081855361828368,1.56932559599816,366.6666666666667,1.5481125287212214
353,353,5,recov,0.20814617908332086,1.5695146620634635,366.6666666666667,1.5481125287212214
354,354,3,recov,0.20847047852566616,1.567957837573022,366.6666666666667,1.5481125287212214
355,355,4,recov,0.2084318662174819,1.5681430718792406,366.6666666666667,1.5481125287212214
356,356,5,recov,0.2083936541192852,1.568326420049827,366.6666666666667,1.5481125287212214
357,357,3,recov,0.20870810359616318,1.5668186367301258,366.6666666666667,1.5481125287212214
358,358,4,recov,0.20867061582341628,1.5669982710579125,366.6666666666667,1.5481125287212214
359,359,5,recov,0.2086335161916792,1.5671760772620145,366.6666666666667,1.5481125287212214
360,360,3,recov,0.20893842127962145,1.5657157054564876,366.6666666666667,1.5481125287212214
361,361,4,recov,0.208902026012804,1.5658899119850576,366.6666666666667,1.5481125287212214
362,362,5,recov,0.20886600718642467,1.5660623465593009,366.6666666666667,1.5481125287212214
363,363,3,recov,0.20916166360027175,1.5646478159728983,366.6666666666667,1.5481125287212214
364,364,4,recov,0.20912632967512781,1.56481676141621,366.6666666666667,1.5481125287212214
365,365,5,recov,0.20909136084679858,1.5649839892939552,366.6666666666667,1.5481125287212214
366,366,3,recov,0.20937805478068527,1.5636137865119364,366.6666666666667,1.5481125287212214
367,367,4,recov,0.2093437518780736,1.5637776323023533,366.6666666666667,1.5481125287212214
368,368,5,recov,0.2093098030745084,1.5639398131950653,366.6666666666667,1.5481125287212214
369,369,3,recov,0.20958781152972028,1.5626124793247533,366.6666666666667,1.5481125287212214
370,370,4,recov,0.20955451015570256,1.5627713817899298,366.6666666666667,1.5481125287212214
371,371,5,recov,0.2095215522180772,1.5629286703618737,366.6666666666667,1.5481125287212214
372,372,3,recov,0.20979114331836018,1.5616427987901353,366.6666666666667,1.5481125287212214
373,373,4,recov,0.2097588147845332,1.561796909323418,366.6666666666667,1.5481125287212214
374,374,5,recov,0.2097268193491595,1.5619494553599556,366.6666666666667,1.5481125287212214
375,375,3,recov,0.20998825264403498,1.5607036896196664,366.6666666666667,1.5481125287212214
376,376,4,recov,0.20995686904812458,1.5608531548442766,366.6666666666667,1.5481125287212214
377,377,5,recov,0.2099258085273745,1.5610011034140345,366.6666666666667,1.5481125287212214
378,378,3,recov,0.21017933528398455,1.5597941351532438,366.6666666666667,1.5481125287212214
379,379,4,recov,0.2101488694907159,1.5599390970804994,366.6666666666667,1.5481125287212214
380,380,5,recov,0.21011871705421145,1.5600825886916612,366.6666666666667,1.5481125287212214
381,381,3,recov,0.21036458053819115,1.558913155739593,366.6666666666667,1.5481125287212214
382,382,4,recov,0.21033500616044765,1.5590537519214163,366.6666666666667,1.5481125287212214
383,383,5,recov,0.21030573571652947,1.559192922672375,366.6666666666667,1.5481125287212214
384,384,3,recov,0.2105441714623789,1.558059807196792,366.6666666666667,1.5481125287212214
385,385,4,recov,0.2105154628426608,1.5581961708727352,366.6666666666667,1.5481125287212214
386,386,5,recov,0.21048704902014606,1.5583311525973438,366.6666666666667,1.5481125287212214
387,387,3,recov,0.21071828509155055,1.5572331793481557,366.6666666666667,1.5481125287212214
388,388,4,recov,0.21069041728374213,1.557365439587168,366.6666666666667,1.5481125287212214
389,389,5,recov,0.21066283541398145,1.5574963599948,366.6666666666667,1.5481125287212214
390,390,3,recov,0.21088709265450659,1.5564323946291407,366.6666666666667,1.5481125287212214
391,391,4,recov,0.21086004140595946,1.5565606764662872,366.6666666666667,1.5481125287212214
392,392,5,recov,0.21083326750520054,1.556687659276918,366.6666666666667,1.5481125287212214
393,393,3,recov,0.21105075977976734,1.5556566067612116,366.6666666666667,1.5481125287212214
394,394,4,recov,0.21102450151370541,1.5557810313295473,366.6666666666667,1.5481125287212214
395,395,5,recov,0.21099851226576935,1.5559041964040592,366.6666666666667,1.5481125287212214
396,396,3,recov,0.21120944669329486,1.5549049994888935,366.6666666666667,1.5481125287212214
397,397,4,recov,0.21118395849154648,1.555025684146686,366.6666666666667,1.5481125287212214
398,398,5,recov,0.21115873123082243,1.5551451476125775,366.6666666666667,1.5481125287212214
399,399,3,recov,0.21136330840839304,1.5541767853764596,366.6666666666667,1.5481125287212214
400,400,4,recov,0.21133856799445339,1.554293843829942,366.6666666666667,1.5481125287212214
401,401,5,recov,0.2113140806892147,1.5544097182026324,366.6666666666667,1.5481125287212214
402,402,3,recov,0.2115124949081412,1.553471204660952,366.6666666666667,1.5481125287212214
403,403,4,recov,0.21148848063056735,1.5535847470827824,366.6666666666667,1.5481125287212214
404,404,5,recov,0.21146471186661256,1.5536971413826788,366.6666666666667,1.5481125287212214
405,405,3,recov,0.21165715132069948,1.5527875241584301,366.6666666666667,1.5481125287212214
406,406,4,recov,0.21163384213684028,1.5528976573020266,366.6666666666667,1.5481125287212214
407,407,5,recov,0.21161077110146057,1.5530066771675177,366.6666666666667,1.5481125287212214
408,408,3,recov,0.2117974180878062,1.5521250362205492,366.6666666666667,1.5481125287212214
409,409,4,recov,0.211774793547867,1.5522318635304586,366.6666666666667,1.5481125287212214
410,410,5,recov,0.21175240001414097,1.5523376113269982,366.6666666666667,1.5481125287212214
411,411,3,recov,0.2119334311267707,1.5514830577387466,366.6666666666667,1.5481125287212214
412,412,4,recov,0.21191147135821334,1.551586679457202,366.6666666666667,1.5481125287212214
413,413,5,recov,0.21188973566962968,1.551689254382626,366.6666666666667,1.5481125287212214
414,414,3,recov,0.21206532198624967,1.5508609291934876,366.6666666666667,1.5481125287212214
415,415,4,recov,0.21204400767852696,1.5509614424632971,366.6666666666667,1.5481125287212214
416,416,5,recov,0.21202291073393412,1.551060940649523,366.6666666666667,1.5481125287212214
417,417,3,recov,0.21219321799608004,1.550258013746176,366.6666666666667,1.5481125287212214
418,418,4,recov,0.21217253038570313,1.550355512710087,366.6666666666667,1.5481125287212214
419,419,5,recov,0.212152053624585,1.5504520273213334,366.6666666666667,1.5481125287212214
420,420,3,recov,0.2123172424114278,1.5496736963714874,366.6666666666667,1.5481125287212214
421,421,4,recov,0.21229716326736464,1.5497682722681578,366.6666666666667,1.5481125287212214
422,422,5,recov,0.21227728865544088,1.549861893595811,366.6666666666667,1.5481125287212214
423,423,3,recov,0.2124375145514994,1.549107383028014,366.6666666666667,1.5481125287212214
424,424,4,recov,0.212418026160902,1.549199124284717,366.6666666666667,1.5481125287212214
425,425,5,recov,0.21239873617605015,1.5492899398389761,366.6666666666667,1.5481125287212214
426,426,3,recov,0.2125541499330487,1.5485584998652395,366.6666666666667,1.5481125287212214
427,427,4,recov,0.21253523508730623,1.5486474921874263,366.6666666666667,1.5481125287212214
428,428,5,recov,0.21251651270580374,1.5487355867858454,366.6666666666667,1.5481125287212214
429,429,3,recov,0.2126672603989029,1.548026492464983,366.6666666666667,1.5481125287212214
430,430,4,recov,0.21264890238001755,1.54811281892282,366.6666666666667,1.5481125287212214
431,431,5,recov,0.2126307310631,1.548198274775862,366.6666666666667,1.5481125287212214
432,432,0,fam_r,0.008392628897352143,4.780401470592085,366.6666666666667,1.5481125287212214
433,433,1,fam_r,0.008391926118701874,4.780485211704078,366.6666666666667,1.5481125287212214
434,434,2,fam_r,0.008391230483766915,4.78056810849779,366.6666666666667,1.5481125287212214
435,435,0,fam_r,0.014618744156262123,4.225450727374516,366.6666666666667,1.5481125287212214
436,436,1,fam_r,0.014617556668153885,4.22553196118833,366.6666666666667,1.5481125287212214
437,437,2,fam_r,0.014616381244947829,4.225612376164252,366.6666666666667,1.5481125287212214
438,438,0,fam_r,0.020656978394794107,3.879702079868969,366.6666666666667,1.5481125287212214
439,439,1,fam_r,0.02065535064419515,3.87978088203954,366.6666666666667,1.5481125287212214
440,440,2,fam_r,0.020653739423777788,3.879858890071938,366.6666666666667,1.5481125287212214
441,441,0,fam_r,0.026513087053674535,3.630116816812215,366.6666666666667,1.5481125287212214
442,442,1,fam_r,0.026511060368290637,3.6301932606772622,366.6666666666667,1.5481125287212214
443,443,2,fam_r,0.026509054254948806,3.6302689343477943,366.6666666666667,1.5481125287212214
444,444,0,fam_r,0.0321926442032694,3.4360172934206243,366.6666666666667,1.5481125287212214
445,445,1,fam_r,0.032190256993038006,3.4360914500736524,366.6666666666667,1.5481125287212214
446,446,2,fam_r,0.03218789400363232,3.4361648597435535,366.6666666666667,1.5481125287212214
0,0,0,fam,0.015873015873015872,4.143134726391533,476.6666666666667,1.5365107503640578
1,1,1,fam,0.01559792027729636,4.16061768917188,476.6666666666667,1.5365107503640578
2,2,2,fam,0.015334810018742545,4.17762987022807,476.6666666666667,1.5365107503640578
3,3,0,fam,0.03150824282178176,3.457506090500013,476.6666666666667,1.5365107503640578
4,4,1,fam,0.031004083597800866,3.47363635421117,476.6666666666667,1.5365107503640578
5,5,2,fam,0.030520610904008837,3.4893530562521575,476.6666666666667,1.5365107503640578
6,6,0,fam,0.04525979546754492,3.0953361578425262,476.6666666666667,1.5365107503640578
7,7,1,fam,0.04458868389947759,3.1102751763765157,476.6666666666667,1.5365107503640578
8,8,2,fam,0.043943604738901985,3.124848177636785,476.6666666666667,1.5365107503640578
9,9,0,fam,0.05744351675500337,2.856953131272959,476.6666666666667,1.5365107503640578
10,10,1,fam,0.056651572538998225,2.870835533040819,476.6666666666667,1.5365107503640578
11,11,2,fam,0.055888767942038696,2.8843918502799086,476.6666666666667,1.5365107503640578
12,12,0,fam,0.0683083993491188,2.683722542673379,476.6666666666667,1.5365107503640578
13,13,1,fam,0.06743023578193419,2.6966617595498694,476.6666666666667,1.5365107503640578
14,14,2,fam,0.06658281588003466,2.7093087545479335,476.6666666666667,1.5365107503640578
15,15,0,fam,0.07805338456975115,2.55036226883852,476.6666666666667,1.5365107503640578
16,16,1,fam,0.07711520841752095,2.562454762125637,476.6666666666667,1.5365107503640578
17,17,2,fam,0.07620836874863408,2.5742839962224204,476.6666666666667,1.5365107503640578
18,18,0,fam,0.0868393379967384,2.44369555725377,476.6666666666667,1.5365107503640578
19,19,1,fam,0.08586113128296917,2.455024040370251,476.6666666666667,1.5365107503640578
20,20,2,fam,0.08491417587471208,2.4661142281694204,476.6666666666667,1.5365107503640578
21,21,0,fam,0.09479774365226809,2.356009671140825,476.6666666666667,1.5365107503640578
22,22,1,fam,0.09379482435825677,2.366645601909593,476.6666666666667,1.5365107503640578
23,23,2,fam,0.09282262124206453,2.3770649055111326,476.6666666666667,1.5365107503640578
24,24,0,fam,0.10203711994205637,2.2824186109004994,476.6666666666667,1.5365107503640578
25,25,1,fam,0.10102127472571397,2.2924241434738932,476.6666666666667,1.5365107503640578
26,26,2,fam,0.10003531789728848,2.3022319763741734,476.6666666666667,1.5365107503640578
27,27,0,fam,0.1086478247033084,2.219643593618565,476.6666666666667,1.5365107503640578
28,28,1,fam,0.10762814177488964,2.229073124791423,476.6666666666667,1.5365107503640578
29,29,2,fam,0.10663733585230799,2.2383215860540253,476.6666666666667,1.5365107503640578
30,30,0,fam,0.1147057022735848,2.165385541404387,476.6666666666667,1.5365107503640578
31,31,1,fam,0.1136891910320526,2.1742869484258307,476.6666666666667,1.5365107503640578
32,32,2,fam,0.11270043766628932,2.1830219744808654,476.6666666666667,1.5365107503640578
33,33,0,fam,0.12027488558284989,2.117975442693269,476.6666666666667,1.5365107503640578
34,34,1,fam,0.11926694252746725,2.1263910836034516,476.6666666666667,1.5365107503640578
35,35,2,fam,0.1182855832000812,2.1346533818646787,476.6666666666667,1.5365107503640578
36,36,0,fam,0.12540997317480873,2.07616712304614,476.6666666666667,1.5365107503640578
37,37,1,fam,0.124414735615508,2.084134652191252,476.6666666666667,1.5365107503640578
38,38,2,fam,0.1234448891416065,2.0919604642779617,476.6666666666667,1.5365107503640578
39,39,0,fam,0.13015773800160152,2.0390081948210006,476.6666666666667,1.5365107503640578
40,40,1,fam,0.1291783549435857,2.046561233064983,476.6666666666667,1.5365107503640578
41,41,2,fam,0.12822317691915766,2.0539829636346862,476.6666666666667,1.5365107503640578
42,42,0,fam,0.1345584814145436,2.005756368384918,476.6666666666667,1.5365107503640578
43,43,1,fam,0.13359732266442018,2.0129250580173688,476.6666666666667,1.5365107503640578
44,44,2,fam,0.13265920646261553,2.019971796640779,476.6666666666667,1.5365107503640578
45,45,0,fam,0.13864711542346286,1.9758233118719835,476.6666666666667,1.5365107503640578
46,46,1,fam,0.13770593417461985,1.9826347792260535,476.6666666666667,1.5365107503640578
47,47,2,fam,0.13678666776267343,1.9893327364182085,476.6666666666667,1.5365107503640578
48,48,0,fam,0.142454034787721,1.9487358942012176,476.6666666666667,1.5365107503640578
49,49,1,fam,0.14153409486570656,1.9552146378088502,476.6666666666667,1.5365107503640578
50,50,2,fam,0.14063498394203633,1.9615875116224675,476.6666666666667,1.5365107503640578
51,51,0,fam,0.14600582506158963,1.9241087603875713,476.6666666666667,1.5365107503640578
52,52,1,fam,0.14510800110494457,1.9302769786071279,476.6666666666667,1.5365107503640578
53,53,2,fam,0.14422996635656143,1.9363462646491636,476.6666666666667,1.5365107503640578
54,54,0,fam,0.14932584150042943,1.9016245050176541,476.6666666666667,1.5365107503640578
55,55,1,fam,0.148450698259054,1.9075023741185333,476.6666666666667,1.5365107503640578
56,56,2,fam,0.14759435258676254,1.9132876291550587,476.6666666666667,1.5365107503640578
57,57,0,fam,0.15243468549591072,1.8810190665079065,476.6666666666667,1.5365107503640578
58,58,1,fam,0.15158254090514245,1.886624977939286,476.6666666666667,1.5365107503640578
59,59,2,fam,0.15074825103726522,1.892144045184994,476.6666666666667,1.5365107503640578
60,60,0,fam,0.15535059909494414,1.8620707867298913,476.6666666666667,1.5365107503640578
61,61,1,fam,0.15452157466350577,1.8674215505583616,476.6666666666667,1.5365107503640578
62,62,2,fam,0.15370951052657797,1.8726907531457997,476.6666666666667,1.5365107503640578
63,63,0,fam,0.15808979357619546,1.844592093610895,476.6666666666667,1.5365107503640578
64,64,1,fam,0.15728385479560877,1.8497031137558981,476.6666666666667,1.5365107503640578
65,65,2,fam,0.1564940292275608,1.8547374216303014,476.6666666666667,1.5365107503640578
66,66,3,recov,0.008556248299167497,4.761093467710004,476.6666666666667,1.5365107503640578
67,67,4,recov,0.008514549324256264,4.765978893542844,476.6666666666667,1.5365107503640578
68,68,5,recov,0.008473665781280353,4.770792068046438,476.6666666666667,1.5365107503640578
69,69,3,recov,0.017617740239079062,4.038848916467306,476.6666666666667,1.5365107503640578
70,70,4,recov,0.017535607087818886,4.0435217744997765,476.6666666666667,1.5365107503640578
71,71,5,recov,0.01745504615619668,4.048126494132061,476.6666666666667,1.5365107503640578
72,72,3,recov,0.026165133734814588,3.6433275279608393,476.6666666666667,1.5365107503640578
73,73,4,recov,0.0260483764609248,3.647799836681801,476.6666666666667,1.5365107503640578
74,74,5,recov,0.025933808684359575,3.6522078069027994,476.6666666666667,1.5365107503640578
75,75,3,recov,0.034237404310330316,3.3744365392758437,476.6666666666667,1.5365107503640578
76,76,4,recov,0.03409108350557375,3.3787194096596878,476.6666666666667,1.5365107503640578
77,77,5,recov,0.03394745268689244,3.382941459106341,476.6666666666667,1.5365107503640578
78,78,3,recov,0.0418697209304609,3.1731923641163378,476.6666666666667,1.5365107503640578
79,79,4,recov,0.041698251233761696,3.1772960878970022,476.6666666666667,1.5365107503640578
80,80,5,recov,0.0415298740960739,3.1813422529820694,476.6666666666667,1.5365107503640578
81,81,3,recov,0.04909390010562134,3.0140204860007556,476.6666666666667,1.5365107503640578
82,82,4,recov,0.04890113786952816,3.0179546134565327,476.6666666666667,1.5365107503640578
83,83,5,recov,0.04871178857487256,3.0218342129941895,476.6666666666667,1.5365107503640578
84,84,3,recov,0.05593879647976826,2.8834971059237056,476.6666666666667,1.5365107503640578
85,85,4,recov,0.05572811428287161,2.8872705146343596,476.6666666666667,1.5365107503640578
86,86,5,recov,0.055521096359385486,2.8909922158714725,476.6666666666667,1.5365107503640578
87,87,3,recov,0.06243064003040481,2.7736990979923535,476.6666666666667,1.5365107503640578
88,88,4,recov,0.06220499022248124,2.777320053797895,476.6666666666667,1.5365107503640578
89,89,5,recov,0.06198319797841023,2.7808919310124973,476.6666666666667,1.5365107503640578
90,90,3,recov,0.0685933282046134,2.679560005472533,476.6666666666667,1.5365107503640578
91,91,4,recov,0.068355297271495,2.683036216672008,476.6666666666667,1.5365107503640578
92,92,5,recov,0.06812126839709681,2.6864658033214113,476.6666666666667,1.5365107503640578
93,93,3,recov,0.07444867986420463,2.5976452518534585,476.6666666666667,1.5365107503640578
94,94,4,recov,0.07420053507923816,2.6009839175243163,476.6666666666667,1.5365107503640578
95,95,5,recov,0.07395649583500395,2.6042782527770436,476.6666666666667,1.5365107503640578
96,96,3,recov,0.08001665674061538,2.5255204567231027,476.6666666666667,1.5365107503640578
97,97,4,recov,0.07976038631194123,2.5287283099107296,476.6666666666667,1.5365107503640578
98,98,5,recov,0.07950829045760774,2.531893980273259,476.6666666666667,1.5365107503640578
99,99,3,recov,0.08531555714804087,2.461398459542595,476.6666666666667,1.5365107503640578
100,100,4,recov,0.08505290486260238,2.4644818059604185,476.6666666666667,1.5365107503640578
101,101,5,recov,0.08479446728385998,2.4675249826068852,476.6666666666667,1.5365107503640578
102,102,3,recov,0.09036218592638996,2.403929396369163,476.6666666666667,1.5365107503640578
103,103,4,recov,0.09009468112237573,2.406894149158358,476.6666666666667,1.5365107503640578
104,104,5,recov,0.08983140695146155,2.4098206214851654,476.6666666666667,1.5365107503640578
105,105,3,recov,0.09517200394888624,2.352069456600854,476.6666666666667,1.5365107503640578
106,106,4,recov,0.0949009875102753,2.3549211676219195,476.6666666666667,1.5365107503640578
107,107,5,recov,0.0946341974053436,2.357736373476723,476.6666666666667,1.5365107503640578
108,108,3,recov,0.09975926000496854,2.3049953953907893,476.6666666666667,1.5365107503640578
109,109,4,recov,0.09948590695878055,2.307739283454505,476.6666666666667,1.5365107503640578
110,110,5,recov,0.09921675909924335,2.3104483364277972,476.6666666666667,1.5365107503640578
111,111,3,recov,0.10413710743587709,2.2620469073593026,476.6666666666667,1.5365107503640578
112,112,4,recov,0.10386244663974531,2.2646878837497897,476.6666666666667,1.5365107503640578
113,113,5,recov,0.10359195590608881,2.2672955978654605,476.6666666666667,1.5365107503640578
114,114,3,recov,0.10831770754076006,2.222686633809114,476.6666666666667,1.5365107503640578
115,115,4,recov,0.10804263887168651,2.2252293254051874,476.6666666666667,1.5365107503640578
116,116,5,recov,0.10777169360496328,2.2277402375023203,476.6666666666667,1.5365107503640578
117,117,3,recov,0.11231232147162439,2.1864717040077974,476.6666666666667,1.5365107503640578
118,118,4,recov,0.11203763086318251,2.1889204742691484,476.6666666666667,1.5365107503640578
119,119,5,recov,0.11176700753857131,2.1913388643297056,476.6666666666667,1.5365107503640578
120,120,3,recov,0.11613139208504515,2.153033038497212,476.6666666666667,1.5365107503640578
121,121,4,recov,0.11585776470742366,2.155392006548075,476.6666666666667,1.5365107503640578
122,122,5,recov,0.11558814080563375,2.1577219161929473,476.6666666666667,1.5365107503640578
123,123,3,recov,0.11978461700845777,2.1220600071510214,476.6666666666667,1.5365107503640578
124,124,4,recov,0.11951264884163552,2.124333065164922,476.6666666666667,1.5365107503640578
125,125,5,recov,0.11924461415966131,2.126578314513193,476.6666666666667,1.5365107503640578
126,126,3,recov,0.1232810140019984,2.0932888628094375,476.6666666666667,1.5365107503640578
127,127,4,recov,0.12301122201543135,2.095479691873645,476.6666666666667,1.5365107503640578
128,128,5,recov,0.12274528862275054,2.0976438949361635,476.6666666666667,1.5365107503640578
129,129,3,recov,0.12662897954749175,2.066493889088837,476.6666666666667,1.5365107503640578
130,130,4,recov,0.1263618106687094,2.068605973705608,476.6666666666667,1.5365107503640578
131,131,5,recov,0.12609842168525812,2.0706925524634388,476.6666666666667,1.5365107503640578
132,132,3,recov,0.12983634146964346,2.0414805333936474,476.6666666666667,1.5365107503640578
133,133,4,recov,0.12957218049806649,2.0435171747567207,476.6666666666667,1.5365107503640578
134,134,5,recov,0.1293117178452431,2.045529372057312,476.6666666666667,1.5365107503640578
135,135,3,recov,0.1329104062869665,2.0180800146957956,476.6666666666667,1.5365107503640578
136,136,4,recov,0.1326495828872299,2.0200443428644714,476.6666666666667,1.5365107503640578
137,137,5,recov,0.13239237414198035,2.0219852342529587,476.6666666666667,1.5365107503640578
138,138,3,recov,0.13585800189833364,1.9961450423907727,476.6666666666667,1.5365107503640578
139,139,4,recov,0.13560079678875145,1.9980400274698649,476.6666666666667,1.5365107503640578
140,140,5,recov,0.1353471212528215,1.999912532059565,476.6666666666667,1.5365107503640578
141,141,3,recov,0.13868551613273705,1.9755463829775788,476.6666666666667,1.5365107503640578
142,142,4,recov,0.13843216656870955,1.9773748453993378,476.6666666666667,1.5365107503640578
143,143,5,recov,0.13818226064988312,1.9791817358737895,476.6666666666667,1.5365107503640578
144,144,3,recov,0.14139893162272713,1.9561700812573526,476.6666666666667,1.5365107503640578
145,145,4,recov,0.14114963626141785,1.9579347012507635,476.6666666666667,1.5365107503640578
146,146,5,recov,0.1409036982505542,1.9596786130794868,476.6666666666667,1.5365107503640578
147,147,3,recov,0.1440038574043505,1.937915192234704,476.6666666666667,1.5365107503640578
148,148,4,recov,0.14375878062546027,1.9396185185582464,476.6666666666667,1.5365107503640578
149,149,5,recov,0.14351697494203508,1.941301958499451,476.6666666666667,1.5365107503640578
150,150,3,recov,0.14650555759674658,1.9206919154305901,476.6666666666667,1.5365107503640578
151,151,4,recov,0.14626483334437784,1.9223363734363532,476.6666666666667,1.5365107503640578
152,152,5,recov,0.14602729431372613,1.9239617273919911,476.6666666666667,1.5365107503640578
153,153,3,recov,0.14890897747168436,1.9044200491574486,476.6666666666667,1.5365107503640578
154,154,4,recov,0.1486727126738587,1.9060079482473,476.6666666666667,1.5365107503640578
155,155,5,recov,0.14843954789115968,1.9075774885289536,476.6666666666667,1.5365107503640578
156,156,3,recov,0.15121876718621532,1.8890277013371999,476.6666666666667,1.5365107503640578
157,157,4,recov,0.1509870448013628,1.8905612418653666,476.6666666666667,1.5365107503640578
158,158,5,recov,0.15075833813039183,1.8920771339233977,476.6666666666667,1.5365107503640578
159,159,3,recov,0.1534393034194259,1.8744502076160083,476.6666666666667,1.5365107503640578
160,160,4,recov,0.1532121851529275,1.8759314872868433,476.6666666666667,1.5365107503640578
161,161,5,recov,0.15298799940155633,1.8773957959498548,476.6666666666667,1.5365107503640578
162,162,3,recov,0.15557470912628965,1.8606292181973183,476.6666666666667,1.5365107503640578
163,163,4,recov,0.15535223785477312,1.8620602380020774,476.6666666666667,1.5365107503640578
164,164,5,recov,0.15513261716398027,1.863474933268988,476.6666666666667,1.5365107503640578
165,165,3,recov,0.15762887159723765,1.8475119229226447,476.6666666666667,1.5365107503640578
166,166,4,recov,0.15741107353367387,1.8488945926547111,476.6666666666667,1.5365107503640578
167,167,5,recov,0.15719604551231026,1.8502615550775505,476.6666666666667,1.5365107503640578
168,168,3,recov,0.1596054589907791,1.8350503903485025,476.6666666666667,1.5365107503640578
169,169,4,recov,0.15939234561939455,1.8363865337326273,476.6666666666667,1.5365107503640578
170,170,5,recov,0.1591819232530356,1.8377075594244043,476.6666666666667,1.5365107503640578
171,171,3,recov,0.16150793548788306,1.8232010013786841,476.6666666666667,1.5365107503640578
172,172,4,recov,0.16129950529440595,1.8244923608463408,476.6666666666667,1.5365107503640578
173,173,5,recov,0.16109368865321996,1.8257691661450293,476.6666666666667,1.5365107503640578
174,174,3,recov,0.16333957520050746,1.8119239617624576,476.6666666666667,1.5365107503640578
175,175,4,recov,0.1631358152202235,1.8131722029023365,476.6666666666667,1.5365107503640578
176,176,5,recov,0.16293459298782895,1.8144064287190496,476.6666666666667,1.5365107503640578
177,177,3,recov,0.1651034749523303,1.8011828807164958,476.6666666666667,1.5365107503640578
178,178,4,recov,0.16490436215577348,1.8023895964264218,476.6666666666667,1.5365107503640578
179,179,5,recov,0.16470771299847695,1.803582812303215,476.6666666666667,1.5365107503640578
180,180,3,recov,0.16680256603712276,1.7909444052602177,476.6666666666667,1.5365107503640578
181,181,4,recov,0.16660806857091418,1.7921111196243238,476.6666666666667,1.5365107503640578
182,182,5,recov,0.16641596236447093,1.7932648275246943,476.6666666666667,1.5365107503640578
183,183,3,recov,0.16843962504908808,1.7811779017115,476.6666666666667,1.5365107503640578
184,184,4,recov,0.16824970334741568,1.7823060736242886,476.6666666666667,1.5365107503640578
185,185,5,recov,0.16806210227648435,1.7834217114773303,476.6666666666667,1.5365107503640578
186,186,3,recov,0.17001728386967602,1.7718551772782778,476.6666666666667,1.5365107503640578
187,187,4,recov,0.16983189165013818,1.772946203835245,476.6666666666667,1.5365107503640578
188,188,5,recov,0.16964875119387576,1.77402514885252,476.6666666666667,1.5365107503640578
189,189,3,recov,0.1715380388866997,1.7629502358817393,476.6666666666667,1.5365107503640578
190,190,4,recov,0.17135712404268405,1.7640054555544655,476.6666666666667,1.5365107503640578
191,191,5,recov,0.17117839385841424,1.7650490273369503,476.6666666666667,1.5365107503640578
192,192,3,recov,0.1730042595138903,1.7544390633198874,476.6666666666667,1.5365107503640578
193,193,4,recov,0.1728277649142974,1.7554597589319128,476.6666666666667,1.5365107503640578
194,194,5,recov,0.17265338962985557,1.756469222382847,476.6666666666667,1.5365107503640578
195,195,3,recov,0.1744181960722034,1.7462994376734085,476.6666666666667,1.5365107503640578
196,196,4,recov,0.17424606027812548,1.7472868391917933,476.6666666666667,1.5365107503640578
197,197,5,recov,0.17407598020231205,1.7482634072498797,476.6666666666667,1.5365107503640578
198,198,3,recov,0.17578198708812023,1.7385107615056168,476.6666666666667,1.5365107503640578
199,199,4,recov,0.17561414499503164,1.7394660486617823,476.6666666666667,1.5365107503640578
200,200,5,recov,0.17544829675457488,1.7404108848679463,476.6666666666667,1.5365107503640578
201,201,3,recov,0.1770976660587935,1.7310539129431275,476.6666666666667,1.5365107503640578
202,202,4,recov,0.17693404947187658,1.7319782176954313,476.6666666666667,1.5365107503640578
203,203,5,recov,0.17677236658239617,1.7328924386052198,476.6666666666667,1.5365107503640578
204,204,3,recov,0.17836716772907202,1.7239111131662812,476.6666666666667,1.5365107503640578
205,205,4,recov,0.17820770587848142,1.7248055220157195,476.6666666666667,1.5365107503640578
206,206,5,recov,0.1780501192561384,1.7256901994684124,476.6666666666667,1.5365107503640578
207,207,3,recov,0.17959233392114168,1.717065808205759,476.6666666666667,1.5365107503640578
208,208,4,recov,0.1794369539232828,1.7179313643752432,476.6666666666667,1.5365107503640578
209,209,5,recov,0.17928339234309118,1.718787527629824,476.6666666666667,1.5365107503640578
210,210,3,recov,0.18077491895368197,1.7105025632482476,476.6666666666667,1.5365107503640578
211,211,4,recov,0.18062354622393478,1.7113402687350427,476.6666666666667,1.5365107503640578
212,212,5,recov,0.18047393673007864,1.7121689064823509,476.6666666666667,1.5365107503640578
213,213,3,recov,0.18191659468399576,1.7042069679106295,476.6666666666667,1.5365107503640578
214,214,4,recov,0.1817691533057457,1.705017785420761,476.6666666666667,1.5365107503640578
215,215,5,recov,0.1816234215786864,1.7058198476803883,476.6666666666667,1.5365107503640578
216,216,3,recov,0.1830189552034903,1.6981655511578484,476.6666666666667,1.5365107503640578
217,217,4,recov,0.18287536825782003,1.6989504059305747,476.6666666666667,1.5365107503640578
218,218,5,recov,0.1827334389424821,1.6997268058403816,476.6666666666667,1.5365107503640578
219,219,3,recov,0.1840835212141205,1.692365704721548,476.6666666666667,1.5365107503640578
220,220,4,recov,0.1839437110740662,1.6931254862513585,476.6666666666667,1.5365107503640578
221,221,5,recov,0.1838055080729482,1.693877101756864,476.6666666666667,1.5365107503640578
222,222,3,recov,0.18511174411091708,1.6867956140306362,476.6666666666667,1.5365107503640578
223,223,4,recov,0.18497563270379386,1.6875311776936375,476.6666666666667,1.5365107503640578
224,224,5,recov,0.18484107943845673,1.6882588531439706,476.6666666666667,1.5365107503640578
225,225,3,recov,0.18610500979348796,1.6814441957957396,476.6666666666667,1.5365107503640578
226,226,4,recov,0.18597251883442928,1.6821563643867696,476.6666666666667,1.5365107503640578
227,227,5,recov,0.18584153847846607,1.6828609120433478,476.6666666666667,1.5365107503640578
228,228,3,recov,0.1870646422273626,1.676301041501013,476.6666666666667,1.5365107503640578
229,229,4,recov,0.18693569342690317,1.67699060668733,476.6666666666667,1.5365107503640578
230,230,5,recov,0.18680820911317955,1.6776728081509602,476.6666666666667,1.5365107503640578
231,231,3,recov,0.18799190677423216,1.671356366152059,476.6666666666667,1.5365107503640578
232,232,4,recov,0.18786642202247789,1.672024089849008,476.6666666666667,1.5365107503640578
233,233,5,recov,0.18774235702715514,1.6726846974106764,476.6666666666667,1.5365107503640578
234,234,3,recov,0.18888801330849556,1.6666009617104043,476.6666666666667,1.5365107503640578
235,235,4,recov,0.1887659148381714,1.6672475773840587,476.6666666666667,1.5365107503640578
236,236,5,recov,0.18864519274377314,1.6678873153042753,476.6666666666667,1.5365107503640578
237,237,3,recov,0.18975411913603754,1.662026154715206,476.6666666666667,1.5365107503640578
238,238,4,recov,0.18963532966647637,1.66265236861661,476.6666666666667,1.5365107503640578
239,239,5,recov,0.18951787450603735,1.6632719343378206,476.6666666666667,1.5365107503640578
240,240,3,recov,0.19059133172981987,1.6576237676534185,476.6666666666667,1.5365107503640578
241,241,4,recov,0.19047577459375228,1.6582302599887164,476.6666666666667,1.5365107503640578
242,242,5,recov,0.190361510977888,1.6588303252849568,476.6666666666667,1.5365107503640578
243,243,3,recov,0.1914007112956496,1.6533860836919776,476.6666666666667,1.5365107503640578
244,244,4,recov,0.1912883105504735,1.6539735097324009,476.6666666666667,1.5365107503640578
245,245,5,recov,0.19117716377902882,1.6545547218000698,476.6666666666667,1.5365107503640578
246,246,3,recov,0.19218327318038447,1.6493058144309098,476.6666666666667,1.5365107503640578
247,247,4,recov,0.19207395370542812,1.6498748055663097,476.6666666666667,1.5365107503640578
248,248,5,recov,0.19196584986520396,1.6504377880596572,476.6666666666667,1.5365107503640578
249,249,3,recov,0.19293999013383156,1.6453760703756717,476.6666666666667,1.5365107503640578
250,250,4,recov,0.192833677714979,1.6459272351150211,476.6666666666667,1.5365107503640578
251,251,5,recov,0.19272854376489015,1.646472589129691,476.6666666666667,1.5365107503640578
252,252,3,recov,0.19367179443468432,1.641590333861326,476.6666666666667,1.5365107503640578
253,253,4,recov,0.1935684158375988,1.6421242587833724,476.6666666666667,1.5365107503640578
254,254,5,recov,0.19346617968248658,1.642652563791108,476.6666666666667,1.5365107503640578
255,255,3,recov,0.19437957989001312,1.6379424341911055,476.6666666666667,1.5365107503640578
256,256,4,recov,0.19427906292307653,1.6384596848481352,476.6666666666667,1.5365107503640578
257,257,5,recov,0.19417965347728397,1.6389714995855353,476.6666666666667,1.5365107503640578
258,258,3,recov,0.19506420371706973,1.6344265247780945,476.6666666666667,1.5365107503640578
259,259,4,recov,0.19496647728504937,1.6349276465555629,476.6666666666667,1.5365107503640578
260,260,5,recov,0.19486982452675966,1.635423509869579,476.6666666666667,1.5365107503640578
261,261,3,recov,0.19572648831547712,1.6310370621017192,476.6666666666667,1.5365107503640578
262,262,4,recov,0.19563148246483456,1.631522581036312,476.6666666666667,1.5365107503640578
263,263,5,recov,0.19553751748208031,1.632003012688996,476.6666666666667,1.5365107503640578
264,264,3,recov,0.19636722293724754,1.6277687863108943,476.6666666666667,1.5365107503640578
265,265,4,recov,0.1962748688939182,1.6282392098694167,476.6666666666667,1.5365107503640578
266,266,5,recov,0.19618352392308297,1.6287047113042519,476.6666666666667,1.5365107503640578
267,267,3,recov,0.19698716526149757,1.6246167033234296,476.6666666666667,1.5365107503640578
268,268,4,recov,0.19689739546189186,1.625072521144748,476.6666666666667,1.5365107503640578
269,269,5,recov,0.19680860391944818,1.625523576216749,476.6666666666667,1.5365107503640578
270,270,3,recov,0.19758704288020618,1.6215760682869302,476.6666666666667,1.5365107503640578
271,271,4,recov,0.19749979099611148,1.6220177528890571,476.6666666666667,1.5365107503640578
272,272,5,recov,0.19741348750427024,1.6224548285606724,476.6666666666667,1.5365107503640578
273,273,3,recov,0.19816755470087835,1.618642370280275,476.6666666666667,1.5365107503640578
274,274,4,recov,0.19808275565887867,1.6190703777345392,476.6666666666667,1.5365107503640578
275,275,5,recov,0.19799887606576158,1.6194939247392603,476.6666666666667,1.5365107503640578
276,276,3,recov,0.19872937227154142,1.6158113181469709,476.6666666666667,1.5365107503640578
277,277,4,recov,0.19864696226751322,1.6162260887210929,476.6666666666667,1.5365107503640578
278,278,5,recov,0.1985654436624032,1.616636542196551,476.6666666666667,1.5365107503640578
279,279,3,recov,0.19927314103309463,1.6130788273625487,476.6666666666667,1.5365107503640578
280,280,4,recov,0.19919305754228567,1.6134807861343268,476.6666666666667,1.5365107503640578
281,281,5,recov,0.1991138382664588,1.6138785662265371,476.6666666666667,1.5365107503640578
282,282,3,recov,0.19979948150366555,1.6104410078478002,476.6666666666667,1.5365107503640578
283,283,4,recov,0.1997216632868165,1.6108305652909936,476.6666666666667,1.5365107503640578
284,284,5,recov,0.1996446829404123,1.6112160777313123,476.6666666666667,1.5365107503640578
285,285,3,recov,0.20030899039928765,1.6078941526482171,476.6666666666667,1.5365107503640578
286,286,4,recov,0.2002333775052128,1.608271705192127,476.6666666666667,1.5365107503640578
287,287,5,recov,0.20015857695055725,1.6086453418483753,476.6666666666667,1.5365107503640578
288,288,3,recov,0.20080224169489894,1.6054347274076601,476.6666666666667,1.5365107503640578
289,289,4,recov,0.20072877545990545,1.6058006579717985,476.6666666666667,1.5365107503640578
290,290,5,recov,0.20065609682166333,1.606162797374927,476.6666666666667,1.5365107503640578
291,291,3,recov,0.2012797876293797,1.6030593605710766,476.6666666666667,1.5365107503640578
292,292,4,recov,0.20120841067386747,1.6034140390762421,476.6666666666667,1.5365107503640578
293,293,5,recov,0.20113779733636558,1.6037650469238174,476.6666666666667,1.5365107503640578
294,294,3,recov,0.20174215965807893,1.600764834257206,476.6666666666667,1.5365107503640578
295,295,4,recov,0.20167281588063338,1.6011086181141931,476.6666666666667,1.5365107503640578
296,296,5,recov,0.20160421248266483,1.6014488477519127,476.6666666666667,1.5365107503640578
297,297,3,recov,0.20218986935603975,1.5985480757476551,476.6666666666667,1.5365107503640578
298,298,4,recov,0.2021225039253002,1.598881310324753,476.6666666666667,1.5365107503640578
299,299,5,recov,0.2020558563526913,1.5992111032071188,476.6666666666667,1.5365107503640578
300,300,3,recov,0.20262340927490924,1.5964061495436188,476.6666666666667,1.5365107503640578
301,301,4,recov,0.20255796861946893,1.5967291686139888,476.6666666666667,1.5365107503640578
302,302,5,recov,0.20249322399566436,1.5970488547452057,476.6666666666667,1.5365107503640578
303,303,3,recov,0.2030432537563107,1.594336249945926,476.6666666666667,1.5365107503640578
304,304,4,recov,0.20297968555288162,1.594649376115874,476.6666666666667,1.5365107503640578
305,305,5,recov,0.20291679222777972,1.5949592744719727,476.6666666666667,1.5365107503640578
306,306,3,recov,0.2034498597042678,1.5923356941180242,476.6666666666667,1.5365107503640578
307,307,4,recov,0.20338811286432154,1.5926392392371316,476.6666666666667,1.5365107503640578
308,308,5,recov,0.20332702040157075,1.592939658170254,476.6666666666667,1.5365107503640578
309,309,3,recov,0.20384366731909334,1.5904019155950808,476.6666666666667,1.5365107503640578
310,310,4,recov,0.20378369197416887,1.5906961811490967,476.6666666666667,1.5365107503640578
311,311,5,recov,0.20372435113711584,1.590987418774835,476.6666666666667,1.5365107503640578
312,312,3,recov,0.20422510079499265,1.58853245820558,476.6666666666667,1.5365107503640578
313,313,4,recov,0.20416684828084541,1.5888177356929256,476.6666666666667,1.5365107503640578
314,314,5,recov,0.20410921101730864,1.589100080261543,476.6666666666667,1.5365107503640578
315,315,3,recov,0.20459456898348144,1.5867249703746882,476.6666666666667,1.5365107503640578
316,316,4,recov,0.2045379918232307,1.5870015416673755,476.6666666666667,1.5365107503640578
317,317,5,recov,0.2044820112492567,1.5872752719197007,476.6666666666667,1.5365107503640578
318,318,3,recov,0.20495246602458014,1.5849771997812696,476.6666666666667,1.5365107503640578
319,319,4,recov,0.20489751791099717,1.5852453374709898,476.6666666666667,1.5365107503640578
320,320,5,recov,0.20484314829374156,1.5855107229797232,476.6666666666667,1.5365107503640578
321,321,3,recov,0.20529917194761496,1.5832869883428067,476.6666666666667,1.5365107503640578
322,322,4,recov,0.20524580772468173,1.5835469560729023,476.6666666666667,1.5365107503640578
323,323,5,recov,0.20519300446454483,1.583804257570032,476.6666666666667,1.5365107503640578
324,324,3,recov,0.20563505324334116,1.5816522675046072,476.6666666666667,1.5365107503640578
325,325,4,recov,0.20558322888719574,1.5819043202885996,476.6666666666667,1.5365107503640578
326,326,5,recov,0.205531948499329,1.5821537899795932,476.6666666666667,1.5365107503640578
327,327,3,recov,0.20596046340898844,1.5800710538116391,476.6666666666667,1.5365107503640578
328,328,4,recov,0.2059101360083633,1.5803154383389484,476.6666666666667,1.5365107503640578
329,329,5,recov,0.20586033610365312,1.5805573202043361,476.6666666666667,1.5365107503640578
330,330,3,recov,0.2062757434677295,1.578541444743083,476.6666666666667,1.5365107503640578
331,331,4,recov,0.20622687120397823,1.5787783996725389,476.6666666666667,1.5365107503640578
332,332,5,recov,0.20617851046960203,1.579012929757484,476.6666666666667,1.5365107503640578
333,333,3,recov,0.20658122246397576,1.5770616147913024,476.6666666666667,1.5365107503640578
334,334,4,recov,0.2065337645907743,1.5772913710330139,476.6666666666667,1.5365107503640578
335,335,5,recov,0.20648680277041667,1.5775187777254218,476.6666666666667,1.5365107503640578
336,336,3,recov,0.20687721793581595,1.575629811768385,476.6666666666667,1.5365107503640578
337,337,4,recov,0.2068311347586167,1.5758525927545057,476.6666666666667,1.5365107503640578
338,338,5,recov,0.206785532632422,1.576073097052203,476.6666666666667,1.5365107503640578
339,339,3,recov,0.2071640363658319,1.5742443533247397,476.6666666666667,1.5365107503640578
340,340,4,recov,0.20711928922114,1.574460375269637,476.6666666666667,1.5365107503640578
341,341,5,recov,0.20707500858547337,1.5746741910371154,476.6666666666667,1.5365107503640578
342,342,3,recov,0.2074419736114475,1.572903623665443,476.6666666666667,1.5365107503640578
343,343,4,recov,0.20739852484598345,1.573113095815749,476.6666666666667,1.5365107503640578
344,344,5,recov,0.20735552849306288,1.573320430030947,476.6666666666667,1.5365107503640578
345,345,3,recov,0.20771131531589837,1.5716060704511283,476.6666666666667,1.5365107503640578
346,346,4,recov,0.20766912826570302,1.5718091953261304,476.6666666666667,1.5365107503640578
347,347,5,recov,0.2076273799631599,1.5720102483176992,476.6666666666667,1.5365107503640578
348,348,3,recov,0.20797233730084075,1.5703502018712294,476.6666666666667,1.5365107503640578
349,349,4,recov,0.20793137627037403,1.57054717549403,476.6666666666667,1.5365107503640578
350,350,5,recov,0.20789084074079286,1.57074214116951,476.6666666666667,1.5365107503640578
351,351,3,recov,0.20822530594155805,1.5691345838783062,476.6666666666667,1.5365107503640578
352,352,4,recov,0.2081855361828368,1.56932559599816,476.6666666666667,1.5365107503640578
353,353,5,recov,0.20814617908332086,1.5695146620634635,476.6666666666667,1.5365107503640578
354,354,3,recov,0.20847047852566616,1.567957837573022,476.6666666666667,1.5365107503640578
355,355,4,recov,0.2084318662174819,1.5681430718792406,476.6666666666667,1.5365107503640578
356,356,5,recov,0.2083936541192852,1.568326420049827,476.6666666666667,1.5365107503640578
357,357,3,recov,0.20870810359616318,1.5668186367301258,476.6666666666667,1.5365107503640578
358,358,4,recov,0.20867061582341628,1.5669982710579125,476.6666666666667,1.5365107503640578
359,359,5,recov,0.2086335161916792,1.5671760772620145,476.6666666666667,1.5365107503640578
360,360,3,recov,0.20893842127962145,1.5657157054564876,476.6666666666667,1.5365107503640578
361,361,4,recov,0.208902026012804,1.5658899119850576,476.6666666666667,1.5365107503640578
362,362,5,recov,0.20886600718642467,1.5660623465593009,476.6666666666667,1.5365107503640578
363,363,3,recov,0.20916166360027175,1.5646478159728983,476.6666666666667,1.5365107503640578
364,364,4,recov,0.20912632967512781,1.56481676141621,476.6666666666667,1.5365107503640578
365,365,5,recov,0.20909136084679858,1.5649839892939552,476.6666666666667,1.5365107503640578
366,366,3,recov,0.20937805478068527,1.5636137865119364,476.6666666666667,1.5365107503640578
367,367,4,recov,0.2093437518780736,1.5637776323023533,476.6666666666667,1.5365107503640578
368,368,5,recov,0.2093098030745084,1.5639398131950653,476.6666666666667,1.5365107503640578
369,369,3,recov,0.20958781152972028,1.5626124793247533,476.6666666666667,1.5365107503640578
370,370,4,recov,0.20955451015570256,1.5627713817899298,476.6666666666667,1.5365107503640578
371,371,5,recov,0.2095215522180772,1.5629286703618737,476.6666666666667,1.5365107503640578
372,372,3,recov,0.20979114331836018,1.5616427987901353,476.6666666666667,1.5365107503640578
373,373,4,recov,0.2097588147845332,1.561796909323418,476.6666666666667,1.5365107503640578
374,374,5,recov,0.2097268193491595,1.5619494553599556,476.6666666666667,1.5365107503640578
375,375,3,recov,0.20998825264403498,1.5607036896196664,476.6666666666667,1.5365107503640578
376,376,4,recov,0.20995686904812458,1.5608531548442766,476.6666666666667,1.5365107503640578
377,377,5,recov,0.2099258085273745,1.5610011034140345,476.6666666666667,1.5365107503640578
378,378,3,recov,0.21017933528398455,1.5597941351532438,476.6666666666667,1.5365107503640578
379,379,4,recov,0.2101488694907159,1.5599390970804994,476.6666666666667,1.5365107503640578
380,380,5,recov,0.21011871705421145,1.5600825886916612,476.6666666666667,1.5365107503640578
381,381,3,recov,0.21036458053819115,1.558913155739593,476.6666666666667,1.5365107503640578
382,382,4,recov,0.21033500616044765,1.5590537519214163,476.6666666666667,1.5365107503640578
383,383,5,recov,0.21030573571652947,1.559192922672375,476.6666666666667,1.5365107503640578
384,384,3,recov,0.2105441714623789,1.558059807196792,476.6666666666667,1.5365107503640578
385,385,4,recov,0.2105154628426608,1.5581961708727352,476.6666666666667,1.5365107503640578
386,386,5,recov,0.21048704902014606,1.5583311525973438,476.6666666666667,1.5365107503640578
387,387,3,recov,0.21071828509155055,1.5572331793481557,476.6666666666667,1.5365107503640578
388,388,4,recov,0.21069041728374213,1.557365439587168,476.6666666666667,1.5365107503640578
389,389,5,recov,0.21066283541398145,1.5574963599948,476.6666666666667,1.5365107503640578
390,390,3,recov,0.21088709265450659,1.5564323946291407,476.6666666666667,1.5365107503640578
391,391,4,recov,0.21086004140595946,1.5565606764662872,476.6666666666667,1.5365107503640578
392,392,5,recov,0.21083326750520054,1.556687659276918,476.6666666666667,1.5365107503640578
393,393,3,recov,0.21105075977976734,1.5556566067612116,476.6666666666667,1.5365107503640578
394,394,4,recov,0.21102450151370541,1.5557810313295473,476.6666666666667,1.5365107503640578
395,395,5,recov,0.21099851226576935,1.5559041964040592,476.6666666666667,1.5365107503640578
396,396,3,recov,0.21120944669329486,1.5549049994888935,476.6666666666667,1.5365107503640578
397,397,4,recov,0.21118395849154648,1.555025684146686,476.6666666666667,1.5365107503640578
398,398,5,recov,0.21115873123082243,1.5551451476125775,476.6666666666667,1.5365107503640578
399,399,3,recov,0.21136330840839304,1.5541767853764596,476.6666666666667,1.5365107503640578
400,400,4,recov,0.21133856799445339,1.554293843829942,476.6666666666667,1.5365107503640578
401,401,5,recov,0.2113140806892147,1.5544097182026324,476.6666666666667,1.5365107503640578
402,402,3,recov,0.2115124949081412,1.553471204660952,476.6666666666667,1.5365107503640578
403,403,4,recov,0.21148848063056735,1.5535847470827824,476.6666666666667,1.5365107503640578
404,404,5,recov,0.21146471186661256,1.5536971413826788,476.6666666666667,1.5365107503640578
405,405,3,recov,0.21165715132069948,1.5527875241584301,476.6666666666667,1.5365107503640578
406,406,4,recov,0.21163384213684028,1.5528976573020266,476.6666666666667,1.5365107503640578
407,407,5,recov,0.21161077110146057,1.5530066771675177,476.6666666666667,1.5365107503640578
408,408,3,recov,0.2117974180878062,1.5521250362205492,476.6666666666667,1.5365107503640578
409,409,4,recov,0.211774793547867,1.5522318635304586,476.6666666666667,1.5365107503640578
410,410,5,recov,0.21175240001414097,1.5523376113269982,476.6666666666667,1.5365107503640578
411,411,3,recov,0.2119334311267707,1.5514830577387466,476.6666666666667,1.5365107503640578
412,412,4,recov,0.21191147135821334,1.551586679457202,476.6666666666667,1.5365107503640578
413,413,5,recov,0.21188973566962968,1.551689254382626,476.6666666666667,1.5365107503640578
414,414,3,recov,0.21206532198624967,1.5508609291934876,476.6666666666667,1.5365107503640578
415,415,4,recov,0.21204400767852696,1.5509614424632971,476.6666666666667,1.5365107503640578
416,416,5,recov,0.21202291073393412,1.551060940649523,476.6666666666667,1.5365107503640578
417,417,3,recov,0.21219321799608004,1.550258013746176,476.6666666666667,1.5365107503640578
418,418,4,recov,0.21217253038570313,1.550355512710087,476.6666666666667,1.5365107503640578
419,419,5,recov,0.212152053624585,1.5504520273213334,476.6666666666667,1.5365107503640578
420,420,3,recov,0.2123172424114278,1.5496736963714874,476.6666666666667,1.5365107503640578
421,421,4,recov,0.21229716326736464,1.5497682722681578,476.6666666666667,1.5365107503640578
422,422,5,recov,0.21227728865544088,1.549861893595811,476.6666666666667,1.5365107503640578
423,423,3,recov,0.2124375145514994,1.549107383028014,476.6666666666667,1.5365107503640578
424,424,4,recov,0.212418026160902,1.549199124284717,476.6666666666667,1.5365107503640578
425,425,5,recov,0.21239873617605015,1.5492899398389761,476.6666666666667,1.5365107503640578
426,426,3,recov,0.2125541499330487,1.5485584998652395,476.6666666666667,1.5365107503640578
427,427,4,recov,0.21253523508730623,1.5486474921874263,476.6666666666667,1.5365107503640578
428,428,5,recov,0.21251651270580374,1.5487355867858454,476.6666666666667,1.5365107503640578
429,429,3,recov,0.2126672603989029,1.548026492464983,476.6666666666667,1.5365107503640578
430,430,4,recov,0.21264890238001755,1.54811281892282,476.6666666666667,1.5365107503640578
431,431,5,recov,0.2126307310631,1.548198274775862,476.6666666666667,1.5365107503640578
432,432,3,recov,0.2127769542417185,1.5475108251155563,476.6666666666667,1.5365107503640578
433,433,4,recov,0.21275913680899994,1.5475945662275497,476.6666666666667,1.5365107503640578
434,434,5,recov,0.21274150048973275,1.547677463021262,476.6666666666667,1.5365107503640578
435,435,3,recov,0.21288333632316755,1.547010980116988,476.6666666666667,1.5365107503640578
436,436,4,recov,0.21286604370024295,1.5470922139308019,476.6666666666667,1.5365107503640578
437,437,5,recov,0.2128489267707022,1.5471726289067238,476.6666666666667,1.5365107503640578
438,438,3,recov,0.2129865081887466,1.5465264571157613,476.6666666666667,1.5365107503640578
439,439,4,recov,0.21296972505088158,1.546605259286332,476.6666666666667,1.5365107503640578
440,440,5,recov,0.21295311234964048,1.54668326731873,476.6666666666667,1.5365107503640578
441,441,3,recov,0.2130865681783897,1.5460567724675984,476.6666666666667,1.5365107503640578
442,442,4,recov,0.21307027964011582,1.5461332163326458,476.6666666666667,1.5365107503640578
443,443,5,recov,0.2130541564400327,1.5462088900031778,476.6666666666667,1.5365107503640578
444,444,3,recov,0.2131836115330591,1.5456014586269184,476.6666666666667,1.5365107503640578
445,445,4,recov,0.21316780313610345,1.5456756152799467,476.6666666666667,1.5365107503640578
446,446,5,recov,0.2131521551324061,1.5457490249498478,476.6666666666667,1.5365107503640578
447,447,3,recov,0.21327773049747809,1.5451600635616636,476.6666666666667,1.5365107503640578
448,448,4,recov,0.21326238819899007,1.5452320019225452,476.6666666666667,1.5365107503640578
449,449,5,recov,0.2132472014976529,1.5453032158024227,476.6666666666667,1.5365107503640578
450,450,3,recov,0.21336901441916437,1.5447321501922693,476.6666666666667,1.5365107503640578
451,451,4,recov,0.21335412458023512,1.544801937075494,476.6666666666667,1.5365107503640578
452,452,5,recov,0.2133393856866437,1.5448710212928192,476.6666666666667,1.5365107503640578
453,453,3,recov,0.21345754984391296,1.5443172958536167,476.6666666666667,1.5365107503640578
454,454,4,recov,0.21344309921838195,1.5443849960342946,476.6666666666667,1.5365107503640578
455,455,5,recov,0.2134287950262803,1.5444520146986755,476.6666666666667,1.5365107503640578
456,456,3,recov,0.21354342060787168,1.543915091778879,476.6666666666667,1.5365107503640578
457,457,4,recov,0.21352939633141574,1.5439807680565756,476.6666666666667,1.5365107503640578
458,458,5,recov,0.21351551411213163,1.5440457833228838,476.6666666666667,1.5365107503640578
459,459,3,recov,0.2136267079263462,1.5435251426042227,476.6666666666667,1.5365107503640578
460,460,4,recov,0.2136130975058457,1.5435888558647008,476.6666666666667,1.5365107503640578
461,461,5,recov,0.21359962489778836,1.5436519279941356,476.6666666666667,1.5365107503640578
462,462,3,recov,0.21370749047946358,1.5431470658933906,476.6666666666667,1.5365107503640578
463,463,4,recov,0.21369428178264052,1.5432088751683375,476.6666666666667,1.5365107503640578
464,464,5,recov,0.21368120678106656,1.5432700625874942,476.6666666666667,1.5365107503640578
465,465,3,recov,0.21378584449482005,1.5427804916812402,476.6666666666667,1.5365107503640578
466,466,4,recov,0.21377302574014262,1.5428404542060463,476.6666666666667,1.5365107503640578
467,467,5,recov,0.21376033668718405,1.5428998135640635,476.6666666666667,1.5365107503640578
468,468,3,recov,0.2138618438272299,1.5424250620353646,476.6666666666667,1.5365107503640578
469,469,4,recov,0.21384940357407856,1.5424832333050256,476.6666666666667,1.5365107503640578
470,470,5,recov,0.2138370891490282,1.5425408195288757,476.6666666666667,1.5365107503640578
471,471,3,recov,0.21393556003568953,1.5420804306349698,476.6666666666667,1.5365107503640578
472,472,4,recov,0.21392348717477888,1.5421368644581765,476.6666666666667,1.5365107503640578
473,473,5,recov,0.21391153638462848,1.5421927308061631,476.6666666666667,1.5365107503640578
474,474,3,recov,0.21400706245766501,1.5417462623662226,476.6666666666667,1.5365107503640578
475,475,4,recov,0.2139953462017166,1.5418010109176994,476.6666666666667,1.5365107503640578
476,476,5,recov,0.21398374837194134,1.5418552090312294,476.6666666666667,1.5365107503640578
477,477,3,recov,0.21407641828080623,1.541422232933326,476.6666666666667,1.5365107503640578
478,478,4,recov,0.21406504815546637,1.5414753468044826,476.6666666666667,1.5365107503640578
479,479,5,recov,0.2140537929210515,1.5415279267581663,476.6666666666667,1.5365107503640578
480,480,3,recov,0.21414369261218555,1.5411080284846255,476.6666666666667,1.5365107503640578
481,481,4,recov,0.21413265844718365,1.541159556732576,476.6666666666667,1.5365107503640578
482,482,5,recov,0.21412173574388785,1.5412105670827152,476.6666666666667,1.5365107503640578
483,483,3,recov,0.21420894854515773,1.540803345253068,476.6666666666667,1.5365107503640578
484,484,4,recov,0.214198240465699,1.5408533354480771,476.6666666666667,1.5365107503640578
485,485,5,recov,0.21418764052154876,1.5409028232795994,476.6666666666667,1.5365107503640578
486,486,3,recov,0.2142722472239287,1.5405078892103923,476.6666666666667,1.5365107503640578
487,487,4,recov,0.2142618556423167,1.5405563874817996,476.6666666666667,1.5365107503640578
488,488,5,recov,0.21425156896932776,1.5406043984536857,476.6666666666667,1.5365107503640578
489,489,3,recov,0.21433364790592194,1.5402213757344418,476.6666666666667,1.5365107503640578
490,490,4,recov,0.2143235635134055,1.5402684268151172,476.6666666666667,1.5365107503640578
491,491,5,recov,0.21431358089952485,1.54031500520438,476.6666666666667,1.5365107503640578
492,492,3,recov,0.2143932080220238,1.5399435292890349,476.6666666666667,1.5365107503640578
493,493,4,recov,0.21438342178086311,1.5399891765584157,476.6666666666667,1.5365107503640578
494,494,5,recov,0.21437373428212778,1.5400343653026733,476.6666666666667,1.5365107503640578
495,495,3,recov,0.21445098323478762,1.53967408311585,476.6666666666667,1.5365107503640578
496,496,4,recov,0.21444148637053453,1.539718368641606,476.6666666666667,1.5365107503640578
497,497,5,recov,0.21443208530344138,1.539762209380302,476.6666666666667,1.5365107503640578
498,498,3,recov,0.2145070274946727,1.5394127789378085,476.6666666666667,1.5365107503640578
499,499,4,recov,0.2144978114886601,1.5394557435161844,476.6666666666667,1.5365107503640578
500,500,5,recov,0.21448868842274207,1.5394982766304957,476.6666666666667,1.5365107503640578
501,501,3,recov,0.2145613930943901,1.5391593666734724,476.6666666666667,1.5365107503640578
502,502,4,recov,0.21455244967642575,1.5392010498683462,476.6666666666667,1.5365107503640578
503,503,5,recov,0.21454359642702941,1.539242314519829,476.6666666666667,1.5365107503640578
504,504,3,recov,0.21461413072142554,1.5389136041619853,476.6666666666667,1.5365107503640578
505,505,4,recov,0.21460545186268484,1.5389540443426948,476.6666666666667,1.5365107503640578
506,506,5,recov,0.21459686048394494,1.5389940785107032,476.6666666666667,1.5365107503640578
507,507,3,recov,0.21466528950880634,1.538675256898119,476.6666666666667,1.5365107503640578
508,508,4,recov,0.21465686741491974,1.5387144912760884,476.6666666666667,1.5365107503640578
509,509,5,recov,0.21464853019292515,1.5387533317940136,476.6666666666667,1.5365107503640578
510,510,3,recov,0.21471491708417528,1.5384440977770049,476.6666666666667,1.5365107503640578
511,511,4,recov,0.2147067441885056,1.538482162441216,476.6666666666667,1.5365107503640578
512,512,5,recov,0.21469865363465312,1.5385198450315813,476.6666666666667,1.5365107503640578
513,513,3,recov,0.2147630596172342,1.538219906848146,476.6666666666667,1.5365107503640578
514,514,4,recov,0.2147551285743387,1.5382568367994933,476.6666666666667,1.5365107503640578
515,515,5,recov,0.214747277418869,1.5382933961079444,476.6666666666667,1.5365107503640578
516,516,3,recov,0.21480976186561523,1.5380024710783324,476.6666666666667,1.5365107503640578
517,517,4,recov,0.21480206554488837,1.5380383002628968,476.6666666666667,1.5365107503640578
518,518,5,recov,0.21479444673060055,1.538073769891122,476.6666666666667,1.5365107503640578
519,519,3,recov,0.21485506721923675,1.5377915841230938,476.6666666666667,1.5365107503640578
520,520,4,recov,0.21484759869872863,1.537826345464371,476.6666666666667,1.5365107503640578
521,521,5,recov,0.21484020537486814,1.5378607580019907,476.6666666666667,1.5365107503640578
522,522,3,recov,0.21489901774319747,1.537587046106345,476.6666666666667,1.5365107503640578
523,523,4,recov,0.21489177030360404,1.5376207715364645,476.6666666666667,1.5365107503640578
524,524,5,recov,0.21488459581992017,1.5376541585919195,476.6666666666667,1.5365107503640578
525,525,3,recov,0.21494165421926176,1.5373886634078933,476.6666666666667,1.5365107503640578
526,526,4,recov,0.2149346213380823,1.5374213838978572,476.6666666666667,1.5365107503640578
527,527,5,recov,0.2149276592390506,1.5374537761283316,476.6666666666667,1.5365107503640578
528,528,3,recov,0.2149830161859856,1.5371962484584907,476.6666666666667,1.5365107503640578
529,529,4,recov,0.21497619153184264,1.5372279940474722,476.6666666666667,1.5365107503640578
530,530,5,recov,0.2149694355510484,1.5372594211878792,476.6666666666667,1.5365107503640578
531,531,3,recov,0.21502314197753084,1.5370096195421372,476.6666666666667,1.5365107503640578
532,532,4,recov,0.2150165194046492,1.5370404193658598,476.6666666666667,1.5365107503640578
533,533,5,recov,0.21500996345932724,1.5370709102569269,476.6666666666667,1.5365107503640578
534,534,3,recov,0.21506206876121448,1.5368286006053407,476.6666666666667,1.5365107503640578
535,535,4,recov,0.21505564230405472,1.5368584829235754,476.6666666666667,1.5365107503640578
536,536,5,recov,0.2150492804897827,1.5368880655390504,476.6666666666667,1.5365107503640578
537,537,3,recov,0.21509983257383744,1.5366530210730631,476.6666666666667,1.5365107503640578
538,538,4,recov,0.21509359644188,1.536682013296269,476.6666666666667,1.5365107503640578
539,539,5,recov,0.21508742302741948,1.5367107147692842,476.6666666666667,1.5365107503640578
540,540,3,recov,0.21513646835683434,1.536482715671096,476.6666666666667,1.5365107503640578
541,541,4,recov,0.2151304169295102,1.5365108443862328,476.6666666666667,1.5365107503640578
542,542,5,recov,0.2151244263517934,1.5365386910348446,476.6666666666667,1.5365107503640578
543,543,0,fam_r,0.006606791625982041,5.0196571248028485,476.6666666666667,1.5365107503640578
544,544,1,fam_r,0.006606611322521585,5.019684415798388,476.6666666666667,1.5365107503640578
545,545,2,fam_r,0.006606432831789534,5.019711433150329,476.6666666666667,1.5365107503640578
546,546,0,fam_r,0.01285226995916616,4.354234832723007,476.6666666666667,1.5365107503640578
547,547,1,fam_r,0.012851929657538258,4.354261311013169,476.6666666666667,1.5365107503640578
548,548,2,fam_r,0.012851592776677733,4.3542875238298295,476.6666666666667,1.5365107503640578
549,549,0,fam_r,0.018911283663310945,3.9679965158388146,476.6666666666667,1.5365107503640578
550,550,1,fam_r,0.01891079784154405,3.9680222056870513,476.6666666666667,1.5365107503640578
551,551,2,fam_r,0.01891031690258208,3.96804763798672,476.6666666666667,1.5365107503640578
552,552,0,fam_r,0.02478942776765876,3.697338016393925,476.6666666666667,1.5365107503640578
553,553,1,fam_r,0.024788809900315702,3.69736294133568,476.6666666666667,1.5365107503640578
554,554,2,fam_r,0.024788198241985096,3.6973876164160675,476.6666666666667,1.5365107503640578
555,555,0,fam_r,0.030492127778374515,3.490286734310826,476.6666666666667,1.5365107503640578
556,556,1,fam_r,0.030491390400288084,3.49031091717559,476.6666666666667,1.5365107503640578
557,557,2,fam_r,0.03049066043111191,3.4903348576356517,476.6666666666667,1.5365107503640578
