,time_step,stimulus,type,familiarity,novelty,dN,steady
0,0,0,fam,0.06666666666666667,2.70805020110221,0.0,1.2487656554303983
1,1,1,fam,0.06153846153846154,2.7880929087757464,0.0,1.2487656554303983
2,2,2,fam,0.05714285714285715,2.862200880929468,0.0,1.2487656554303983
3,3,0,fam,0.12000000000000001,2.120263536200091,0.0,1.2487656554303983
4,4,1,fam,0.1125,2.184802057337662,0.0,1.2487656554303983
5,5,2,fam,0.10588235294117647,2.245426679154097,0.0,1.2487656554303983
6,6,0,fam,0.15555555555555556,1.8607523407150064,0.0,1.2487656554303983
7,7,1,fam,0.14736842105263157,1.9148195619852824,0.0,1.2487656554303983
8,8,2,fam,0.13999999999999999,1.966112856372833,0.0,1.2487656554303983
9,9,0,fam,0.18095238095238095,1.709521370991083,0.0,1.2487656554303983
10,10,1,fam,0.17272727272727273,1.7560413866259759,0.0,1.2487656554303983
11,11,2,fam,0.16521739130434782,1.8004931491968097,0.0,1.2487656554303983
12,12,0,fam,0.19999999999999998,1.6094379124341005,0.0,1.2487656554303983
13,13,1,fam,0.192,1.6502599069543555,0.0,1.2487656554303983
14,14,2,fam,0.1846153846153846,1.6894806201076369,0.0,1.2487656554303983
15,15,0,fam,0.21481481481481482,1.5379789484519555,0.0,1.2487656554303983
16,16,1,fam,0.20714285714285713,1.5743465926228304,0.0,1.2487656554303983
17,17,2,fam,0.19999999999999998,1.6094379124341005,0.0,1.2487656554303983
18,18,0,fam,0.22666666666666666,1.4842747694800944,0.0,1.2487656554303983
19,19,1,fam,0.21935483870967742,1.5170645923030852,0.0,1.2487656554303983
20,20,2,fam,0.2125,1.5488132906176655,0.0,1.2487656554303983
21,21,0,fam,0.23636363636363636,1.4423838277709342,0.0,1.2487656554303983
22,22,1,fam,0.22941176470588234,1.4722367909206153,0.0,1.2487656554303983
23,23,2,fam,0.22285714285714286,1.5012243277938675,0.0,1.2487656554303983
24,24,0,fam,0.24444444444444446,1.4087672169719492,0.0,1.2487656554303983
25,25,1,fam,0.23783783783783785,1.4361661911600636,0.0,1.2487656554303983
26,26,2,fam,0.23157894736842108,1.462834438242225,0.0,1.2487656554303983
27,27,0,fam,0.2512820512820513,1.3811792604531201,0.0,1.2487656554303983
28,28,1,fam,0.24500000000000002,1.40649706843741,0.0,1.2487656554303983
29,29,2,fam,0.23902439024390246,1.4311896810277815,0.0,1.2487656554303983
30,30,0,fam,0.2571428571428572,1.3581234841531942,0.0,1.2487656554303983
31,31,1,fam,0.25116279069767444,1.3816539815633884,0.0,1.2487656554303983
32,32,2,fam,0.24545454545454548,1.404643499788087,0.0,1.2487656554303983
33,33,0,fam,0.26222222222222225,1.3385629582987006,0.0,1.2487656554303983
34,34,1,fam,0.2565217391304348,1.3605418650174759,0.0,1.2487656554303983
35,35,2,fam,0.25106382978723407,1.3820480702384395,0.0,1.2487656554303983
36,36,0,fam,0.26666666666666666,1.3217558399823195,0.0,1.2487656554303983
37,37,1,fam,0.2612244897959184,1.342375127185055,0.0,1.2487656554303983
38,38,2,fam,0.256,1.3625778345025745,0.0,1.2487656554303983
39,39,0,fam,0.2705882352941177,1.3071570405611665,0.0,1.2487656554303983
40,40,1,fam,0.2653846153846154,1.3265751264182684,0.0,1.2487656554303983
41,41,2,fam,0.26037735849056604,1.3456233213889628,0.0,1.2487656554303983
42,42,0,fam,0.2740740740740741,1.294356865794205,0.0,1.2487656554303983
43,43,1,fam,0.2690909090909091,1.3127060044624015,0.0,1.2487656554303983
44,44,2,fam,0.2642857142857143,1.3307245099650797,0.0,1.2487656554303983
45,45,0,fam,0.2771929824561404,1.2830413278016288,0.0,1.2487656554303983
46,46,1,fam,0.27241379310344827,1.3004330705134983,0.0,1.2487656554303983
47,47,2,fam,0.2677966101694915,1.3175275038727983,0.0,1.2487656554303983
48,48,0,fam,0.28,1.2729656758128873,0.0,1.2487656554303983
49,49,1,fam,0.2754098360655738,1.289494977764098,0.0,1.2487656554303983
50,50,2,fam,0.2709677419354839,1.3057554986358781,0.0,1.2487656554303983
51,51,0,fam,0.28253968253968254,1.2639362690934932,0.0,1.2487656554303983
52,52,1,fam,0.278125,1.2796846260616324,0.0,1.2487656554303983
53,53,2,fam,0.27384615384615385,1.2951888125975977,0.0,1.2487656554303983
54,54,0,fam,0.28484848484848485,1.255797872190522,0.0,1.2487656554303983
55,55,1,fam,0.28059701492537314,1.2708357495550624,0.0,1.2487656554303983
56,56,2,fam,0.27647058823529413,1.2856508353402032,0.0,1.2487656554303983
57,57,0,fam,0.28695652173913044,1.2484245668967697,0.0,1.2487656554303983
58,58,1,fam,0.28285714285714286,1.2628133043488694,0.0,1.2487656554303983
59,59,2,fam,0.27887323943661974,1.2769979393408257,0.0,1.2487656554303983
60,60,0,fam,0.2888888888888889,1.2417131323087829,0.0,1.2487656554303983
61,61,1,fam,0.28493150684931506,1.2555064544411187,0.0,1.2487656554303983
62,62,2,fam,0.2810810810810811,1.2691121064968973,0.0,1.2487656554303983
63,63,0,fam,0.2906666666666667,1.235578143741267,0.0,1.2487656554303983
64,64,1,fam,0.2868421052631579,1.2488233704912877,0.0,1.2487656554303983
65,65,2,fam,0.2831168831168831,1.2618954520586405,0.0,1.2487656554303983
66,66,0,fam_r,0.2923076923076923,1.2299482907291965,0.0,1.2487656554303983
67,67,1,fam_r,0.28860759493670884,1.2426873165066266,0.0,1.2487656554303983
68,68,2,fam_r,0.28500000000000003,1.2552660987134865,0.0,1.2487656554303983
69,69,0,fam_r,0.2938271604938272,1.2247635739950098,0.0,1.2487656554303983
70,70,1,fam_r,0.2902439024390244,1.237033666586824,0.0,1.2487656554303983
71,71,2,fam_r,0.28674698795180725,1.249155027119169,0.0,1.2487656554303983
72,72,0,fam_r,0.29523809523809524,1.219973145672377,0.0,1.2487656554303983
73,73,1,fam_r,0.2917647058823529,1.23180760331938,0.0,1.2487656554303983
74,74,2,fam_r,0.28837209302325584,1.2435036430825712,0.0,1.2487656554303983
75,75,0,fam_r,0.296551724137931,1.215533626727012,0.0,1.2487656554303983
76,76,1,fam_r,0.2931818181818182,1.2269623225506345,0.0,1.2487656554303983
77,77,2,fam_r,0.2898876404494382,1.238261877804568,0.0,1.2487656554303983
78,78,0,fam_r,0.2977777777777778,1.211407782813454,0.0,1.2487656554303983
79,79,1,fam_r,0.2945054945054945,1.222457619000039,0.0,1.2487656554303983
80,80,2,fam_r,0.29130434782608694,1.2333866895322294,0.0,1.2487656554303983
0,0,0,fam,0.06666666666666667,2.70805020110221,73.33333333333334,1.8275114748186745
1,1,1,fam,0.06153846153846154,2.7880929087757464,73.33333333333334,1.8275114748186745
2,2,2,fam,0.05714285714285715,2.862200880929468,73.33333333333334,1.8275114748186745
3,3,0,fam,0.12000000000000001,2.120263536200091,73.33333333333334,1.8275114748186745
4,4,1,fam,0.1125,2.184802057337662,73.33333333333334,1.8275114748186745
5,5,2,fam,0.10588235294117647,2.245426679154097,73.33333333333334,1.8275114748186745
6,6,0,fam,0.15555555555555556,1.8607523407150064,73.33333333333334,1.8275114748186745
7,7,1,fam,0.14736842105263157,1.9148195619852824,73.33333333333334,1.8275114748186745
8,8,2,fam,0.13999999999999999,1.966112856372833,73.33333333333334,1.8275114748186745
9,9,0,fam,0.18095238095238095,1.709521370991083,73.33333333333334,1.8275114748186745
10,10,1,fam,0.17272727272727273,1.7560413866259759,73.33333333333334,1.8275114748186745
11,11,2,fam,0.16521739130434782,1.8004931491968097,73.33333333333334,1.8275114748186745
12,12,0,fam,0.19999999999999998,1.6094379124341005,73.33333333333334,1.8275114748186745
13,13,1,fam,0.192,1.6502599069543555,73.33333333333334,1.8275114748186745
14,14,2,fam,0.1846153846153846,1.6894806201076369,73.33333333333334,1.8275114748186745
15,15,0,fam,0.21481481481481482,1.5379789484519555,73.33333333333334,1.8275114748186745
16,16,1,fam,0.20714285714285713,1.5743465926228304,73.33333333333334,1.8275114748186745
17,17,2,fam,0.19999999999999998,1.6094379124341005,73.33333333333334,1.8275114748186745
18,18,0,fam,0.22666666666666666,1.4842747694800944,73.33333333333334,1.8275114748186745
19,19,1,fam,0.21935483870967742,1.5170645923030852,73.33333333333334,1.8275114748186745
20,20,2,fam,0.2125,1.5488132906176655,73.33333333333334,1.8275114748186745
21,21,0,fam,0.23636363636363636,1.4423838277709342,73.33333333333334,1.8275114748186745
22,22,1,fam,0.22941176470588234,1.4722367909206153,73.33333333333334,1.8275114748186745
23,23,2,fam,0.22285714285714286,1.5012243277938675,73.33333333333334,1.8275114748186745
24,24,0,fam,0.24444444444444446,1.4087672169719492,73.33333333333334,1.8275114748186745
25,25,1,fam,0.23783783783783785,1.4361661911600636,73.33333333333334,1.8275114748186745
26,26,2,fam,0.23157894736842108,1.462834438242225,73.33333333333334,1.8275114748186745
27,27,0,fam,0.2512820512820513,1.3811792604531201,73.33333333333334,1.8275114748186745
28,28,1,fam,0.24500000000000002,1.40649706843741,73.33333333333334,1.8275114748186745
29,29,2,fam,0.23902439024390246,1.4311896810277815,73.33333333333334,1.8275114748186745
30,30,0,fam,0.2571428571428572,1.3581234841531942,73.33333333333334,1.8275114748186745
31,31,1,fam,0.25116279069767444,1.3816539815633884,73.33333333333334,1.8275114748186745
32,32,2,fam,0.24545454545454548,1.404643499788087,73.33333333333334,1.8275114748186745
33,33,0,fam,0.26222222222222225,1.3385629582987006,73.33333333333334,1.8275114748186745
34,34,1,fam,0.2565217391304348,1.3605418650174759,73.33333333333334,1.8275114748186745
35,35,2,fam,0.25106382978723407,1.3820480702384395,73.33333333333334,1.8275114748186745
36,36,0,fam,0.26666666666666666,1.3217558399823195,73.33333333333334,1.8275114748186745
37,37,1,fam,0.2612244897959184,1.342375127185055,73.33333333333334,1.8275114748186745
38,38,2,fam,0.256,1.3625778345025745,73.33333333333334,1.8275114748186745
39,39,0,fam,0.2705882352941177,1.3071570405611665,73.33333333333334,1.8275114748186745
40,40,1,fam,0.2653846153846154,1.3265751264182684,73.33333333333334,1.8275114748186745
41,41,2,fam,0.26037735849056604,1.3456233213889628,73.33333333333334,1.8275114748186745
42,42,0,fam,0.2740740740740741,1.294356865794205,73.33333333333334,1.8275114748186745
43,43,1,fam,0.2690909090909091,1.3127060044624015,73.33333333333334,1.8275114748186745
44,44,2,fam,0.2642857142857143,1.3307245099650797,73.33333333333334,1.8275114748186745
45,45,0,fam,0.2771929824561404,1.2830413278016288,73.33333333333334,1.8275114748186745
46,46,1,fam,0.27241379310344827,1.3004330705134983,73.33333333333334,1.8275114748186745
47,47,2,fam,0.2677966101694915,1.3175275038727983,73.33333333333334,1.8275114748186745
48,48,0,fam,0.28,1.2729656758128873,73.33333333333334,1.8275114748186745
49,49,1,fam,0.2754098360655738,1.289494977764098,73.33333333333334,1.8275114748186745
50,50,2,fam,0.2709677419354839,1.3057554986358781,73.33333333333334,1.8275114748186745
51,51,0,fam,0.28253968253968254,1.2639362690934932,73.33333333333334,1.8275114748186745
52,52,1,fam,0.278125,1.2796846260616324,73.33333333333334,1.8275114748186745
53,53,2,fam,0.27384615384615385,1.2951888125975977,73.33333333333334,1.8275114748186745
54,54,0,fam,0.28484848484848485,1.255797872190522,73.33333333333334,1.8275114748186745
55,55,1,fam,0.28059701492537314,1.2708357495550624,73.33333333333334,1.8275114748186745
56,56,2,fam,0.27647058823529413,1.2856508353402032,73.33333333333334,1.8275114748186745
57,57,0,fam,0.28695652173913044,1.2484245668967697,73.33333333333334,1.8275114748186745
58,58,1,fam,0.28285714285714286,1.2628133043488694,73.33333333333334,1.8275114748186745
59,59,2,fam,0.27887323943661974,1.2769979393408257,73.33333333333334,1.8275114748186745
60,60,0,fam,0.2888888888888889,1.2417131323087829,73.33333333333334,1.8275114748186745
61,61,1,fam,0.28493150684931506,1.2555064544411187,73.33333333333334,1.8275114748186745
62,62,2,fam,0.2810810810810811,1.2691121064968973,73.33333333333334,1.8275114748186745
63,63,0,fam,0.2906666666666667,1.235578143741267,73.33333333333334,1.8275114748186745
64,64,1,fam,0.2868421052631579,1.2488233704912877,73.33333333333334,1.8275114748186745
65,65,2,fam,0.2831168831168831,1.2618954520586405,73.33333333333334,1.8275114748186745
66,66,3,recov,0.010256410256410256,4.579852378003801,73.33333333333334,1.8275114748186745
67,67,4,recov,0.010126582278481013,4.592591403781231,73.33333333333334,1.8275114748186745
68,68,5,recov,0.01,4.605170185988091,73.33333333333334,1.8275114748186745
69,69,3,recov,0.022222222222222223,3.8066624897703196,73.33333333333334,1.8275114748186745
70,70,4,recov,0.021951219512195124,3.818932582362134,73.33333333333334,1.8275114748186745
71,71,5,recov,0.021686746987951807,3.8310539428944788,73.33333333333334,1.8275114748186745
72,72,3,recov,0.03333333333333333,3.4011973816621555,73.33333333333334,1.8275114748186745
73,73,4,recov,0.03294117647058823,3.4130318393091583,73.33333333333334,1.8275114748186745
74,74,5,recov,0.03255813953488372,3.4247278790723494,73.33333333333334,1.8275114748186745
75,75,3,recov,0.04367816091954023,3.1309070519222435,73.33333333333334,1.8275114748186745
76,76,4,recov,0.04318181818181818,3.142335747745866,73.33333333333334,1.8275114748186745
77,77,5,recov,0.04269662921348314,3.1536353029998,73.33333333333334,1.8275114748186745
78,78,3,recov,0.05333333333333333,2.9311937524164198,73.33333333333334,1.8275114748186745
79,79,4,recov,0.05274725274725275,2.942243588603005,73.33333333333334,1.8275114748186745
80,80,5,recov,0.05217391304347826,2.953172659135195,73.33333333333334,1.8275114748186745
81,81,3,recov,0.06236559139784946,2.774741575600882,73.33333333333334,1.8275114748186745
82,82,4,recov,0.06170212765957447,2.78543686471763,73.33333333333334,1.8275114748186745
83,83,5,recov,0.061052631578947365,2.796018974048167,73.33333333333334,1.8275114748186745
84,84,3,recov,0.07083333333333333,2.647425579285775,73.33333333333334,1.8275114748186745
85,85,4,recov,0.07010309278350516,2.6577883663213218,73.33333333333334,1.8275114748186745
86,86,5,recov,0.06938775510204082,2.668044866488511,73.33333333333334,1.8275114748186745
87,87,3,recov,0.07878787878787878,2.540996116439044,73.33333333333334,1.8275114748186745
88,88,4,recov,0.078,2.551046452292545,73.33333333333334,1.8275114748186745
89,89,5,recov,0.07722772277227723,2.5609967831457134,73.33333333333334,1.8275114748186745
90,90,3,recov,0.08627450980392158,2.45022109180011,73.33333333333334,1.8275114748186745
91,91,4,recov,0.08543689320388351,2.459977266745475,73.33333333333334,1.8275114748186745
92,92,5,recov,0.08461538461538462,2.469639177657212,73.33333333333334,1.8275114748186745
93,93,3,recov,0.09333333333333334,2.371577964480997,73.33333333333334,1.8275114748186745
94,94,4,recov,0.09245283018867925,2.381056708435541,73.33333333333334,1.8275114748186745
95,95,5,recov,0.09158878504672897,2.39044644878538,73.33333333333334,1.8275114748186745
96,96,3,recov,0.1,2.3025850929940455,73.33333333333334,1.8275114748186745
97,97,4,recov,0.09908256880733946,2.3118017480989694,73.33333333333334,1.8275114748186745
98,98,5,recov,0.09818181818181819,2.320934231662242,73.33333333333334,1.8275114748186745
99,99,3,recov,0.10630630630630632,2.241430669840715,73.33333333333334,1.8275114748186745
100,100,4,recov,0.10535714285714286,2.2503993398234754,73.33333333333334,1.8275114748186745
101,101,5,recov,0.10442477876106196,2.259288287240721,73.33333333333334,1.8275114748186745
102,102,3,recov,0.11228070175438597,2.186753277468924,73.33333333333334,1.8275114748186745
103,103,4,recov,0.11130434782608696,2.1954869574376787,73.33333333333334,1.8275114748186745
104,104,5,recov,0.11034482758620691,2.204145020180793,73.33333333333334,1.8275114748186745
105,105,3,recov,0.11794871794871796,2.137505342634597,73.33333333333334,1.8275114748186745
106,106,4,recov,0.11694915254237288,2.146016032302506,73.33333333333334,1.8275114748186745
107,107,5,recov,0.11596638655462185,2.1544549009483704,73.33333333333334,1.8275114748186745
108,108,3,recov,0.12333333333333334,2.0928645620119766,73.33333333333334,1.8275114748186745
109,109,4,recov,0.12231404958677687,2.1011633648266717,73.33333333333334,1.8275114748186745
110,110,5,recov,0.12131147540983607,2.109393863963187,73.33333333333334,1.8275114748186745
111,111,3,recov,0.12845528455284552,2.0521744153394965,73.33333333333334,1.8275114748186745
112,112,4,recov,0.12741935483870967,2.0602716255721156,73.33333333333334,1.8275114748186745
113,113,5,recov,0.1264,2.06830379726938,73.33333333333334,1.8275114748186745
114,114,3,recov,0.13333333333333333,2.0149030205422647,73.33333333333334,1.8275114748186745
115,115,4,recov,0.13228346456692913,2.022808200049378,73.33333333333334,1.8275114748186745
116,116,5,recov,0.13125,2.030651377510404,73.33333333333334,1.8275114748186745
117,117,3,recov,0.13798449612403102,1.9806139470636326,73.33333333333334,1.8275114748186745
118,118,4,recov,0.13692307692307693,1.9883359931575428,73.33333333333334,1.8275114748186745
119,119,5,recov,0.13587786259541984,1.995998865903112,73.33333333333334,1.8275114748186745
120,120,3,recov,0.14242424242424243,1.9489450527504673,73.33333333333334,1.8275114748186745
121,121,4,recov,0.14135338345864662,1.9564922583858502,73.33333333333334,1.8275114748186745
122,122,5,recov,0.14029850746268657,1.9639829301150078,73.33333333333334,1.8275114748186745
123,123,3,recov,0.14666666666666667,1.91959284073794,73.33333333333334,1.8275114748186745
124,124,4,recov,0.14558823529411766,1.9269729480355624,73.33333333333334,1.8275114748186745
125,125,5,recov,0.14452554744525548,1.9342989881276353,73.33333333333334,1.8275114748186745
126,126,3,recov,0.15072463768115943,1.8923006984499324,73.33333333333334,1.8275114748186745
127,127,4,recov,0.1496402877697842,1.8995209464234193,73.33333333333334,1.8275114748186745
128,128,5,recov,0.14857142857142858,1.9066894359020319,73.33333333333334,1.8275114748186745
129,129,3,recov,0.15460992907801419,1.866849920583125,73.33333333333334,1.8275114748186745
130,130,4,recov,0.1535211267605634,1.8739170878062172,73.33333333333334,1.8275114748186745
131,131,5,recov,0.15244755244755245,1.880934660464864,73.33333333333334,1.8275114748186745
132,132,3,recov,0.15833333333333333,1.8430527636156055,73.33333333333334,1.8275114748186745
133,133,4,recov,0.15724137931034482,1.8499732064601793,73.33333333333334,1.8275114748186745
134,134,5,recov,0.15616438356164383,1.8568460857479414,73.33333333333334,1.8275114748186745
135,135,3,recov,0.1619047619047619,1.8207470061013074,73.33333333333334,1.8275114748186745
136,136,4,recov,0.1608108108108108,1.827526693086686,73.33333333333334,1.8275114748186745
137,137,5,recov,0.1597315436241611,1.83426072526803,73.33333333333334,1.8275114748186745
138,138,0,fam_r,0.152,1.8838747581358606,73.33333333333334,1.8275114748186745
139,139,1,fam_r,0.1509933774834437,1.8905193008545291,73.33333333333334,1.8275114748186745
140,140,2,fam_r,0.15,1.8971199848858813,73.33333333333334,1.8275114748186745
141,141,0,fam_r,0.15555555555555556,1.8607523407150064,73.33333333333334,1.8275114748186745
142,142,1,fam_r,0.15454545454545454,1.8672670217362002,73.33333333333334,1.8275114748186745
143,143,2,fam_r,0.1535483870967742,1.8737395362418174,73.33333333333334,1.8275114748186745
144,144,0,fam_r,0.158974358974359,1.8390123540786005,73.33333333333334,1.8275114748186745
145,145,1,fam_r,0.15796178343949044,1.8454021521773716,73.33333333333334,1.8275114748186745
146,146,2,fam_r,0.1569620253164557,1.8517513798560303,73.33333333333334,1.8275114748186745
147,147,0,fam_r,0.16226415094339622,1.8185297102926599,73.33333333333334,1.8275114748186745
148,148,1,fam_r,0.16125,1.8247993233062552,73.33333333333334,1.8275114748186745
149,149,2,fam_r,0.16024844720496895,1.8310298730568912,73.33333333333334,1.8275114748186745
150,150,0,fam_r,0.1654320987654321,1.799194447715573,73.33333333333334,1.8275114748186745
151,151,1,fam_r,0.16441717791411042,1.8053483132899513,73.33333333333334,1.8275114748186745
152,152,2,fam_r,0.16341463414634147,1.8114645403073875,73.33333333333334,1.8275114748186745
0,0,0,fam,0.06666666666666667,2.70805020110221,146.66666666666669,1.5194347555367116
1,1,1,fam,0.06153846153846154,2.7880929087757464,146.66666666666669,1.5194347555367116
2,2,2,fam,0.05714285714285715,2.862200880929468,146.66666666666669,1.5194347555367116
3,3,0,fam,0.12000000000000001,2.120263536200091,146.66666666666669,1.5194347555367116
4,4,1,fam,0.1125,2.184802057337662,146.66666666666669,1.5194347555367116
5,5,2,fam,0.10588235294117647,2.245426679154097,146.66666666666669,1.5194347555367116
6,6,0,fam,0.15555555555555556,1.8607523407150064,146.66666666666669,1.5194347555367116
7,7,1,fam,0.14736842105263157,1.9148195619852824,146.66666666666669,1.5194347555367116
8,8,2,fam,0.13999999999999999,1.966112856372833,146.66666666666669,1.5194347555367116
9,9,0,fam,0.18095238095238095,1.709521370991083,146.66666666666669,1.5194347555367116
10,10,1,fam,0.17272727272727273,1.7560413866259759,146.66666666666669,1.5194347555367116
11,11,2,fam,0.16521739130434782,1.8004931491968097,146.66666666666669,1.5194347555367116
12,12,0,fam,0.19999999999999998,1.6094379124341005,146.66666666666669,1.5194347555367116
13,13,1,fam,0.192,1.6502599069543555,146.66666666666669,1.5194347555367116
14,14,2,fam,0.1846153846153846,1.6894806201076369,146.66666666666669,1.5194347555367116
15,15,0,fam,0.21481481481481482,1.5379789484519555,146.66666666666669,1.5194347555367116
16,16,1,fam,0.20714285714285713,1.5743465926228304,146.66666666666669,1.5194347555367116
17,17,2,fam,0.19999999999999998,1.6094379124341005,146.66666666666669,1.5194347555367116
18,18,0,fam,0.22666666666666666,1.4842747694800944,146.66666666666669,1.5194347555367116
19,19,1,fam,0.21935483870967742,1.5170645923030852,146.66666666666669,1.5194347555367116
20,20,2,fam,0.2125,1.5488132906176655,146.66666666666669,1.5194347555367116
21,21,0,fam,0.23636363636363636,1.4423838277709342,146.66666666666669,1.5194347555367116
22,22,1,fam,0.22941176470588234,1.4722367909206153,146.66666666666669,1.5194347555367116
23,23,2,fam,0.22285714285714286,1.5012243277938675,146.66666666666669,1.5194347555367116
24,24,0,fam,0.24444444444444446,1.4087672169719492,146.66666666666669,1.5194347555367116
25,25,1,fam,0.23783783783783785,1.4361661911600636,146.66666666666669,1.5194347555367116
26,26,2,fam,0.23157894736842108,1.462834438242225,146.66666666666669,1.5194347555367116
27,27,0,fam,0.2512820512820513,1.3811792604531201,146.66666666666669,1.5194347555367116
28,28,1,fam,0.24500000000000002,1.40649706843741,146.66666666666669,1.5194347555367116
29,29,2,fam,0.23902439024390246,1.4311896810277815,146.66666666666669,1.5194347555367116
30,30,0,fam,0.2571428571428572,1.3581234841531942,146.66666666666669,1.5194347555367116
31,31,1,fam,0.25116279069767444,1.3816539815633884,146.66666666666669,1.5194347555367116
32,32,2,fam,0.24545454545454548,1.404643499788087,146.66666666666669,1.5194347555367116
33,33,0,fam,0.26222222222222225,1.3385629582987006,146.66666666666669,1.5194347555367116
34,34,1,fam,0.2565217391304348,1.3605418650174759,146.66666666666669,1.5194347555367116
35,35,2,fam,0.25106382978723407,1.3820480702384395,146.66666666666669,1.5194347555367116
36,36,0,fam,0.26666666666666666,1.3217558399823195,146.66666666666669,1.5194347555367116
37,37,1,fam,0.2612244897959184,1.342375127185055,146.66666666666669,1.5194347555367116
38,38,2,fam,0.256,1.3625778345025745,146.66666666666669,1.5194347555367116
39,39,0,fam,0.2705882352941177,1.3071570405611665,146.66666666666669,1.5194347555367116
40,40,1,fam,0.2653846153846154,1.3265751264182684,146.66666666666669,1.5194347555367116
41,41,2,fam,0.26037735849056604,1.3456233213889628,146.66666666666669,1.5194347555367116
42,42,0,fam,0.2740740740740741,1.294356865794205,146.66666666666669,1.5194347555367116
43,43,1,fam,0.2690909090909091,1.3127060044624015,146.66666666666669,1.5194347555367116
44,44,2,fam,0.2642857142857143,1.3307245099650797,146.66666666666669,1.5194347555367116
45,45,0,fam,0.2771929824561404,1.2830413278016288,146.66666666666669,1.5194347555367116
46,46,1,fam,0.27241379310344827,1.3004330705134983,146.66666666666669,1.5194347555367116
47,47,2,fam,0.2677966101694915,1.3175275038727983,146.66666666666669,1.5194347555367116
48,48,0,fam,0.28,1.2729656758128873,146.66666666666669,1.5194347555367116
49,49,1,fam,0.2754098360655738,1.289494977764098,146.66666666666669,1.5194347555367116
50,50,2,fam,0.2709677419354839,1.3057554986358781,146.66666666666669,1.5194347555367116
51,51,0,fam,0.28253968253968254,1.2639362690934932,146.66666666666669,1.5194347555367116
52,52,1,fam,0.278125,1.2796846260616324,146.66666666666669,1.5194347555367116
53,53,2,fam,0.27384615384615385,1.2951888125975977,146.66666666666669,1.5194347555367116
54,54,0,fam,0.28484848484848485,1.255797872190522,146.66666666666669,1.5194347555367116
55,55,1,fam,0.28059701492537314,1.2708357495550624,146.66666666666669,1.5194347555367116
56,56,2,fam,0.27647058823529413,1.2856508353402032,146.66666666666669,1.5194347555367116
57,57,0,fam,0.28695652173913044,1.2484245668967697,146.66666666666669,1.5194347555367116
58,58,1,fam,0.28285714285714286,1.2628133043488694,146.66666666666669,1.5194347555367116
59,59,2,fam,0.27887323943661974,1.2769979393408257,146.66666666666669,1.5194347555367116
60,60,0,fam,0.2888888888888889,1.2417131323087829,146.66666666666669,1.5194347555367116
61,61,1,fam,0.28493150684931506,1.2555064544411187,146.66666666666669,1.5194347555367116
62,62,2,fam,0.2810810810810811,1.2691121064968973,146.66666666666669,1.5194347555367116
63,63,0,fam,0.2906666666666667,1.235578143741267,146.66666666666669,1.5194347555367116
64,64,1,fam,0.2868421052631579,1.2488233704912877,146.66666666666669,1.5194347555367116
65,65,2,fam,0.2831168831168831,1.2618954520586405,146.66666666666669,1.5194347555367116
66,66,3,recov,0.010256410256410256,4.579852378003801,146.66666666666669,1.5194347555367116
67,67,4,recov,0.010126582278481013,4.592591403781231,146.66666666666669,1.5194347555367116
68,68,5,recov,0.01,4.605170185988091,146.66666666666669,1.5194347555367116
69,69,3,recov,0.022222222222222223,3.8066624897703196,146.66666666666669,1.5194347555367116
70,70,4,recov,0.021951219512195124,3.818932582362134,146.66666666666669,1.5194347555367116
71,71,5,recov,0.021686746987951807,3.8310539428944788,146.66666666666669,1.5194347555367116
72,72,3,recov,0.03333333333333333,3.4011973816621555,146.66666666666669,1.5194347555367116
73,73,4,recov,0.03294117647058823,3.4130318393091583,146.66666666666669,1.5194347555367116
74,74,5,recov,0.03255813953488372,3.4247278790723494,146.66666666666669,1.5194347555367116
75,75,3,recov,0.04367816091954023,3.1309070519222435,146.66666666666669,1.5194347555367116
76,76,4,recov,0.04318181818181818,3.142335747745866,146.66666666666669,1.5194347555367116
77,77,5,recov,0.04269662921348314,3.1536353029998,146.66666666666669,1.5194347555367116
78,78,3,recov,0.05333333333333333,2.9311937524164198,146.66666666666669,1.5194347555367116
79,79,4,recov,0.05274725274725275,2.942243588603005,146.66666666666669,1.5194347555367116
80,80,5,recov,0.05217391304347826,2.953172659135195,146.66666666666669,1.5194347555367116
81,81,3,recov,0.06236559139784946,2.774741575600882,146.66666666666669,1.5194347555367116
82,82,4,recov,0.06170212765957447,2.78543686471763,146.66666666666669,1.5194347555367116
83,83,5,recov,0.061052631578947365,2.796018974048167,146.66666666666669,1.5194347555367116
84,84,3,recov,0.07083333333333333,2.647425579285775,146.66666666666669,1.5194347555367116
85,85,4,recov,0.07010309278350516,2.6577883663213218,146.66666666666669,1.5194347555367116
86,86,5,recov,0.06938775510204082,2.668044866488511,146.66666666666669,1.5194347555367116
87,87,3,recov,0.07878787878787878,2.540996116439044,146.66666666666669,1.5194347555367116
88,88,4,recov,0.078,2.551046452292545,146.66666666666669,1.5194347555367116
89,89,5,recov,0.07722772277227723,2.5609967831457134,146.66666666666669,1.5194347555367116
90,90,3,recov,0.08627450980392158,2.45022109180011,146.66666666666669,1.5194347555367116
91,91,4,recov,0.08543689320388351,2.459977266745475,146.66666666666669,1.5194347555367116
92,92,5,recov,0.08461538461538462,2.469639177657212,146.66666666666669,1.5194347555367116
93,93,3,recov,0.09333333333333334,2.371577964480997,146.66666666666669,1.5194347555367116
94,94,4,recov,0.09245283018867925,2.381056708435541,146.66666666666669,1.5194347555367116
95,95,5,recov,0.09158878504672897,2.39044644878538,146.66666666666669,1.5194347555367116
96,96,3,recov,0.1,2.3025850929940455,146.66666666666669,1.5194347555367116
97,97,4,recov,0.09908256880733946,2.3118017480989694,146.66666666666669,1.5194347555367116
98,98,5,recov,0.09818181818181819,2.320934231662242,146.66666666666669,1.5194347555367116
99,99,3,recov,0.10630630630630632,2.241430669840715,146.66666666666669,1.5194347555367116
100,100,4,recov,0.10535714285714286,2.2503993398234754,146.66666666666669,1.5194347555367116
101,101,5,recov,0.10442477876106196,2.259288287240721,146.66666666666669,1.5194347555367116
102,102,3,recov,0.11228070175438597,2.186753277468924,146.66666666666669,1.5194347555367116
103,103,4,recov,0.11130434782608696,2.1954869574376787,146.66666666666669,1.5194347555367116
104,104,5,recov,0.11034482758620691,2.204145020180793,146.66666666666669,1.5194347555367116
105,105,3,recov,0.11794871794871796,2.137505342634597,146.66666666666669,1.5194347555367116
106,106,4,recov,0.11694915254237288,2.146016032302506,146.66666666666669,1.5194347555367116
107,107,5,recov,0.11596638655462185,2.1544549009483704,146.66666666666669,1.5194347555367116
108,108,3,recov,0.12333333333333334,2.0928645620119766,146.66666666666669,1.5194347555367116
109,109,4,recov,0.12231404958677687,2.1011633648266717,146.66666666666669,1.5194347555367116
110,110,5,recov,0.12131147540983607,2.109393863963187,146.66666666666669,1.5194347555367116
111,111,3,recov,0.12845528455284552,2.0521744153394965,146.66666666666669,1.5194347555367116
112,112,4,recov,0.12741935483870967,2.0602716255721156,146.66666666666669,1.5194347555367116
113,113,5,recov,0.1264,2.06830379726938,146.66666666666669,1.5194347555367116
114,114,3,recov,0.13333333333333333,2.0149030205422647,146.66666666666669,1.5194347555367116
115,115,4,recov,0.13228346456692913,2.022808200049378,146.66666666666669,1.5194347555367116
116,116,5,recov,0.13125,2.030651377510404,146.66666666666669,1.5194347555367116
117,117,3,recov,0.13798449612403102,1.9806139470636326,146.66666666666669,1.5194347555367116
118,118,4,recov,0.13692307692307693,1.9883359931575428,146.66666666666669,1.5194347555367116
119,119,5,recov,0.13587786259541984,1.995998865903112,146.66666666666669,1.5194347555367116
120,120,3,recov,0.14242424242424243,1.9489450527504673,146.66666666666669,1.5194347555367116
121,121,4,recov,0.14135338345864662,1.9564922583858502,146.66666666666669,1.5194347555367116
122,122,5,recov,0.14029850746268657,1.9639829301150078,146.66666666666669,1.5194347555367116
123,123,3,recov,0.14666666666666667,1.91959284073794,146.66666666666669,1.5194347555367116
124,124,4,recov,0.14558823529411766,1.9269729480355624,146.66666666666669,1.5194347555367116
125,125,5,recov,0.14452554744525548,1.9342989881276353,146.66666666666669,1.5194347555367116
126,126,3,recov,0.15072463768115943,1.8923006984499324,146.66666666666669,1.5194347555367116
127,127,4,recov,0.1496402877697842,1.8995209464234193,146.66666666666669,1.5194347555367116
128,128,5,recov,0.14857142857142858,1.9066894359020319,146.66666666666669,1.5194347555367116
129,129,3,recov,0.15460992907801419,1.866849920583125,146.66666666666669,1.5194347555367116
130,130,4,recov,0.1535211267605634,1.8739170878062172,146.66666666666669,1.5194347555367116
131,131,5,recov,0.15244755244755245,1.880934660464864,146.66666666666669,1.5194347555367116
132,132,3,recov,0.15833333333333333,1.8430527636156055,146.66666666666669,1.5194347555367116
133,133,4,recov,0.15724137931034482,1.8499732064601793,146.66666666666669,1.5194347555367116
134,134,5,recov,0.15616438356164383,1.8568460857479414,146.66666666666669,1.5194347555367116
135,135,3,recov,0.1619047619047619,1.8207470061013074,146.66666666666669,1.5194347555367116
136,136,4,recov,0.1608108108108108,1.827526693086686,146.66666666666669,1.5194347555367116
137,137,5,recov,0.1597315436241611,1.83426072526803,146.66666666666669,1.5194347555367116
138,138,3,recov,0.16533333333333333,1.7997916409253192,146.66666666666669,1.5194347555367116
139,139,4,recov,0.1642384105960265,1.8064361836439877,146.66666666666669,1.5194347555367116
140,140,5,recov,0.1631578947368421,1.81303686767534,146.66666666666669,1.5194347555367116
141,141,3,recov,0.16862745098039217,1.7800634294648636,146.66666666666669,1.5194347555367116
142,142,4,recov,0.16753246753246753,1.7865781104860574,146.66666666666669,1.5194347555367116
143,143,5,recov,0.1664516129032258,1.793050624991675,146.66666666666669,1.5194347555367116
144,144,3,recov,0.1717948717948718,1.761454119732726,146.66666666666669,1.5194347555367116
145,145,4,recov,0.17070063694267518,1.7678439178314969,146.66666666666669,1.5194347555367116
146,146,5,recov,0.16962025316455698,1.7741931455101556,146.66666666666669,1.5194347555367116
147,147,3,recov,0.1748427672955975,1.74386818152364,146.66666666666669,1.5194347555367116
148,148,4,recov,0.17375000000000002,1.7501377945372354,146.66666666666669,1.5194347555367116
149,149,5,recov,0.17267080745341615,1.7563683442878717,146.66666666666669,1.5194347555367116
150,150,3,recov,0.17777777777777778,1.7272209480904839,146.66666666666669,1.5194347555367116
151,151,4,recov,0.17668711656441718,1.7333748136648621,146.66666666666669,1.5194347555367116
152,152,5,recov,0.175609756097561,1.739491040682298,146.66666666666669,1.5194347555367116
153,153,3,recov,0.1806060606060606,1.7114370803892218,146.66666666666669,1.5194347555367116
154,154,4,recov,0.17951807228915664,1.7174793948451843,146.66666666666669,1.5194347555367116
155,155,5,recov,0.1784431137724551,1.7234854189053963,146.66666666666669,1.5194347555367116
156,156,3,recov,0.18333333333333335,1.69644928942373,146.66666666666669,1.5194347555367116
157,157,4,recov,0.18224852071005918,1.7023840249435447,146.66666666666669,1.5194347555367116
158,158,5,recov,0.1811764705882353,1.708283747070733,146.66666666666669,1.5194347555367116
159,159,3,recov,0.18596491228070175,1.6821972667165288,146.66666666666669,1.5194347555367116
160,160,4,recov,0.18488372093023256,1.688028187027322,146.66666666666669,1.5194347555367116
161,161,5,recov,0.1838150289017341,1.6938253047116478,146.66666666666669,1.5194347555367116
162,162,3,recov,0.18850574712643678,1.668626783824431,146.66666666666669,1.5194347555367116
163,163,4,recov,0.18742857142857142,1.674357458533416,146.66666666666669,1.5194347555367116
164,164,5,recov,0.18636363636363634,1.6800554796480538,146.66666666666669,1.5194347555367116
165,165,3,recov,0.1909604519774011,1.655688930084856,146.66666666666669,1.5194347555367116
166,166,4,recov,0.18988764044943818,1.6613227478031123,146.66666666666669,1.5194347555367116
167,167,5,recov,0.1888268156424581,1.666925003351782,146.66666666666669,1.5194347555367116
168,168,3,recov,0.19333333333333333,1.6433394641097818,146.66666666666669,1.5194347555367116
169,169,4,recov,0.19226519337016573,1.6488796444853973,146.66666666666669,1.5194347555367116
170,170,5,recov,0.1912087912087912,1.6543893002963668,146.66666666666669,1.5194347555367116
171,171,3,recov,0.19562841530054642,1.6315382594347665,146.66666666666669,1.5194347555367116
172,172,4,recov,0.19456521739130433,1.636987864202331,146.66666666666669,1.5194347555367116
173,173,5,recov,0.1935135135135135,1.6424079316716702,146.66666666666669,1.5194347555367116
174,174,3,recov,0.1978494623655914,1.620248828538316,146.66666666666669,1.5194347555367116
175,175,4,recov,0.19679144385026737,1.6256107716797015,146.66666666666669,1.5194347555367116
176,176,5,recov,0.1957446808510638,1.630944117655064,146.66666666666669,1.5194347555367116
177,177,3,recov,0.19999999999999998,1.6094379124341005,146.66666666666669,1.5194347555367116
178,178,4,recov,0.19894736842105262,1.614714969534944,146.66666666666669,1.5194347555367116
179,179,5,recov,0.19790575916230366,1.6199643254210878,146.66666666666669,1.5194347555367116
180,180,3,recov,0.2020833333333333,1.599075125398554,146.66666666666669,1.5194347555367116
181,181,4,recov,0.2010362694300518,1.604269942275658,146.66666666666669,1.5194347555367116
182,182,5,recov,0.19999999999999998,1.6094379124341005,146.66666666666669,1.5194347555367116
183,183,3,recov,0.20410256410256408,1.5891326462733548,146.66666666666669,1.5194347555367116
184,184,4,recov,0.2030612244897959,1.5942477469401253,146.66666666666669,1.5194347555367116
185,185,5,recov,0.20203045685279186,1.5993368164475965,146.66666666666669,1.5194347555367116
186,186,3,recov,0.20606060606060606,1.5795849492844192,146.66666666666669,1.5194347555367116
187,187,4,recov,0.20502512562814068,1.5846227433143765,146.66666666666669,1.5194347555367116
188,188,5,recov,0.204,1.5896352851379207,146.66666666666669,1.5194347555367116
189,189,3,recov,0.20796019900497512,1.570408568528365,146.66666666666669,1.5194347555367116
190,190,4,recov,0.20693069306930692,1.5753713578704942,146.66666666666669,1.5194347555367116
191,191,5,recov,0.20591133004926107,1.5803096395110767,146.66666666666669,1.5194347555367116
192,192,3,recov,0.20980392156862743,1.5615818912564654,146.66666666666669,1.5194347555367116
193,193,4,recov,0.20878048780487804,1.5664718765506571,146.66666666666669,1.5194347555367116
194,194,5,recov,0.2077669902912621,1.5713380662018301,146.66666666666669,1.5194347555367116
195,195,3,recov,0.21159420289855072,1.5530849758829686,146.66666666666669,1.5194347555367116
196,196,4,recov,0.21057692307692305,1.5579042623189177,146.66666666666669,1.5194347555367116
197,197,5,recov,0.2095693779904306,1.5627004345824107,146.66666666666669,1.5194347555367116
198,198,3,recov,0.21333333333333332,1.5448993912965292,146.66666666666669,1.5194347555367116
199,199,4,recov,0.2123222748815166,1.549649994055127,146.66666666666669,1.5194347555367116
200,200,5,recov,0.2113207547169811,1.554378135251073,146.66666666666669,1.5194347555367116
201,201,3,recov,0.21502347417840376,1.5370080745892858,146.66666666666669,1.5194347555367116
202,202,4,recov,0.21401869158878503,1.5416919239017122,146.66666666666669,1.5194347555367116
203,203,5,recov,0.21302325581395348,1.5463539370075237,146.66666666666669,1.5194347555367116
204,204,3,recov,0.21666666666666665,1.5293952047605641,146.66666666666669,1.5194347555367116
205,205,4,recov,0.21566820276497695,1.5340141506168585,146.66666666666669,1.5194347555367116
206,206,5,recov,0.2146788990825688,1.538611859865488,146.66666666666669,1.5194347555367116
207,207,3,recov,0.21826484018264838,1.5220460903190907,146.66666666666669,1.5194347555367116
208,208,4,recov,0.21727272727272726,1.5266019068549512,146.66666666666669,1.5194347555367116
209,209,5,recov,0.21628959276018098,1.5311370620203426,146.66666666666669,1.5194347555367116
210,210,3,recov,0.2198198198198198,1.514947069013178,146.66666666666669,1.5194347555367116
211,211,4,recov,0.21883408071748878,1.5194414586010174,146.66666666666669,1.5194347555367116
212,212,5,recov,0.21785714285714283,1.5239157389959386,146.66666666666669,1.5194347555367116
213,213,0,fam_r,0.10133333333333333,2.289339866244025,146.66666666666669,1.5194347555367116
214,214,1,fam_r,0.10088495575221239,2.2937744633118906,146.66666666666669,1.5194347555367116
215,215,2,fam_r,0.10044052863436123,2.2981894815210078,146.66666666666669,1.5194347555367116
216,216,0,fam_r,0.10438596491228071,2.2596600482770115,146.66666666666669,1.5194347555367116
217,217,1,fam_r,0.10393013100436682,2.2640364228768104,146.66666666666669,1.5194347555367116
218,218,2,fam_r,0.10347826086956521,2.2683937282457665,146.66666666666669,1.5194347555367116
219,219,0,fam_r,0.10735930735930736,2.231574057350857,146.66666666666669,1.5194347555367116
220,220,1,fam_r,0.10689655172413794,2.2358937184953733,146.66666666666669,1.5194347555367116
221,221,2,fam_r,0.10643776824034334,2.240194800394764,146.66666666666669,1.5194347555367116
222,222,0,fam_r,0.11025641025641025,2.20494662343013,146.66666666666669,1.5194347555367116
223,223,1,fam_r,0.1097872340425532,2.209211022216587,146.66666666666669,1.5194347555367116
224,224,2,fam_r,0.10932203389830508,2.213457313098038,146.66666666666669,1.5194347555367116
225,225,0,fam_r,0.11308016877637131,2.17965825361832,146.66666666666669,1.5194347555367116
226,226,1,fam_r,0.11260504201680673,2.1838687861546635,146.66666666666669,1.5194347555367116
227,227,2,fam_r,0.11213389121338913,2.1880616644146995,146.66666666666669,1.5194347555367116
0,0,0,fam,0.06666666666666667,2.70805020110221,220.0,1.3992555707982135
1,1,1,fam,0.06153846153846154,2.7880929087757464,220.0,1.3992555707982135
2,2,2,fam,0.05714285714285715,2.862200880929468,220.0,1.3992555707982135
3,3,0,fam,0.12000000000000001,2.120263536200091,220.0,1.3992555707982135
4,4,1,fam,0.1125,2.184802057337662,220.0,1.3992555707982135
5,5,2,fam,0.10588235294117647,2.245426679154097,220.0,1.3992555707982135
6,6,0,fam,0.15555555555555556,1.8607523407150064,220.0,1.3992555707982135
7,7,1,fam,0.14736842105263157,1.9148195619852824,220.0,1.3992555707982135
8,8,2,fam,0.13999999999999999,1.966112856372833,220.0,1.3992555707982135
9,9,0,fam,0.18095238095238095,1.709521370991083,220.0,1.3992555707982135
10,10,1,fam,0.17272727272727273,1.7560413866259759,220.0,1.3992555707982135
11,11,2,fam,0.16521739130434782,1.8004931491968097,220.0,1.3992555707982135
12,12,0,fam,0.19999999999999998,1.6094379124341005,220.0,1.3992555707982135
13,13,1,fam,0.192,1.6502599069543555,220.0,1.3992555707982135
14,14,2,fam,0.1846153846153846,1.6894806201076369,220.0,1.3992555707982135
15,15,0,fam,0.21481481481481482,1.5379789484519555,220.0,1.3992555707982135
16,16,1,fam,0.20714285714285713,1.5743465926228304,220.0,1.3992555707982135
17,17,2,fam,0.19999999999999998,1.6094379124341005,220.0,1.3992555707982135
18,18,0,fam,0.22666666666666666,1.4842747694800944,220.0,1.3992555707982135
19,19,1,fam,0.21935483870967742,1.5170645923030852,220.0,1.3992555707982135
20,20,2,fam,0.2125,1.5488132906176655,220.0,1.3992555707982135
21,21,0,fam,0.23636363636363636,1.4423838277709342,220.0,1.3992555707982135
22,22,1,fam,0.22941176470588234,1.4722367909206153,220.0,1.3992555707982135
23,23,2,fam,0.22285714285714286,1.5012243277938675,220.0,1.3992555707982135
24,24,0,fam,0.24444444444444446,1.4087672169719492,220.0,1.3992555707982135
25,25,1,fam,0.23783783783783785,1.4361661911600636,220.0,1.3992555707982135
26,26,2,fam,0.23157894736842108,1.462834438242225,220.0,1.3992555707982135
27,27,0,fam,0.2512820512820513,1.3811792604531201,220.0,1.3992555707982135
28,28,1,fam,0.24500000000000002,1.40649706843741,220.0,1.3992555707982135
29,29,2,fam,0.23902439024390246,1.4311896810277815,220.0,1.3992555707982135
30,30,0,fam,0.2571428571428572,1.3581234841531942,220.0,1.3992555707982135
31,31,1,fam,0.25116279069767444,1.3816539815633884,220.0,1.3992555707982135
32,32,2,fam,0.24545454545454548,1.404643499788087,220.0,1.3992555707982135
33,33,0,fam,0.26222222222222225,1.3385629582987006,220.0,1.3992555707982135
34,34,1,fam,0.2565217391304348,1.3605418650174759,220.0,1.3992555707982135
35,35,2,fam,0.25106382978723407,1.3820480702384395,220.0,1.3992555707982135
36,36,0,fam,0.26666666666666666,1.3217558399823195,220.0,1.3992555707982135
37,37,1,fam,0.2612244897959184,1.342375127185055,220.0,1.3992555707982135
38,38,2,fam,0.256,1.3625778345025745,220.0,1.3992555707982135
39,39,0,fam,0.2705882352941177,1.3071570405611665,220.0,1.3992555707982135
40,40,1,fam,0.2653846153846154,1.3265751264182684,220.0,1.3992555707982135
41,41,2,fam,0.26037735849056604,1.3456233213889628,220.0,1.3992555707982135
42,42,0,fam,0.2740740740740741,1.294356865794205,220.0,1.3992555707982135
43,43,1,fam,0.2690909090909091,1.3127060044624015,220.0,1.3992555707982135
44,44,2,fam,0.2642857142857143,1.3307245099650797,220.0,1.3992555707982135
45,45,0,fam,0.2771929824561404,1.2830413278016288,220.0,1.3992555707982135
46,46,1,fam,0.27241379310344827,1.3004330705134983,220.0,1.3992555707982135
47,47,2,fam,0.2677966101694915,1.3175275038727983,220.0,1.3992555707982135
48,48,0,fam,0.28,1.2729656758128873,220.0,1.3992555707982135
49,49,1,fam,0.2754098360655738,1.289494977764098,220.0,1.3992555707982135
50,50,2,fam,0.2709677419354839,1.3057554986358781,220.0,1.3992555707982135
51,51,0,fam,0.28253968253968254,1.2639362690934932,220.0,1.3992555707982135
52,52,1,fam,0.278125,1.2796846260616324,220.0,1.3992555707982135
53,53,2,fam,0.27384615384615385,1.2951888125975977,220.0,1.3992555707982135
54,54,0,fam,0.28484848484848485,1.255797872190522,220.0,1.3992555707982135
55,55,1,fam,0.28059701492537314,1.2708357495550624,220.0,1.3992555707982135
56,56,2,fam,0.27647058823529413,1.2856508353402032,220.0,1.3992555707982135
57,57,0,fam,0.28695652173913044,1.2484245668967697,220.0,1.3992555707982135
58,58,1,fam,0.28285714285714286,1.2628133043488694,220.0,1.3992555707982135
59,59,2,fam,0.27887323943661974,1.2769979393408257,220.0,1.3992555707982135
60,60,0,fam,0.2888888888888889,1.2417131323087829,220.0,1.3992555707982135
61,61,1,fam,0.28493150684931506,1.2555064544411187,220.0,1.3992555707982135
62,62,2,fam,0.2810810810810811,1.2691121064968973,220.0,1.3992555707982135
63,63,0,fam,0.2906666666666667,1.235578143741267,220.0,1.3992555707982135
64,64,1,fam,0.2868421052631579,1.2488233704912877,220.0,1.3992555707982135
65,65,2,fam,0.2831168831168831,1.2618954520586405,220.0,1.3992555707982135
66,66,3,recov,0.010256410256410256,4.579852378003801,220.0,1.3992555707982135
67,67,4,recov,0.010126582278481013,4.592591403781231,220.0,1.3992555707982135
68,68,5,recov,0.01,4.605170185988091,220.0,1.3992555707982135
69,69,3,recov,0.022222222222222223,3.8066624897703196,220.0,1.3992555707982135
70,70,4,recov,0.021951219512195124,3.818932582362134,220.0,1.3992555707982135
71,71,5,recov,0.021686746987951807,3.8310539428944788,220.0,1.3992555707982135
72,72,3,recov,0.03333333333333333,3.4011973816621555,220.0,1.3992555707982135
73,73,4,recov,0.03294117647058823,3.4130318393091583,220.0,1.3992555707982135
74,74,5,recov,0.03255813953488372,3.4247278790723494,220.0,1.3992555707982135
75,75,3,recov,0.04367816091954023,3.1309070519222435,220.0,1.3992555707982135
76,76,4,recov,0.04318181818181818,3.142335747745866,220.0,1.3992555707982135
77,77,5,recov,0.04269662921348314,3.1536353029998,220.0,1.3992555707982135
78,78,3,recov,0.05333333333333333,2.9311937524164198,220.0,1.3992555707982135
79,79,4,recov,0.05274725274725275,2.942243588603005,220.0,1.3992555707982135
80,80,5,recov,0.05217391304347826,2.953172659135195,220.0,1.3992555707982135
81,81,3,recov,0.06236559139784946,2.774741575600882,220.0,1.3992555707982135
82,82,4,recov,0.06170212765957447,2.78543686471763,220.0,1.3992555707982135
83,83,5,recov,0.061052631578947365,2.796018974048167,220.0,1.3992555707982135
84,84,3,recov,0.07083333333333333,2.647425579285775,220.0,1.3992555707982135
85,85,4,recov,0.07010309278350516,2.6577883663213218,220.0,1.3992555707982135
86,86,5,recov,0.06938775510204082,2.668044866488511,220.0,1.3992555707982135
87,87,3,recov,0.07878787878787878,2.540996116439044,220.0,1.3992555707982135
88,88,4,recov,0.078,2.551046452292545,220.0,1.3992555707982135
89,89,5,recov,0.07722772277227723,2.5609967831457134,220.0,1.3992555707982135
90,90,3,recov,0.08627450980392158,2.45022109180011,220.0,1.3992555707982135
91,91,4,recov,0.08543689320388351,2.459977266745475,220.0,1.3992555707982135
92,92,5,recov,0.08461538461538462,2.469639177657212,220.0,1.3992555707982135
93,93,3,recov,0.09333333333333334,2.371577964480997,220.0,1.3992555707982135
94,94,4,recov,0.09245283018867925,2.381056708435541,220.0,1.3992555707982135
95,95,5,recov,0.09158878504672897,2.39044644878538,220.0,1.3992555707982135
96,96,3,recov,0.1,2.3025850929940455,220.0,1.3992555707982135
97,97,4,recov,0.09908256880733946,2.3118017480989694,220.0,1.3992555707982135
98,98,5,recov,0.09818181818181819,2.320934231662242,220.0,1.3992555707982135
99,99,3,recov,0.10630630630630632,2.241430669840715,220.0,1.3992555707982135
100,100,4,recov,0.10535714285714286,2.2503993398234754,220.0,1.3992555707982135
101,101,5,recov,0.10442477876106196,2.259288287240721,220.0,1.3992555707982135
102,102,3,recov,0.11228070175438597,2.186753277468924,220.0,1.3992555707982135
103,103,4,recov,0.11130434782608696,2.1954869574376787,220.0,1.3992555707982135
104,104,5,recov,0.11034482758620691,2.204145020180793,220.0,1.3992555707982135
105,105,3,recov,0.11794871794871796,2.137505342634597,220.0,1.3992555707982135
106,106,4,recov,0.11694915254237288,2.146016032302506,220.0,1.3992555707982135
107,107,5,recov,0.11596638655462185,2.1544549009483704,220.0,1.3992555707982135
108,108,3,recov,0.12333333333333334,2.0928645620119766,220.0,1.3992555707982135
109,109,4,recov,0.12231404958677687,2.1011633648266717,220.0,1.3992555707982135
110,110,5,recov,0.12131147540983607,2.109393863963187,220.0,1.3992555707982135
111,111,3,recov,0.12845528455284552,2.0521744153394965,220.0,1.3992555707982135
112,112,4,recov,0.12741935483870967,2.0602716255721156,220.0,1.3992555707982135
113,113,5,recov,0.1264,2.06830379726938,220.0,1.3992555707982135
114,114,3,recov,0.13333333333333333,2.0149030205422647,220.0,1.3992555707982135
115,115,4,recov,0.13228346456692913,2.022808200049378,220.0,1.3992555707982135
116,116,5,recov,0.13125,2.030651377510404,220.0,1.3992555707982135
117,117,3,recov,0.13798449612403102,1.9806139470636326,220.0,1.3992555707982135
118,118,4,recov,0.13692307692307693,1.9883359931575428,220.0,1.3992555707982135
119,119,5,recov,0.13587786259541984,1.995998865903112,220.0,1.3992555707982135
120,120,3,recov,0.14242424242424243,1.9489450527504673,220.0,1.3992555707982135
121,121,4,recov,0.14135338345864662,1.9564922583858502,220.0,1.3992555707982135
122,122,5,recov,0.14029850746268657,1.9639829301150078,220.0,1.3992555707982135
123,123,3,recov,0.14666666666666667,1.91959284073794,220.0,1.3992555707982135
124,124,4,recov,0.14558823529411766,1.9269729480355624,220.0,1.3992555707982135
125,125,5,recov,0.14452554744525548,1.9342989881276353,220.0,1.3992555707982135
126,126,3,recov,0.15072463768115943,1.8923006984499324,220.0,1.3992555707982135
127,127,4,recov,0.1496402877697842,1.8995209464234193,220.0,1.3992555707982135
128,128,5,recov,0.14857142857142858,1.9066894359020319,220.0,1.3992555707982135
129,129,3,recov,0.15460992907801419,1.866849920583125,220.0,1.3992555707982135
130,130,4,recov,0.1535211267605634,1.8739170878062172,220.0,1.3992555707982135
131,131,5,recov,0.15244755244755245,1.880934660464864,220.0,1.3992555707982135
132,132,3,recov,0.15833333333333333,1.8430527636156055,220.0,1.3992555707982135
133,133,4,recov,0.15724137931034482,1.8499732064601793,220.0,1.3992555707982135
134,134,5,recov,0.15616438356164383,1.8568460857479414,220.0,1.3992555707982135
135,135,3,recov,0.1619047619047619,1.8207470061013074,220.0,1.3992555707982135
136,136,4,recov,0.1608108108108108,1.827526693086686,220.0,1.3992555707982135
137,137,5,recov,0.1597315436241611,1.83426072526803,220.0,1.3992555707982135
138,138,3,recov,0.16533333333333333,1.7997916409253192,220.0,1.3992555707982135
139,139,4,recov,0.1642384105960265,1.8064361836439877,220.0,1.3992555707982135
140,140,5,recov,0.1631578947368421,1.81303686767534,220.0,1.3992555707982135
141,141,3,recov,0.16862745098039217,1.7800634294648636,220.0,1.3992555707982135
142,142,4,recov,0.16753246753246753,1.7865781104860574,220.0,1.3992555707982135
143,143,5,recov,0.1664516129032258,1.793050624991675,220.0,1.3992555707982135
144,144,3,recov,0.1717948717948718,1.761454119732726,220.0,1.3992555707982135
145,145,4,recov,0.17070063694267518,1.7678439178314969,220.0,1.3992555707982135
146,146,5,recov,0.16962025316455698,1.7741931455101556,220.0,1.3992555707982135
147,147,3,recov,0.1748427672955975,1.74386818152364,220.0,1.3992555707982135
148,148,4,recov,0.17375000000000002,1.7501377945372354,220.0,1.3992555707982135
149,149,5,recov,0.17267080745341615,1.7563683442878717,220.0,1.3992555707982135
150,150,3,recov,0.17777777777777778,1.7272209480904839,220.0,1.3992555707982135
151,151,4,recov,0.17668711656441718,1.7333748136648621,220.0,1.3992555707982135
152,152,5,recov,0.175609756097561,1.739491040682298,220.0,1.3992555707982135
153,153,3,recov,0.1806060606060606,1.7114370803892218,220.0,1.3992555707982135
154,154,4,recov,0.17951807228915664,1.7174793948451843,220.0,1.3992555707982135
155,155,5,recov,0.1784431137724551,1.7234854189053963,220.0,1.3992555707982135
156,156,3,recov,0.18333333333333335,1.69644928942373,220.0,1.3992555707982135
157,157,4,recov,0.18224852071005918,1.7023840249435447,220.0,1.3992555707982135
158,158,5,recov,0.1811764705882353,1.708283747070733,220.0,1.3992555707982135
159,159,3,recov,0.18596491228070175,1.6821972667165288,220.0,1.3992555707982135
160,160,4,recov,0.18488372093023256,1.688028187027322,220.0,1.3992555707982135
161,161,5,recov,0.1838150289017341,1.6938253047116478,220.0,1.3992555707982135
162,162,3,recov,0.18850574712643678,1.668626783824431,220.0,1.3992555707982135
163,163,4,recov,0.18742857142857142,1.674357458533416,220.0,1.3992555707982135
164,164,5,recov,0.18636363636363634,1.6800554796480538,220.0,1.3992555707982135
165,165,3,recov,0.1909604519774011,1.655688930084856,220.0,1.3992555707982135
166,166,4,recov,0.18988764044943818,1.6613227478031123,220.0,1.3992555707982135
167,167,5,recov,0.1888268156424581,1.666925003351782,220.0,1.3992555707982135
168,168,3,recov,0.19333333333333333,1.6433394641097818,220.0,1.3992555707982135
169,169,4,recov,0.19226519337016573,1.6488796444853973,220.0,1.3992555707982135
170,170,5,recov,0.1912087912087912,1.6543893002963668,220.0,1.3992555707982135
171,171,3,recov,0.19562841530054642,1.6315382594347665,220.0,1.3992555707982135
172,172,4,recov,0.19456521739130433,1.636987864202331,220.0,1.3992555707982135
173,173,5,recov,0.1935135135135135,1.6424079316716702,220.0,1.3992555707982135
174,174,3,recov,0.1978494623655914,1.620248828538316,220.0,1.3992555707982135
175,175,4,recov,0.19679144385026737,1.6256107716797015,220.0,1.3992555707982135
176,176,5,recov,0.1957446808510638,1.630944117655064,220.0,1.3992555707982135
177,177,3,recov,0.19999999999999998,1.6094379124341005,220.0,1.3992555707982135
178,178,4,recov,0.19894736842105262,1.614714969534944,220.0,1.3992555707982135
179,179,5,recov,0.19790575916230366,1.6199643254210878,220.0,1.3992555707982135
180,180,3,recov,0.2020833333333333,1.599075125398554,220.0,1.3992555707982135
181,181,4,recov,0.2010362694300518,1.604269942275658,220.0,1.3992555707982135
182,182,5,recov,0.19999999999999998,1.6094379124341005,220.0,1.3992555707982135
183,183,3,recov,0.20410256410256408,1.5891326462733548,220.0,1.3992555707982135
184,184,4,recov,0.2030612244897959,1.5942477469401253,220.0,1.3992555707982135
185,185,5,recov,0.20203045685279186,1.5993368164475965,220.0,1.3992555707982135
186,186,3,recov,0.20606060606060606,1.5795849492844192,220.0,1.3992555707982135
187,187,4,recov,0.20502512562814068,1.5846227433143765,220.0,1.3992555707982135
188,188,5,recov,0.204,1.5896352851379207,220.0,1.3992555707982135
189,189,3,recov,0.20796019900497512,1.570408568528365,220.0,1.3992555707982135
190,190,4,recov,0.20693069306930692,1.5753713578704942,220.0,1.3992555707982135
191,191,5,recov,0.20591133004926107,1.5803096395110767,220.0,1.3992555707982135
192,192,3,recov,0.20980392156862743,1.5615818912564654,220.0,1.3992555707982135
193,193,4,recov,0.20878048780487804,1.5664718765506571,220.0,1.3992555707982135
194,194,5,recov,0.2077669902912621,1.5713380662018301,220.0,1.3992555707982135
195,195,3,recov,0.21159420289855072,1.5530849758829686,220.0,1.3992555707982135
196,196,4,recov,0.21057692307692305,1.5579042623189177,220.0,1.3992555707982135
197,197,5,recov,0.2095693779904306,1.5627004345824107,220.0,1.3992555707982135
198,198,3,recov,0.21333333333333332,1.5448993912965292,220.0,1.3992555707982135
199,199,4,recov,0.2123222748815166,1.549649994055127,220.0,1.3992555707982135
200,200,5,recov,0.2113207547169811,1.554378135251073,220.0,1.3992555707982135
201,201,3,recov,0.21502347417840376,1.5370080745892858,220.0,1.3992555707982135
202,202,4,recov,0.21401869158878503,1.5416919239017122,220.0,1.3992555707982135
203,203,5,recov,0.21302325581395348,1.5463539370075237,220.0,1.3992555707982135
204,204,3,recov,0.21666666666666665,1.5293952047605641,220.0,1.3992555707982135
205,205,4,recov,0.21566820276497695,1.5340141506168585,220.0,1.3992555707982135
206,206,5,recov,0.2146788990825688,1.538611859865488,220.0,1.3992555707982135
207,207,3,recov,0.21826484018264838,1.5220460903190907,220.0,1.3992555707982135
208,208,4,recov,0.21727272727272726,1.5266019068549512,220.0,1.3992555707982135
209,209,5,recov,0.21628959276018098,1.5311370620203426,220.0,1.3992555707982135
210,210,3,recov,0.2198198198198198,1.514947069013178,220.0,1.3992555707982135
211,211,4,recov,0.21883408071748878,1.5194414586010174,220.0,1.3992555707982135
212,212,5,recov,0.21785714285714283,1.5239157389959386,220.0,1.3992555707982135
213,213,3,recov,0.22133333333333333,1.508085418173813,220.0,1.3992555707982135
214,214,4,recov,0.22035398230088493,1.5125200152416787,220.0,1.3992555707982135
215,215,5,recov,0.21938325991189425,1.5169350334507956,220.0,1.3992555707982135
216,216,3,recov,0.22280701754385965,1.5014492743700045,220.0,1.3992555707982135
217,217,4,recov,0.22183406113537116,1.5058256489698036,220.0,1.3992555707982135
218,218,5,recov,0.2208695652173913,1.5101829543387593,220.0,1.3992555707982135
219,219,3,recov,0.22424242424242424,1.4950275612563562,220.0,1.3992555707982135
220,220,4,recov,0.2232758620689655,1.4993472224008726,220.0,1.3992555707982135
221,221,5,recov,0.22231759656652358,1.5036483043002633,220.0,1.3992555707982135
222,222,3,recov,0.22564102564102562,1.4888099246454858,220.0,1.3992555707982135
223,223,4,recov,0.22468085106382976,1.4930743234319432,220.0,1.3992555707982135
224,224,5,recov,0.22372881355932203,1.4973206143133944,220.0,1.3992555707982135
225,225,3,recov,0.2270042194092827,1.4827866739673925,220.0,1.3992555707982135
226,226,4,recov,0.22605042016806723,1.486997206503736,220.0,1.3992555707982135
227,227,5,recov,0.22510460251046024,1.491190084763772,220.0,1.3992555707982135
228,228,3,recov,0.22833333333333333,1.4769487293880215,220.0,1.3992555707982135
229,229,4,recov,0.22738589211618257,1.4811067395366853,220.0,1.3992555707982135
230,230,5,recov,0.22644628099173553,1.4852475322027165,220.0,1.3992555707982135
231,231,3,recov,0.22962962962962963,1.4712875739532831,220.0,1.3992555707982135
232,232,4,recov,0.22868852459016392,1.4753943559059366,220.0,1.3992555707982135
233,233,5,recov,0.2277551020408163,1.4794843411574619,220.0,1.3992555707982135
234,234,3,recov,0.23089430894308943,1.4657952102052572,220.0,1.3992555707982135
235,235,4,recov,0.22995951417004049,1.4698520109008715,220.0,1.3992555707982135
236,236,5,recov,0.22903225806451613,1.4738924204378765,220.0,1.3992555707982135
237,237,3,recov,0.2321285140562249,1.4604641207863758,220.0,1.3992555707982135
238,238,4,recov,0.2312,1.4644721421839146,220.0,1.3992555707982135
239,239,5,recov,0.2302788844621514,1.468464163453452,220.0,1.3992555707982135
240,240,3,recov,0.2333333333333333,1.4552872326068422,220.0,1.3992555707982135
241,241,4,recov,0.23241106719367588,1.459247633822939,220.0,1.3992555707982135
242,242,5,recov,0.23149606299212597,1.4631924121139555,220.0,1.3992555707982135
243,243,3,recov,0.23450980392156862,1.45025788420184,220.0,1.3992555707982135
244,244,4,recov,0.23359375,1.4541717835229764,220.0,1.3992555707982135
245,245,5,recov,0.2326848249027237,1.4580704239386337,220.0,1.3992555707982135
246,246,3,recov,0.23565891472868217,1.4453697959494962,220.0,1.3992555707982135
247,247,4,recov,0.23474903474903475,1.4492382727274165,220.0,1.3992555707982135
248,248,5,recov,0.23384615384615384,1.4530918420434065,220.0,1.3992555707982135
249,249,3,recov,0.23678160919540228,1.4406170428590483,220.0,1.3992555707982135
250,250,4,recov,0.23587786259541985,1.4444411392974519,220.0,1.3992555707982135
251,251,5,recov,0.2349809885931559,1.4482506677141196,220.0,1.3992555707982135
252,252,3,recov,0.23787878787878786,1.4359940296721632,220.0,1.3992555707982135
253,253,4,recov,0.2369811320754717,1.4397747525120692,220.0,1.3992555707982135
254,254,5,recov,0.23609022556390977,1.443541235307546,220.0,1.3992555707982135
255,255,3,recov,0.2389513108614232,1.4314954680495053,220.0,1.3992555707982135
256,256,4,recov,0.2380597014925373,1.4352337901601124,220.0,1.3992555707982135
257,257,5,recov,0.23717472118959107,1.438958189251095,220.0,1.3992555707982135
258,258,3,recov,0.24,1.4271163556401458,220.0,1.3992555707982135
259,259,4,recov,0.23911439114391142,1.430813217521472,220.0,1.3992555707982135
260,260,5,recov,0.23823529411764705,1.4344964629377683,220.0,1.3992555707982135
261,261,3,recov,0.241025641025641,1.4228519568536884,220.0,1.3992555707982135
262,262,4,recov,0.24014598540145984,1.4265082680567986,220.0,1.3992555707982135
263,263,5,recov,0.23927272727272728,1.4301512593352999,220.0,1.3992555707982135
264,264,3,recov,0.24202898550724636,1.4186977851745501,220.0,1.3992555707982135
265,265,4,recov,0.2411552346570397,1.4223144256447384,220.0,1.3992555707982135
266,266,5,recov,0.24028776978417266,1.425918033148037,220.0,1.3992555707982135
267,267,3,recov,0.24301075268817204,1.4146495868750157,220.0,1.3992555707982135
268,268,4,recov,0.24214285714285713,1.4182274082228998,220.0,1.3992555707982135
269,269,5,recov,0.24128113879003557,1.421792474387396,220.0,1.3992555707982135
270,270,3,recov,0.24397163120567375,1.4107033259988155,220.0,1.3992555707982135
271,271,4,recov,0.2431095406360424,1.4142431527039396,220.0,1.3992555707982135
272,272,5,recov,0.24225352112676055,1.4177704932219082,220.0,1.3992555707982135
273,273,3,recov,0.2449122807017544,1.4068551705003238,220.0,1.3992555707982135
274,274,4,recov,0.24405594405594405,1.4103578010515259,220.0,1.3992555707982135
275,275,5,recov,0.24320557491289196,1.4138482059912945,220.0,1.3992555707982135
276,276,3,recov,0.24583333333333332,1.403101479436272,220.0,1.3992555707982135
277,277,4,recov,0.2449826989619377,1.4065676874127582,220.0,1.3992555707982135
278,278,5,recov,0.24413793103448275,1.4100219222808457,220.0,1.3992555707982135
279,279,3,recov,0.24673539518900342,1.399438791117314,220.0,1.3992555707982135
280,280,4,recov,0.2458904109589041,1.4028693262141032,220.0,1.3992555707982135
281,281,5,recov,0.24505119453924915,1.406288132962889,220.0,1.3992555707982135
282,282,3,recov,0.2476190476190476,1.3958638121360414,220.0,1.3992555707982135
283,283,4,recov,0.24677966101694915,1.3992594011371795,220.0,1.3992555707982135
284,284,5,recov,0.24594594594594593,1.40264349912142,220.0,1.3992555707982135
285,285,0,fam_r,0.07676767676767678,2.5669716028423046,220.0,1.3992555707982135
286,286,1,fam_r,0.07651006711409396,2.5703329505450094,220.0,1.3992555707982135
287,287,2,fam_r,0.07625418060200669,2.5736830374302913,220.0,1.3992555707982135
288,288,0,fam_r,0.07933333333333334,2.534096893978772,220.0,1.3992555707982135
289,289,1,fam_r,0.07906976744186046,2.5374246840714467,220.0,1.3992555707982135
290,290,2,fam_r,0.07880794701986756,2.5407414366974406,220.0,1.3992555707982135
291,291,0,fam_r,0.08184818481848186,2.5028891523384327,220.0,1.3992555707982135
292,292,1,fam_r,0.08157894736842106,2.5061840482352853,220.0,1.3992555707982135
293,293,2,fam_r,0.08131147540983606,2.5094681234364753,220.0,1.3992555707982135
294,294,0,fam_r,0.08431372549019608,2.473210610024809,220.0,1.3992555707982135
295,295,1,fam_r,0.08403908794788274,2.4764732556596254,220.0,1.3992555707982135
296,296,2,fam_r,0.08376623376623377,2.4797252910460026,220.0,1.3992555707982135
297,297,0,fam_r,0.08673139158576051,2.4449393893809344,220.0,1.3992555707982135
298,298,1,fam_r,0.08645161290322581,2.4481704099623807,220.0,1.3992555707982135
299,299,2,fam_r,0.08617363344051447,2.4513910246624233,220.0,1.3992555707982135
0,0,0,fam,0.06666666666666667,2.70805020110221,293.33333333333337,1.330575993721306
1,1,1,fam,0.06153846153846154,2.7880929087757464,293.33333333333337,1.330575993721306
2,2,2,fam,0.05714285714285715,2.862200880929468,293.33333333333337,1.330575993721306
3,3,0,fam,0.12000000000000001,2.120263536200091,293.33333333333337,1.330575993721306
4,4,1,fam,0.1125,2.184802057337662,293.33333333333337,1.330575993721306
5,5,2,fam,0.10588235294117647,2.245426679154097,293.33333333333337,1.330575993721306
6,6,0,fam,0.15555555555555556,1.8607523407150064,293.33333333333337,1.330575993721306
7,7,1,fam,0.14736842105263157,1.9148195619852824,293.33333333333337,1.330575993721306
8,8,2,fam,0.13999999999999999,1.966112856372833,293.33333333333337,1.330575993721306
9,9,0,fam,0.18095238095238095,1.709521370991083,293.33333333333337,1.330575993721306
10,10,1,fam,0.17272727272727273,1.7560413866259759,293.33333333333337,1.330575993721306
11,11,2,fam,0.16521739130434782,1.8004931491968097,293.33333333333337,1.330575993721306
12,12,0,fam,0.19999999999999998,1.6094379124341005,293.33333333333337,1.330575993721306
13,13,1,fam,0.192,1.6502599069543555,293.33333333333337,1.330575993721306
14,14,2,fam,0.1846153846153846,1.6894806201076369,293.33333333333337,1.330575993721306
15,15,0,fam,0.21481481481481482,1.5379789484519555,293.33333333333337,1.330575993721306
16,16,1,fam,0.20714285714285713,1.5743465926228304,293.33333333333337,1.330575993721306
17,17,2,fam,0.19999999999999998,1.6094379124341005,293.33333333333337,1.330575993721306
18,18,0,fam,0.22666666666666666,1.4842747694800944,293.33333333333337,1.330575993721306
19,19,1,fam,0.21935483870967742,1.5170645923030852,293.33333333333337,1.330575993721306
20,20,2,fam,0.2125,1.5488132906176655,293.33333333333337,1.330575993721306
21,21,0,fam,0.23636363636363636,1.4423838277709342,293.33333333333337,1.330575993721306
22,22,1,fam,0.22941176470588234,1.4722367909206153,293.33333333333337,1.330575993721306
23,23,2,fam,0.22285714285714286,1.5012243277938675,293.33333333333337,1.330575993721306
24,24,0,fam,0.24444444444444446,1.4087672169719492,293.33333333333337,1.330575993721306
25,25,1,fam,0.23783783783783785,1.4361661911600636,293.33333333333337,1.330575993721306
26,26,2,fam,0.23157894736842108,1.462834438242225,293.33333333333337,1.330575993721306
27,27,0,fam,0.2512820512820513,1.3811792604531201,293.33333333333337,1.330575993721306
28,28,1,fam,0.24500000000000002,1.40649706843741,293.33333333333337,1.330575993721306
29,29,2,fam,0.23902439024390246,1.4311896810277815,293.33333333333337,1.330575993721306
30,30,0,fam,0.2571428571428572,1.3581234841531942,293.33333333333337,1.330575993721306
31,31,1,fam,0.25116279069767444,1.3816539815633884,293.33333333333337,1.330575993721306
32,32,2,fam,0.24545454545454548,1.404643499788087,293.33333333333337,1.330575993721306
33,33,0,fam,0.26222222222222225,1.3385629582987006,293.33333333333337,1.330575993721306
34,34,1,fam,0.2565217391304348,1.3605418650174759,293.33333333333337,1.330575993721306
35,35,2,fam,0.25106382978723407,1.3820480702384395,293.33333333333337,1.330575993721306
36,36,0,fam,0.26666666666666666,1.3217558399823195,293.33333333333337,1.330575993721306
37,37,1,fam,0.2612244897959184,1.342375127185055,293.33333333333337,1.330575993721306
38,38,2,fam,0.256,1.3625778345025745,293.33333333333337,1.330575993721306
39,39,0,fam,0.2705882352941177,1.3071570405611665,293.33333333333337,1.330575993721306
40,40,1,fam,0.2653846153846154,1.3265751264182684,293.33333333333337,1.330575993721306
41,41,2,fam,0.26037735849056604,1.3456233213889628,293.33333333333337,1.330575993721306
42,42,0,fam,0.2740740740740741,1.294356865794205,293.33333333333337,1.330575993721306
43,43,1,fam,0.2690909090909091,1.3127060044624015,293.33333333333337,1.330575993721306
44,44,2,fam,0.2642857142857143,1.3307245099650797,293.33333333333337,1.330575993721306
45,45,0,fam,0.2771929824561404,1.2830413278016288,293.33333333333337,1.330575993721306
46,46,1,fam,0.27241379310344827,1.3004330705134983,293.33333333333337,1.330575993721306
47,47,2,fam,0.2677966101694915,1.3175275038727983,293.33333333333337,1.330575993721306
48,48,0,fam,0.28,1.2729656758128873,293.33333333333337,1.330575993721306
49,49,1,fam,0.2754098360655738,1.289494977764098,293.33333333333337,1.330575993721306
50,50,2,fam,0.2709677419354839,1.3057554986358781,293.33333333333337,1.330575993721306
51,51,0,fam,0.28253968253968254,1.2639362690934932,293.33333333333337,1.330575993721306
52,52,1,fam,0.278125,1.2796846260616324,293.33333333333337,1.330575993721306
53,53,2,fam,0.27384615384615385,1.2951888125975977,293.33333333333337,1.330575993721306
54,54,0,fam,0.28484848484848485,1.255797872190522,293.33333333333337,1.330575993721306
55,55,1,fam,0.28059701492537314,1.2708357495550624,293.33333333333337,1.330575993721306
56,56,2,fam,0.27647058823529413,1.2856508353402032,293.33333333333337,1.330575993721306
57,57,0,fam,0.28695652173913044,1.2484245668967697,293.33333333333337,1.330575993721306
58,58,1,fam,0.28285714285714286,1.2628133043488694,293.33333333333337,1.330575993721306
59,59,2,fam,0.27887323943661974,1.2769979393408257,293.33333333333337,1.330575993721306
60,60,0,fam,0.2888888888888889,1.2417131323087829,293.33333333333337,1.330575993721306
61,61,1,fam,0.28493150684931506,1.2555064544411187,293.33333333333337,1.330575993721306
62,62,2,fam,0.2810810810810811,1.2691121064968973,293.33333333333337,1.330575993721306
63,63,0,fam,0.2906666666666667,1.235578143741267,293.33333333333337,1.330575993721306
64,64,1,fam,0.2868421052631579,1.2488233704912877,293.33333333333337,1.330575993721306
65,65,2,fam,0.2831168831168831,1.2618954520586405,293.33333333333337,1.330575993721306
66,66,3,recov,0.010256410256410256,4.579852378003801,293.33333333333337,1.330575993721306
67,67,4,recov,0.010126582278481013,4.592591403781231,293.33333333333337,1.330575993721306
68,68,5,recov,0.01,4.605170185988091,293.33333333333337,1.330575993721306
69,69,3,recov,0.022222222222222223,3.8066624897703196,293.33333333333337,1.330575993721306
70,70,4,recov,0.021951219512195124,3.818932582362134,293.33333333333337,1.330575993721306
71,71,5,recov,0.021686746987951807,3.8310539428944788,293.33333333333337,1.330575993721306
72,72,3,recov,0.03333333333333333,3.4011973816621555,293.33333333333337,1.330575993721306
73,73,4,recov,0.03294117647058823,3.4130318393091583,293.33333333333337,1.330575993721306
74,74,5,recov,0.03255813953488372,3.4247278790723494,293.33333333333337,1.330575993721306
75,75,3,recov,0.04367816091954023,3.1309070519222435,293.33333333333337,1.330575993721306
76,76,4,recov,0.04318181818181818,3.142335747745866,293.33333333333337,1.330575993721306
77,77,5,recov,0.04269662921348314,3.1536353029998,293.33333333333337,1.330575993721306
78,78,3,recov,0.05333333333333333,2.9311937524164198,293.33333333333337,1.330575993721306
79,79,4,recov,0.05274725274725275,2.942243588603005,293.33333333333337,1.330575993721306
80,80,5,recov,0.05217391304347826,2.953172659135195,293.33333333333337,1.330575993721306
81,81,3,recov,0.06236559139784946,2.774741575600882,293.33333333333337,1.330575993721306
82,82,4,recov,0.06170212765957447,2.78543686471763,293.33333333333337,1.330575993721306
83,83,5,recov,0.061052631578947365,2.796018974048167,293.33333333333337,1.330575993721306
84,84,3,recov,0.07083333333333333,2.647425579285775,293.33333333333337,1.330575993721306
85,85,4,recov,0.07010309278350516,2.6577883663213218,293.33333333333337,1.330575993721306
86,86,5,recov,0.06938775510204082,2.668044866488511,293.33333333333337,1.330575993721306
87,87,3,recov,0.07878787878787878,2.540996116439044,293.33333333333337,1.330575993721306
88,88,4,recov,0.078,2.551046452292545,293.33333333333337,1.330575993721306
89,89,5,recov,0.07722772277227723,2.5609967831457134,293.33333333333337,1.330575993721306
90,90,3,recov,0.08627450980392158,2.45022109180011,293.33333333333337,1.330575993721306
91,91,4,recov,0.08543689320388351,2.459977266745475,293.33333333333337,1.330575993721306
92,92,5,recov,0.08461538461538462,2.469639177657212,293.33333333333337,1.330575993721306
93,93,3,recov,0.09333333333333334,2.371577964480997,293.33333333333337,1.330575993721306
94,94,4,recov,0.09245283018867925,2.381056708435541,293.33333333333337,1.330575993721306
95,95,5,recov,0.09158878504672897,2.39044644878538,293.33333333333337,1.330575993721306
96,96,3,recov,0.1,2.3025850929940455,293.33333333333337,1.330575993721306
97,97,4,recov,0.09908256880733946,2.3118017480989694,293.33333333333337,1.330575993721306
98,98,5,recov,0.09818181818181819,2.320934231662242,293.33333333333337,1.330575993721306
99,99,3,recov,0.10630630630630632,2.241430669840715,293.33333333333337,1.330575993721306
100,100,4,recov,0.10535714285714286,2.2503993398234754,293.33333333333337,1.330575993721306
101,101,5,recov,0.10442477876106196,2.259288287240721,293.33333333333337,1.330575993721306
102,102,3,recov,0.11228070175438597,2.186753277468924,293.33333333333337,1.330575993721306
103,103,4,recov,0.11130434782608696,2.1954869574376787,293.33333333333337,1.330575993721306
104,104,5,recov,0.11034482758620691,2.204145020180793,293.33333333333337,1.330575993721306
105,105,3,recov,0.11794871794871796,2.137505342634597,293.33333333333337,1.330575993721306
106,106,4,recov,0.11694915254237288,2.146016032302506,293.33333333333337,1.330575993721306
107,107,5,recov,0.11596638655462185,2.1544549009483704,293.33333333333337,1.330575993721306
108,108,3,recov,0.12333333333333334,2.0928645620119766,293.33333333333337,1.330575993721306
109,109,4,recov,0.12231404958677687,2.1011633648266717,293.33333333333337,1.330575993721306
110,110,5,recov,0.12131147540983607,2.109393863963187,293.33333333333337,1.330575993721306
111,111,3,recov,0.12845528455284552,2.0521744153394965,293.33333333333337,1.330575993721306
112,112,4,recov,0.12741935483870967,2.0602716255721156,293.33333333333337,1.330575993721306
113,113,5,recov,0.1264,2.06830379726938,293.33333333333337,1.330575993721306
114,114,3,recov,0.13333333333333333,2.0149030205422647,293.33333333333337,1.330575993721306
115,115,4,recov,0.13228346456692913,2.022808200049378,293.33333333333337,1.330575993721306
116,116,5,recov,0.13125,2.030651377510404,293.33333333333337,1.330575993721306
117,117,3,recov,0.13798449612403102,1.9806139470636326,293.33333333333337,1.330575993721306
118,118,4,recov,0.13692307692307693,1.9883359931575428,293.33333333333337,1.330575993721306
119,119,5,recov,0.13587786259541984,1.995998865903112,293.33333333333337,1.330575993721306
120,120,3,recov,0.14242424242424243,1.9489450527504673,293.33333333333337,1.330575993721306
121,121,4,recov,0.14135338345864662,1.9564922583858502,293.33333333333337,1.330575993721306
122,122,5,recov,0.14029850746268657,1.9639829301150078,293.33333333333337,1.330575993721306
123,123,3,recov,0.14666666666666667,1.91959284073794,293.33333333333337,1.330575993721306
124,124,4,recov,0.14558823529411766,1.9269729480355624,293.33333333333337,1.330575993721306
125,125,5,recov,0.14452554744525548,1.9342989881276353,293.33333333333337,1.330575993721306
126,126,3,recov,0.15072463768115943,1.8923006984499324,293.33333333333337,1.330575993721306
127,127,4,recov,0.1496402877697842,1.8995209464234193,293.33333333333337,1.330575993721306
128,128,5,recov,0.14857142857142858,1.9066894359020319,293.33333333333337,1.330575993721306
129,129,3,recov,0.15460992907801419,1.866849920583125,293.33333333333337,1.330575993721306
130,130,4,recov,0.1535211267605634,1.8739170878062172,293.33333333333337,1.330575993721306
131,131,5,recov,0.15244755244755245,1.880934660464864,293.33333333333337,1.330575993721306
132,132,3,recov,0.15833333333333333,1.8430527636156055,293.33333333333337,1.330575993721306
133,133,4,recov,0.15724137931034482,1.8499732064601793,293.33333333333337,1.330575993721306
134,134,5,recov,0.15616438356164383,1.8568460857479414,293.33333333333337,1.330575993721306
135,135,3,recov,0.1619047619047619,1.8207470061013074,293.33333333333337,1.330575993721306
136,136,4,recov,0.1608108108108108,1.827526693086686,293.33333333333337,1.330575993721306
137,137,5,recov,0.1597315436241611,1.83426072526803,293.33333333333337,1.330575993721306
138,138,3,recov,0.16533333333333333,1.7997916409253192,293.33333333333337,1.330575993721306
139,139,4,recov,0.1642384105960265,1.8064361836439877,293.33333333333337,1.330575993721306
140,140,5,recov,0.1631578947368421,1.81303686767534,293.33333333333337,1.330575993721306
141,141,3,recov,0.16862745098039217,1.7800634294648636,293.33333333333337,1.330575993721306
142,142,4,recov,0.16753246753246753,1.7865781104860574,293.33333333333337,1.330575993721306
143,143,5,recov,0.1664516129032258,1.793050624991675,293.33333333333337,1.330575993721306
144,144,3,recov,0.1717948717948718,1.761454119732726,293.33333333333337,1.330575993721306
145,145,4,recov,0.17070063694267518,1.7678439178314969,293.33333333333337,1.330575993721306
146,146,5,recov,0.16962025316455698,1.7741931455101556,293.33333333333337,1.330575993721306
147,147,3,recov,0.1748427672955975,1.74386818152364,293.33333333333337,1.330575993721306
148,148,4,recov,0.17375000000000002,1.7501377945372354,293.33333333333337,1.330575993721306
149,149,5,recov,0.17267080745341615,1.7563683442878717,293.33333333333337,1.330575993721306
150,150,3,recov,0.17777777777777778,1.7272209480904839,293.33333333333337,1.330575993721306
151,151,4,recov,0.17668711656441718,1.7333748136648621,293.33333333333337,1.330575993721306
152,152,5,recov,0.175609756097561,1.739491040682298,293.33333333333337,1.330575993721306
153,153,3,recov,0.1806060606060606,1.7114370803892218,293.33333333333337,1.330575993721306
154,154,4,recov,0.17951807228915664,1.7174793948451843,293.33333333333337,1.330575993721306
155,155,5,recov,0.1784431137724551,1.7234854189053963,293.33333333333337,1.330575993721306
156,156,3,recov,0.18333333333333335,1.69644928942373,293.33333333333337,1.330575993721306
157,157,4,recov,0.18224852071005918,1.7023840249435447,293.33333333333337,1.330575993721306
158,158,5,recov,0.1811764705882353,1.708283747070733,293.33333333333337,1.330575993721306
159,159,3,recov,0.18596491228070175,1.6821972667165288,293.33333333333337,1.330575993721306
160,160,4,recov,0.18488372093023256,1.688028187027322,293.33333333333337,1.330575993721306
161,161,5,recov,0.1838150289017341,1.6938253047116478,293.33333333333337,1.330575993721306
162,162,3,recov,0.18850574712643678,1.668626783824431,293.33333333333337,1.330575993721306
163,163,4,recov,0.18742857142857142,1.674357458533416,293.33333333333337,1.330575993721306
164,164,5,recov,0.18636363636363634,1.6800554796480538,293.33333333333337,1.330575993721306
165,165,3,recov,0.1909604519774011,1.655688930084856,293.33333333333337,1.330575993721306
166,166,4,recov,0.18988764044943818,1.6613227478031123,293.33333333333337,1.330575993721306
167,167,5,recov,0.1888268156424581,1.666925003351782,293.33333333333337,1.330575993721306
168,168,3,recov,0.19333333333333333,1.6433394641097818,293.33333333333337,1.330575993721306
169,169,4,recov,0.19226519337016573,1.6488796444853973,293.33333333333337,1.330575993721306
170,170,5,recov,0.1912087912087912,1.6543893002963668,293.33333333333337,1.330575993721306
171,171,3,recov,0.19562841530054642,1.6315382594347665,293.33333333333337,1.330575993721306
172,172,4,recov,0.19456521739130433,1.636987864202331,293.33333333333337,1.330575993721306
173,173,5,recov,0.1935135135135135,1.6424079316716702,293.33333333333337,1.330575993721306
174,174,3,recov,0.1978494623655914,1.620248828538316,293.33333333333337,1.330575993721306
175,175,4,recov,0.19679144385026737,1.6256107716797015,293.33333333333337,1.330575993721306
176,176,5,recov,0.1957446808510638,1.630944117655064,293.33333333333337,1.330575993721306
177,177,3,recov,0.19999999999999998,1.6094379124341005,293.33333333333337,1.330575993721306
178,178,4,recov,0.19894736842105262,1.614714969534944,293.33333333333337,1.330575993721306
179,179,5,recov,0.19790575916230366,1.6199643254210878,293.33333333333337,1.330575993721306
180,180,3,recov,0.2020833333333333,1.599075125398554,293.33333333333337,1.330575993721306
181,181,4,recov,0.2010362694300518,1.604269942275658,293.33333333333337,1.330575993721306
182,182,5,recov,0.19999999999999998,1.6094379124341005,293.33333333333337,1.330575993721306
183,183,3,recov,0.20410256410256408,1.5891326462733548,293.33333333333337,1.330575993721306
184,184,4,recov,0.2030612244897959,1.5942477469401253,293.33333333333337,1.330575993721306
185,185,5,recov,0.20203045685279186,1.5993368164475965,293.33333333333337,1.330575993721306
186,186,3,recov,0.20606060606060606,1.5795849492844192,293.33333333333337,1.330575993721306
187,187,4,recov,0.20502512562814068,1.5846227433143765,293.33333333333337,1.330575993721306
188,188,5,recov,0.204,1.5896352851379207,293.33333333333337,1.330575993721306
189,189,3,recov,0.20796019900497512,1.570408568528365,293.33333333333337,1.330575993721306
190,190,4,recov,0.20693069306930692,1.5753713578704942,293.33333333333337,1.330575993721306
191,191,5,recov,0.20591133004926107,1.5803096395110767,293.33333333333337,1.330575993721306
192,192,3,recov,0.20980392156862743,1.5615818912564654,293.33333333333337,1.330575993721306
193,193,4,recov,0.20878048780487804,1.5664718765506571,293.33333333333337,1.330575993721306
194,194,5,recov,0.2077669902912621,1.5713380662018301,293.33333333333337,1.330575993721306
195,195,3,recov,0.21159420289855072,1.5530849758829686,293.33333333333337,1.330575993721306
196,196,4,recov,0.21057692307692305,1.5579042623189177,293.33333333333337,1.330575993721306
197,197,5,recov,0.2095693779904306,1.5627004345824107,293.33333333333337,1.330575993721306
198,198,3,recov,0.21333333333333332,1.5448993912965292,293.33333333333337,1.330575993721306
199,199,4,recov,0.2123222748815166,1.549649994055127,293.33333333333337,1.330575993721306
200,200,5,recov,0.2113207547169811,1.554378135251073,293.33333333333337,1.330575993721306
201,201,3,recov,0.21502347417840376,1.5370080745892858,293.33333333333337,1.330575993721306
202,202,4,recov,0.21401869158878503,1.5416919239017122,293.33333333333337,1.330575993721306
203,203,5,recov,0.21302325581395348,1.5463539370075237,293.33333333333337,1.330575993721306
204,204,3,recov,0.21666666666666665,1.5293952047605641,293.33333333333337,1.330575993721306
205,205,4,recov,0.21566820276497695,1.5340141506168585,293.33333333333337,1.330575993721306
206,206,5,recov,0.2146788990825688,1.538611859865488,293.33333333333337,1.330575993721306
207,207,3,recov,0.21826484018264838,1.5220460903190907,293.33333333333337,1.330575993721306
208,208,4,recov,0.21727272727272726,1.5266019068549512,293.33333333333337,1.330575993721306
209,209,5,recov,0.21628959276018098,1.5311370620203426,293.33333333333337,1.330575993721306
210,210,3,recov,0.2198198198198198,1.514947069013178,293.33333333333337,1.330575993721306
211,211,4,recov,0.21883408071748878,1.5194414586010174,293.33333333333337,1.330575993721306
212,212,5,recov,0.21785714285714283,1.5239157389959386,293.33333333333337,1.330575993721306
213,213,3,recov,0.22133333333333333,1.508085418173813,293.33333333333337,1.330575993721306
214,214,4,recov,0.22035398230088493,1.5125200152416787,293.33333333333337,1.330575993721306
215,215,5,recov,0.21938325991189425,1.5169350334507956,293.33333333333337,1.330575993721306
216,216,3,recov,0.22280701754385965,1.5014492743700045,293.33333333333337,1.330575993721306
217,217,4,recov,0.22183406113537116,1.5058256489698036,293.33333333333337,1.330575993721306
218,218,5,recov,0.2208695652173913,1.5101829543387593,293.33333333333337,1.330575993721306
219,219,3,recov,0.22424242424242424,1.4950275612563562,293.33333333333337,1.330575993721306
220,220,4,recov,0.2232758620689655,1.4993472224008726,293.33333333333337,1.330575993721306
221,221,5,recov,0.22231759656652358,1.5036483043002633,293.33333333333337,1.330575993721306
222,222,3,recov,0.22564102564102562,1.4888099246454858,293.33333333333337,1.330575993721306
223,223,4,recov,0.22468085106382976,1.4930743234319432,293.33333333333337,1.330575993721306
224,224,5,recov,0.22372881355932203,1.4973206143133944,293.33333333333337,1.330575993721306
225,225,3,recov,0.2270042194092827,1.4827866739673925,293.33333333333337,1.330575993721306
226,226,4,recov,0.22605042016806723,1.486997206503736,293.33333333333337,1.330575993721306
227,227,5,recov,0.22510460251046024,1.491190084763772,293.33333333333337,1.330575993721306
228,228,3,recov,0.22833333333333333,1.4769487293880215,293.33333333333337,1.330575993721306
229,229,4,recov,0.22738589211618257,1.4811067395366853,293.33333333333337,1.330575993721306
230,230,5,recov,0.22644628099173553,1.4852475322027165,293.33333333333337,1.330575993721306
231,231,3,recov,0.22962962962962963,1.4712875739532831,293.33333333333337,1.330575993721306
232,232,4,recov,0.22868852459016392,1.4753943559059366,293.33333333333337,1.330575993721306
233,233,5,recov,0.2277551020408163,1.4794843411574619,293.33333333333337,1.330575993721306
234,234,3,recov,0.23089430894308943,1.4657952102052572,293.33333333333337,1.330575993721306
235,235,4,recov,0.22995951417004049,1.4698520109008715,293.33333333333337,1.330575993721306
236,236,5,recov,0.22903225806451613,1.4738924204378765,293.33333333333337,1.330575993721306
237,237,3,recov,0.2321285140562249,1.4604641207863758,293.33333333333337,1.330575993721306
238,238,4,recov,0.2312,1.4644721421839146,293.33333333333337,1.330575993721306
239,239,5,recov,0.2302788844621514,1.468464163453452,293.33333333333337,1.330575993721306
240,240,3,recov,0.2333333333333333,1.4552872326068422,293.33333333333337,1.330575993721306
241,241,4,recov,0.23241106719367588,1.459247633822939,293.33333333333337,1.330575993721306
242,242,5,recov,0.23149606299212597,1.4631924121139555,293.33333333333337,1.330575993721306
243,243,3,recov,0.23450980392156862,1.45025788420184,293.33333333333337,1.330575993721306
244,244,4,recov,0.23359375,1.4541717835229764,293.33333333333337,1.330575993721306
245,245,5,recov,0.2326848249027237,1.4580704239386337,293.33333333333337,1.330575993721306
246,246,3,recov,0.23565891472868217,1.4453697959494962,293.33333333333337,1.330575993721306
247,247,4,recov,0.23474903474903475,1.4492382727274165,293.33333333333337,1.330575993721306
248,248,5,recov,0.23384615384615384,1.4530918420434065,293.33333333333337,1.330575993721306
249,249,3,recov,0.23678160919540228,1.4406170428590483,293.33333333333337,1.330575993721306
250,250,4,recov,0.23587786259541985,1.4444411392974519,293.33333333333337,1.330575993721306
251,251,5,recov,0.2349809885931559,1.4482506677141196,293.33333333333337,1.330575993721306
252,252,3,recov,0.23787878787878786,1.4359940296721632,293.33333333333337,1.330575993721306
253,253,4,recov,0.2369811320754717,1.4397747525120692,293.33333333333337,1.330575993721306
254,254,5,recov,0.23609022556390977,1.443541235307546,293.33333333333337,1.330575993721306
255,255,3,recov,0.2389513108614232,1.4314954680495053,293.33333333333337,1.330575993721306
256,256,4,recov,0.2380597014925373,1.4352337901601124,293.33333333333337,1.330575993721306
257,257,5,recov,0.23717472118959107,1.438958189251095,293.33333333333337,1.330575993721306
258,258,3,recov,0.24,1.4271163556401458,293.33333333333337,1.330575993721306
259,259,4,recov,0.23911439114391142,1.430813217521472,293.33333333333337,1.330575993721306
260,260,5,recov,0.23823529411764705,1.4344964629377683,293.33333333333337,1.330575993721306
261,261,3,recov,0.241025641025641,1.4228519568536884,293.33333333333337,1.330575993721306
262,262,4,recov,0.24014598540145984,1.4265082680567986,293.33333333333337,1.330575993721306
263,263,5,recov,0.23927272727272728,1.4301512593352999,293.33333333333337,1.330575993721306
264,264,3,recov,0.24202898550724636,1.4186977851745501,293.33333333333337,1.330575993721306
265,265,4,recov,0.2411552346570397,1.4223144256447384,293.33333333333337,1.330575993721306
266,266,5,recov,0.24028776978417266,1.425918033148037,293.33333333333337,1.330575993721306
267,267,3,recov,0.24301075268817204,1.4146495868750157,293.33333333333337,1.330575993721306
268,268,4,recov,0.24214285714285713,1.4182274082228998,293.33333333333337,1.330575993721306
269,269,5,recov,0.24128113879003557,1.421792474387396,293.33333333333337,1.330575993721306
270,270,3,recov,0.24397163120567375,1.4107033259988155,293.33333333333337,1.330575993721306
271,271,4,recov,0.2431095406360424,1.4142431527039396,293.33333333333337,1.330575993721306
272,272,5,recov,0.24225352112676055,1.4177704932219082,293.33333333333337,1.330575993721306
273,273,3,recov,0.2449122807017544,1.4068551705003238,293.33333333333337,1.330575993721306
274,274,4,recov,0.24405594405594405,1.4103578010515259,293.33333333333337,1.330575993721306
275,275,5,recov,0.24320557491289196,1.4138482059912945,293.33333333333337,1.330575993721306
276,276,3,recov,0.24583333333333332,1.403101479436272,293.33333333333337,1.330575993721306
277,277,4,recov,0.2449826989619377,1.4065676874127582,293.33333333333337,1.330575993721306
278,278,5,recov,0.24413793103448275,1.4100219222808457,293.33333333333337,1.330575993721306
279,279,3,recov,0.24673539518900342,1.399438791117314,293.33333333333337,1.330575993721306
280,280,4,recov,0.2458904109589041,1.4028693262141032,293.33333333333337,1.330575993721306
281,281,5,recov,0.24505119453924915,1.406288132962889,293.33333333333337,1.330575993721306
282,282,3,recov,0.2476190476190476,1.3958638121360414,293.33333333333337,1.330575993721306
283,283,4,recov,0.24677966101694915,1.3992594011371795,293.33333333333337,1.330575993721306
284,284,5,recov,0.24594594594594593,1.40264349912142,293.33333333333337,1.330575993721306
285,285,3,recov,0.24848484848484848,1.3923734071962728,293.33333333333337,1.330575993721306
286,286,4,recov,0.24765100671140938,1.3957347548989776,293.33333333333337,1.330575993721306
287,287,5,recov,0.24682274247491637,1.3990848417842596,293.33333333333337,1.330575993721306
288,288,3,recov,0.24933333333333332,1.3889645896757696,293.33333333333337,1.330575993721306
289,289,4,recov,0.2485049833887043,1.3922923797684443,293.33333333333337,1.330575993721306
290,290,5,recov,0.247682119205298,1.3956091323944382,293.33333333333337,1.330575993721306
291,291,3,recov,0.25016501650165013,1.3856345128610432,293.33333333333337,1.330575993721306
292,292,4,recov,0.2493421052631579,1.3889294087578958,293.33333333333337,1.330575993721306
293,293,5,recov,0.2485245901639344,1.3922134839590856,293.33333333333337,1.330575993721306
294,294,3,recov,0.25098039215686274,1.3823804617987543,293.33333333333337,1.330575993721306
295,295,4,recov,0.2501628664495114,1.3856431074335707,293.33333333333337,1.330575993721306
296,296,5,recov,0.24935064935064935,1.388895142819948,293.33333333333337,1.330575993721306
297,297,3,recov,0.2517799352750809,1.3791998457133996,293.33333333333337,1.330575993721306
298,298,4,recov,0.2509677419354839,1.382430866294846,293.33333333333337,1.330575993721306
299,299,5,recov,0.25016077170418005,1.3856514809948883,293.33333333333337,1.330575993721306
300,300,3,recov,0.25256410256410255,1.3760901909456489,293.33333333333337,1.330575993721306
301,301,4,recov,0.25175718849840256,1.3792901936763198,293.33333333333337,1.330575993721306
302,302,5,recov,0.25095541401273885,1.38247998904442,293.33333333333337,1.330575993721306
303,303,3,recov,0.2533333333333333,1.37304913436987,293.33333333333337,1.330575993721306
304,304,4,recov,0.25253164556962027,1.376218709131149,293.33333333333337,1.330575993721306
305,305,5,recov,0.25173501577287066,1.3793782694215175,293.33333333333337,1.330575993721306
306,306,3,recov,0.2540880503144654,1.3700744172531272,293.33333333333337,1.330575993721306
307,307,4,recov,0.25329153605015675,1.3732141372577948,293.33333333333337,1.330575993721306
308,308,5,recov,0.2525,1.3763440302667225,293.33333333333337,1.330575993721306
309,309,3,recov,0.25482866043613706,1.3671638795213146,293.33333333333337,1.330575993721306
310,310,4,recov,0.2540372670807453,1.370274301935707,293.33333333333337,1.330575993721306
311,311,5,recov,0.253250773993808,1.3733750796139552,293.33333333333337,1.330575993721306
312,312,3,recov,0.25555555555555554,1.3643154544011153,293.33333333333337,1.330575993721306
313,313,4,recov,0.25476923076923075,1.3673971209385236,293.33333333333337,1.330575993721306
314,314,5,recov,0.25398773006134967,1.3704693199754938,293.33333333333337,1.330575993721306
315,315,3,recov,0.25626911314984707,1.361527163409216,293.33333333333337,1.330575993721306
316,316,4,recov,0.2554878048780488,1.3645806008961063,293.33333333333337,1.330575993721306
317,317,5,recov,0.2547112462006079,1.3676247432773345,293.33333333333337,1.330575993721306
318,318,3,recov,0.25696969696969696,1.3587971116626685,293.33333333333337,1.330575993721306
319,319,4,recov,0.2561933534743202,1.3618228325792057,293.33333333333337,1.330575993721306
320,320,5,recov,0.25542168674698795,1.3648394261186312,293.33333333333337,1.330575993721306
321,321,3,recov,0.25765765765765763,1.3561234834865272,293.33333333333337,1.330575993721306
322,322,4,recov,0.2568862275449102,1.3591219864827837,293.33333333333337,1.330575993721306
323,323,5,recov,0.25611940298507463,1.3621115253311498,293.33333333333337,1.330575993721306
324,324,3,recov,0.2583333333333333,1.3535045382968998,293.33333333333337,1.330575993721306
325,325,4,recov,0.257566765578635,1.3564763086860572,293.33333333333337,1.330575993721306
326,326,5,recov,0.25680473372781065,1.3594392738167143,293.33333333333337,1.330575993721306
327,327,3,recov,0.25899705014749264,1.3509386067393792,293.33333333333337,1.330575993721306
328,328,4,recov,0.25823529411764706,1.353884116969136,293.33333333333337,1.330575993721306
329,329,5,recov,0.2574780058651026,1.356820976642446,293.33333333333337,1.330575993721306
330,330,3,recov,0.2596491228070175,1.3484240870644808,293.33333333333337,1.330575993721306
331,331,4,recov,0.2588921282798834,1.3513437971678155,293.33333333333337,1.330575993721306
332,332,5,recov,0.25813953488372093,1.354255007375274,293.33333333333337,1.330575993721306
333,333,3,recov,0.26028985507246377,1.345959441723206,293.33333333333337,1.330575993721306
334,334,4,recov,0.25953757225433527,1.3488537997495702,293.33333333333337,1.330575993721306
335,335,5,recov,0.25878962536023054,1.3517398046387052,293.33333333333337,1.330575993721306
336,336,3,recov,0.26091954022988506,1.3435431941672267,293.33333333333337,1.330575993721306
337,337,4,recov,0.26017191977077364,1.3464126365951796,293.33333333333337,1.330575993721306
338,338,5,recov,0.2594285714285714,1.3492738688762118,293.33333333333337,1.330575993721306
339,339,3,recov,0.26153846153846155,1.341173925839421,293.33333333333337,1.330575993721306
340,340,4,recov,0.26079545454545455,1.3440188779716522,293.33333333333337,1.330575993721306
341,341,5,recov,0.260056657223796,1.3468557593068522,293.33333333333337,1.330575993721306
342,342,3,recov,0.2621468926553672,1.3388502733416197,293.33333333333337,1.330575993721306
343,343,4,recov,0.26140845070422536,1.341671149683261,293.33333333333337,1.330575993721306
344,344,5,recov,0.2606741573033708,1.3444840910598757,293.33333333333337,1.330575993721306
345,345,3,recov,0.2627450980392157,1.33657092576746,293.33333333333337,1.330575993721306
346,346,4,recov,0.2620111731843575,1.3393681303885214,293.33333333333337,1.330575993721306
347,347,5,recov,0.26128133704735373,1.3421575324761,293.33333333333337,1.330575993721306
348,348,3,recov,0.2633333333333333,1.3343346221891796,293.33333333333337,1.330575993721306
349,349,4,recov,0.2626038781163435,1.3371085490719048,293.33333333333337,1.330575993721306
350,350,5,recov,0.261878453038674,1.339874802564795,293.33333333333337,1.330575993721306
351,351,3,recov,0.2639118457300275,1.332140149288036,293.33333333333337,1.330575993721306
352,352,4,recov,0.2631868131868132,1.3348911826599257,293.33333333333337,1.330575993721306
353,353,5,recov,0.2624657534246575,1.3376346686056768,293.33333333333337,1.330575993721306
354,354,3,recov,0.2644808743169399,1.329986339118835,293.33333333333337,1.330575993721306
355,355,4,recov,0.26376021798365124,1.3327148537720388,293.33333333333337,1.330575993721306
356,356,5,recov,0.26304347826086955,1.3354359438863996,293.33333333333337,1.330575993721306
357,357,3,recov,0.26504065040650404,1.3278720669997557,293.33333333333337,1.330575993721306
358,358,4,recov,0.2643243243243243,1.3305784285974986,293.33333333333337,1.330575993721306
359,359,5,recov,0.2636118598382749,1.3332774855666636,293.33333333333337,1.330575993721306
360,360,0,fam_r,0.061290322580645165,2.7921333183127515,293.33333333333337,1.330575993721306
361,361,1,fam_r,0.061126005361930295,2.7948178836834203,293.33333333333337,1.330575993721306
362,362,2,fam_r,0.06096256684491979,2.7974952614541366,293.33333333333337,1.330575993721306
363,363,0,fam_r,0.06346666666666667,2.7572404452929815,293.33333333333337,1.330575993721306
364,364,1,fam_r,0.06329787234042554,2.7599035627124655,293.33333333333337,1.330575993721306
365,365,2,fam_r,0.06312997347480107,2.7625596067705818,293.33333333333337,1.330575993721306
366,366,0,fam_r,0.06560846560846562,2.724050542448651,293.33333333333337,1.330575993721306
367,367,1,fam_r,0.0654353562005277,2.7266925519114897,293.33333333333337,1.330575993721306
368,368,2,fam_r,0.06526315789473684,2.729327599549495,293.33333333333337,1.330575993721306
369,369,0,fam_r,0.06771653543307087,2.6924248831991293,293.33333333333337,1.330575993721306
370,370,1,fam_r,0.06753926701570681,2.6950461166790034,293.33333333333337,1.330575993721306
371,371,2,fam_r,0.06736292428198433,2.697660497253074,293.33333333333337,1.330575993721306
372,372,0,fam_r,0.06979166666666667,2.662240665070916,293.33333333333337,1.330575993721306
373,373,1,fam_r,0.06961038961038961,2.664841446770973,293.33333333333337,1.330575993721306
374,374,2,fam_r,0.0694300518134715,2.66743548194802,293.33333333333337,1.330575993721306
0,0,0,fam,0.06666666666666667,2.70805020110221,366.6666666666667,1.2889278205807633
1,1,1,fam,0.06153846153846154,2.7880929087757464,366.6666666666667,1.2889278205807633
2,2,2,fam,0.05714285714285715,2.862200880929468,366.6666666666667,1.2889278205807633
3,3,0,fam,0.12000000000000001,2.120263536200091,366.6666666666667,1.2889278205807633
4,4,1,fam,0.1125,2.184802057337662,366.6666666666667,1.2889278205807633
5,5,2,fam,0.10588235294117647,2.245426679154097,366.6666666666667,1.2889278205807633
6,6,0,fam,0.15555555555555556,1.8607523407150064,366.6666666666667,1.2889278205807633
7,7,1,fam,0.14736842105263157,1.9148195619852824,366.6666666666667,1.2889278205807633
8,8,2,fam,0.13999999999999999,1.966112856372833,366.6666666666667,1.2889278205807633
9,9,0,fam,0.18095238095238095,1.709521370991083,366.6666666666667,1.2889278205807633
10,10,1,fam,0.17272727272727273,1.7560413866259759,366.6666666666667,1.2889278205807633
11,11,2,fam,0.16521739130434782,1.8004931491968097,366.6666666666667,1.2889278205807633
12,12,0,fam,0.19999999999999998,1.6094379124341005,366.6666666666667,1.2889278205807633
13,13,1,fam,0.192,1.6502599069543555,366.6666666666667,1.2889278205807633
14,14,2,fam,0.1846153846153846,1.6894806201076369,366.6666666666667,1.2889278205807633
15,15,0,fam,0.21481481481481482,1.5379789484519555,366.6666666666667,1.2889278205807633
16,16,1,fam,0.20714285714285713,1.5743465926228304,366.6666666666667,1.2889278205807633
17,17,2,fam,0.19999999999999998,1.6094379124341005,366.6666666666667,1.2889278205807633
18,18,0,fam,0.22666666666666666,1.4842747694800944,366.6666666666667,1.2889278205807633
19,19,1,fam,0.21935483870967742,1.5170645923030852,366.6666666666667,1.2889278205807633
20,20,2,fam,0.2125,1.5488132906176655,366.6666666666667,1.2889278205807633
21,21,0,fam,0.23636363636363636,1.4423838277709342,366.6666666666667,1.2889278205807633
22,22,1,fam,0.22941176470588234,1.4722367909206153,366.6666666666667,1.2889278205807633
23,23,2,fam,0.22285714285714286,1.5012243277938675,366.6666666666667,1.2889278205807633
24,24,0,fam,0.24444444444444446,1.4087672169719492,366.6666666666667,1.2889278205807633
25,25,1,fam,0.23783783783783785,1.4361661911600636,366.6666666666667,1.2889278205807633
26,26,2,fam,0.23157894736842108,1.462834438242225,366.6666666666667,1.2889278205807633
27,27,0,fam,0.2512820512820513,1.3811792604531201,366.6666666666667,1.2889278205807633
28,28,1,fam,0.24500000000000002,1.40649706843741,366.6666666666667,1.2889278205807633
29,29,2,fam,0.23902439024390246,1.4311896810277815,366.6666666666667,1.2889278205807633
30,30,0,fam,0.2571428571428572,1.3581234841531942,366.6666666666667,1.2889278205807633
31,31,1,fam,0.25116279069767444,1.3816539815633884,366.6666666666667,1.2889278205807633
32,32,2,fam,0.24545454545454548,1.404643499788087,366.6666666666667,1.2889278205807633
33,33,0,fam,0.26222222222222225,1.3385629582987006,366.6666666666667,1.2889278205807633
34,34,1,fam,0.2565217391304348,1.3605418650174759,366.6666666666667,1.2889278205807633
35,35,2,fam,0.25106382978723407,1.3820480702384395,366.6666666666667,1.2889278205807633
36,36,0,fam,0.26666666666666666,1.3217558399823195,366.6666666666667,1.2889278205807633
37,37,1,fam,0.2612244897959184,1.342375127185055,366.6666666666667,1.2889278205807633
38,38,2,fam,0.256,1.3625778345025745,366.6666666666667,1.2889278205807633
39,39,0,fam,0.2705882352941177,1.3071570405611665,366.6666666666667,1.2889278205807633
40,40,1,fam,0.2653846153846154,1.3265751264182684,366.6666666666667,1.2889278205807633
41,41,2,fam,0.26037735849056604,1.3456233213889628,366.6666666666667,1.2889278205807633
42,42,0,fam,0.2740740740740741,1.294356865794205,366.6666666666667,1.2889278205807633
43,43,1,fam,0.2690909090909091,1.3127060044624015,366.6666666666667,1.2889278205807633
44,44,2,fam,0.2642857142857143,1.3307245099650797,366.6666666666667,1.2889278205807633
45,45,0,fam,0.2771929824561404,1.2830413278016288,366.6666666666667,1.2889278205807633
46,46,1,fam,0.27241379310344827,1.3004330705134983,366.6666666666667,1.2889278205807633
47,47,2,fam,0.2677966101694915,1.3175275038727983,366.6666666666667,1.2889278205807633
48,48,0,fam,0.28,1.2729656758128873,366.6666666666667,1.2889278205807633
49,49,1,fam,0.2754098360655738,1.289494977764098,366.6666666666667,1.2889278205807633
50,50,2,fam,0.2709677419354839,1.3057554986358781,366.6666666666667,1.2889278205807633
51,51,0,fam,0.28253968253968254,1.2639362690934932,366.6666666666667,1.2889278205807633
52,52,1,fam,0.278125,1.2796846260616324,366.6666666666667,1.2889278205807633
53,53,2,fam,0.27384615384615385,1.2951888125975977,366.6666666666667,1.2889278205807633
54,54,0,fam,0.28484848484848485,1.255797872190522,366.6666666666667,1.2889278205807633
55,55,1,fam,0.28059701492537314,1.2708357495550624,366.6666666666667,1.2889278205807633
56,56,2,fam,0.27647058823529413,1.2856508353402032,366.6666666666667,1.2889278205807633
57,57,0,fam,0.28695652173913044,1.2484245668967697,366.6666666666667,1.2889278205807633
58,58,1,fam,0.28285714285714286,1.2628133043488694,366.6666666666667,1.2889278205807633
59,59,2,fam,0.27887323943661974,1.2769979393408257,366.6666666666667,1.2889278205807633
60,60,0,fam,0.2888888888888889,1.2417131323087829,366.6666666666667,1.2889278205807633
61,61,1,fam,0.28493150684931506,1.2555064544411187,366.6666666666667,1.2889278205807633
62,62,2,fam,0.2810810810810811,1.2691121064968973,366.6666666666667,1.2889278205807633
63,63,0,fam,0.2906666666666667,1.235578143741267,366.6666666666667,1.2889278205807633
64,64,1,fam,0.2868421052631579,1.2488233704912877,366.6666666666667,1.2889278205807633
65,65,2,fam,0.2831168831168831,1.2618954520586405,366.6666666666667,1.2889278205807633
66,66,3,recov,0.010256410256410256,4.579852378003801,366.6666666666667,1.2889278205807633
67,67,4,recov,0.010126582278481013,4.592591403781231,366.6666666666667,1.2889278205807633
68,68,5,recov,0.01,4.605170185988091,366.6666666666667,1.2889278205807633
69,69,3,recov,0.022222222222222223,3.8066624897703196,366.6666666666667,1.2889278205807633
70,70,4,recov,0.021951219512195124,3.818932582362134,366.6666666666667,1.2889278205807633
71,71,5,recov,0.021686746987951807,3.8310539428944788,366.6666666666667,1.2889278205807633
72,72,3,recov,0.03333333333333333,3.4011973816621555,366.6666666666667,1.2889278205807633
73,73,4,recov,0.03294117647058823,3.4130318393091583,366.6666666666667,1.2889278205807633
74,74,5,recov,0.03255813953488372,3.4247278790723494,366.6666666666667,1.2889278205807633
75,75,3,recov,0.04367816091954023,3.1309070519222435,366.6666666666667,1.2889278205807633
76,76,4,recov,0.04318181818181818,3.142335747745866,366.6666666666667,1.2889278205807633
77,77,5,recov,0.04269662921348314,3.1536353029998,366.6666666666667,1.2889278205807633
78,78,3,recov,0.05333333333333333,2.9311937524164198,366.6666666666667,1.2889278205807633
79,79,4,recov,0.05274725274725275,2.942243588603005,366.6666666666667,1.2889278205807633
80,80,5,recov,0.05217391304347826,2.953172659135195,366.6666666666667,1.2889278205807633
81,81,3,recov,0.06236559139784946,2.774741575600882,366.6666666666667,1.2889278205807633
82,82,4,recov,0.06170212765957447,2.78543686471763,366.6666666666667,1.2889278205807633
83,83,5,recov,0.061052631578947365,2.796018974048167,366.6666666666667,1.2889278205807633
84,84,3,recov,0.07083333333333333,2.647425579285775,366.6666666666667,1.2889278205807633
85,85,4,recov,0.07010309278350516,2.6577883663213218,366.6666666666667,1.2889278205807633
86,86,5,recov,0.06938775510204082,2.668044866488511,366.6666666666667,1.2889278205807633
87,87,3,recov,0.07878787878787878,2.540996116439044,366.6666666666667,1.2889278205807633
88,88,4,recov,0.078,2.551046452292545,366.6666666666667,1.2889278205807633
89,89,5,recov,0.07722772277227723,2.5609967831457134,366.6666666666667,1.2889278205807633
90,90,3,recov,0.08627450980392158,2.45022109180011,366.6666666666667,1.2889278205807633
91,91,4,recov,0.08543689320388351,2.459977266745475,366.6666666666667,1.2889278205807633
92,92,5,recov,0.08461538461538462,2.469639177657212,366.6666666666667,1.2889278205807633
93,93,3,recov,0.09333333333333334,2.371577964480997,366.6666666666667,1.2889278205807633
94,94,4,recov,0.09245283018867925,2.381056708435541,366.6666666666667,1.2889278205807633
95,95,5,recov,0.09158878504672897,2.39044644878538,366.6666666666667,1.2889278205807633
96,96,3,recov,0.1,2.3025850929940455,366.6666666666667,1.2889278205807633
97,97,4,recov,0.09908256880733946,2.3118017480989694,366.6666666666667,1.2889278205807633
98,98,5,recov,0.09818181818181819,2.320934231662242,366.6666666666667,1.2889278205807633
99,99,3,recov,0.10630630630630632,2.241430669840715,366.6666666666667,1.2889278205807633
100,100,4,recov,0.10535714285714286,2.2503993398234754,366.6666666666667,1.2889278205807633
101,101,5,recov,0.10442477876106196,2.259288287240721,366.6666666666667,1.2889278205807633
102,102,3,recov,0.11228070175438597,2.186753277468924,366.6666666666667,1.2889278205807633
103,103,4,recov,0.11130434782608696,2.1954869574376787,366.6666666666667,1.2889278205807633
104,104,5,recov,0.11034482758620691,2.204145020180793,366.6666666666667,1.2889278205807633
105,105,3,recov,0.11794871794871796,2.137505342634597,366.6666666666667,1.2889278205807633
106,106,4,recov,0.11694915254237288,2.146016032302506,366.6666666666667,1.2889278205807633
107,107,5,recov,0.11596638655462185,2.1544549009483704,366.6666666666667,1.2889278205807633
108,108,3,recov,0.12333333333333334,2.0928645620119766,366.6666666666667,1.2889278205807633
109,109,4,recov,0.12231404958677687,2.1011633648266717,366.6666666666667,1.2889278205807633
110,110,5,recov,0.12131147540983607,2.109393863963187,366.6666666666667,1.2889278205807633
111,111,3,recov,0.12845528455284552,2.0521744153394965,366.6666666666667,1.2889278205807633
112,112,4,recov,0.12741935483870967,2.0602716255721156,366.6666666666667,1.2889278205807633
113,113,5,recov,0.1264,2.06830379726938,366.6666666666667,1.2889278205807633
114,114,3,recov,0.13333333333333333,2.0149030205422647,366.6666666666667,1.2889278205807633
115,115,4,recov,0.13228346456692913,2.022808200049378,366.6666666666667,1.2889278205807633
116,116,5,recov,0.13125,2.030651377510404,366.6666666666667,1.2889278205807633
117,117,3,recov,0.13798449612403102,1.9806139470636326,366.6666666666667,1.2889278205807633
118,118,4,recov,0.13692307692307693,1.9883359931575428,366.6666666666667,1.2889278205807633
119,119,5,recov,0.13587786259541984,1.995998865903112,366.6666666666667,1.2889278205807633
120,120,3,recov,0.14242424242424243,1.9489450527504673,366.6666666666667,1.2889278205807633
121,121,4,recov,0.14135338345864662,1.9564922583858502,366.6666666666667,1.2889278205807633
122,122,5,recov,0.14029850746268657,1.9639829301150078,366.6666666666667,1.2889278205807633
123,123,3,recov,0.14666666666666667,1.91959284073794,366.6666666666667,1.2889278205807633
124,124,4,recov,0.14558823529411766,1.9269729480355624,366.6666666666667,1.2889278205807633
125,125,5,recov,0.14452554744525548,1.9342989881276353,366.6666666666667,1.2889278205807633
126,126,3,recov,0.15072463768115943,1.8923006984499324,366.6666666666667,1.2889278205807633
127,127,4,recov,0.1496402877697842,1.8995209464234193,366.6666666666667,1.2889278205807633
128,128,5,recov,0.14857142857142858,1.9066894359020319,366.6666666666667,1.2889278205807633
129,129,3,recov,0.15460992907801419,1.866849920583125,366.6666666666667,1.2889278205807633
130,130,4,recov,0.1535211267605634,1.8739170878062172,366.6666666666667,1.2889278205807633
131,131,5,recov,0.15244755244755245,1.880934660464864,366.6666666666667,1.2889278205807633
132,132,3,recov,0.15833333333333333,1.8430527636156055,366.6666666666667,1.2889278205807633
133,133,4,recov,0.15724137931034482,1.8499732064601793,366.6666666666667,1.2889278205807633
134,134,5,recov,0.15616438356164383,1.8568460857479414,366.6666666666667,1.2889278205807633
135,135,3,recov,0.1619047619047619,1.8207470061013074,366.6666666666667,1.2889278205807633
136,136,4,recov,0.1608108108108108,1.827526693086686,366.6666666666667,1.2889278205807633
137,137,5,recov,0.1597315436241611,1.83426072526803,366.6666666666667,1.2889278205807633
138,138,3,recov,0.16533333333333333,1.7997916409253192,366.6666666666667,1.2889278205807633
139,139,4,recov,0.1642384105960265,1.8064361836439877,366.6666666666667,1.2889278205807633
140,140,5,recov,0.1631578947368421,1.81303686767534,366.6666666666667,1.2889278205807633
141,141,3,recov,0.16862745098039217,1.7800634294648636,366.6666666666667,1.2889278205807633
142,142,4,recov,0.16753246753246753,1.7865781104860574,366.6666666666667,1.2889278205807633
143,143,5,recov,0.1664516129032258,1.793050624991675,366.6666666666667,1.2889278205807633
144,144,3,recov,0.1717948717948718,1.761454119732726,366.6666666666667,1.2889278205807633
145,145,4,recov,0.17070063694267518,1.7678439178314969,366.6666666666667,1.2889278205807633
146,146,5,recov,0.16962025316455698,1.7741931455101556,366.6666666666667,1.2889278205807633
147,147,3,recov,0.1748427672955975,1.74386818152364,366.6666666666667,1.2889278205807633
148,148,4,recov,0.17375000000000002,1.7501377945372354,366.6666666666667,1.2889278205807633
149,149,5,recov,0.17267080745341615,1.7563683442878717,366.6666666666667,1.2889278205807633
150,150,3,recov,0.17777777777777778,1.7272209480904839,366.6666666666667,1.2889278205807633
151,151,4,recov,0.17668711656441718,1.7333748136648621,366.6666666666667,1.2889278205807633
152,152,5,recov,0.175609756097561,1.739491040682298,366.6666666666667,1.2889278205807633
153,153,3,recov,0.1806060606060606,1.7114370803892218,366.6666666666667,1.2889278205807633
154,154,4,recov,0.17951807228915664,1.7174793948451843,366.6666666666667,1.2889278205807633
155,155,5,recov,0.1784431137724551,1.7234854189053963,366.6666666666667,1.2889278205807633
156,156,3,recov,0.18333333333333335,1.69644928942373,366.6666666666667,1.2889278205807633
157,157,4,recov,0.18224852071005918,1.7023840249435447,366.6666666666667,1.2889278205807633
158,158,5,recov,0.1811764705882353,1.708283747070733,366.6666666666667,1.2889278205807633
159,159,3,recov,0.18596491228070175,1.6821972667165288,366.6666666666667,1.2889278205807633
160,160,4,recov,0.18488372093023256,1.688028187027322,366.6666666666667,1.2889278205807633
161,161,5,recov,0.1838150289017341,1.6938253047116478,366.6666666666667,1.2889278205807633
162,162,3,recov,0.18850574712643678,1.668626783824431,366.6666666666667,1.2889278205807633
163,163,4,recov,0.18742857142857142,1.674357458533416,366.6666666666667,1.2889278205807633
164,164,5,recov,0.18636363636363634,1.6800554796480538,366.6666666666667,1.2889278205807633
165,165,3,recov,0.1909604519774011,1.655688930084856,366.6666666666667,1.2889278205807633
166,166,4,recov,0.18988764044943818,1.6613227478031123,366.6666666666667,1.2889278205807633
167,167,5,recov,0.1888268156424581,1.666925003351782,366.6666666666667,1.2889278205807633
168,168,3,recov,0.19333333333333333,1.6433394641097818,366.6666666666667,1.2889278205807633
169,169,4,recov,0.19226519337016573,1.6488796444853973,366.6666666666667,1.2889278205807633
170,170,5,recov,0.1912087912087912,1.6543893002963668,366.6666666666667,1.2889278205807633
171,171,3,recov,0.19562841530054642,1.6315382594347665,366.6666666666667,1.2889278205807633
172,172,4,recov,0.19456521739130433,1.636987864202331,366.6666666666667,1.2889278205807633
173,173,5,recov,0.1935135135135135,1.6424079316716702,366.6666666666667,1.2889278205807633
174,174,3,recov,0.1978494623655914,1.620248828538316,366.6666666666667,1.2889278205807633
175,175,4,recov,0.19679144385026737,1.6256107716797015,366.6666666666667,1.2889278205807633
176,176,5,recov,0.1957446808510638,1.630944117655064,366.6666666666667,1.2889278205807633
177,177,3,recov,0.19999999999999998,1.6094379124341005,366.6666666666667,1.2889278205807633
178,178,4,recov,0.19894736842105262,1.614714969534944,366.6666666666667,1.2889278205807633
179,179,5,recov,0.19790575916230366,1.6199643254210878,366.6666666666667,1.2889278205807633
180,180,3,recov,0.2020833333333333,1.599075125398554,366.6666666666667,1.2889278205807633
181,181,4,recov,0.2010362694300518,1.604269942275658,366.6666666666667,1.2889278205807633
182,182,5,recov,0.19999999999999998,1.6094379124341005,366.6666666666667,1.2889278205807633
183,183,3,recov,0.20410256410256408,1.5891326462733548,366.6666666666667,1.2889278205807633
184,184,4,recov,0.2030612244897959,1.5942477469401253,366.6666666666667,1.2889278205807633
185,185,5,recov,0.20203045685279186,1.5993368164475965,366.6666666666667,1.2889278205807633
186,186,3,recov,0.20606060606060606,1.5795849492844192,366.6666666666667,1.2889278205807633
187,187,4,recov,0.20502512562814068,1.5846227433143765,366.6666666666667,1.2889278205807633
188,188,5,recov,0.204,1.5896352851379207,366.6666666666667,1.2889278205807633
189,189,3,recov,0.20796019900497512,1.570408568528365,366.6666666666667,1.2889278205807633
190,190,4,recov,0.20693069306930692,1.5753713578704942,366.6666666666667,1.2889278205807633
191,191,5,recov,0.20591133004926107,1.5803096395110767,366.6666666666667,1.2889278205807633
192,192,3,recov,0.20980392156862743,1.5615818912564654,366.6666666666667,1.2889278205807633
193,193,4,recov,0.20878048780487804,1.5664718765506571,366.6666666666667,1.2889278205807633
194,194,5,recov,0.2077669902912621,1.5713380662018301,366.6666666666667,1.2889278205807633
195,195,3,recov,0.21159420289855072,1.5530849758829686,366.6666666666667,1.2889278205807633
196,196,4,recov,0.21057692307692305,1.5579042623189177,366.6666666666667,1.2889278205807633
197,197,5,recov,0.2095693779904306,1.5627004345824107,366.6666666666667,1.2889278205807633
198,198,3,recov,0.21333333333333332,1.5448993912965292,366.6666666666667,1.2889278205807633
199,199,4,recov,0.2123222748815166,1.549649994055127,366.6666666666667,1.2889278205807633
200,200,5,recov,0.2113207547169811,1.554378135251073,366.6666666666667,1.2889278205807633
201,201,3,recov,0.21502347417840376,1.5370080745892858,366.6666666666667,1.2889278205807633
202,202,4,recov,0.21401869158878503,1.5416919239017122,366.6666666666667,1.2889278205807633
203,203,5,recov,0.21302325581395348,1.5463539370075237,366.6666666666667,1.2889278205807633
204,204,3,recov,0.21666666666666665,1.5293952047605641,366.6666666666667,1.2889278205807633
205,205,4,recov,0.21566820276497695,1.5340141506168585,366.6666666666667,1.2889278205807633
206,206,5,recov,0.2146788990825688,1.538611859865488,366.6666666666667,1.2889278205807633
207,207,3,recov,0.21826484018264838,1.5220460903190907,366.6666666666667,1.2889278205807633
208,208,4,recov,0.21727272727272726,1.5266019068549512,366.6666666666667,1.2889278205807633
209,209,5,recov,0.21628959276018098,1.5311370620203426,366.6666666666667,1.2889278205807633
210,210,3,recov,0.2198198198198198,1.514947069013178,366.6666666666667,1.2889278205807633
211,211,4,recov,0.21883408071748878,1.5194414586010174,366.6666666666667,1.2889278205807633
212,212,5,recov,0.21785714285714283,1.5239157389959386,366.6666666666667,1.2889278205807633
213,213,3,recov,0.22133333333333333,1.508085418173813,366.6666666666667,1.2889278205807633
214,214,4,recov,0.22035398230088493,1.5125200152416787,366.6666666666667,1.2889278205807633
215,215,5,recov,0.21938325991189425,1.5169350334507956,366.6666666666667,1.2889278205807633
216,216,3,recov,0.22280701754385965,1.5014492743700045,366.6666666666667,1.2889278205807633
217,217,4,recov,0.22183406113537116,1.5058256489698036,366.6666666666667,1.2889278205807633
218,218,5,recov,0.2208695652173913,1.5101829543387593,366.6666666666667,1.2889278205807633
219,219,3,recov,0.22424242424242424,1.4950275612563562,366.6666666666667,1.2889278205807633
220,220,4,recov,0.2232758620689655,1.4993472224008726,366.6666666666667,1.2889278205807633
221,221,5,recov,0.22231759656652358,1.5036483043002633,366.6666666666667,1.2889278205807633
222,222,3,recov,0.22564102564102562,1.4888099246454858,366.6666666666667,1.2889278205807633
223,223,4,recov,0.22468085106382976,1.4930743234319432,366.6666666666667,1.2889278205807633
224,224,5,recov,0.22372881355932203,1.4973206143133944,366.6666666666667,1.2889278205807633
225,225,3,recov,0.2270042194092827,1.4827866739673925,366.6666666666667,1.2889278205807633
226,226,4,recov,0.22605042016806723,1.486997206503736,366.6666666666667,1.2889278205807633
227,227,5,recov,0.22510460251046024,1.491190084763772,366.6666666666667,1.2889278205807633
228,228,3,recov,0.22833333333333333,1.4769487293880215,366.6666666666667,1.2889278205807633
229,229,4,recov,0.22738589211618257,1.4811067395366853,366.6666666666667,1.2889278205807633
230,230,5,recov,0.22644628099173553,1.4852475322027165,366.6666666666667,1.2889278205807633
231,231,3,recov,0.22962962962962963,1.4712875739532831,366.6666666666667,1.2889278205807633
232,232,4,recov,0.22868852459016392,1.4753943559059366,366.6666666666667,1.2889278205807633
233,233,5,recov,0.2277551020408163,1.4794843411574619,366.6666666666667,1.2889278205807633
234,234,3,recov,0.23089430894308943,1.4657952102052572,366.6666666666667,1.2889278205807633
235,235,4,recov,0.22995951417004049,1.4698520109008715,366.6666666666667,1.2889278205807633
236,236,5,recov,0.22903225806451613,1.4738924204378765,366.6666666666667,1.2889278205807633
237,237,3,recov,0.2321285140562249,1.4604641207863758,366.6666666666667,1.2889278205807633
238,238,4,recov,0.2312,1.4644721421839146,366.6666666666667,1.2889278205807633
239,239,5,recov,0.2302788844621514,1.468464163453452,366.6666666666667,1.2889278205807633
240,240,3,recov,0.2333333333333333,1.4552872326068422,366.6666666666667,1.2889278205807633
241,241,4,recov,0.23241106719367588,1.459247633822939,366.6666666666667,1.2889278205807633
242,242,5,recov,0.23149606299212597,1.4631924121139555,366.6666666666667,1.2889278205807633
243,243,3,recov,0.23450980392156862,1.45025788420184,366.6666666666667,1.2889278205807633
244,244,4,recov,0.23359375,1.4541717835229764,366.6666666666667,1.2889278205807633
245,245,5,recov,0.2326848249027237,1.4580704239386337,366.6666666666667,1.2889278205807633
246,246,3,recov,0.23565891472868217,1.4453697959494962,366.6666666666667,1.2889278205807633
247,247,4,recov,0.23474903474903475,1.4492382727274165,366.6666666666667,1.2889278205807633
248,248,5,recov,0.23384615384615384,1.4530918420434065,366.6666666666667,1.2889278205807633
249,249,3,recov,0.23678160919540228,1.4406170428590483,366.6666666666667,1.2889278205807633
250,250,4,recov,0.23587786259541985,1.4444411392974519,366.6666666666667,1.2889278205807633
251,251,5,recov,0.2349809885931559,1.4482506677141196,366.6666666666667,1.2889278205807633
252,252,3,recov,0.23787878787878786,1.4359940296721632,366.6666666666667,1.2889278205807633
253,253,4,recov,0.2369811320754717,1.4397747525120692,366.6666666666667,1.2889278205807633
254,254,5,recov,0.23609022556390977,1.443541235307546,366.6666666666667,1.2889278205807633
255,255,3,recov,0.2389513108614232,1.4314954680495053,366.6666666666667,1.2889278205807633
256,256,4,recov,0.2380597014925373,1.4352337901601124,366.6666666666667,1.2889278205807633
257,257,5,recov,0.23717472118959107,1.438958189251095,366.6666666666667,1.2889278205807633
258,258,3,recov,0.24,1.4271163556401458,366.6666666666667,1.2889278205807633
259,259,4,recov,0.23911439114391142,1.430813217521472,366.6666666666667,1.2889278205807633
260,260,5,recov,0.23823529411764705,1.4344964629377683,366.6666666666667,1.2889278205807633
261,261,3,recov,0.241025641025641,1.4228519568536884,366.6666666666667,1.2889278205807633
262,262,4,recov,0.24014598540145984,1.4265082680567986,366.6666666666667,1.2889278205807633
263,263,5,recov,0.23927272727272728,1.4301512593352999,366.6666666666667,1.2889278205807633
264,264,3,recov,0.24202898550724636,1.4186977851745501,366.6666666666667,1.2889278205807633
265,265,4,recov,0.2411552346570397,1.4223144256447384,366.6666666666667,1.2889278205807633
266,266,5,recov,0.24028776978417266,1.425918033148037,366.6666666666667,1.2889278205807633
267,267,3,recov,0.24301075268817204,1.4146495868750157,366.6666666666667,1.2889278205807633
268,268,4,recov,0.24214285714285713,1.4182274082228998,366.6666666666667,1.2889278205807633
269,269,5,recov,0.24128113879003557,1.421792474387396,366.6666666666667,1.2889278205807633
270,270,3,recov,0.24397163120567375,1.4107033259988155,366.6666666666667,1.2889278205807633
271,271,4,recov,0.2431095406360424,1.4142431527039396,366.6666666666667,1.2889278205807633
272,272,5,recov,0.24225352112676055,1.4177704932219082,366.6666666666667,1.2889278205807633
273,273,3,recov,0.2449122807017544,1.4068551705003238,366.6666666666667,1.2889278205807633
274,274,4,recov,0.24405594405594405,1.4103578010515259,366.6666666666667,1.2889278205807633
275,275,5,recov,0.24320557491289196,1.4138482059912945,366.6666666666667,1.2889278205807633
276,276,3,recov,0.24583333333333332,1.403101479436272,366.6666666666667,1.2889278205807633
277,277,4,recov,0.2449826989619377,1.4065676874127582,366.6666666666667,1.2889278205807633
278,278,5,recov,0.24413793103448275,1.4100219222808457,366.6666666666667,1.2889278205807633
279,279,3,recov,0.24673539518900342,1.399438791117314,366.6666666666667,1.2889278205807633
280,280,4,recov,0.2458904109589041,1.4028693262141032,366.6666666666667,1.2889278205807633
281,281,5,recov,0.24505119453924915,1.406288132962889,366.6666666666667,1.2889278205807633
282,282,3,recov,0.2476190476190476,1.3958638121360414,366.6666666666667,1.2889278205807633
283,283,4,recov,0.24677966101694915,1.3992594011371795,366.6666666666667,1.2889278205807633
284,284,5,recov,0.24594594594594593,1.40264349912142,366.6666666666667,1.2889278205807633
285,285,3,recov,0.24848484848484848,1.3923734071962728,366.6666666666667,1.2889278205807633
286,286,4,recov,0.24765100671140938,1.3957347548989776,366.6666666666667,1.2889278205807633
287,287,5,recov,0.24682274247491637,1.3990848417842596,366.6666666666667,1.2889278205807633
288,288,3,recov,0.24933333333333332,1.3889645896757696,366.6666666666667,1.2889278205807633
289,289,4,recov,0.2485049833887043,1.3922923797684443,366.6666666666667,1.2889278205807633
290,290,5,recov,0.247682119205298,1.3956091323944382,366.6666666666667,1.2889278205807633
291,291,3,recov,0.25016501650165013,1.3856345128610432,366.6666666666667,1.2889278205807633
292,292,4,recov,0.2493421052631579,1.3889294087578958,366.6666666666667,1.2889278205807633
293,293,5,recov,0.2485245901639344,1.3922134839590856,366.6666666666667,1.2889278205807633
294,294,3,recov,0.25098039215686274,1.3823804617987543,366.6666666666667,1.2889278205807633
295,295,4,recov,0.2501628664495114,1.3856431074335707,366.6666666666667,1.2889278205807633
296,296,5,recov,0.24935064935064935,1.388895142819948,366.6666666666667,1.2889278205807633
297,297,3,recov,0.2517799352750809,1.3791998457133996,366.6666666666667,1.2889278205807633
298,298,4,recov,0.2509677419354839,1.382430866294846,366.6666666666667,1.2889278205807633
299,299,5,recov,0.25016077170418005,1.3856514809948883,366.6666666666667,1.2889278205807633
300,300,3,recov,0.25256410256410255,1.3760901909456489,366.6666666666667,1.2889278205807633
301,301,4,recov,0.25175718849840256,1.3792901936763198,366.6666666666667,1.2889278205807633
302,302,5,recov,0.25095541401273885,1.38247998904442,366.6666666666667,1.2889278205807633
303,303,3,recov,0.2533333333333333,1.37304913436987,366.6666666666667,1.2889278205807633
304,304,4,recov,0.25253164556962027,1.376218709131149,366.6666666666667,1.2889278205807633
305,305,5,recov,0.25173501577287066,1.3793782694215175,366.6666666666667,1.2889278205807633
306,306,3,recov,0.2540880503144654,1.3700744172531272,366.6666666666667,1.2889278205807633
307,307,4,recov,0.25329153605015675,1.3732141372577948,366.6666666666667,1.2889278205807633
308,308,5,recov,0.2525,1.3763440302667225,366.6666666666667,1.2889278205807633
309,309,3,recov,0.25482866043613706,1.3671638795213146,366.6666666666667,1.2889278205807633
310,310,4,recov,0.2540372670807453,1.370274301935707,366.6666666666667,1.2889278205807633
311,311,5,recov,0.253250773993808,1.3733750796139552,366.6666666666667,1.2889278205807633
312,312,3,recov,0.25555555555555554,1.3643154544011153,366.6666666666667,1.2889278205807633
313,313,4,recov,0.25476923076923075,1.3673971209385236,366.6666666666667,1.2889278205807633
314,314,5,recov,0.25398773006134967,1.3704693199754938,366.6666666666667,1.2889278205807633
315,315,3,recov,0.25626911314984707,1.361527163409216,366.6666666666667,1.2889278205807633
316,316,4,recov,0.2554878048780488,1.3645806008961063,366.6666666666667,1.2889278205807633
317,317,5,recov,0.2547112462006079,1.3676247432773345,366.6666666666667,1.2889278205807633
318,318,3,recov,0.25696969696969696,1.3587971116626685,366.6666666666667,1.2889278205807633
319,319,4,recov,0.2561933534743202,1.3618228325792057,366.6666666666667,1.2889278205807633
320,320,5,recov,0.25542168674698795,1.3648394261186312,366.6666666666667,1.2889278205807633
321,321,3,recov,0.25765765765765763,1.3561234834865272,366.6666666666667,1.2889278205807633
322,322,4,recov,0.2568862275449102,1.3591219864827837,366.6666666666667,1.2889278205807633
323,323,5,recov,0.25611940298507463,1.3621115253311498,366.6666666666667,1.2889278205807633
324,324,3,recov,0.2583333333333333,1.3535045382968998,366.6666666666667,1.2889278205807633
325,325,4,recov,0.257566765578635,1.3564763086860572,366.6666666666667,1.2889278205807633
326,326,5,recov,0.25680473372781065,1.3594392738167143,366.6666666666667,1.2889278205807633
327,327,3,recov,0.25899705014749264,1.3509386067393792,366.6666666666667,1.2889278205807633
328,328,4,recov,0.25823529411764706,1.353884116969136,366.6666666666667,1.2889278205807633
329,329,5,recov,0.2574780058651026,1.356820976642446,366.6666666666667,1.2889278205807633
330,330,3,recov,0.2596491228070175,1.3484240870644808,366.6666666666667,1.2889278205807633
331,331,4,recov,0.2588921282798834,1.3513437971678155,366.6666666666667,1.2889278205807633
332,332,5,recov,0.25813953488372093,1.354255007375274,366.6666666666667,1.2889278205807633
333,333,3,recov,0.26028985507246377,1.345959441723206,366.6666666666667,1.2889278205807633
334,334,4,recov,0.25953757225433527,1.3488537997495702,366.6666666666667,1.2889278205807633
335,335,5,recov,0.25878962536023054,1.3517398046387052,366.6666666666667,1.2889278205807633
336,336,3,recov,0.26091954022988506,1.3435431941672267,366.6666666666667,1.2889278205807633
337,337,4,recov,0.26017191977077364,1.3464126365951796,366.6666666666667,1.2889278205807633
338,338,5,recov,0.2594285714285714,1.3492738688762118,366.6666666666667,1.2889278205807633
339,339,3,recov,0.26153846153846155,1.341173925839421,366.6666666666667,1.2889278205807633
340,340,4,recov,0.26079545454545455,1.3440188779716522,366.6666666666667,1.2889278205807633
341,341,5,recov,0.260056657223796,1.3468557593068522,366.6666666666667,1.2889278205807633
342,342,3,recov,0.2621468926553672,1.3388502733416197,366.6666666666667,1.2889278205807633
343,343,4,recov,0.26140845070422536,1.341671149683261,366.6666666666667,1.2889278205807633
344,344,5,recov,0.2606741573033708,1.3444840910598757,366.6666666666667,1.2889278205807633
345,345,3,recov,0.2627450980392157,1.33657092576746,366.6666666666667,1.2889278205807633
346,346,4,recov,0.2620111731843575,1.3393681303885214,366.6666666666667,1.2889278205807633
347,347,5,recov,0.26128133704735373,1.3421575324761,366.6666666666667,1.2889278205807633
348,348,3,recov,0.2633333333333333,1.3343346221891796,366.6666666666667,1.2889278205807633
349,349,4,recov,0.2626038781163435,1.3371085490719048,366.6666666666667,1.2889278205807633
350,350,5,recov,0.261878453038674,1.339874802564795,366.6666666666667,1.2889278205807633
351,351,3,recov,0.2639118457300275,1.332140149288036,366.6666666666667,1.2889278205807633
352,352,4,recov,0.2631868131868132,1.3348911826599257,366.6666666666667,1.2889278205807633
353,353,5,recov,0.2624657534246575,1.3376346686056768,366.6666666666667,1.2889278205807633
354,354,3,recov,0.2644808743169399,1.329986339118835,366.6666666666667,1.2889278205807633
355,355,4,recov,0.26376021798365124,1.3327148537720388,366.6666666666667,1.2889278205807633
356,356,5,recov,0.26304347826086955,1.3354359438863996,366.6666666666667,1.2889278205807633
357,357,3,recov,0.26504065040650404,1.3278720669997557,366.6666666666667,1.2889278205807633
358,358,4,recov,0.2643243243243243,1.3305784285974986,366.6666666666667,1.2889278205807633
359,359,5,recov,0.2636118598382749,1.3332774855666636,366.6666666666667,1.2889278205807633
360,360,3,recov,0.26559139784946234,1.3257962495193245,366.6666666666667,1.2889278205807633
361,361,4,recov,0.2648793565683646,1.3284808148899936,366.6666666666667,1.2889278205807633
362,362,5,recov,0.2641711229946524,1.33115819266071,366.6666666666667,1.2889278205807633
363,363,3,recov,0.26613333333333333,1.3237578426529926,366.6666666666667,1.2889278205807633
364,364,4,recov,0.2654255319148936,1.3264209600724763,366.6666666666667,1.2889278205807633
365,365,5,recov,0.2647214854111406,1.3290770041305924,366.6666666666667,1.2889278205807633
366,366,3,recov,0.26666666666666666,1.3217558399823195,366.6666666666667,1.2889278205807633
367,367,4,recov,0.26596306068601583,1.324397849445158,366.6666666666667,1.2889278205807633
368,368,5,recov,0.2652631578947368,1.3270328970831633,366.6666666666667,1.2889278205807633
369,369,3,recov,0.2671916010498688,1.3197892710102785,366.6666666666667,1.2889278205807633
370,370,4,recov,0.26649214659685866,1.3224105044901528,366.6666666666667,1.2889278205807633
371,371,5,recov,0.26579634464751956,1.3250248850642237,366.6666666666667,1.2889278205807633
372,372,3,recov,0.2677083333333333,1.3178571995666621,366.6666666666667,1.2889278205807633
373,373,4,recov,0.267012987012987,1.3204579812667196,366.6666666666667,1.2889278205807633
374,374,5,recov,0.26632124352331604,1.3230520164437662,366.6666666666667,1.2889278205807633
375,375,3,recov,0.2682170542635659,1.3159587222979936,366.6666666666667,1.2889278205807633
376,376,4,recov,0.2675257731958763,1.3185393688914853,366.6666666666667,1.2889278205807633
377,377,5,recov,0.2668380462724936,1.321113372886658,366.6666666666667,1.2889278205807633
378,378,3,recov,0.2687179487179487,1.3140929672367505,366.6666666666667,1.2889278205807633
379,379,4,recov,0.2680306905370844,1.316653788098424,366.6666666666667,1.2889278205807633
380,380,5,recov,0.2673469387755102,1.3192080679035207,366.6666666666667,1.2889278205807633
381,381,3,recov,0.2692111959287532,1.3122590924450621,366.6666666666667,1.2889278205807633
382,382,4,recov,0.2685279187817259,1.3148003898737348,366.6666666666667,1.2889278205807633
383,383,5,recov,0.26784810126582276,1.317335245476923,366.6666666666667,1.2889278205807633
384,384,3,recov,0.2696969696969697,1.310456284728386,366.6666666666667,1.2889278205807633
385,385,4,recov,0.2690176322418136,1.312978354161096,366.6666666666667,1.2889278205807633
386,386,5,recov,0.26834170854271355,1.3154940787583433,366.6666666666667,1.2889278205807633
387,387,3,recov,0.27017543859649124,1.3086837584149666,366.6666666666667,1.2889278205807633
388,388,4,recov,0.2695,1.311186888633085,366.6666666666667,1.2889278205807633
389,389,5,recov,0.2688279301745636,1.3136837688316725,366.6666666666667,1.2889278205807633
390,390,3,recov,0.27064676616915423,1.3069407541971787,366.6666666666667,1.2889278205807633
391,391,4,recov,0.26997518610421833,1.3094252275248408,366.6666666666667,1.2889278205807633
392,392,5,recov,0.2693069306930693,1.3119035435393078,366.6666666666667,1.2889278205807633
393,393,3,recov,0.2711111111111111,1.305226538031109,366.6666666666667,1.2889278205807633
394,394,4,recov,0.27044334975369455,1.3076926305263026,366.6666666666667,1.2889278205807633
395,395,5,recov,0.2697788697788698,1.3101526563671648,366.6666666666667,1.2889278205807633
396,396,3,recov,0.27156862745098037,1.3035404000909783,366.6666666666667,1.2889278205807633
397,397,4,recov,0.2709046454767726,1.3059883817296183,366.6666666666667,1.2889278205807633
398,398,5,recov,0.2702439024390244,1.30843038538517,366.6666666666667,1.2889278205807633
399,399,3,recov,0.2720194647201946,1.301881653775236,366.6666666666667,1.2889278205807633
400,400,4,recov,0.27135922330097084,1.3043117886285278,366.6666666666667,1.2889278205807633
401,401,5,recov,0.27070217917675543,1.306736032240034,366.6666666666667,1.2889278205807633
402,402,3,recov,0.27246376811594203,1.300249634761356,366.6666666666667,1.2889278205807633
403,403,4,recov,0.27180722891566267,1.3026621811667398,366.6666666666667,1.2889278205807633
404,404,5,recov,0.27115384615384613,1.3050689211973048,366.6666666666667,1.2889278205807633
405,405,3,recov,0.2729016786570743,1.298643700106571,366.6666666666667,1.2889278205807633
406,406,4,recov,0.2722488038277512,1.3010389108325258,366.6666666666667,1.2889278205807633
407,407,5,recov,0.27159904534606205,1.303428398229907,366.6666666666667,1.2889278205807633
408,408,3,recov,0.2733333333333333,1.297063227391948,366.6666666666667,1.2889278205807633
409,409,4,recov,0.27268408551068885,1.2994413497969153,366.6666666666667,1.2889278205807633
410,410,5,recov,0.2720379146919431,1.3018138301505457,366.6666666666667,1.2889278205807633
411,411,3,recov,0.27375886524822696,1.2955076139073831,366.6666666666667,1.2889278205807633
412,412,4,recov,0.2731132075471698,1.297868890093063,366.6666666666667,1.2889278205807633
413,413,5,recov,0.27247058823529413,1.3002246037855218,366.6666666666667,1.2889278205807633
414,414,3,recov,0.27417840375586855,1.2939762758752438,366.6666666666667,1.2889278205807633
415,415,4,recov,0.27353629976580796,1.296320942834498,366.6666666666667,1.2889278205807633
416,416,5,recov,0.27289719626168224,1.2986601251876702,366.6666666666667,1.2889278205807633
417,417,3,recov,0.2745920745920746,1.2924686477105307,366.6666666666667,1.2889278205807633
418,418,4,recov,0.273953488372093,1.2947969374701218,366.6666666666667,1.2889278205807633
419,419,5,recov,0.2733178654292343,1.2971198188862616,366.6666666666667,1.2889278205807633
420,420,3,recov,0.27499999999999997,1.2909841813155658,366.6666666666667,1.2889278205807633
421,421,4,recov,0.274364896073903,1.2932963210739452,366.6666666666667,1.2889278205807633
422,422,5,recov,0.2737327188940092,1.2956031271718604,366.6666666666667,1.2889278205807633
423,423,3,recov,0.2754022988505747,1.289522345407335,366.6666666666667,1.2889278205807633
424,424,4,recov,0.27477064220183484,1.2918185576676855,366.6666666666667,1.2889278205807633
425,425,5,recov,0.27414187643020593,1.2941095094142412,366.6666666666667,1.2889278205807633
426,426,3,recov,0.27579908675799086,1.2880826248757316,366.6666666666667,1.2889278205807633
427,427,4,recov,0.27517084282460136,1.2903631275744567,366.6666666666667,1.2889278205807633
428,428,5,recov,0.27454545454545454,1.2926384414115923,366.6666666666667,1.2889278205807633
429,429,3,recov,0.2761904761904762,1.2866645201710494,366.6666666666667,1.2889278205807633
430,430,4,recov,0.2755656108597285,1.2889295268019014,366.6666666666667,1.2889278205807633
431,431,5,recov,0.2749435665914221,1.291189414769339,366.6666666666667,1.2889278205807633
432,432,0,fam_r,0.051351351351351354,2.9690640264718295,366.6666666666667,1.2889278205807633
433,433,1,fam_r,0.051235955056179776,2.971313746205845,366.6666666666667,1.2889278205807633
434,434,2,fam_r,0.051121076233183856,2.973558416059669,366.6666666666667,1.2889278205807633
435,435,0,fam_r,0.05324384787472036,2.9328730139361396,366.6666666666667,1.2889278205807633
436,436,1,fam_r,0.053125,2.9351076517375563,366.6666666666667,1.2889278205807633
437,437,2,fam_r,0.053006681514476614,2.9373373070648254,366.6666666666667,1.2889278205807633
438,438,0,fam_r,0.05511111111111111,2.898403929593429,366.6666666666667,1.2889278205807633
439,439,1,fam_r,0.054988913525498895,2.9006236863317416,366.6666666666667,1.2889278205807633
440,440,2,fam_r,0.05486725663716814,2.9028385266612946,366.6666666666667,1.2889278205807633
441,441,0,fam_r,0.05695364238410596,2.8655176335554624,366.6666666666667,1.2889278205807633
442,442,1,fam_r,0.05682819383259912,2.867722706113776,366.6666666666667,1.2889278205807633
443,443,2,fam_r,0.056703296703296706,2.869922927023379,366.6666666666667,1.2889278205807633
444,444,0,fam_r,0.058771929824561406,2.834090921997575,366.6666666666667,1.2889278205807633
445,445,1,fam_r,0.05864332603938731,2.8362815033773936,366.6666666666667,1.2889278205807633
446,446,2,fam_r,0.05851528384279476,2.838467296597374,366.6666666666667,1.2889278205807633
0,0,0,fam,0.06666666666666667,2.70805020110221,476.6666666666667,1.2477113627025358
1,1,1,fam,0.06153846153846154,2.7880929087757464,476.6666666666667,1.2477113627025358
2,2,2,fam,0.05714285714285715,2.862200880929468,476.6666666666667,1.2477113627025358
3,3,0,fam,0.12000000000000001,2.120263536200091,476.6666666666667,1.2477113627025358
4,4,1,fam,0.1125,2.184802057337662,476.6666666666667,1.2477113627025358
5,5,2,fam,0.10588235294117647,2.245426679154097,476.6666666666667,1.2477113627025358
6,6,0,fam,0.15555555555555556,1.8607523407150064,476.6666666666667,1.2477113627025358
7,7,1,fam,0.14736842105263157,1.9148195619852824,476.6666666666667,1.2477113627025358
8,8,2,fam,0.13999999999999999,1.966112856372833,476.6666666666667,1.2477113627025358
9,9,0,fam,0.18095238095238095,1.709521370991083,476.6666666666667,1.2477113627025358
10,10,1,fam,0.17272727272727273,1.7560413866259759,476.6666666666667,1.2477113627025358
11,11,2,fam,0.16521739130434782,1.8004931491968097,476.6666666666667,1.2477113627025358
12,12,0,fam,0.19999999999999998,1.6094379124341005,476.6666666666667,1.2477113627025358
13,13,1,fam,0.192,1.6502599069543555,476.6666666666667,1.2477113627025358
14,14,2,fam,0.1846153846153846,1.6894806201076369,476.6666666666667,1.2477113627025358
15,15,0,fam,0.21481481481481482,1.5379789484519555,476.6666666666667,1.2477113627025358
16,16,1,fam,0.20714285714285713,1.5743465926228304,476.6666666666667,1.2477113627025358
17,17,2,fam,0.19999999999999998,1.6094379124341005,476.6666666666667,1.2477113627025358
18,18,0,fam,0.22666666666666666,1.4842747694800944,476.6666666666667,1.2477113627025358
19,19,1,fam,0.21935483870967742,1.5170645923030852,476.6666666666667,1.2477113627025358
20,20,2,fam,0.2125,1.5488132906176655,476.6666666666667,1.2477113627025358
21,21,0,fam,0.23636363636363636,1.4423838277709342,476.6666666666667,1.2477113627025358
22,22,1,fam,0.22941176470588234,1.4722367909206153,476.6666666666667,1.2477113627025358
23,23,2,fam,0.22285714285714286,1.5012243277938675,476.6666666666667,1.2477113627025358
24,24,0,fam,0.24444444444444446,1.4087672169719492,476.6666666666667,1.2477113627025358
25,25,1,fam,0.23783783783783785,1.4361661911600636,476.6666666666667,1.2477113627025358
26,26,2,fam,0.23157894736842108,1.462834438242225,476.6666666666667,1.2477113627025358
27,27,0,fam,0.2512820512820513,1.3811792604531201,476.6666666666667,1.2477113627025358
28,28,1,fam,0.24500000000000002,1.40649706843741,476.6666666666667,1.2477113627025358
29,29,2,fam,0.23902439024390246,1.4311896810277815,476.6666666666667,1.2477113627025358
30,30,0,fam,0.2571428571428572,1.3581234841531942,476.6666666666667,1.2477113627025358
31,31,1,fam,0.25116279069767444,1.3816539815633884,476.6666666666667,1.2477113627025358
32,32,2,fam,0.24545454545454548,1.404643499788087,476.6666666666667,1.2477113627025358
33,33,0,fam,0.26222222222222225,1.3385629582987006,476.6666666666667,1.2477113627025358
34,34,1,fam,0.2565217391304348,1.3605418650174759,476.6666666666667,1.2477113627025358
35,35,2,fam,0.25106382978723407,1.3820480702384395,476.6666666666667,1.2477113627025358
36,36,0,fam,0.26666666666666666,1.3217558399823195,476.6666666666667,1.2477113627025358
37,37,1,fam,0.2612244897959184,1.342375127185055,476.6666666666667,1.2477113627025358
38,38,2,fam,0.256,1.3625778345025745,476.6666666666667,1.2477113627025358
39,39,0,fam,0.2705882352941177,1.3071570405611665,476.6666666666667,1.2477113627025358
40,40,1,fam,0.2653846153846154,1.3265751264182684,476.6666666666667,1.2477113627025358
41,41,2,fam,0.26037735849056604,1.3456233213889628,476.6666666666667,1.2477113627025358
42,42,0,fam,0.2740740740740741,1.294356865794205,476.6666666666667,1.2477113627025358
43,43,1,fam,0.2690909090909091,1.3127060044624015,476.6666666666667,1.2477113627025358
44,44,2,fam,0.2642857142857143,1.3307245099650797,476.6666666666667,1.2477113627025358
45,45,0,fam,0.2771929824561404,1.2830413278016288,476.6666666666667,1.2477113627025358
46,46,1,fam,0.27241379310344827,1.3004330705134983,476.6666666666667,1.2477113627025358
47,47,2,fam,0.2677966101694915,1.3175275038727983,476.6666666666667,1.2477113627025358
48,48,0,fam,0.28,1.2729656758128873,476.6666666666667,1.2477113627025358
49,49,1,fam,0.2754098360655738,1.289494977764098,476.6666666666667,1.2477113627025358
50,50,2,fam,0.2709677419354839,1.3057554986358781,476.6666666666667,1.2477113627025358
51,51,0,fam,0.28253968253968254,1.2639362690934932,476.6666666666667,1.2477113627025358
52,52,1,fam,0.278125,1.2796846260616324,476.6666666666667,1.2477113627025358
53,53,2,fam,0.27384615384615385,1.2951888125975977,476.6666666666667,1.2477113627025358
54,54,0,fam,0.28484848484848485,1.255797872190522,476.6666666666667,1.2477113627025358
55,55,1,fam,0.28059701492537314,1.2708357495550624,476.6666666666667,1.2477113627025358
56,56,2,fam,0.27647058823529413,1.2856508353402032,476.6666666666667,1.2477113627025358
57,57,0,fam,0.28695652173913044,1.2484245668967697,476.6666666666667,1.2477113627025358
58,58,1,fam,0.28285714285714286,1.2628133043488694,476.6666666666667,1.2477113627025358
59,59,2,fam,0.27887323943661974,1.2769979393408257,476.6666666666667,1.2477113627025358
60,60,0,fam,0.2888888888888889,1.2417131323087829,476.6666666666667,1.2477113627025358
61,61,1,fam,0.28493150684931506,1.2555064544411187,476.6666666666667,1.2477113627025358
62,62,2,fam,0.2810810810810811,1.2691121064968973,476.6666666666667,1.2477113627025358
63,63,0,fam,0.2906666666666667,1.235578143741267,476.6666666666667,1.2477113627025358
64,64,1,fam,0.2868421052631579,1.2488233704912877,476.6666666666667,1.2477113627025358
65,65,2,fam,0.2831168831168831,1.2618954520586405,476.6666666666667,1.2477113627025358
66,66,3,recov,0.010256410256410256,4.579852378003801,476.6666666666667,1.2477113627025358
67,67,4,recov,0.010126582278481013,4.592591403781231,476.6666666666667,1.2477113627025358
68,68,5,recov,0.01,4.605170185988091,476.6666666666667,1.2477113627025358
69,69,3,recov,0.022222222222222223,3.8066624897703196,476.6666666666667,1.2477113627025358
70,70,4,recov,0.021951219512195124,3.818932582362134,476.6666666666667,1.2477113627025358
71,71,5,recov,0.021686746987951807,3.8310539428944788,476.6666666666667,1.2477113627025358
72,72,3,recov,0.03333333333333333,3.4011973816621555,476.6666666666667,1.2477113627025358
73,73,4,recov,0.03294117647058823,3.4130318393091583,476.6666666666667,1.2477113627025358
74,74,5,recov,0.03255813953488372,3.4247278790723494,476.6666666666667,1.2477113627025358
75,75,3,recov,0.04367816091954023,3.1309070519222435,476.6666666666667,1.2477113627025358
76,76,4,recov,0.04318181818181818,3.142335747745866,476.6666666666667,1.2477113627025358
77,77,5,recov,0.04269662921348314,3.1536353029998,476.6666666666667,1.2477113627025358
78,78,3,recov,0.05333333333333333,2.9311937524164198,476.6666666666667,1.2477113627025358
79,79,4,recov,0.05274725274725275,2.942243588603005,476.6666666666667,1.2477113627025358
80,80,5,recov,0.05217391304347826,2.953172659135195,476.6666666666667,1.2477113627025358
81,81,3,recov,0.06236559139784946,2.774741575600882,476.6666666666667,1.2477113627025358
82,82,4,recov,0.06170212765957447,2.78543686471763,476.6666666666667,1.2477113627025358
83,83,5,recov,0.061052631578947365,2.796018974048167,476.6666666666667,1.2477113627025358
84,84,3,recov,0.07083333333333333,2.647425579285775,476.6666666666667,1.2477113627025358
85,85,4,recov,0.07010309278350516,2.6577883663213218,476.6666666666667,1.2477113627025358
86,86,5,recov,0.06938775510204082,2.668044866488511,476.6666666666667,1.2477113627025358
87,87,3,recov,0.07878787878787878,2.540996116439044,476.6666666666667,1.2477113627025358
88,88,4,recov,0.078,2.551046452292545,476.6666666666667,1.2477113627025358
89,89,5,recov,0.07722772277227723,2.5609967831457134,476.6666666666667,1.2477113627025358
90,90,3,recov,0.08627450980392158,2.45022109180011,476.6666666666667,1.2477113627025358
91,91,4,recov,0.08543689320388351,2.459977266745475,476.6666666666667,1.2477113627025358
92,92,5,recov,0.08461538461538462,2.469639177657212,476.6666666666667,1.2477113627025358
93,93,3,recov,0.09333333333333334,2.371577964480997,476.6666666666667,1.2477113627025358
94,94,4,recov,0.09245283018867925,2.381056708435541,476.6666666666667,1.2477113627025358
95,95,5,recov,0.09158878504672897,2.39044644878538,476.6666666666667,1.2477113627025358
96,96,3,recov,0.1,2.3025850929940455,476.6666666666667,1.2477113627025358
97,97,4,recov,0.09908256880733946,2.3118017480989694,476.6666666666667,1.2477113627025358
98,98,5,recov,0.09818181818181819,2.320934231662242,476.6666666666667,1.2477113627025358
99,99,3,recov,0.10630630630630632,2.241430669840715,476.6666666666667,1.2477113627025358
100,100,4,recov,0.10535714285714286,2.2503993398234754,476.6666666666667,1.2477113627025358
101,101,5,recov,0.10442477876106196,2.259288287240721,476.6666666666667,1.2477113627025358
102,102,3,recov,0.11228070175438597,2.186753277468924,476.6666666666667,1.2477113627025358
103,103,4,recov,0.11130434782608696,2.1954869574376787,476.6666666666667,1.2477113627025358
104,104,5,recov,0.11034482758620691,2.204145020180793,476.6666666666667,1.2477113627025358
105,105,3,recov,0.11794871794871796,2.137505342634597,476.6666666666667,1.2477113627025358
106,106,4,recov,0.11694915254237288,2.146016032302506,476.6666666666667,1.2477113627025358
107,107,5,recov,0.11596638655462185,2.1544549009483704,476.6666666666667,1.2477113627025358
108,108,3,recov,0.12333333333333334,2.0928645620119766,476.6666666666667,1.2477113627025358
109,109,4,recov,0.12231404958677687,2.1011633648266717,476.6666666666667,1.2477113627025358
110,110,5,recov,0.12131147540983607,2.109393863963187,476.6666666666667,1.2477113627025358
111,111,3,recov,0.12845528455284552,2.0521744153394965,476.6666666666667,1.2477113627025358
112,112,4,recov,0.12741935483870967,2.0602716255721156,476.6666666666667,1.2477113627025358
113,113,5,recov,0.1264,2.06830379726938,476.6666666666667,1.2477113627025358
114,114,3,recov,0.13333333333333333,2.0149030205422647,476.6666666666667,1.2477113627025358
115,115,4,recov,0.13228346456692913,2.022808200049378,476.6666666666667,1.2477113627025358
116,116,5,recov,0.13125,2.030651377510404,476.6666666666667,1.2477113627025358
117,117,3,recov,0.13798449612403102,1.9806139470636326,476.6666666666667,1.2477113627025358
118,118,4,recov,0.13692307692307693,1.9883359931575428,476.6666666666667,1.2477113627025358
119,119,5,recov,0.13587786259541984,1.995998865903112,476.6666666666667,1.2477113627025358
120,120,3,recov,0.14242424242424243,1.9489450527504673,476.6666666666667,1.2477113627025358
121,121,4,recov,0.14135338345864662,1.9564922583858502,476.6666666666667,1.2477113627025358
122,122,5,recov,0.14029850746268657,1.9639829301150078,476.6666666666667,1.2477113627025358
123,123,3,recov,0.14666666666666667,1.91959284073794,476.6666666666667,1.2477113627025358
124,124,4,recov,0.14558823529411766,1.9269729480355624,476.6666666666667,1.2477113627025358
125,125,5,recov,0.14452554744525548,1.9342989881276353,476.6666666666667,1.2477113627025358
126,126,3,recov,0.15072463768115943,1.8923006984499324,476.6666666666667,1.2477113627025358
127,127,4,recov,0.1496402877697842,1.8995209464234193,476.6666666666667,1.2477113627025358
128,128,5,recov,0.14857142857142858,1.9066894359020319,476.6666666666667,1.2477113627025358
129,129,3,recov,0.15460992907801419,1.866849920583125,476.6666666666667,1.2477113627025358
130,130,4,recov,0.1535211267605634,1.8739170878062172,476.6666666666667,1.2477113627025358
131,131,5,recov,0.15244755244755245,1.880934660464864,476.6666666666667,1.2477113627025358
132,132,3,recov,0.15833333333333333,1.8430527636156055,476.6666666666667,1.2477113627025358
133,133,4,recov,0.15724137931034482,1.8499732064601793,476.6666666666667,1.2477113627025358
134,134,5,recov,0.15616438356164383,1.8568460857479414,476.6666666666667,1.2477113627025358
135,135,3,recov,0.1619047619047619,1.8207470061013074,476.6666666666667,1.2477113627025358
136,136,4,recov,0.1608108108108108,1.827526693086686,476.6666666666667,1.2477113627025358
137,137,5,recov,0.1597315436241611,1.83426072526803,476.6666666666667,1.2477113627025358
138,138,3,recov,0.16533333333333333,1.7997916409253192,476.6666666666667,1.2477113627025358
139,139,4,recov,0.1642384105960265,1.8064361836439877,476.6666666666667,1.2477113627025358
140,140,5,recov,0.1631578947368421,1.81303686767534,476.6666666666667,1.2477113627025358
141,141,3,recov,0.16862745098039217,1.7800634294648636,476.6666666666667,1.2477113627025358
142,142,4,recov,0.16753246753246753,1.7865781104860574,476.6666666666667,1.2477113627025358
143,143,5,recov,0.1664516129032258,1.793050624991675,476.6666666666667,1.2477113627025358
144,144,3,recov,0.1717948717948718,1.761454119732726,476.6666666666667,1.2477113627025358
145,145,4,recov,0.17070063694267518,1.7678439178314969,476.6666666666667,1.2477113627025358
146,146,5,recov,0.16962025316455698,1.7741931455101556,476.6666666666667,1.2477113627025358
147,147,3,recov,0.1748427672955975,1.74386818152364,476.6666666666667,1.2477113627025358
148,148,4,recov,0.17375000000000002,1.7501377945372354,476.6666666666667,1.2477113627025358
149,149,5,recov,0.17267080745341615,1.7563683442878717,476.6666666666667,1.2477113627025358
150,150,3,recov,0.17777777777777778,1.7272209480904839,476.6666666666667,1.2477113627025358
151,151,4,recov,0.17668711656441718,1.7333748136648621,476.6666666666667,1.2477113627025358
152,152,5,recov,0.175609756097561,1.739491040682298,476.6666666666667,1.2477113627025358
153,153,3,recov,0.1806060606060606,1.7114370803892218,476.6666666666667,1.2477113627025358
154,154,4,recov,0.17951807228915664,1.7174793948451843,476.6666666666667,1.2477113627025358
155,155,5,recov,0.1784431137724551,1.7234854189053963,476.6666666666667,1.2477113627025358
156,156,3,recov,0.18333333333333335,1.69644928942373,476.6666666666667,1.2477113627025358
157,157,4,recov,0.18224852071005918,1.7023840249435447,476.6666666666667,1.2477113627025358
158,158,5,recov,0.1811764705882353,1.708283747070733,476.6666666666667,1.2477113627025358
159,159,3,recov,0.18596491228070175,1.6821972667165288,476.6666666666667,1.2477113627025358
160,160,4,recov,0.18488372093023256,1.688028187027322,476.6666666666667,1.2477113627025358
161,161,5,recov,0.1838150289017341,1.6938253047116478,476.6666666666667,1.2477113627025358
162,162,3,recov,0.18850574712643678,1.668626783824431,476.6666666666667,1.2477113627025358
163,163,4,recov,0.18742857142857142,1.674357458533416,476.6666666666667,1.2477113627025358
164,164,5,recov,0.18636363636363634,1.6800554796480538,476.6666666666667,1.2477113627025358
165,165,3,recov,0.1909604519774011,1.655688930084856,476.6666666666667,1.2477113627025358
166,166,4,recov,0.18988764044943818,1.6613227478031123,476.6666666666667,1.2477113627025358
167,167,5,recov,0.1888268156424581,1.666925003351782,476.6666666666667,1.2477113627025358
168,168,3,recov,0.19333333333333333,1.6433394641097818,476.6666666666667,1.2477113627025358
169,169,4,recov,0.19226519337016573,1.6488796444853973,476.6666666666667,1.2477113627025358
170,170,5,recov,0.1912087912087912,1.6543893002963668,476.6666666666667,1.2477113627025358
171,171,3,recov,0.19562841530054642,1.6315382594347665,476.6666666666667,1.2477113627025358
172,172,4,recov,0.19456521739130433,1.636987864202331,476.6666666666667,1.2477113627025358
173,173,5,recov,0.1935135135135135,1.6424079316716702,476.6666666666667,1.2477113627025358
174,174,3,recov,0.1978494623655914,1.620248828538316,476.6666666666667,1.2477113627025358
175,175,4,recov,0.19679144385026737,1.6256107716797015,476.6666666666667,1.2477113627025358
176,176,5,recov,0.1957446808510638,1.630944117655064,476.6666666666667,1.2477113627025358
177,177,3,recov,0.19999999999999998,1.6094379124341005,476.6666666666667,1.2477113627025358
178,178,4,recov,0.19894736842105262,1.614714969534944,476.6666666666667,1.2477113627025358
179,179,5,recov,0.19790575916230366,1.6199643254210878,476.6666666666667,1.2477113627025358
180,180,3,recov,0.2020833333333333,1.599075125398554,476.6666666666667,1.2477113627025358
181,181,4,recov,0.2010362694300518,1.604269942275658,476.6666666666667,1.2477113627025358
182,182,5,recov,0.19999999999999998,1.6094379124341005,476.6666666666667,1.2477113627025358
183,183,3,recov,0.20410256410256408,1.5891326462733548,476.6666666666667,1.2477113627025358
184,184,4,recov,0.2030612244897959,1.5942477469401253,476.6666666666667,1.2477113627025358
185,185,5,recov,0.20203045685279186,1.5993368164475965,476.6666666666667,1.2477113627025358
186,186,3,recov,0.20606060606060606,1.5795849492844192,476.6666666666667,1.2477113627025358
187,187,4,recov,0.20502512562814068,1.5846227433143765,476.6666666666667,1.2477113627025358
188,188,5,recov,0.204,1.5896352851379207,476.6666666666667,1.2477113627025358
189,189,3,recov,0.20796019900497512,1.570408568528365,476.6666666666667,1.2477113627025358
190,190,4,recov,0.20693069306930692,1.5753713578704942,476.6666666666667,1.2477113627025358
191,191,5,recov,0.20591133004926107,1.5803096395110767,476.6666666666667,1.2477113627025358
192,192,3,recov,0.20980392156862743,1.5615818912564654,476.6666666666667,1.2477113627025358
193,193,4,recov,0.20878048780487804,1.5664718765506571,476.6666666666667,1.2477113627025358
194,194,5,recov,0.2077669902912621,1.5713380662018301,476.6666666666667,1.2477113627025358
195,195,3,recov,0.21159420289855072,1.5530849758829686,476.6666666666667,1.2477113627025358
196,196,4,recov,0.21057692307692305,1.5579042623189177,476.6666666666667,1.2477113627025358
197,197,5,recov,0.2095693779904306,1.5627004345824107,476.6666666666667,1.2477113627025358
198,198,3,recov,0.21333333333333332,1.5448993912965292,476.6666666666667,1.2477113627025358
199,199,4,recov,0.2123222748815166,1.549649994055127,476.6666666666667,1.2477113627025358
200,200,5,recov,0.2113207547169811,1.554378135251073,476.6666666666667,1.2477113627025358
201,201,3,recov,0.21502347417840376,1.5370080745892858,476.6666666666667,1.2477113627025358
202,202,4,recov,0.21401869158878503,1.5416919239017122,476.6666666666667,1.2477113627025358
203,203,5,recov,0.21302325581395348,1.5463539370075237,476.6666666666667,1.2477113627025358
204,204,3,recov,0.21666666666666665,1.5293952047605641,476.6666666666667,1.2477113627025358
205,205,4,recov,0.21566820276497695,1.5340141506168585,476.6666666666667,1.2477113627025358
206,206,5,recov,0.2146788990825688,1.538611859865488,476.6666666666667,1.2477113627025358
207,207,3,recov,0.21826484018264838,1.5220460903190907,476.6666666666667,1.2477113627025358
208,208,4,recov,0.21727272727272726,1.5266019068549512,476.6666666666667,1.2477113627025358
209,209,5,recov,0.21628959276018098,1.5311370620203426,476.6666666666667,1.2477113627025358
210,210,3,recov,0.2198198198198198,1.514947069013178,476.6666666666667,1.2477113627025358
211,211,4,recov,0.21883408071748878,1.5194414586010174,476.6666666666667,1.2477113627025358
212,212,5,recov,0.21785714285714283,1.5239157389959386,476.6666666666667,1.2477113627025358
213,213,3,recov,0.22133333333333333,1.508085418173813,476.6666666666667,1.2477113627025358
214,214,4,recov,0.22035398230088493,1.5125200152416787,476.6666666666667,1.2477113627025358
215,215,5,recov,0.21938325991189425,1.5169350334507956,476.6666666666667,1.2477113627025358
216,216,3,recov,0.22280701754385965,1.5014492743700045,476.6666666666667,1.2477113627025358
217,217,4,recov,0.22183406113537116,1.5058256489698036,476.6666666666667,1.2477113627025358
218,218,5,recov,0.2208695652173913,1.5101829543387593,476.6666666666667,1.2477113627025358
219,219,3,recov,0.22424242424242424,1.4950275612563562,476.6666666666667,1.2477113627025358
220,220,4,recov,0.2232758620689655,1.4993472224008726,476.6666666666667,1.2477113627025358
221,221,5,recov,0.22231759656652358,1.5036483043002633,476.6666666666667,1.2477113627025358
222,222,3,recov,0.22564102564102562,1.4888099246454858,476.6666666666667,1.2477113627025358
223,223,4,recov,0.22468085106382976,1.4930743234319432,476.6666666666667,1.2477113627025358
224,224,5,recov,0.22372881355932203,1.4973206143133944,476.6666666666667,1.2477113627025358
225,225,3,recov,0.2270042194092827,1.4827866739673925,476.6666666666667,1.2477113627025358
226,226,4,recov,0.22605042016806723,1.486997206503736,476.6666666666667,1.2477113627025358
227,227,5,recov,0.22510460251046024,1.491190084763772,476.6666666666667,1.2477113627025358
228,228,3,recov,0.22833333333333333,1.4769487293880215,476.6666666666667,1.2477113627025358
229,229,4,recov,0.22738589211618257,1.4811067395366853,476.6666666666667,1.2477113627025358
230,230,5,recov,0.22644628099173553,1.4852475322027165,476.6666666666667,1.2477113627025358
231,231,3,recov,0.22962962962962963,1.4712875739532831,476.6666666666667,1.2477113627025358
232,232,4,recov,0.22868852459016392,1.4753943559059366,476.6666666666667,1.2477113627025358
233,233,5,recov,0.2277551020408163,1.4794843411574619,476.6666666666667,1.2477113627025358
234,234,3,recov,0.23089430894308943,1.4657952102052572,476.6666666666667,1.2477113627025358
235,235,4,recov,0.22995951417004049,1.4698520109008715,476.6666666666667,1.2477113627025358
236,236,5,recov,0.22903225806451613,1.4738924204378765,476.6666666666667,1.2477113627025358
237,237,3,recov,0.2321285140562249,1.4604641207863758,476.6666666666667,1.2477113627025358
238,238,4,recov,0.2312,1.4644721421839146,476.6666666666667,1.2477113627025358
239,239,5,recov,0.2302788844621514,1.468464163453452,476.6666666666667,1.2477113627025358
240,240,3,recov,0.2333333333333333,1.4552872326068422,476.6666666666667,1.2477113627025358
241,241,4,recov,0.23241106719367588,1.459247633822939,476.6666666666667,1.2477113627025358
242,242,5,recov,0.23149606299212597,1.4631924121139555,476.6666666666667,1.2477113627025358
243,243,3,recov,0.23450980392156862,1.45025788420184,476.6666666666667,1.2477113627025358
244,244,4,recov,0.23359375,1.4541717835229764,476.6666666666667,1.2477113627025358
245,245,5,recov,0.2326848249027237,1.4580704239386337,476.6666666666667,1.2477113627025358
246,246,3,recov,0.23565891472868217,1.4453697959494962,476.6666666666667,1.2477113627025358
247,247,4,recov,0.23474903474903475,1.4492382727274165,476.6666666666667,1.2477113627025358
248,248,5,recov,0.23384615384615384,1.4530918420434065,476.6666666666667,1.2477113627025358
249,249,3,recov,0.23678160919540228,1.4406170428590483,476.6666666666667,1.2477113627025358
250,250,4,recov,0.23587786259541985,1.4444411392974519,476.6666666666667,1.2477113627025358
251,251,5,recov,0.2349809885931559,1.4482506677141196,476.6666666666667,1.2477113627025358
252,252,3,recov,0.23787878787878786,1.4359940296721632,476.6666666666667,1.2477113627025358
253,253,4,recov,0.2369811320754717,1.4397747525120692,476.6666666666667,1.2477113627025358
254,254,5,recov,0.23609022556390977,1.443541235307546,476.6666666666667,1.2477113627025358
255,255,3,recov,0.2389513108614232,1.4314954680495053,476.6666666666667,1.2477113627025358
256,256,4,recov,0.2380597014925373,1.4352337901601124,476.6666666666667,1.2477113627025358
257,257,5,recov,0.23717472118959107,1.438958189251095,476.6666666666667,1.2477113627025358
258,258,3,recov,0.24,1.4271163556401458,476.6666666666667,1.2477113627025358
259,259,4,recov,0.23911439114391142,1.430813217521472,476.6666666666667,1.2477113627025358
260,260,5,recov,0.23823529411764705,1.4344964629377683,476.6666666666667,1.2477113627025358
261,261,3,recov,0.241025641025641,1.4228519568536884,476.6666666666667,1.2477113627025358
262,262,4,recov,0.24014598540145984,1.4265082680567986,476.6666666666667,1.2477113627025358
263,263,5,recov,0.23927272727272728,1.4301512593352999,476.6666666666667,1.2477113627025358
264,264,3,recov,0.24202898550724636,1.4186977851745501,476.6666666666667,1.2477113627025358
265,265,4,recov,0.2411552346570397,1.4223144256447384,476.6666666666667,1.2477113627025358
266,266,5,recov,0.24028776978417266,1.425918033148037,476.6666666666667,1.2477113627025358
267,267,3,recov,0.24301075268817204,1.4146495868750157,476.6666666666667,1.2477113627025358
268,268,4,recov,0.24214285714285713,1.4182274082228998,476.6666666666667,1.2477113627025358
269,269,5,recov,0.24128113879003557,1.421792474387396,476.6666666666667,1.2477113627025358
270,270,3,recov,0.24397163120567375,1.4107033259988155,476.6666666666667,1.2477113627025358
271,271,4,recov,0.2431095406360424,1.4142431527039396,476.6666666666667,1.2477113627025358
272,272,5,recov,0.24225352112676055,1.4177704932219082,476.6666666666667,1.2477113627025358
273,273,3,recov,0.2449122807017544,1.4068551705003238,476.6666666666667,1.2477113627025358
274,274,4,recov,0.24405594405594405,1.4103578010515259,476.6666666666667,1.2477113627025358
275,275,5,recov,0.24320557491289196,1.4138482059912945,476.6666666666667,1.2477113627025358
276,276,3,recov,0.24583333333333332,1.403101479436272,476.6666666666667,1.2477113627025358
277,277,4,recov,0.2449826989619377,1.4065676874127582,476.6666666666667,1.2477113627025358
278,278,5,recov,0.24413793103448275,1.4100219222808457,476.6666666666667,1.2477113627025358
279,279,3,recov,0.24673539518900342,1.399438791117314,476.6666666666667,1.2477113627025358
280,280,4,recov,0.2458904109589041,1.4028693262141032,476.6666666666667,1.2477113627025358
281,281,5,recov,0.24505119453924915,1.406288132962889,476.6666666666667,1.2477113627025358
282,282,3,recov,0.2476190476190476,1.3958638121360414,476.6666666666667,1.2477113627025358
283,283,4,recov,0.24677966101694915,1.3992594011371795,476.6666666666667,1.2477113627025358
284,284,5,recov,0.24594594594594593,1.40264349912142,476.6666666666667,1.2477113627025358
285,285,3,recov,0.24848484848484848,1.3923734071962728,476.6666666666667,1.2477113627025358
286,286,4,recov,0.24765100671140938,1.3957347548989776,476.6666666666667,1.2477113627025358
287,287,5,recov,0.24682274247491637,1.3990848417842596,476.6666666666667,1.2477113627025358
288,288,3,recov,0.24933333333333332,1.3889645896757696,476.6666666666667,1.2477113627025358
289,289,4,recov,0.2485049833887043,1.3922923797684443,476.6666666666667,1.2477113627025358
290,290,5,recov,0.247682119205298,1.3956091323944382,476.6666666666667,1.2477113627025358
291,291,3,recov,0.25016501650165013,1.3856345128610432,476.6666666666667,1.2477113627025358
292,292,4,recov,0.2493421052631579,1.3889294087578958,476.6666666666667,1.2477113627025358
293,293,5,recov,0.2485245901639344,1.3922134839590856,476.6666666666667,1.2477113627025358
294,294,3,recov,0.25098039215686274,1.3823804617987543,476.6666666666667,1.2477113627025358
295,295,4,recov,0.2501628664495114,1.3856431074335707,476.6666666666667,1.2477113627025358
296,296,5,recov,0.24935064935064935,1.388895142819948,476.6666666666667,1.2477113627025358
297,297,3,recov,0.2517799352750809,1.3791998457133996,476.6666666666667,1.2477113627025358
298,298,4,recov,0.2509677419354839,1.382430866294846,476.6666666666667,1.2477113627025358
299,299,5,recov,0.25016077170418005,1.3856514809948883,476.6666666666667,1.2477113627025358
300,300,3,recov,0.25256410256410255,1.3760901909456489,476.6666666666667,1.2477113627025358
301,301,4,recov,0.25175718849840256,1.3792901936763198,476.6666666666667,1.2477113627025358
302,302,5,recov,0.25095541401273885,1.38247998904442,476.6666666666667,1.2477113627025358
303,303,3,recov,0.2533333333333333,1.37304913436987,476.6666666666667,1.2477113627025358
304,304,4,recov,0.25253164556962027,1.376218709131149,476.6666666666667,1.2477113627025358
305,305,5,recov,0.25173501577287066,1.3793782694215175,476.6666666666667,1.2477113627025358
306,306,3,recov,0.2540880503144654,1.3700744172531272,476.6666666666667,1.2477113627025358
307,307,4,recov,0.25329153605015675,1.3732141372577948,476.6666666666667,1.2477113627025358
308,308,5,recov,0.2525,1.3763440302667225,476.6666666666667,1.2477113627025358
309,309,3,recov,0.25482866043613706,1.3671638795213146,476.6666666666667,1.2477113627025358
310,310,4,recov,0.2540372670807453,1.370274301935707,476.6666666666667,1.2477113627025358
311,311,5,recov,0.253250773993808,1.3733750796139552,476.6666666666667,1.2477113627025358
312,312,3,recov,0.25555555555555554,1.3643154544011153,476.6666666666667,1.2477113627025358
313,313,4,recov,0.25476923076923075,1.3673971209385236,476.6666666666667,1.2477113627025358
314,314,5,recov,0.25398773006134967,1.3704693199754938,476.6666666666667,1.2477113627025358
315,315,3,recov,0.25626911314984707,1.361527163409216,476.6666666666667,1.2477113627025358
316,316,4,recov,0.2554878048780488,1.3645806008961063,476.6666666666667,1.2477113627025358
317,317,5,recov,0.2547112462006079,1.3676247432773345,476.6666666666667,1.2477113627025358
318,318,3,recov,0.25696969696969696,1.3587971116626685,476.6666666666667,1.2477113627025358
319,319,4,recov,0.2561933534743202,1.3618228325792057,476.6666666666667,1.2477113627025358
320,320,5,recov,0.25542168674698795,1.3648394261186312,476.6666666666667,1.2477113627025358
321,321,3,recov,0.25765765765765763,1.3561234834865272,476.6666666666667,1.2477113627025358
322,322,4,recov,0.2568862275449102,1.3591219864827837,476.6666666666667,1.2477113627025358
323,323,5,recov,0.25611940298507463,1.3621115253311498,476.6666666666667,1.2477113627025358
324,324,3,recov,0.2583333333333333,1.3535045382968998,476.6666666666667,1.2477113627025358
325,325,4,recov,0.257566765578635,1.3564763086860572,476.6666666666667,1.2477113627025358
326,326,5,recov,0.25680473372781065,1.3594392738167143,476.6666666666667,1.2477113627025358
327,327,3,recov,0.25899705014749264,1.3509386067393792,476.6666666666667,1.2477113627025358
328,328,4,recov,0.25823529411764706,1.353884116969136,476.6666666666667,1.2477113627025358
329,329,5,recov,0.2574780058651026,1.356820976642446,476.6666666666667,1.2477113627025358
330,330,3,recov,0.2596491228070175,1.3484240870644808,476.6666666666667,1.2477113627025358
331,331,4,recov,0.2588921282798834,1.3513437971678155,476.6666666666667,1.2477113627025358
332,332,5,recov,0.25813953488372093,1.354255007375274,476.6666666666667,1.2477113627025358
333,333,3,recov,0.26028985507246377,1.345959441723206,476.6666666666667,1.2477113627025358
334,334,4,recov,0.25953757225433527,1.3488537997495702,476.6666666666667,1.2477113627025358
335,335,5,recov,0.25878962536023054,1.3517398046387052,476.6666666666667,1.2477113627025358
336,336,3,recov,0.26091954022988506,1.3435431941672267,476.6666666666667,1.2477113627025358
337,337,4,recov,0.26017191977077364,1.3464126365951796,476.6666666666667,1.2477113627025358
338,338,5,recov,0.2594285714285714,1.3492738688762118,476.6666666666667,1.2477113627025358
339,339,3,recov,0.26153846153846155,1.341173925839421,476.6666666666667,1.2477113627025358
340,340,4,recov,0.26079545454545455,1.3440188779716522,476.6666666666667,1.2477113627025358
341,341,5,recov,0.260056657223796,1.3468557593068522,476.6666666666667,1.2477113627025358
342,342,3,recov,0.2621468926553672,1.3388502733416197,476.6666666666667,1.2477113627025358
343,343,4,recov,0.26140845070422536,1.341671149683261,476.6666666666667,1.2477113627025358
344,344,5,recov,0.2606741573033708,1.3444840910598757,476.6666666666667,1.2477113627025358
345,345,3,recov,0.2627450980392157,1.33657092576746,476.6666666666667,1.2477113627025358
346,346,4,recov,0.2620111731843575,1.3393681303885214,476.6666666666667,1.2477113627025358
347,347,5,recov,0.26128133704735373,1.3421575324761,476.6666666666667,1.2477113627025358
348,348,3,recov,0.2633333333333333,1.3343346221891796,476.6666666666667,1.2477113627025358
349,349,4,recov,0.2626038781163435,1.3371085490719048,476.6666666666667,1.2477113627025358
350,350,5,recov,0.261878453038674,1.339874802564795,476.6666666666667,1.2477113627025358
351,351,3,recov,0.2639118457300275,1.332140149288036,476.6666666666667,1.2477113627025358
352,352,4,recov,0.2631868131868132,1.3348911826599257,476.6666666666667,1.2477113627025358
353,353,5,recov,0.2624657534246575,1.3376346686056768,476.6666666666667,1.2477113627025358
354,354,3,recov,0.2644808743169399,1.329986339118835,476.6666666666667,1.2477113627025358
355,355,4,recov,0.26376021798365124,1.3327148537720388,476.6666666666667,1.2477113627025358
356,356,5,recov,0.26304347826086955,1.3354359438863996,476.6666666666667,1.2477113627025358
357,357,3,recov,0.26504065040650404,1.3278720669997557,476.6666666666667,1.2477113627025358
358,358,4,recov,0.2643243243243243,1.3305784285974986,476.6666666666667,1.2477113627025358
359,359,5,recov,0.2636118598382749,1.3332774855666636,476.6666666666667,1.2477113627025358
360,360,3,recov,0.26559139784946234,1.3257962495193245,476.6666666666667,1.2477113627025358
361,361,4,recov,0.2648793565683646,1.3284808148899936,476.6666666666667,1.2477113627025358
362,362,5,recov,0.2641711229946524,1.33115819266071,476.6666666666667,1.2477113627025358
363,363,3,recov,0.26613333333333333,1.3237578426529926,476.6666666666667,1.2477113627025358
364,364,4,recov,0.2654255319148936,1.3264209600724763,476.6666666666667,1.2477113627025358
365,365,5,recov,0.2647214854111406,1.3290770041305924,476.6666666666667,1.2477113627025358
366,366,3,recov,0.26666666666666666,1.3217558399823195,476.6666666666667,1.2477113627025358
367,367,4,recov,0.26596306068601583,1.324397849445158,476.6666666666667,1.2477113627025358
368,368,5,recov,0.2652631578947368,1.3270328970831633,476.6666666666667,1.2477113627025358
369,369,3,recov,0.2671916010498688,1.3197892710102785,476.6666666666667,1.2477113627025358
370,370,4,recov,0.26649214659685866,1.3224105044901528,476.6666666666667,1.2477113627025358
371,371,5,recov,0.26579634464751956,1.3250248850642237,476.6666666666667,1.2477113627025358
372,372,3,recov,0.2677083333333333,1.3178571995666621,476.6666666666667,1.2477113627025358
373,373,4,recov,0.267012987012987,1.3204579812667196,476.6666666666667,1.2477113627025358
374,374,5,recov,0.26632124352331604,1.3230520164437662,476.6666666666667,1.2477113627025358
375,375,3,recov,0.2682170542635659,1.3159587222979936,476.6666666666667,1.2477113627025358
376,376,4,recov,0.2675257731958763,1.3185393688914853,476.6666666666667,1.2477113627025358
377,377,5,recov,0.2668380462724936,1.321113372886658,476.6666666666667,1.2477113627025358
378,378,3,recov,0.2687179487179487,1.3140929672367505,476.6666666666667,1.2477113627025358
379,379,4,recov,0.2680306905370844,1.316653788098424,476.6666666666667,1.2477113627025358
380,380,5,recov,0.2673469387755102,1.3192080679035207,476.6666666666667,1.2477113627025358
381,381,3,recov,0.2692111959287532,1.3122590924450621,476.6666666666667,1.2477113627025358
382,382,4,recov,0.2685279187817259,1.3148003898737348,476.6666666666667,1.2477113627025358
383,383,5,recov,0.26784810126582276,1.317335245476923,476.6666666666667,1.2477113627025358
384,384,3,recov,0.2696969696969697,1.310456284728386,476.6666666666667,1.2477113627025358
385,385,4,recov,0.2690176322418136,1.312978354161096,476.6666666666667,1.2477113627025358
386,386,5,recov,0.26834170854271355,1.3154940787583433,476.6666666666667,1.2477113627025358
387,387,3,recov,0.27017543859649124,1.3086837584149666,476.6666666666667,1.2477113627025358
388,388,4,recov,0.2695,1.311186888633085,476.6666666666667,1.2477113627025358
389,389,5,recov,0.2688279301745636,1.3136837688316725,476.6666666666667,1.2477113627025358
390,390,3,recov,0.27064676616915423,1.3069407541971787,476.6666666666667,1.2477113627025358
391,391,4,recov,0.26997518610421833,1.3094252275248408,476.6666666666667,1.2477113627025358
392,392,5,recov,0.2693069306930693,1.3119035435393078,476.6666666666667,1.2477113627025358
393,393,3,recov,0.2711111111111111,1.305226538031109,476.6666666666667,1.2477113627025358
394,394,4,recov,0.27044334975369455,1.3076926305263026,476.6666666666667,1.2477113627025358
395,395,5,recov,0.2697788697788698,1.3101526563671648,476.6666666666667,1.2477113627025358
396,396,3,recov,0.27156862745098037,1.3035404000909783,476.6666666666667,1.2477113627025358
397,397,4,recov,0.2709046454767726,1.3059883817296183,476.6666666666667,1.2477113627025358
398,398,5,recov,0.2702439024390244,1.30843038538517,476.6666666666667,1.2477113627025358
399,399,3,recov,0.2720194647201946,1.301881653775236,476.6666666666667,1.2477113627025358
400,400,4,recov,0.27135922330097084,1.3043117886285278,476.6666666666667,1.2477113627025358
401,401,5,recov,0.27070217917675543,1.306736032240034,476.6666666666667,1.2477113627025358
402,402,3,recov,0.27246376811594203,1.300249634761356,476.6666666666667,1.2477113627025358
403,403,4,recov,0.27180722891566267,1.3026621811667398,476.6666666666667,1.2477113627025358
404,404,5,recov,0.27115384615384613,1.3050689211973048,476.6666666666667,1.2477113627025358
405,405,3,recov,0.2729016786570743,1.298643700106571,476.6666666666667,1.2477113627025358
406,406,4,recov,0.2722488038277512,1.3010389108325258,476.6666666666667,1.2477113627025358
407,407,5,recov,0.27159904534606205,1.303428398229907,476.6666666666667,1.2477113627025358
408,408,3,recov,0.2733333333333333,1.297063227391948,476.6666666666667,1.2477113627025358
409,409,4,recov,0.27268408551068885,1.2994413497969153,476.6666666666667,1.2477113627025358
410,410,5,recov,0.2720379146919431,1.3018138301505457,476.6666666666667,1.2477113627025358
411,411,3,recov,0.27375886524822696,1.2955076139073831,476.6666666666667,1.2477113627025358
412,412,4,recov,0.2731132075471698,1.297868890093063,476.6666666666667,1.2477113627025358
413,413,5,recov,0.27247058823529413,1.3002246037855218,476.6666666666667,1.2477113627025358
414,414,3,recov,0.27417840375586855,1.2939762758752438,476.6666666666667,1.2477113627025358
415,415,4,recov,0.27353629976580796,1.296320942834498,476.6666666666667,1.2477113627025358
416,416,5,recov,0.27289719626168224,1.2986601251876702,476.6666666666667,1.2477113627025358
417,417,3,recov,0.2745920745920746,1.2924686477105307,476.6666666666667,1.2477113627025358
418,418,4,recov,0.273953488372093,1.2947969374701218,476.6666666666667,1.2477113627025358
419,419,5,recov,0.2733178654292343,1.2971198188862616,476.6666666666667,1.2477113627025358
420,420,3,recov,0.27499999999999997,1.2909841813155658,476.6666666666667,1.2477113627025358
421,421,4,recov,0.274364896073903,1.2932963210739452,476.6666666666667,1.2477113627025358
422,422,5,recov,0.2737327188940092,1.2956031271718604,476.6666666666667,1.2477113627025358
423,423,3,recov,0.2754022988505747,1.289522345407335,476.6666666666667,1.2477113627025358
424,424,4,recov,0.27477064220183484,1.2918185576676855,476.6666666666667,1.2477113627025358
425,425,5,recov,0.27414187643020593,1.2941095094142412,476.6666666666667,1.2477113627025358
426,426,3,recov,0.27579908675799086,1.2880826248757316,476.6666666666667,1.2477113627025358
427,427,4,recov,0.27517084282460136,1.2903631275744567,476.6666666666667,1.2477113627025358
428,428,5,recov,0.27454545454545454,1.2926384414115923,476.6666666666667,1.2477113627025358
429,429,3,recov,0.2761904761904762,1.2866645201710494,476.6666666666667,1.2477113627025358
430,430,4,recov,0.2755656108597285,1.2889295268019014,476.6666666666667,1.2477113627025358
431,431,5,recov,0.2749435665914221,1.291189414769339,476.6666666666667,1.2477113627025358
432,432,3,recov,0.2765765765765766,1.2852675467191828,476.6666666666667,1.2477113627025358
433,433,4,recov,0.2759550561797753,1.2875172664531982,476.6666666666667,1.2477113627025358
434,434,5,recov,0.27533632286995513,1.289761936307022,476.6666666666667,1.2477113627025358
435,435,3,recov,0.27695749440715883,1.283891234363073,476.6666666666667,1.2477113627025358
436,436,4,recov,0.27633928571428573,1.2861258721644895,476.6666666666667,1.2477113627025358
437,437,5,recov,0.2757238307349666,1.2883555274917586,476.6666666666667,1.2477113627025358
438,438,3,recov,0.2773333333333333,1.2825351268290381,476.6666666666667,1.2477113627025358
439,439,4,recov,0.27671840354767185,1.284754883567351,476.6666666666667,1.2477113627025358
440,440,5,recov,0.2761061946902655,1.286969723896904,476.6666666666667,1.2477113627025358
441,441,3,recov,0.27770419426048565,1.2811987812166938,476.6666666666667,1.2477113627025358
442,442,4,recov,0.27709251101321586,1.2834038537750079,476.6666666666667,1.2477113627025358
443,443,5,recov,0.2764835164835165,1.2856040746846102,476.6666666666667,1.2477113627025358
444,444,3,recov,0.27807017543859647,1.2798817675112606,476.6666666666667,1.2477113627025358
445,445,4,recov,0.2774617067833698,1.2820723488910792,476.6666666666667,1.2477113627025358
446,446,5,recov,0.27685589519650655,1.2842581421110595,476.6666666666667,1.2477113627025358
447,447,3,recov,0.2784313725490196,1.2785836681171108,476.6666666666667,1.2477113627025358
448,448,4,recov,0.2778260869565217,1.2807599475397062,476.6666666666667,1.2477113627025358
449,449,5,recov,0.2772234273318872,1.282931501053214,476.6666666666667,1.2477113627025358
450,450,3,recov,0.2787878787878788,1.2773040774114854,476.6666666666667,1.2477113627025358
451,451,4,recov,0.2781857451403888,1.2794662404159807,476.6666666666667,1.2477113627025358
452,452,5,recov,0.2775862068965517,1.281623738556002,476.6666666666667,1.2477113627025358
453,453,3,recov,0.2791397849462366,1.2760426013173667,476.6666666666667,1.2477113627025358
454,454,4,recov,0.27854077253218884,1.2781908298556564,476.6666666666667,1.2477113627025358
455,455,5,recov,0.27794432548179876,1.2803344533989076,476.6666666666667,1.2477113627025358
456,456,3,recov,0.2794871794871795,1.2747988568945483,476.6666666666667,1.2477113627025358
457,457,4,recov,0.2788912579957356,1.276933329423181,476.6666666666667,1.2477113627025358
458,458,5,recov,0.2782978723404256,1.2790632556810058,476.6666666666667,1.2477113627025358
459,459,3,recov,0.2798301486199576,1.2735724719480108,476.6666666666667,1.2477113627025358
460,460,4,recov,0.27923728813559323,1.2756933635171486,476.6666666666667,1.2477113627025358
461,461,5,recov,0.27864693446088795,1.2778097664235262,476.6666666666667,1.2477113627025358
462,462,3,recov,0.28016877637130805,1.272363084652743,476.6666666666667,1.2477113627025358
463,463,4,recov,0.2795789473684211,1.2744705669923075,476.6666666666667,1.2477113627025358
464,464,5,recov,0.27899159663865547,1.2765736171890865,476.6666666666667,1.2477113627025358
465,465,3,recov,0.2805031446540881,1.271170343194213,476.6666666666667,1.2477113627025358
466,466,4,recov,0.2799163179916318,1.2732645847973278,476.6666666666667,1.2477113627025358
467,467,5,recov,0.2793319415448852,1.275354449716787,476.6666666666667,1.2477113627025358
468,468,3,recov,0.2808333333333334,1.2699939054237297,476.6666666666667,1.2477113627025358
469,469,4,recov,0.28024948024948027,1.2720750716275544,476.6666666666667,1.2477113627025358
470,470,5,recov,0.2796680497925311,1.2741519155723937,476.6666666666667,1.2477113627025358
471,471,3,recov,0.2811594202898551,1.268833438527977,476.6666666666667,1.2477113627025358
472,472,4,recov,0.28057851239669424,1.270901691592036,476.6666666666667,1.2477113627025358
473,473,5,recov,0.28,1.2729656758128873,476.6666666666667,1.2477113627025358
474,474,3,recov,0.2814814814814815,1.2676886187120435,476.6666666666667,1.2477113627025358
475,475,4,recov,0.2809034907597536,1.2697441178941395,476.6666666666667,1.2477113627025358
476,476,5,recov,0.28032786885245903,1.271795400664697,476.6666666666667,1.2477113627025358
477,477,3,recov,0.281799591002045,1.266559130895314,476.6666666666667,1.2477113627025358
478,478,4,recov,0.2812244897959184,1.268602032525114,476.6666666666667,1.2477113627025358
479,479,5,recov,0.28065173116089615,1.2706407692149624,476.6666666666667,1.2477113627025358
480,480,3,recov,0.28211382113821143,1.265444668419604,476.6666666666667,1.2477113627025358
481,481,4,recov,0.28154158215010144,1.267475125969986,476.6666666666667,1.2477113627025358
482,482,5,recov,0.28097165991902834,1.2695014691152184,476.6666666666667,1.2477113627025358
483,483,3,recov,0.28242424242424247,1.2643449327689802,476.6666666666667,1.2477113627025358
484,484,4,recov,0.2818548387096774,1.2663630969252175,476.6666666666667,1.2477113627025358
485,485,5,recov,0.2812877263581489,1.2683771962969188,476.6666666666667,1.2477113627025358
486,486,3,recov,0.28273092369477915,1.263259633300711,476.6666666666667,1.2477113627025358
487,487,4,recov,0.28216432865731467,1.2652656520275765,476.6666666666667,1.2477113627025358
488,488,5,recov,0.2816,1.2672676546982498,476.6666666666667,1.2477113627025358
489,489,3,recov,0.2830339321357286,1.2621884869868376,476.6666666666667,1.2477113627025358
490,490,4,recov,0.28247011952191237,1.264182505593702,476.6666666666667,1.2477113627025358
491,491,5,recov,0.2819085487077535,1.266172556001712,476.6666666666667,1.2477113627025358
492,492,3,recov,0.2833333333333334,1.2611312181658845,476.6666666666667,1.2477113627025358
493,493,4,recov,0.2827722772277228,1.2631133793698757,476.6666666666667,1.2477113627025358
494,494,5,recov,0.2822134387351779,1.2650916193819814,476.6666666666667,1.2477113627025358
495,495,3,recov,0.28362919132149905,1.2600875583042368,476.6666666666667,1.2477113627025358
496,496,4,recov,0.2830708661417323,1.2620580022915355,476.6666666666667,1.2477113627025358
497,497,5,recov,0.2825147347740668,1.2640245712635765,476.6666666666667,1.2477113627025358
498,498,3,recov,0.283921568627451,1.2590572457667555,476.6666666666667,1.2477113627025358
499,499,4,recov,0.2833659491193738,1.2610161102520885,476.6666666666667,1.2477113627025358
500,500,5,recov,0.2828125,1.2629711450878918,476.6666666666667,1.2477113627025358
501,501,3,recov,0.28421052631578947,1.2580400255962119,476.6666666666667,1.2477113627025358
502,502,4,recov,0.2836575875486382,1.259987445880607,476.6666666666667,1.2477113627025358
503,503,5,recov,0.28310679611650486,1.2619310810891784,476.6666666666667,1.2477113627025358
504,504,3,recov,0.28449612403100777,1.2570356493011474,476.6666666666667,1.2477113627025358
505,505,4,recov,0.28394584139264994,1.2589717583280138,476.6666666666667,1.2477113627025358
506,506,5,recov,0.2833976833976834,1.2609041260790679,476.6666666666667,1.2477113627025358
507,507,3,recov,0.28477842003853565,1.2560438746517872,476.6666666666667,1.2477113627025358
508,508,4,recov,0.28423076923076923,1.2579688030613716,476.6666666666667,1.2477113627025358
509,509,5,recov,0.28368522072936664,1.2598900332392653,476.6666666666667,1.2477113627025358
510,510,3,recov,0.2850574712643678,1.2550644654836471,476.6666666666667,1.2477113627025358
511,511,4,recov,0.28451242829827916,1.2569783416659315,476.6666666666667,1.2477113627025358
512,512,5,recov,0.283969465648855,1.2588885619220505,476.6666666666667,1.2477113627025358
513,513,3,recov,0.2853333333333333,1.2540971915085046,476.6666666666667,1.2477113627025358
514,514,4,recov,0.28479087452471485,1.2560001416545907,476.6666666666667,1.2477113627025358
515,515,5,recov,0.28425047438330175,1.257899477458243,476.6666666666667,1.2477113627025358
516,516,3,recov,0.28560606060606064,1.2531418281324056,476.6666666666667,1.2477113627025358
517,517,4,recov,0.2850661625708885,1.2550339762844436,476.6666666666667,1.2477113627025358
518,518,5,recov,0.28452830188679246,1.2569225509723119,476.6666666666667,1.2477113627025358
519,519,3,recov,0.2858757062146893,1.2521981562804092,476.6666666666667,1.2477113627025358
520,520,4,recov,0.28533834586466167,1.2540796243801149,476.6666666666667,1.2477113627025358
521,521,5,recov,0.28480300187617263,1.2559575592043148,476.6666666666667,1.2477113627025358
522,522,3,recov,0.2861423220973783,1.2512659622277746,476.6666666666667,1.2477113627025358
523,523,4,recov,0.28560747663551406,1.2531368701635863,476.6666666666667,1.2477113627025358
524,524,5,recov,0.28507462686567164,1.255004284338382,476.6666666666667,1.2477113627025358
525,525,3,recov,0.2864059590316574,1.250345037437321,476.6666666666667,1.2477113627025358
526,526,4,recov,0.2858736059479554,1.2522055030902408,476.6666666666667,1.2477113627025358
527,527,5,recov,0.28534322820037106,1.2540625138374535,476.6666666666667,1.2477113627025358
528,528,3,recov,0.2866666666666667,1.2494351784026934,476.6666666666667,1.2477113627025358
529,529,4,recov,0.2861367837338263,1.2512853176908547,476.6666666666667,1.2477113627025358
530,530,5,recov,0.2856088560885609,1.2531320402840194,476.6666666666667,1.2477113627025358
531,531,3,recov,0.2869244935543278,1.2485361864972875,476.6666666666667,1.2477113627025358
532,532,4,recov,0.28639705882352945,1.2503761134192946,476.6666666666667,1.2477113627025358
533,533,5,recov,0.2858715596330275,1.2522126612265962,476.6666666666667,1.2477113627025358
534,534,3,recov,0.2871794871794872,1.2476478678285974,476.6666666666667,1.2477113627025358
535,535,4,recov,0.28665447897623403,1.2494776945056736,476.6666666666667,1.2477113627025358
536,536,5,recov,0.2861313868613139,1.2513041790317079,476.6666666666667,1.2477113627025358
537,537,3,recov,0.28743169398907104,1.2467700330977567,476.6666666666667,1.2477113627025358
538,538,4,recov,0.28690909090909095,1.2485898698147426,476.6666666666667,1.2477113627025358
539,539,5,recov,0.28638838475499095,1.2504064007411406,476.6666666666667,1.2477113627025358
540,540,3,recov,0.2876811594202899,1.2459024974640598,476.6666666666667,1.2477113627025358
541,541,4,recov,0.2871609403254973,1.2477124527092993,476.6666666666667,1.2477113627025358
542,542,5,recov,0.28664259927797836,1.2495191379342483,476.6666666666667,1.2477113627025358
543,543,0,fam_r,0.041081081081081085,3.1922075777860393,476.6666666666667,1.2477113627025358
544,544,1,fam_r,0.04100719424460432,3.194007758290187,476.6666666666667,1.2477113627025358
545,545,2,fam_r,0.04093357271095153,3.195804703966889,476.6666666666667,1.2477113627025358
546,546,0,fam_r,0.04265232974910394,3.154673381703882,476.6666666666667,1.2477113627025358
547,547,1,fam_r,0.04257602862254025,3.15646389247767,476.6666666666667,1.2477113627025358
548,548,2,fam_r,0.0425,3.158251203051766,476.6666666666667,1.2477113627025358
549,549,0,fam_r,0.04420677361853832,3.11887725235176,476.6666666666667,1.2477113627025358
550,550,1,fam_r,0.04412811387900356,3.1206581967227547,476.6666666666667,1.2477113627025358
551,551,2,fam_r,0.04404973357015986,3.122435974968754,476.6666666666667,1.2477113627025358
552,552,0,fam_r,0.04574468085106383,3.084679759570487,476.6666666666667,1.2477113627025358
553,553,1,fam_r,0.045663716814159296,3.086451239218869,476.6666666666667,1.2477113627025358
554,554,2,fam_r,0.04558303886925795,3.088219586275611,476.6666666666667,1.2477113627025358
555,555,0,fam_r,0.0472663139329806,3.051957416210941,476.6666666666667,1.2477113627025358
556,556,1,fam_r,0.047183098591549295,3.05371953120434,476.6666666666667,1.2477113627025358
557,557,2,fam_r,0.04710017574692443,3.05547854660952,476.6666666666667,1.2477113627025358
