,time_step,stimulus,type,familiarity,novelty,dN,steady
0,0,0,fam,0.06666666666666667,2.70805020110221,0.0,2.7485620700191107
1,1,1,fam,0.0625,2.772588722239781,0.0,2.7485620700191107
2,2,2,fam,0.0617283950617284,2.785011242238338,0.0,2.7485620700191107
3,3,0,fam,0.06403940886699508,2.7482566215802504,0.0,2.7485620700191107
4,4,1,fam,0.06400787789266371,2.7487491111248024,0.0,2.7485620700191107
5,5,2,fam,0.06400157542339503,2.7488475799348864,0.0,2.7485620700191107
6,6,0,fam,0.06402000748311376,2.7485596275533015,0.0,2.7485620700191107
7,7,1,fam,0.06401975534252832,2.748563566026474,0.0,2.7485620700191107
8,8,2,fam,0.06401970491464959,2.748564353719247,0.0,2.7485620700191107
9,9,0,fam,0.0640198523675511,2.748562050479457,0.0,2.7485620700191107
10,10,1,fam,0.06401985035043328,2.7485620819871497,0.0,2.7485620700191107
11,11,2,fam,0.06401984994700972,2.748562088288688,0.0,2.7485620700191107
12,12,0,fam,0.06401985112663272,2.748562069862794,0.0,2.7485620700191107
13,13,1,fam,0.06401985111049577,2.7485620701148554,0.0,2.7485620700191107
14,14,2,fam,0.06401985110726839,2.7485620701652675,0.0,2.7485620700191107
15,15,0,fam,0.06401985111670536,2.748562070017861,0.0,2.7485620700191107
16,16,1,fam,0.06401985111657627,2.748562070019877,0.0,2.7485620700191107
17,17,2,fam,0.06401985111655044,2.748562070020281,0.0,2.7485620700191107
18,18,0,fam,0.06401985111662595,2.7485620700191014,0.0,2.7485620700191107
19,19,1,fam,0.06401985111662492,2.7485620700191173,0.0,2.7485620700191107
20,20,2,fam,0.06401985111662473,2.7485620700191205,0.0,2.7485620700191107
21,21,0,fam,0.06401985111662532,2.748562070019111,0.0,2.7485620700191107
22,22,1,fam,0.06401985111662531,2.748562070019111,0.0,2.7485620700191107
23,23,2,fam,0.06401985111662531,2.748562070019111,0.0,2.7485620700191107
24,24,0,fam,0.06401985111662531,2.748562070019111,0.0,2.7485620700191107
25,25,1,fam,0.06401985111662531,2.748562070019111,0.0,2.7485620700191107
26,26,2,fam,0.06401985111662531,2.748562070019111,0.0,2.7485620700191107
27,27,0,fam,0.06401985111662531,2.748562070019111,0.0,2.7485620700191107
28,28,1,fam,0.06401985111662531,2.748562070019111,0.0,2.7485620700191107
29,29,2,fam,0.06401985111662531,2.748562070019111,0.0,2.7485620700191107
30,30,0,fam,0.06401985111662531,2.748562070019111,0.0,2.7485620700191107
31,31,1,fam,0.06401985111662531,2.748562070019111,0.0,2.7485620700191107
32,32,2,fam,0.06401985111662531,2.748562070019111,0.0,2.7485620700191107
33,33,0,fam,0.06401985111662531,2.748562070019111,0.0,2.7485620700191107
34,34,1,fam,0.06401985111662531,2.748562070019111,0.0,2.7485620700191107
35,35,2,fam,0.06401985111662531,2.748562070019111,0.0,2.7485620700191107
36,36,0,fam,0.06401985111662531,2.748562070019111,0.0,2.7485620700191107
37,37,1,fam,0.06401985111662531,2.748562070019111,0.0,2.7485620700191107
38,38,2,fam,0.06401985111662531,2.748562070019111,0.0,2.7485620700191107
39,39,0,fam,0.06401985111662531,2.748562070019111,0.0,2.7485620700191107
40,40,1,fam,0.06401985111662531,2.748562070019111,0.0,2.7485620700191107
41,41,2,fam,0.06401985111662531,2.748562070019111,0.0,2.7485620700191107
42,42,0,fam,0.06401985111662531,2.748562070019111,0.0,2.7485620700191107
43,43,1,fam,0.06401985111662531,2.748562070019111,0.0,2.7485620700191107
44,44,2,fam,0.06401985111662531,2.748562070019111,0.0,2.7485620700191107
45,45,0,fam,0.06401985111662531,2.748562070019111,0.0,2.7485620700191107
46,46,1,fam,0.06401985111662531,2.748562070019111,0.0,2.7485620700191107
47,47,2,fam,0.06401985111662531,2.748562070019111,0.0,2.7485620700191107
48,48,0,fam,0.06401985111662531,2.748562070019111,0.0,2.7485620700191107
49,49,1,fam,0.06401985111662531,2.748562070019111,0.0,2.7485620700191107
50,50,2,fam,0.06401985111662531,2.748562070019111,0.0,2.7485620700191107
51,51,0,fam,0.06401985111662531,2.748562070019111,0.0,2.7485620700191107
52,52,1,fam,0.06401985111662531,2.748562070019111,0.0,2.7485620700191107
53,53,2,fam,0.06401985111662531,2.748562070019111,0.0,2.7485620700191107
54,54,0,fam,0.06401985111662531,2.748562070019111,0.0,2.7485620700191107
55,55,1,fam,0.06401985111662531,2.748562070019111,0.0,2.7485620700191107
56,56,2,fam,0.06401985111662531,2.748562070019111,0.0,2.7485620700191107
57,57,0,fam,0.06401985111662531,2.748562070019111,0.0,2.7485620700191107
58,58,1,fam,0.06401985111662531,2.748562070019111,0.0,2.7485620700191107
59,59,2,fam,0.06401985111662531,2.748562070019111,0.0,2.7485620700191107
60,60,0,fam,0.06401985111662531,2.748562070019111,0.0,2.7485620700191107
61,61,1,fam,0.06401985111662531,2.748562070019111,0.0,2.7485620700191107
62,62,2,fam,0.06401985111662531,2.748562070019111,0.0,2.7485620700191107
63,63,0,fam,0.06401985111662531,2.748562070019111,0.0,2.7485620700191107
64,64,1,fam,0.06401985111662531,2.748562070019111,0.0,2.7485620700191107
65,65,2,fam,0.06401985111662531,2.748562070019111,0.0,2.7485620700191107
66,66,0,fam_r,0.06401985111662531,2.748562070019111,0.0,2.7485620700191107
67,67,1,fam_r,0.06401985111662531,2.748562070019111,0.0,2.7485620700191107
68,68,2,fam_r,0.06401985111662531,2.748562070019111,0.0,2.7485620700191107
69,69,0,fam_r,0.06401985111662531,2.748562070019111,0.0,2.7485620700191107
70,70,1,fam_r,0.06401985111662531,2.748562070019111,0.0,2.7485620700191107
71,71,2,fam_r,0.06401985111662531,2.748562070019111,0.0,2.7485620700191107
72,72,0,fam_r,0.06401985111662531,2.748562070019111,0.0,2.7485620700191107
73,73,1,fam_r,0.06401985111662531,2.748562070019111,0.0,2.7485620700191107
74,74,2,fam_r,0.06401985111662531,2.748562070019111,0.0,2.7485620700191107
75,75,0,fam_r,0.06401985111662531,2.748562070019111,0.0,2.7485620700191107
76,76,1,fam_r,0.06401985111662531,2.748562070019111,0.0,2.7485620700191107
77,77,2,fam_r,0.06401985111662531,2.748562070019111,0.0,2.7485620700191107
78,78,0,fam_r,0.06401985111662531,2.748562070019111,0.0,2.7485620700191107
79,79,1,fam_r,0.06401985111662531,2.748562070019111,0.0,2.7485620700191107
80,80,2,fam_r,0.06401985111662531,2.748562070019111,0.0,2.7485620700191107
0,0,0,fam,0.06666666666666667,2.70805020110221,73.33333333333334,2.7485620700191107
1,1,1,fam,0.0625,2.772588722239781,73.33333333333334,2.7485620700191107
2,2,2,fam,0.0617283950617284,2.785011242238338,73.33333333333334,2.7485620700191107
3,3,0,fam,0.06403940886699508,2.7482566215802504,73.33333333333334,2.7485620700191107
4,4,1,fam,0.06400787789266371,2.7487491111248024,73.33333333333334,2.7485620700191107
5,5,2,fam,0.06400157542339503,2.7488475799348864,73.33333333333334,2.7485620700191107
6,6,0,fam,0.06402000748311376,2.7485596275533015,73.33333333333334,2.7485620700191107
7,7,1,fam,0.06401975534252832,2.748563566026474,73.33333333333334,2.7485620700191107
8,8,2,fam,0.06401970491464959,2.748564353719247,73.33333333333334,2.7485620700191107
9,9,0,fam,0.0640198523675511,2.748562050479457,73.33333333333334,2.7485620700191107
10,10,1,fam,0.06401985035043328,2.7485620819871497,73.33333333333334,2.7485620700191107
11,11,2,fam,0.06401984994700972,2.748562088288688,73.33333333333334,2.7485620700191107
12,12,0,fam,0.06401985112663272,2.748562069862794,73.33333333333334,2.7485620700191107
13,13,1,fam,0.06401985111049577,2.7485620701148554,73.33333333333334,2.7485620700191107
14,14,2,fam,0.06401985110726839,2.7485620701652675,73.33333333333334,2.7485620700191107
15,15,0,fam,0.06401985111670536,2.748562070017861,73.33333333333334,2.7485620700191107
16,16,1,fam,0.06401985111657627,2.748562070019877,73.33333333333334,2.7485620700191107
17,17,2,fam,0.06401985111655044,2.748562070020281,73.33333333333334,2.7485620700191107
18,18,0,fam,0.06401985111662595,2.7485620700191014,73.33333333333334,2.7485620700191107
19,19,1,fam,0.06401985111662492,2.7485620700191173,73.33333333333334,2.7485620700191107
20,20,2,fam,0.06401985111662473,2.7485620700191205,73.33333333333334,2.7485620700191107
21,21,0,fam,0.06401985111662532,2.748562070019111,73.33333333333334,2.7485620700191107
22,22,1,fam,0.06401985111662531,2.748562070019111,73.33333333333334,2.7485620700191107
23,23,2,fam,0.06401985111662531,2.748562070019111,73.33333333333334,2.7485620700191107
24,24,0,fam,0.06401985111662531,2.748562070019111,73.33333333333334,2.7485620700191107
25,25,1,fam,0.06401985111662531,2.748562070019111,73.33333333333334,2.7485620700191107
26,26,2,fam,0.06401985111662531,2.748562070019111,73.33333333333334,2.7485620700191107
27,27,0,fam,0.06401985111662531,2.748562070019111,73.33333333333334,2.7485620700191107
28,28,1,fam,0.06401985111662531,2.748562070019111,73.33333333333334,2.7485620700191107
29,29,2,fam,0.06401985111662531,2.748562070019111,73.33333333333334,2.7485620700191107
30,30,0,fam,0.06401985111662531,2.748562070019111,73.33333333333334,2.7485620700191107
31,31,1,fam,0.06401985111662531,2.748562070019111,73.33333333333334,2.7485620700191107
32,32,2,fam,0.06401985111662531,2.748562070019111,73.33333333333334,2.7485620700191107
33,33,0,fam,0.06401985111662531,2.748562070019111,73.33333333333334,2.7485620700191107
34,34,1,fam,0.06401985111662531,2.748562070019111,73.33333333333334,2.7485620700191107
35,35,2,fam,0.06401985111662531,2.748562070019111,73.33333333333334,2.7485620700191107
36,36,0,fam,0.06401985111662531,2.748562070019111,73.33333333333334,2.7485620700191107
37,37,1,fam,0.06401985111662531,2.748562070019111,73.33333333333334,2.7485620700191107
38,38,2,fam,0.06401985111662531,2.748562070019111,73.33333333333334,2.7485620700191107
39,39,0,fam,0.06401985111662531,2.748562070019111,73.33333333333334,2.7485620700191107
40,40,1,fam,0.06401985111662531,2.748562070019111,73.33333333333334,2.7485620700191107
41,41,2,fam,0.06401985111662531,2.748562070019111,73.33333333333334,2.7485620700191107
42,42,0,fam,0.06401985111662531,2.748562070019111,73.33333333333334,2.7485620700191107
43,43,1,fam,0.06401985111662531,2.748562070019111,73.33333333333334,2.7485620700191107
44,44,2,fam,0.06401985111662531,2.748562070019111,73.33333333333334,2.7485620700191107
45,45,0,fam,0.06401985111662531,2.748562070019111,73.33333333333334,2.7485620700191107
46,46,1,fam,0.06401985111662531,2.748562070019111,73.33333333333334,2.7485620700191107
47,47,2,fam,0.06401985111662531,2.748562070019111,73.33333333333334,2.7485620700191107
48,48,0,fam,0.06401985111662531,2.748562070019111,73.33333333333334,2.7485620700191107
49,49,1,fam,0.06401985111662531,2.748562070019111,73.33333333333334,2.7485620700191107
50,50,2,fam,0.06401985111662531,2.748562070019111,73.33333333333334,2.7485620700191107
51,51,0,fam,0.06401985111662531,2.748562070019111,73.33333333333334,2.7485620700191107
52,52,1,fam,0.06401985111662531,2.748562070019111,73.33333333333334,2.7485620700191107
53,53,2,fam,0.06401985111662531,2.748562070019111,73.33333333333334,2.7485620700191107
54,54,0,fam,0.06401985111662531,2.748562070019111,73.33333333333334,2.7485620700191107
55,55,1,fam,0.06401985111662531,2.748562070019111,73.33333333333334,2.7485620700191107
56,56,2,fam,0.06401985111662531,2.748562070019111,73.33333333333334,2.7485620700191107
57,57,0,fam,0.06401985111662531,2.748562070019111,73.33333333333334,2.7485620700191107
58,58,1,fam,0.06401985111662531,2.748562070019111,73.33333333333334,2.7485620700191107
59,59,2,fam,0.06401985111662531,2.748562070019111,73.33333333333334,2.7485620700191107
60,60,0,fam,0.06401985111662531,2.748562070019111,73.33333333333334,2.7485620700191107
61,61,1,fam,0.06401985111662531,2.748562070019111,73.33333333333334,2.7485620700191107
62,62,2,fam,0.06401985111662531,2.748562070019111,73.33333333333334,2.7485620700191107
63,63,0,fam,0.06401985111662531,2.748562070019111,73.33333333333334,2.7485620700191107
64,64,1,fam,0.06401985111662531,2.748562070019111,73.33333333333334,2.7485620700191107
65,65,2,fam,0.06401985111662531,2.748562070019111,73.33333333333334,2.7485620700191107
66,66,3,recov,0.06153846153846154,2.7880929087757464,73.33333333333334,2.7485620700191107
67,67,4,recov,0.06153846153846154,2.7880929087757464,73.33333333333334,2.7485620700191107
68,68,5,recov,0.06153846153846154,2.7880929087757464,73.33333333333334,2.7485620700191107
69,69,3,recov,0.064,2.7488721956224653,73.33333333333334,2.7485620700191107
70,70,4,recov,0.064,2.7488721956224653,73.33333333333334,2.7485620700191107
71,71,5,recov,0.064,2.7488721956224653,73.33333333333334,2.7485620700191107
72,72,3,recov,0.0640196923076923,2.748564550642343,73.33333333333334,2.7485620700191107
73,73,4,recov,0.0640196923076923,2.748564550642343,73.33333333333334,2.7485620700191107
74,74,5,recov,0.0640196923076923,2.748564550642343,73.33333333333334,2.7485620700191107
75,75,3,recov,0.06401984984615385,2.748562089864073,73.33333333333334,2.7485620700191107
76,76,4,recov,0.06401984984615385,2.748562089864073,73.33333333333334,2.7485620700191107
77,77,5,recov,0.06401984984615385,2.748562089864073,73.33333333333334,2.7485620700191107
78,78,3,recov,0.06401985110646154,2.748562070177871,73.33333333333334,2.7485620700191107
79,79,4,recov,0.06401985110646154,2.748562070177871,73.33333333333334,2.7485620700191107
80,80,5,recov,0.06401985110646154,2.748562070177871,73.33333333333334,2.7485620700191107
81,81,3,recov,0.06401985111654399,2.7485620700203817,73.33333333333334,2.7485620700191107
82,82,4,recov,0.06401985111654399,2.7485620700203817,73.33333333333334,2.7485620700191107
83,83,5,recov,0.06401985111654399,2.7485620700203817,73.33333333333334,2.7485620700191107
84,84,3,recov,0.06401985111662467,2.7485620700191213,73.33333333333334,2.7485620700191107
85,85,4,recov,0.06401985111662467,2.7485620700191213,73.33333333333334,2.7485620700191107
86,86,5,recov,0.06401985111662467,2.7485620700191213,73.33333333333334,2.7485620700191107
87,87,3,recov,0.06401985111662531,2.748562070019111,73.33333333333334,2.7485620700191107
88,88,4,recov,0.06401985111662531,2.748562070019111,73.33333333333334,2.7485620700191107
89,89,5,recov,0.06401985111662531,2.748562070019111,73.33333333333334,2.7485620700191107
90,90,3,recov,0.06401985111662531,2.748562070019111,73.33333333333334,2.7485620700191107
91,91,4,recov,0.06401985111662531,2.748562070019111,73.33333333333334,2.7485620700191107
92,92,5,recov,0.06401985111662531,2.748562070019111,73.33333333333334,2.7485620700191107
93,93,3,recov,0.06401985111662531,2.748562070019111,73.33333333333334,2.7485620700191107
94,94,4,recov,0.06401985111662531,2.748562070019111,73.33333333333334,2.7485620700191107
95,95,5,recov,0.06401985111662531,2.748562070019111,73.33333333333334,2.7485620700191107
96,96,3,recov,0.06401985111662531,2.748562070019111,73.33333333333334,2.7485620700191107
97,97,4,recov,0.06401985111662531,2.748562070019111,73.33333333333334,2.7485620700191107
98,98,5,recov,0.06401985111662531,2.748562070019111,73.33333333333334,2.7485620700191107
99,99,3,recov,0.06401985111662531,2.748562070019111,73.33333333333334,2.7485620700191107
100,100,4,recov,0.06401985111662531,2.748562070019111,73.33333333333334,2.7485620700191107
101,101,5,recov,0.06401985111662531,2.748562070019111,73.33333333333334,2.7485620700191107
102,102,3,recov,0.06401985111662531,2.748562070019111,73.33333333333334,2.7485620700191107
103,103,4,recov,0.06401985111662531,2.748562070019111,73.33333333333334,2.7485620700191107
104,104,5,recov,0.06401985111662531,2.748562070019111,73.33333333333334,2.7485620700191107
105,105,3,recov,0.06401985111662531,2.748562070019111,73.33333333333334,2.7485620700191107
106,106,4,recov,0.06401985111662531,2.748562070019111,73.33333333333334,2.7485620700191107
107,107,5,recov,0.06401985111662531,2.748562070019111,73.33333333333334,2.7485620700191107
108,108,3,recov,0.06401985111662531,2.748562070019111,73.33333333333334,2.7485620700191107
109,109,4,recov,0.06401985111662531,2.748562070019111,73.33333333333334,2.7485620700191107
110,110,5,recov,0.06401985111662531,2.748562070019111,73.33333333333334,2.7485620700191107
111,111,3,recov,0.06401985111662531,2.748562070019111,73.33333333333334,2.7485620700191107
112,112,4,recov,0.06401985111662531,2.748562070019111,73.33333333333334,2.7485620700191107
113,113,5,recov,0.06401985111662531,2.748562070019111,73.33333333333334,2.7485620700191107
114,114,3,recov,0.06401985111662531,2.748562070019111,73.33333333333334,2.7485620700191107
115,115,4,recov,0.06401985111662531,2.748562070019111,73.33333333333334,2.7485620700191107
116,116,5,recov,0.06401985111662531,2.748562070019111,73.33333333333334,2.7485620700191107
117,117,3,recov,0.06401985111662531,2.748562070019111,73.33333333333334,2.7485620700191107
118,118,4,recov,0.06401985111662531,2.748562070019111,73.33333333333334,2.7485620700191107
119,119,5,recov,0.06401985111662531,2.748562070019111,73.33333333333334,2.7485620700191107
120,120,3,recov,0.06401985111662531,2.748562070019111,73.33333333333334,2.7485620700191107
121,121,4,recov,0.06401985111662531,2.748562070019111,73.33333333333334,2.7485620700191107
122,122,5,recov,0.06401985111662531,2.748562070019111,73.33333333333334,2.7485620700191107
123,123,3,recov,0.06401985111662531,2.748562070019111,73.33333333333334,2.7485620700191107
124,124,4,recov,0.06401985111662531,2.748562070019111,73.33333333333334,2.7485620700191107
125,125,5,recov,0.06401985111662531,2.748562070019111,73.33333333333334,2.7485620700191107
126,126,3,recov,0.06401985111662531,2.748562070019111,73.33333333333334,2.7485620700191107
127,127,4,recov,0.06401985111662531,2.748562070019111,73.33333333333334,2.7485620700191107
128,128,5,recov,0.06401985111662531,2.748562070019111,73.33333333333334,2.7485620700191107
129,129,3,recov,0.06401985111662531,2.748562070019111,73.33333333333334,2.7485620700191107
130,130,4,recov,0.06401985111662531,2.748562070019111,73.33333333333334,2.7485620700191107
131,131,5,recov,0.06401985111662531,2.748562070019111,73.33333333333334,2.7485620700191107
132,132,3,recov,0.06401985111662531,2.748562070019111,73.33333333333334,2.7485620700191107
133,133,4,recov,0.06401985111662531,2.748562070019111,73.33333333333334,2.7485620700191107
134,134,5,recov,0.06401985111662531,2.748562070019111,73.33333333333334,2.7485620700191107
135,135,3,recov,0.06401985111662531,2.748562070019111,73.33333333333334,2.7485620700191107
136,136,4,recov,0.06401985111662531,2.748562070019111,73.33333333333334,2.7485620700191107
137,137,5,recov,0.06401985111662531,2.748562070019111,73.33333333333334,2.7485620700191107
138,138,0,fam_r,0.06153846153846154,2.7880929087757464,73.33333333333334,2.7485620700191107
139,139,1,fam_r,0.06153846153846154,2.7880929087757464,73.33333333333334,2.7485620700191107
140,140,2,fam_r,0.06153846153846154,2.7880929087757464,73.33333333333334,2.7485620700191107
141,141,0,fam_r,0.064,2.7488721956224653,73.33333333333334,2.7485620700191107
142,142,1,fam_r,0.064,2.7488721956224653,73.33333333333334,2.7485620700191107
143,143,2,fam_r,0.064,2.7488721956224653,73.33333333333334,2.7485620700191107
144,144,0,fam_r,0.0640196923076923,2.748564550642343,73.33333333333334,2.7485620700191107
145,145,1,fam_r,0.0640196923076923,2.748564550642343,73.33333333333334,2.7485620700191107
146,146,2,fam_r,0.0640196923076923,2.748564550642343,73.33333333333334,2.7485620700191107
147,147,0,fam_r,0.06401984984615385,2.748562089864073,73.33333333333334,2.7485620700191107
148,148,1,fam_r,0.06401984984615385,2.748562089864073,73.33333333333334,2.7485620700191107
149,149,2,fam_r,0.06401984984615385,2.748562089864073,73.33333333333334,2.7485620700191107
150,150,0,fam_r,0.06401985110646154,2.748562070177871,73.33333333333334,2.7485620700191107
151,151,1,fam_r,0.06401985110646154,2.748562070177871,73.33333333333334,2.7485620700191107
152,152,2,fam_r,0.06401985110646154,2.748562070177871,73.33333333333334,2.7485620700191107
0,0,0,fam,0.06666666666666667,2.70805020110221,146.66666666666669,2.7485620700191107
1,1,1,fam,0.0625,2.772588722239781,146.66666666666669,2.7485620700191107
2,2,2,fam,0.0617283950617284,2.785011242238338,146.66666666666669,2.7485620700191107
3,3,0,fam,0.06403940886699508,2.7482566215802504,146.66666666666669,2.7485620700191107
4,4,1,fam,0.06400787789266371,2.7487491111248024,146.66666666666669,2.7485620700191107
5,5,2,fam,0.06400157542339503,2.7488475799348864,146.66666666666669,2.7485620700191107
6,6,0,fam,0.06402000748311376,2.7485596275533015,146.66666666666669,2.7485620700191107
7,7,1,fam,0.06401975534252832,2.748563566026474,146.66666666666669,2.7485620700191107
8,8,2,fam,0.06401970491464959,2.748564353719247,146.66666666666669,2.7485620700191107
9,9,0,fam,0.0640198523675511,2.748562050479457,146.66666666666669,2.7485620700191107
10,10,1,fam,0.06401985035043328,2.7485620819871497,146.66666666666669,2.7485620700191107
11,11,2,fam,0.06401984994700972,2.748562088288688,146.66666666666669,2.7485620700191107
12,12,0,fam,0.06401985112663272,2.748562069862794,146.66666666666669,2.7485620700191107
13,13,1,fam,0.06401985111049577,2.7485620701148554,146.66666666666669,2.7485620700191107
14,14,2,fam,0.06401985110726839,2.7485620701652675,146.66666666666669,2.7485620700191107
15,15,0,fam,0.06401985111670536,2.748562070017861,146.66666666666669,2.7485620700191107
16,16,1,fam,0.06401985111657627,2.748562070019877,146.66666666666669,2.7485620700191107
17,17,2,fam,0.06401985111655044,2.748562070020281,146.66666666666669,2.7485620700191107
18,18,0,fam,0.06401985111662595,2.7485620700191014,146.66666666666669,2.7485620700191107
19,19,1,fam,0.06401985111662492,2.7485620700191173,146.66666666666669,2.7485620700191107
20,20,2,fam,0.06401985111662473,2.7485620700191205,146.66666666666669,2.7485620700191107
21,21,0,fam,0.06401985111662532,2.748562070019111,146.66666666666669,2.7485620700191107
22,22,1,fam,0.06401985111662531,2.748562070019111,146.66666666666669,2.7485620700191107
23,23,2,fam,0.06401985111662531,2.748562070019111,146.66666666666669,2.7485620700191107
24,24,0,fam,0.06401985111662531,2.748562070019111,146.66666666666669,2.7485620700191107
25,25,1,fam,0.06401985111662531,2.748562070019111,146.66666666666669,2.7485620700191107
26,26,2,fam,0.06401985111662531,2.748562070019111,146.66666666666669,2.7485620700191107
27,27,0,fam,0.06401985111662531,2.748562070019111,146.66666666666669,2.7485620700191107
28,28,1,fam,0.06401985111662531,2.748562070019111,146.66666666666669,2.7485620700191107
29,29,2,fam,0.06401985111662531,2.748562070019111,146.66666666666669,2.7485620700191107
30,30,0,fam,0.06401985111662531,2.748562070019111,146.66666666666669,2.7485620700191107
31,31,1,fam,0.06401985111662531,2.748562070019111,146.66666666666669,2.7485620700191107
32,32,2,fam,0.06401985111662531,2.748562070019111,146.66666666666669,2.7485620700191107
33,33,0,fam,0.06401985111662531,2.748562070019111,146.66666666666669,2.7485620700191107
34,34,1,fam,0.06401985111662531,2.748562070019111,146.66666666666669,2.7485620700191107
35,35,2,fam,0.06401985111662531,2.748562070019111,146.66666666666669,2.7485620700191107
36,36,0,fam,0.06401985111662531,2.748562070019111,146.66666666666669,2.7485620700191107
37,37,1,fam,0.06401985111662531,2.748562070019111,146.66666666666669,2.7485620700191107
38,38,2,fam,0.06401985111662531,2.748562070019111,146.66666666666669,2.7485620700191107
39,39,0,fam,0.06401985111662531,2.748562070019111,146.66666666666669,2.7485620700191107
40,40,1,fam,0.06401985111662531,2.748562070019111,146.66666666666669,2.7485620700191107
41,41,2,fam,0.06401985111662531,2.748562070019111,146.66666666666669,2.7485620700191107
42,42,0,fam,0.06401985111662531,2.748562070019111,146.66666666666669,2.7485620700191107
43,43,1,fam,0.06401985111662531,2.748562070019111,146.66666666666669,2.7485620700191107
44,44,2,fam,0.06401985111662531,2.748562070019111,146.66666666666669,2.7485620700191107
45,45,0,fam,0.06401985111662531,2.748562070019111,146.66666666666669,2.7485620700191107
46,46,1,fam,0.06401985111662531,2.748562070019111,146.66666666666669,2.7485620700191107
47,47,2,fam,0.06401985111662531,2.748562070019111,146.66666666666669,2.7485620700191107
48,48,0,fam,0.06401985111662531,2.748562070019111,146.66666666666669,2.7485620700191107
49,49,1,fam,0.06401985111662531,2.748562070019111,146.66666666666669,2.7485620700191107
50,50,2,fam,0.06401985111662531,2.748562070019111,146.66666666666669,2.7485620700191107
51,51,0,fam,0.06401985111662531,2.748562070019111,146.66666666666669,2.7485620700191107
52,52,1,fam,0.06401985111662531,2.748562070019111,146.66666666666669,2.7485620700191107
53,53,2,fam,0.06401985111662531,2.748562070019111,146.66666666666669,2.7485620700191107
54,54,0,fam,0.06401985111662531,2.748562070019111,146.66666666666669,2.7485620700191107
55,55,1,fam,0.06401985111662531,2.748562070019111,146.66666666666669,2.7485620700191107
56,56,2,fam,0.06401985111662531,2.748562070019111,146.66666666666669,2.7485620700191107
57,57,0,fam,0.06401985111662531,2.748562070019111,146.66666666666669,2.7485620700191107
58,58,1,fam,0.06401985111662531,2.748562070019111,146.66666666666669,2.7485620700191107
59,59,2,fam,0.06401985111662531,2.748562070019111,146.66666666666669,2.7485620700191107
60,60,0,fam,0.06401985111662531,2.748562070019111,146.66666666666669,2.7485620700191107
61,61,1,fam,0.06401985111662531,2.748562070019111,146.66666666666669,2.7485620700191107
62,62,2,fam,0.06401985111662531,2.748562070019111,146.66666666666669,2.7485620700191107
63,63,0,fam,0.06401985111662531,2.748562070019111,146.66666666666669,2.7485620700191107
64,64,1,fam,0.06401985111662531,2.748562070019111,146.66666666666669,2.7485620700191107
65,65,2,fam,0.06401985111662531,2.748562070019111,146.66666666666669,2.7485620700191107
66,66,3,recov,0.06153846153846154,2.7880929087757464,146.66666666666669,2.7485620700191107
67,67,4,recov,0.06153846153846154,2.7880929087757464,146.66666666666669,2.7485620700191107
68,68,5,recov,0.06153846153846154,2.7880929087757464,146.66666666666669,2.7485620700191107
69,69,3,recov,0.064,2.7488721956224653,146.66666666666669,2.7485620700191107
70,70,4,recov,0.064,2.7488721956224653,146.66666666666669,2.7485620700191107
71,71,5,recov,0.064,2.7488721956224653,146.66666666666669,2.7485620700191107
72,72,3,recov,0.0640196923076923,2.748564550642343,146.66666666666669,2.7485620700191107
73,73,4,recov,0.0640196923076923,2.748564550642343,146.66666666666669,2.7485620700191107
74,74,5,recov,0.0640196923076923,2.748564550642343,146.66666666666669,2.7485620700191107
75,75,3,recov,0.06401984984615385,2.748562089864073,146.66666666666669,2.7485620700191107
76,76,4,recov,0.06401984984615385,2.748562089864073,146.66666666666669,2.7485620700191107
77,77,5,recov,0.06401984984615385,2.748562089864073,146.66666666666669,2.7485620700191107
78,78,3,recov,0.06401985110646154,2.748562070177871,146.66666666666669,2.7485620700191107
79,79,4,recov,0.06401985110646154,2.748562070177871,146.66666666666669,2.7485620700191107
80,80,5,recov,0.06401985110646154,2.748562070177871,146.66666666666669,2.7485620700191107
81,81,3,recov,0.06401985111654399,2.7485620700203817,146.66666666666669,2.7485620700191107
82,82,4,recov,0.06401985111654399,2.7485620700203817,146.66666666666669,2.7485620700191107
83,83,5,recov,0.06401985111654399,2.7485620700203817,146.66666666666669,2.7485620700191107
84,84,3,recov,0.06401985111662467,2.7485620700191213,146.66666666666669,2.7485620700191107
85,85,4,recov,0.06401985111662467,2.7485620700191213,146.66666666666669,2.7485620700191107
86,86,5,recov,0.06401985111662467,2.7485620700191213,146.66666666666669,2.7485620700191107
87,87,3,recov,0.06401985111662531,2.748562070019111,146.66666666666669,2.7485620700191107
88,88,4,recov,0.06401985111662531,2.748562070019111,146.66666666666669,2.7485620700191107
89,89,5,recov,0.06401985111662531,2.748562070019111,146.66666666666669,2.7485620700191107
90,90,3,recov,0.06401985111662531,2.748562070019111,146.66666666666669,2.7485620700191107
91,91,4,recov,0.06401985111662531,2.748562070019111,146.66666666666669,2.7485620700191107
92,92,5,recov,0.06401985111662531,2.748562070019111,146.66666666666669,2.7485620700191107
93,93,3,recov,0.06401985111662531,2.748562070019111,146.66666666666669,2.7485620700191107
94,94,4,recov,0.06401985111662531,2.748562070019111,146.66666666666669,2.7485620700191107
95,95,5,recov,0.06401985111662531,2.748562070019111,146.66666666666669,2.7485620700191107
96,96,3,recov,0.06401985111662531,2.748562070019111,146.66666666666669,2.7485620700191107
97,97,4,recov,0.06401985111662531,2.748562070019111,146.66666666666669,2.7485620700191107
98,98,5,recov,0.06401985111662531,2.748562070019111,146.66666666666669,2.7485620700191107
99,99,3,recov,0.06401985111662531,2.748562070019111,146.66666666666669,2.7485620700191107
100,100,4,recov,0.06401985111662531,2.748562070019111,146.66666666666669,2.7485620700191107
101,101,5,recov,0.06401985111662531,2.748562070019111,146.66666666666669,2.7485620700191107
102,102,3,recov,0.06401985111662531,2.748562070019111,146.66666666666669,2.7485620700191107
103,103,4,recov,0.06401985111662531,2.748562070019111,146.66666666666669,2.7485620700191107
104,104,5,recov,0.06401985111662531,2.748562070019111,146.66666666666669,2.7485620700191107
105,105,3,recov,0.06401985111662531,2.748562070019111,146.66666666666669,2.7485620700191107
106,106,4,recov,0.06401985111662531,2.748562070019111,146.66666666666669,2.7485620700191107
107,107,5,recov,0.06401985111662531,2.748562070019111,146.66666666666669,2.7485620700191107
108,108,3,recov,0.06401985111662531,2.748562070019111,146.66666666666669,2.7485620700191107
109,109,4,recov,0.06401985111662531,2.748562070019111,146.66666666666669,2.7485620700191107
110,110,5,recov,0.06401985111662531,2.748562070019111,146.66666666666669,2.7485620700191107
111,111,3,recov,0.06401985111662531,2.748562070019111,146.66666666666669,2.7485620700191107
112,112,4,recov,0.06401985111662531,2.748562070019111,146.66666666666669,2.7485620700191107
113,113,5,recov,0.06401985111662531,2.748562070019111,146.66666666666669,2.7485620700191107
114,114,3,recov,0.06401985111662531,2.748562070019111,146.66666666666669,2.7485620700191107
115,115,4,recov,0.06401985111662531,2.748562070019111,146.66666666666669,2.7485620700191107
116,116,5,recov,0.06401985111662531,2.748562070019111,146.66666666666669,2.7485620700191107
117,117,3,recov,0.06401985111662531,2.748562070019111,146.66666666666669,2.7485620700191107
118,118,4,recov,0.06401985111662531,2.748562070019111,146.66666666666669,2.7485620700191107
119,119,5,recov,0.06401985111662531,2.748562070019111,146.66666666666669,2.7485620700191107
120,120,3,recov,0.06401985111662531,2.748562070019111,146.66666666666669,2.7485620700191107
121,121,4,recov,0.06401985111662531,2.748562070019111,146.66666666666669,2.7485620700191107
122,122,5,recov,0.06401985111662531,2.748562070019111,146.66666666666669,2.7485620700191107
123,123,3,recov,0.06401985111662531,2.748562070019111,146.66666666666669,2.7485620700191107
124,124,4,recov,0.06401985111662531,2.748562070019111,146.66666666666669,2.7485620700191107
125,125,5,recov,0.06401985111662531,2.748562070019111,146.66666666666669,2.7485620700191107
126,126,3,recov,0.06401985111662531,2.748562070019111,146.66666666666669,2.7485620700191107
127,127,4,recov,0.06401985111662531,2.748562070019111,146.66666666666669,2.7485620700191107
128,128,5,recov,0.06401985111662531,2.748562070019111,146.66666666666669,2.7485620700191107
129,129,3,recov,0.06401985111662531,2.748562070019111,146.66666666666669,2.7485620700191107
130,130,4,recov,0.06401985111662531,2.748562070019111,146.66666666666669,2.7485620700191107
131,131,5,recov,0.06401985111662531,2.748562070019111,146.66666666666669,2.7485620700191107
132,132,3,recov,0.06401985111662531,2.748562070019111,146.66666666666669,2.7485620700191107
133,133,4,recov,0.06401985111662531,2.748562070019111,146.66666666666669,2.7485620700191107
134,134,5,recov,0.06401985111662531,2.748562070019111,146.66666666666669,2.7485620700191107
135,135,3,recov,0.06401985111662531,2.748562070019111,146.66666666666669,2.7485620700191107
136,136,4,recov,0.06401985111662531,2.748562070019111,146.66666666666669,2.7485620700191107
137,137,5,recov,0.06401985111662531,2.748562070019111,146.66666666666669,2.7485620700191107
138,138,3,recov,0.06401985111662531,2.748562070019111,146.66666666666669,2.7485620700191107
139,139,4,recov,0.06401985111662531,2.748562070019111,146.66666666666669,2.7485620700191107
140,140,5,recov,0.06401985111662531,2.748562070019111,146.66666666666669,2.7485620700191107
141,141,3,recov,0.06401985111662531,2.748562070019111,146.66666666666669,2.7485620700191107
142,142,4,recov,0.06401985111662531,2.748562070019111,146.66666666666669,2.7485620700191107
143,143,5,recov,0.06401985111662531,2.748562070019111,146.66666666666669,2.7485620700191107
144,144,3,recov,0.06401985111662531,2.748562070019111,146.66666666666669,2.7485620700191107
145,145,4,recov,0.06401985111662531,2.748562070019111,146.66666666666669,2.7485620700191107
146,146,5,recov,0.06401985111662531,2.748562070019111,146.66666666666669,2.7485620700191107
147,147,3,recov,0.06401985111662531,2.748562070019111,146.66666666666669,2.7485620700191107
148,148,4,recov,0.06401985111662531,2.748562070019111,146.66666666666669,2.7485620700191107
149,149,5,recov,0.06401985111662531,2.748562070019111,146.66666666666669,2.7485620700191107
150,150,3,recov,0.06401985111662531,2.748562070019111,146.66666666666669,2.7485620700191107
151,151,4,recov,0.06401985111662531,2.748562070019111,146.66666666666669,2.7485620700191107
152,152,5,recov,0.06401985111662531,2.748562070019111,146.66666666666669,2.7485620700191107
153,153,3,recov,0.06401985111662531,2.748562070019111,146.66666666666669,2.7485620700191107
154,154,4,recov,0.06401985111662531,2.748562070019111,146.66666666666669,2.7485620700191107
155,155,5,recov,0.06401985111662531,2.748562070019111,146.66666666666669,2.7485620700191107
156,156,3,recov,0.06401985111662531,2.748562070019111,146.66666666666669,2.7485620700191107
157,157,4,recov,0.06401985111662531,2.748562070019111,146.66666666666669,2.7485620700191107
158,158,5,recov,0.06401985111662531,2.748562070019111,146.66666666666669,2.7485620700191107
159,159,3,recov,0.06401985111662531,2.748562070019111,146.66666666666669,2.7485620700191107
160,160,4,recov,0.06401985111662531,2.748562070019111,146.66666666666669,2.7485620700191107
161,161,5,recov,0.06401985111662531,2.748562070019111,146.66666666666669,2.7485620700191107
162,162,3,recov,0.06401985111662531,2.748562070019111,146.66666666666669,2.7485620700191107
163,163,4,recov,0.06401985111662531,2.748562070019111,146.66666666666669,2.7485620700191107
164,164,5,recov,0.06401985111662531,2.748562070019111,146.66666666666669,2.7485620700191107
165,165,3,recov,0.06401985111662531,2.748562070019111,146.66666666666669,2.7485620700191107
166,166,4,recov,0.06401985111662531,2.748562070019111,146.66666666666669,2.7485620700191107
167,167,5,recov,0.06401985111662531,2.748562070019111,146.66666666666669,2.7485620700191107
168,168,3,recov,0.06401985111662531,2.748562070019111,146.66666666666669,2.7485620700191107
169,169,4,recov,0.06401985111662531,2.748562070019111,146.66666666666669,2.7485620700191107
170,170,5,recov,0.06401985111662531,2.748562070019111,146.66666666666669,2.7485620700191107
171,171,3,recov,0.06401985111662531,2.748562070019111,146.66666666666669,2.7485620700191107
172,172,4,recov,0.06401985111662531,2.748562070019111,146.66666666666669,2.7485620700191107
173,173,5,recov,0.06401985111662531,2.748562070019111,146.66666666666669,2.7485620700191107
174,174,3,recov,0.06401985111662531,2.748562070019111,146.66666666666669,2.7485620700191107
175,175,4,recov,0.06401985111662531,2.748562070019111,146.66666666666669,2.7485620700191107
176,176,5,recov,0.06401985111662531,2.748562070019111,146.66666666666669,2.7485620700191107
177,177,3,recov,0.06401985111662531,2.748562070019111,146.66666666666669,2.7485620700191107
178,178,4,recov,0.06401985111662531,2.748562070019111,146.66666666666669,2.7485620700191107
179,179,5,recov,0.06401985111662531,2.748562070019111,146.66666666666669,2.7485620700191107
180,180,3,recov,0.06401985111662531,2.748562070019111,146.66666666666669,2.7485620700191107
181,181,4,recov,0.06401985111662531,2.748562070019111,146.66666666666669,2.7485620700191107
182,182,5,recov,0.06401985111662531,2.748562070019111,146.66666666666669,2.7485620700191107
183,183,3,recov,0.06401985111662531,2.748562070019111,146.66666666666669,2.7485620700191107
184,184,4,recov,0.06401985111662531,2.748562070019111,146.66666666666669,2.7485620700191107
185,185,5,recov,0.06401985111662531,2.748562070019111,146.66666666666669,2.7485620700191107
186,186,3,recov,0.06401985111662531,2.748562070019111,146.66666666666669,2.7485620700191107
187,187,4,recov,0.06401985111662531,2.748562070019111,146.66666666666669,2.7485620700191107
188,188,5,recov,0.06401985111662531,2.748562070019111,146.66666666666669,2.7485620700191107
189,189,3,recov,0.06401985111662531,2.748562070019111,146.66666666666669,2.7485620700191107
190,190,4,recov,0.06401985111662531,2.748562070019111,146.66666666666669,2.7485620700191107
191,191,5,recov,0.06401985111662531,2.748562070019111,146.66666666666669,2.7485620700191107
192,192,3,recov,0.06401985111662531,2.748562070019111,146.66666666666669,2.7485620700191107
193,193,4,recov,0.06401985111662531,2.748562070019111,146.66666666666669,2.7485620700191107
194,194,5,recov,0.06401985111662531,2.748562070019111,146.66666666666669,2.7485620700191107
195,195,3,recov,0.06401985111662531,2.748562070019111,146.66666666666669,2.7485620700191107
196,196,4,recov,0.06401985111662531,2.748562070019111,146.66666666666669,2.7485620700191107
197,197,5,recov,0.06401985111662531,2.748562070019111,146.66666666666669,2.7485620700191107
198,198,3,recov,0.06401985111662531,2.748562070019111,146.66666666666669,2.7485620700191107
199,199,4,recov,0.06401985111662531,2.748562070019111,146.66666666666669,2.7485620700191107
200,200,5,recov,0.06401985111662531,2.748562070019111,146.66666666666669,2.7485620700191107
201,201,3,recov,0.06401985111662531,2.748562070019111,146.66666666666669,2.7485620700191107
202,202,4,recov,0.06401985111662531,2.748562070019111,146.66666666666669,2.7485620700191107
203,203,5,recov,0.06401985111662531,2.748562070019111,146.66666666666669,2.7485620700191107
204,204,3,recov,0.06401985111662531,2.748562070019111,146.66666666666669,2.7485620700191107
205,205,4,recov,0.06401985111662531,2.748562070019111,146.66666666666669,2.7485620700191107
206,206,5,recov,0.06401985111662531,2.748562070019111,146.66666666666669,2.7485620700191107
207,207,3,recov,0.06401985111662531,2.748562070019111,146.66666666666669,2.7485620700191107
208,208,4,recov,0.06401985111662531,2.748562070019111,146.66666666666669,2.7485620700191107
209,209,5,recov,0.06401985111662531,2.748562070019111,146.66666666666669,2.7485620700191107
210,210,3,recov,0.06401985111662531,2.748562070019111,146.66666666666669,2.7485620700191107
211,211,4,recov,0.06401985111662531,2.748562070019111,146.66666666666669,2.7485620700191107
212,212,5,recov,0.06401985111662531,2.748562070019111,146.66666666666669,2.7485620700191107
213,213,0,fam_r,0.06153846153846154,2.7880929087757464,146.66666666666669,2.7485620700191107
214,214,1,fam_r,0.06153846153846154,2.7880929087757464,146.66666666666669,2.7485620700191107
215,215,2,fam_r,0.06153846153846154,2.7880929087757464,146.66666666666669,2.7485620700191107
216,216,0,fam_r,0.064,2.7488721956224653,146.66666666666669,2.7485620700191107
217,217,1,fam_r,0.064,2.7488721956224653,146.66666666666669,2.7485620700191107
218,218,2,fam_r,0.064,2.7488721956224653,146.66666666666669,2.7485620700191107
219,219,0,fam_r,0.0640196923076923,2.748564550642343,146.66666666666669,2.7485620700191107
220,220,1,fam_r,0.0640196923076923,2.748564550642343,146.66666666666669,2.7485620700191107
221,221,2,fam_r,0.0640196923076923,2.748564550642343,146.66666666666669,2.7485620700191107
222,222,0,fam_r,0.06401984984615385,2.748562089864073,146.66666666666669,2.7485620700191107
223,223,1,fam_r,0.06401984984615385,2.748562089864073,146.66666666666669,2.7485620700191107
224,224,2,fam_r,0.06401984984615385,2.748562089864073,146.66666666666669,2.7485620700191107
225,225,0,fam_r,0.06401985110646154,2.748562070177871,146.66666666666669,2.7485620700191107
226,226,1,fam_r,0.06401985110646154,2.748562070177871,146.66666666666669,2.7485620700191107
227,227,2,fam_r,0.06401985110646154,2.748562070177871,146.66666666666669,2.7485620700191107
0,0,0,fam,0.06666666666666667,2.70805020110221,220.0,2.7485620700191107
1,1,1,fam,0.0625,2.772588722239781,220.0,2.7485620700191107
2,2,2,fam,0.0617283950617284,2.785011242238338,220.0,2.7485620700191107
3,3,0,fam,0.06403940886699508,2.7482566215802504,220.0,2.7485620700191107
4,4,1,fam,0.06400787789266371,2.7487491111248024,220.0,2.7485620700191107
5,5,2,fam,0.06400157542339503,2.7488475799348864,220.0,2.7485620700191107
6,6,0,fam,0.06402000748311376,2.7485596275533015,220.0,2.7485620700191107
7,7,1,fam,0.06401975534252832,2.748563566026474,220.0,2.7485620700191107
8,8,2,fam,0.06401970491464959,2.748564353719247,220.0,2.7485620700191107
9,9,0,fam,0.0640198523675511,2.748562050479457,220.0,2.7485620700191107
10,10,1,fam,0.06401985035043328,2.7485620819871497,220.0,2.7485620700191107
11,11,2,fam,0.06401984994700972,2.748562088288688,220.0,2.7485620700191107
12,12,0,fam,0.06401985112663272,2.748562069862794,220.0,2.7485620700191107
13,13,1,fam,0.06401985111049577,2.7485620701148554,220.0,2.7485620700191107
14,14,2,fam,0.06401985110726839,2.7485620701652675,220.0,2.7485620700191107
15,15,0,fam,0.06401985111670536,2.748562070017861,220.0,2.7485620700191107
16,16,1,fam,0.06401985111657627,2.748562070019877,220.0,2.7485620700191107
17,17,2,fam,0.06401985111655044,2.748562070020281,220.0,2.7485620700191107
18,18,0,fam,0.06401985111662595,2.7485620700191014,220.0,2.7485620700191107
19,19,1,fam,0.06401985111662492,2.7485620700191173,220.0,2.7485620700191107
20,20,2,fam,0.06401985111662473,2.7485620700191205,220.0,2.7485620700191107
21,21,0,fam,0.06401985111662532,2.748562070019111,220.0,2.7485620700191107
22,22,1,fam,0.06401985111662531,2.748562070019111,220.0,2.7485620700191107
23,23,2,fam,0.06401985111662531,2.748562070019111,220.0,2.7485620700191107
24,24,0,fam,0.06401985111662531,2.748562070019111,220.0,2.7485620700191107
25,25,1,fam,0.06401985111662531,2.748562070019111,220.0,2.7485620700191107
26,26,2,fam,0.06401985111662531,2.748562070019111,220.0,2.7485620700191107
27,27,0,fam,0.06401985111662531,2.748562070019111,220.0,2.7485620700191107
28,28,1,fam,0.06401985111662531,2.748562070019111,220.0,2.7485620700191107
29,29,2,fam,0.06401985111662531,2.748562070019111,220.0,2.7485620700191107
30,30,0,fam,0.06401985111662531,2.748562070019111,220.0,2.7485620700191107
31,31,1,fam,0.06401985111662531,2.748562070019111,220.0,2.7485620700191107
32,32,2,fam,0.06401985111662531,2.748562070019111,220.0,2.7485620700191107
33,33,0,fam,0.06401985111662531,2.748562070019111,220.0,2.7485620700191107
34,34,1,fam,0.06401985111662531,2.748562070019111,220.0,2.7485620700191107
35,35,2,fam,0.06401985111662531,2.748562070019111,220.0,2.7485620700191107
36,36,0,fam,0.06401985111662531,2.748562070019111,220.0,2.7485620700191107
37,37,1,fam,0.06401985111662531,2.748562070019111,220.0,2.7485620700191107
38,38,2,fam,0.06401985111662531,2.748562070019111,220.0,2.7485620700191107
39,39,0,fam,0.06401985111662531,2.748562070019111,220.0,2.7485620700191107
40,40,1,fam,0.06401985111662531,2.748562070019111,220.0,2.7485620700191107
41,41,2,fam,0.06401985111662531,2.748562070019111,220.0,2.7485620700191107
42,42,0,fam,0.06401985111662531,2.748562070019111,220.0,2.7485620700191107
43,43,1,fam,0.06401985111662531,2.748562070019111,220.0,2.7485620700191107
44,44,2,fam,0.06401985111662531,2.748562070019111,220.0,2.7485620700191107
45,45,0,fam,0.06401985111662531,2.748562070019111,220.0,2.7485620700191107
46,46,1,fam,0.06401985111662531,2.748562070019111,220.0,2.7485620700191107
47,47,2,fam,0.06401985111662531,2.748562070019111,220.0,2.7485620700191107
48,48,0,fam,0.06401985111662531,2.748562070019111,220.0,2.7485620700191107
49,49,1,fam,0.06401985111662531,2.748562070019111,220.0,2.7485620700191107
50,50,2,fam,0.06401985111662531,2.748562070019111,220.0,2.7485620700191107
51,51,0,fam,0.06401985111662531,2.748562070019111,220.0,2.7485620700191107
52,52,1,fam,0.06401985111662531,2.748562070019111,220.0,2.7485620700191107
53,53,2,fam,0.06401985111662531,2.748562070019111,220.0,2.7485620700191107
54,54,0,fam,0.06401985111662531,2.748562070019111,220.0,2.7485620700191107
55,55,1,fam,0.06401985111662531,2.748562070019111,220.0,2.7485620700191107
56,56,2,fam,0.06401985111662531,2.748562070019111,220.0,2.7485620700191107
57,57,0,fam,0.06401985111662531,2.748562070019111,220.0,2.7485620700191107
58,58,1,fam,0.06401985111662531,2.748562070019111,220.0,2.7485620700191107
59,59,2,fam,0.06401985111662531,2.748562070019111,220.0,2.7485620700191107
60,60,0,fam,0.06401985111662531,2.748562070019111,220.0,2.7485620700191107
61,61,1,fam,0.06401985111662531,2.748562070019111,220.0,2.7485620700191107
62,62,2,fam,0.06401985111662531,2.748562070019111,220.0,2.7485620700191107
63,63,0,fam,0.06401985111662531,2.748562070019111,220.0,2.7485620700191107
64,64,1,fam,0.06401985111662531,2.748562070019111,220.0,2.7485620700191107
65,65,2,fam,0.06401985111662531,2.748562070019111,220.0,2.7485620700191107
66,66,3,recov,0.06153846153846154,2.7880929087757464,220.0,2.7485620700191107
67,67,4,recov,0.06153846153846154,2.7880929087757464,220.0,2.7485620700191107
68,68,5,recov,0.06153846153846154,2.7880929087757464,220.0,2.7485620700191107
69,69,3,recov,0.064,2.7488721956224653,220.0,2.7485620700191107
70,70,4,recov,0.064,2.7488721956224653,220.0,2.7485620700191107
71,71,5,recov,0.064,2.7488721956224653,220.0,2.7485620700191107
72,72,3,recov,0.0640196923076923,2.748564550642343,220.0,2.7485620700191107
73,73,4,recov,0.0640196923076923,2.748564550642343,220.0,2.7485620700191107
74,74,5,recov,0.0640196923076923,2.748564550642343,220.0,2.7485620700191107
75,75,3,recov,0.06401984984615385,2.748562089864073,220.0,2.7485620700191107
76,76,4,recov,0.06401984984615385,2.748562089864073,220.0,2.7485620700191107
77,77,5,recov,0.06401984984615385,2.748562089864073,220.0,2.7485620700191107
78,78,3,recov,0.06401985110646154,2.748562070177871,220.0,2.7485620700191107
79,79,4,recov,0.06401985110646154,2.748562070177871,220.0,2.7485620700191107
80,80,5,recov,0.06401985110646154,2.748562070177871,220.0,2.7485620700191107
81,81,3,recov,0.06401985111654399,2.7485620700203817,220.0,2.7485620700191107
82,82,4,recov,0.06401985111654399,2.7485620700203817,220.0,2.7485620700191107
83,83,5,recov,0.06401985111654399,2.7485620700203817,220.0,2.7485620700191107
84,84,3,recov,0.06401985111662467,2.7485620700191213,220.0,2.7485620700191107
85,85,4,recov,0.06401985111662467,2.7485620700191213,220.0,2.7485620700191107
86,86,5,recov,0.06401985111662467,2.7485620700191213,220.0,2.7485620700191107
87,87,3,recov,0.06401985111662531,2.748562070019111,220.0,2.7485620700191107
88,88,4,recov,0.06401985111662531,2.748562070019111,220.0,2.7485620700191107
89,89,5,recov,0.06401985111662531,2.748562070019111,220.0,2.7485620700191107
90,90,3,recov,0.06401985111662531,2.748562070019111,220.0,2.7485620700191107
91,91,4,recov,0.06401985111662531,2.748562070019111,220.0,2.7485620700191107
92,92,5,recov,0.06401985111662531,2.748562070019111,220.0,2.7485620700191107
93,93,3,recov,0.06401985111662531,2.748562070019111,220.0,2.7485620700191107
94,94,4,recov,0.06401985111662531,2.748562070019111,220.0,2.7485620700191107
95,95,5,recov,0.06401985111662531,2.748562070019111,220.0,2.7485620700191107
96,96,3,recov,0.06401985111662531,2.748562070019111,220.0,2.7485620700191107
97,97,4,recov,0.06401985111662531,2.748562070019111,220.0,2.7485620700191107
98,98,5,recov,0.06401985111662531,2.748562070019111,220.0,2.7485620700191107
99,99,3,recov,0.06401985111662531,2.748562070019111,220.0,2.7485620700191107
100,100,4,recov,0.06401985111662531,2.748562070019111,220.0,2.7485620700191107
101,101,5,recov,0.06401985111662531,2.748562070019111,220.0,2.7485620700191107
102,102,3,recov,0.06401985111662531,2.748562070019111,220.0,2.7485620700191107
103,103,4,recov,0.06401985111662531,2.748562070019111,220.0,2.7485620700191107
104,104,5,recov,0.06401985111662531,2.748562070019111,220.0,2.7485620700191107
105,105,3,recov,0.06401985111662531,2.748562070019111,220.0,2.7485620700191107
106,106,4,recov,0.06401985111662531,2.748562070019111,220.0,2.7485620700191107
107,107,5,recov,0.06401985111662531,2.748562070019111,220.0,2.7485620700191107
108,108,3,recov,0.06401985111662531,2.748562070019111,220.0,2.7485620700191107
109,109,4,recov,0.06401985111662531,2.748562070019111,220.0,2.7485620700191107
110,110,5,recov,0.06401985111662531,2.748562070019111,220.0,2.7485620700191107
111,111,3,recov,0.06401985111662531,2.748562070019111,220.0,2.7485620700191107
112,112,4,recov,0.06401985111662531,2.748562070019111,220.0,2.7485620700191107
113,113,5,recov,0.06401985111662531,2.748562070019111,220.0,2.7485620700191107
114,114,3,recov,0.06401985111662531,2.748562070019111,220.0,2.7485620700191107
115,115,4,recov,0.06401985111662531,2.748562070019111,220.0,2.7485620700191107
116,116,5,recov,0.06401985111662531,2.748562070019111,220.0,2.7485620700191107
117,117,3,recov,0.06401985111662531,2.748562070019111,220.0,2.7485620700191107
118,118,4,recov,0.06401985111662531,2.748562070019111,220.0,2.7485620700191107
119,119,5,recov,0.06401985111662531,2.748562070019111,220.0,2.7485620700191107
120,120,3,recov,0.06401985111662531,2.748562070019111,220.0,2.7485620700191107
121,121,4,recov,0.06401985111662531,2.748562070019111,220.0,2.7485620700191107
122,122,5,recov,0.06401985111662531,2.748562070019111,220.0,2.7485620700191107
123,123,3,recov,0.06401985111662531,2.748562070019111,220.0,2.7485620700191107
124,124,4,recov,0.06401985111662531,2.748562070019111,220.0,2.7485620700191107
125,125,5,recov,0.06401985111662531,2.748562070019111,220.0,2.7485620700191107
126,126,3,recov,0.06401985111662531,2.748562070019111,220.0,2.7485620700191107
127,127,4,recov,0.06401985111662531,2.748562070019111,220.0,2.7485620700191107
128,128,5,recov,0.06401985111662531,2.748562070019111,220.0,2.7485620700191107
129,129,3,recov,0.06401985111662531,2.748562070019111,220.0,2.7485620700191107
130,130,4,recov,0.06401985111662531,2.748562070019111,220.0,2.7485620700191107
131,131,5,recov,0.06401985111662531,2.748562070019111,220.0,2.7485620700191107
132,132,3,recov,0.06401985111662531,2.748562070019111,220.0,2.7485620700191107
133,133,4,recov,0.06401985111662531,2.748562070019111,220.0,2.7485620700191107
134,134,5,recov,0.06401985111662531,2.748562070019111,220.0,2.7485620700191107
135,135,3,recov,0.06401985111662531,2.748562070019111,220.0,2.7485620700191107
136,136,4,recov,0.06401985111662531,2.748562070019111,220.0,2.7485620700191107
137,137,5,recov,0.06401985111662531,2.748562070019111,220.0,2.7485620700191107
138,138,3,recov,0.06401985111662531,2.748562070019111,220.0,2.7485620700191107
139,139,4,recov,0.06401985111662531,2.748562070019111,220.0,2.7485620700191107
140,140,5,recov,0.06401985111662531,2.748562070019111,220.0,2.7485620700191107
141,141,3,recov,0.06401985111662531,2.748562070019111,220.0,2.7485620700191107
142,142,4,recov,0.06401985111662531,2.748562070019111,220.0,2.7485620700191107
143,143,5,recov,0.06401985111662531,2.748562070019111,220.0,2.7485620700191107
144,144,3,recov,0.06401985111662531,2.748562070019111,220.0,2.7485620700191107
145,145,4,recov,0.06401985111662531,2.748562070019111,220.0,2.7485620700191107
146,146,5,recov,0.06401985111662531,2.748562070019111,220.0,2.7485620700191107
147,147,3,recov,0.06401985111662531,2.748562070019111,220.0,2.7485620700191107
148,148,4,recov,0.06401985111662531,2.748562070019111,220.0,2.7485620700191107
149,149,5,recov,0.06401985111662531,2.748562070019111,220.0,2.7485620700191107
150,150,3,recov,0.06401985111662531,2.748562070019111,220.0,2.7485620700191107
151,151,4,recov,0.06401985111662531,2.748562070019111,220.0,2.7485620700191107
152,152,5,recov,0.06401985111662531,2.748562070019111,220.0,2.7485620700191107
153,153,3,recov,0.06401985111662531,2.748562070019111,220.0,2.7485620700191107
154,154,4,recov,0.06401985111662531,2.748562070019111,220.0,2.7485620700191107
155,155,5,recov,0.06401985111662531,2.748562070019111,220.0,2.7485620700191107
156,156,3,recov,0.06401985111662531,2.748562070019111,220.0,2.7485620700191107
157,157,4,recov,0.06401985111662531,2.748562070019111,220.0,2.7485620700191107
158,158,5,recov,0.06401985111662531,2.748562070019111,220.0,2.7485620700191107
159,159,3,recov,0.06401985111662531,2.748562070019111,220.0,2.7485620700191107
160,160,4,recov,0.06401985111662531,2.748562070019111,220.0,2.7485620700191107
161,161,5,recov,0.06401985111662531,2.748562070019111,220.0,2.7485620700191107
162,162,3,recov,0.06401985111662531,2.748562070019111,220.0,2.7485620700191107
163,163,4,recov,0.06401985111662531,2.748562070019111,220.0,2.7485620700191107
164,164,5,recov,0.06401985111662531,2.748562070019111,220.0,2.7485620700191107
165,165,3,recov,0.06401985111662531,2.748562070019111,220.0,2.7485620700191107
166,166,4,recov,0.06401985111662531,2.748562070019111,220.0,2.7485620700191107
167,167,5,recov,0.06401985111662531,2.748562070019111,220.0,2.7485620700191107
168,168,3,recov,0.06401985111662531,2.748562070019111,220.0,2.7485620700191107
169,169,4,recov,0.06401985111662531,2.748562070019111,220.0,2.7485620700191107
170,170,5,recov,0.06401985111662531,2.748562070019111,220.0,2.7485620700191107
171,171,3,recov,0.06401985111662531,2.748562070019111,220.0,2.7485620700191107
172,172,4,recov,0.06401985111662531,2.748562070019111,220.0,2.7485620700191107
173,173,5,recov,0.06401985111662531,2.748562070019111,220.0,2.7485620700191107
174,174,3,recov,0.06401985111662531,2.748562070019111,220.0,2.7485620700191107
175,175,4,recov,0.06401985111662531,2.748562070019111,220.0,2.7485620700191107
176,176,5,recov,0.06401985111662531,2.748562070019111,220.0,2.7485620700191107
177,177,3,recov,0.06401985111662531,2.748562070019111,220.0,2.7485620700191107
178,178,4,recov,0.06401985111662531,2.748562070019111,220.0,2.7485620700191107
179,179,5,recov,0.06401985111662531,2.748562070019111,220.0,2.7485620700191107
180,180,3,recov,0.06401985111662531,2.748562070019111,220.0,2.7485620700191107
181,181,4,recov,0.06401985111662531,2.748562070019111,220.0,2.7485620700191107
182,182,5,recov,0.06401985111662531,2.748562070019111,220.0,2.7485620700191107
183,183,3,recov,0.06401985111662531,2.748562070019111,220.0,2.7485620700191107
184,184,4,recov,0.06401985111662531,2.748562070019111,220.0,2.7485620700191107
185,185,5,recov,0.06401985111662531,2.748562070019111,220.0,2.7485620700191107
186,186,3,recov,0.06401985111662531,2.748562070019111,220.0,2.7485620700191107
187,187,4,recov,0.06401985111662531,2.748562070019111,220.0,2.7485620700191107
188,188,5,recov,0.06401985111662531,2.748562070019111,220.0,2.7485620700191107
189,189,3,recov,0.06401985111662531,2.748562070019111,220.0,2.7485620700191107
190,190,4,recov,0.06401985111662531,2.748562070019111,220.0,2.7485620700191107
191,191,5,recov,0.06401985111662531,2.748562070019111,220.0,2.7485620700191107
192,192,3,recov,0.06401985111662531,2.748562070019111,220.0,2.7485620700191107
193,193,4,recov,0.06401985111662531,2.748562070019111,220.0,2.7485620700191107
194,194,5,recov,0.06401985111662531,2.748562070019111,220.0,2.7485620700191107
195,195,3,recov,0.06401985111662531,2.748562070019111,220.0,2.7485620700191107
196,196,4,recov,0.06401985111662531,2.748562070019111,220.0,2.7485620700191107
197,197,5,recov,0.06401985111662531,2.748562070019111,220.0,2.7485620700191107
198,198,3,recov,0.06401985111662531,2.748562070019111,220.0,2.7485620700191107
199,199,4,recov,0.06401985111662531,2.748562070019111,220.0,2.7485620700191107
200,200,5,recov,0.06401985111662531,2.748562070019111,220.0,2.7485620700191107
201,201,3,recov,0.06401985111662531,2.748562070019111,220.0,2.7485620700191107
202,202,4,recov,0.06401985111662531,2.748562070019111,220.0,2.7485620700191107
203,203,5,recov,0.06401985111662531,2.748562070019111,220.0,2.7485620700191107
204,204,3,recov,0.06401985111662531,2.748562070019111,220.0,2.7485620700191107
205,205,4,recov,0.06401985111662531,2.748562070019111,220.0,2.7485620700191107
206,206,5,recov,0.06401985111662531,2.748562070019111,220.0,2.7485620700191107
207,207,3,recov,0.06401985111662531,2.748562070019111,220.0,2.7485620700191107
208,208,4,recov,0.06401985111662531,2.748562070019111,220.0,2.7485620700191107
209,209,5,recov,0.06401985111662531,2.748562070019111,220.0,2.7485620700191107
210,210,3,recov,0.06401985111662531,2.748562070019111,220.0,2.7485620700191107
211,211,4,recov,0.06401985111662531,2.748562070019111,220.0,2.7485620700191107
212,212,5,recov,0.06401985111662531,2.748562070019111,220.0,2.7485620700191107
213,213,3,recov,0.06401985111662531,2.748562070019111,220.0,2.7485620700191107
214,214,4,recov,0.06401985111662531,2.748562070019111,220.0,2.7485620700191107
215,215,5,recov,0.06401985111662531,2.748562070019111,220.0,2.7485620700191107
216,216,3,recov,0.06401985111662531,2.748562070019111,220.0,2.7485620700191107
217,217,4,recov,0.06401985111662531,2.748562070019111,220.0,2.7485620700191107
218,218,5,recov,0.06401985111662531,2.748562070019111,220.0,2.7485620700191107
219,219,3,recov,0.06401985111662531,2.748562070019111,220.0,2.7485620700191107
220,220,4,recov,0.06401985111662531,2.748562070019111,220.0,2.7485620700191107
221,221,5,recov,0.06401985111662531,2.748562070019111,220.0,2.7485620700191107
222,222,3,recov,0.06401985111662531,2.748562070019111,220.0,2.7485620700191107
223,223,4,recov,0.06401985111662531,2.748562070019111,220.0,2.7485620700191107
224,224,5,recov,0.06401985111662531,2.748562070019111,220.0,2.7485620700191107
225,225,3,recov,0.06401985111662531,2.748562070019111,220.0,2.7485620700191107
226,226,4,recov,0.06401985111662531,2.748562070019111,220.0,2.7485620700191107
227,227,5,recov,0.06401985111662531,2.748562070019111,220.0,2.7485620700191107
228,228,3,recov,0.06401985111662531,2.748562070019111,220.0,2.7485620700191107
229,229,4,recov,0.06401985111662531,2.748562070019111,220.0,2.7485620700191107
230,230,5,recov,0.06401985111662531,2.748562070019111,220.0,2.7485620700191107
231,231,3,recov,0.06401985111662531,2.748562070019111,220.0,2.7485620700191107
232,232,4,recov,0.06401985111662531,2.748562070019111,220.0,2.7485620700191107
233,233,5,recov,0.06401985111662531,2.748562070019111,220.0,2.7485620700191107
234,234,3,recov,0.06401985111662531,2.748562070019111,220.0,2.7485620700191107
235,235,4,recov,0.06401985111662531,2.748562070019111,220.0,2.7485620700191107
236,236,5,recov,0.06401985111662531,2.748562070019111,220.0,2.7485620700191107
237,237,3,recov,0.06401985111662531,2.748562070019111,220.0,2.7485620700191107
238,238,4,recov,0.06401985111662531,2.748562070019111,220.0,2.7485620700191107
239,239,5,recov,0.06401985111662531,2.748562070019111,220.0,2.7485620700191107
240,240,3,recov,0.06401985111662531,2.748562070019111,220.0,2.7485620700191107
241,241,4,recov,0.06401985111662531,2.748562070019111,220.0,2.7485620700191107
242,242,5,recov,0.06401985111662531,2.748562070019111,220.0,2.7485620700191107
243,243,3,recov,0.06401985111662531,2.748562070019111,220.0,2.7485620700191107
244,244,4,recov,0.06401985111662531,2.748562070019111,220.0,2.7485620700191107
245,245,5,recov,0.06401985111662531,2.748562070019111,220.0,2.7485620700191107
246,246,3,recov,0.06401985111662531,2.748562070019111,220.0,2.7485620700191107
247,247,4,recov,0.06401985111662531,2.748562070019111,220.0,2.7485620700191107
248,248,5,recov,0.06401985111662531,2.748562070019111,220.0,2.7485620700191107
249,249,3,recov,0.06401985111662531,2.748562070019111,220.0,2.7485620700191107
250,250,4,recov,0.06401985111662531,2.748562070019111,220.0,2.7485620700191107
251,251,5,recov,0.06401985111662531,2.748562070019111,220.0,2.7485620700191107
252,252,3,recov,0.06401985111662531,2.748562070019111,220.0,2.7485620700191107
253,253,4,recov,0.06401985111662531,2.748562070019111,220.0,2.7485620700191107
254,254,5,recov,0.06401985111662531,2.748562070019111,220.0,2.7485620700191107
255,255,3,recov,0.06401985111662531,2.748562070019111,220.0,2.7485620700191107
256,256,4,recov,0.06401985111662531,2.748562070019111,220.0,2.7485620700191107
257,257,5,recov,0.06401985111662531,2.748562070019111,220.0,2.7485620700191107
258,258,3,recov,0.06401985111662531,2.748562070019111,220.0,2.7485620700191107
259,259,4,recov,0.06401985111662531,2.748562070019111,220.0,2.7485620700191107
260,260,5,recov,0.06401985111662531,2.748562070019111,220.0,2.7485620700191107
261,261,3,recov,0.06401985111662531,2.748562070019111,220.0,2.7485620700191107
262,262,4,recov,0.06401985111662531,2.748562070019111,220.0,2.7485620700191107
263,263,5,recov,0.06401985111662531,2.748562070019111,220.0,2.7485620700191107
264,264,3,recov,0.06401985111662531,2.748562070019111,220.0,2.7485620700191107
265,265,4,recov,0.06401985111662531,2.748562070019111,220.0,2.7485620700191107
266,266,5,recov,0.06401985111662531,2.748562070019111,220.0,2.7485620700191107
267,267,3,recov,0.06401985111662531,2.748562070019111,220.0,2.7485620700191107
268,268,4,recov,0.06401985111662531,2.748562070019111,220.0,2.7485620700191107
269,269,5,recov,0.06401985111662531,2.748562070019111,220.0,2.7485620700191107
270,270,3,recov,0.06401985111662531,2.748562070019111,220.0,2.7485620700191107
271,271,4,recov,0.06401985111662531,2.748562070019111,220.0,2.7485620700191107
272,272,5,recov,0.06401985111662531,2.748562070019111,220.0,2.7485620700191107
273,273,3,recov,0.06401985111662531,2.748562070019111,220.0,2.7485620700191107
274,274,4,recov,0.06401985111662531,2.748562070019111,220.0,2.7485620700191107
275,275,5,recov,0.06401985111662531,2.748562070019111,220.0,2.7485620700191107
276,276,3,recov,0.06401985111662531,2.748562070019111,220.0,2.7485620700191107
277,277,4,recov,0.06401985111662531,2.748562070019111,220.0,2.7485620700191107
278,278,5,recov,0.06401985111662531,2.748562070019111,220.0,2.7485620700191107
279,279,3,recov,0.06401985111662531,2.748562070019111,220.0,2.7485620700191107
280,280,4,recov,0.06401985111662531,2.748562070019111,220.0,2.7485620700191107
281,281,5,recov,0.06401985111662531,2.748562070019111,220.0,2.7485620700191107
282,282,3,recov,0.06401985111662531,2.748562070019111,220.0,2.7485620700191107
283,283,4,recov,0.06401985111662531,2.748562070019111,220.0,2.7485620700191107
284,284,5,recov,0.06401985111662531,2.748562070019111,220.0,2.7485620700191107
285,285,0,fam_r,0.06153846153846154,2.7880929087757464,220.0,2.7485620700191107
286,286,1,fam_r,0.06153846153846154,2.7880929087757464,220.0,2.7485620700191107
287,287,2,fam_r,0.06153846153846154,2.7880929087757464,220.0,2.7485620700191107
288,288,0,fam_r,0.064,2.7488721956224653,220.0,2.7485620700191107
289,289,1,fam_r,0.064,2.7488721956224653,220.0,2.7485620700191107
290,290,2,fam_r,0.064,2.7488721956224653,220.0,2.7485620700191107
291,291,0,fam_r,0.0640196923076923,2.748564550642343,220.0,2.7485620700191107
292,292,1,fam_r,0.0640196923076923,2.748564550642343,220.0,2.7485620700191107
293,293,2,fam_r,0.0640196923076923,2.748564550642343,220.0,2.7485620700191107
294,294,0,fam_r,0.06401984984615385,2.748562089864073,220.0,2.7485620700191107
295,295,1,fam_r,0.06401984984615385,2.748562089864073,220.0,2.7485620700191107
296,296,2,fam_r,0.06401984984615385,2.748562089864073,220.0,2.7485620700191107
297,297,0,fam_r,0.06401985110646154,2.748562070177871,220.0,2.7485620700191107
298,298,1,fam_r,0.06401985110646154,2.748562070177871,220.0,2.7485620700191107
299,299,2,fam_r,0.06401985110646154,2.748562070177871,220.0,2.7485620700191107
0,0,0,fam,0.06666666666666667,2.70805020110221,293.33333333333337,2.7485620700191107
1,1,1,fam,0.0625,2.772588722239781,293.33333333333337,2.7485620700191107
2,2,2,fam,0.0617283950617284,2.785011242238338,293.33333333333337,2.7485620700191107
3,3,0,fam,0.06403940886699508,2.7482566215802504,293.33333333333337,2.7485620700191107
4,4,1,fam,0.06400787789266371,2.7487491111248024,293.33333333333337,2.7485620700191107
5,5,2,fam,0.06400157542339503,2.7488475799348864,293.33333333333337,2.7485620700191107
6,6,0,fam,0.06402000748311376,2.7485596275533015,293.33333333333337,2.7485620700191107
7,7,1,fam,0.06401975534252832,2.748563566026474,293.33333333333337,2.7485620700191107
8,8,2,fam,0.06401970491464959,2.748564353719247,293.33333333333337,2.7485620700191107
9,9,0,fam,0.0640198523675511,2.748562050479457,293.33333333333337,2.7485620700191107
10,10,1,fam,0.06401985035043328,2.7485620819871497,293.33333333333337,2.7485620700191107
11,11,2,fam,0.06401984994700972,2.748562088288688,293.33333333333337,2.7485620700191107
12,12,0,fam,0.06401985112663272,2.748562069862794,293.33333333333337,2.7485620700191107
13,13,1,fam,0.06401985111049577,2.7485620701148554,293.33333333333337,2.7485620700191107
14,14,2,fam,0.06401985110726839,2.7485620701652675,293.33333333333337,2.7485620700191107
15,15,0,fam,0.06401985111670536,2.748562070017861,293.33333333333337,2.7485620700191107
16,16,1,fam,0.06401985111657627,2.748562070019877,293.33333333333337,2.7485620700191107
17,17,2,fam,0.06401985111655044,2.748562070020281,293.33333333333337,2.7485620700191107
18,18,0,fam,0.06401985111662595,2.7485620700191014,293.33333333333337,2.7485620700191107
19,19,1,fam,0.06401985111662492,2.7485620700191173,293.33333333333337,2.7485620700191107
20,20,2,fam,0.06401985111662473,2.7485620700191205,293.33333333333337,2.7485620700191107
21,21,0,fam,0.06401985111662532,2.748562070019111,293.33333333333337,2.7485620700191107
22,22,1,fam,0.06401985111662531,2.748562070019111,293.33333333333337,2.7485620700191107
23,23,2,fam,0.06401985111662531,2.748562070019111,293.33333333333337,2.7485620700191107
24,24,0,fam,0.06401985111662531,2.748562070019111,293.33333333333337,2.7485620700191107
25,25,1,fam,0.06401985111662531,2.748562070019111,293.33333333333337,2.7485620700191107
26,26,2,fam,0.06401985111662531,2.748562070019111,293.33333333333337,2.7485620700191107
27,27,0,fam,0.06401985111662531,2.748562070019111,293.33333333333337,2.7485620700191107
28,28,1,fam,0.06401985111662531,2.748562070019111,293.33333333333337,2.7485620700191107
29,29,2,fam,0.06401985111662531,2.748562070019111,293.33333333333337,2.7485620700191107
30,30,0,fam,0.06401985111662531,2.748562070019111,293.33333333333337,2.7485620700191107
31,31,1,fam,0.06401985111662531,2.748562070019111,293.33333333333337,2.7485620700191107
32,32,2,fam,0.06401985111662531,2.748562070019111,293.33333333333337,2.7485620700191107
33,33,0,fam,0.06401985111662531,2.748562070019111,293.33333333333337,2.7485620700191107
34,34,1,fam,0.06401985111662531,2.748562070019111,293.33333333333337,2.7485620700191107
35,35,2,fam,0.06401985111662531,2.748562070019111,293.33333333333337,2.7485620700191107
36,36,0,fam,0.06401985111662531,2.748562070019111,293.33333333333337,2.7485620700191107
37,37,1,fam,0.06401985111662531,2.748562070019111,293.33333333333337,2.7485620700191107
38,38,2,fam,0.06401985111662531,2.748562070019111,293.33333333333337,2.7485620700191107
39,39,0,fam,0.06401985111662531,2.748562070019111,293.33333333333337,2.7485620700191107
40,40,1,fam,0.06401985111662531,2.748562070019111,293.33333333333337,2.7485620700191107
41,41,2,fam,0.06401985111662531,2.748562070019111,293.33333333333337,2.7485620700191107
42,42,0,fam,0.06401985111662531,2.748562070019111,293.33333333333337,2.7485620700191107
43,43,1,fam,0.06401985111662531,2.748562070019111,293.33333333333337,2.7485620700191107
44,44,2,fam,0.06401985111662531,2.748562070019111,293.33333333333337,2.7485620700191107
45,45,0,fam,0.06401985111662531,2.748562070019111,293.33333333333337,2.7485620700191107
46,46,1,fam,0.06401985111662531,2.748562070019111,293.33333333333337,2.7485620700191107
47,47,2,fam,0.06401985111662531,2.748562070019111,293.33333333333337,2.7485620700191107
48,48,0,fam,0.06401985111662531,2.748562070019111,293.33333333333337,2.7485620700191107
49,49,1,fam,0.06401985111662531,2.748562070019111,293.33333333333337,2.7485620700191107
50,50,2,fam,0.06401985111662531,2.748562070019111,293.33333333333337,2.7485620700191107
51,51,0,fam,0.06401985111662531,2.748562070019111,293.33333333333337,2.7485620700191107
52,52,1,fam,0.06401985111662531,2.748562070019111,293.33333333333337,2.7485620700191107
53,53,2,fam,0.06401985111662531,2.748562070019111,293.33333333333337,2.7485620700191107
54,54,0,fam,0.06401985111662531,2.748562070019111,293.33333333333337,2.7485620700191107
55,55,1,fam,0.06401985111662531,2.748562070019111,293.33333333333337,2.7485620700191107
56,56,2,fam,0.06401985111662531,2.748562070019111,293.33333333333337,2.7485620700191107
57,57,0,fam,0.06401985111662531,2.748562070019111,293.33333333333337,2.7485620700191107
58,58,1,fam,0.06401985111662531,2.748562070019111,293.33333333333337,2.7485620700191107
59,59,2,fam,0.06401985111662531,2.748562070019111,293.33333333333337,2.7485620700191107
60,60,0,fam,0.06401985111662531,2.748562070019111,293.33333333333337,2.7485620700191107
61,61,1,fam,0.06401985111662531,2.748562070019111,293.33333333333337,2.7485620700191107
62,62,2,fam,0.06401985111662531,2.748562070019111,293.33333333333337,2.7485620700191107
63,63,0,fam,0.06401985111662531,2.748562070019111,293.33333333333337,2.7485620700191107
64,64,1,fam,0.06401985111662531,2.748562070019111,293.33333333333337,2.7485620700191107
65,65,2,fam,0.06401985111662531,2.748562070019111,293.33333333333337,2.7485620700191107
66,66,3,recov,0.06153846153846154,2.7880929087757464,293.33333333333337,2.7485620700191107
67,67,4,recov,0.06153846153846154,2.7880929087757464,293.33333333333337,2.7485620700191107
68,68,5,recov,0.06153846153846154,2.7880929087757464,293.33333333333337,2.7485620700191107
69,69,3,recov,0.064,2.7488721956224653,293.33333333333337,2.7485620700191107
70,70,4,recov,0.064,2.7488721956224653,293.33333333333337,2.7485620700191107
71,71,5,recov,0.064,2.7488721956224653,293.33333333333337,2.7485620700191107
72,72,3,recov,0.0640196923076923,2.748564550642343,293.33333333333337,2.7485620700191107
73,73,4,recov,0.0640196923076923,2.748564550642343,293.33333333333337,2.7485620700191107
74,74,5,recov,0.0640196923076923,2.748564550642343,293.33333333333337,2.7485620700191107
75,75,3,recov,0.06401984984615385,2.748562089864073,293.33333333333337,2.7485620700191107
76,76,4,recov,0.06401984984615385,2.748562089864073,293.33333333333337,2.7485620700191107
77,77,5,recov,0.06401984984615385,2.748562089864073,293.33333333333337,2.7485620700191107
78,78,3,recov,0.06401985110646154,2.748562070177871,293.33333333333337,2.7485620700191107
79,79,4,recov,0.06401985110646154,2.748562070177871,293.33333333333337,2.7485620700191107
80,80,5,recov,0.06401985110646154,2.748562070177871,293.33333333333337,2.7485620700191107
81,81,3,recov,0.06401985111654399,2.7485620700203817,293.33333333333337,2.7485620700191107
82,82,4,recov,0.06401985111654399,2.7485620700203817,293.33333333333337,2.7485620700191107
83,83,5,recov,0.06401985111654399,2.7485620700203817,293.33333333333337,2.7485620700191107
84,84,3,recov,0.06401985111662467,2.7485620700191213,293.33333333333337,2.7485620700191107
85,85,4,recov,0.06401985111662467,2.7485620700191213,293.33333333333337,2.7485620700191107
86,86,5,recov,0.06401985111662467,2.7485620700191213,293.33333333333337,2.7485620700191107
87,87,3,recov,0.06401985111662531,2.748562070019111,293.33333333333337,2.7485620700191107
88,88,4,recov,0.06401985111662531,2.748562070019111,293.33333333333337,2.7485620700191107
89,89,5,recov,0.06401985111662531,2.748562070019111,293.33333333333337,2.7485620700191107
90,90,3,recov,0.06401985111662531,2.748562070019111,293.33333333333337,2.7485620700191107
91,91,4,recov,0.06401985111662531,2.748562070019111,293.33333333333337,2.7485620700191107
92,92,5,recov,0.06401985111662531,2.748562070019111,293.33333333333337,2.7485620700191107
93,93,3,recov,0.06401985111662531,2.748562070019111,293.33333333333337,2.7485620700191107
94,94,4,recov,0.06401985111662531,2.748562070019111,293.33333333333337,2.7485620700191107
95,95,5,recov,0.06401985111662531,2.748562070019111,293.33333333333337,2.7485620700191107
96,96,3,recov,0.06401985111662531,2.748562070019111,293.33333333333337,2.7485620700191107
97,97,4,recov,0.06401985111662531,2.748562070019111,293.33333333333337,2.7485620700191107
98,98,5,recov,0.06401985111662531,2.748562070019111,293.33333333333337,2.7485620700191107
99,99,3,recov,0.06401985111662531,2.748562070019111,293.33333333333337,2.7485620700191107
100,100,4,recov,0.06401985111662531,2.748562070019111,293.33333333333337,2.7485620700191107
101,101,5,recov,0.06401985111662531,2.748562070019111,293.33333333333337,2.7485620700191107
102,102,3,recov,0.06401985111662531,2.748562070019111,293.33333333333337,2.7485620700191107
103,103,4,recov,0.06401985111662531,2.748562070019111,293.33333333333337,2.7485620700191107
104,104,5,recov,0.06401985111662531,2.748562070019111,293.33333333333337,2.7485620700191107
105,105,3,recov,0.06401985111662531,2.748562070019111,293.33333333333337,2.7485620700191107
106,106,4,recov,0.06401985111662531,2.748562070019111,293.33333333333337,2.7485620700191107
107,107,5,recov,0.06401985111662531,2.748562070019111,293.33333333333337,2.7485620700191107
108,108,3,recov,0.06401985111662531,2.748562070019111,293.33333333333337,2.7485620700191107
109,109,4,recov,0.06401985111662531,2.748562070019111,293.33333333333337,2.7485620700191107
110,110,5,recov,0.06401985111662531,2.748562070019111,293.33333333333337,2.7485620700191107
111,111,3,recov,0.06401985111662531,2.748562070019111,293.33333333333337,2.7485620700191107
112,112,4,recov,0.06401985111662531,2.748562070019111,293.33333333333337,2.7485620700191107
113,113,5,recov,0.06401985111662531,2.748562070019111,293.33333333333337,2.7485620700191107
114,114,3,recov,0.06401985111662531,2.748562070019111,293.33333333333337,2.7485620700191107
115,115,4,recov,0.06401985111662531,2.748562070019111,293.33333333333337,2.7485620700191107
116,116,5,recov,0.06401985111662531,2.748562070019111,293.33333333333337,2.7485620700191107
117,117,3,recov,0.06401985111662531,2.748562070019111,293.33333333333337,2.7485620700191107
118,118,4,recov,0.06401985111662531,2.748562070019111,293.33333333333337,2.7485620700191107
119,119,5,recov,0.06401985111662531,2.748562070019111,293.33333333333337,2.7485620700191107
120,120,3,recov,0.06401985111662531,2.748562070019111,293.33333333333337,2.7485620700191107
121,121,4,recov,0.06401985111662531,2.748562070019111,293.33333333333337,2.7485620700191107
122,122,5,recov,0.06401985111662531,2.748562070019111,293.33333333333337,2.7485620700191107
123,123,3,recov,0.06401985111662531,2.748562070019111,293.33333333333337,2.7485620700191107
124,124,4,recov,0.06401985111662531,2.748562070019111,293.33333333333337,2.7485620700191107
125,125,5,recov,0.06401985111662531,2.748562070019111,293.33333333333337,2.7485620700191107
126,126,3,recov,0.06401985111662531,2.748562070019111,293.33333333333337,2.7485620700191107
127,127,4,recov,0.06401985111662531,2.748562070019111,293.33333333333337,2.7485620700191107
128,128,5,recov,0.06401985111662531,2.748562070019111,293.33333333333337,2.7485620700191107
129,129,3,recov,0.06401985111662531,2.748562070019111,293.33333333333337,2.7485620700191107
130,130,4,recov,0.06401985111662531,2.748562070019111,293.33333333333337,2.7485620700191107
131,131,5,recov,0.06401985111662531,2.748562070019111,293.33333333333337,2.7485620700191107
132,132,3,recov,0.06401985111662531,2.748562070019111,293.33333333333337,2.7485620700191107
133,133,4,recov,0.06401985111662531,2.748562070019111,293.33333333333337,2.7485620700191107
134,134,5,recov,0.06401985111662531,2.748562070019111,293.33333333333337,2.7485620700191107
135,135,3,recov,0.06401985111662531,2.748562070019111,293.33333333333337,2.7485620700191107
136,136,4,recov,0.06401985111662531,2.748562070019111,293.33333333333337,2.7485620700191107
137,137,5,recov,0.06401985111662531,2.748562070019111,293.33333333333337,2.7485620700191107
138,138,3,recov,0.06401985111662531,2.748562070019111,293.33333333333337,2.7485620700191107
139,139,4,recov,0.06401985111662531,2.748562070019111,293.33333333333337,2.7485620700191107
140,140,5,recov,0.06401985111662531,2.748562070019111,293.33333333333337,2.7485620700191107
141,141,3,recov,0.06401985111662531,2.748562070019111,293.33333333333337,2.7485620700191107
142,142,4,recov,0.06401985111662531,2.748562070019111,293.33333333333337,2.7485620700191107
143,143,5,recov,0.06401985111662531,2.748562070019111,293.33333333333337,2.7485620700191107
144,144,3,recov,0.06401985111662531,2.748562070019111,293.33333333333337,2.7485620700191107
145,145,4,recov,0.06401985111662531,2.748562070019111,293.33333333333337,2.7485620700191107
146,146,5,recov,0.06401985111662531,2.748562070019111,293.33333333333337,2.7485620700191107
147,147,3,recov,0.06401985111662531,2.748562070019111,293.33333333333337,2.7485620700191107
148,148,4,recov,0.06401985111662531,2.748562070019111,293.33333333333337,2.7485620700191107
149,149,5,recov,0.06401985111662531,2.748562070019111,293.33333333333337,2.7485620700191107
150,150,3,recov,0.06401985111662531,2.748562070019111,293.33333333333337,2.7485620700191107
151,151,4,recov,0.06401985111662531,2.748562070019111,293.33333333333337,2.7485620700191107
152,152,5,recov,0.06401985111662531,2.748562070019111,293.33333333333337,2.7485620700191107
153,153,3,recov,0.06401985111662531,2.748562070019111,293.33333333333337,2.7485620700191107
154,154,4,recov,0.06401985111662531,2.748562070019111,293.33333333333337,2.7485620700191107
155,155,5,recov,0.06401985111662531,2.748562070019111,293.33333333333337,2.7485620700191107
156,156,3,recov,0.06401985111662531,2.748562070019111,293.33333333333337,2.7485620700191107
157,157,4,recov,0.06401985111662531,2.748562070019111,293.33333333333337,2.7485620700191107
158,158,5,recov,0.06401985111662531,2.748562070019111,293.33333333333337,2.7485620700191107
159,159,3,recov,0.06401985111662531,2.748562070019111,293.33333333333337,2.7485620700191107
160,160,4,recov,0.06401985111662531,2.748562070019111,293.33333333333337,2.7485620700191107
161,161,5,recov,0.06401985111662531,2.748562070019111,293.33333333333337,2.7485620700191107
162,162,3,recov,0.06401985111662531,2.748562070019111,293.33333333333337,2.7485620700191107
163,163,4,recov,0.06401985111662531,2.748562070019111,293.33333333333337,2.7485620700191107
164,164,5,recov,0.06401985111662531,2.748562070019111,293.33333333333337,2.7485620700191107
165,165,3,recov,0.06401985111662531,2.748562070019111,293.33333333333337,2.7485620700191107
166,166,4,recov,0.06401985111662531,2.748562070019111,293.33333333333337,2.7485620700191107
167,167,5,recov,0.06401985111662531,2.748562070019111,293.33333333333337,2.7485620700191107
168,168,3,recov,0.06401985111662531,2.748562070019111,293.33333333333337,2.7485620700191107
169,169,4,recov,0.06401985111662531,2.748562070019111,293.33333333333337,2.7485620700191107
170,170,5,recov,0.06401985111662531,2.748562070019111,293.33333333333337,2.7485620700191107
171,171,3,recov,0.06401985111662531,2.748562070019111,293.33333333333337,2.7485620700191107
172,172,4,recov,0.06401985111662531,2.748562070019111,293.33333333333337,2.7485620700191107
173,173,5,recov,0.06401985111662531,2.748562070019111,293.33333333333337,2.7485620700191107
174,174,3,recov,0.06401985111662531,2.748562070019111,293.33333333333337,2.7485620700191107
175,175,4,recov,0.06401985111662531,2.748562070019111,293.33333333333337,2.7485620700191107
176,176,5,recov,0.06401985111662531,2.748562070019111,293.33333333333337,2.7485620700191107
177,177,3,recov,0.06401985111662531,2.748562070019111,293.33333333333337,2.7485620700191107
178,178,4,recov,0.06401985111662531,2.748562070019111,293.33333333333337,2.7485620700191107
179,179,5,recov,0.06401985111662531,2.748562070019111,293.33333333333337,2.7485620700191107
180,180,3,recov,0.06401985111662531,2.748562070019111,293.33333333333337,2.7485620700191107
181,181,4,recov,0.06401985111662531,2.748562070019111,293.33333333333337,2.7485620700191107
182,182,5,recov,0.06401985111662531,2.748562070019111,293.33333333333337,2.7485620700191107
183,183,3,recov,0.06401985111662531,2.748562070019111,293.33333333333337,2.7485620700191107
184,184,4,recov,0.06401985111662531,2.748562070019111,293.33333333333337,2.7485620700191107
185,185,5,recov,0.06401985111662531,2.748562070019111,293.33333333333337,2.7485620700191107
186,186,3,recov,0.06401985111662531,2.748562070019111,293.33333333333337,2.7485620700191107
187,187,4,recov,0.06401985111662531,2.748562070019111,293.33333333333337,2.7485620700191107
188,188,5,recov,0.06401985111662531,2.748562070019111,293.33333333333337,2.7485620700191107
189,189,3,recov,0.06401985111662531,2.748562070019111,293.33333333333337,2.7485620700191107
190,190,4,recov,0.06401985111662531,2.748562070019111,293.33333333333337,2.7485620700191107
191,191,5,recov,0.06401985111662531,2.748562070019111,293.33333333333337,2.7485620700191107
192,192,3,recov,0.06401985111662531,2.748562070019111,293.33333333333337,2.7485620700191107
193,193,4,recov,0.06401985111662531,2.748562070019111,293.33333333333337,2.7485620700191107
194,194,5,recov,0.06401985111662531,2.748562070019111,293.33333333333337,2.7485620700191107
195,195,3,recov,0.06401985111662531,2.748562070019111,293.33333333333337,2.7485620700191107
196,196,4,recov,0.06401985111662531,2.748562070019111,293.33333333333337,2.7485620700191107
197,197,5,recov,0.06401985111662531,2.748562070019111,293.33333333333337,2.7485620700191107
198,198,3,recov,0.06401985111662531,2.748562070019111,293.33333333333337,2.7485620700191107
199,199,4,recov,0.06401985111662531,2.748562070019111,293.33333333333337,2.7485620700191107
200,200,5,recov,0.06401985111662531,2.748562070019111,293.33333333333337,2.7485620700191107
201,201,3,recov,0.06401985111662531,2.748562070019111,293.33333333333337,2.7485620700191107
202,202,4,recov,0.06401985111662531,2.748562070019111,293.33333333333337,2.7485620700191107
203,203,5,recov,0.06401985111662531,2.748562070019111,293.33333333333337,2.7485620700191107
204,204,3,recov,0.06401985111662531,2.748562070019111,293.33333333333337,2.7485620700191107
205,205,4,recov,0.06401985111662531,2.748562070019111,293.33333333333337,2.7485620700191107
206,206,5,recov,0.06401985111662531,2.748562070019111,293.33333333333337,2.7485620700191107
207,207,3,recov,0.06401985111662531,2.748562070019111,293.33333333333337,2.7485620700191107
208,208,4,recov,0.06401985111662531,2.748562070019111,293.33333333333337,2.7485620700191107
209,209,5,recov,0.06401985111662531,2.748562070019111,293.33333333333337,2.7485620700191107
210,210,3,recov,0.06401985111662531,2.748562070019111,293.33333333333337,2.7485620700191107
211,211,4,recov,0.06401985111662531,2.748562070019111,293.33333333333337,2.7485620700191107
212,212,5,recov,0.06401985111662531,2.748562070019111,293.33333333333337,2.7485620700191107
213,213,3,recov,0.06401985111662531,2.748562070019111,293.33333333333337,2.7485620700191107
214,214,4,recov,0.06401985111662531,2.748562070019111,293.33333333333337,2.7485620700191107
215,215,5,recov,0.06401985111662531,2.748562070019111,293.33333333333337,2.7485620700191107
216,216,3,recov,0.06401985111662531,2.748562070019111,293.33333333333337,2.7485620700191107
217,217,4,recov,0.06401985111662531,2.748562070019111,293.33333333333337,2.7485620700191107
218,218,5,recov,0.06401985111662531,2.748562070019111,293.33333333333337,2.7485620700191107
219,219,3,recov,0.06401985111662531,2.748562070019111,293.33333333333337,2.7485620700191107
220,220,4,recov,0.06401985111662531,2.748562070019111,293.33333333333337,2.7485620700191107
221,221,5,recov,0.06401985111662531,2.748562070019111,293.33333333333337,2.7485620700191107
222,222,3,recov,0.06401985111662531,2.748562070019111,293.33333333333337,2.7485620700191107
223,223,4,recov,0.06401985111662531,2.748562070019111,293.33333333333337,2.7485620700191107
224,224,5,recov,0.06401985111662531,2.748562070019111,293.33333333333337,2.7485620700191107
225,225,3,recov,0.06401985111662531,2.748562070019111,293.33333333333337,2.7485620700191107
226,226,4,recov,0.06401985111662531,2.748562070019111,293.33333333333337,2.7485620700191107
227,227,5,recov,0.06401985111662531,2.748562070019111,293.33333333333337,2.7485620700191107
228,228,3,recov,0.06401985111662531,2.748562070019111,293.33333333333337,2.7485620700191107
229,229,4,recov,0.06401985111662531,2.748562070019111,293.33333333333337,2.7485620700191107
230,230,5,recov,0.06401985111662531,2.748562070019111,293.33333333333337,2.7485620700191107
231,231,3,recov,0.06401985111662531,2.748562070019111,293.33333333333337,2.7485620700191107
232,232,4,recov,0.06401985111662531,2.748562070019111,293.33333333333337,2.7485620700191107
233,233,5,recov,0.06401985111662531,2.748562070019111,293.33333333333337,2.7485620700191107
234,234,3,recov,0.06401985111662531,2.748562070019111,293.33333333333337,2.7485620700191107
235,235,4,recov,0.06401985111662531,2.748562070019111,293.33333333333337,2.7485620700191107
236,236,5,recov,0.06401985111662531,2.748562070019111,293.33333333333337,2.7485620700191107
237,237,3,recov,0.06401985111662531,2.748562070019111,293.33333333333337,2.7485620700191107
238,238,4,recov,0.06401985111662531,2.748562070019111,293.33333333333337,2.7485620700191107
239,239,5,recov,0.06401985111662531,2.748562070019111,293.33333333333337,2.7485620700191107
240,240,3,recov,0.06401985111662531,2.748562070019111,293.33333333333337,2.7485620700191107
241,241,4,recov,0.06401985111662531,2.748562070019111,293.33333333333337,2.7485620700191107
242,242,5,recov,0.06401985111662531,2.748562070019111,293.33333333333337,2.7485620700191107
243,243,3,recov,0.06401985111662531,2.748562070019111,293.33333333333337,2.7485620700191107
244,244,4,recov,0.06401985111662531,2.748562070019111,293.33333333333337,2.7485620700191107
245,245,5,recov,0.06401985111662531,2.748562070019111,293.33333333333337,2.7485620700191107
246,246,3,recov,0.06401985111662531,2.748562070019111,293.33333333333337,2.7485620700191107
247,247,4,recov,0.06401985111662531,2.748562070019111,293.33333333333337,2.7485620700191107
248,248,5,recov,0.06401985111662531,2.748562070019111,293.33333333333337,2.7485620700191107
249,249,3,recov,0.06401985111662531,2.748562070019111,293.33333333333337,2.7485620700191107
250,250,4,recov,0.06401985111662531,2.748562070019111,293.33333333333337,2.7485620700191107
251,251,5,recov,0.06401985111662531,2.748562070019111,293.33333333333337,2.7485620700191107
252,252,3,recov,0.06401985111662531,2.748562070019111,293.33333333333337,2.7485620700191107
253,253,4,recov,0.06401985111662531,2.748562070019111,293.33333333333337,2.7485620700191107
254,254,5,recov,0.06401985111662531,2.748562070019111,293.33333333333337,2.7485620700191107
255,255,3,recov,0.06401985111662531,2.748562070019111,293.33333333333337,2.7485620700191107
256,256,4,recov,0.06401985111662531,2.748562070019111,293.33333333333337,2.7485620700191107
257,257,5,recov,0.06401985111662531,2.748562070019111,293.33333333333337,2.7485620700191107
258,258,3,recov,0.06401985111662531,2.748562070019111,293.33333333333337,2.7485620700191107
259,259,4,recov,0.06401985111662531,2.748562070019111,293.33333333333337,2.7485620700191107
260,260,5,recov,0.06401985111662531,2.748562070019111,293.33333333333337,2.7485620700191107
261,261,3,recov,0.06401985111662531,2.748562070019111,293.33333333333337,2.7485620700191107
262,262,4,recov,0.06401985111662531,2.748562070019111,293.33333333333337,2.7485620700191107
263,263,5,recov,0.06401985111662531,2.748562070019111,293.33333333333337,2.7485620700191107
264,264,3,recov,0.06401985111662531,2.748562070019111,293.33333333333337,2.7485620700191107
265,265,4,recov,0.06401985111662531,2.748562070019111,293.33333333333337,2.7485620700191107
266,266,5,recov,0.06401985111662531,2.748562070019111,293.33333333333337,2.7485620700191107
267,267,3,recov,0.06401985111662531,2.748562070019111,293.33333333333337,2.7485620700191107
268,268,4,recov,0.06401985111662531,2.748562070019111,293.33333333333337,2.7485620700191107
269,269,5,recov,0.06401985111662531,2.748562070019111,293.33333333333337,2.7485620700191107
270,270,3,recov,0.06401985111662531,2.748562070019111,293.33333333333337,2.7485620700191107
271,271,4,recov,0.06401985111662531,2.748562070019111,293.33333333333337,2.7485620700191107
272,272,5,recov,0.06401985111662531,2.748562070019111,293.33333333333337,2.7485620700191107
273,273,3,recov,0.06401985111662531,2.748562070019111,293.33333333333337,2.7485620700191107
274,274,4,recov,0.06401985111662531,2.748562070019111,293.33333333333337,2.7485620700191107
275,275,5,recov,0.06401985111662531,2.748562070019111,293.33333333333337,2.7485620700191107
276,276,3,recov,0.06401985111662531,2.748562070019111,293.33333333333337,2.7485620700191107
277,277,4,recov,0.06401985111662531,2.748562070019111,293.33333333333337,2.7485620700191107
278,278,5,recov,0.06401985111662531,2.748562070019111,293.33333333333337,2.7485620700191107
279,279,3,recov,0.06401985111662531,2.748562070019111,293.33333333333337,2.7485620700191107
280,280,4,recov,0.06401985111662531,2.748562070019111,293.33333333333337,2.7485620700191107
281,281,5,recov,0.06401985111662531,2.748562070019111,293.33333333333337,2.7485620700191107
282,282,3,recov,0.06401985111662531,2.748562070019111,293.33333333333337,2.7485620700191107
283,283,4,recov,0.06401985111662531,2.748562070019111,293.33333333333337,2.7485620700191107
284,284,5,recov,0.06401985111662531,2.748562070019111,293.33333333333337,2.7485620700191107
285,285,3,recov,0.06401985111662531,2.748562070019111,293.33333333333337,2.7485620700191107
286,286,4,recov,0.06401985111662531,2.748562070019111,293.33333333333337,2.7485620700191107
287,287,5,recov,0.06401985111662531,2.748562070019111,293.33333333333337,2.7485620700191107
288,288,3,recov,0.06401985111662531,2.748562070019111,293.33333333333337,2.7485620700191107
289,289,4,recov,0.06401985111662531,2.748562070019111,293.33333333333337,2.7485620700191107
290,290,5,recov,0.06401985111662531,2.748562070019111,293.33333333333337,2.7485620700191107
291,291,3,recov,0.06401985111662531,2.748562070019111,293.33333333333337,2.7485620700191107
292,292,4,recov,0.06401985111662531,2.748562070019111,293.33333333333337,2.7485620700191107
293,293,5,recov,0.06401985111662531,2.748562070019111,293.33333333333337,2.7485620700191107
294,294,3,recov,0.06401985111662531,2.748562070019111,293.33333333333337,2.7485620700191107
295,295,4,recov,0.06401985111662531,2.748562070019111,293.33333333333337,2.7485620700191107
296,296,5,recov,0.06401985111662531,2.748562070019111,293.33333333333337,2.7485620700191107
297,297,3,recov,0.06401985111662531,2.748562070019111,293.33333333333337,2.7485620700191107
298,298,4,recov,0.06401985111662531,2.748562070019111,293.33333333333337,2.7485620700191107
299,299,5,recov,0.06401985111662531,2.748562070019111,293.33333333333337,2.7485620700191107
300,300,3,recov,0.06401985111662531,2.748562070019111,293.33333333333337,2.7485620700191107
301,301,4,recov,0.06401985111662531,2.748562070019111,293.33333333333337,2.7485620700191107
302,302,5,recov,0.06401985111662531,2.748562070019111,293.33333333333337,2.7485620700191107
303,303,3,recov,0.06401985111662531,2.748562070019111,293.33333333333337,2.7485620700191107
304,304,4,recov,0.06401985111662531,2.748562070019111,293.33333333333337,2.7485620700191107
305,305,5,recov,0.06401985111662531,2.748562070019111,293.33333333333337,2.7485620700191107
306,306,3,recov,0.06401985111662531,2.748562070019111,293.33333333333337,2.7485620700191107
307,307,4,recov,0.06401985111662531,2.748562070019111,293.33333333333337,2.7485620700191107
308,308,5,recov,0.06401985111662531,2.748562070019111,293.33333333333337,2.7485620700191107
309,309,3,recov,0.06401985111662531,2.748562070019111,293.33333333333337,2.7485620700191107
310,310,4,recov,0.06401985111662531,2.748562070019111,293.33333333333337,2.7485620700191107
311,311,5,recov,0.06401985111662531,2.748562070019111,293.33333333333337,2.7485620700191107
312,312,3,recov,0.06401985111662531,2.748562070019111,293.33333333333337,2.7485620700191107
313,313,4,recov,0.06401985111662531,2.748562070019111,293.33333333333337,2.7485620700191107
314,314,5,recov,0.06401985111662531,2.748562070019111,293.33333333333337,2.7485620700191107
315,315,3,recov,0.06401985111662531,2.748562070019111,293.33333333333337,2.7485620700191107
316,316,4,recov,0.06401985111662531,2.748562070019111,293.33333333333337,2.7485620700191107
317,317,5,recov,0.06401985111662531,2.748562070019111,293.33333333333337,2.7485620700191107
318,318,3,recov,0.06401985111662531,2.748562070019111,293.33333333333337,2.7485620700191107
319,319,4,recov,0.06401985111662531,2.748562070019111,293.33333333333337,2.7485620700191107
320,320,5,recov,0.06401985111662531,2.748562070019111,293.33333333333337,2.7485620700191107
321,321,3,recov,0.06401985111662531,2.748562070019111,293.33333333333337,2.7485620700191107
322,322,4,recov,0.06401985111662531,2.748562070019111,293.33333333333337,2.7485620700191107
323,323,5,recov,0.06401985111662531,2.748562070019111,293.33333333333337,2.7485620700191107
324,324,3,recov,0.06401985111662531,2.748562070019111,293.33333333333337,2.7485620700191107
325,325,4,recov,0.06401985111662531,2.748562070019111,293.33333333333337,2.7485620700191107
326,326,5,recov,0.06401985111662531,2.748562070019111,293.33333333333337,2.7485620700191107
327,327,3,recov,0.06401985111662531,2.748562070019111,293.33333333333337,2.7485620700191107
328,328,4,recov,0.06401985111662531,2.748562070019111,293.33333333333337,2.7485620700191107
329,329,5,recov,0.06401985111662531,2.748562070019111,293.33333333333337,2.7485620700191107
330,330,3,recov,0.06401985111662531,2.748562070019111,293.33333333333337,2.7485620700191107
331,331,4,recov,0.06401985111662531,2.748562070019111,293.33333333333337,2.7485620700191107
332,332,5,recov,0.06401985111662531,2.748562070019111,293.33333333333337,2.7485620700191107
333,333,3,recov,0.06401985111662531,2.748562070019111,293.33333333333337,2.7485620700191107
334,334,4,recov,0.06401985111662531,2.748562070019111,293.33333333333337,2.7485620700191107
335,335,5,recov,0.06401985111662531,2.748562070019111,293.33333333333337,2.7485620700191107
336,336,3,recov,0.06401985111662531,2.748562070019111,293.33333333333337,2.7485620700191107
337,337,4,recov,0.06401985111662531,2.748562070019111,293.33333333333337,2.7485620700191107
338,338,5,recov,0.06401985111662531,2.748562070019111,293.33333333333337,2.7485620700191107
339,339,3,recov,0.06401985111662531,2.748562070019111,293.33333333333337,2.7485620700191107
340,340,4,recov,0.06401985111662531,2.748562070019111,293.33333333333337,2.7485620700191107
341,341,5,recov,0.06401985111662531,2.748562070019111,293.33333333333337,2.7485620700191107
342,342,3,recov,0.06401985111662531,2.748562070019111,293.33333333333337,2.7485620700191107
343,343,4,recov,0.06401985111662531,2.748562070019111,293.33333333333337,2.7485620700191107
344,344,5,recov,0.06401985111662531,2.748562070019111,293.33333333333337,2.7485620700191107
345,345,3,recov,0.06401985111662531,2.748562070019111,293.33333333333337,2.7485620700191107
346,346,4,recov,0.06401985111662531,2.748562070019111,293.33333333333337,2.7485620700191107
347,347,5,recov,0.06401985111662531,2.748562070019111,293.33333333333337,2.7485620700191107
348,348,3,recov,0.06401985111662531,2.748562070019111,293.33333333333337,2.7485620700191107
349,349,4,recov,0.06401985111662531,2.748562070019111,293.33333333333337,2.7485620700191107
350,350,5,recov,0.06401985111662531,2.748562070019111,293.33333333333337,2.7485620700191107
351,351,3,recov,0.06401985111662531,2.748562070019111,293.33333333333337,2.7485620700191107
352,352,4,recov,0.06401985111662531,2.748562070019111,293.33333333333337,2.7485620700191107
353,353,5,recov,0.06401985111662531,2.748562070019111,293.33333333333337,2.7485620700191107
354,354,3,recov,0.06401985111662531,2.748562070019111,293.33333333333337,2.7485620700191107
355,355,4,recov,0.06401985111662531,2.748562070019111,293.33333333333337,2.7485620700191107
356,356,5,recov,0.06401985111662531,2.748562070019111,293.33333333333337,2.7485620700191107
357,357,3,recov,0.06401985111662531,2.748562070019111,293.33333333333337,2.7485620700191107
358,358,4,recov,0.06401985111662531,2.748562070019111,293.33333333333337,2.7485620700191107
359,359,5,recov,0.06401985111662531,2.748562070019111,293.33333333333337,2.7485620700191107
360,360,0,fam_r,0.06153846153846154,2.7880929087757464,293.33333333333337,2.7485620700191107
361,361,1,fam_r,0.06153846153846154,2.7880929087757464,293.33333333333337,2.7485620700191107
362,362,2,fam_r,0.06153846153846154,2.7880929087757464,293.33333333333337,2.7485620700191107
363,363,0,fam_r,0.064,2.7488721956224653,293.33333333333337,2.7485620700191107
364,364,1,fam_r,0.064,2.7488721956224653,293.33333333333337,2.7485620700191107
365,365,2,fam_r,0.064,2.7488721956224653,293.33333333333337,2.7485620700191107
366,366,0,fam_r,0.0640196923076923,2.748564550642343,293.33333333333337,2.7485620700191107
367,367,1,fam_r,0.0640196923076923,2.748564550642343,293.33333333333337,2.7485620700191107
368,368,2,fam_r,0.0640196923076923,2.748564550642343,293.33333333333337,2.7485620700191107
369,369,0,fam_r,0.06401984984615385,2.748562089864073,293.33333333333337,2.7485620700191107
370,370,1,fam_r,0.06401984984615385,2.748562089864073,293.33333333333337,2.7485620700191107
371,371,2,fam_r,0.06401984984615385,2.748562089864073,293.33333333333337,2.7485620700191107
372,372,0,fam_r,0.06401985110646154,2.748562070177871,293.33333333333337,2.7485620700191107
373,373,1,fam_r,0.06401985110646154,2.748562070177871,293.33333333333337,2.7485620700191107
374,374,2,fam_r,0.06401985110646154,2.748562070177871,293.33333333333337,2.7485620700191107
0,0,0,fam,0.06666666666666667,2.70805020110221,366.6666666666667,2.7485620700191107
1,1,1,fam,0.0625,2.772588722239781,366.6666666666667,2.7485620700191107
2,2,2,fam,0.0617283950617284,2.785011242238338,366.6666666666667,2.7485620700191107
3,3,0,fam,0.06403940886699508,2.7482566215802504,366.6666666666667,2.7485620700191107
4,4,1,fam,0.06400787789266371,2.7487491111248024,366.6666666666667,2.7485620700191107
5,5,2,fam,0.06400157542339503,2.7488475799348864,366.6666666666667,2.7485620700191107
6,6,0,fam,0.06402000748311376,2.7485596275533015,366.6666666666667,2.7485620700191107
7,7,1,fam,0.06401975534252832,2.748563566026474,366.6666666666667,2.7485620700191107
8,8,2,fam,0.06401970491464959,2.748564353719247,366.6666666666667,2.7485620700191107
9,9,0,fam,0.0640198523675511,2.748562050479457,366.6666666666667,2.7485620700191107
10,10,1,fam,0.06401985035043328,2.7485620819871497,366.6666666666667,2.7485620700191107
11,11,2,fam,0.06401984994700972,2.748562088288688,366.6666666666667,2.7485620700191107
12,12,0,fam,0.06401985112663272,2.748562069862794,366.6666666666667,2.7485620700191107
13,13,1,fam,0.06401985111049577,2.7485620701148554,366.6666666666667,2.7485620700191107
14,14,2,fam,0.06401985110726839,2.7485620701652675,366.6666666666667,2.7485620700191107
15,15,0,fam,0.06401985111670536,2.748562070017861,366.6666666666667,2.7485620700191107
16,16,1,fam,0.06401985111657627,2.748562070019877,366.6666666666667,2.7485620700191107
17,17,2,fam,0.06401985111655044,2.748562070020281,366.6666666666667,2.7485620700191107
18,18,0,fam,0.06401985111662595,2.7485620700191014,366.6666666666667,2.7485620700191107
19,19,1,fam,0.06401985111662492,2.7485620700191173,366.6666666666667,2.7485620700191107
20,20,2,fam,0.06401985111662473,2.7485620700191205,366.6666666666667,2.7485620700191107
21,21,0,fam,0.06401985111662532,2.748562070019111,366.6666666666667,2.7485620700191107
22,22,1,fam,0.06401985111662531,2.748562070019111,366.6666666666667,2.7485620700191107
23,23,2,fam,0.06401985111662531,2.748562070019111,366.6666666666667,2.7485620700191107
24,24,0,fam,0.06401985111662531,2.748562070019111,366.6666666666667,2.7485620700191107
25,25,1,fam,0.06401985111662531,2.748562070019111,366.6666666666667,2.7485620700191107
26,26,2,fam,0.06401985111662531,2.748562070019111,366.6666666666667,2.7485620700191107
27,27,0,fam,0.06401985111662531,2.748562070019111,366.6666666666667,2.7485620700191107
28,28,1,fam,0.06401985111662531,2.748562070019111,366.6666666666667,2.7485620700191107
29,29,2,fam,0.06401985111662531,2.748562070019111,366.6666666666667,2.7485620700191107
30,30,0,fam,0.06401985111662531,2.748562070019111,366.6666666666667,2.7485620700191107
31,31,1,fam,0.06401985111662531,2.748562070019111,366.6666666666667,2.7485620700191107
32,32,2,fam,0.06401985111662531,2.748562070019111,366.6666666666667,2.7485620700191107
33,33,0,fam,0.06401985111662531,2.748562070019111,366.6666666666667,2.7485620700191107
34,34,1,fam,0.06401985111662531,2.748562070019111,366.6666666666667,2.7485620700191107
35,35,2,fam,0.06401985111662531,2.748562070019111,366.6666666666667,2.7485620700191107
36,36,0,fam,0.06401985111662531,2.748562070019111,366.6666666666667,2.7485620700191107
37,37,1,fam,0.06401985111662531,2.748562070019111,366.6666666666667,2.7485620700191107
38,38,2,fam,0.06401985111662531,2.748562070019111,366.6666666666667,2.7485620700191107
39,39,0,fam,0.06401985111662531,2.748562070019111,366.6666666666667,2.7485620700191107
40,40,1,fam,0.06401985111662531,2.748562070019111,366.6666666666667,2.7485620700191107
41,41,2,fam,0.06401985111662531,2.748562070019111,366.6666666666667,2.7485620700191107
42,42,0,fam,0.06401985111662531,2.748562070019111,366.6666666666667,2.7485620700191107
43,43,1,fam,0.06401985111662531,2.748562070019111,366.6666666666667,2.7485620700191107
44,44,2,fam,0.06401985111662531,2.748562070019111,366.6666666666667,2.7485620700191107
45,45,0,fam,0.06401985111662531,2.748562070019111,366.6666666666667,2.7485620700191107
46,46,1,fam,0.06401985111662531,2.748562070019111,366.6666666666667,2.7485620700191107
47,47,2,fam,0.06401985111662531,2.748562070019111,366.6666666666667,2.7485620700191107
48,48,0,fam,0.06401985111662531,2.748562070019111,366.6666666666667,2.7485620700191107
49,49,1,fam,0.06401985111662531,2.748562070019111,366.6666666666667,2.7485620700191107
50,50,2,fam,0.06401985111662531,2.748562070019111,366.6666666666667,2.7485620700191107
51,51,0,fam,0.06401985111662531,2.748562070019111,366.6666666666667,2.7485620700191107
52,52,1,fam,0.06401985111662531,2.748562070019111,366.6666666666667,2.7485620700191107
53,53,2,fam,0.06401985111662531,2.748562070019111,366.6666666666667,2.7485620700191107
54,54,0,fam,0.06401985111662531,2.748562070019111,366.6666666666667,2.7485620700191107
55,55,1,fam,0.06401985111662531,2.748562070019111,366.6666666666667,2.7485620700191107
56,56,2,fam,0.06401985111662531,2.748562070019111,366.6666666666667,2.7485620700191107
57,57,0,fam,0.06401985111662531,2.748562070019111,366.6666666666667,2.7485620700191107
58,58,1,fam,0.06401985111662531,2.748562070019111,366.6666666666667,2.7485620700191107
59,59,2,fam,0.06401985111662531,2.748562070019111,366.6666666666667,2.7485620700191107
60,60,0,fam,0.06401985111662531,2.748562070019111,366.6666666666667,2.7485620700191107
61,61,1,fam,0.06401985111662531,2.748562070019111,366.6666666666667,2.7485620700191107
62,62,2,fam,0.06401985111662531,2.748562070019111,366.6666666666667,2.7485620700191107
63,63,0,fam,0.06401985111662531,2.748562070019111,366.6666666666667,2.7485620700191107
64,64,1,fam,0.06401985111662531,2.748562070019111,366.6666666666667,2.7485620700191107
65,65,2,fam,0.06401985111662531,2.748562070019111,366.6666666666667,2.7485620700191107
66,66,3,recov,0.06153846153846154,2.7880929087757464,366.6666666666667,2.7485620700191107
67,67,4,recov,0.06153846153846154,2.7880929087757464,366.6666666666667,2.7485620700191107
68,68,5,recov,0.06153846153846154,2.7880929087757464,366.6666666666667,2.7485620700191107
69,69,3,recov,0.064,2.7488721956224653,366.6666666666667,2.7485620700191107
70,70,4,recov,0.064,2.7488721956224653,366.6666666666667,2.7485620700191107
71,71,5,recov,0.064,2.7488721956224653,366.6666666666667,2.7485620700191107
72,72,3,recov,0.0640196923076923,2.748564550642343,366.6666666666667,2.7485620700191107
73,73,4,recov,0.0640196923076923,2.748564550642343,366.6666666666667,2.7485620700191107
74,74,5,recov,0.0640196923076923,2.748564550642343,366.6666666666667,2.7485620700191107
75,75,3,recov,0.06401984984615385,2.748562089864073,366.6666666666667,2.7485620700191107
76,76,4,recov,0.06401984984615385,2.748562089864073,366.6666666666667,2.7485620700191107
77,77,5,recov,0.06401984984615385,2.748562089864073,366.6666666666667,2.7485620700191107
78,78,3,recov,0.06401985110646154,2.748562070177871,366.6666666666667,2.7485620700191107
79,79,4,recov,0.06401985110646154,2.748562070177871,366.6666666666667,2.7485620700191107
80,80,5,recov,0.06401985110646154,2.748562070177871,366.6666666666667,2.7485620700191107
81,81,3,recov,0.06401985111654399,2.7485620700203817,366.6666666666667,2.7485620700191107
82,82,4,recov,0.06401985111654399,2.7485620700203817,366.6666666666667,2.7485620700191107
83,83,5,recov,0.06401985111654399,2.7485620700203817,366.6666666666667,2.7485620700191107
84,84,3,recov,0.06401985111662467,2.7485620700191213,366.6666666666667,2.7485620700191107
85,85,4,recov,0.06401985111662467,2.7485620700191213,366.6666666666667,2.7485620700191107
86,86,5,recov,0.06401985111662467,2.7485620700191213,366.6666666666667,2.7485620700191107
87,87,3,recov,0.06401985111662531,2.748562070019111,366.6666666666667,2.7485620700191107
88,88,4,recov,0.06401985111662531,2.748562070019111,366.6666666666667,2.7485620700191107
89,89,5,recov,0.06401985111662531,2.748562070019111,366.6666666666667,2.7485620700191107
90,90,3,recov,0.06401985111662531,2.748562070019111,366.6666666666667,2.7485620700191107
91,91,4,recov,0.06401985111662531,2.748562070019111,366.6666666666667,2.7485620700191107
92,92,5,recov,0.06401985111662531,2.748562070019111,366.6666666666667,2.7485620700191107
93,93,3,recov,0.06401985111662531,2.748562070019111,366.6666666666667,2.7485620700191107
94,94,4,recov,0.06401985111662531,2.748562070019111,366.6666666666667,2.7485620700191107
95,95,5,recov,0.06401985111662531,2.748562070019111,366.6666666666667,2.7485620700191107
96,96,3,recov,0.06401985111662531,2.748562070019111,366.6666666666667,2.7485620700191107
97,97,4,recov,0.06401985111662531,2.748562070019111,366.6666666666667,2.7485620700191107
98,98,5,recov,0.06401985111662531,2.748562070019111,366.6666666666667,2.7485620700191107
99,99,3,recov,0.06401985111662531,2.748562070019111,366.6666666666667,2.7485620700191107
100,100,4,recov,0.06401985111662531,2.748562070019111,366.6666666666667,2.7485620700191107
101,101,5,recov,0.06401985111662531,2.748562070019111,366.6666666666667,2.7485620700191107
102,102,3,recov,0.06401985111662531,2.748562070019111,366.6666666666667,2.7485620700191107
103,103,4,recov,0.06401985111662531,2.748562070019111,366.6666666666667,2.7485620700191107
104,104,5,recov,0.06401985111662531,2.748562070019111,366.6666666666667,2.7485620700191107
105,105,3,recov,0.06401985111662531,2.748562070019111,366.6666666666667,2.7485620700191107
106,106,4,recov,0.06401985111662531,2.748562070019111,366.6666666666667,2.7485620700191107
107,107,5,recov,0.06401985111662531,2.748562070019111,366.6666666666667,2.7485620700191107
108,108,3,recov,0.06401985111662531,2.748562070019111,366.6666666666667,2.7485620700191107
109,109,4,recov,0.06401985111662531,2.748562070019111,366.6666666666667,2.7485620700191107
110,110,5,recov,0.06401985111662531,2.748562070019111,366.6666666666667,2.7485620700191107
111,111,3,recov,0.06401985111662531,2.748562070019111,366.6666666666667,2.7485620700191107
112,112,4,recov,0.06401985111662531,2.748562070019111,366.6666666666667,2.7485620700191107
113,113,5,recov,0.06401985111662531,2.748562070019111,366.6666666666667,2.7485620700191107
114,114,3,recov,0.06401985111662531,2.748562070019111,366.6666666666667,2.7485620700191107
115,115,4,recov,0.06401985111662531,2.748562070019111,366.6666666666667,2.7485620700191107
116,116,5,recov,0.06401985111662531,2.748562070019111,366.6666666666667,2.7485620700191107
117,117,3,recov,0.06401985111662531,2.748562070019111,366.6666666666667,2.7485620700191107
118,118,4,recov,0.06401985111662531,2.748562070019111,366.6666666666667,2.7485620700191107
119,119,5,recov,0.06401985111662531,2.748562070019111,366.6666666666667,2.7485620700191107
120,120,3,recov,0.06401985111662531,2.748562070019111,366.6666666666667,2.7485620700191107
121,121,4,recov,0.06401985111662531,2.748562070019111,366.6666666666667,2.7485620700191107
122,122,5,recov,0.06401985111662531,2.748562070019111,366.6666666666667,2.7485620700191107
123,123,3,recov,0.06401985111662531,2.748562070019111,366.6666666666667,2.7485620700191107
124,124,4,recov,0.06401985111662531,2.748562070019111,366.6666666666667,2.7485620700191107
125,125,5,recov,0.06401985111662531,2.748562070019111,366.6666666666667,2.7485620700191107
126,126,3,recov,0.06401985111662531,2.748562070019111,366.6666666666667,2.7485620700191107
127,127,4,recov,0.06401985111662531,2.748562070019111,366.6666666666667,2.7485620700191107
128,128,5,recov,0.06401985111662531,2.748562070019111,366.6666666666667,2.7485620700191107
129,129,3,recov,0.06401985111662531,2.748562070019111,366.6666666666667,2.7485620700191107
130,130,4,recov,0.06401985111662531,2.748562070019111,366.6666666666667,2.7485620700191107
131,131,5,recov,0.06401985111662531,2.748562070019111,366.6666666666667,2.7485620700191107
132,132,3,recov,0.06401985111662531,2.748562070019111,366.6666666666667,2.7485620700191107
133,133,4,recov,0.06401985111662531,2.748562070019111,366.6666666666667,2.7485620700191107
134,134,5,recov,0.06401985111662531,2.748562070019111,366.6666666666667,2.7485620700191107
135,135,3,recov,0.06401985111662531,2.748562070019111,366.6666666666667,2.7485620700191107
136,136,4,recov,0.06401985111662531,2.748562070019111,366.6666666666667,2.7485620700191107
137,137,5,recov,0.06401985111662531,2.748562070019111,366.6666666666667,2.7485620700191107
138,138,3,recov,0.06401985111662531,2.748562070019111,366.6666666666667,2.7485620700191107
139,139,4,recov,0.06401985111662531,2.748562070019111,366.6666666666667,2.7485620700191107
140,140,5,recov,0.06401985111662531,2.748562070019111,366.6666666666667,2.7485620700191107
141,141,3,recov,0.06401985111662531,2.748562070019111,366.6666666666667,2.7485620700191107
142,142,4,recov,0.06401985111662531,2.748562070019111,366.6666666666667,2.7485620700191107
143,143,5,recov,0.06401985111662531,2.748562070019111,366.6666666666667,2.7485620700191107
144,144,3,recov,0.06401985111662531,2.748562070019111,366.6666666666667,2.7485620700191107
145,145,4,recov,0.06401985111662531,2.748562070019111,366.6666666666667,2.7485620700191107
146,146,5,recov,0.06401985111662531,2.748562070019111,366.6666666666667,2.7485620700191107
147,147,3,recov,0.06401985111662531,2.748562070019111,366.6666666666667,2.7485620700191107
148,148,4,recov,0.06401985111662531,2.748562070019111,366.6666666666667,2.7485620700191107
149,149,5,recov,0.06401985111662531,2.748562070019111,366.6666666666667,2.7485620700191107
150,150,3,recov,0.06401985111662531,2.748562070019111,366.6666666666667,2.7485620700191107
151,151,4,recov,0.06401985111662531,2.748562070019111,366.6666666666667,2.7485620700191107
152,152,5,recov,0.06401985111662531,2.748562070019111,366.6666666666667,2.7485620700191107
153,153,3,recov,0.06401985111662531,2.748562070019111,366.6666666666667,2.7485620700191107
154,154,4,recov,0.06401985111662531,2.748562070019111,366.6666666666667,2.7485620700191107
155,155,5,recov,0.06401985111662531,2.748562070019111,366.6666666666667,2.7485620700191107
156,156,3,recov,0.06401985111662531,2.748562070019111,366.6666666666667,2.7485620700191107
157,157,4,recov,0.06401985111662531,2.748562070019111,366.6666666666667,2.7485620700191107
158,158,5,recov,0.06401985111662531,2.748562070019111,366.6666666666667,2.7485620700191107
159,159,3,recov,0.06401985111662531,2.748562070019111,366.6666666666667,2.7485620700191107
160,160,4,recov,0.06401985111662531,2.748562070019111,366.6666666666667,2.7485620700191107
161,161,5,recov,0.06401985111662531,2.748562070019111,366.6666666666667,2.7485620700191107
162,162,3,recov,0.06401985111662531,2.748562070019111,366.6666666666667,2.7485620700191107
163,163,4,recov,0.06401985111662531,2.748562070019111,366.6666666666667,2.7485620700191107
164,164,5,recov,0.06401985111662531,2.748562070019111,366.6666666666667,2.7485620700191107
165,165,3,recov,0.06401985111662531,2.748562070019111,366.6666666666667,2.7485620700191107
166,166,4,recov,0.06401985111662531,2.748562070019111,366.6666666666667,2.7485620700191107
167,167,5,recov,0.06401985111662531,2.748562070019111,366.6666666666667,2.7485620700191107
168,168,3,recov,0.06401985111662531,2.748562070019111,366.6666666666667,2.7485620700191107
169,169,4,recov,0.06401985111662531,2.748562070019111,366.6666666666667,2.7485620700191107
170,170,5,recov,0.06401985111662531,2.748562070019111,366.6666666666667,2.7485620700191107
171,171,3,recov,0.06401985111662531,2.748562070019111,366.6666666666667,2.7485620700191107
172,172,4,recov,0.06401985111662531,2.748562070019111,366.6666666666667,2.7485620700191107
173,173,5,recov,0.06401985111662531,2.748562070019111,366.6666666666667,2.7485620700191107
174,174,3,recov,0.06401985111662531,2.748562070019111,366.6666666666667,2.7485620700191107
175,175,4,recov,0.06401985111662531,2.748562070019111,366.6666666666667,2.7485620700191107
176,176,5,recov,0.06401985111662531,2.748562070019111,366.6666666666667,2.7485620700191107
177,177,3,recov,0.06401985111662531,2.748562070019111,366.6666666666667,2.7485620700191107
178,178,4,recov,0.06401985111662531,2.748562070019111,366.6666666666667,2.7485620700191107
179,179,5,recov,0.06401985111662531,2.748562070019111,366.6666666666667,2.7485620700191107
180,180,3,recov,0.06401985111662531,2.748562070019111,366.6666666666667,2.7485620700191107
181,181,4,recov,0.06401985111662531,2.748562070019111,366.6666666666667,2.7485620700191107
182,182,5,recov,0.06401985111662531,2.748562070019111,366.6666666666667,2.7485620700191107
183,183,3,recov,0.06401985111662531,2.748562070019111,366.6666666666667,2.7485620700191107
184,184,4,recov,0.06401985111662531,2.748562070019111,366.6666666666667,2.7485620700191107
185,185,5,recov,0.06401985111662531,2.748562070019111,366.6666666666667,2.7485620700191107
186,186,3,recov,0.06401985111662531,2.748562070019111,366.6666666666667,2.7485620700191107
187,187,4,recov,0.06401985111662531,2.748562070019111,366.6666666666667,2.7485620700191107
188,188,5,recov,0.06401985111662531,2.748562070019111,366.6666666666667,2.7485620700191107
189,189,3,recov,0.06401985111662531,2.748562070019111,366.6666666666667,2.7485620700191107
190,190,4,recov,0.06401985111662531,2.748562070019111,366.6666666666667,2.7485620700191107
191,191,5,recov,0.06401985111662531,2.748562070019111,366.6666666666667,2.7485620700191107
192,192,3,recov,0.06401985111662531,2.748562070019111,366.6666666666667,2.7485620700191107
193,193,4,recov,0.06401985111662531,2.748562070019111,366.6666666666667,2.7485620700191107
194,194,5,recov,0.06401985111662531,2.748562070019111,366.6666666666667,2.7485620700191107
195,195,3,recov,0.06401985111662531,2.748562070019111,366.6666666666667,2.7485620700191107
196,196,4,recov,0.06401985111662531,2.748562070019111,366.6666666666667,2.7485620700191107
197,197,5,recov,0.06401985111662531,2.748562070019111,366.6666666666667,2.7485620700191107
198,198,3,recov,0.06401985111662531,2.748562070019111,366.6666666666667,2.7485620700191107
199,199,4,recov,0.06401985111662531,2.748562070019111,366.6666666666667,2.7485620700191107
200,200,5,recov,0.06401985111662531,2.748562070019111,366.6666666666667,2.7485620700191107
201,201,3,recov,0.06401985111662531,2.748562070019111,366.6666666666667,2.7485620700191107
202,202,4,recov,0.06401985111662531,2.748562070019111,366.6666666666667,2.7485620700191107
203,203,5,recov,0.06401985111662531,2.748562070019111,366.6666666666667,2.7485620700191107
204,204,3,recov,0.06401985111662531,2.748562070019111,366.6666666666667,2.7485620700191107
205,205,4,recov,0.06401985111662531,2.748562070019111,366.6666666666667,2.7485620700191107
206,206,5,recov,0.06401985111662531,2.748562070019111,366.6666666666667,2.7485620700191107
207,207,3,recov,0.06401985111662531,2.748562070019111,366.6666666666667,2.7485620700191107
208,208,4,recov,0.06401985111662531,2.748562070019111,366.6666666666667,2.7485620700191107
209,209,5,recov,0.06401985111662531,2.748562070019111,366.6666666666667,2.7485620700191107
210,210,3,recov,0.06401985111662531,2.748562070019111,366.6666666666667,2.7485620700191107
211,211,4,recov,0.06401985111662531,2.748562070019111,366.6666666666667,2.7485620700191107
212,212,5,recov,0.06401985111662531,2.748562070019111,366.6666666666667,2.7485620700191107
213,213,3,recov,0.06401985111662531,2.748562070019111,366.6666666666667,2.7485620700191107
214,214,4,recov,0.06401985111662531,2.748562070019111,366.6666666666667,2.7485620700191107
215,215,5,recov,0.06401985111662531,2.748562070019111,366.6666666666667,2.7485620700191107
216,216,3,recov,0.06401985111662531,2.748562070019111,366.6666666666667,2.7485620700191107
217,217,4,recov,0.06401985111662531,2.748562070019111,366.6666666666667,2.7485620700191107
218,218,5,recov,0.06401985111662531,2.748562070019111,366.6666666666667,2.7485620700191107
219,219,3,recov,0.06401985111662531,2.748562070019111,366.6666666666667,2.7485620700191107
220,220,4,recov,0.06401985111662531,2.748562070019111,366.6666666666667,2.7485620700191107
221,221,5,recov,0.06401985111662531,2.748562070019111,366.6666666666667,2.7485620700191107
222,222,3,recov,0.06401985111662531,2.748562070019111,366.6666666666667,2.7485620700191107
223,223,4,recov,0.06401985111662531,2.748562070019111,366.6666666666667,2.7485620700191107
224,224,5,recov,0.06401985111662531,2.748562070019111,366.6666666666667,2.7485620700191107
225,225,3,recov,0.06401985111662531,2.748562070019111,366.6666666666667,2.7485620700191107
226,226,4,recov,0.06401985111662531,2.748562070019111,366.6666666666667,2.7485620700191107
227,227,5,recov,0.06401985111662531,2.748562070019111,366.6666666666667,2.7485620700191107
228,228,3,recov,0.06401985111662531,2.748562070019111,366.6666666666667,2.7485620700191107
229,229,4,recov,0.06401985111662531,2.748562070019111,366.6666666666667,2.7485620700191107
230,230,5,recov,0.06401985111662531,2.748562070019111,366.6666666666667,2.7485620700191107
231,231,3,recov,0.06401985111662531,2.748562070019111,366.6666666666667,2.7485620700191107
232,232,4,recov,0.06401985111662531,2.748562070019111,366.6666666666667,2.7485620700191107
233,233,5,recov,0.06401985111662531,2.748562070019111,366.6666666666667,2.7485620700191107
234,234,3,recov,0.06401985111662531,2.748562070019111,366.6666666666667,2.7485620700191107
235,235,4,recov,0.06401985111662531,2.748562070019111,366.6666666666667,2.7485620700191107
236,236,5,recov,0.06401985111662531,2.748562070019111,366.6666666666667,2.7485620700191107
237,237,3,recov,0.06401985111662531,2.748562070019111,366.6666666666667,2.7485620700191107
238,238,4,recov,0.06401985111662531,2.748562070019111,366.6666666666667,2.7485620700191107
239,239,5,recov,0.06401985111662531,2.748562070019111,366.6666666666667,2.7485620700191107
240,240,3,recov,0.06401985111662531,2.748562070019111,366.6666666666667,2.7485620700191107
241,241,4,recov,0.06401985111662531,2.748562070019111,366.6666666666667,2.7485620700191107
242,242,5,recov,0.06401985111662531,2.748562070019111,366.6666666666667,2.7485620700191107
243,243,3,recov,0.06401985111662531,2.748562070019111,366.6666666666667,2.7485620700191107
244,244,4,recov,0.06401985111662531,2.748562070019111,366.6666666666667,2.7485620700191107
245,245,5,recov,0.06401985111662531,2.748562070019111,366.6666666666667,2.7485620700191107
246,246,3,recov,0.06401985111662531,2.748562070019111,366.6666666666667,2.7485620700191107
247,247,4,recov,0.06401985111662531,2.748562070019111,366.6666666666667,2.7485620700191107
248,248,5,recov,0.06401985111662531,2.748562070019111,366.6666666666667,2.7485620700191107
249,249,3,recov,0.06401985111662531,2.748562070019111,366.6666666666667,2.7485620700191107
250,250,4,recov,0.06401985111662531,2.748562070019111,366.6666666666667,2.7485620700191107
251,251,5,recov,0.06401985111662531,2.748562070019111,366.6666666666667,2.7485620700191107
252,252,3,recov,0.06401985111662531,2.748562070019111,366.6666666666667,2.7485620700191107
253,253,4,recov,0.06401985111662531,2.748562070019111,366.6666666666667,2.7485620700191107
254,254,5,recov,0.06401985111662531,2.748562070019111,366.6666666666667,2.7485620700191107
255,255,3,recov,0.06401985111662531,2.748562070019111,366.6666666666667,2.7485620700191107
256,256,4,recov,0.06401985111662531,2.748562070019111,366.6666666666667,2.7485620700191107
257,257,5,recov,0.06401985111662531,2.748562070019111,366.6666666666667,2.7485620700191107
258,258,3,recov,0.06401985111662531,2.748562070019111,366.6666666666667,2.7485620700191107
259,259,4,recov,0.06401985111662531,2.748562070019111,366.6666666666667,2.7485620700191107
260,260,5,recov,0.06401985111662531,2.748562070019111,366.6666666666667,2.7485620700191107
261,261,3,recov,0.06401985111662531,2.748562070019111,366.6666666666667,2.7485620700191107
262,262,4,recov,0.06401985111662531,2.748562070019111,366.6666666666667,2.7485620700191107
263,263,5,recov,0.06401985111662531,2.748562070019111,366.6666666666667,2.7485620700191107
264,264,3,recov,0.06401985111662531,2.748562070019111,366.6666666666667,2.7485620700191107
265,265,4,recov,0.06401985111662531,2.748562070019111,366.6666666666667,2.7485620700191107
266,266,5,recov,0.06401985111662531,2.748562070019111,366.6666666666667,2.7485620700191107
267,267,3,recov,0.06401985111662531,2.748562070019111,366.6666666666667,2.7485620700191107
268,268,4,recov,0.06401985111662531,2.748562070019111,366.6666666666667,2.7485620700191107
269,269,5,recov,0.06401985111662531,2.748562070019111,366.6666666666667,2.7485620700191107
270,270,3,recov,0.06401985111662531,2.748562070019111,366.6666666666667,2.7485620700191107
271,271,4,recov,0.06401985111662531,2.748562070019111,366.6666666666667,2.7485620700191107
272,272,5,recov,0.06401985111662531,2.748562070019111,366.6666666666667,2.7485620700191107
273,273,3,recov,0.06401985111662531,2.748562070019111,366.6666666666667,2.7485620700191107
274,274,4,recov,0.06401985111662531,2.748562070019111,366.6666666666667,2.7485620700191107
275,275,5,recov,0.06401985111662531,2.748562070019111,366.6666666666667,2.7485620700191107
276,276,3,recov,0.06401985111662531,2.748562070019111,366.6666666666667,2.7485620700191107
277,277,4,recov,0.06401985111662531,2.748562070019111,366.6666666666667,2.7485620700191107
278,278,5,recov,0.06401985111662531,2.748562070019111,366.6666666666667,2.7485620700191107
279,279,3,recov,0.06401985111662531,2.748562070019111,366.6666666666667,2.7485620700191107
280,280,4,recov,0.06401985111662531,2.748562070019111,366.6666666666667,2.7485620700191107
281,281,5,recov,0.06401985111662531,2.748562070019111,366.6666666666667,2.7485620700191107
282,282,3,recov,0.06401985111662531,2.748562070019111,366.6666666666667,2.7485620700191107
283,283,4,recov,0.06401985111662531,2.748562070019111,366.6666666666667,2.7485620700191107
284,284,5,recov,0.06401985111662531,2.748562070019111,366.6666666666667,2.7485620700191107
285,285,3,recov,0.06401985111662531,2.748562070019111,366.6666666666667,2.7485620700191107
286,286,4,recov,0.06401985111662531,2.748562070019111,366.6666666666667,2.7485620700191107
287,287,5,recov,0.06401985111662531,2.748562070019111,366.6666666666667,2.7485620700191107
288,288,3,recov,0.06401985111662531,2.748562070019111,366.6666666666667,2.7485620700191107
289,289,4,recov,0.06401985111662531,2.748562070019111,366.6666666666667,2.7485620700191107
290,290,5,recov,0.06401985111662531,2.748562070019111,366.6666666666667,2.7485620700191107
291,291,3,recov,0.06401985111662531,2.748562070019111,366.6666666666667,2.7485620700191107
292,292,4,recov,0.06401985111662531,2.748562070019111,366.6666666666667,2.7485620700191107
293,293,5,recov,0.06401985111662531,2.748562070019111,366.6666666666667,2.7485620700191107
294,294,3,recov,0.06401985111662531,2.748562070019111,366.6666666666667,2.7485620700191107
295,295,4,recov,0.06401985111662531,2.748562070019111,366.6666666666667,2.7485620700191107
296,296,5,recov,0.06401985111662531,2.748562070019111,366.6666666666667,2.7485620700191107
297,297,3,recov,0.06401985111662531,2.748562070019111,366.6666666666667,2.7485620700191107
298,298,4,recov,0.06401985111662531,2.748562070019111,366.6666666666667,2.7485620700191107
299,299,5,recov,0.06401985111662531,2.748562070019111,366.6666666666667,2.7485620700191107
300,300,3,recov,0.06401985111662531,2.748562070019111,366.6666666666667,2.7485620700191107
301,301,4,recov,0.06401985111662531,2.748562070019111,366.6666666666667,2.7485620700191107
302,302,5,recov,0.06401985111662531,2.748562070019111,366.6666666666667,2.7485620700191107
303,303,3,recov,0.06401985111662531,2.748562070019111,366.6666666666667,2.7485620700191107
304,304,4,recov,0.06401985111662531,2.748562070019111,366.6666666666667,2.7485620700191107
305,305,5,recov,0.06401985111662531,2.748562070019111,366.6666666666667,2.7485620700191107
306,306,3,recov,0.06401985111662531,2.748562070019111,366.6666666666667,2.7485620700191107
307,307,4,recov,0.06401985111662531,2.748562070019111,366.6666666666667,2.7485620700191107
308,308,5,recov,0.06401985111662531,2.748562070019111,366.6666666666667,2.7485620700191107
309,309,3,recov,0.06401985111662531,2.748562070019111,366.6666666666667,2.7485620700191107
310,310,4,recov,0.06401985111662531,2.748562070019111,366.6666666666667,2.7485620700191107
311,311,5,recov,0.06401985111662531,2.748562070019111,366.6666666666667,2.7485620700191107
312,312,3,recov,0.06401985111662531,2.748562070019111,366.6666666666667,2.7485620700191107
313,313,4,recov,0.06401985111662531,2.748562070019111,366.6666666666667,2.7485620700191107
314,314,5,recov,0.06401985111662531,2.748562070019111,366.6666666666667,2.7485620700191107
315,315,3,recov,0.06401985111662531,2.748562070019111,366.6666666666667,2.7485620700191107
316,316,4,recov,0.06401985111662531,2.748562070019111,366.6666666666667,2.7485620700191107
317,317,5,recov,0.06401985111662531,2.748562070019111,366.6666666666667,2.7485620700191107
318,318,3,recov,0.06401985111662531,2.748562070019111,366.6666666666667,2.7485620700191107
319,319,4,recov,0.06401985111662531,2.748562070019111,366.6666666666667,2.7485620700191107
320,320,5,recov,0.06401985111662531,2.748562070019111,366.6666666666667,2.7485620700191107
321,321,3,recov,0.06401985111662531,2.748562070019111,366.6666666666667,2.7485620700191107
322,322,4,recov,0.06401985111662531,2.748562070019111,366.6666666666667,2.7485620700191107
323,323,5,recov,0.06401985111662531,2.748562070019111,366.6666666666667,2.7485620700191107
324,324,3,recov,0.06401985111662531,2.748562070019111,366.6666666666667,2.7485620700191107
325,325,4,recov,0.06401985111662531,2.748562070019111,366.6666666666667,2.7485620700191107
326,326,5,recov,0.06401985111662531,2.748562070019111,366.6666666666667,2.7485620700191107
327,327,3,recov,0.06401985111662531,2.748562070019111,366.6666666666667,2.7485620700191107
328,328,4,recov,0.06401985111662531,2.748562070019111,366.6666666666667,2.7485620700191107
329,329,5,recov,0.06401985111662531,2.748562070019111,366.6666666666667,2.7485620700191107
330,330,3,recov,0.06401985111662531,2.748562070019111,366.6666666666667,2.7485620700191107
331,331,4,recov,0.06401985111662531,2.748562070019111,366.6666666666667,2.7485620700191107
332,332,5,recov,0.06401985111662531,2.748562070019111,366.6666666666667,2.7485620700191107
333,333,3,recov,0.06401985111662531,2.748562070019111,366.6666666666667,2.7485620700191107
334,334,4,recov,0.06401985111662531,2.748562070019111,366.6666666666667,2.7485620700191107
335,335,5,recov,0.06401985111662531,2.748562070019111,366.6666666666667,2.7485620700191107
336,336,3,recov,0.06401985111662531,2.748562070019111,366.6666666666667,2.7485620700191107
337,337,4,recov,0.06401985111662531,2.748562070019111,366.6666666666667,2.7485620700191107
338,338,5,recov,0.06401985111662531,2.748562070019111,366.6666666666667,2.7485620700191107
339,339,3,recov,0.06401985111662531,2.748562070019111,366.6666666666667,2.7485620700191107
340,340,4,recov,0.06401985111662531,2.748562070019111,366.6666666666667,2.7485620700191107
341,341,5,recov,0.06401985111662531,2.748562070019111,366.6666666666667,2.7485620700191107
342,342,3,recov,0.06401985111662531,2.748562070019111,366.6666666666667,2.7485620700191107
343,343,4,recov,0.06401985111662531,2.748562070019111,366.6666666666667,2.7485620700191107
344,344,5,recov,0.06401985111662531,2.748562070019111,366.6666666666667,2.7485620700191107
345,345,3,recov,0.06401985111662531,2.748562070019111,366.6666666666667,2.7485620700191107
346,346,4,recov,0.06401985111662531,2.748562070019111,366.6666666666667,2.7485620700191107
347,347,5,recov,0.06401985111662531,2.748562070019111,366.6666666666667,2.7485620700191107
348,348,3,recov,0.06401985111662531,2.748562070019111,366.6666666666667,2.7485620700191107
349,349,4,recov,0.06401985111662531,2.748562070019111,366.6666666666667,2.7485620700191107
350,350,5,recov,0.06401985111662531,2.748562070019111,366.6666666666667,2.7485620700191107
351,351,3,recov,0.06401985111662531,2.748562070019111,366.6666666666667,2.7485620700191107
352,352,4,recov,0.06401985111662531,2.748562070019111,366.6666666666667,2.7485620700191107
353,353,5,recov,0.06401985111662531,2.748562070019111,366.6666666666667,2.7485620700191107
354,354,3,recov,0.06401985111662531,2.748562070019111,366.6666666666667,2.7485620700191107
355,355,4,recov,0.06401985111662531,2.748562070019111,366.6666666666667,2.7485620700191107
356,356,5,recov,0.06401985111662531,2.748562070019111,366.6666666666667,2.7485620700191107
357,357,3,recov,0.06401985111662531,2.748562070019111,366.6666666666667,2.7485620700191107
358,358,4,recov,0.06401985111662531,2.748562070019111,366.6666666666667,2.7485620700191107
359,359,5,recov,0.06401985111662531,2.748562070019111,366.6666666666667,2.7485620700191107
360,360,3,recov,0.06401985111662531,2.748562070019111,366.6666666666667,2.7485620700191107
361,361,4,recov,0.06401985111662531,2.748562070019111,366.6666666666667,2.7485620700191107
362,362,5,recov,0.06401985111662531,2.748562070019111,366.6666666666667,2.7485620700191107
363,363,3,recov,0.06401985111662531,2.748562070019111,366.6666666666667,2.7485620700191107
364,364,4,recov,0.06401985111662531,2.748562070019111,366.6666666666667,2.7485620700191107
365,365,5,recov,0.06401985111662531,2.748562070019111,366.6666666666667,2.7485620700191107
366,366,3,recov,0.06401985111662531,2.748562070019111,366.6666666666667,2.7485620700191107
367,367,4,recov,0.06401985111662531,2.748562070019111,366.6666666666667,2.7485620700191107
368,368,5,recov,0.06401985111662531,2.748562070019111,366.6666666666667,2.7485620700191107
369,369,3,recov,0.06401985111662531,2.748562070019111,366.6666666666667,2.7485620700191107
370,370,4,recov,0.06401985111662531,2.748562070019111,366.6666666666667,2.7485620700191107
371,371,5,recov,0.06401985111662531,2.748562070019111,366.6666666666667,2.7485620700191107
372,372,3,recov,0.06401985111662531,2.748562070019111,366.6666666666667,2.7485620700191107
373,373,4,recov,0.06401985111662531,2.748562070019111,366.6666666666667,2.7485620700191107
374,374,5,recov,0.06401985111662531,2.748562070019111,366.6666666666667,2.7485620700191107
375,375,3,recov,0.06401985111662531,2.748562070019111,366.6666666666667,2.7485620700191107
376,376,4,recov,0.06401985111662531,2.748562070019111,366.6666666666667,2.7485620700191107
377,377,5,recov,0.06401985111662531,2.748562070019111,366.6666666666667,2.7485620700191107
378,378,3,recov,0.06401985111662531,2.748562070019111,366.6666666666667,2.7485620700191107
379,379,4,recov,0.06401985111662531,2.748562070019111,366.6666666666667,2.7485620700191107
380,380,5,recov,0.06401985111662531,2.748562070019111,366.6666666666667,2.7485620700191107
381,381,3,recov,0.06401985111662531,2.748562070019111,366.6666666666667,2.7485620700191107
382,382,4,recov,0.06401985111662531,2.748562070019111,366.6666666666667,2.7485620700191107
383,383,5,recov,0.06401985111662531,2.748562070019111,366.6666666666667,2.7485620700191107
384,384,3,recov,0.06401985111662531,2.748562070019111,366.6666666666667,2.7485620700191107
385,385,4,recov,0.06401985111662531,2.748562070019111,366.6666666666667,2.7485620700191107
386,386,5,recov,0.06401985111662531,2.748562070019111,366.6666666666667,2.7485620700191107
387,387,3,recov,0.06401985111662531,2.748562070019111,366.6666666666667,2.7485620700191107
388,388,4,recov,0.06401985111662531,2.748562070019111,366.6666666666667,2.7485620700191107
389,389,5,recov,0.06401985111662531,2.748562070019111,366.6666666666667,2.7485620700191107
390,390,3,recov,0.06401985111662531,2.748562070019111,366.6666666666667,2.7485620700191107
391,391,4,recov,0.06401985111662531,2.748562070019111,366.6666666666667,2.7485620700191107
392,392,5,recov,0.06401985111662531,2.748562070019111,366.6666666666667,2.7485620700191107
393,393,3,recov,0.06401985111662531,2.748562070019111,366.6666666666667,2.7485620700191107
394,394,4,recov,0.06401985111662531,2.748562070019111,366.6666666666667,2.7485620700191107
395,395,5,recov,0.06401985111662531,2.748562070019111,366.6666666666667,2.7485620700191107
396,396,3,recov,0.06401985111662531,2.748562070019111,366.6666666666667,2.7485620700191107
397,397,4,recov,0.06401985111662531,2.748562070019111,366.6666666666667,2.7485620700191107
398,398,5,recov,0.06401985111662531,2.748562070019111,366.6666666666667,2.7485620700191107
399,399,3,recov,0.06401985111662531,2.748562070019111,366.6666666666667,2.7485620700191107
400,400,4,recov,0.06401985111662531,2.748562070019111,366.6666666666667,2.7485620700191107
401,401,5,recov,0.06401985111662531,2.748562070019111,366.6666666666667,2.7485620700191107
402,402,3,recov,0.06401985111662531,2.748562070019111,366.6666666666667,2.7485620700191107
403,403,4,recov,0.06401985111662531,2.748562070019111,366.6666666666667,2.7485620700191107
404,404,5,recov,0.06401985111662531,2.748562070019111,366.6666666666667,2.7485620700191107
405,405,3,recov,0.06401985111662531,2.748562070019111,366.6666666666667,2.7485620700191107
406,406,4,recov,0.06401985111662531,2.748562070019111,366.6666666666667,2.7485620700191107
407,407,5,recov,0.06401985111662531,2.748562070019111,366.6666666666667,2.7485620700191107
408,408,3,recov,0.06401985111662531,2.748562070019111,366.6666666666667,2.7485620700191107
409,409,4,recov,0.06401985111662531,2.748562070019111,366.6666666666667,2.7485620700191107
410,410,5,recov,0.06401985111662531,2.748562070019111,366.6666666666667,2.7485620700191107
411,411,3,recov,0.06401985111662531,2.748562070019111,366.6666666666667,2.7485620700191107
412,412,4,recov,0.06401985111662531,2.748562070019111,366.6666666666667,2.7485620700191107
413,413,5,recov,0.06401985111662531,2.748562070019111,366.6666666666667,2.7485620700191107
414,414,3,recov,0.06401985111662531,2.748562070019111,366.6666666666667,2.7485620700191107
415,415,4,recov,0.06401985111662531,2.748562070019111,366.6666666666667,2.7485620700191107
416,416,5,recov,0.06401985111662531,2.748562070019111,366.6666666666667,2.7485620700191107
417,417,3,recov,0.06401985111662531,2.748562070019111,366.6666666666667,2.7485620700191107
418,418,4,recov,0.06401985111662531,2.748562070019111,366.6666666666667,2.7485620700191107
419,419,5,recov,0.06401985111662531,2.748562070019111,366.6666666666667,2.7485620700191107
420,420,3,recov,0.06401985111662531,2.748562070019111,366.6666666666667,2.7485620700191107
421,421,4,recov,0.06401985111662531,2.748562070019111,366.6666666666667,2.7485620700191107
422,422,5,recov,0.06401985111662531,2.748562070019111,366.6666666666667,2.7485620700191107
423,423,3,recov,0.06401985111662531,2.748562070019111,366.6666666666667,2.7485620700191107
424,424,4,recov,0.06401985111662531,2.748562070019111,366.6666666666667,2.7485620700191107
425,425,5,recov,0.06401985111662531,2.748562070019111,366.6666666666667,2.7485620700191107
426,426,3,recov,0.06401985111662531,2.748562070019111,366.6666666666667,2.7485620700191107
427,427,4,recov,0.06401985111662531,2.748562070019111,366.6666666666667,2.7485620700191107
428,428,5,recov,0.06401985111662531,2.748562070019111,366.6666666666667,2.7485620700191107
429,429,3,recov,0.06401985111662531,2.748562070019111,366.6666666666667,2.7485620700191107
430,430,4,recov,0.06401985111662531,2.748562070019111,366.6666666666667,2.7485620700191107
431,431,5,recov,0.06401985111662531,2.748562070019111,366.6666666666667,2.7485620700191107
432,432,0,fam_r,0.06153846153846154,2.7880929087757464,366.6666666666667,2.7485620700191107
433,433,1,fam_r,0.06153846153846154,2.7880929087757464,366.6666666666667,2.7485620700191107
434,434,2,fam_r,0.06153846153846154,2.7880929087757464,366.6666666666667,2.7485620700191107
435,435,0,fam_r,0.064,2.7488721956224653,366.6666666666667,2.7485620700191107
436,436,1,fam_r,0.064,2.7488721956224653,366.6666666666667,2.7485620700191107
437,437,2,fam_r,0.064,2.7488721956224653,366.6666666666667,2.7485620700191107
438,438,0,fam_r,0.0640196923076923,2.748564550642343,366.6666666666667,2.7485620700191107
439,439,1,fam_r,0.0640196923076923,2.748564550642343,366.6666666666667,2.7485620700191107
440,440,2,fam_r,0.0640196923076923,2.748564550642343,366.6666666666667,2.7485620700191107
441,441,0,fam_r,0.06401984984615385,2.748562089864073,366.6666666666667,2.7485620700191107
442,442,1,fam_r,0.06401984984615385,2.748562089864073,366.6666666666667,2.7485620700191107
443,443,2,fam_r,0.06401984984615385,2.748562089864073,366.6666666666667,2.7485620700191107
444,444,0,fam_r,0.06401985110646154,2.748562070177871,366.6666666666667,2.7485620700191107
445,445,1,fam_r,0.06401985110646154,2.748562070177871,366.6666666666667,2.7485620700191107
446,446,2,fam_r,0.06401985110646154,2.748562070177871,366.6666666666667,2.7485620700191107
0,0,0,fam,0.06666666666666667,2.70805020110221,476.6666666666667,2.7485620700191107
1,1,1,fam,0.0625,2.772588722239781,476.6666666666667,2.7485620700191107
2,2,2,fam,0.0617283950617284,2.785011242238338,476.6666666666667,2.7485620700191107
3,3,0,fam,0.06403940886699508,2.7482566215802504,476.6666666666667,2.7485620700191107
4,4,1,fam,0.06400787789266371,2.7487491111248024,476.6666666666667,2.7485620700191107
5,5,2,fam,0.06400157542339503,2.7488475799348864,476.6666666666667,2.7485620700191107
6,6,0,fam,0.06402000748311376,2.7485596275533015,476.6666666666667,2.7485620700191107
7,7,1,fam,0.06401975534252832,2.748563566026474,476.6666666666667,2.7485620700191107
8,8,2,fam,0.06401970491464959,2.748564353719247,476.6666666666667,2.7485620700191107
9,9,0,fam,0.0640198523675511,2.748562050479457,476.6666666666667,2.7485620700191107
10,10,1,fam,0.06401985035043328,2.7485620819871497,476.6666666666667,2.7485620700191107
11,11,2,fam,0.06401984994700972,2.748562088288688,476.6666666666667,2.7485620700191107
12,12,0,fam,0.06401985112663272,2.748562069862794,476.6666666666667,2.7485620700191107
13,13,1,fam,0.06401985111049577,2.7485620701148554,476.6666666666667,2.7485620700191107
14,14,2,fam,0.06401985110726839,2.7485620701652675,476.6666666666667,2.7485620700191107
15,15,0,fam,0.06401985111670536,2.748562070017861,476.6666666666667,2.7485620700191107
16,16,1,fam,0.06401985111657627,2.748562070019877,476.6666666666667,2.7485620700191107
17,17,2,fam,0.06401985111655044,2.748562070020281,476.6666666666667,2.7485620700191107
18,18,0,fam,0.06401985111662595,2.7485620700191014,476.6666666666667,2.7485620700191107
19,19,1,fam,0.06401985111662492,2.7485620700191173,476.6666666666667,2.7485620700191107
20,20,2,fam,0.06401985111662473,2.7485620700191205,476.6666666666667,2.7485620700191107
21,21,0,fam,0.06401985111662532,2.748562070019111,476.6666666666667,2.7485620700191107
22,22,1,fam,0.06401985111662531,2.748562070019111,476.6666666666667,2.7485620700191107
23,23,2,fam,0.06401985111662531,2.748562070019111,476.6666666666667,2.7485620700191107
24,24,0,fam,0.06401985111662531,2.748562070019111,476.6666666666667,2.7485620700191107
25,25,1,fam,0.06401985111662531,2.748562070019111,476.6666666666667,2.7485620700191107
26,26,2,fam,0.06401985111662531,2.748562070019111,476.6666666666667,2.7485620700191107
27,27,0,fam,0.06401985111662531,2.748562070019111,476.6666666666667,2.7485620700191107
28,28,1,fam,0.06401985111662531,2.748562070019111,476.6666666666667,2.7485620700191107
29,29,2,fam,0.06401985111662531,2.748562070019111,476.6666666666667,2.7485620700191107
30,30,0,fam,0.06401985111662531,2.748562070019111,476.6666666666667,2.7485620700191107
31,31,1,fam,0.06401985111662531,2.748562070019111,476.6666666666667,2.7485620700191107
32,32,2,fam,0.06401985111662531,2.748562070019111,476.6666666666667,2.7485620700191107
33,33,0,fam,0.06401985111662531,2.748562070019111,476.6666666666667,2.7485620700191107
34,34,1,fam,0.06401985111662531,2.748562070019111,476.6666666666667,2.7485620700191107
35,35,2,fam,0.06401985111662531,2.748562070019111,476.6666666666667,2.7485620700191107
36,36,0,fam,0.06401985111662531,2.748562070019111,476.6666666666667,2.7485620700191107
37,37,1,fam,0.06401985111662531,2.748562070019111,476.6666666666667,2.7485620700191107
38,38,2,fam,0.06401985111662531,2.748562070019111,476.6666666666667,2.7485620700191107
39,39,0,fam,0.06401985111662531,2.748562070019111,476.6666666666667,2.7485620700191107
40,40,1,fam,0.06401985111662531,2.748562070019111,476.6666666666667,2.7485620700191107
41,41,2,fam,0.06401985111662531,2.748562070019111,476.6666666666667,2.7485620700191107
42,42,0,fam,0.06401985111662531,2.748562070019111,476.6666666666667,2.7485620700191107
43,43,1,fam,0.06401985111662531,2.748562070019111,476.6666666666667,2.7485620700191107
44,44,2,fam,0.06401985111662531,2.748562070019111,476.6666666666667,2.7485620700191107
45,45,0,fam,0.06401985111662531,2.748562070019111,476.6666666666667,2.7485620700191107
46,46,1,fam,0.06401985111662531,2.748562070019111,476.6666666666667,2.7485620700191107
47,47,2,fam,0.06401985111662531,2.748562070019111,476.6666666666667,2.7485620700191107
48,48,0,fam,0.06401985111662531,2.748562070019111,476.6666666666667,2.7485620700191107
49,49,1,fam,0.06401985111662531,2.748562070019111,476.6666666666667,2.7485620700191107
50,50,2,fam,0.06401985111662531,2.748562070019111,476.6666666666667,2.7485620700191107
51,51,0,fam,0.06401985111662531,2.748562070019111,476.6666666666667,2.7485620700191107
52,52,1,fam,0.06401985111662531,2.748562070019111,476.6666666666667,2.7485620700191107
53,53,2,fam,0.06401985111662531,2.748562070019111,476.6666666666667,2.7485620700191107
54,54,0,fam,0.06401985111662531,2.748562070019111,476.6666666666667,2.7485620700191107
55,55,1,fam,0.06401985111662531,2.748562070019111,476.6666666666667,2.7485620700191107
56,56,2,fam,0.06401985111662531,2.748562070019111,476.6666666666667,2.7485620700191107
57,57,0,fam,0.06401985111662531,2.748562070019111,476.6666666666667,2.7485620700191107
58,58,1,fam,0.06401985111662531,2.748562070019111,476.6666666666667,2.7485620700191107
59,59,2,fam,0.06401985111662531,2.748562070019111,476.6666666666667,2.7485620700191107
60,60,0,fam,0.06401985111662531,2.748562070019111,476.6666666666667,2.7485620700191107
61,61,1,fam,0.06401985111662531,2.748562070019111,476.6666666666667,2.7485620700191107
62,62,2,fam,0.06401985111662531,2.748562070019111,476.6666666666667,2.7485620700191107
63,63,0,fam,0.06401985111662531,2.748562070019111,476.6666666666667,2.7485620700191107
64,64,1,fam,0.06401985111662531,2.748562070019111,476.6666666666667,2.7485620700191107
65,65,2,fam,0.06401985111662531,2.748562070019111,476.6666666666667,2.7485620700191107
66,66,3,recov,0.06153846153846154,2.7880929087757464,476.6666666666667,2.7485620700191107
67,67,4,recov,0.06153846153846154,2.7880929087757464,476.6666666666667,2.7485620700191107
68,68,5,recov,0.06153846153846154,2.7880929087757464,476.6666666666667,2.7485620700191107
69,69,3,recov,0.064,2.7488721956224653,476.6666666666667,2.7485620700191107
70,70,4,recov,0.064,2.7488721956224653,476.6666666666667,2.7485620700191107
71,71,5,recov,0.064,2.7488721956224653,476.6666666666667,2.7485620700191107
72,72,3,recov,0.0640196923076923,2.748564550642343,476.6666666666667,2.7485620700191107
73,73,4,recov,0.0640196923076923,2.748564550642343,476.6666666666667,2.7485620700191107
74,74,5,recov,0.0640196923076923,2.748564550642343,476.6666666666667,2.7485620700191107
75,75,3,recov,0.06401984984615385,2.748562089864073,476.6666666666667,2.7485620700191107
76,76,4,recov,0.06401984984615385,2.748562089864073,476.6666666666667,2.7485620700191107
77,77,5,recov,0.06401984984615385,2.748562089864073,476.6666666666667,2.7485620700191107
78,78,3,recov,0.06401985110646154,2.748562070177871,476.6666666666667,2.7485620700191107
79,79,4,recov,0.06401985110646154,2.748562070177871,476.6666666666667,2.7485620700191107
80,80,5,recov,0.06401985110646154,2.748562070177871,476.6666666666667,2.7485620700191107
81,81,3,recov,0.06401985111654399,2.7485620700203817,476.6666666666667,2.7485620700191107
82,82,4,recov,0.06401985111654399,2.7485620700203817,476.6666666666667,2.7485620700191107
83,83,5,recov,0.06401985111654399,2.7485620700203817,476.6666666666667,2.7485620700191107
84,84,3,recov,0.06401985111662467,2.7485620700191213,476.6666666666667,2.7485620700191107
85,85,4,recov,0.06401985111662467,2.7485620700191213,476.6666666666667,2.7485620700191107
86,86,5,recov,0.06401985111662467,2.7485620700191213,476.6666666666667,2.7485620700191107
87,87,3,recov,0.06401985111662531,2.748562070019111,476.6666666666667,2.7485620700191107
88,88,4,recov,0.06401985111662531,2.748562070019111,476.6666666666667,2.7485620700191107
89,89,5,recov,0.06401985111662531,2.748562070019111,476.6666666666667,2.7485620700191107
90,90,3,recov,0.06401985111662531,2.748562070019111,476.6666666666667,2.7485620700191107
91,91,4,recov,0.06401985111662531,2.748562070019111,476.6666666666667,2.7485620700191107
92,92,5,recov,0.06401985111662531,2.748562070019111,476.6666666666667,2.7485620700191107
93,93,3,recov,0.06401985111662531,2.748562070019111,476.6666666666667,2.7485620700191107
94,94,4,recov,0.06401985111662531,2.748562070019111,476.6666666666667,2.7485620700191107
95,95,5,recov,0.06401985111662531,2.748562070019111,476.6666666666667,2.7485620700191107
96,96,3,recov,0.06401985111662531,2.748562070019111,476.6666666666667,2.7485620700191107
97,97,4,recov,0.06401985111662531,2.748562070019111,476.6666666666667,2.7485620700191107
98,98,5,recov,0.06401985111662531,2.748562070019111,476.6666666666667,2.7485620700191107
99,99,3,recov,0.06401985111662531,2.748562070019111,476.6666666666667,2.7485620700191107
100,100,4,recov,0.06401985111662531,2.748562070019111,476.6666666666667,2.7485620700191107
101,101,5,recov,0.06401985111662531,2.748562070019111,476.6666666666667,2.7485620700191107
102,102,3,recov,0.06401985111662531,2.748562070019111,476.6666666666667,2.7485620700191107
103,103,4,recov,0.06401985111662531,2.748562070019111,476.6666666666667,2.7485620700191107
104,104,5,recov,0.06401985111662531,2.748562070019111,476.6666666666667,2.7485620700191107
105,105,3,recov,0.06401985111662531,2.748562070019111,476.6666666666667,2.7485620700191107
106,106,4,recov,0.06401985111662531,2.748562070019111,476.6666666666667,2.7485620700191107
107,107,5,recov,0.06401985111662531,2.748562070019111,476.6666666666667,2.7485620700191107
108,108,3,recov,0.06401985111662531,2.748562070019111,476.6666666666667,2.7485620700191107
109,109,4,recov,0.06401985111662531,2.748562070019111,476.6666666666667,2.7485620700191107
110,110,5,recov,0.06401985111662531,2.748562070019111,476.6666666666667,2.7485620700191107
111,111,3,recov,0.06401985111662531,2.748562070019111,476.6666666666667,2.7485620700191107
112,112,4,recov,0.06401985111662531,2.748562070019111,476.6666666666667,2.7485620700191107
113,113,5,recov,0.06401985111662531,2.748562070019111,476.6666666666667,2.7485620700191107
114,114,3,recov,0.06401985111662531,2.748562070019111,476.6666666666667,2.7485620700191107
115,115,4,recov,0.06401985111662531,2.748562070019111,476.6666666666667,2.7485620700191107
116,116,5,recov,0.06401985111662531,2.748562070019111,476.6666666666667,2.7485620700191107
117,117,3,recov,0.06401985111662531,2.748562070019111,476.6666666666667,2.7485620700191107
118,118,4,recov,0.06401985111662531,2.748562070019111,476.6666666666667,2.7485620700191107
119,119,5,recov,0.06401985111662531,2.748562070019111,476.6666666666667,2.7485620700191107
120,120,3,recov,0.06401985111662531,2.748562070019111,476.6666666666667,2.7485620700191107
121,121,4,recov,0.06401985111662531,2.748562070019111,476.6666666666667,2.7485620700191107
122,122,5,recov,0.06401985111662531,2.748562070019111,476.6666666666667,2.7485620700191107
123,123,3,recov,0.06401985111662531,2.748562070019111,476.6666666666667,2.7485620700191107
124,124,4,recov,0.06401985111662531,2.748562070019111,476.6666666666667,2.7485620700191107
125,125,5,recov,0.06401985111662531,2.748562070019111,476.6666666666667,2.7485620700191107
126,126,3,recov,0.06401985111662531,2.748562070019111,476.6666666666667,2.7485620700191107
127,127,4,recov,0.06401985111662531,2.748562070019111,476.6666666666667,2.7485620700191107
128,128,5,recov,0.06401985111662531,2.748562070019111,476.6666666666667,2.7485620700191107
129,129,3,recov,0.06401985111662531,2.748562070019111,476.6666666666667,2.7485620700191107
130,130,4,recov,0.06401985111662531,2.748562070019111,476.6666666666667,2.7485620700191107
131,131,5,recov,0.06401985111662531,2.748562070019111,476.6666666666667,2.7485620700191107
132,132,3,recov,0.06401985111662531,2.748562070019111,476.6666666666667,2.7485620700191107
133,133,4,recov,0.06401985111662531,2.748562070019111,476.6666666666667,2.7485620700191107
134,134,5,recov,0.06401985111662531,2.748562070019111,476.6666666666667,2.7485620700191107
135,135,3,recov,0.06401985111662531,2.748562070019111,476.6666666666667,2.7485620700191107
136,136,4,recov,0.06401985111662531,2.748562070019111,476.6666666666667,2.7485620700191107
137,137,5,recov,0.06401985111662531,2.748562070019111,476.6666666666667,2.7485620700191107
138,138,3,recov,0.06401985111662531,2.748562070019111,476.6666666666667,2.7485620700191107
139,139,4,recov,0.06401985111662531,2.748562070019111,476.6666666666667,2.7485620700191107
140,140,5,recov,0.06401985111662531,2.748562070019111,476.6666666666667,2.7485620700191107
141,141,3,recov,0.06401985111662531,2.748562070019111,476.6666666666667,2.7485620700191107
142,142,4,recov,0.06401985111662531,2.748562070019111,476.6666666666667,2.7485620700191107
143,143,5,recov,0.06401985111662531,2.748562070019111,476.6666666666667,2.7485620700191107
144,144,3,recov,0.06401985111662531,2.748562070019111,476.6666666666667,2.7485620700191107
145,145,4,recov,0.06401985111662531,2.748562070019111,476.6666666666667,2.7485620700191107
146,146,5,recov,0.06401985111662531,2.748562070019111,476.6666666666667,2.7485620700191107
147,147,3,recov,0.06401985111662531,2.748562070019111,476.6666666666667,2.7485620700191107
148,148,4,recov,0.06401985111662531,2.748562070019111,476.6666666666667,2.7485620700191107
149,149,5,recov,0.06401985111662531,2.748562070019111,476.6666666666667,2.7485620700191107
150,150,3,recov,0.06401985111662531,2.748562070019111,476.6666666666667,2.7485620700191107
151,151,4,recov,0.06401985111662531,2.748562070019111,476.6666666666667,2.7485620700191107
152,152,5,recov,0.06401985111662531,2.748562070019111,476.6666666666667,2.7485620700191107
153,153,3,recov,0.06401985111662531,2.748562070019111,476.6666666666667,2.7485620700191107
154,154,4,recov,0.06401985111662531,2.748562070019111,476.6666666666667,2.7485620700191107
155,155,5,recov,0.06401985111662531,2.748562070019111,476.6666666666667,2.7485620700191107
156,156,3,recov,0.06401985111662531,2.748562070019111,476.6666666666667,2.7485620700191107
157,157,4,recov,0.06401985111662531,2.748562070019111,476.6666666666667,2.7485620700191107
158,158,5,recov,0.06401985111662531,2.748562070019111,476.6666666666667,2.7485620700191107
159,159,3,recov,0.06401985111662531,2.748562070019111,476.6666666666667,2.7485620700191107
160,160,4,recov,0.06401985111662531,2.748562070019111,476.6666666666667,2.7485620700191107
161,161,5,recov,0.06401985111662531,2.748562070019111,476.6666666666667,2.7485620700191107
162,162,3,recov,0.06401985111662531,2.748562070019111,476.6666666666667,2.7485620700191107
163,163,4,recov,0.06401985111662531,2.748562070019111,476.6666666666667,2.7485620700191107
164,164,5,recov,0.06401985111662531,2.748562070019111,476.6666666666667,2.7485620700191107
165,165,3,recov,0.06401985111662531,2.748562070019111,476.6666666666667,2.7485620700191107
166,166,4,recov,0.06401985111662531,2.748562070019111,476.6666666666667,2.7485620700191107
167,167,5,recov,0.06401985111662531,2.748562070019111,476.6666666666667,2.7485620700191107
168,168,3,recov,0.06401985111662531,2.748562070019111,476.6666666666667,2.7485620700191107
169,169,4,recov,0.06401985111662531,2.748562070019111,476.6666666666667,2.7485620700191107
170,170,5,recov,0.06401985111662531,2.748562070019111,476.6666666666667,2.7485620700191107
171,171,3,recov,0.06401985111662531,2.748562070019111,476.6666666666667,2.7485620700191107
172,172,4,recov,0.06401985111662531,2.748562070019111,476.6666666666667,2.7485620700191107
173,173,5,recov,0.06401985111662531,2.748562070019111,476.6666666666667,2.7485620700191107
174,174,3,recov,0.06401985111662531,2.748562070019111,476.6666666666667,2.7485620700191107
175,175,4,recov,0.06401985111662531,2.748562070019111,476.6666666666667,2.7485620700191107
176,176,5,recov,0.06401985111662531,2.748562070019111,476.6666666666667,2.7485620700191107
177,177,3,recov,0.06401985111662531,2.748562070019111,476.6666666666667,2.7485620700191107
178,178,4,recov,0.06401985111662531,2.748562070019111,476.6666666666667,2.7485620700191107
179,179,5,recov,0.06401985111662531,2.748562070019111,476.6666666666667,2.7485620700191107
180,180,3,recov,0.06401985111662531,2.748562070019111,476.6666666666667,2.7485620700191107
181,181,4,recov,0.06401985111662531,2.748562070019111,476.6666666666667,2.7485620700191107
182,182,5,recov,0.06401985111662531,2.748562070019111,476.6666666666667,2.7485620700191107
183,183,3,recov,0.06401985111662531,2.748562070019111,476.6666666666667,2.7485620700191107
184,184,4,recov,0.06401985111662531,2.748562070019111,476.6666666666667,2.7485620700191107
185,185,5,recov,0.06401985111662531,2.748562070019111,476.6666666666667,2.7485620700191107
186,186,3,recov,0.06401985111662531,2.748562070019111,476.6666666666667,2.7485620700191107
187,187,4,recov,0.06401985111662531,2.748562070019111,476.6666666666667,2.7485620700191107
188,188,5,recov,0.06401985111662531,2.748562070019111,476.6666666666667,2.7485620700191107
189,189,3,recov,0.06401985111662531,2.748562070019111,476.6666666666667,2.7485620700191107
190,190,4,recov,0.06401985111662531,2.748562070019111,476.6666666666667,2.7485620700191107
191,191,5,recov,0.06401985111662531,2.748562070019111,476.6666666666667,2.7485620700191107
192,192,3,recov,0.06401985111662531,2.748562070019111,476.6666666666667,2.7485620700191107
193,193,4,recov,0.06401985111662531,2.748562070019111,476.6666666666667,2.7485620700191107
194,194,5,recov,0.06401985111662531,2.748562070019111,476.6666666666667,2.7485620700191107
195,195,3,recov,0.06401985111662531,2.748562070019111,476.6666666666667,2.7485620700191107
196,196,4,recov,0.06401985111662531,2.748562070019111,476.6666666666667,2.7485620700191107
197,197,5,recov,0.06401985111662531,2.748562070019111,476.6666666666667,2.7485620700191107
198,198,3,recov,0.06401985111662531,2.748562070019111,476.6666666666667,2.7485620700191107
199,199,4,recov,0.06401985111662531,2.748562070019111,476.6666666666667,2.7485620700191107
200,200,5,recov,0.06401985111662531,2.748562070019111,476.6666666666667,2.7485620700191107
201,201,3,recov,0.06401985111662531,2.748562070019111,476.6666666666667,2.7485620700191107
202,202,4,recov,0.06401985111662531,2.748562070019111,476.6666666666667,2.7485620700191107
203,203,5,recov,0.06401985111662531,2.748562070019111,476.6666666666667,2.7485620700191107
204,204,3,recov,0.06401985111662531,2.748562070019111,476.6666666666667,2.7485620700191107
205,205,4,recov,0.06401985111662531,2.748562070019111,476.6666666666667,2.7485620700191107
206,206,5,recov,0.06401985111662531,2.748562070019111,476.6666666666667,2.7485620700191107
207,207,3,recov,0.06401985111662531,2.748562070019111,476.6666666666667,2.7485620700191107
208,208,4,recov,0.06401985111662531,2.748562070019111,476.6666666666667,2.7485620700191107
209,209,5,recov,0.06401985111662531,2.748562070019111,476.6666666666667,2.7485620700191107
210,210,3,recov,0.06401985111662531,2.748562070019111,476.6666666666667,2.7485620700191107
211,211,4,recov,0.06401985111662531,2.748562070019111,476.6666666666667,2.7485620700191107
212,212,5,recov,0.06401985111662531,2.748562070019111,476.6666666666667,2.7485620700191107
213,213,3,recov,0.06401985111662531,2.748562070019111,476.6666666666667,2.7485620700191107
214,214,4,recov,0.06401985111662531,2.748562070019111,476.6666666666667,2.7485620700191107
215,215,5,recov,0.06401985111662531,2.748562070019111,476.6666666666667,2.7485620700191107
216,216,3,recov,0.06401985111662531,2.748562070019111,476.6666666666667,2.7485620700191107
217,217,4,recov,0.06401985111662531,2.748562070019111,476.6666666666667,2.7485620700191107
218,218,5,recov,0.06401985111662531,2.748562070019111,476.6666666666667,2.7485620700191107
219,219,3,recov,0.06401985111662531,2.748562070019111,476.6666666666667,2.7485620700191107
220,220,4,recov,0.06401985111662531,2.748562070019111,476.6666666666667,2.7485620700191107
221,221,5,recov,0.06401985111662531,2.748562070019111,476.6666666666667,2.7485620700191107
222,222,3,recov,0.06401985111662531,2.748562070019111,476.6666666666667,2.7485620700191107
223,223,4,recov,0.06401985111662531,2.748562070019111,476.6666666666667,2.7485620700191107
224,224,5,recov,0.06401985111662531,2.748562070019111,476.6666666666667,2.7485620700191107
225,225,3,recov,0.06401985111662531,2.748562070019111,476.6666666666667,2.7485620700191107
226,226,4,recov,0.06401985111662531,2.748562070019111,476.6666666666667,2.7485620700191107
227,227,5,recov,0.06401985111662531,2.748562070019111,476.6666666666667,2.7485620700191107
228,228,3,recov,0.06401985111662531,2.748562070019111,476.6666666666667,2.7485620700191107
229,229,4,recov,0.06401985111662531,2.748562070019111,476.6666666666667,2.7485620700191107
230,230,5,recov,0.06401985111662531,2.748562070019111,476.6666666666667,2.7485620700191107
231,231,3,recov,0.06401985111662531,2.748562070019111,476.6666666666667,2.7485620700191107
232,232,4,recov,0.06401985111662531,2.748562070019111,476.6666666666667,2.7485620700191107
233,233,5,recov,0.06401985111662531,2.748562070019111,476.6666666666667,2.7485620700191107
234,234,3,recov,0.06401985111662531,2.748562070019111,476.6666666666667,2.7485620700191107
235,235,4,recov,0.06401985111662531,2.748562070019111,476.6666666666667,2.7485620700191107
236,236,5,recov,0.06401985111662531,2.748562070019111,476.6666666666667,2.7485620700191107
237,237,3,recov,0.06401985111662531,2.748562070019111,476.6666666666667,2.7485620700191107
238,238,4,recov,0.06401985111662531,2.748562070019111,476.6666666666667,2.7485620700191107
239,239,5,recov,0.06401985111662531,2.748562070019111,476.6666666666667,2.7485620700191107
240,240,3,recov,0.06401985111662531,2.748562070019111,476.6666666666667,2.7485620700191107
241,241,4,recov,0.06401985111662531,2.748562070019111,476.6666666666667,2.7485620700191107
242,242,5,recov,0.06401985111662531,2.748562070019111,476.6666666666667,2.7485620700191107
243,243,3,recov,0.06401985111662531,2.748562070019111,476.6666666666667,2.7485620700191107
244,244,4,recov,0.06401985111662531,2.748562070019111,476.6666666666667,2.7485620700191107
245,245,5,recov,0.06401985111662531,2.748562070019111,476.6666666666667,2.7485620700191107
246,246,3,recov,0.06401985111662531,2.748562070019111,476.6666666666667,2.7485620700191107
247,247,4,recov,0.06401985111662531,2.748562070019111,476.6666666666667,2.7485620700191107
248,248,5,recov,0.06401985111662531,2.748562070019111,476.6666666666667,2.7485620700191107
249,249,3,recov,0.06401985111662531,2.748562070019111,476.6666666666667,2.7485620700191107
250,250,4,recov,0.06401985111662531,2.748562070019111,476.6666666666667,2.7485620700191107
251,251,5,recov,0.06401985111662531,2.748562070019111,476.6666666666667,2.7485620700191107
252,252,3,recov,0.06401985111662531,2.748562070019111,476.6666666666667,2.7485620700191107
253,253,4,recov,0.06401985111662531,2.748562070019111,476.6666666666667,2.7485620700191107
254,254,5,recov,0.06401985111662531,2.748562070019111,476.6666666666667,2.7485620700191107
255,255,3,recov,0.06401985111662531,2.748562070019111,476.6666666666667,2.7485620700191107
256,256,4,recov,0.06401985111662531,2.748562070019111,476.6666666666667,2.7485620700191107
257,257,5,recov,0.06401985111662531,2.748562070019111,476.6666666666667,2.7485620700191107
258,258,3,recov,0.06401985111662531,2.748562070019111,476.6666666666667,2.7485620700191107
259,259,4,recov,0.06401985111662531,2.748562070019111,476.6666666666667,2.7485620700191107
260,260,5,recov,0.06401985111662531,2.748562070019111,476.6666666666667,2.7485620700191107
261,261,3,recov,0.06401985111662531,2.748562070019111,476.6666666666667,2.7485620700191107
262,262,4,recov,0.06401985111662531,2.748562070019111,476.6666666666667,2.7485620700191107
263,263,5,recov,0.06401985111662531,2.748562070019111,476.6666666666667,2.7485620700191107
264,264,3,recov,0.06401985111662531,2.748562070019111,476.6666666666667,2.7485620700191107
265,265,4,recov,0.06401985111662531,2.748562070019111,476.6666666666667,2.7485620700191107
266,266,5,recov,0.06401985111662531,2.748562070019111,476.6666666666667,2.7485620700191107
267,267,3,recov,0.06401985111662531,2.748562070019111,476.6666666666667,2.7485620700191107
268,268,4,recov,0.06401985111662531,2.748562070019111,476.6666666666667,2.7485620700191107
269,269,5,recov,0.06401985111662531,2.748562070019111,476.6666666666667,2.7485620700191107
270,270,3,recov,0.06401985111662531,2.748562070019111,476.6666666666667,2.7485620700191107
271,271,4,recov,0.06401985111662531,2.748562070019111,476.6666666666667,2.7485620700191107
272,272,5,recov,0.06401985111662531,2.748562070019111,476.6666666666667,2.7485620700191107
273,273,3,recov,0.06401985111662531,2.748562070019111,476.6666666666667,2.7485620700191107
274,274,4,recov,0.06401985111662531,2.748562070019111,476.6666666666667,2.7485620700191107
275,275,5,recov,0.06401985111662531,2.748562070019111,476.6666666666667,2.7485620700191107
276,276,3,recov,0.06401985111662531,2.748562070019111,476.6666666666667,2.7485620700191107
277,277,4,recov,0.06401985111662531,2.748562070019111,476.6666666666667,2.7485620700191107
278,278,5,recov,0.06401985111662531,2.748562070019111,476.6666666666667,2.7485620700191107
279,279,3,recov,0.06401985111662531,2.748562070019111,476.6666666666667,2.7485620700191107
280,280,4,recov,0.06401985111662531,2.748562070019111,476.6666666666667,2.7485620700191107
281,281,5,recov,0.06401985111662531,2.748562070019111,476.6666666666667,2.7485620700191107
282,282,3,recov,0.06401985111662531,2.748562070019111,476.6666666666667,2.7485620700191107
283,283,4,recov,0.06401985111662531,2.748562070019111,476.6666666666667,2.7485620700191107
284,284,5,recov,0.06401985111662531,2.748562070019111,476.6666666666667,2.7485620700191107
285,285,3,recov,0.06401985111662531,2.748562070019111,476.6666666666667,2.7485620700191107
286,286,4,recov,0.06401985111662531,2.748562070019111,476.6666666666667,2.7485620700191107
287,287,5,recov,0.06401985111662531,2.748562070019111,476.6666666666667,2.7485620700191107
288,288,3,recov,0.06401985111662531,2.748562070019111,476.6666666666667,2.7485620700191107
289,289,4,recov,0.06401985111662531,2.748562070019111,476.6666666666667,2.7485620700191107
290,290,5,recov,0.06401985111662531,2.748562070019111,476.6666666666667,2.7485620700191107
291,291,3,recov,0.06401985111662531,2.748562070019111,476.6666666666667,2.7485620700191107
292,292,4,recov,0.06401985111662531,2.748562070019111,476.6666666666667,2.7485620700191107
293,293,5,recov,0.06401985111662531,2.748562070019111,476.6666666666667,2.7485620700191107
294,294,3,recov,0.06401985111662531,2.748562070019111,476.6666666666667,2.7485620700191107
295,295,4,recov,0.06401985111662531,2.748562070019111,476.6666666666667,2.7485620700191107
296,296,5,recov,0.06401985111662531,2.748562070019111,476.6666666666667,2.7485620700191107
297,297,3,recov,0.06401985111662531,2.748562070019111,476.6666666666667,2.7485620700191107
298,298,4,recov,0.06401985111662531,2.748562070019111,476.6666666666667,2.7485620700191107
299,299,5,recov,0.06401985111662531,2.748562070019111,476.6666666666667,2.7485620700191107
300,300,3,recov,0.06401985111662531,2.748562070019111,476.6666666666667,2.7485620700191107
301,301,4,recov,0.06401985111662531,2.748562070019111,476.6666666666667,2.7485620700191107
302,302,5,recov,0.06401985111662531,2.748562070019111,476.6666666666667,2.7485620700191107
303,303,3,recov,0.06401985111662531,2.748562070019111,476.6666666666667,2.7485620700191107
304,304,4,recov,0.06401985111662531,2.748562070019111,476.6666666666667,2.7485620700191107
305,305,5,recov,0.06401985111662531,2.748562070019111,476.6666666666667,2.7485620700191107
306,306,3,recov,0.06401985111662531,2.748562070019111,476.6666666666667,2.7485620700191107
307,307,4,recov,0.06401985111662531,2.748562070019111,476.6666666666667,2.7485620700191107
308,308,5,recov,0.06401985111662531,2.748562070019111,476.6666666666667,2.7485620700191107
309,309,3,recov,0.06401985111662531,2.748562070019111,476.6666666666667,2.7485620700191107
310,310,4,recov,0.06401985111662531,2.748562070019111,476.6666666666667,2.7485620700191107
311,311,5,recov,0.06401985111662531,2.748562070019111,476.6666666666667,2.7485620700191107
312,312,3,recov,0.06401985111662531,2.748562070019111,476.6666666666667,2.7485620700191107
313,313,4,recov,0.06401985111662531,2.748562070019111,476.6666666666667,2.7485620700191107
314,314,5,recov,0.06401985111662531,2.748562070019111,476.6666666666667,2.7485620700191107
315,315,3,recov,0.06401985111662531,2.748562070019111,476.6666666666667,2.7485620700191107
316,316,4,recov,0.06401985111662531,2.748562070019111,476.6666666666667,2.7485620700191107
317,317,5,recov,0.06401985111662531,2.748562070019111,476.6666666666667,2.7485620700191107
318,318,3,recov,0.06401985111662531,2.748562070019111,476.6666666666667,2.7485620700191107
319,319,4,recov,0.06401985111662531,2.748562070019111,476.6666666666667,2.7485620700191107
320,320,5,recov,0.06401985111662531,2.748562070019111,476.6666666666667,2.7485620700191107
321,321,3,recov,0.06401985111662531,2.748562070019111,476.6666666666667,2.7485620700191107
322,322,4,recov,0.06401985111662531,2.748562070019111,476.6666666666667,2.7485620700191107
323,323,5,recov,0.06401985111662531,2.748562070019111,476.6666666666667,2.7485620700191107
324,324,3,recov,0.06401985111662531,2.748562070019111,476.6666666666667,2.7485620700191107
325,325,4,recov,0.06401985111662531,2.748562070019111,476.6666666666667,2.7485620700191107
326,326,5,recov,0.06401985111662531,2.748562070019111,476.6666666666667,2.7485620700191107
327,327,3,recov,0.06401985111662531,2.748562070019111,476.6666666666667,2.7485620700191107
328,328,4,recov,0.06401985111662531,2.748562070019111,476.6666666666667,2.7485620700191107
329,329,5,recov,0.06401985111662531,2.748562070019111,476.6666666666667,2.7485620700191107
330,330,3,recov,0.06401985111662531,2.748562070019111,476.6666666666667,2.7485620700191107
331,331,4,recov,0.06401985111662531,2.748562070019111,476.6666666666667,2.7485620700191107
332,332,5,recov,0.06401985111662531,2.748562070019111,476.6666666666667,2.7485620700191107
333,333,3,recov,0.06401985111662531,2.748562070019111,476.6666666666667,2.7485620700191107
334,334,4,recov,0.06401985111662531,2.748562070019111,476.6666666666667,2.7485620700191107
335,335,5,recov,0.06401985111662531,2.748562070019111,476.6666666666667,2.7485620700191107
336,336,3,recov,0.06401985111662531,2.748562070019111,476.6666666666667,2.7485620700191107
337,337,4,recov,0.06401985111662531,2.748562070019111,476.6666666666667,2.7485620700191107
338,338,5,recov,0.06401985111662531,2.748562070019111,476.6666666666667,2.7485620700191107
339,339,3,recov,0.06401985111662531,2.748562070019111,476.6666666666667,2.7485620700191107
340,340,4,recov,0.06401985111662531,2.748562070019111,476.6666666666667,2.7485620700191107
341,341,5,recov,0.06401985111662531,2.748562070019111,476.6666666666667,2.7485620700191107
342,342,3,recov,0.06401985111662531,2.748562070019111,476.6666666666667,2.7485620700191107
343,343,4,recov,0.06401985111662531,2.748562070019111,476.6666666666667,2.7485620700191107
344,344,5,recov,0.06401985111662531,2.748562070019111,476.6666666666667,2.7485620700191107
345,345,3,recov,0.06401985111662531,2.748562070019111,476.6666666666667,2.7485620700191107
346,346,4,recov,0.06401985111662531,2.748562070019111,476.6666666666667,2.7485620700191107
347,347,5,recov,0.06401985111662531,2.748562070019111,476.6666666666667,2.7485620700191107
348,348,3,recov,0.06401985111662531,2.748562070019111,476.6666666666667,2.7485620700191107
349,349,4,recov,0.06401985111662531,2.748562070019111,476.6666666666667,2.7485620700191107
350,350,5,recov,0.06401985111662531,2.748562070019111,476.6666666666667,2.7485620700191107
351,351,3,recov,0.06401985111662531,2.748562070019111,476.6666666666667,2.7485620700191107
352,352,4,recov,0.06401985111662531,2.748562070019111,476.6666666666667,2.7485620700191107
353,353,5,recov,0.06401985111662531,2.748562070019111,476.6666666666667,2.7485620700191107
354,354,3,recov,0.06401985111662531,2.748562070019111,476.6666666666667,2.7485620700191107
355,355,4,recov,0.06401985111662531,2.748562070019111,476.6666666666667,2.7485620700191107
356,356,5,recov,0.06401985111662531,2.748562070019111,476.6666666666667,2.7485620700191107
357,357,3,recov,0.06401985111662531,2.748562070019111,476.6666666666667,2.7485620700191107
358,358,4,recov,0.06401985111662531,2.748562070019111,476.6666666666667,2.7485620700191107
359,359,5,recov,0.06401985111662531,2.748562070019111,476.6666666666667,2.7485620700191107
360,360,3,recov,0.06401985111662531,2.748562070019111,476.6666666666667,2.7485620700191107
361,361,4,recov,0.06401985111662531,2.748562070019111,476.6666666666667,2.7485620700191107
362,362,5,recov,0.06401985111662531,2.748562070019111,476.6666666666667,2.7485620700191107
363,363,3,recov,0.06401985111662531,2.748562070019111,476.6666666666667,2.7485620700191107
364,364,4,recov,0.06401985111662531,2.748562070019111,476.6666666666667,2.7485620700191107
365,365,5,recov,0.06401985111662531,2.748562070019111,476.6666666666667,2.7485620700191107
366,366,3,recov,0.06401985111662531,2.748562070019111,476.6666666666667,2.7485620700191107
367,367,4,recov,0.06401985111662531,2.748562070019111,476.6666666666667,2.7485620700191107
368,368,5,recov,0.06401985111662531,2.748562070019111,476.6666666666667,2.7485620700191107
369,369,3,recov,0.06401985111662531,2.748562070019111,476.6666666666667,2.7485620700191107
370,370,4,recov,0.06401985111662531,2.748562070019111,476.6666666666667,2.7485620700191107
371,371,5,recov,0.06401985111662531,2.748562070019111,476.6666666666667,2.7485620700191107
372,372,3,recov,0.06401985111662531,2.748562070019111,476.6666666666667,2.7485620700191107
373,373,4,recov,0.06401985111662531,2.748562070019111,476.6666666666667,2.7485620700191107
374,374,5,recov,0.06401985111662531,2.748562070019111,476.6666666666667,2.7485620700191107
375,375,3,recov,0.06401985111662531,2.748562070019111,476.6666666666667,2.7485620700191107
376,376,4,recov,0.06401985111662531,2.748562070019111,476.6666666666667,2.7485620700191107
377,377,5,recov,0.06401985111662531,2.748562070019111,476.6666666666667,2.7485620700191107
378,378,3,recov,0.06401985111662531,2.748562070019111,476.6666666666667,2.7485620700191107
379,379,4,recov,0.06401985111662531,2.748562070019111,476.6666666666667,2.7485620700191107
380,380,5,recov,0.06401985111662531,2.748562070019111,476.6666666666667,2.7485620700191107
381,381,3,recov,0.06401985111662531,2.748562070019111,476.6666666666667,2.7485620700191107
382,382,4,recov,0.06401985111662531,2.748562070019111,476.6666666666667,2.7485620700191107
383,383,5,recov,0.06401985111662531,2.748562070019111,476.6666666666667,2.7485620700191107
384,384,3,recov,0.06401985111662531,2.748562070019111,476.6666666666667,2.7485620700191107
385,385,4,recov,0.06401985111662531,2.748562070019111,476.6666666666667,2.7485620700191107
386,386,5,recov,0.06401985111662531,2.748562070019111,476.6666666666667,2.7485620700191107
387,387,3,recov,0.06401985111662531,2.748562070019111,476.6666666666667,2.7485620700191107
388,388,4,recov,0.06401985111662531,2.748562070019111,476.6666666666667,2.7485620700191107
389,389,5,recov,0.06401985111662531,2.748562070019111,476.6666666666667,2.7485620700191107
390,390,3,recov,0.06401985111662531,2.748562070019111,476.6666666666667,2.7485620700191107
391,391,4,recov,0.06401985111662531,2.748562070019111,476.6666666666667,2.7485620700191107
392,392,5,recov,0.06401985111662531,2.748562070019111,476.6666666666667,2.7485620700191107
393,393,3,recov,0.06401985111662531,2.748562070019111,476.6666666666667,2.7485620700191107
394,394,4,recov,0.06401985111662531,2.748562070019111,476.6666666666667,2.7485620700191107
395,395,5,recov,0.06401985111662531,2.748562070019111,476.6666666666667,2.7485620700191107
396,396,3,recov,0.06401985111662531,2.748562070019111,476.6666666666667,2.7485620700191107
397,397,4,recov,0.06401985111662531,2.748562070019111,476.6666666666667,2.7485620700191107
398,398,5,recov,0.06401985111662531,2.748562070019111,476.6666666666667,2.7485620700191107
399,399,3,recov,0.06401985111662531,2.748562070019111,476.6666666666667,2.7485620700191107
400,400,4,recov,0.06401985111662531,2.748562070019111,476.6666666666667,2.7485620700191107
401,401,5,recov,0.06401985111662531,2.748562070019111,476.6666666666667,2.7485620700191107
402,402,3,recov,0.06401985111662531,2.748562070019111,476.6666666666667,2.7485620700191107
403,403,4,recov,0.06401985111662531,2.748562070019111,476.6666666666667,2.7485620700191107
404,404,5,recov,0.06401985111662531,2.748562070019111,476.6666666666667,2.7485620700191107
405,405,3,recov,0.06401985111662531,2.748562070019111,476.6666666666667,2.7485620700191107
406,406,4,recov,0.06401985111662531,2.748562070019111,476.6666666666667,2.7485620700191107
407,407,5,recov,0.06401985111662531,2.748562070019111,476.6666666666667,2.7485620700191107
408,408,3,recov,0.06401985111662531,2.748562070019111,476.6666666666667,2.7485620700191107
409,409,4,recov,0.06401985111662531,2.748562070019111,476.6666666666667,2.7485620700191107
410,410,5,recov,0.06401985111662531,2.748562070019111,476.6666666666667,2.7485620700191107
411,411,3,recov,0.06401985111662531,2.748562070019111,476.6666666666667,2.7485620700191107
412,412,4,recov,0.06401985111662531,2.748562070019111,476.6666666666667,2.7485620700191107
413,413,5,recov,0.06401985111662531,2.748562070019111,476.6666666666667,2.7485620700191107
414,414,3,recov,0.06401985111662531,2.748562070019111,476.6666666666667,2.7485620700191107
415,415,4,recov,0.06401985111662531,2.748562070019111,476.6666666666667,2.7485620700191107
416,416,5,recov,0.06401985111662531,2.748562070019111,476.6666666666667,2.7485620700191107
417,417,3,recov,0.06401985111662531,2.748562070019111,476.6666666666667,2.7485620700191107
418,418,4,recov,0.06401985111662531,2.748562070019111,476.6666666666667,2.7485620700191107
419,419,5,recov,0.06401985111662531,2.748562070019111,476.6666666666667,2.7485620700191107
420,420,3,recov,0.06401985111662531,2.748562070019111,476.6666666666667,2.7485620700191107
421,421,4,recov,0.06401985111662531,2.748562070019111,476.6666666666667,2.7485620700191107
422,422,5,recov,0.06401985111662531,2.748562070019111,476.6666666666667,2.7485620700191107
423,423,3,recov,0.06401985111662531,2.748562070019111,476.6666666666667,2.7485620700191107
424,424,4,recov,0.06401985111662531,2.748562070019111,476.6666666666667,2.7485620700191107
425,425,5,recov,0.06401985111662531,2.748562070019111,476.6666666666667,2.7485620700191107
426,426,3,recov,0.06401985111662531,2.748562070019111,476.6666666666667,2.7485620700191107
427,427,4,recov,0.06401985111662531,2.748562070019111,476.6666666666667,2.7485620700191107
428,428,5,recov,0.06401985111662531,2.748562070019111,476.6666666666667,2.7485620700191107
429,429,3,recov,0.06401985111662531,2.748562070019111,476.6666666666667,2.7485620700191107
430,430,4,recov,0.06401985111662531,2.748562070019111,476.6666666666667,2.7485620700191107
431,431,5,recov,0.06401985111662531,2.748562070019111,476.6666666666667,2.7485620700191107
432,432,3,recov,0.06401985111662531,2.748562070019111,476.6666666666667,2.7485620700191107
433,433,4,recov,0.06401985111662531,2.748562070019111,476.6666666666667,2.7485620700191107
434,434,5,recov,0.06401985111662531,2.748562070019111,476.6666666666667,2.7485620700191107
435,435,3,recov,0.06401985111662531,2.748562070019111,476.6666666666667,2.7485620700191107
436,436,4,recov,0.06401985111662531,2.748562070019111,476.6666666666667,2.7485620700191107
437,437,5,recov,0.06401985111662531,2.748562070019111,476.6666666666667,2.7485620700191107
438,438,3,recov,0.06401985111662531,2.748562070019111,476.6666666666667,2.7485620700191107
439,439,4,recov,0.06401985111662531,2.748562070019111,476.6666666666667,2.7485620700191107
440,440,5,recov,0.06401985111662531,2.748562070019111,476.6666666666667,2.7485620700191107
441,441,3,recov,0.06401985111662531,2.748562070019111,476.6666666666667,2.7485620700191107
442,442,4,recov,0.06401985111662531,2.748562070019111,476.6666666666667,2.7485620700191107
443,443,5,recov,0.06401985111662531,2.748562070019111,476.6666666666667,2.7485620700191107
444,444,3,recov,0.06401985111662531,2.748562070019111,476.6666666666667,2.7485620700191107
445,445,4,recov,0.06401985111662531,2.748562070019111,476.6666666666667,2.7485620700191107
446,446,5,recov,0.06401985111662531,2.748562070019111,476.6666666666667,2.7485620700191107
447,447,3,recov,0.06401985111662531,2.748562070019111,476.6666666666667,2.7485620700191107
448,448,4,recov,0.06401985111662531,2.748562070019111,476.6666666666667,2.7485620700191107
449,449,5,recov,0.06401985111662531,2.748562070019111,476.6666666666667,2.7485620700191107
450,450,3,recov,0.06401985111662531,2.748562070019111,476.6666666666667,2.7485620700191107
451,451,4,recov,0.06401985111662531,2.748562070019111,476.6666666666667,2.7485620700191107
452,452,5,recov,0.06401985111662531,2.748562070019111,476.6666666666667,2.7485620700191107
453,453,3,recov,0.06401985111662531,2.748562070019111,476.6666666666667,2.7485620700191107
454,454,4,recov,0.06401985111662531,2.748562070019111,476.6666666666667,2.7485620700191107
455,455,5,recov,0.06401985111662531,2.748562070019111,476.6666666666667,2.7485620700191107
456,456,3,recov,0.06401985111662531,2.748562070019111,476.6666666666667,2.7485620700191107
457,457,4,recov,0.06401985111662531,2.748562070019111,476.6666666666667,2.7485620700191107
458,458,5,recov,0.06401985111662531,2.748562070019111,476.6666666666667,2.7485620700191107
459,459,3,recov,0.06401985111662531,2.748562070019111,476.6666666666667,2.7485620700191107
460,460,4,recov,0.06401985111662531,2.748562070019111,476.6666666666667,2.7485620700191107
461,461,5,recov,0.06401985111662531,2.748562070019111,476.6666666666667,2.7485620700191107
462,462,3,recov,0.06401985111662531,2.748562070019111,476.6666666666667,2.7485620700191107
463,463,4,recov,0.06401985111662531,2.748562070019111,476.6666666666667,2.7485620700191107
464,464,5,recov,0.06401985111662531,2.748562070019111,476.6666666666667,2.7485620700191107
465,465,3,recov,0.06401985111662531,2.748562070019111,476.6666666666667,2.7485620700191107
466,466,4,recov,0.06401985111662531,2.748562070019111,476.6666666666667,2.7485620700191107
467,467,5,recov,0.06401985111662531,2.748562070019111,476.6666666666667,2.7485620700191107
468,468,3,recov,0.06401985111662531,2.748562070019111,476.6666666666667,2.7485620700191107
469,469,4,recov,0.06401985111662531,2.748562070019111,476.6666666666667,2.7485620700191107
470,470,5,recov,0.06401985111662531,2.748562070019111,476.6666666666667,2.7485620700191107
471,471,3,recov,0.06401985111662531,2.748562070019111,476.6666666666667,2.7485620700191107
472,472,4,recov,0.06401985111662531,2.748562070019111,476.6666666666667,2.7485620700191107
473,473,5,recov,0.06401985111662531,2.748562070019111,476.6666666666667,2.7485620700191107
474,474,3,recov,0.06401985111662531,2.748562070019111,476.6666666666667,2.7485620700191107
475,475,4,recov,0.06401985111662531,2.748562070019111,476.6666666666667,2.7485620700191107
476,476,5,recov,0.06401985111662531,2.748562070019111,476.6666666666667,2.7485620700191107
477,477,3,recov,0.06401985111662531,2.748562070019111,476.6666666666667,2.7485620700191107
478,478,4,recov,0.06401985111662531,2.748562070019111,476.6666666666667,2.7485620700191107
479,479,5,recov,0.06401985111662531,2.748562070019111,476.6666666666667,2.7485620700191107
480,480,3,recov,0.06401985111662531,2.748562070019111,476.6666666666667,2.7485620700191107
481,481,4,recov,0.06401985111662531,2.748562070019111,476.6666666666667,2.7485620700191107
482,482,5,recov,0.06401985111662531,2.748562070019111,476.6666666666667,2.7485620700191107
483,483,3,recov,0.06401985111662531,2.748562070019111,476.6666666666667,2.7485620700191107
484,484,4,recov,0.06401985111662531,2.748562070019111,476.6666666666667,2.7485620700191107
485,485,5,recov,0.06401985111662531,2.748562070019111,476.6666666666667,2.7485620700191107
486,486,3,recov,0.06401985111662531,2.748562070019111,476.6666666666667,2.7485620700191107
487,487,4,recov,0.06401985111662531,2.748562070019111,476.6666666666667,2.7485620700191107
488,488,5,recov,0.06401985111662531,2.748562070019111,476.6666666666667,2.7485620700191107
489,489,3,recov,0.06401985111662531,2.748562070019111,476.6666666666667,2.7485620700191107
490,490,4,recov,0.06401985111662531,2.748562070019111,476.6666666666667,2.7485620700191107
491,491,5,recov,0.06401985111662531,2.748562070019111,476.6666666666667,2.7485620700191107
492,492,3,recov,0.06401985111662531,2.748562070019111,476.6666666666667,2.7485620700191107
493,493,4,recov,0.06401985111662531,2.748562070019111,476.6666666666667,2.7485620700191107
494,494,5,recov,0.06401985111662531,2.748562070019111,476.6666666666667,2.7485620700191107
495,495,3,recov,0.06401985111662531,2.748562070019111,476.6666666666667,2.7485620700191107
496,496,4,recov,0.06401985111662531,2.748562070019111,476.6666666666667,2.7485620700191107
497,497,5,recov,0.06401985111662531,2.748562070019111,476.6666666666667,2.7485620700191107
498,498,3,recov,0.06401985111662531,2.748562070019111,476.6666666666667,2.7485620700191107
499,499,4,recov,0.06401985111662531,2.748562070019111,476.6666666666667,2.7485620700191107
500,500,5,recov,0.06401985111662531,2.748562070019111,476.6666666666667,2.7485620700191107
501,501,3,recov,0.06401985111662531,2.748562070019111,476.6666666666667,2.7485620700191107
502,502,4,recov,0.06401985111662531,2.748562070019111,476.6666666666667,2.7485620700191107
503,503,5,recov,0.06401985111662531,2.748562070019111,476.6666666666667,2.7485620700191107
504,504,3,recov,0.06401985111662531,2.748562070019111,476.6666666666667,2.7485620700191107
505,505,4,recov,0.06401985111662531,2.748562070019111,476.6666666666667,2.7485620700191107
506,506,5,recov,0.06401985111662531,2.748562070019111,476.6666666666667,2.7485620700191107
507,507,3,recov,0.06401985111662531,2.748562070019111,476.6666666666667,2.7485620700191107
508,508,4,recov,0.06401985111662531,2.748562070019111,476.6666666666667,2.7485620700191107
509,509,5,recov,0.06401985111662531,2.748562070019111,476.6666666666667,2.7485620700191107
510,510,3,recov,0.06401985111662531,2.748562070019111,476.6666666666667,2.7485620700191107
511,511,4,recov,0.06401985111662531,2.748562070019111,476.6666666666667,2.7485620700191107
512,512,5,recov,0.06401985111662531,2.748562070019111,476.6666666666667,2.7485620700191107
513,513,3,recov,0.06401985111662531,2.748562070019111,476.6666666666667,2.7485620700191107
514,514,4,recov,0.06401985111662531,2.748562070019111,476.6666666666667,2.7485620700191107
515,515,5,recov,0.06401985111662531,2.748562070019111,476.6666666666667,2.7485620700191107
516,516,3,recov,0.06401985111662531,2.748562070019111,476.6666666666667,2.7485620700191107
517,517,4,recov,0.06401985111662531,2.748562070019111,476.6666666666667,2.7485620700191107
518,518,5,recov,0.06401985111662531,2.748562070019111,476.6666666666667,2.7485620700191107
519,519,3,recov,0.06401985111662531,2.748562070019111,476.6666666666667,2.7485620700191107
520,520,4,recov,0.06401985111662531,2.748562070019111,476.6666666666667,2.7485620700191107
521,521,5,recov,0.06401985111662531,2.748562070019111,476.6666666666667,2.7485620700191107
522,522,3,recov,0.06401985111662531,2.748562070019111,476.6666666666667,2.7485620700191107
523,523,4,recov,0.06401985111662531,2.748562070019111,476.6666666666667,2.7485620700191107
524,524,5,recov,0.06401985111662531,2.748562070019111,476.6666666666667,2.7485620700191107
525,525,3,recov,0.06401985111662531,2.748562070019111,476.6666666666667,2.7485620700191107
526,526,4,recov,0.06401985111662531,2.748562070019111,476.6666666666667,2.7485620700191107
527,527,5,recov,0.06401985111662531,2.748562070019111,476.6666666666667,2.7485620700191107
528,528,3,recov,0.06401985111662531,2.748562070019111,476.6666666666667,2.7485620700191107
529,529,4,recov,0.06401985111662531,2.748562070019111,476.6666666666667,2.7485620700191107
530,530,5,recov,0.06401985111662531,2.748562070019111,476.6666666666667,2.7485620700191107
531,531,3,recov,0.06401985111662531,2.748562070019111,476.6666666666667,2.7485620700191107
532,532,4,recov,0.06401985111662531,2.748562070019111,476.6666666666667,2.7485620700191107
533,533,5,recov,0.06401985111662531,2.748562070019111,476.6666666666667,2.7485620700191107
534,534,3,recov,0.06401985111662531,2.748562070019111,476.6666666666667,2.7485620700191107
535,535,4,recov,0.06401985111662531,2.748562070019111,476.6666666666667,2.7485620700191107
536,536,5,recov,0.06401985111662531,2.748562070019111,476.6666666666667,2.7485620700191107
537,537,3,recov,0.06401985111662531,2.748562070019111,476.6666666666667,2.7485620700191107
538,538,4,recov,0.06401985111662531,2.748562070019111,476.6666666666667,2.7485620700191107
539,539,5,recov,0.06401985111662531,2.748562070019111,476.6666666666667,2.7485620700191107
540,540,3,recov,0.06401985111662531,2.748562070019111,476.6666666666667,2.7485620700191107
541,541,4,recov,0.06401985111662531,2.748562070019111,476.6666666666667,2.7485620700191107
542,542,5,recov,0.06401985111662531,2.748562070019111,476.6666666666667,2.7485620700191107
543,543,0,fam_r,0.06153846153846154,2.7880929087757464,476.6666666666667,2.7485620700191107
544,544,1,fam_r,0.06153846153846154,2.7880929087757464,476.6666666666667,2.7485620700191107
545,545,2,fam_r,0.06153846153846154,2.7880929087757464,476.6666666666667,2.7485620700191107
546,546,0,fam_r,0.064,2.7488721956224653,476.6666666666667,2.7485620700191107
547,547,1,fam_r,0.064,2.7488721956224653,476.6666666666667,2.7485620700191107
548,548,2,fam_r,0.064,2.7488721956224653,476.6666666666667,2.7485620700191107
549,549,0,fam_r,0.0640196923076923,2.748564550642343,476.6666666666667,2.7485620700191107
550,550,1,fam_r,0.0640196923076923,2.748564550642343,476.6666666666667,2.7485620700191107
551,551,2,fam_r,0.0640196923076923,2.748564550642343,476.6666666666667,2.7485620700191107
552,552,0,fam_r,0.06401984984615385,2.748562089864073,476.6666666666667,2.7485620700191107
553,553,1,fam_r,0.06401984984615385,2.748562089864073,476.6666666666667,2.7485620700191107
554,554,2,fam_r,0.06401984984615385,2.748562089864073,476.6666666666667,2.7485620700191107
555,555,0,fam_r,0.06401985110646154,2.748562070177871,476.6666666666667,2.7485620700191107
556,556,1,fam_r,0.06401985110646154,2.748562070177871,476.6666666666667,2.7485620700191107
557,557,2,fam_r,0.06401985110646154,2.748562070177871,476.6666666666667,2.7485620700191107
