,time_step,stimulus,type,familiarity,novelty,dN,steady
0,0,0,fam,0.06666666666666667,2.70805020110221,0.0,1.7881742565751768
1,1,1,fam,0.06578947368421052,2.7212954278522306,0.0,1.7881742565751768
2,2,2,fam,0.06494349915573451,2.734237630855858,0.0,1.7881742565751768
3,3,0,fam,0.07669734936853999,2.5678881296345053,0.0,1.7881742565751768
4,4,1,fam,0.07575462090076338,2.5802558344629287,0.0,1.7881742565751768
5,5,2,fam,0.07484387396241513,2.592351015655429,0.0,1.7881742565751768
6,6,0,fam,0.08572566331877977,2.456603042911211,0.0,1.7881742565751768
7,7,1,fam,0.08473892177283428,2.4681802578104577,0.0,1.7881742565751768
8,8,2,fam,0.0837841716241019,2.4795111721019767,0.0,1.7881742565751768
9,9,0,fam,0.0938911737355197,2.365618893612701,0.0,1.7881742565751768
10,10,1,fam,0.09287687160143504,2.3764806243148495,0.0,1.7881742565751768
11,11,2,fam,0.09189407135001652,2.3871187636708346,0.0,1.7881742565751768
12,12,0,fam,0.1013087046769609,2.2895829417355227,0.0,1.7881742565751768
13,13,1,fam,0.10027947067171897,2.2997942842089776,0.0,1.7881742565751768
14,14,2,fam,0.09928092399852657,2.309801831133461,0.0,1.7881742565751768
15,15,0,fam,0.1080735895607952,2.224942899072979,0.0,1.7881742565751768
16,16,1,fam,0.10703914075440918,2.234560709966191,0.0,1.7881742565751768
17,17,2,fam,0.10603436015476106,2.2439920849927035,0.0,1.7881742565751768
18,18,0,fam,0.11426563900413249,2.169229374513163,0.0,1.7881742565751768
19,19,1,fam,0.11323345660948662,2.178303603792927,0.0,1.7881742565751768
20,20,2,fam,0.11222980222353882,2.1872067041978953,0.0,1.7881742565751768
21,21,0,fam,0.11995217725958102,2.120662138468246,0.0,1.7881742565751768
22,22,1,fam,0.11892801283894992,2.129236903043552,0.0,1.7881742565751768
23,23,2,fam,0.11793117305543654,2.137654103881171,0.0,1.7881742565751768
24,24,0,fam,0.12519039271894172,2.0779195587321673,0.0,1.7881742565751768
25,25,1,fam,0.12417865114295366,2.0860340152162076,0.0,1.7881742565751768
26,26,2,fam,0.12319300767480604,2.0940029853797086,0.0,1.7881742565751768
27,27,0,fam,0.13002917670268616,2.039996417534076,0.0,1.7881742565751768
28,28,1,fam,0.12903320848751462,2.0476854776141447,0.0,1.7881742565751768
29,29,2,fam,0.12806211613373347,2.0552398504790994,0.0,1.7881742565751768
30,30,0,fam,0.13451057595352314,2.0061124514068402,0.0,1.7881742565751768
31,31,1,fam,0.13353290225105932,2.0134073726983828,0.0,1.7881742565751768
32,32,2,fam,0.13257890499902064,2.0205773013746637,0.0,1.7881742565751768
33,33,0,fam,0.1386709503101507,1.9756514162063803,0.0,1.7881742565751768
34,34,1,fam,0.13771343735582375,1.9825802937251675,0.0,1.7881742565751768
35,35,2,fam,0.13677843652610505,1.989392913951394,0.0,1.7881742565751768
36,36,0,fam,0.1425419030910093,1.94811926572064,0.0,1.7881742565751768
37,37,1,fam,0.14160589837764895,1.9547074433806866,0.0,1.7881742565751768
38,38,2,fam,0.14069128432119432,1.9611872619034691,0.0,1.7881742565751768
39,39,0,fam,0.1461510346002648,1.923114708419731,0.0,1.7881742565751768
40,40,1,fam,0.14523747382687607,1.9293851256823058,0.0,1.7881742565751768
41,41,2,fam,0.1443442296961634,1.9355543480666249,0.0,1.7881742565751768
42,42,0,fam,0.14952255678211787,1.9003080160471242,0.0,1.7881742565751768
43,43,1,fam,0.14863204831544108,1.9062815016107637,0.0,1.7881742565751768
44,44,2,fam,0.14776083227775316,1.9121603104746852,0.0,1.7881742565751768
45,45,0,fam,0.15267779798503203,1.8794254736283418,0.0,1.7881742565751768
46,46,1,fam,0.15181068989537824,1.8851209955818737,0.0,1.7881742565751768
47,47,2,fam,0.15096190058817377,1.8907277879893458,0.0,1.7881742565751768
48,48,0,fam,0.1556356200934832,1.8602377725269639,0.0,1.7881742565751768
49,49,1,fam,0.15479205359833542,1.865672652488198,0.0,1.7881742565751768
50,50,2,fam,0.15396588247391602,1.871024243489814,0.0,1.7881742565751768
51,51,0,fam,0.15841276527756257,1.8425512139754194,0.0,1.7881742565751768
52,52,1,fam,0.15759271751862924,1.8477413112641496,0.0,1.7881742565751768
53,53,2,fam,0.1567891908701987,1.8528531092188034,0.0,1.7881742565751768
54,54,0,fam,0.16102414583611874,1.8262009511052872,0.0,1.7881742565751768
55,55,1,fam,0.1602274642386733,1.8311608218463409,0.0,1.7881742565751768
56,56,2,fam,0.1594464770602727,1.8360469800926829,0.0,1.7881742565751768
57,57,0,fam,0.16348308773893755,1.8110457329005822,0.0,1.7881742565751768
58,58,1,fam,0.1627095176935682,1.815788768044213,0.0,1.7881742565751768
59,59,2,fam,0.16195086104417614,1.8204623166504599,0.0,1.7881742565751768
60,60,0,fam,0.16580153627317398,1.7969637705025552,0.0,1.7881742565751768
61,61,1,fam,0.1650507434948505,1.8015023160287338,0.0,1.7881742565751768
62,62,2,fam,0.16431412667072842,1.8059752766811488,0.0,1.7881742565751768
63,63,0,fam,0.16799023049952716,1.7838494530582878,0.0,1.7881742565751768
64,64,1,fam,0.16726181912512442,1.7881949150558287,0.0,1.7881742565751768
65,65,2,fam,0.16654688766443432,1.7924784016114144,0.0,1.7881742565751768
66,66,0,fam_r,0.17005885190108272,1.771610714187567,0.0,1.7881742565751768
67,67,1,fam_r,0.16935237916098506,1.7757736510364959,0.0,1.7881742565751768
68,68,2,fam_r,0.16865872948913754,1.779877957834858,0.0,1.7881742565751768
69,69,0,fam_r,0.17201615157158337,1.7601669020914845,0.0,1.7881742565751768
70,70,1,fam_r,0.1713311396967845,1.7641571056032053,0.0,1.7881742565751768
71,71,2,fam_r,0.17065833105402087,1.7680917852838693,0.0,1.7881742565751768
72,72,0,fam_r,0.17387005947283615,1.749447043389031,0.0,1.7881742565751768
73,73,1,fam_r,0.17320600536358313,1.7532736104549942,0.0,1.7881742565751768
74,74,2,fam_r,0.1725535695262399,1.757047542742563,0.0,1.7881742565751768
75,75,0,fam_r,0.1756277786427238,1.739388417566053,0.0,1.7881742565751768
76,76,1,fam_r,0.1749841617189794,1.7430598136173738,0.0,1.7881742565751768
77,77,2,fam_r,0.17435161092401624,1.7466812663045599,0.0,1.7881742565751768
78,78,0,fam_r,0.1772958667179729,1.7299353785370912,0.0,1.7881742565751768
79,79,1,fam_r,0.1766721552888886,1.7334594939137151,0.0,1.7881742565751768
80,80,2,fam_r,0.17605898869105605,1.7369361770811986,0.0,1.7881742565751768
0,0,0,fam,0.06666666666666667,2.70805020110221,73.33333333333334,1.939072829443738
1,1,1,fam,0.06578947368421052,2.7212954278522306,73.33333333333334,1.939072829443738
2,2,2,fam,0.06494349915573451,2.734237630855858,73.33333333333334,1.939072829443738
3,3,0,fam,0.07669734936853999,2.5678881296345053,73.33333333333334,1.939072829443738
4,4,1,fam,0.07575462090076338,2.5802558344629287,73.33333333333334,1.939072829443738
5,5,2,fam,0.07484387396241513,2.592351015655429,73.33333333333334,1.939072829443738
6,6,0,fam,0.08572566331877977,2.456603042911211,73.33333333333334,1.939072829443738
7,7,1,fam,0.08473892177283428,2.4681802578104577,73.33333333333334,1.939072829443738
8,8,2,fam,0.0837841716241019,2.4795111721019767,73.33333333333334,1.939072829443738
9,9,0,fam,0.0938911737355197,2.365618893612701,73.33333333333334,1.939072829443738
10,10,1,fam,0.09287687160143504,2.3764806243148495,73.33333333333334,1.939072829443738
11,11,2,fam,0.09189407135001652,2.3871187636708346,73.33333333333334,1.939072829443738
12,12,0,fam,0.1013087046769609,2.2895829417355227,73.33333333333334,1.939072829443738
13,13,1,fam,0.10027947067171897,2.2997942842089776,73.33333333333334,1.939072829443738
14,14,2,fam,0.09928092399852657,2.309801831133461,73.33333333333334,1.939072829443738
15,15,0,fam,0.1080735895607952,2.224942899072979,73.33333333333334,1.939072829443738
16,16,1,fam,0.10703914075440918,2.234560709966191,73.33333333333334,1.939072829443738
17,17,2,fam,0.10603436015476106,2.2439920849927035,73.33333333333334,1.939072829443738
18,18,0,fam,0.11426563900413249,2.169229374513163,73.33333333333334,1.939072829443738
19,19,1,fam,0.11323345660948662,2.178303603792927,73.33333333333334,1.939072829443738
20,20,2,fam,0.11222980222353882,2.1872067041978953,73.33333333333334,1.939072829443738
21,21,0,fam,0.11995217725958102,2.120662138468246,73.33333333333334,1.939072829443738
22,22,1,fam,0.11892801283894992,2.129236903043552,73.33333333333334,1.939072829443738
23,23,2,fam,0.11793117305543654,2.137654103881171,73.33333333333334,1.939072829443738
24,24,0,fam,0.12519039271894172,2.0779195587321673,73.33333333333334,1.939072829443738
25,25,1,fam,0.12417865114295366,2.0860340152162076,73.33333333333334,1.939072829443738
26,26,2,fam,0.12319300767480604,2.0940029853797086,73.33333333333334,1.939072829443738
27,27,0,fam,0.13002917670268616,2.039996417534076,73.33333333333334,1.939072829443738
28,28,1,fam,0.12903320848751462,2.0476854776141447,73.33333333333334,1.939072829443738
29,29,2,fam,0.12806211613373347,2.0552398504790994,73.33333333333334,1.939072829443738
30,30,0,fam,0.13451057595352314,2.0061124514068402,73.33333333333334,1.939072829443738
31,31,1,fam,0.13353290225105932,2.0134073726983828,73.33333333333334,1.939072829443738
32,32,2,fam,0.13257890499902064,2.0205773013746637,73.33333333333334,1.939072829443738
33,33,0,fam,0.1386709503101507,1.9756514162063803,73.33333333333334,1.939072829443738
34,34,1,fam,0.13771343735582375,1.9825802937251675,73.33333333333334,1.939072829443738
35,35,2,fam,0.13677843652610505,1.989392913951394,73.33333333333334,1.939072829443738
36,36,0,fam,0.1425419030910093,1.94811926572064,73.33333333333334,1.939072829443738
37,37,1,fam,0.14160589837764895,1.9547074433806866,73.33333333333334,1.939072829443738
38,38,2,fam,0.14069128432119432,1.9611872619034691,73.33333333333334,1.939072829443738
39,39,0,fam,0.1461510346002648,1.923114708419731,73.33333333333334,1.939072829443738
40,40,1,fam,0.14523747382687607,1.9293851256823058,73.33333333333334,1.939072829443738
41,41,2,fam,0.1443442296961634,1.9355543480666249,73.33333333333334,1.939072829443738
42,42,0,fam,0.14952255678211787,1.9003080160471242,73.33333333333334,1.939072829443738
43,43,1,fam,0.14863204831544108,1.9062815016107637,73.33333333333334,1.939072829443738
44,44,2,fam,0.14776083227775316,1.9121603104746852,73.33333333333334,1.939072829443738
45,45,0,fam,0.15267779798503203,1.8794254736283418,73.33333333333334,1.939072829443738
46,46,1,fam,0.15181068989537824,1.8851209955818737,73.33333333333334,1.939072829443738
47,47,2,fam,0.15096190058817377,1.8907277879893458,73.33333333333334,1.939072829443738
48,48,0,fam,0.1556356200934832,1.8602377725269639,73.33333333333334,1.939072829443738
49,49,1,fam,0.15479205359833542,1.865672652488198,73.33333333333334,1.939072829443738
50,50,2,fam,0.15396588247391602,1.871024243489814,73.33333333333334,1.939072829443738
51,51,0,fam,0.15841276527756257,1.8425512139754194,73.33333333333334,1.939072829443738
52,52,1,fam,0.15759271751862924,1.8477413112641496,73.33333333333334,1.939072829443738
53,53,2,fam,0.1567891908701987,1.8528531092188034,73.33333333333334,1.939072829443738
54,54,0,fam,0.16102414583611874,1.8262009511052872,73.33333333333334,1.939072829443738
55,55,1,fam,0.1602274642386733,1.8311608218463409,73.33333333333334,1.939072829443738
56,56,2,fam,0.1594464770602727,1.8360469800926829,73.33333333333334,1.939072829443738
57,57,0,fam,0.16348308773893755,1.8110457329005822,73.33333333333334,1.939072829443738
58,58,1,fam,0.1627095176935682,1.815788768044213,73.33333333333334,1.939072829443738
59,59,2,fam,0.16195086104417614,1.8204623166504599,73.33333333333334,1.939072829443738
60,60,0,fam,0.16580153627317398,1.7969637705025552,73.33333333333334,1.939072829443738
61,61,1,fam,0.1650507434948505,1.8015023160287338,73.33333333333334,1.939072829443738
62,62,2,fam,0.16431412667072842,1.8059752766811488,73.33333333333334,1.939072829443738
63,63,0,fam,0.16799023049952716,1.7838494530582878,73.33333333333334,1.939072829443738
64,64,1,fam,0.16726181912512442,1.7881949150558287,73.33333333333334,1.939072829443738
65,65,2,fam,0.16654688766443432,1.7924784016114144,73.33333333333334,1.939072829443738
66,66,3,recov,0.0404903254486757,3.2066922112159686,73.33333333333334,1.939072829443738
67,67,4,recov,0.04032211714403649,3.2108551480648977,73.33333333333334,1.939072829443738
68,68,5,recov,0.04015696196013104,3.2149594548632594,73.33333333333334,1.939072829443738
69,69,3,recov,0.04783456351708949,3.04000681465397,73.33333333333334,1.939072829443738
70,70,4,recov,0.04764407417213173,3.043997018165691,73.33333333333334,1.939072829443738
71,71,5,recov,0.04745697832407858,3.0479316978463546,73.33333333333334,1.939072829443738
72,72,3,recov,0.05479085191222896,2.9042320348717476,73.33333333333334,1.939072829443738
73,73,4,recov,0.05458159167229976,2.908058601937711,73.33333333333334,1.939072829443738
74,74,5,recov,0.05437599264360852,2.9118325342252795,73.33333333333334,1.939072829443738
75,75,3,recov,0.06138621808718354,2.790569930144997,73.33333333333334,1.939072829443738
76,76,4,recov,0.06116125817963982,2.794241326196318,73.33333333333334,1.939072829443738
77,77,5,recov,0.06094016615563933,2.7978627788835038,73.33333333333334,1.939072829443738
78,78,3,recov,0.06764526780161896,2.6934778780076196,73.33333333333334,1.939072829443738
79,79,4,recov,0.06740729763664917,2.6970019933842435,73.33333333333334,1.939072829443738
80,80,5,recov,0.06717335073486735,2.700478676551727,73.33333333333334,1.939072829443738
81,81,3,recov,0.07359045072919122,2.6092400071922786,73.33333333333334,1.939072829443738
82,82,4,recov,0.07334182684784825,2.612624207352103,73.33333333333334,1.939072829443738
83,83,5,recov,0.07309733851547488,2.6159633217062543,73.33333333333334,1.939072829443738
84,84,3,recov,0.07924229183686808,2.5352451348432856,73.33333333333334,1.939072829443738
85,85,4,recov,0.07898507999279543,2.5384963052022624,73.33333333333334,1.939072829443738
86,86,5,recov,0.07873207979891288,2.5417045852807125,73.33333333333334,1.939072829443738
87,87,3,recov,0.0846195935740346,2.4695894366557254,73.33333333333334,1.939072829443738
88,88,4,recov,0.08435560501227922,2.4727140227339364,73.33333333333334,1.939072829443738
89,89,5,recov,0.08409587385107477,2.4757977756197382,73.33333333333334,1.939072829443738
90,90,3,recov,0.08973961307930291,2.4108429900181108,73.33333333333334,1.939072829443738
91,91,4,recov,0.08947043589467796,2.4138470334698425,73.33333333333334,1.939072829443738
92,92,5,recov,0.08920553644408147,2.416812173563536,73.33333333333334,1.939072829443738
93,93,3,recov,0.09461821793370521,2.3579052428847858,73.33333333333334,1.939072829443738
94,94,4,recov,0.09434524424378554,2.3607944139092476,73.33333333333334,1.939072829443738
95,95,5,recov,0.09407654738384952,2.3636464942313244,73.33333333333334,1.939072829443738
96,96,3,recov,0.09927002343061686,2.3099116323513527,73.33333333333334,1.939072829443738
97,97,4,recov,0.0989944729778922,2.3126912589121558,73.33333333333334,1.939072829443738
98,98,5,recov,0.09872318075844683,2.315435499343638,73.33333333333334,1.939072829443738
99,99,3,recov,0.10370851387188158,2.2661710661342918,73.33333333333334,1.939072829443738
100,100,4,recov,0.10343145457058031,2.2688461603578474,73.33333333333334,1.939072829443738
101,101,5,recov,0.10315862022329803,2.271487473171876,73.33333333333334,1.939072829443738
102,102,3,recov,0.10794615001765333,2.226122787153346,73.33333333333334,1.939072829443738
103,103,4,recov,0.1076685158791203,2.2286980692272182,73.33333333333334,1.939072829443738
104,104,5,recov,0.10739506129119647,2.2312410822179727,73.33333333333334,1.939072829443738
105,105,3,recov,0.11199446449969198,2.1893058330183472,73.33333333333334,1.939072829443738
106,106,4,recov,0.11171707130265637,2.1917857528687454,73.33333333333334,1.939072829443738
107,107,5,recov,0.11144380230474897,2.1942348303443664,73.33333333333334,1.939072829443738
108,108,3,recov,0.11586414674249314,2.1553369229780217,73.33333333333334,1.939072829443738
109,109,4,recov,0.11558770575847038,2.1577256799699147,73.33333333333334,1.939072829443738
110,110,5,recov,0.11531532552586227,2.1600849418421797,73.33333333333334,1.939072829443738
111,111,3,recov,0.11956511871425832,2.123894129549941,73.33333333333334,1.939072829443738
112,112,4,recov,0.11929024875159276,2.1261956904226826,73.33333333333334,1.939072829443738
113,113,5,recov,0.11901936957276106,2.128469029597128,73.33333333333334,1.939072829443738
114,114,3,recov,0.12310660264272193,2.0947046108148224,73.33333333333334,1.939072829443738
115,115,4,recov,0.12283384063370688,2.0969227260399115,73.33333333333334,1.939072829443738
116,116,5,recov,0.12256499426300937,2.0991138242850975,73.33333333333334,1.939072829443738
117,117,3,recov,0.12649718167310087,2.0675352503267734,73.33333333333334,1.939072829443738
118,118,4,recov,0.12622699199584933,2.069673469051724,73.33333333333334,1.939072829443738
119,119,5,recov,0.12596063877557864,2.0717858115047996,73.33333333333334,1.939072829443738
120,120,3,recov,0.1297448543119222,2.0421854162048527,73.33333333333334,1.939072829443738
121,121,4,recov,0.12947763701110515,2.0442470999276243,73.33333333333334,1.939072829443738
122,122,5,recov,0.1292141739216739,2.0462839883747055,73.33333333333334,1.939072829443738
123,123,3,recov,0.13285708338715327,2.0184812895138267,73.33333333333334,1.939072829443738
124,124,4,recov,0.1325931814344759,2.0204696246153104,73.33333333333334,1.939072829443738
125,125,5,recov,0.13233294920912966,2.02243418966906,73.33333333333334,1.939072829443738
126,126,3,recov,0.13584084015856496,1.9962713715253513,73.33333333333334,1.939072829443738
127,127,4,recov,0.13558054587418897,1.9981893807727231,73.33333333333334,1.939072829443738
128,128,5,recov,0.1353238352957066,2.000084593055464,73.33333333333334,1.939072829443738
129,129,3,recov,0.13870264412987587,1.9754228881813742,73.33333333333334,1.939072829443738
130,130,4,recov,0.13844620486931664,1.9772734413023243,73.33333333333334,1.939072829443738
131,131,5,recov,0.13819326235007842,1.9791021217308171,73.33333333333334,1.939072829443738
132,132,3,recov,0.14144859904369195,1.9558188855346372,73.33333333333334,1.939072829443738
133,133,4,recov,0.14119622224053668,1.957604708951328,73.33333333333334,1.939072829443738
134,134,5,recov,0.1409472547736572,1.959369538208656,73.33333333333334,1.939072829443738
135,135,3,recov,0.14408442547971026,1.9373558631522878,73.33333333333334,1.939072829443738
136,136,4,recov,0.1438362831224119,1.9390795489541248,73.33333333333334,1.939072829443738
137,137,5,recov,0.143591462679956,1.9407830762248015,73.33333333333334,1.939072829443738
138,138,0,fam_r,0.08505630096435744,2.464441877471669,73.33333333333334,1.939072829443738
139,139,1,fam_r,0.0849148837623127,2.4661058916974157,73.33333333333334,1.939072829443738
140,140,2,fam_r,0.08477534318996968,2.467750542733631,73.33333333333334,1.939072829443738
141,141,0,fam_r,0.08961001263200026,2.412288217119606,73.33333333333334,1.939072829443738
142,142,1,fam_r,0.08946615269474457,2.413894907411868,73.33333333333334,1.939072829443738
143,143,2,fam_r,0.0893241856349285,2.415482991991597,73.33333333333334,1.939072829443738
144,144,0,fam_r,0.09398582827922766,2.3646112710649545,73.33333333333334,1.939072829443738
145,145,1,fam_r,0.09384011269097399,2.366162873753431,73.33333333333334,1.939072829443738
146,146,2,fam_r,0.0936962986563412,2.367696592584784,73.33333333333334,1.939072829443738
147,147,0,fam_r,0.09819209731820246,2.320829542234754,73.33333333333334,1.939072829443738
148,148,1,fam_r,0.09804505227092299,2.3223281888988394,73.33333333333334,1.939072829443738
149,149,2,fam_r,0.09789991085486867,2.323809640019441,73.33333333333334,1.939072829443738
150,150,0,fam_r,0.10223668279748445,2.2804647341307924,73.33333333333334,1.939072829443738
151,151,1,fam_r,0.10208877943092218,2.2819124576869445,73.33333333333334,1.939072829443738
152,152,2,fam_r,0.10194277603403981,2.283343642402182,73.33333333333334,1.939072829443738
0,0,0,fam,0.06666666666666667,2.70805020110221,146.66666666666669,1.684707452207073
1,1,1,fam,0.06578947368421052,2.7212954278522306,146.66666666666669,1.684707452207073
2,2,2,fam,0.06494349915573451,2.734237630855858,146.66666666666669,1.684707452207073
3,3,0,fam,0.07669734936853999,2.5678881296345053,146.66666666666669,1.684707452207073
4,4,1,fam,0.07575462090076338,2.5802558344629287,146.66666666666669,1.684707452207073
5,5,2,fam,0.07484387396241513,2.592351015655429,146.66666666666669,1.684707452207073
6,6,0,fam,0.08572566331877977,2.456603042911211,146.66666666666669,1.684707452207073
7,7,1,fam,0.08473892177283428,2.4681802578104577,146.66666666666669,1.684707452207073
8,8,2,fam,0.0837841716241019,2.4795111721019767,146.66666666666669,1.684707452207073
9,9,0,fam,0.0938911737355197,2.365618893612701,146.66666666666669,1.684707452207073
10,10,1,fam,0.09287687160143504,2.3764806243148495,146.66666666666669,1.684707452207073
11,11,2,fam,0.09189407135001652,2.3871187636708346,146.66666666666669,1.684707452207073
12,12,0,fam,0.1013087046769609,2.2895829417355227,146.66666666666669,1.684707452207073
13,13,1,fam,0.10027947067171897,2.2997942842089776,146.66666666666669,1.684707452207073
14,14,2,fam,0.09928092399852657,2.309801831133461,146.66666666666669,1.684707452207073
15,15,0,fam,0.1080735895607952,2.224942899072979,146.66666666666669,1.684707452207073
16,16,1,fam,0.10703914075440918,2.234560709966191,146.66666666666669,1.684707452207073
17,17,2,fam,0.10603436015476106,2.2439920849927035,146.66666666666669,1.684707452207073
18,18,0,fam,0.11426563900413249,2.169229374513163,146.66666666666669,1.684707452207073
19,19,1,fam,0.11323345660948662,2.178303603792927,146.66666666666669,1.684707452207073
20,20,2,fam,0.11222980222353882,2.1872067041978953,146.66666666666669,1.684707452207073
21,21,0,fam,0.11995217725958102,2.120662138468246,146.66666666666669,1.684707452207073
22,22,1,fam,0.11892801283894992,2.129236903043552,146.66666666666669,1.684707452207073
23,23,2,fam,0.11793117305543654,2.137654103881171,146.66666666666669,1.684707452207073
24,24,0,fam,0.12519039271894172,2.0779195587321673,146.66666666666669,1.684707452207073
25,25,1,fam,0.12417865114295366,2.0860340152162076,146.66666666666669,1.684707452207073
26,26,2,fam,0.12319300767480604,2.0940029853797086,146.66666666666669,1.684707452207073
27,27,0,fam,0.13002917670268616,2.039996417534076,146.66666666666669,1.684707452207073
28,28,1,fam,0.12903320848751462,2.0476854776141447,146.66666666666669,1.684707452207073
29,29,2,fam,0.12806211613373347,2.0552398504790994,146.66666666666669,1.684707452207073
30,30,0,fam,0.13451057595352314,2.0061124514068402,146.66666666666669,1.684707452207073
31,31,1,fam,0.13353290225105932,2.0134073726983828,146.66666666666669,1.684707452207073
32,32,2,fam,0.13257890499902064,2.0205773013746637,146.66666666666669,1.684707452207073
33,33,0,fam,0.1386709503101507,1.9756514162063803,146.66666666666669,1.684707452207073
34,34,1,fam,0.13771343735582375,1.9825802937251675,146.66666666666669,1.684707452207073
35,35,2,fam,0.13677843652610505,1.989392913951394,146.66666666666669,1.684707452207073
36,36,0,fam,0.1425419030910093,1.94811926572064,146.66666666666669,1.684707452207073
37,37,1,fam,0.14160589837764895,1.9547074433806866,146.66666666666669,1.684707452207073
38,38,2,fam,0.14069128432119432,1.9611872619034691,146.66666666666669,1.684707452207073
39,39,0,fam,0.1461510346002648,1.923114708419731,146.66666666666669,1.684707452207073
40,40,1,fam,0.14523747382687607,1.9293851256823058,146.66666666666669,1.684707452207073
41,41,2,fam,0.1443442296961634,1.9355543480666249,146.66666666666669,1.684707452207073
42,42,0,fam,0.14952255678211787,1.9003080160471242,146.66666666666669,1.684707452207073
43,43,1,fam,0.14863204831544108,1.9062815016107637,146.66666666666669,1.684707452207073
44,44,2,fam,0.14776083227775316,1.9121603104746852,146.66666666666669,1.684707452207073
45,45,0,fam,0.15267779798503203,1.8794254736283418,146.66666666666669,1.684707452207073
46,46,1,fam,0.15181068989537824,1.8851209955818737,146.66666666666669,1.684707452207073
47,47,2,fam,0.15096190058817377,1.8907277879893458,146.66666666666669,1.684707452207073
48,48,0,fam,0.1556356200934832,1.8602377725269639,146.66666666666669,1.684707452207073
49,49,1,fam,0.15479205359833542,1.865672652488198,146.66666666666669,1.684707452207073
50,50,2,fam,0.15396588247391602,1.871024243489814,146.66666666666669,1.684707452207073
51,51,0,fam,0.15841276527756257,1.8425512139754194,146.66666666666669,1.684707452207073
52,52,1,fam,0.15759271751862924,1.8477413112641496,146.66666666666669,1.684707452207073
53,53,2,fam,0.1567891908701987,1.8528531092188034,146.66666666666669,1.684707452207073
54,54,0,fam,0.16102414583611874,1.8262009511052872,146.66666666666669,1.684707452207073
55,55,1,fam,0.1602274642386733,1.8311608218463409,146.66666666666669,1.684707452207073
56,56,2,fam,0.1594464770602727,1.8360469800926829,146.66666666666669,1.684707452207073
57,57,0,fam,0.16348308773893755,1.8110457329005822,146.66666666666669,1.684707452207073
58,58,1,fam,0.1627095176935682,1.815788768044213,146.66666666666669,1.684707452207073
59,59,2,fam,0.16195086104417614,1.8204623166504599,146.66666666666669,1.684707452207073
60,60,0,fam,0.16580153627317398,1.7969637705025552,146.66666666666669,1.684707452207073
61,61,1,fam,0.1650507434948505,1.8015023160287338,146.66666666666669,1.684707452207073
62,62,2,fam,0.16431412667072842,1.8059752766811488,146.66666666666669,1.684707452207073
63,63,0,fam,0.16799023049952716,1.7838494530582878,146.66666666666669,1.684707452207073
64,64,1,fam,0.16726181912512442,1.7881949150558287,146.66666666666669,1.684707452207073
65,65,2,fam,0.16654688766443432,1.7924784016114144,146.66666666666669,1.684707452207073
66,66,3,recov,0.0404903254486757,3.2066922112159686,146.66666666666669,1.684707452207073
67,67,4,recov,0.04032211714403649,3.2108551480648977,146.66666666666669,1.684707452207073
68,68,5,recov,0.04015696196013104,3.2149594548632594,146.66666666666669,1.684707452207073
69,69,3,recov,0.04783456351708949,3.04000681465397,146.66666666666669,1.684707452207073
70,70,4,recov,0.04764407417213173,3.043997018165691,146.66666666666669,1.684707452207073
71,71,5,recov,0.04745697832407858,3.0479316978463546,146.66666666666669,1.684707452207073
72,72,3,recov,0.05479085191222896,2.9042320348717476,146.66666666666669,1.684707452207073
73,73,4,recov,0.05458159167229976,2.908058601937711,146.66666666666669,1.684707452207073
74,74,5,recov,0.05437599264360852,2.9118325342252795,146.66666666666669,1.684707452207073
75,75,3,recov,0.06138621808718354,2.790569930144997,146.66666666666669,1.684707452207073
76,76,4,recov,0.06116125817963982,2.794241326196318,146.66666666666669,1.684707452207073
77,77,5,recov,0.06094016615563933,2.7978627788835038,146.66666666666669,1.684707452207073
78,78,3,recov,0.06764526780161896,2.6934778780076196,146.66666666666669,1.684707452207073
79,79,4,recov,0.06740729763664917,2.6970019933842435,146.66666666666669,1.684707452207073
80,80,5,recov,0.06717335073486735,2.700478676551727,146.66666666666669,1.684707452207073
81,81,3,recov,0.07359045072919122,2.6092400071922786,146.66666666666669,1.684707452207073
82,82,4,recov,0.07334182684784825,2.612624207352103,146.66666666666669,1.684707452207073
83,83,5,recov,0.07309733851547488,2.6159633217062543,146.66666666666669,1.684707452207073
84,84,3,recov,0.07924229183686808,2.5352451348432856,146.66666666666669,1.684707452207073
85,85,4,recov,0.07898507999279543,2.5384963052022624,146.66666666666669,1.684707452207073
86,86,5,recov,0.07873207979891288,2.5417045852807125,146.66666666666669,1.684707452207073
87,87,3,recov,0.0846195935740346,2.4695894366557254,146.66666666666669,1.684707452207073
88,88,4,recov,0.08435560501227922,2.4727140227339364,146.66666666666669,1.684707452207073
89,89,5,recov,0.08409587385107477,2.4757977756197382,146.66666666666669,1.684707452207073
90,90,3,recov,0.08973961307930291,2.4108429900181108,146.66666666666669,1.684707452207073
91,91,4,recov,0.08947043589467796,2.4138470334698425,146.66666666666669,1.684707452207073
92,92,5,recov,0.08920553644408147,2.416812173563536,146.66666666666669,1.684707452207073
93,93,3,recov,0.09461821793370521,2.3579052428847858,146.66666666666669,1.684707452207073
94,94,4,recov,0.09434524424378554,2.3607944139092476,146.66666666666669,1.684707452207073
95,95,5,recov,0.09407654738384952,2.3636464942313244,146.66666666666669,1.684707452207073
96,96,3,recov,0.09927002343061686,2.3099116323513527,146.66666666666669,1.684707452207073
97,97,4,recov,0.0989944729778922,2.3126912589121558,146.66666666666669,1.684707452207073
98,98,5,recov,0.09872318075844683,2.315435499343638,146.66666666666669,1.684707452207073
99,99,3,recov,0.10370851387188158,2.2661710661342918,146.66666666666669,1.684707452207073
100,100,4,recov,0.10343145457058031,2.2688461603578474,146.66666666666669,1.684707452207073
101,101,5,recov,0.10315862022329803,2.271487473171876,146.66666666666669,1.684707452207073
102,102,3,recov,0.10794615001765333,2.226122787153346,146.66666666666669,1.684707452207073
103,103,4,recov,0.1076685158791203,2.2286980692272182,146.66666666666669,1.684707452207073
104,104,5,recov,0.10739506129119647,2.2312410822179727,146.66666666666669,1.684707452207073
105,105,3,recov,0.11199446449969198,2.1893058330183472,146.66666666666669,1.684707452207073
106,106,4,recov,0.11171707130265637,2.1917857528687454,146.66666666666669,1.684707452207073
107,107,5,recov,0.11144380230474897,2.1942348303443664,146.66666666666669,1.684707452207073
108,108,3,recov,0.11586414674249314,2.1553369229780217,146.66666666666669,1.684707452207073
109,109,4,recov,0.11558770575847038,2.1577256799699147,146.66666666666669,1.684707452207073
110,110,5,recov,0.11531532552586227,2.1600849418421797,146.66666666666669,1.684707452207073
111,111,3,recov,0.11956511871425832,2.123894129549941,146.66666666666669,1.684707452207073
112,112,4,recov,0.11929024875159276,2.1261956904226826,146.66666666666669,1.684707452207073
113,113,5,recov,0.11901936957276106,2.128469029597128,146.66666666666669,1.684707452207073
114,114,3,recov,0.12310660264272193,2.0947046108148224,146.66666666666669,1.684707452207073
115,115,4,recov,0.12283384063370688,2.0969227260399115,146.66666666666669,1.684707452207073
116,116,5,recov,0.12256499426300937,2.0991138242850975,146.66666666666669,1.684707452207073
117,117,3,recov,0.12649718167310087,2.0675352503267734,146.66666666666669,1.684707452207073
118,118,4,recov,0.12622699199584933,2.069673469051724,146.66666666666669,1.684707452207073
119,119,5,recov,0.12596063877557864,2.0717858115047996,146.66666666666669,1.684707452207073
120,120,3,recov,0.1297448543119222,2.0421854162048527,146.66666666666669,1.684707452207073
121,121,4,recov,0.12947763701110515,2.0442470999276243,146.66666666666669,1.684707452207073
122,122,5,recov,0.1292141739216739,2.0462839883747055,146.66666666666669,1.684707452207073
123,123,3,recov,0.13285708338715327,2.0184812895138267,146.66666666666669,1.684707452207073
124,124,4,recov,0.1325931814344759,2.0204696246153104,146.66666666666669,1.684707452207073
125,125,5,recov,0.13233294920912966,2.02243418966906,146.66666666666669,1.684707452207073
126,126,3,recov,0.13584084015856496,1.9962713715253513,146.66666666666669,1.684707452207073
127,127,4,recov,0.13558054587418897,1.9981893807727231,146.66666666666669,1.684707452207073
128,128,5,recov,0.1353238352957066,2.000084593055464,146.66666666666669,1.684707452207073
129,129,3,recov,0.13870264412987587,1.9754228881813742,146.66666666666669,1.684707452207073
130,130,4,recov,0.13844620486931664,1.9772734413023243,146.66666666666669,1.684707452207073
131,131,5,recov,0.13819326235007842,1.9791021217308171,146.66666666666669,1.684707452207073
132,132,3,recov,0.14144859904369195,1.9558188855346372,146.66666666666669,1.684707452207073
133,133,4,recov,0.14119622224053668,1.957604708951328,146.66666666666669,1.684707452207073
134,134,5,recov,0.1409472547736572,1.959369538208656,146.66666666666669,1.684707452207073
135,135,3,recov,0.14408442547971026,1.9373558631522878,146.66666666666669,1.684707452207073
136,136,4,recov,0.1438362831224119,1.9390795489541248,146.66666666666669,1.684707452207073
137,137,5,recov,0.143591462679956,1.9407830762248015,146.66666666666669,1.684707452207073
138,138,3,recov,0.1466154904245512,1.9199418305513158,146.66666666666669,1.684707452207073
139,139,4,recov,0.1463717230352199,1.9216058447770625,146.66666666666669,1.684707452207073
140,140,5,recov,0.14613119047953343,1.9232504958132781,146.66666666666669,1.684707452207073
141,141,3,recov,0.14904683413663103,1.9034946993611854,146.66666666666669,1.684707452207073
142,142,4,recov,0.14880755431089204,1.9051013896534474,146.66666666666669,1.684707452207073
143,143,5,recov,0.14857142287651576,1.9066894742331766,146.66666666666669,1.684707452207073
144,144,3,recov,0.15138319459061078,1.8879409442017674,146.66666666666669,1.684707452207073
145,145,4,recov,0.15114849015000134,1.8894925468902442,146.66666666666669,1.684707452207073
146,146,5,recov,0.15091684854628,1.891026265721597,146.66666666666669,1.684707452207073
147,147,3,recov,0.15362902975226503,1.8732144803430428,146.66666666666669,1.684707452207073
148,148,4,recov,0.15339896655410137,1.8747131270071284,146.66666666666669,1.684707452207073
149,149,5,recov,0.15317188173226448,1.8761945781277296,146.66666666666669,1.684707452207073
150,150,3,recov,0.15578853790533875,1.8592557175372155,146.66666666666669,1.684707452207073
151,151,4,recov,0.15556316234934917,1.8607034410933678,146.66666666666669,1.684707452207073
152,152,5,recov,0.1553406819723736,1.8621346258086053,146.66666666666669,1.684707452207073
153,153,3,recov,0.15786567622647726,1.8460107580033587,146.66666666666669,1.684707452207073
154,154,4,recov,0.15764501749262505,1.8474094983580978,146.66666666666669,1.684707452207073
155,155,5,recov,0.15742717214146362,1.8487923267576993,146.66666666666669,1.684707452207073
156,156,3,recov,0.1598641777820794,1.8334307131205003,146.66666666666669,1.684707452207073
157,157,4,recov,0.1596482498297833,1.8347823224258555,146.66666666666669,1.684707452207073
158,158,5,recov,0.15943505497544844,1.836118618514364,146.66666666666669,1.684707452207073
159,159,3,recov,0.16178756710148529,1.8214711184629269,146.66666666666669,1.684707452207073
160,160,4,recov,0.16157637045678847,1.822777366007546,146.66666666666669,1.684707452207073
161,161,5,recov,0.1613678282242263,1.8240688724808072,146.66666666666669,1.684707452207073
162,162,3,recov,0.163639174463885,1.810091430764482,146.66666666666669,1.684707452207073
163,163,4,recov,0.1634326978179434,1.8113540075304377,146.66666666666669,1.684707452207073
164,164,5,recov,0.1632287985645433,1.8126023902271364,146.66666666666669,1.684707452207073
165,165,3,recov,0.16542214902138794,1.7992545934994868,146.66666666666669,1.684707452207073
166,166,4,recov,0.1652203706608849,1.80047511641194,146.66666666666669,1.684707452207073
167,167,5,recov,0.165021094389777,1.8016819684664775,146.66666666666669,1.684707452207073
168,168,3,recov,0.16713947086755526,1.7889266602176437,146.66666666666669,1.684707452207073
169,169,4,recov,0.1669423599552343,1.7901066761119986,146.66666666666669,1.684707452207073
170,170,5,recov,0.16674767758117884,1.7912735218325455,146.66666666666669,1.684707452207073
171,171,3,recov,0.16879396214912115,1.7790764667187764,146.66666666666669,1.684707452207073
172,172,4,recov,0.16860147987052262,1.7802174560476682,146.66666666666669,1.684707452207073
173,173,5,recov,0.16841135435414123,1.7813457545410407,146.66666666666669,1.684707452207073
174,174,3,recov,0.1703882973084154,1.7696753447128628,146.66666666666669,1.684707452207073
175,175,4,recov,0.17020039789905808,1.7707787250132925,146.66666666666669,1.684707452207073
176,176,5,recov,0.1700147852633591,1.7718698735763259,146.66666666666669,1.684707452207073
177,177,3,recov,0.17192501253497097,1.7606968708667097,146.66666666666669,1.684707452207073
178,178,4,recov,0.17174164420060348,1.7617640000058028,146.66666666666669,1.684707452207073
179,179,5,recov,0.17156049444217786,1.7628193373011343,146.66666666666669,1.684707452207073
180,180,3,recov,0.17340651449680503,1.752116646155673,146.66666666666669,1.684707452207073
181,181,4,recov,0.17322762023793448,1.7531488253718959,146.66666666666669,1.684707452207073
182,182,5,recov,0.17305087814381281,1.7541696344044837,146.66666666666669,1.684707452207073
183,183,3,recov,0.17483508841477188,1.7439121012669205,146.66666666666669,1.684707452207073
184,184,4,recov,0.17466060676542905,1.7449105780221135,146.66666666666669,1.684707452207073
185,185,5,recov,0.17448821264537454,1.745898088931387,146.66666666666669,1.684707452207073
186,186,3,recov,0.17621290553708982,1.7360623244784215,146.66666666666669,1.684707452207073
187,187,4,recov,0.17604277122669307,1.737028295134674,146.66666666666669,1.684707452207073
188,188,5,recov,0.17587466156963083,1.7379836878159267,146.66666666666669,1.684707452207073
189,189,3,recov,0.17754203006553798,1.7285479089951588,146.66666666666669,1.684707452207073
190,190,4,recov,0.17737617461175134,1.7294825213293463,146.66666666666669,1.684707452207073
191,191,5,recov,0.1772122826740894,1.7304069278968204,146.66666666666669,1.684707452207073
192,192,3,recov,0.17882442557983014,1.7213508171844878,146.66666666666669,1.684707452207073
193,193,4,recov,0.17866277781945514,1.7222551727522115,146.66666666666669,1.684707452207073
194,194,5,recov,0.1785030341522167,1.7231496798552743,146.66666666666669,1.684707452207073
195,195,3,recov,0.18006196100221555,1.7144542595346333,146.66666666666669,1.684707452207073
196,196,4,recov,0.17990444756640322,1.7153294158943166,146.66666666666669,1.684707452207073
197,197,5,recov,0.17974878048735088,1.716195066897176,146.66666666666669,1.684707452207073
198,198,3,recov,0.1812564161403787,1.707842586478704,146.66666666666669,1.684707452207073
199,199,4,recov,0.18110296187977817,1.7086895592857139,146.66666666666669,1.684707452207073
200,200,5,recov,0.18095129789605569,1.7095273563202662,146.66666666666669,1.684707452207073
201,201,3,recov,0.18240948684314562,1.7015011914929854,146.66666666666669,1.684707452207073
202,202,4,recov,0.182260015208015,1.7023209564728397,146.66666666666669,1.684707452207073
203,203,5,recov,0.1821122793942532,1.7031318623734575,146.66666666666669,1.684707452207073
204,204,3,recov,0.1835227898003168,1.6954164241019904,146.66666666666669,1.684707452207073
205,205,4,recov,0.1833772231800955,1.69620991891098,146.66666666666669,1.684707452207073
206,206,5,recov,0.18323333951641238,1.6969948590393409,146.66666666666669,1.684707452207073
207,207,3,recov,0.18459786701507988,1.6895755116113438,146.66666666666669,1.684707452207073
208,208,4,recov,0.18445612704145542,1.6903436375922367,146.66666666666669,1.684707452207073
209,209,5,recov,0.18431601871532374,1.69110350155965,146.66666666666669,1.684707452207073
210,210,3,recov,0.18563618997488557,1.6839664885491152,146.66666666666669,1.684707452207073
211,211,4,recov,0.18549819779197227,1.6847101123889996,146.66666666666669,1.684707452207073
212,212,5,recov,0.18536178746752005,1.6854457556831046,146.66666666666669,1.684707452207073
213,213,0,fam_r,0.05299873654206063,2.9374872045432094,146.66666666666669,1.684707452207073
214,214,1,fam_r,0.052960593553235555,2.9382071598399886,146.66666666666669,1.684707452207073
215,215,2,fam_r,0.0529228860377246,2.938919405362155,146.66666666666669,1.684707452207073
216,216,0,fam_r,0.05821374563458819,2.8436337728422254,146.66666666666669,1.684707452207073
217,217,1,fam_r,0.058173179628482626,2.844330861585769,146.66666666666669,1.684707452207073
218,218,2,fam_r,0.058133074935328384,2.845020501105056,146.66666666666669,1.684707452207073
219,219,0,fam_r,0.06325262644843542,2.760618627360192,146.66666666666669,1.684707452207073
220,220,1,fam_r,0.06320994571301475,2.7612936213336923,146.66666666666669,1.684707452207073
221,221,2,fam_r,0.0631677484850027,2.7619614168627686,146.66666666666669,1.684707452207073
222,222,0,fam_r,0.06812197673991226,2.6864554051131955,146.66666666666669,1.684707452207073
223,223,1,fam_r,0.06807746389684473,2.687109047219863,146.66666666666669,1.684707452207073
224,224,2,fam_r,0.06803345344741624,2.6877557323178842,146.66666666666669,1.684707452207073
225,225,0,fam_r,0.07282810671250534,2.619653317073939,146.66666666666669,1.684707452207073
226,226,1,fam_r,0.07278202070684384,2.620286322593777,146.66666666666669,1.684707452207073
227,227,2,fam_r,0.07273645298020905,2.62091260360085,146.66666666666669,1.684707452207073
0,0,0,fam,0.06666666666666667,2.70805020110221,220.0,1.5977427715848833
1,1,1,fam,0.06578947368421052,2.7212954278522306,220.0,1.5977427715848833
2,2,2,fam,0.06494349915573451,2.734237630855858,220.0,1.5977427715848833
3,3,0,fam,0.07669734936853999,2.5678881296345053,220.0,1.5977427715848833
4,4,1,fam,0.07575462090076338,2.5802558344629287,220.0,1.5977427715848833
5,5,2,fam,0.07484387396241513,2.592351015655429,220.0,1.5977427715848833
6,6,0,fam,0.08572566331877977,2.456603042911211,220.0,1.5977427715848833
7,7,1,fam,0.08473892177283428,2.4681802578104577,220.0,1.5977427715848833
8,8,2,fam,0.0837841716241019,2.4795111721019767,220.0,1.5977427715848833
9,9,0,fam,0.0938911737355197,2.365618893612701,220.0,1.5977427715848833
10,10,1,fam,0.09287687160143504,2.3764806243148495,220.0,1.5977427715848833
11,11,2,fam,0.09189407135001652,2.3871187636708346,220.0,1.5977427715848833
12,12,0,fam,0.1013087046769609,2.2895829417355227,220.0,1.5977427715848833
13,13,1,fam,0.10027947067171897,2.2997942842089776,220.0,1.5977427715848833
14,14,2,fam,0.09928092399852657,2.309801831133461,220.0,1.5977427715848833
15,15,0,fam,0.1080735895607952,2.224942899072979,220.0,1.5977427715848833
16,16,1,fam,0.10703914075440918,2.234560709966191,220.0,1.5977427715848833
17,17,2,fam,0.10603436015476106,2.2439920849927035,220.0,1.5977427715848833
18,18,0,fam,0.11426563900413249,2.169229374513163,220.0,1.5977427715848833
19,19,1,fam,0.11323345660948662,2.178303603792927,220.0,1.5977427715848833
20,20,2,fam,0.11222980222353882,2.1872067041978953,220.0,1.5977427715848833
21,21,0,fam,0.11995217725958102,2.120662138468246,220.0,1.5977427715848833
22,22,1,fam,0.11892801283894992,2.129236903043552,220.0,1.5977427715848833
23,23,2,fam,0.11793117305543654,2.137654103881171,220.0,1.5977427715848833
24,24,0,fam,0.12519039271894172,2.0779195587321673,220.0,1.5977427715848833
25,25,1,fam,0.12417865114295366,2.0860340152162076,220.0,1.5977427715848833
26,26,2,fam,0.12319300767480604,2.0940029853797086,220.0,1.5977427715848833
27,27,0,fam,0.13002917670268616,2.039996417534076,220.0,1.5977427715848833
28,28,1,fam,0.12903320848751462,2.0476854776141447,220.0,1.5977427715848833
29,29,2,fam,0.12806211613373347,2.0552398504790994,220.0,1.5977427715848833
30,30,0,fam,0.13451057595352314,2.0061124514068402,220.0,1.5977427715848833
31,31,1,fam,0.13353290225105932,2.0134073726983828,220.0,1.5977427715848833
32,32,2,fam,0.13257890499902064,2.0205773013746637,220.0,1.5977427715848833
33,33,0,fam,0.1386709503101507,1.9756514162063803,220.0,1.5977427715848833
34,34,1,fam,0.13771343735582375,1.9825802937251675,220.0,1.5977427715848833
35,35,2,fam,0.13677843652610505,1.989392913951394,220.0,1.5977427715848833
36,36,0,fam,0.1425419030910093,1.94811926572064,220.0,1.5977427715848833
37,37,1,fam,0.14160589837764895,1.9547074433806866,220.0,1.5977427715848833
38,38,2,fam,0.14069128432119432,1.9611872619034691,220.0,1.5977427715848833
39,39,0,fam,0.1461510346002648,1.923114708419731,220.0,1.5977427715848833
40,40,1,fam,0.14523747382687607,1.9293851256823058,220.0,1.5977427715848833
41,41,2,fam,0.1443442296961634,1.9355543480666249,220.0,1.5977427715848833
42,42,0,fam,0.14952255678211787,1.9003080160471242,220.0,1.5977427715848833
43,43,1,fam,0.14863204831544108,1.9062815016107637,220.0,1.5977427715848833
44,44,2,fam,0.14776083227775316,1.9121603104746852,220.0,1.5977427715848833
45,45,0,fam,0.15267779798503203,1.8794254736283418,220.0,1.5977427715848833
46,46,1,fam,0.15181068989537824,1.8851209955818737,220.0,1.5977427715848833
47,47,2,fam,0.15096190058817377,1.8907277879893458,220.0,1.5977427715848833
48,48,0,fam,0.1556356200934832,1.8602377725269639,220.0,1.5977427715848833
49,49,1,fam,0.15479205359833542,1.865672652488198,220.0,1.5977427715848833
50,50,2,fam,0.15396588247391602,1.871024243489814,220.0,1.5977427715848833
51,51,0,fam,0.15841276527756257,1.8425512139754194,220.0,1.5977427715848833
52,52,1,fam,0.15759271751862924,1.8477413112641496,220.0,1.5977427715848833
53,53,2,fam,0.1567891908701987,1.8528531092188034,220.0,1.5977427715848833
54,54,0,fam,0.16102414583611874,1.8262009511052872,220.0,1.5977427715848833
55,55,1,fam,0.1602274642386733,1.8311608218463409,220.0,1.5977427715848833
56,56,2,fam,0.1594464770602727,1.8360469800926829,220.0,1.5977427715848833
57,57,0,fam,0.16348308773893755,1.8110457329005822,220.0,1.5977427715848833
58,58,1,fam,0.1627095176935682,1.815788768044213,220.0,1.5977427715848833
59,59,2,fam,0.16195086104417614,1.8204623166504599,220.0,1.5977427715848833
60,60,0,fam,0.16580153627317398,1.7969637705025552,220.0,1.5977427715848833
61,61,1,fam,0.1650507434948505,1.8015023160287338,220.0,1.5977427715848833
62,62,2,fam,0.16431412667072842,1.8059752766811488,220.0,1.5977427715848833
63,63,0,fam,0.16799023049952716,1.7838494530582878,220.0,1.5977427715848833
64,64,1,fam,0.16726181912512442,1.7881949150558287,220.0,1.5977427715848833
65,65,2,fam,0.16654688766443432,1.7924784016114144,220.0,1.5977427715848833
66,66,3,recov,0.0404903254486757,3.2066922112159686,220.0,1.5977427715848833
67,67,4,recov,0.04032211714403649,3.2108551480648977,220.0,1.5977427715848833
68,68,5,recov,0.04015696196013104,3.2149594548632594,220.0,1.5977427715848833
69,69,3,recov,0.04783456351708949,3.04000681465397,220.0,1.5977427715848833
70,70,4,recov,0.04764407417213173,3.043997018165691,220.0,1.5977427715848833
71,71,5,recov,0.04745697832407858,3.0479316978463546,220.0,1.5977427715848833
72,72,3,recov,0.05479085191222896,2.9042320348717476,220.0,1.5977427715848833
73,73,4,recov,0.05458159167229976,2.908058601937711,220.0,1.5977427715848833
74,74,5,recov,0.05437599264360852,2.9118325342252795,220.0,1.5977427715848833
75,75,3,recov,0.06138621808718354,2.790569930144997,220.0,1.5977427715848833
76,76,4,recov,0.06116125817963982,2.794241326196318,220.0,1.5977427715848833
77,77,5,recov,0.06094016615563933,2.7978627788835038,220.0,1.5977427715848833
78,78,3,recov,0.06764526780161896,2.6934778780076196,220.0,1.5977427715848833
79,79,4,recov,0.06740729763664917,2.6970019933842435,220.0,1.5977427715848833
80,80,5,recov,0.06717335073486735,2.700478676551727,220.0,1.5977427715848833
81,81,3,recov,0.07359045072919122,2.6092400071922786,220.0,1.5977427715848833
82,82,4,recov,0.07334182684784825,2.612624207352103,220.0,1.5977427715848833
83,83,5,recov,0.07309733851547488,2.6159633217062543,220.0,1.5977427715848833
84,84,3,recov,0.07924229183686808,2.5352451348432856,220.0,1.5977427715848833
85,85,4,recov,0.07898507999279543,2.5384963052022624,220.0,1.5977427715848833
86,86,5,recov,0.07873207979891288,2.5417045852807125,220.0,1.5977427715848833
87,87,3,recov,0.0846195935740346,2.4695894366557254,220.0,1.5977427715848833
88,88,4,recov,0.08435560501227922,2.4727140227339364,220.0,1.5977427715848833
89,89,5,recov,0.08409587385107477,2.4757977756197382,220.0,1.5977427715848833
90,90,3,recov,0.08973961307930291,2.4108429900181108,220.0,1.5977427715848833
91,91,4,recov,0.08947043589467796,2.4138470334698425,220.0,1.5977427715848833
92,92,5,recov,0.08920553644408147,2.416812173563536,220.0,1.5977427715848833
93,93,3,recov,0.09461821793370521,2.3579052428847858,220.0,1.5977427715848833
94,94,4,recov,0.09434524424378554,2.3607944139092476,220.0,1.5977427715848833
95,95,5,recov,0.09407654738384952,2.3636464942313244,220.0,1.5977427715848833
96,96,3,recov,0.09927002343061686,2.3099116323513527,220.0,1.5977427715848833
97,97,4,recov,0.0989944729778922,2.3126912589121558,220.0,1.5977427715848833
98,98,5,recov,0.09872318075844683,2.315435499343638,220.0,1.5977427715848833
99,99,3,recov,0.10370851387188158,2.2661710661342918,220.0,1.5977427715848833
100,100,4,recov,0.10343145457058031,2.2688461603578474,220.0,1.5977427715848833
101,101,5,recov,0.10315862022329803,2.271487473171876,220.0,1.5977427715848833
102,102,3,recov,0.10794615001765333,2.226122787153346,220.0,1.5977427715848833
103,103,4,recov,0.1076685158791203,2.2286980692272182,220.0,1.5977427715848833
104,104,5,recov,0.10739506129119647,2.2312410822179727,220.0,1.5977427715848833
105,105,3,recov,0.11199446449969198,2.1893058330183472,220.0,1.5977427715848833
106,106,4,recov,0.11171707130265637,2.1917857528687454,220.0,1.5977427715848833
107,107,5,recov,0.11144380230474897,2.1942348303443664,220.0,1.5977427715848833
108,108,3,recov,0.11586414674249314,2.1553369229780217,220.0,1.5977427715848833
109,109,4,recov,0.11558770575847038,2.1577256799699147,220.0,1.5977427715848833
110,110,5,recov,0.11531532552586227,2.1600849418421797,220.0,1.5977427715848833
111,111,3,recov,0.11956511871425832,2.123894129549941,220.0,1.5977427715848833
112,112,4,recov,0.11929024875159276,2.1261956904226826,220.0,1.5977427715848833
113,113,5,recov,0.11901936957276106,2.128469029597128,220.0,1.5977427715848833
114,114,3,recov,0.12310660264272193,2.0947046108148224,220.0,1.5977427715848833
115,115,4,recov,0.12283384063370688,2.0969227260399115,220.0,1.5977427715848833
116,116,5,recov,0.12256499426300937,2.0991138242850975,220.0,1.5977427715848833
117,117,3,recov,0.12649718167310087,2.0675352503267734,220.0,1.5977427715848833
118,118,4,recov,0.12622699199584933,2.069673469051724,220.0,1.5977427715848833
119,119,5,recov,0.12596063877557864,2.0717858115047996,220.0,1.5977427715848833
120,120,3,recov,0.1297448543119222,2.0421854162048527,220.0,1.5977427715848833
121,121,4,recov,0.12947763701110515,2.0442470999276243,220.0,1.5977427715848833
122,122,5,recov,0.1292141739216739,2.0462839883747055,220.0,1.5977427715848833
123,123,3,recov,0.13285708338715327,2.0184812895138267,220.0,1.5977427715848833
124,124,4,recov,0.1325931814344759,2.0204696246153104,220.0,1.5977427715848833
125,125,5,recov,0.13233294920912966,2.02243418966906,220.0,1.5977427715848833
126,126,3,recov,0.13584084015856496,1.9962713715253513,220.0,1.5977427715848833
127,127,4,recov,0.13558054587418897,1.9981893807727231,220.0,1.5977427715848833
128,128,5,recov,0.1353238352957066,2.000084593055464,220.0,1.5977427715848833
129,129,3,recov,0.13870264412987587,1.9754228881813742,220.0,1.5977427715848833
130,130,4,recov,0.13844620486931664,1.9772734413023243,220.0,1.5977427715848833
131,131,5,recov,0.13819326235007842,1.9791021217308171,220.0,1.5977427715848833
132,132,3,recov,0.14144859904369195,1.9558188855346372,220.0,1.5977427715848833
133,133,4,recov,0.14119622224053668,1.957604708951328,220.0,1.5977427715848833
134,134,5,recov,0.1409472547736572,1.959369538208656,220.0,1.5977427715848833
135,135,3,recov,0.14408442547971026,1.9373558631522878,220.0,1.5977427715848833
136,136,4,recov,0.1438362831224119,1.9390795489541248,220.0,1.5977427715848833
137,137,5,recov,0.143591462679956,1.9407830762248015,220.0,1.5977427715848833
138,138,3,recov,0.1466154904245512,1.9199418305513158,220.0,1.5977427715848833
139,139,4,recov,0.1463717230352199,1.9216058447770625,220.0,1.5977427715848833
140,140,5,recov,0.14613119047953343,1.9232504958132781,220.0,1.5977427715848833
141,141,3,recov,0.14904683413663103,1.9034946993611854,220.0,1.5977427715848833
142,142,4,recov,0.14880755431089204,1.9051013896534474,220.0,1.5977427715848833
143,143,5,recov,0.14857142287651576,1.9066894742331766,220.0,1.5977427715848833
144,144,3,recov,0.15138319459061078,1.8879409442017674,220.0,1.5977427715848833
145,145,4,recov,0.15114849015000134,1.8894925468902442,220.0,1.5977427715848833
146,146,5,recov,0.15091684854628,1.891026265721597,220.0,1.5977427715848833
147,147,3,recov,0.15362902975226503,1.8732144803430428,220.0,1.5977427715848833
148,148,4,recov,0.15339896655410137,1.8747131270071284,220.0,1.5977427715848833
149,149,5,recov,0.15317188173226448,1.8761945781277296,220.0,1.5977427715848833
150,150,3,recov,0.15578853790533875,1.8592557175372155,220.0,1.5977427715848833
151,151,4,recov,0.15556316234934917,1.8607034410933678,220.0,1.5977427715848833
152,152,5,recov,0.1553406819723736,1.8621346258086053,220.0,1.5977427715848833
153,153,3,recov,0.15786567622647726,1.8460107580033587,220.0,1.5977427715848833
154,154,4,recov,0.15764501749262505,1.8474094983580978,220.0,1.5977427715848833
155,155,5,recov,0.15742717214146362,1.8487923267576993,220.0,1.5977427715848833
156,156,3,recov,0.1598641777820794,1.8334307131205003,220.0,1.5977427715848833
157,157,4,recov,0.1596482498297833,1.8347823224258555,220.0,1.5977427715848833
158,158,5,recov,0.15943505497544844,1.836118618514364,220.0,1.5977427715848833
159,159,3,recov,0.16178756710148529,1.8214711184629269,220.0,1.5977427715848833
160,160,4,recov,0.16157637045678847,1.822777366007546,220.0,1.5977427715848833
161,161,5,recov,0.1613678282242263,1.8240688724808072,220.0,1.5977427715848833
162,162,3,recov,0.163639174463885,1.810091430764482,220.0,1.5977427715848833
163,163,4,recov,0.1634326978179434,1.8113540075304377,220.0,1.5977427715848833
164,164,5,recov,0.1632287985645433,1.8126023902271364,220.0,1.5977427715848833
165,165,3,recov,0.16542214902138794,1.7992545934994868,220.0,1.5977427715848833
166,166,4,recov,0.1652203706608849,1.80047511641194,220.0,1.5977427715848833
167,167,5,recov,0.165021094389777,1.8016819684664775,220.0,1.5977427715848833
168,168,3,recov,0.16713947086755526,1.7889266602176437,220.0,1.5977427715848833
169,169,4,recov,0.1669423599552343,1.7901066761119986,220.0,1.5977427715848833
170,170,5,recov,0.16674767758117884,1.7912735218325455,220.0,1.5977427715848833
171,171,3,recov,0.16879396214912115,1.7790764667187764,220.0,1.5977427715848833
172,172,4,recov,0.16860147987052262,1.7802174560476682,220.0,1.5977427715848833
173,173,5,recov,0.16841135435414123,1.7813457545410407,220.0,1.5977427715848833
174,174,3,recov,0.1703882973084154,1.7696753447128628,220.0,1.5977427715848833
175,175,4,recov,0.17020039789905808,1.7707787250132925,220.0,1.5977427715848833
176,176,5,recov,0.1700147852633591,1.7718698735763259,220.0,1.5977427715848833
177,177,3,recov,0.17192501253497097,1.7606968708667097,220.0,1.5977427715848833
178,178,4,recov,0.17174164420060348,1.7617640000058028,220.0,1.5977427715848833
179,179,5,recov,0.17156049444217786,1.7628193373011343,220.0,1.5977427715848833
180,180,3,recov,0.17340651449680503,1.752116646155673,220.0,1.5977427715848833
181,181,4,recov,0.17322762023793448,1.7531488253718959,220.0,1.5977427715848833
182,182,5,recov,0.17305087814381281,1.7541696344044837,220.0,1.5977427715848833
183,183,3,recov,0.17483508841477188,1.7439121012669205,220.0,1.5977427715848833
184,184,4,recov,0.17466060676542905,1.7449105780221135,220.0,1.5977427715848833
185,185,5,recov,0.17448821264537454,1.745898088931387,220.0,1.5977427715848833
186,186,3,recov,0.17621290553708982,1.7360623244784215,220.0,1.5977427715848833
187,187,4,recov,0.17604277122669307,1.737028295134674,220.0,1.5977427715848833
188,188,5,recov,0.17587466156963083,1.7379836878159267,220.0,1.5977427715848833
189,189,3,recov,0.17754203006553798,1.7285479089951588,220.0,1.5977427715848833
190,190,4,recov,0.17737617461175134,1.7294825213293463,220.0,1.5977427715848833
191,191,5,recov,0.1772122826740894,1.7304069278968204,220.0,1.5977427715848833
192,192,3,recov,0.17882442557983014,1.7213508171844878,220.0,1.5977427715848833
193,193,4,recov,0.17866277781945514,1.7222551727522115,220.0,1.5977427715848833
194,194,5,recov,0.1785030341522167,1.7231496798552743,220.0,1.5977427715848833
195,195,3,recov,0.18006196100221555,1.7144542595346333,220.0,1.5977427715848833
196,196,4,recov,0.17990444756640322,1.7153294158943166,220.0,1.5977427715848833
197,197,5,recov,0.17974878048735088,1.716195066897176,220.0,1.5977427715848833
198,198,3,recov,0.1812564161403787,1.707842586478704,220.0,1.5977427715848833
199,199,4,recov,0.18110296187977817,1.7086895592857139,220.0,1.5977427715848833
200,200,5,recov,0.18095129789605569,1.7095273563202662,220.0,1.5977427715848833
201,201,3,recov,0.18240948684314562,1.7015011914929854,220.0,1.5977427715848833
202,202,4,recov,0.182260015208015,1.7023209564728397,220.0,1.5977427715848833
203,203,5,recov,0.1821122793942532,1.7031318623734575,220.0,1.5977427715848833
204,204,3,recov,0.1835227898003168,1.6954164241019904,220.0,1.5977427715848833
205,205,4,recov,0.1833772231800955,1.69620991891098,220.0,1.5977427715848833
206,206,5,recov,0.18323333951641238,1.6969948590393409,220.0,1.5977427715848833
207,207,3,recov,0.18459786701507988,1.6895755116113438,220.0,1.5977427715848833
208,208,4,recov,0.18445612704145542,1.6903436375922367,220.0,1.5977427715848833
209,209,5,recov,0.18431601871532374,1.69110350155965,220.0,1.5977427715848833
210,210,3,recov,0.18563618997488557,1.6839664885491152,220.0,1.5977427715848833
211,211,4,recov,0.18549819779197227,1.6847101123889996,220.0,1.5977427715848833
212,212,5,recov,0.18536178746752005,1.6854457556831046,220.0,1.5977427715848833
213,213,3,recov,0.18663916354435553,1.6785781329316223,220.0,1.5977427715848833
214,214,4,recov,0.18650484004923326,1.6792980882284017,220.0,1.5977427715848833
215,215,5,recov,0.1863720501071803,1.6800103337505679,220.0,1.5977427715848833
216,216,3,recov,0.187608129601708,1.6733999085850346,220.0,1.5977427715848833
217,217,4,recov,0.1874773956582396,1.674096997328578,220.0,1.5977427715848833
218,218,5,recov,0.1873481484093485,1.674786636847865,220.0,1.5977427715848833
219,219,3,recov,0.18854437043830763,1.668421912852607,220.0,1.5977427715848833
220,220,4,recov,0.18841714706685925,1.6690969068261075,220.0,1.5977427715848833
221,221,5,recov,0.18829136494149154,1.6697647023551838,220.0,1.5977427715848833
222,222,3,recov,0.1894491119392498,1.6636348291017533,220.0,1.5977427715848833
223,223,4,recov,0.1893253204846766,1.6642884712084207,220.0,1.5977427715848833
224,224,5,recov,0.18920292620078627,1.664935156306442,220.0,1.5977427715848833
225,225,3,recov,0.19032352656135768,1.6590298835176727,220.0,1.5977427715848833
226,226,4,recov,0.19020308884138165,1.6596628890375107,220.0,1.5977427715848833
227,227,5,recov,0.19008400555304694,1.6602891700445832,220.0,1.5977427715848833
228,228,3,recov,0.19116873612358257,1.6545988057327066,220.0,1.5977427715848833
229,229,4,recov,0.19105157455948016,1.6552118635137676,220.0,1.5977427715848833
230,230,5,recov,0.19093572598786826,1.6558184207212858,220.0,1.5977427715848833
231,231,3,recov,0.19198581442354185,1.6503337928945738,220.0,1.5977427715848833
232,232,4,recov,0.19187185215486963,1.6509275664827705,220.0,1.5977427715848833
233,233,5,recov,0.1917591627033437,1.6515150552435982,220.0,1.5977427715848833
234,234,3,recov,0.19277578969279044,1.6462274768233618,220.0,1.5977427715848833
235,235,4,recov,0.1926649506777097,1.6468026055346103,220.0,1.5977427715848833
236,236,5,recov,0.1925553455326208,1.6473716573167976,220.0,1.5977427715848833
237,237,3,recov,0.19353964690238729,1.6422728939477287,220.0,1.5977427715848833
238,238,4,recov,0.19343185600499557,1.6428299938859394,220.0,1.5977427715848833
239,239,5,recov,0.19332526122355415,1.6433812172733941,220.0,1.5977427715848833
240,240,3,recov,0.19427832992937838,1.638463457746099,220.0,1.5977427715848833
241,241,4,recov,0.19417351299532146,1.639003122770271,220.0,1.5977427715848833
242,242,5,recov,0.1940698555818069,1.6395371044135765,220.0,1.5977427715848833
243,243,3,recov,0.194992743593964,1.6347929334494327,220.0,1.5977427715848833
244,244,4,recov,0.1948908275154777,1.6353157360928865,220.0,1.5977427715848833
245,245,5,recov,0.19479003548692658,1.6358330416132154,220.0,1.5977427715848833
246,246,3,recov,0.19568375557634043,1.6312554147890763,220.0,1.5977427715848833
247,247,4,recov,0.19558466834776364,1.631761907133648,220.0,1.5977427715848833
248,248,5,recov,0.19548667079016616,1.6322630819825372,220.0,1.5977427715848833
249,249,3,recov,0.19635219822149466,1.627845302596826,220.0,1.5977427715848833
250,250,4,recov,0.1962558689861943,1.6283360171046481,220.0,1.5977427715848833
251,251,5,recov,0.19616059610213268,1.6288215873821954,220.0,1.5977427715848833
252,252,3,recov,0.19699887023958837,1.6245572850850172,220.0,1.5977427715848833
253,253,4,recov,0.19690522932914867,1.6250327353903389,220.0,1.5977427715848833
254,254,5,recov,0.19681261247772178,1.6255032086242172,220.0,1.5977427715848833
255,255,3,recov,0.19762453830897225,1.6213863196527136,220.0,1.5977427715848833
256,256,4,recov,0.19753351727541982,1.6218470013160426,220.0,1.5977427715848833
257,257,5,recov,0.19744348900521957,1.622302867203564,220.0,1.5977427715848833
258,258,3,recov,0.19822993858833543,1.6183276160801188,220.0,1.5977427715848833
259,259,4,recov,0.19814147023009906,1.6187740073068178,220.0,1.5977427715848833
260,260,5,recov,0.19805396430593222,1.6192157384221306,220.0,1.5977427715848833
261,261,3,recov,0.1988157781439993,1.615376620987525,220.0,1.5977427715848833
262,262,4,recov,0.19872979652623815,1.6158091833128543,220.0,1.5977427715848833
263,263,5,recov,0.19864474795022227,1.6162372357812202,220.0,1.5977427715848833
264,264,3,recov,0.19938273629791506,1.6125290034476718,220.0,1.5977427715848833
265,265,4,recov,0.19929917676778897,1.612948182390138,220.0,1.5977427715848833
266,266,5,recov,0.19921652179539254,1.6133629965311098,220.0,1.5977427715848833
267,267,3,recov,0.19993146590150776,1.6097806416515108,220.0,1.5977427715848833
268,268,4,recov,0.19985026509891066,1.610186867336264,220.0,1.5977427715848833
269,269,5,recov,0.1997699412504546,1.6105888682774654,220.0,1.5977427715848833
270,270,3,recov,0.20046259454013257,1.6071276105372565,220.0,1.5977427715848833
271,271,4,recov,0.20038369040436074,1.6075212982911637,220.0,1.5977427715848833
272,272,5,recov,0.20030563647245084,1.607910896554265,220.0,1.5977427715848833
273,273,3,recov,0.20097672567255867,1.604566170301388,220.0,1.5977427715848833
274,274,4,recov,0.20090005744534234,1.6049477212213075,220.0,1.5977427715848833
275,275,5,recov,0.20082421349865778,1.6053253132816898,220.0,1.5977427715848833
276,276,3,recov,0.20147443970957762,1.6020927557180886,220.0,1.5977427715848833
277,277,4,recov,0.20139994793486396,1.6024625572137763,220.0,1.5977427715848833
278,278,5,recov,0.20132625531868897,1.602828526035284,220.0,1.5977427715848833
279,279,3,recov,0.20195629503553764,1.5997039662006054,220.0,1.5977427715848833
280,280,4,recov,0.20188392155637802,1.6000623925135922,220.0,1.5977427715848833
281,281,5,recov,0.20181232289022671,1.600417108059684,220.0,1.5977427715848833
282,282,3,recov,0.20242282897633546,1.59739655654424,220.0,1.5977427715848833
283,283,4,recov,0.2023525169291962,1.5977439692439397,220.0,1.5977427715848833
284,284,5,recov,0.20228295610184954,1.5980877889664709,220.0,1.5977427715848833
285,285,0,fam_r,0.03999475199733087,3.2190070335424106,220.0,1.5977427715848833
286,286,1,fam_r,0.039981286093697145,3.219343782000634,220.0,1.5977427715848833
287,287,2,fam_r,0.03996796377827876,3.2196770513074258,220.0,1.5977427715848833
288,288,0,fam_r,0.04542780724044142,3.0916308671500503,220.0,1.5977427715848833
289,289,1,fam_r,0.04541298103171899,3.0919572889950406,220.0,1.5977427715848833
290,290,2,fam_r,0.0453983126149415,3.092280341697321,220.0,1.5977427715848833
291,291,0,fam_r,0.050689125363349304,2.98204388126601,220.0,1.5977427715848833
292,292,1,fam_r,0.050673088768977505,2.982360302817036,220.0,1.5977427715848833
293,293,2,fam_r,0.05065722253276417,2.9826734615577757,220.0,1.5977427715848833
294,294,0,fam_r,0.05578444233318016,2.8862602597032803,220.0,1.5977427715848833
295,295,1,fam_r,0.055767333822386383,2.886566996386774,220.0,1.5977427715848833
296,296,2,fam_r,0.05575040673068371,2.8868705730508766,220.0,1.5977427715848833
297,297,0,fam_r,0.0607192840301413,2.80149393729924,220.0,1.5977427715848833
298,298,1,fam_r,0.06070123142545678,2.8017912940473937,220.0,1.5977427715848833
299,299,2,fam_r,0.06068336991775799,2.802085590154644,220.0,1.5977427715848833
0,0,0,fam,0.06666666666666667,2.70805020110221,293.33333333333337,1.5592018094556286
1,1,1,fam,0.06578947368421052,2.7212954278522306,293.33333333333337,1.5592018094556286
2,2,2,fam,0.06494349915573451,2.734237630855858,293.33333333333337,1.5592018094556286
3,3,0,fam,0.07669734936853999,2.5678881296345053,293.33333333333337,1.5592018094556286
4,4,1,fam,0.07575462090076338,2.5802558344629287,293.33333333333337,1.5592018094556286
5,5,2,fam,0.07484387396241513,2.592351015655429,293.33333333333337,1.5592018094556286
6,6,0,fam,0.08572566331877977,2.456603042911211,293.33333333333337,1.5592018094556286
7,7,1,fam,0.08473892177283428,2.4681802578104577,293.33333333333337,1.5592018094556286
8,8,2,fam,0.0837841716241019,2.4795111721019767,293.33333333333337,1.5592018094556286
9,9,0,fam,0.0938911737355197,2.365618893612701,293.33333333333337,1.5592018094556286
10,10,1,fam,0.09287687160143504,2.3764806243148495,293.33333333333337,1.5592018094556286
11,11,2,fam,0.09189407135001652,2.3871187636708346,293.33333333333337,1.5592018094556286
12,12,0,fam,0.1013087046769609,2.2895829417355227,293.33333333333337,1.5592018094556286
13,13,1,fam,0.10027947067171897,2.2997942842089776,293.33333333333337,1.5592018094556286
14,14,2,fam,0.09928092399852657,2.309801831133461,293.33333333333337,1.5592018094556286
15,15,0,fam,0.1080735895607952,2.224942899072979,293.33333333333337,1.5592018094556286
16,16,1,fam,0.10703914075440918,2.234560709966191,293.33333333333337,1.5592018094556286
17,17,2,fam,0.10603436015476106,2.2439920849927035,293.33333333333337,1.5592018094556286
18,18,0,fam,0.11426563900413249,2.169229374513163,293.33333333333337,1.5592018094556286
19,19,1,fam,0.11323345660948662,2.178303603792927,293.33333333333337,1.5592018094556286
20,20,2,fam,0.11222980222353882,2.1872067041978953,293.33333333333337,1.5592018094556286
21,21,0,fam,0.11995217725958102,2.120662138468246,293.33333333333337,1.5592018094556286
22,22,1,fam,0.11892801283894992,2.129236903043552,293.33333333333337,1.5592018094556286
23,23,2,fam,0.11793117305543654,2.137654103881171,293.33333333333337,1.5592018094556286
24,24,0,fam,0.12519039271894172,2.0779195587321673,293.33333333333337,1.5592018094556286
25,25,1,fam,0.12417865114295366,2.0860340152162076,293.33333333333337,1.5592018094556286
26,26,2,fam,0.12319300767480604,2.0940029853797086,293.33333333333337,1.5592018094556286
27,27,0,fam,0.13002917670268616,2.039996417534076,293.33333333333337,1.5592018094556286
28,28,1,fam,0.12903320848751462,2.0476854776141447,293.33333333333337,1.5592018094556286
29,29,2,fam,0.12806211613373347,2.0552398504790994,293.33333333333337,1.5592018094556286
30,30,0,fam,0.13451057595352314,2.0061124514068402,293.33333333333337,1.5592018094556286
31,31,1,fam,0.13353290225105932,2.0134073726983828,293.33333333333337,1.5592018094556286
32,32,2,fam,0.13257890499902064,2.0205773013746637,293.33333333333337,1.5592018094556286
33,33,0,fam,0.1386709503101507,1.9756514162063803,293.33333333333337,1.5592018094556286
34,34,1,fam,0.13771343735582375,1.9825802937251675,293.33333333333337,1.5592018094556286
35,35,2,fam,0.13677843652610505,1.989392913951394,293.33333333333337,1.5592018094556286
36,36,0,fam,0.1425419030910093,1.94811926572064,293.33333333333337,1.5592018094556286
37,37,1,fam,0.14160589837764895,1.9547074433806866,293.33333333333337,1.5592018094556286
38,38,2,fam,0.14069128432119432,1.9611872619034691,293.33333333333337,1.5592018094556286
39,39,0,fam,0.1461510346002648,1.923114708419731,293.33333333333337,1.5592018094556286
40,40,1,fam,0.14523747382687607,1.9293851256823058,293.33333333333337,1.5592018094556286
41,41,2,fam,0.1443442296961634,1.9355543480666249,293.33333333333337,1.5592018094556286
42,42,0,fam,0.14952255678211787,1.9003080160471242,293.33333333333337,1.5592018094556286
43,43,1,fam,0.14863204831544108,1.9062815016107637,293.33333333333337,1.5592018094556286
44,44,2,fam,0.14776083227775316,1.9121603104746852,293.33333333333337,1.5592018094556286
45,45,0,fam,0.15267779798503203,1.8794254736283418,293.33333333333337,1.5592018094556286
46,46,1,fam,0.15181068989537824,1.8851209955818737,293.33333333333337,1.5592018094556286
47,47,2,fam,0.15096190058817377,1.8907277879893458,293.33333333333337,1.5592018094556286
48,48,0,fam,0.1556356200934832,1.8602377725269639,293.33333333333337,1.5592018094556286
49,49,1,fam,0.15479205359833542,1.865672652488198,293.33333333333337,1.5592018094556286
50,50,2,fam,0.15396588247391602,1.871024243489814,293.33333333333337,1.5592018094556286
51,51,0,fam,0.15841276527756257,1.8425512139754194,293.33333333333337,1.5592018094556286
52,52,1,fam,0.15759271751862924,1.8477413112641496,293.33333333333337,1.5592018094556286
53,53,2,fam,0.1567891908701987,1.8528531092188034,293.33333333333337,1.5592018094556286
54,54,0,fam,0.16102414583611874,1.8262009511052872,293.33333333333337,1.5592018094556286
55,55,1,fam,0.1602274642386733,1.8311608218463409,293.33333333333337,1.5592018094556286
56,56,2,fam,0.1594464770602727,1.8360469800926829,293.33333333333337,1.5592018094556286
57,57,0,fam,0.16348308773893755,1.8110457329005822,293.33333333333337,1.5592018094556286
58,58,1,fam,0.1627095176935682,1.815788768044213,293.33333333333337,1.5592018094556286
59,59,2,fam,0.16195086104417614,1.8204623166504599,293.33333333333337,1.5592018094556286
60,60,0,fam,0.16580153627317398,1.7969637705025552,293.33333333333337,1.5592018094556286
61,61,1,fam,0.1650507434948505,1.8015023160287338,293.33333333333337,1.5592018094556286
62,62,2,fam,0.16431412667072842,1.8059752766811488,293.33333333333337,1.5592018094556286
63,63,0,fam,0.16799023049952716,1.7838494530582878,293.33333333333337,1.5592018094556286
64,64,1,fam,0.16726181912512442,1.7881949150558287,293.33333333333337,1.5592018094556286
65,65,2,fam,0.16654688766443432,1.7924784016114144,293.33333333333337,1.5592018094556286
66,66,3,recov,0.0404903254486757,3.2066922112159686,293.33333333333337,1.5592018094556286
67,67,4,recov,0.04032211714403649,3.2108551480648977,293.33333333333337,1.5592018094556286
68,68,5,recov,0.04015696196013104,3.2149594548632594,293.33333333333337,1.5592018094556286
69,69,3,recov,0.04783456351708949,3.04000681465397,293.33333333333337,1.5592018094556286
70,70,4,recov,0.04764407417213173,3.043997018165691,293.33333333333337,1.5592018094556286
71,71,5,recov,0.04745697832407858,3.0479316978463546,293.33333333333337,1.5592018094556286
72,72,3,recov,0.05479085191222896,2.9042320348717476,293.33333333333337,1.5592018094556286
73,73,4,recov,0.05458159167229976,2.908058601937711,293.33333333333337,1.5592018094556286
74,74,5,recov,0.05437599264360852,2.9118325342252795,293.33333333333337,1.5592018094556286
75,75,3,recov,0.06138621808718354,2.790569930144997,293.33333333333337,1.5592018094556286
76,76,4,recov,0.06116125817963982,2.794241326196318,293.33333333333337,1.5592018094556286
77,77,5,recov,0.06094016615563933,2.7978627788835038,293.33333333333337,1.5592018094556286
78,78,3,recov,0.06764526780161896,2.6934778780076196,293.33333333333337,1.5592018094556286
79,79,4,recov,0.06740729763664917,2.6970019933842435,293.33333333333337,1.5592018094556286
80,80,5,recov,0.06717335073486735,2.700478676551727,293.33333333333337,1.5592018094556286
81,81,3,recov,0.07359045072919122,2.6092400071922786,293.33333333333337,1.5592018094556286
82,82,4,recov,0.07334182684784825,2.612624207352103,293.33333333333337,1.5592018094556286
83,83,5,recov,0.07309733851547488,2.6159633217062543,293.33333333333337,1.5592018094556286
84,84,3,recov,0.07924229183686808,2.5352451348432856,293.33333333333337,1.5592018094556286
85,85,4,recov,0.07898507999279543,2.5384963052022624,293.33333333333337,1.5592018094556286
86,86,5,recov,0.07873207979891288,2.5417045852807125,293.33333333333337,1.5592018094556286
87,87,3,recov,0.0846195935740346,2.4695894366557254,293.33333333333337,1.5592018094556286
88,88,4,recov,0.08435560501227922,2.4727140227339364,293.33333333333337,1.5592018094556286
89,89,5,recov,0.08409587385107477,2.4757977756197382,293.33333333333337,1.5592018094556286
90,90,3,recov,0.08973961307930291,2.4108429900181108,293.33333333333337,1.5592018094556286
91,91,4,recov,0.08947043589467796,2.4138470334698425,293.33333333333337,1.5592018094556286
92,92,5,recov,0.08920553644408147,2.416812173563536,293.33333333333337,1.5592018094556286
93,93,3,recov,0.09461821793370521,2.3579052428847858,293.33333333333337,1.5592018094556286
94,94,4,recov,0.09434524424378554,2.3607944139092476,293.33333333333337,1.5592018094556286
95,95,5,recov,0.09407654738384952,2.3636464942313244,293.33333333333337,1.5592018094556286
96,96,3,recov,0.09927002343061686,2.3099116323513527,293.33333333333337,1.5592018094556286
97,97,4,recov,0.0989944729778922,2.3126912589121558,293.33333333333337,1.5592018094556286
98,98,5,recov,0.09872318075844683,2.315435499343638,293.33333333333337,1.5592018094556286
99,99,3,recov,0.10370851387188158,2.2661710661342918,293.33333333333337,1.5592018094556286
100,100,4,recov,0.10343145457058031,2.2688461603578474,293.33333333333337,1.5592018094556286
101,101,5,recov,0.10315862022329803,2.271487473171876,293.33333333333337,1.5592018094556286
102,102,3,recov,0.10794615001765333,2.226122787153346,293.33333333333337,1.5592018094556286
103,103,4,recov,0.1076685158791203,2.2286980692272182,293.33333333333337,1.5592018094556286
104,104,5,recov,0.10739506129119647,2.2312410822179727,293.33333333333337,1.5592018094556286
105,105,3,recov,0.11199446449969198,2.1893058330183472,293.33333333333337,1.5592018094556286
106,106,4,recov,0.11171707130265637,2.1917857528687454,293.33333333333337,1.5592018094556286
107,107,5,recov,0.11144380230474897,2.1942348303443664,293.33333333333337,1.5592018094556286
108,108,3,recov,0.11586414674249314,2.1553369229780217,293.33333333333337,1.5592018094556286
109,109,4,recov,0.11558770575847038,2.1577256799699147,293.33333333333337,1.5592018094556286
110,110,5,recov,0.11531532552586227,2.1600849418421797,293.33333333333337,1.5592018094556286
111,111,3,recov,0.11956511871425832,2.123894129549941,293.33333333333337,1.5592018094556286
112,112,4,recov,0.11929024875159276,2.1261956904226826,293.33333333333337,1.5592018094556286
113,113,5,recov,0.11901936957276106,2.128469029597128,293.33333333333337,1.5592018094556286
114,114,3,recov,0.12310660264272193,2.0947046108148224,293.33333333333337,1.5592018094556286
115,115,4,recov,0.12283384063370688,2.0969227260399115,293.33333333333337,1.5592018094556286
116,116,5,recov,0.12256499426300937,2.0991138242850975,293.33333333333337,1.5592018094556286
117,117,3,recov,0.12649718167310087,2.0675352503267734,293.33333333333337,1.5592018094556286
118,118,4,recov,0.12622699199584933,2.069673469051724,293.33333333333337,1.5592018094556286
119,119,5,recov,0.12596063877557864,2.0717858115047996,293.33333333333337,1.5592018094556286
120,120,3,recov,0.1297448543119222,2.0421854162048527,293.33333333333337,1.5592018094556286
121,121,4,recov,0.12947763701110515,2.0442470999276243,293.33333333333337,1.5592018094556286
122,122,5,recov,0.1292141739216739,2.0462839883747055,293.33333333333337,1.5592018094556286
123,123,3,recov,0.13285708338715327,2.0184812895138267,293.33333333333337,1.5592018094556286
124,124,4,recov,0.1325931814344759,2.0204696246153104,293.33333333333337,1.5592018094556286
125,125,5,recov,0.13233294920912966,2.02243418966906,293.33333333333337,1.5592018094556286
126,126,3,recov,0.13584084015856496,1.9962713715253513,293.33333333333337,1.5592018094556286
127,127,4,recov,0.13558054587418897,1.9981893807727231,293.33333333333337,1.5592018094556286
128,128,5,recov,0.1353238352957066,2.000084593055464,293.33333333333337,1.5592018094556286
129,129,3,recov,0.13870264412987587,1.9754228881813742,293.33333333333337,1.5592018094556286
130,130,4,recov,0.13844620486931664,1.9772734413023243,293.33333333333337,1.5592018094556286
131,131,5,recov,0.13819326235007842,1.9791021217308171,293.33333333333337,1.5592018094556286
132,132,3,recov,0.14144859904369195,1.9558188855346372,293.33333333333337,1.5592018094556286
133,133,4,recov,0.14119622224053668,1.957604708951328,293.33333333333337,1.5592018094556286
134,134,5,recov,0.1409472547736572,1.959369538208656,293.33333333333337,1.5592018094556286
135,135,3,recov,0.14408442547971026,1.9373558631522878,293.33333333333337,1.5592018094556286
136,136,4,recov,0.1438362831224119,1.9390795489541248,293.33333333333337,1.5592018094556286
137,137,5,recov,0.143591462679956,1.9407830762248015,293.33333333333337,1.5592018094556286
138,138,3,recov,0.1466154904245512,1.9199418305513158,293.33333333333337,1.5592018094556286
139,139,4,recov,0.1463717230352199,1.9216058447770625,293.33333333333337,1.5592018094556286
140,140,5,recov,0.14613119047953343,1.9232504958132781,293.33333333333337,1.5592018094556286
141,141,3,recov,0.14904683413663103,1.9034946993611854,293.33333333333337,1.5592018094556286
142,142,4,recov,0.14880755431089204,1.9051013896534474,293.33333333333337,1.5592018094556286
143,143,5,recov,0.14857142287651576,1.9066894742331766,293.33333333333337,1.5592018094556286
144,144,3,recov,0.15138319459061078,1.8879409442017674,293.33333333333337,1.5592018094556286
145,145,4,recov,0.15114849015000134,1.8894925468902442,293.33333333333337,1.5592018094556286
146,146,5,recov,0.15091684854628,1.891026265721597,293.33333333333337,1.5592018094556286
147,147,3,recov,0.15362902975226503,1.8732144803430428,293.33333333333337,1.5592018094556286
148,148,4,recov,0.15339896655410137,1.8747131270071284,293.33333333333337,1.5592018094556286
149,149,5,recov,0.15317188173226448,1.8761945781277296,293.33333333333337,1.5592018094556286
150,150,3,recov,0.15578853790533875,1.8592557175372155,293.33333333333337,1.5592018094556286
151,151,4,recov,0.15556316234934917,1.8607034410933678,293.33333333333337,1.5592018094556286
152,152,5,recov,0.1553406819723736,1.8621346258086053,293.33333333333337,1.5592018094556286
153,153,3,recov,0.15786567622647726,1.8460107580033587,293.33333333333337,1.5592018094556286
154,154,4,recov,0.15764501749262505,1.8474094983580978,293.33333333333337,1.5592018094556286
155,155,5,recov,0.15742717214146362,1.8487923267576993,293.33333333333337,1.5592018094556286
156,156,3,recov,0.1598641777820794,1.8334307131205003,293.33333333333337,1.5592018094556286
157,157,4,recov,0.1596482498297833,1.8347823224258555,293.33333333333337,1.5592018094556286
158,158,5,recov,0.15943505497544844,1.836118618514364,293.33333333333337,1.5592018094556286
159,159,3,recov,0.16178756710148529,1.8214711184629269,293.33333333333337,1.5592018094556286
160,160,4,recov,0.16157637045678847,1.822777366007546,293.33333333333337,1.5592018094556286
161,161,5,recov,0.1613678282242263,1.8240688724808072,293.33333333333337,1.5592018094556286
162,162,3,recov,0.163639174463885,1.810091430764482,293.33333333333337,1.5592018094556286
163,163,4,recov,0.1634326978179434,1.8113540075304377,293.33333333333337,1.5592018094556286
164,164,5,recov,0.1632287985645433,1.8126023902271364,293.33333333333337,1.5592018094556286
165,165,3,recov,0.16542214902138794,1.7992545934994868,293.33333333333337,1.5592018094556286
166,166,4,recov,0.1652203706608849,1.80047511641194,293.33333333333337,1.5592018094556286
167,167,5,recov,0.165021094389777,1.8016819684664775,293.33333333333337,1.5592018094556286
168,168,3,recov,0.16713947086755526,1.7889266602176437,293.33333333333337,1.5592018094556286
169,169,4,recov,0.1669423599552343,1.7901066761119986,293.33333333333337,1.5592018094556286
170,170,5,recov,0.16674767758117884,1.7912735218325455,293.33333333333337,1.5592018094556286
171,171,3,recov,0.16879396214912115,1.7790764667187764,293.33333333333337,1.5592018094556286
172,172,4,recov,0.16860147987052262,1.7802174560476682,293.33333333333337,1.5592018094556286
173,173,5,recov,0.16841135435414123,1.7813457545410407,293.33333333333337,1.5592018094556286
174,174,3,recov,0.1703882973084154,1.7696753447128628,293.33333333333337,1.5592018094556286
175,175,4,recov,0.17020039789905808,1.7707787250132925,293.33333333333337,1.5592018094556286
176,176,5,recov,0.1700147852633591,1.7718698735763259,293.33333333333337,1.5592018094556286
177,177,3,recov,0.17192501253497097,1.7606968708667097,293.33333333333337,1.5592018094556286
178,178,4,recov,0.17174164420060348,1.7617640000058028,293.33333333333337,1.5592018094556286
179,179,5,recov,0.17156049444217786,1.7628193373011343,293.33333333333337,1.5592018094556286
180,180,3,recov,0.17340651449680503,1.752116646155673,293.33333333333337,1.5592018094556286
181,181,4,recov,0.17322762023793448,1.7531488253718959,293.33333333333337,1.5592018094556286
182,182,5,recov,0.17305087814381281,1.7541696344044837,293.33333333333337,1.5592018094556286
183,183,3,recov,0.17483508841477188,1.7439121012669205,293.33333333333337,1.5592018094556286
184,184,4,recov,0.17466060676542905,1.7449105780221135,293.33333333333337,1.5592018094556286
185,185,5,recov,0.17448821264537454,1.745898088931387,293.33333333333337,1.5592018094556286
186,186,3,recov,0.17621290553708982,1.7360623244784215,293.33333333333337,1.5592018094556286
187,187,4,recov,0.17604277122669307,1.737028295134674,293.33333333333337,1.5592018094556286
188,188,5,recov,0.17587466156963083,1.7379836878159267,293.33333333333337,1.5592018094556286
189,189,3,recov,0.17754203006553798,1.7285479089951588,293.33333333333337,1.5592018094556286
190,190,4,recov,0.17737617461175134,1.7294825213293463,293.33333333333337,1.5592018094556286
191,191,5,recov,0.1772122826740894,1.7304069278968204,293.33333333333337,1.5592018094556286
192,192,3,recov,0.17882442557983014,1.7213508171844878,293.33333333333337,1.5592018094556286
193,193,4,recov,0.17866277781945514,1.7222551727522115,293.33333333333337,1.5592018094556286
194,194,5,recov,0.1785030341522167,1.7231496798552743,293.33333333333337,1.5592018094556286
195,195,3,recov,0.18006196100221555,1.7144542595346333,293.33333333333337,1.5592018094556286
196,196,4,recov,0.17990444756640322,1.7153294158943166,293.33333333333337,1.5592018094556286
197,197,5,recov,0.17974878048735088,1.716195066897176,293.33333333333337,1.5592018094556286
198,198,3,recov,0.1812564161403787,1.707842586478704,293.33333333333337,1.5592018094556286
199,199,4,recov,0.18110296187977817,1.7086895592857139,293.33333333333337,1.5592018094556286
200,200,5,recov,0.18095129789605569,1.7095273563202662,293.33333333333337,1.5592018094556286
201,201,3,recov,0.18240948684314562,1.7015011914929854,293.33333333333337,1.5592018094556286
202,202,4,recov,0.182260015208015,1.7023209564728397,293.33333333333337,1.5592018094556286
203,203,5,recov,0.1821122793942532,1.7031318623734575,293.33333333333337,1.5592018094556286
204,204,3,recov,0.1835227898003168,1.6954164241019904,293.33333333333337,1.5592018094556286
205,205,4,recov,0.1833772231800955,1.69620991891098,293.33333333333337,1.5592018094556286
206,206,5,recov,0.18323333951641238,1.6969948590393409,293.33333333333337,1.5592018094556286
207,207,3,recov,0.18459786701507988,1.6895755116113438,293.33333333333337,1.5592018094556286
208,208,4,recov,0.18445612704145542,1.6903436375922367,293.33333333333337,1.5592018094556286
209,209,5,recov,0.18431601871532374,1.69110350155965,293.33333333333337,1.5592018094556286
210,210,3,recov,0.18563618997488557,1.6839664885491152,293.33333333333337,1.5592018094556286
211,211,4,recov,0.18549819779197227,1.6847101123889996,293.33333333333337,1.5592018094556286
212,212,5,recov,0.18536178746752005,1.6854457556831046,293.33333333333337,1.5592018094556286
213,213,3,recov,0.18663916354435553,1.6785781329316223,293.33333333333337,1.5592018094556286
214,214,4,recov,0.18650484004923326,1.6792980882284017,293.33333333333337,1.5592018094556286
215,215,5,recov,0.1863720501071803,1.6800103337505679,293.33333333333337,1.5592018094556286
216,216,3,recov,0.187608129601708,1.6733999085850346,293.33333333333337,1.5592018094556286
217,217,4,recov,0.1874773956582396,1.674096997328578,293.33333333333337,1.5592018094556286
218,218,5,recov,0.1873481484093485,1.674786636847865,293.33333333333337,1.5592018094556286
219,219,3,recov,0.18854437043830763,1.668421912852607,293.33333333333337,1.5592018094556286
220,220,4,recov,0.18841714706685925,1.6690969068261075,293.33333333333337,1.5592018094556286
221,221,5,recov,0.18829136494149154,1.6697647023551838,293.33333333333337,1.5592018094556286
222,222,3,recov,0.1894491119392498,1.6636348291017533,293.33333333333337,1.5592018094556286
223,223,4,recov,0.1893253204846766,1.6642884712084207,293.33333333333337,1.5592018094556286
224,224,5,recov,0.18920292620078627,1.664935156306442,293.33333333333337,1.5592018094556286
225,225,3,recov,0.19032352656135768,1.6590298835176727,293.33333333333337,1.5592018094556286
226,226,4,recov,0.19020308884138165,1.6596628890375107,293.33333333333337,1.5592018094556286
227,227,5,recov,0.19008400555304694,1.6602891700445832,293.33333333333337,1.5592018094556286
228,228,3,recov,0.19116873612358257,1.6545988057327066,293.33333333333337,1.5592018094556286
229,229,4,recov,0.19105157455948016,1.6552118635137676,293.33333333333337,1.5592018094556286
230,230,5,recov,0.19093572598786826,1.6558184207212858,293.33333333333337,1.5592018094556286
231,231,3,recov,0.19198581442354185,1.6503337928945738,293.33333333333337,1.5592018094556286
232,232,4,recov,0.19187185215486963,1.6509275664827705,293.33333333333337,1.5592018094556286
233,233,5,recov,0.1917591627033437,1.6515150552435982,293.33333333333337,1.5592018094556286
234,234,3,recov,0.19277578969279044,1.6462274768233618,293.33333333333337,1.5592018094556286
235,235,4,recov,0.1926649506777097,1.6468026055346103,293.33333333333337,1.5592018094556286
236,236,5,recov,0.1925553455326208,1.6473716573167976,293.33333333333337,1.5592018094556286
237,237,3,recov,0.19353964690238729,1.6422728939477287,293.33333333333337,1.5592018094556286
238,238,4,recov,0.19343185600499557,1.6428299938859394,293.33333333333337,1.5592018094556286
239,239,5,recov,0.19332526122355415,1.6433812172733941,293.33333333333337,1.5592018094556286
240,240,3,recov,0.19427832992937838,1.638463457746099,293.33333333333337,1.5592018094556286
241,241,4,recov,0.19417351299532146,1.639003122770271,293.33333333333337,1.5592018094556286
242,242,5,recov,0.1940698555818069,1.6395371044135765,293.33333333333337,1.5592018094556286
243,243,3,recov,0.194992743593964,1.6347929334494327,293.33333333333337,1.5592018094556286
244,244,4,recov,0.1948908275154777,1.6353157360928865,293.33333333333337,1.5592018094556286
245,245,5,recov,0.19479003548692658,1.6358330416132154,293.33333333333337,1.5592018094556286
246,246,3,recov,0.19568375557634043,1.6312554147890763,293.33333333333337,1.5592018094556286
247,247,4,recov,0.19558466834776364,1.631761907133648,293.33333333333337,1.5592018094556286
248,248,5,recov,0.19548667079016616,1.6322630819825372,293.33333333333337,1.5592018094556286
249,249,3,recov,0.19635219822149466,1.627845302596826,293.33333333333337,1.5592018094556286
250,250,4,recov,0.1962558689861943,1.6283360171046481,293.33333333333337,1.5592018094556286
251,251,5,recov,0.19616059610213268,1.6288215873821954,293.33333333333337,1.5592018094556286
252,252,3,recov,0.19699887023958837,1.6245572850850172,293.33333333333337,1.5592018094556286
253,253,4,recov,0.19690522932914867,1.6250327353903389,293.33333333333337,1.5592018094556286
254,254,5,recov,0.19681261247772178,1.6255032086242172,293.33333333333337,1.5592018094556286
255,255,3,recov,0.19762453830897225,1.6213863196527136,293.33333333333337,1.5592018094556286
256,256,4,recov,0.19753351727541982,1.6218470013160426,293.33333333333337,1.5592018094556286
257,257,5,recov,0.19744348900521957,1.622302867203564,293.33333333333337,1.5592018094556286
258,258,3,recov,0.19822993858833543,1.6183276160801188,293.33333333333337,1.5592018094556286
259,259,4,recov,0.19814147023009906,1.6187740073068178,293.33333333333337,1.5592018094556286
260,260,5,recov,0.19805396430593222,1.6192157384221306,293.33333333333337,1.5592018094556286
261,261,3,recov,0.1988157781439993,1.615376620987525,293.33333333333337,1.5592018094556286
262,262,4,recov,0.19872979652623815,1.6158091833128543,293.33333333333337,1.5592018094556286
263,263,5,recov,0.19864474795022227,1.6162372357812202,293.33333333333337,1.5592018094556286
264,264,3,recov,0.19938273629791506,1.6125290034476718,293.33333333333337,1.5592018094556286
265,265,4,recov,0.19929917676778897,1.612948182390138,293.33333333333337,1.5592018094556286
266,266,5,recov,0.19921652179539254,1.6133629965311098,293.33333333333337,1.5592018094556286
267,267,3,recov,0.19993146590150776,1.6097806416515108,293.33333333333337,1.5592018094556286
268,268,4,recov,0.19985026509891066,1.610186867336264,293.33333333333337,1.5592018094556286
269,269,5,recov,0.1997699412504546,1.6105888682774654,293.33333333333337,1.5592018094556286
270,270,3,recov,0.20046259454013257,1.6071276105372565,293.33333333333337,1.5592018094556286
271,271,4,recov,0.20038369040436074,1.6075212982911637,293.33333333333337,1.5592018094556286
272,272,5,recov,0.20030563647245084,1.607910896554265,293.33333333333337,1.5592018094556286
273,273,3,recov,0.20097672567255867,1.604566170301388,293.33333333333337,1.5592018094556286
274,274,4,recov,0.20090005744534234,1.6049477212213075,293.33333333333337,1.5592018094556286
275,275,5,recov,0.20082421349865778,1.6053253132816898,293.33333333333337,1.5592018094556286
276,276,3,recov,0.20147443970957762,1.6020927557180886,293.33333333333337,1.5592018094556286
277,277,4,recov,0.20139994793486396,1.6024625572137763,293.33333333333337,1.5592018094556286
278,278,5,recov,0.20132625531868897,1.602828526035284,293.33333333333337,1.5592018094556286
279,279,3,recov,0.20195629503553764,1.5997039662006054,293.33333333333337,1.5592018094556286
280,280,4,recov,0.20188392155637802,1.6000623925135922,293.33333333333337,1.5592018094556286
281,281,5,recov,0.20181232289022671,1.600417108059684,293.33333333333337,1.5592018094556286
282,282,3,recov,0.20242282897633546,1.59739655654424,293.33333333333337,1.5592018094556286
283,283,4,recov,0.2023525169291962,1.5977439692439397,293.33333333333337,1.5592018094556286
284,284,5,recov,0.20228295610184954,1.5980877889664709,293.33333333333337,1.5592018094556286
285,285,3,recov,0.2028745587171483,1.5951674282962747,293.33333333333337,1.5592018094556286
286,286,4,recov,0.20280625252393567,1.595504176754498,293.33333333333337,1.5592018094556286
287,287,5,recov,0.20273867468617898,1.59583744606129,293.33333333333337,1.5592018094556286
288,288,3,recov,0.20331198217295812,1.5930136217031383,293.33333333333337,1.5592018094556286
289,289,4,recov,0.20324562753102013,1.5933400435481284,293.33333333333337,1.5592018094556286
290,290,5,recov,0.20317997908634425,1.5936630962504088,293.33333333333337,1.5592018094556286
291,291,3,recov,0.20373557881471058,1.5909323081896105,293.33333333333337,1.5592018094556286
292,292,4,recov,0.20367112268505486,1.5912487297406366,293.33333333333337,1.5592018094556286
293,293,5,recov,0.2036073512785576,1.5915618884813763,293.33333333333337,1.5592018094556286
294,294,3,recov,0.2041458104537531,1.588920783328902,293.33333333333337,1.5592018094556286
295,295,4,recov,0.20408320104769698,1.5892275200123962,293.33333333333337,1.5592018094556286
296,296,5,recov,0.20402125555340256,1.5895310966764986,293.33333333333337,1.5592018094556286
297,297,3,recov,0.20454312198701916,1.586976460266081,293.33333333333337,1.5592018094556286
298,298,4,recov,0.2044823087514689,1.587273817014235,293.33333333333337,1.5592018094556286
299,299,5,recov,0.20442213925825992,1.5875681131214852,293.33333333333337,1.5592018094556286
300,300,3,recov,0.204927942105257,1.5850968635605867,293.33333333333337,1.5592018094556286
301,301,4,recov,0.2048688757067938,1.585385135193283,293.33333333333337,1.5592018094556286
302,302,5,recov,0.2048104335031346,1.5856704422749042,293.33333333333337,1.5592018094556286
303,303,3,recov,0.2053006839664489,1.5832796234165303,293.33333333333337,1.5592018094556286
304,304,4,recov,0.20524331627438333,1.583559095007421,293.33333333333337,1.5592018094556286
305,305,5,recov,0.20518655383199527,1.5838356949670451,293.33333333333337,1.5592018094556286
306,306,3,recov,0.20566174583642335,1.5815224702721493,293.33333333333337,1.5592018094556286
307,307,4,recov,0.2056060299049642,1.5817934174996562,293.33333333333337,1.5592018094556286
308,308,5,recov,0.20555090086159922,1.5820615829594604,293.33333333333337,1.5592018094556286
309,309,3,recov,0.20601151169853013,1.5798232297221988,293.33333333333337,1.5592018094556286
310,310,4,recov,0.20595740174820054,1.5800859192061603,293.33333333333337,1.5592018094556286
311,311,5,recov,0.20590386088964552,1.5803459138388856,293.33333333333337,1.5592018094556286
312,312,3,recov,0.20635035183412911,1.5781798177492397,293.33333333333337,1.5592018094556286
313,313,4,recov,0.20629780323254918,1.5784345073738932,293.33333333333337,1.5592018094556286
314,314,5,recov,0.20624580647398083,1.5786865862214152,293.33333333333337,1.5592018094556286
315,315,3,recov,0.2066786233755262,1.5765902362417792,293.33333333333337,1.5592018094556286
316,316,4,recov,0.20662759261767105,1.576837175465724,293.33333333333337,1.5592018094556286
317,317,5,recov,0.20657709698446994,1.577081585244815,293.33333333333337,1.5592018094556286
318,318,3,recov,0.20699667083288814,1.5750525687790073,293.33333333333337,1.5592018094556286
319,319,4,recov,0.206947115520919,1.5752919989327603,293.33333333333337,1.5592018094556286
320,320,5,recov,0.2068980791290406,1.5755289783286397,293.33333333333337,1.5592018094556286
321,321,3,recov,0.20730482659656843,1.5735649766635091,293.33333333333337,1.5592018094556286
322,322,4,recov,0.20725670541932534,1.5737971312352332,293.33333333333337,1.5592018094556286
323,323,5,recov,0.20720908745531721,1.5740269111834764,293.33333333333337,1.5592018094556286
324,324,3,recov,0.2076034114161871,1.5721256951848248,293.33333333333337,1.5592018094556286
325,325,4,recov,0.2075566841284232,1.5723508000947748,293.33333333333337,1.5592018094556286
326,326,5,recov,0.2075104448291681,1.572573604052113,293.33333333333337,1.5592018094556286
327,327,3,recov,0.2078927348577228,1.5707330300980722,293.33333333333337,1.5592018094556286
328,328,4,recov,0.2078473622591519,1.5709513039622758,293.33333333333337,1.5592018094556286
329,329,5,recov,0.20780246289140872,1.571167348166801,293.33333333333337,1.5592018094556286
330,330,3,recov,0.2081730957397968,1.5693853543030918,293.33333333333337,1.5592018094556286
331,331,4,recov,0.20812903965401888,1.569597008686756,293.33333333333337,1.5592018094556286
332,332,5,recov,0.20808544249382696,1.5698065024080046,293.33333333333337,1.5592018094556286
333,333,3,recov,0.20844478255025664,1.5680811047106928,293.33333333333337,1.5592018094556286
334,334,4,recov,0.20840200580361984,1.5682863443717967,293.33333333333337,1.5592018094556286
335,335,5,recov,0.20835967411562495,1.568489490151172,293.33333333333337,1.5592018094556286
336,336,3,recov,0.20870807384409842,1.5668187792836077,293.33333333333337,1.5592018094556286
337,337,4,recov,0.20866654024454945,1.5670178024071235,293.33333333333337,1.5592018094556286
338,338,5,recov,0.20862543826130367,1.5672147962890854,293.33333333333337,1.5592018094556286
339,339,3,recov,0.2089632386237051,1.5655969342407017,293.33333333333337,1.5592018094556286
340,340,4,recov,0.20892291293967466,1.5657899326638596,293.33333333333337,1.5592018094556286
341,341,5,recov,0.2088830058409578,1.5659809644182907,293.33333333333337,1.5592018094556286
342,342,3,recov,0.20921053670231757,1.5644141814138486,293.33333333333337,1.5592018094556286
343,343,4,recov,0.20917138464168314,1.564601340842836,293.33333333333337,1.5592018094556286
344,344,5,recov,0.2091326385338874,1.5647865941789738,293.33333333333337,1.5592018094556286
345,345,3,recov,0.20945021905160177,1.5632691857476646,293.33333333333337,1.5592018094556286
346,346,4,recov,0.2094122072407646,1.5634506859661397,293.33333333333337,1.5592018094556286
347,347,5,recov,0.2093745891363802,1.563630338738438,293.33333333333337,1.5592018094556286
348,348,3,recov,0.209682528134124,1.5621606629330147,293.33333333333337,1.5592018094556286
349,349,4,recov,0.20964562409723334,1.5623366780027856,293.33333333333337,1.5592018094556286
350,350,5,recov,0.20960910189446905,1.5625109024090593,293.33333333333337,1.5592018094556286
351,351,3,recov,0.2099076982214975,1.5610873771658773,293.33333333333337,1.5592018094556286
352,352,4,recov,0.20987187035985205,1.5612580756200851,293.33333333333337,1.5592018094556286
353,353,5,recov,0.2098364128224193,1.561427038392267,293.33333333333337,1.5592018094556286
354,354,3,recov,0.21012595569892023,1.560048139023747,293.33333333333337,1.5592018094556286
355,355,4,recov,0.2100911732705724,1.5602136840528733,293.33333333333337,1.5592018094556286
356,356,5,recov,0.21005675000766083,1.560377546640697,293.33333333333337,1.5592018094556286
357,357,3,recov,0.21033751935678222,1.559041803452324,293.33333333333337,1.5592018094556286
358,358,4,recov,0.21030375245636787,1.5592023530833257,293.33333333333337,1.5592018094556286
359,359,5,recov,0.2102703339028343,1.5593612718312362,293.33333333333337,1.5592018094556286
360,360,0,fam_r,0.033852918184128354,3.385730074059649,293.33333333333337,1.5592018094556286
361,361,1,fam_r,0.033847647449051346,3.3858857813285135,293.33333333333337,1.5592018094556286
362,362,2,fam_r,0.03384243103779492,3.386039907646088,293.33333333333337,1.5592018094556286
363,363,0,fam_r,0.03937883739742275,3.2345267288727104,293.33333333333337,1.5592018094556286
364,364,1,fam_r,0.03937289112539839,3.2346777419907,293.33333333333337,1.5592018094556286
365,365,2,fam_r,0.03936700608477732,3.2348272225168513,293.33333333333337,1.5592018094556286
366,366,0,fam_r,0.044735749703784584,3.106982327348341,293.33333333333337,1.5592018094556286
367,367,1,fam_r,0.04472919807321968,3.1071287898621947,293.33333333333337,1.5592018094556286
368,368,2,fam_r,0.044722713848993435,3.107273766623412,293.33333333333337,1.5592018094556286
369,369,0,fam_r,0.049928966627719625,2.9971539511043894,293.33333333333337,1.5592018094556286
370,370,1,fam_r,0.04992187467448168,2.9972960020507284,293.33333333333337,1.5592018094556286
371,371,2,fam_r,0.04991485562507164,2.9974366126136056,293.33333333333337,1.5592018094556286
372,372,0,fam_r,0.05496362431258191,2.901083688690217,293.33333333333337,1.5592018094556286
373,373,1,fam_r,0.0549560522728556,2.90122146274439,293.33333333333337,1.5592018094556286
374,374,2,fam_r,0.05494855800837334,2.9013578403626665,293.33333333333337,1.5592018094556286
0,0,0,fam,0.06666666666666667,2.70805020110221,366.6666666666667,1.5424821282777827
1,1,1,fam,0.06578947368421052,2.7212954278522306,366.6666666666667,1.5424821282777827
2,2,2,fam,0.06494349915573451,2.734237630855858,366.6666666666667,1.5424821282777827
3,3,0,fam,0.07669734936853999,2.5678881296345053,366.6666666666667,1.5424821282777827
4,4,1,fam,0.07575462090076338,2.5802558344629287,366.6666666666667,1.5424821282777827
5,5,2,fam,0.07484387396241513,2.592351015655429,366.6666666666667,1.5424821282777827
6,6,0,fam,0.08572566331877977,2.456603042911211,366.6666666666667,1.5424821282777827
7,7,1,fam,0.08473892177283428,2.4681802578104577,366.6666666666667,1.5424821282777827
8,8,2,fam,0.0837841716241019,2.4795111721019767,366.6666666666667,1.5424821282777827
9,9,0,fam,0.0938911737355197,2.365618893612701,366.6666666666667,1.5424821282777827
10,10,1,fam,0.09287687160143504,2.3764806243148495,366.6666666666667,1.5424821282777827
11,11,2,fam,0.09189407135001652,2.3871187636708346,366.6666666666667,1.5424821282777827
12,12,0,fam,0.1013087046769609,2.2895829417355227,366.6666666666667,1.5424821282777827
13,13,1,fam,0.10027947067171897,2.2997942842089776,366.6666666666667,1.5424821282777827
14,14,2,fam,0.09928092399852657,2.309801831133461,366.6666666666667,1.5424821282777827
15,15,0,fam,0.1080735895607952,2.224942899072979,366.6666666666667,1.5424821282777827
16,16,1,fam,0.10703914075440918,2.234560709966191,366.6666666666667,1.5424821282777827
17,17,2,fam,0.10603436015476106,2.2439920849927035,366.6666666666667,1.5424821282777827
18,18,0,fam,0.11426563900413249,2.169229374513163,366.6666666666667,1.5424821282777827
19,19,1,fam,0.11323345660948662,2.178303603792927,366.6666666666667,1.5424821282777827
20,20,2,fam,0.11222980222353882,2.1872067041978953,366.6666666666667,1.5424821282777827
21,21,0,fam,0.11995217725958102,2.120662138468246,366.6666666666667,1.5424821282777827
22,22,1,fam,0.11892801283894992,2.129236903043552,366.6666666666667,1.5424821282777827
23,23,2,fam,0.11793117305543654,2.137654103881171,366.6666666666667,1.5424821282777827
24,24,0,fam,0.12519039271894172,2.0779195587321673,366.6666666666667,1.5424821282777827
25,25,1,fam,0.12417865114295366,2.0860340152162076,366.6666666666667,1.5424821282777827
26,26,2,fam,0.12319300767480604,2.0940029853797086,366.6666666666667,1.5424821282777827
27,27,0,fam,0.13002917670268616,2.039996417534076,366.6666666666667,1.5424821282777827
28,28,1,fam,0.12903320848751462,2.0476854776141447,366.6666666666667,1.5424821282777827
29,29,2,fam,0.12806211613373347,2.0552398504790994,366.6666666666667,1.5424821282777827
30,30,0,fam,0.13451057595352314,2.0061124514068402,366.6666666666667,1.5424821282777827
31,31,1,fam,0.13353290225105932,2.0134073726983828,366.6666666666667,1.5424821282777827
32,32,2,fam,0.13257890499902064,2.0205773013746637,366.6666666666667,1.5424821282777827
33,33,0,fam,0.1386709503101507,1.9756514162063803,366.6666666666667,1.5424821282777827
34,34,1,fam,0.13771343735582375,1.9825802937251675,366.6666666666667,1.5424821282777827
35,35,2,fam,0.13677843652610505,1.989392913951394,366.6666666666667,1.5424821282777827
36,36,0,fam,0.1425419030910093,1.94811926572064,366.6666666666667,1.5424821282777827
37,37,1,fam,0.14160589837764895,1.9547074433806866,366.6666666666667,1.5424821282777827
38,38,2,fam,0.14069128432119432,1.9611872619034691,366.6666666666667,1.5424821282777827
39,39,0,fam,0.1461510346002648,1.923114708419731,366.6666666666667,1.5424821282777827
40,40,1,fam,0.14523747382687607,1.9293851256823058,366.6666666666667,1.5424821282777827
41,41,2,fam,0.1443442296961634,1.9355543480666249,366.6666666666667,1.5424821282777827
42,42,0,fam,0.14952255678211787,1.9003080160471242,366.6666666666667,1.5424821282777827
43,43,1,fam,0.14863204831544108,1.9062815016107637,366.6666666666667,1.5424821282777827
44,44,2,fam,0.14776083227775316,1.9121603104746852,366.6666666666667,1.5424821282777827
45,45,0,fam,0.15267779798503203,1.8794254736283418,366.6666666666667,1.5424821282777827
46,46,1,fam,0.15181068989537824,1.8851209955818737,366.6666666666667,1.5424821282777827
47,47,2,fam,0.15096190058817377,1.8907277879893458,366.6666666666667,1.5424821282777827
48,48,0,fam,0.1556356200934832,1.8602377725269639,366.6666666666667,1.5424821282777827
49,49,1,fam,0.15479205359833542,1.865672652488198,366.6666666666667,1.5424821282777827
50,50,2,fam,0.15396588247391602,1.871024243489814,366.6666666666667,1.5424821282777827
51,51,0,fam,0.15841276527756257,1.8425512139754194,366.6666666666667,1.5424821282777827
52,52,1,fam,0.15759271751862924,1.8477413112641496,366.6666666666667,1.5424821282777827
53,53,2,fam,0.1567891908701987,1.8528531092188034,366.6666666666667,1.5424821282777827
54,54,0,fam,0.16102414583611874,1.8262009511052872,366.6666666666667,1.5424821282777827
55,55,1,fam,0.1602274642386733,1.8311608218463409,366.6666666666667,1.5424821282777827
56,56,2,fam,0.1594464770602727,1.8360469800926829,366.6666666666667,1.5424821282777827
57,57,0,fam,0.16348308773893755,1.8110457329005822,366.6666666666667,1.5424821282777827
58,58,1,fam,0.1627095176935682,1.815788768044213,366.6666666666667,1.5424821282777827
59,59,2,fam,0.16195086104417614,1.8204623166504599,366.6666666666667,1.5424821282777827
60,60,0,fam,0.16580153627317398,1.7969637705025552,366.6666666666667,1.5424821282777827
61,61,1,fam,0.1650507434948505,1.8015023160287338,366.6666666666667,1.5424821282777827
62,62,2,fam,0.16431412667072842,1.8059752766811488,366.6666666666667,1.5424821282777827
63,63,0,fam,0.16799023049952716,1.7838494530582878,366.6666666666667,1.5424821282777827
64,64,1,fam,0.16726181912512442,1.7881949150558287,366.6666666666667,1.5424821282777827
65,65,2,fam,0.16654688766443432,1.7924784016114144,366.6666666666667,1.5424821282777827
66,66,3,recov,0.0404903254486757,3.2066922112159686,366.6666666666667,1.5424821282777827
67,67,4,recov,0.04032211714403649,3.2108551480648977,366.6666666666667,1.5424821282777827
68,68,5,recov,0.04015696196013104,3.2149594548632594,366.6666666666667,1.5424821282777827
69,69,3,recov,0.04783456351708949,3.04000681465397,366.6666666666667,1.5424821282777827
70,70,4,recov,0.04764407417213173,3.043997018165691,366.6666666666667,1.5424821282777827
71,71,5,recov,0.04745697832407858,3.0479316978463546,366.6666666666667,1.5424821282777827
72,72,3,recov,0.05479085191222896,2.9042320348717476,366.6666666666667,1.5424821282777827
73,73,4,recov,0.05458159167229976,2.908058601937711,366.6666666666667,1.5424821282777827
74,74,5,recov,0.05437599264360852,2.9118325342252795,366.6666666666667,1.5424821282777827
75,75,3,recov,0.06138621808718354,2.790569930144997,366.6666666666667,1.5424821282777827
76,76,4,recov,0.06116125817963982,2.794241326196318,366.6666666666667,1.5424821282777827
77,77,5,recov,0.06094016615563933,2.7978627788835038,366.6666666666667,1.5424821282777827
78,78,3,recov,0.06764526780161896,2.6934778780076196,366.6666666666667,1.5424821282777827
79,79,4,recov,0.06740729763664917,2.6970019933842435,366.6666666666667,1.5424821282777827
80,80,5,recov,0.06717335073486735,2.700478676551727,366.6666666666667,1.5424821282777827
81,81,3,recov,0.07359045072919122,2.6092400071922786,366.6666666666667,1.5424821282777827
82,82,4,recov,0.07334182684784825,2.612624207352103,366.6666666666667,1.5424821282777827
83,83,5,recov,0.07309733851547488,2.6159633217062543,366.6666666666667,1.5424821282777827
84,84,3,recov,0.07924229183686808,2.5352451348432856,366.6666666666667,1.5424821282777827
85,85,4,recov,0.07898507999279543,2.5384963052022624,366.6666666666667,1.5424821282777827
86,86,5,recov,0.07873207979891288,2.5417045852807125,366.6666666666667,1.5424821282777827
87,87,3,recov,0.0846195935740346,2.4695894366557254,366.6666666666667,1.5424821282777827
88,88,4,recov,0.08435560501227922,2.4727140227339364,366.6666666666667,1.5424821282777827
89,89,5,recov,0.08409587385107477,2.4757977756197382,366.6666666666667,1.5424821282777827
90,90,3,recov,0.08973961307930291,2.4108429900181108,366.6666666666667,1.5424821282777827
91,91,4,recov,0.08947043589467796,2.4138470334698425,366.6666666666667,1.5424821282777827
92,92,5,recov,0.08920553644408147,2.416812173563536,366.6666666666667,1.5424821282777827
93,93,3,recov,0.09461821793370521,2.3579052428847858,366.6666666666667,1.5424821282777827
94,94,4,recov,0.09434524424378554,2.3607944139092476,366.6666666666667,1.5424821282777827
95,95,5,recov,0.09407654738384952,2.3636464942313244,366.6666666666667,1.5424821282777827
96,96,3,recov,0.09927002343061686,2.3099116323513527,366.6666666666667,1.5424821282777827
97,97,4,recov,0.0989944729778922,2.3126912589121558,366.6666666666667,1.5424821282777827
98,98,5,recov,0.09872318075844683,2.315435499343638,366.6666666666667,1.5424821282777827
99,99,3,recov,0.10370851387188158,2.2661710661342918,366.6666666666667,1.5424821282777827
100,100,4,recov,0.10343145457058031,2.2688461603578474,366.6666666666667,1.5424821282777827
101,101,5,recov,0.10315862022329803,2.271487473171876,366.6666666666667,1.5424821282777827
102,102,3,recov,0.10794615001765333,2.226122787153346,366.6666666666667,1.5424821282777827
103,103,4,recov,0.1076685158791203,2.2286980692272182,366.6666666666667,1.5424821282777827
104,104,5,recov,0.10739506129119647,2.2312410822179727,366.6666666666667,1.5424821282777827
105,105,3,recov,0.11199446449969198,2.1893058330183472,366.6666666666667,1.5424821282777827
106,106,4,recov,0.11171707130265637,2.1917857528687454,366.6666666666667,1.5424821282777827
107,107,5,recov,0.11144380230474897,2.1942348303443664,366.6666666666667,1.5424821282777827
108,108,3,recov,0.11586414674249314,2.1553369229780217,366.6666666666667,1.5424821282777827
109,109,4,recov,0.11558770575847038,2.1577256799699147,366.6666666666667,1.5424821282777827
110,110,5,recov,0.11531532552586227,2.1600849418421797,366.6666666666667,1.5424821282777827
111,111,3,recov,0.11956511871425832,2.123894129549941,366.6666666666667,1.5424821282777827
112,112,4,recov,0.11929024875159276,2.1261956904226826,366.6666666666667,1.5424821282777827
113,113,5,recov,0.11901936957276106,2.128469029597128,366.6666666666667,1.5424821282777827
114,114,3,recov,0.12310660264272193,2.0947046108148224,366.6666666666667,1.5424821282777827
115,115,4,recov,0.12283384063370688,2.0969227260399115,366.6666666666667,1.5424821282777827
116,116,5,recov,0.12256499426300937,2.0991138242850975,366.6666666666667,1.5424821282777827
117,117,3,recov,0.12649718167310087,2.0675352503267734,366.6666666666667,1.5424821282777827
118,118,4,recov,0.12622699199584933,2.069673469051724,366.6666666666667,1.5424821282777827
119,119,5,recov,0.12596063877557864,2.0717858115047996,366.6666666666667,1.5424821282777827
120,120,3,recov,0.1297448543119222,2.0421854162048527,366.6666666666667,1.5424821282777827
121,121,4,recov,0.12947763701110515,2.0442470999276243,366.6666666666667,1.5424821282777827
122,122,5,recov,0.1292141739216739,2.0462839883747055,366.6666666666667,1.5424821282777827
123,123,3,recov,0.13285708338715327,2.0184812895138267,366.6666666666667,1.5424821282777827
124,124,4,recov,0.1325931814344759,2.0204696246153104,366.6666666666667,1.5424821282777827
125,125,5,recov,0.13233294920912966,2.02243418966906,366.6666666666667,1.5424821282777827
126,126,3,recov,0.13584084015856496,1.9962713715253513,366.6666666666667,1.5424821282777827
127,127,4,recov,0.13558054587418897,1.9981893807727231,366.6666666666667,1.5424821282777827
128,128,5,recov,0.1353238352957066,2.000084593055464,366.6666666666667,1.5424821282777827
129,129,3,recov,0.13870264412987587,1.9754228881813742,366.6666666666667,1.5424821282777827
130,130,4,recov,0.13844620486931664,1.9772734413023243,366.6666666666667,1.5424821282777827
131,131,5,recov,0.13819326235007842,1.9791021217308171,366.6666666666667,1.5424821282777827
132,132,3,recov,0.14144859904369195,1.9558188855346372,366.6666666666667,1.5424821282777827
133,133,4,recov,0.14119622224053668,1.957604708951328,366.6666666666667,1.5424821282777827
134,134,5,recov,0.1409472547736572,1.959369538208656,366.6666666666667,1.5424821282777827
135,135,3,recov,0.14408442547971026,1.9373558631522878,366.6666666666667,1.5424821282777827
136,136,4,recov,0.1438362831224119,1.9390795489541248,366.6666666666667,1.5424821282777827
137,137,5,recov,0.143591462679956,1.9407830762248015,366.6666666666667,1.5424821282777827
138,138,3,recov,0.1466154904245512,1.9199418305513158,366.6666666666667,1.5424821282777827
139,139,4,recov,0.1463717230352199,1.9216058447770625,366.6666666666667,1.5424821282777827
140,140,5,recov,0.14613119047953343,1.9232504958132781,366.6666666666667,1.5424821282777827
141,141,3,recov,0.14904683413663103,1.9034946993611854,366.6666666666667,1.5424821282777827
142,142,4,recov,0.14880755431089204,1.9051013896534474,366.6666666666667,1.5424821282777827
143,143,5,recov,0.14857142287651576,1.9066894742331766,366.6666666666667,1.5424821282777827
144,144,3,recov,0.15138319459061078,1.8879409442017674,366.6666666666667,1.5424821282777827
145,145,4,recov,0.15114849015000134,1.8894925468902442,366.6666666666667,1.5424821282777827
146,146,5,recov,0.15091684854628,1.891026265721597,366.6666666666667,1.5424821282777827
147,147,3,recov,0.15362902975226503,1.8732144803430428,366.6666666666667,1.5424821282777827
148,148,4,recov,0.15339896655410137,1.8747131270071284,366.6666666666667,1.5424821282777827
149,149,5,recov,0.15317188173226448,1.8761945781277296,366.6666666666667,1.5424821282777827
150,150,3,recov,0.15578853790533875,1.8592557175372155,366.6666666666667,1.5424821282777827
151,151,4,recov,0.15556316234934917,1.8607034410933678,366.6666666666667,1.5424821282777827
152,152,5,recov,0.1553406819723736,1.8621346258086053,366.6666666666667,1.5424821282777827
153,153,3,recov,0.15786567622647726,1.8460107580033587,366.6666666666667,1.5424821282777827
154,154,4,recov,0.15764501749262505,1.8474094983580978,366.6666666666667,1.5424821282777827
155,155,5,recov,0.15742717214146362,1.8487923267576993,366.6666666666667,1.5424821282777827
156,156,3,recov,0.1598641777820794,1.8334307131205003,366.6666666666667,1.5424821282777827
157,157,4,recov,0.1596482498297833,1.8347823224258555,366.6666666666667,1.5424821282777827
158,158,5,recov,0.15943505497544844,1.836118618514364,366.6666666666667,1.5424821282777827
159,159,3,recov,0.16178756710148529,1.8214711184629269,366.6666666666667,1.5424821282777827
160,160,4,recov,0.16157637045678847,1.822777366007546,366.6666666666667,1.5424821282777827
161,161,5,recov,0.1613678282242263,1.8240688724808072,366.6666666666667,1.5424821282777827
162,162,3,recov,0.163639174463885,1.810091430764482,366.6666666666667,1.5424821282777827
163,163,4,recov,0.1634326978179434,1.8113540075304377,366.6666666666667,1.5424821282777827
164,164,5,recov,0.1632287985645433,1.8126023902271364,366.6666666666667,1.5424821282777827
165,165,3,recov,0.16542214902138794,1.7992545934994868,366.6666666666667,1.5424821282777827
166,166,4,recov,0.1652203706608849,1.80047511641194,366.6666666666667,1.5424821282777827
167,167,5,recov,0.165021094389777,1.8016819684664775,366.6666666666667,1.5424821282777827
168,168,3,recov,0.16713947086755526,1.7889266602176437,366.6666666666667,1.5424821282777827
169,169,4,recov,0.1669423599552343,1.7901066761119986,366.6666666666667,1.5424821282777827
170,170,5,recov,0.16674767758117884,1.7912735218325455,366.6666666666667,1.5424821282777827
171,171,3,recov,0.16879396214912115,1.7790764667187764,366.6666666666667,1.5424821282777827
172,172,4,recov,0.16860147987052262,1.7802174560476682,366.6666666666667,1.5424821282777827
173,173,5,recov,0.16841135435414123,1.7813457545410407,366.6666666666667,1.5424821282777827
174,174,3,recov,0.1703882973084154,1.7696753447128628,366.6666666666667,1.5424821282777827
175,175,4,recov,0.17020039789905808,1.7707787250132925,366.6666666666667,1.5424821282777827
176,176,5,recov,0.1700147852633591,1.7718698735763259,366.6666666666667,1.5424821282777827
177,177,3,recov,0.17192501253497097,1.7606968708667097,366.6666666666667,1.5424821282777827
178,178,4,recov,0.17174164420060348,1.7617640000058028,366.6666666666667,1.5424821282777827
179,179,5,recov,0.17156049444217786,1.7628193373011343,366.6666666666667,1.5424821282777827
180,180,3,recov,0.17340651449680503,1.752116646155673,366.6666666666667,1.5424821282777827
181,181,4,recov,0.17322762023793448,1.7531488253718959,366.6666666666667,1.5424821282777827
182,182,5,recov,0.17305087814381281,1.7541696344044837,366.6666666666667,1.5424821282777827
183,183,3,recov,0.17483508841477188,1.7439121012669205,366.6666666666667,1.5424821282777827
184,184,4,recov,0.17466060676542905,1.7449105780221135,366.6666666666667,1.5424821282777827
185,185,5,recov,0.17448821264537454,1.745898088931387,366.6666666666667,1.5424821282777827
186,186,3,recov,0.17621290553708982,1.7360623244784215,366.6666666666667,1.5424821282777827
187,187,4,recov,0.17604277122669307,1.737028295134674,366.6666666666667,1.5424821282777827
188,188,5,recov,0.17587466156963083,1.7379836878159267,366.6666666666667,1.5424821282777827
189,189,3,recov,0.17754203006553798,1.7285479089951588,366.6666666666667,1.5424821282777827
190,190,4,recov,0.17737617461175134,1.7294825213293463,366.6666666666667,1.5424821282777827
191,191,5,recov,0.1772122826740894,1.7304069278968204,366.6666666666667,1.5424821282777827
192,192,3,recov,0.17882442557983014,1.7213508171844878,366.6666666666667,1.5424821282777827
193,193,4,recov,0.17866277781945514,1.7222551727522115,366.6666666666667,1.5424821282777827
194,194,5,recov,0.1785030341522167,1.7231496798552743,366.6666666666667,1.5424821282777827
195,195,3,recov,0.18006196100221555,1.7144542595346333,366.6666666666667,1.5424821282777827
196,196,4,recov,0.17990444756640322,1.7153294158943166,366.6666666666667,1.5424821282777827
197,197,5,recov,0.17974878048735088,1.716195066897176,366.6666666666667,1.5424821282777827
198,198,3,recov,0.1812564161403787,1.707842586478704,366.6666666666667,1.5424821282777827
199,199,4,recov,0.18110296187977817,1.7086895592857139,366.6666666666667,1.5424821282777827
200,200,5,recov,0.18095129789605569,1.7095273563202662,366.6666666666667,1.5424821282777827
201,201,3,recov,0.18240948684314562,1.7015011914929854,366.6666666666667,1.5424821282777827
202,202,4,recov,0.182260015208015,1.7023209564728397,366.6666666666667,1.5424821282777827
203,203,5,recov,0.1821122793942532,1.7031318623734575,366.6666666666667,1.5424821282777827
204,204,3,recov,0.1835227898003168,1.6954164241019904,366.6666666666667,1.5424821282777827
205,205,4,recov,0.1833772231800955,1.69620991891098,366.6666666666667,1.5424821282777827
206,206,5,recov,0.18323333951641238,1.6969948590393409,366.6666666666667,1.5424821282777827
207,207,3,recov,0.18459786701507988,1.6895755116113438,366.6666666666667,1.5424821282777827
208,208,4,recov,0.18445612704145542,1.6903436375922367,366.6666666666667,1.5424821282777827
209,209,5,recov,0.18431601871532374,1.69110350155965,366.6666666666667,1.5424821282777827
210,210,3,recov,0.18563618997488557,1.6839664885491152,366.6666666666667,1.5424821282777827
211,211,4,recov,0.18549819779197227,1.6847101123889996,366.6666666666667,1.5424821282777827
212,212,5,recov,0.18536178746752005,1.6854457556831046,366.6666666666667,1.5424821282777827
213,213,3,recov,0.18663916354435553,1.6785781329316223,366.6666666666667,1.5424821282777827
214,214,4,recov,0.18650484004923326,1.6792980882284017,366.6666666666667,1.5424821282777827
215,215,5,recov,0.1863720501071803,1.6800103337505679,366.6666666666667,1.5424821282777827
216,216,3,recov,0.187608129601708,1.6733999085850346,366.6666666666667,1.5424821282777827
217,217,4,recov,0.1874773956582396,1.674096997328578,366.6666666666667,1.5424821282777827
218,218,5,recov,0.1873481484093485,1.674786636847865,366.6666666666667,1.5424821282777827
219,219,3,recov,0.18854437043830763,1.668421912852607,366.6666666666667,1.5424821282777827
220,220,4,recov,0.18841714706685925,1.6690969068261075,366.6666666666667,1.5424821282777827
221,221,5,recov,0.18829136494149154,1.6697647023551838,366.6666666666667,1.5424821282777827
222,222,3,recov,0.1894491119392498,1.6636348291017533,366.6666666666667,1.5424821282777827
223,223,4,recov,0.1893253204846766,1.6642884712084207,366.6666666666667,1.5424821282777827
224,224,5,recov,0.18920292620078627,1.664935156306442,366.6666666666667,1.5424821282777827
225,225,3,recov,0.19032352656135768,1.6590298835176727,366.6666666666667,1.5424821282777827
226,226,4,recov,0.19020308884138165,1.6596628890375107,366.6666666666667,1.5424821282777827
227,227,5,recov,0.19008400555304694,1.6602891700445832,366.6666666666667,1.5424821282777827
228,228,3,recov,0.19116873612358257,1.6545988057327066,366.6666666666667,1.5424821282777827
229,229,4,recov,0.19105157455948016,1.6552118635137676,366.6666666666667,1.5424821282777827
230,230,5,recov,0.19093572598786826,1.6558184207212858,366.6666666666667,1.5424821282777827
231,231,3,recov,0.19198581442354185,1.6503337928945738,366.6666666666667,1.5424821282777827
232,232,4,recov,0.19187185215486963,1.6509275664827705,366.6666666666667,1.5424821282777827
233,233,5,recov,0.1917591627033437,1.6515150552435982,366.6666666666667,1.5424821282777827
234,234,3,recov,0.19277578969279044,1.6462274768233618,366.6666666666667,1.5424821282777827
235,235,4,recov,0.1926649506777097,1.6468026055346103,366.6666666666667,1.5424821282777827
236,236,5,recov,0.1925553455326208,1.6473716573167976,366.6666666666667,1.5424821282777827
237,237,3,recov,0.19353964690238729,1.6422728939477287,366.6666666666667,1.5424821282777827
238,238,4,recov,0.19343185600499557,1.6428299938859394,366.6666666666667,1.5424821282777827
239,239,5,recov,0.19332526122355415,1.6433812172733941,366.6666666666667,1.5424821282777827
240,240,3,recov,0.19427832992937838,1.638463457746099,366.6666666666667,1.5424821282777827
241,241,4,recov,0.19417351299532146,1.639003122770271,366.6666666666667,1.5424821282777827
242,242,5,recov,0.1940698555818069,1.6395371044135765,366.6666666666667,1.5424821282777827
243,243,3,recov,0.194992743593964,1.6347929334494327,366.6666666666667,1.5424821282777827
244,244,4,recov,0.1948908275154777,1.6353157360928865,366.6666666666667,1.5424821282777827
245,245,5,recov,0.19479003548692658,1.6358330416132154,366.6666666666667,1.5424821282777827
246,246,3,recov,0.19568375557634043,1.6312554147890763,366.6666666666667,1.5424821282777827
247,247,4,recov,0.19558466834776364,1.631761907133648,366.6666666666667,1.5424821282777827
248,248,5,recov,0.19548667079016616,1.6322630819825372,366.6666666666667,1.5424821282777827
249,249,3,recov,0.19635219822149466,1.627845302596826,366.6666666666667,1.5424821282777827
250,250,4,recov,0.1962558689861943,1.6283360171046481,366.6666666666667,1.5424821282777827
251,251,5,recov,0.19616059610213268,1.6288215873821954,366.6666666666667,1.5424821282777827
252,252,3,recov,0.19699887023958837,1.6245572850850172,366.6666666666667,1.5424821282777827
253,253,4,recov,0.19690522932914867,1.6250327353903389,366.6666666666667,1.5424821282777827
254,254,5,recov,0.19681261247772178,1.6255032086242172,366.6666666666667,1.5424821282777827
255,255,3,recov,0.19762453830897225,1.6213863196527136,366.6666666666667,1.5424821282777827
256,256,4,recov,0.19753351727541982,1.6218470013160426,366.6666666666667,1.5424821282777827
257,257,5,recov,0.19744348900521957,1.622302867203564,366.6666666666667,1.5424821282777827
258,258,3,recov,0.19822993858833543,1.6183276160801188,366.6666666666667,1.5424821282777827
259,259,4,recov,0.19814147023009906,1.6187740073068178,366.6666666666667,1.5424821282777827
260,260,5,recov,0.19805396430593222,1.6192157384221306,366.6666666666667,1.5424821282777827
261,261,3,recov,0.1988157781439993,1.615376620987525,366.6666666666667,1.5424821282777827
262,262,4,recov,0.19872979652623815,1.6158091833128543,366.6666666666667,1.5424821282777827
263,263,5,recov,0.19864474795022227,1.6162372357812202,366.6666666666667,1.5424821282777827
264,264,3,recov,0.19938273629791506,1.6125290034476718,366.6666666666667,1.5424821282777827
265,265,4,recov,0.19929917676778897,1.612948182390138,366.6666666666667,1.5424821282777827
266,266,5,recov,0.19921652179539254,1.6133629965311098,366.6666666666667,1.5424821282777827
267,267,3,recov,0.19993146590150776,1.6097806416515108,366.6666666666667,1.5424821282777827
268,268,4,recov,0.19985026509891066,1.610186867336264,366.6666666666667,1.5424821282777827
269,269,5,recov,0.1997699412504546,1.6105888682774654,366.6666666666667,1.5424821282777827
270,270,3,recov,0.20046259454013257,1.6071276105372565,366.6666666666667,1.5424821282777827
271,271,4,recov,0.20038369040436074,1.6075212982911637,366.6666666666667,1.5424821282777827
272,272,5,recov,0.20030563647245084,1.607910896554265,366.6666666666667,1.5424821282777827
273,273,3,recov,0.20097672567255867,1.604566170301388,366.6666666666667,1.5424821282777827
274,274,4,recov,0.20090005744534234,1.6049477212213075,366.6666666666667,1.5424821282777827
275,275,5,recov,0.20082421349865778,1.6053253132816898,366.6666666666667,1.5424821282777827
276,276,3,recov,0.20147443970957762,1.6020927557180886,366.6666666666667,1.5424821282777827
277,277,4,recov,0.20139994793486396,1.6024625572137763,366.6666666666667,1.5424821282777827
278,278,5,recov,0.20132625531868897,1.602828526035284,366.6666666666667,1.5424821282777827
279,279,3,recov,0.20195629503553764,1.5997039662006054,366.6666666666667,1.5424821282777827
280,280,4,recov,0.20188392155637802,1.6000623925135922,366.6666666666667,1.5424821282777827
281,281,5,recov,0.20181232289022671,1.600417108059684,366.6666666666667,1.5424821282777827
282,282,3,recov,0.20242282897633546,1.59739655654424,366.6666666666667,1.5424821282777827
283,283,4,recov,0.2023525169291962,1.5977439692439397,366.6666666666667,1.5424821282777827
284,284,5,recov,0.20228295610184954,1.5980877889664709,366.6666666666667,1.5424821282777827
285,285,3,recov,0.2028745587171483,1.5951674282962747,366.6666666666667,1.5424821282777827
286,286,4,recov,0.20280625252393567,1.595504176754498,366.6666666666667,1.5424821282777827
287,287,5,recov,0.20273867468617898,1.59583744606129,366.6666666666667,1.5424821282777827
288,288,3,recov,0.20331198217295812,1.5930136217031383,366.6666666666667,1.5424821282777827
289,289,4,recov,0.20324562753102013,1.5933400435481284,366.6666666666667,1.5424821282777827
290,290,5,recov,0.20317997908634425,1.5936630962504088,366.6666666666667,1.5424821282777827
291,291,3,recov,0.20373557881471058,1.5909323081896105,366.6666666666667,1.5424821282777827
292,292,4,recov,0.20367112268505486,1.5912487297406366,366.6666666666667,1.5424821282777827
293,293,5,recov,0.2036073512785576,1.5915618884813763,366.6666666666667,1.5424821282777827
294,294,3,recov,0.2041458104537531,1.588920783328902,366.6666666666667,1.5424821282777827
295,295,4,recov,0.20408320104769698,1.5892275200123962,366.6666666666667,1.5424821282777827
296,296,5,recov,0.20402125555340256,1.5895310966764986,366.6666666666667,1.5424821282777827
297,297,3,recov,0.20454312198701916,1.586976460266081,366.6666666666667,1.5424821282777827
298,298,4,recov,0.2044823087514689,1.587273817014235,366.6666666666667,1.5424821282777827
299,299,5,recov,0.20442213925825992,1.5875681131214852,366.6666666666667,1.5424821282777827
300,300,3,recov,0.204927942105257,1.5850968635605867,366.6666666666667,1.5424821282777827
301,301,4,recov,0.2048688757067938,1.585385135193283,366.6666666666667,1.5424821282777827
302,302,5,recov,0.2048104335031346,1.5856704422749042,366.6666666666667,1.5424821282777827
303,303,3,recov,0.2053006839664489,1.5832796234165303,366.6666666666667,1.5424821282777827
304,304,4,recov,0.20524331627438333,1.583559095007421,366.6666666666667,1.5424821282777827
305,305,5,recov,0.20518655383199527,1.5838356949670451,366.6666666666667,1.5424821282777827
306,306,3,recov,0.20566174583642335,1.5815224702721493,366.6666666666667,1.5424821282777827
307,307,4,recov,0.2056060299049642,1.5817934174996562,366.6666666666667,1.5424821282777827
308,308,5,recov,0.20555090086159922,1.5820615829594604,366.6666666666667,1.5424821282777827
309,309,3,recov,0.20601151169853013,1.5798232297221988,366.6666666666667,1.5424821282777827
310,310,4,recov,0.20595740174820054,1.5800859192061603,366.6666666666667,1.5424821282777827
311,311,5,recov,0.20590386088964552,1.5803459138388856,366.6666666666667,1.5424821282777827
312,312,3,recov,0.20635035183412911,1.5781798177492397,366.6666666666667,1.5424821282777827
313,313,4,recov,0.20629780323254918,1.5784345073738932,366.6666666666667,1.5424821282777827
314,314,5,recov,0.20624580647398083,1.5786865862214152,366.6666666666667,1.5424821282777827
315,315,3,recov,0.2066786233755262,1.5765902362417792,366.6666666666667,1.5424821282777827
316,316,4,recov,0.20662759261767105,1.576837175465724,366.6666666666667,1.5424821282777827
317,317,5,recov,0.20657709698446994,1.577081585244815,366.6666666666667,1.5424821282777827
318,318,3,recov,0.20699667083288814,1.5750525687790073,366.6666666666667,1.5424821282777827
319,319,4,recov,0.206947115520919,1.5752919989327603,366.6666666666667,1.5424821282777827
320,320,5,recov,0.2068980791290406,1.5755289783286397,366.6666666666667,1.5424821282777827
321,321,3,recov,0.20730482659656843,1.5735649766635091,366.6666666666667,1.5424821282777827
322,322,4,recov,0.20725670541932534,1.5737971312352332,366.6666666666667,1.5424821282777827
323,323,5,recov,0.20720908745531721,1.5740269111834764,366.6666666666667,1.5424821282777827
324,324,3,recov,0.2076034114161871,1.5721256951848248,366.6666666666667,1.5424821282777827
325,325,4,recov,0.2075566841284232,1.5723508000947748,366.6666666666667,1.5424821282777827
326,326,5,recov,0.2075104448291681,1.572573604052113,366.6666666666667,1.5424821282777827
327,327,3,recov,0.2078927348577228,1.5707330300980722,366.6666666666667,1.5424821282777827
328,328,4,recov,0.2078473622591519,1.5709513039622758,366.6666666666667,1.5424821282777827
329,329,5,recov,0.20780246289140872,1.571167348166801,366.6666666666667,1.5424821282777827
330,330,3,recov,0.2081730957397968,1.5693853543030918,366.6666666666667,1.5424821282777827
331,331,4,recov,0.20812903965401888,1.569597008686756,366.6666666666667,1.5424821282777827
332,332,5,recov,0.20808544249382696,1.5698065024080046,366.6666666666667,1.5424821282777827
333,333,3,recov,0.20844478255025664,1.5680811047106928,366.6666666666667,1.5424821282777827
334,334,4,recov,0.20840200580361984,1.5682863443717967,366.6666666666667,1.5424821282777827
335,335,5,recov,0.20835967411562495,1.568489490151172,366.6666666666667,1.5424821282777827
336,336,3,recov,0.20870807384409842,1.5668187792836077,366.6666666666667,1.5424821282777827
337,337,4,recov,0.20866654024454945,1.5670178024071235,366.6666666666667,1.5424821282777827
338,338,5,recov,0.20862543826130367,1.5672147962890854,366.6666666666667,1.5424821282777827
339,339,3,recov,0.2089632386237051,1.5655969342407017,366.6666666666667,1.5424821282777827
340,340,4,recov,0.20892291293967466,1.5657899326638596,366.6666666666667,1.5424821282777827
341,341,5,recov,0.2088830058409578,1.5659809644182907,366.6666666666667,1.5424821282777827
342,342,3,recov,0.20921053670231757,1.5644141814138486,366.6666666666667,1.5424821282777827
343,343,4,recov,0.20917138464168314,1.564601340842836,366.6666666666667,1.5424821282777827
344,344,5,recov,0.2091326385338874,1.5647865941789738,366.6666666666667,1.5424821282777827
345,345,3,recov,0.20945021905160177,1.5632691857476646,366.6666666666667,1.5424821282777827
346,346,4,recov,0.2094122072407646,1.5634506859661397,366.6666666666667,1.5424821282777827
347,347,5,recov,0.2093745891363802,1.563630338738438,366.6666666666667,1.5424821282777827
348,348,3,recov,0.209682528134124,1.5621606629330147,366.6666666666667,1.5424821282777827
349,349,4,recov,0.20964562409723334,1.5623366780027856,366.6666666666667,1.5424821282777827
350,350,5,recov,0.20960910189446905,1.5625109024090593,366.6666666666667,1.5424821282777827
351,351,3,recov,0.2099076982214975,1.5610873771658773,366.6666666666667,1.5424821282777827
352,352,4,recov,0.20987187035985205,1.5612580756200851,366.6666666666667,1.5424821282777827
353,353,5,recov,0.2098364128224193,1.561427038392267,366.6666666666667,1.5424821282777827
354,354,3,recov,0.21012595569892023,1.560048139023747,366.6666666666667,1.5424821282777827
355,355,4,recov,0.2100911732705724,1.5602136840528733,366.6666666666667,1.5424821282777827
356,356,5,recov,0.21005675000766083,1.560377546640697,366.6666666666667,1.5424821282777827
357,357,3,recov,0.21033751935678222,1.559041803452324,366.6666666666667,1.5424821282777827
358,358,4,recov,0.21030375245636787,1.5592023530833257,366.6666666666667,1.5424821282777827
359,359,5,recov,0.2102703339028343,1.5593612718312362,366.6666666666667,1.5424821282777827
360,360,3,recov,0.21054260066998,1.558067267855748,366.6666666666667,1.5424821282777827
361,361,4,recov,0.21050982020879436,1.5582229751246124,366.6666666666667,1.5424821282777827
362,362,5,recov,0.21047737760558602,1.5583771014421868,366.6666666666667,1.5424821282777827
363,363,3,recov,0.2107414040655421,1.5571234702841124,366.6666666666667,1.5424821282777827
364,364,4,recov,0.2107095817518785,1.557274483402102,366.6666666666667,1.5424821282777827
365,365,5,recov,0.21067808712670835,1.5574239639282532,366.6666666666667,1.5424821282777827
366,366,3,recov,0.21093412717913207,1.5562093877124241,366.6666666666667,1.5424821282777827
367,367,4,recov,0.2109032354988996,1.556355850226278,366.6666666666667,1.5424821282777827
368,368,5,recov,0.21087266164718924,1.5565008269874956,366.6666666666667,1.5424821282777827
369,369,3,recov,0.211120961100968,1.5553240344055774,366.6666666666667,1.5424821282777827
370,370,4,recov,0.2110909732985998,1.5554660853519169,366.6666666666667,1.5424821282777827
371,371,5,recov,0.21106129376470298,1.5556066959147936,366.6666666666667,1.5424821282777827
372,372,3,recov,0.2113020906116628,1.5544664603642881,366.6666666666667,1.5424821282777827
373,373,4,recov,0.2112729806713273,1.554604234418461,366.6666666666667,1.5424821282777827
374,374,5,recov,0.21124416973004562,1.5547406120367375,366.6666666666667,1.5424821282777827
375,375,3,recov,0.211477694408465,1.5536357498472644,366.6666666666667,1.5424821282777827
376,376,4,recov,0.21144943703558822,1.553769377466861,366.6666666666667,1.5424821282777827
377,377,5,recov,0.21142146967398895,1.5539016512232076,366.6666666666667,1.5424821282777827
378,378,3,recov,0.2116479453223523,1.5528310199652213,366.6666666666667,1.5424821282777827
379,379,4,recov,0.2116205159254602,1.5529606275284666,366.6666666666667,1.5424821282777827
380,380,5,recov,0.21159336782500307,1.5530889224712214,366.6666666666667,1.5424821282777827
381,381,3,recov,0.21181301052640533,1.5520514193426211,366.6666666666667,1.5424821282777827
382,382,4,recov,0.2117863851992909,1.5521771292818616,366.6666666666667,1.5424821282777827
383,383,5,recov,0.21176003271827182,1.5523015665569195,366.6666666666667,1.5424821282777827
384,384,3,recov,0.21197305173586667,1.5512961268433105,366.6666666666667,1.5424821282777827
385,385,4,recov,0.21194720724008795,1.5514180577737793,366.6666666666667,1.5424821282777827
386,386,5,recov,0.21192162739640394,1.5515387547518291,366.6666666666667,1.5424821282777827
387,387,3,recov,0.2121282254002672,1.550564350356463,366.6666666666667,1.5424821282777827
388,388,4,recov,0.21210313914797937,1.5506826172005177,366.6666666666667,1.5424821282777827
389,389,5,recov,0.21207830960221888,1.5507996875998102,366.6666666666667,1.5424821282777827
390,390,3,recov,0.2122786828879837,1.5498553256394694,366.6666666666667,1.5424821282777827
391,391,4,recov,0.2122543329251078,1.549970039746479,366.6666666666667,1.5424821282777827
392,392,5,recov,0.21223023196396953,1.5500835937513013,366.6666666666667,1.5424821282777827
393,393,3,recov,0.21242457066356926,1.5491683152146438,366.6666666666667,1.5424821282777827
394,394,4,recov,0.2124009356532996,1.5492795844766944,366.6666666666667,1.5424821282777827
395,395,5,recov,0.21237754217334157,1.549389728851717,366.6666666666667,1.5424821282777827
396,396,3,recov,0.21256603045818384,1.5485026073167967,366.6666666666667,1.5424821282777827
397,397,4,recov,0.21254308966483443,1.548610536280377,366.6666666666667,1.5424821282777827
398,398,5,recov,0.2125203831565546,1.5487173744810376,366.6666666666667,1.5424821282777827
399,399,3,recov,0.21270319943343147,1.5478575148889273,366.6666666666667,1.5424821282777827
400,400,4,recov,0.21268093270662214,1.5479622048627524,366.6666666666667,1.5424821282777827
401,401,5,recov,0.21265889323887072,1.5480658371418232,366.6666666666667,1.5424821282777827
402,402,3,recov,0.21283621033889902,1.5472323746234444,366.6666666666667,1.5424821282777827
403,403,4,recov,0.2128145980980796,1.5473339237825654,366.6666666666667,1.5424821282777827
404,404,5,recov,0.2127932063028023,1.5474344472930561,366.6666666666667,1.5424821282777827
405,405,3,recov,0.21296519166367114,1.5466265460465045,366.6666666666667,1.5424821282777827
406,406,4,recov,0.2129442148829833,1.546725049532844,366.6666666666667,1.5424821282777827
407,407,5,recov,0.21292345194029505,1.5468225584273771,366.6666666666667,1.5424821282777827
408,408,3,recov,0.2130902677820873,1.546039410643184,366.6666666666667,1.5424821282777827
409,409,4,recov,0.21306990797556175,1.5461349606626333,366.6666666666667,1.5424821282777827
410,410,5,recov,0.21304975559914882,1.546229546189426,366.6666666666667,1.5424821282777827
411,411,3,recov,0.2132115590939901,1.5454703710213533,366.6666666666667,1.5424821282777827
412,412,4,recov,0.21319179830107648,1.545563056937564,366.6666666666667,1.5424821282777827
413,413,5,recov,0.21317223872392485,1.5456548075331435,366.6666666666667,1.5424821282777827
414,414,3,recov,0.2133291821597016,1.5449188501122495,366.6666666666667,1.5424821282777827
415,415,4,recov,0.21331000293112873,1.5450087585372418,366.6666666666667,1.5424821282777827
416,416,5,recov,0.21329101889157623,1.5450977599160194,366.6666666666667,1.5424821282777827
417,417,3,recov,0.21344324982995488,1.544384290405861,366.6666666666667,1.5424821282777827
418,418,4,recov,0.2134246352139179,1.5444715052875655,366.6666666666667,1.5424821282777827
419,419,5,recov,0.21340620994202697,1.5445578405283826,366.6666666666667,1.5424821282777827
420,420,3,recov,0.21355387137099457,1.5438661532193458,366.6666666666667,1.5424821282777827
421,421,4,recov,0.21353580489966492,1.5439507559261976,366.6666666666667,1.5424821282777827
422,422,5,recov,0.21351792210391246,1.5440345055559614,366.6666666666667,1.5424821282777827
423,423,3,recov,0.2136611525850502,1.5433639179968237,366.6666666666667,1.5424821282777827
424,424,4,recov,0.2136436182614056,1.5434459873995112,366.6666666666667,1.5424821282777827
425,425,5,recov,0.21362626211568675,1.5435272294740197,366.6666666666667,1.5424821282777827
426,426,3,recov,0.21376519592637735,1.5428770816389603,366.6666666666667,1.5424821282777827
427,427,4,recov,0.21374817821134642,1.5429566941894413,366.6666666666667,1.5424821282777827
428,428,5,recov,0.21373133334228742,1.5430355043715083,366.6666666666667,1.5424821282777827
429,429,3,recov,0.21386610061305034,1.5424051578608726,366.6666666666667,1.5424821282777827
430,430,4,recov,0.21384958441296814,1.5424823876687503,366.6666666666667,1.5424821282777827
431,431,5,recov,0.2138332358875448,1.542558839303725,366.6666666666667,1.5424821282777827
432,432,0,fam_r,0.031112526654522465,3.470144754574532,366.6666666666667,1.5424821282777827
433,433,1,fam_r,0.031110195825364128,3.4702196734808908,366.6666666666667,1.5424821282777827
434,434,2,fam_r,0.031107888648484093,3.4702938376696664,366.6666666666667,1.5424821282777827
435,435,0,fam_r,0.03667778150334595,3.30558411588359,366.6666666666667,1.5424821282777827
436,436,1,fam_r,0.03667511594528779,3.3056567935323824,366.6666666666667,1.5424821282777827
437,437,2,fam_r,0.036672477424429445,3.3057287392019883,366.6666666666667,1.5424821282777827
438,438,0,fam_r,0.042075376192471814,3.16829259794769,366.6666666666667,1.5424821282777827
439,439,1,fam_r,0.04207240981863036,3.1683631018547636,366.6666666666667,1.5424821282777827
440,440,2,fam_r,0.04206947352051263,3.1684328958266215,366.6666666666667,1.5424821282777827
441,441,0,fam_r,0.04731043032772533,3.0510244934657296,366.6666666666667,1.5424821282777827
442,442,1,fam_r,0.04730719461217351,3.051092889085576,366.6666666666667,1.5424821282777827
443,443,2,fam_r,0.04730399168973319,3.0511605961415116,366.6666666666667,1.5424821282777827
444,444,0,fam_r,0.052387903142863006,2.9490795703587334,366.6666666666667,1.5424821282777827
445,445,1,fam_r,0.05238442727940112,2.949145921149045,366.6666666666667,1.5424821282777827
446,446,2,fam_r,0.05238098662888579,2.9492116040951286,366.6666666666667,1.5424821282777827
0,0,0,fam,0.06666666666666667,2.70805020110221,476.6666666666667,1.5321767544420446
1,1,1,fam,0.06578947368421052,2.7212954278522306,476.6666666666667,1.5321767544420446
2,2,2,fam,0.06494349915573451,2.734237630855858,476.6666666666667,1.5321767544420446
3,3,0,fam,0.07669734936853999,2.5678881296345053,476.6666666666667,1.5321767544420446
4,4,1,fam,0.07575462090076338,2.5802558344629287,476.6666666666667,1.5321767544420446
5,5,2,fam,0.07484387396241513,2.592351015655429,476.6666666666667,1.5321767544420446
6,6,0,fam,0.08572566331877977,2.456603042911211,476.6666666666667,1.5321767544420446
7,7,1,fam,0.08473892177283428,2.4681802578104577,476.6666666666667,1.5321767544420446
8,8,2,fam,0.0837841716241019,2.4795111721019767,476.6666666666667,1.5321767544420446
9,9,0,fam,0.0938911737355197,2.365618893612701,476.6666666666667,1.5321767544420446
10,10,1,fam,0.09287687160143504,2.3764806243148495,476.6666666666667,1.5321767544420446
11,11,2,fam,0.09189407135001652,2.3871187636708346,476.6666666666667,1.5321767544420446
12,12,0,fam,0.1013087046769609,2.2895829417355227,476.6666666666667,1.5321767544420446
13,13,1,fam,0.10027947067171897,2.2997942842089776,476.6666666666667,1.5321767544420446
14,14,2,fam,0.09928092399852657,2.309801831133461,476.6666666666667,1.5321767544420446
15,15,0,fam,0.1080735895607952,2.224942899072979,476.6666666666667,1.5321767544420446
16,16,1,fam,0.10703914075440918,2.234560709966191,476.6666666666667,1.5321767544420446
17,17,2,fam,0.10603436015476106,2.2439920849927035,476.6666666666667,1.5321767544420446
18,18,0,fam,0.11426563900413249,2.169229374513163,476.6666666666667,1.5321767544420446
19,19,1,fam,0.11323345660948662,2.178303603792927,476.6666666666667,1.5321767544420446
20,20,2,fam,0.11222980222353882,2.1872067041978953,476.6666666666667,1.5321767544420446
21,21,0,fam,0.11995217725958102,2.120662138468246,476.6666666666667,1.5321767544420446
22,22,1,fam,0.11892801283894992,2.129236903043552,476.6666666666667,1.5321767544420446
23,23,2,fam,0.11793117305543654,2.137654103881171,476.6666666666667,1.5321767544420446
24,24,0,fam,0.12519039271894172,2.0779195587321673,476.6666666666667,1.5321767544420446
25,25,1,fam,0.12417865114295366,2.0860340152162076,476.6666666666667,1.5321767544420446
26,26,2,fam,0.12319300767480604,2.0940029853797086,476.6666666666667,1.5321767544420446
27,27,0,fam,0.13002917670268616,2.039996417534076,476.6666666666667,1.5321767544420446
28,28,1,fam,0.12903320848751462,2.0476854776141447,476.6666666666667,1.5321767544420446
29,29,2,fam,0.12806211613373347,2.0552398504790994,476.6666666666667,1.5321767544420446
30,30,0,fam,0.13451057595352314,2.0061124514068402,476.6666666666667,1.5321767544420446
31,31,1,fam,0.13353290225105932,2.0134073726983828,476.6666666666667,1.5321767544420446
32,32,2,fam,0.13257890499902064,2.0205773013746637,476.6666666666667,1.5321767544420446
33,33,0,fam,0.1386709503101507,1.9756514162063803,476.6666666666667,1.5321767544420446
34,34,1,fam,0.13771343735582375,1.9825802937251675,476.6666666666667,1.5321767544420446
35,35,2,fam,0.13677843652610505,1.989392913951394,476.6666666666667,1.5321767544420446
36,36,0,fam,0.1425419030910093,1.94811926572064,476.6666666666667,1.5321767544420446
37,37,1,fam,0.14160589837764895,1.9547074433806866,476.6666666666667,1.5321767544420446
38,38,2,fam,0.14069128432119432,1.9611872619034691,476.6666666666667,1.5321767544420446
39,39,0,fam,0.1461510346002648,1.923114708419731,476.6666666666667,1.5321767544420446
40,40,1,fam,0.14523747382687607,1.9293851256823058,476.6666666666667,1.5321767544420446
41,41,2,fam,0.1443442296961634,1.9355543480666249,476.6666666666667,1.5321767544420446
42,42,0,fam,0.14952255678211787,1.9003080160471242,476.6666666666667,1.5321767544420446
43,43,1,fam,0.14863204831544108,1.9062815016107637,476.6666666666667,1.5321767544420446
44,44,2,fam,0.14776083227775316,1.9121603104746852,476.6666666666667,1.5321767544420446
45,45,0,fam,0.15267779798503203,1.8794254736283418,476.6666666666667,1.5321767544420446
46,46,1,fam,0.15181068989537824,1.8851209955818737,476.6666666666667,1.5321767544420446
47,47,2,fam,0.15096190058817377,1.8907277879893458,476.6666666666667,1.5321767544420446
48,48,0,fam,0.1556356200934832,1.8602377725269639,476.6666666666667,1.5321767544420446
49,49,1,fam,0.15479205359833542,1.865672652488198,476.6666666666667,1.5321767544420446
50,50,2,fam,0.15396588247391602,1.871024243489814,476.6666666666667,1.5321767544420446
51,51,0,fam,0.15841276527756257,1.8425512139754194,476.6666666666667,1.5321767544420446
52,52,1,fam,0.15759271751862924,1.8477413112641496,476.6666666666667,1.5321767544420446
53,53,2,fam,0.1567891908701987,1.8528531092188034,476.6666666666667,1.5321767544420446
54,54,0,fam,0.16102414583611874,1.8262009511052872,476.6666666666667,1.5321767544420446
55,55,1,fam,0.1602274642386733,1.8311608218463409,476.6666666666667,1.5321767544420446
56,56,2,fam,0.1594464770602727,1.8360469800926829,476.6666666666667,1.5321767544420446
57,57,0,fam,0.16348308773893755,1.8110457329005822,476.6666666666667,1.5321767544420446
58,58,1,fam,0.1627095176935682,1.815788768044213,476.6666666666667,1.5321767544420446
59,59,2,fam,0.16195086104417614,1.8204623166504599,476.6666666666667,1.5321767544420446
60,60,0,fam,0.16580153627317398,1.7969637705025552,476.6666666666667,1.5321767544420446
61,61,1,fam,0.1650507434948505,1.8015023160287338,476.6666666666667,1.5321767544420446
62,62,2,fam,0.16431412667072842,1.8059752766811488,476.6666666666667,1.5321767544420446
63,63,0,fam,0.16799023049952716,1.7838494530582878,476.6666666666667,1.5321767544420446
64,64,1,fam,0.16726181912512442,1.7881949150558287,476.6666666666667,1.5321767544420446
65,65,2,fam,0.16654688766443432,1.7924784016114144,476.6666666666667,1.5321767544420446
66,66,3,recov,0.0404903254486757,3.2066922112159686,476.6666666666667,1.5321767544420446
67,67,4,recov,0.04032211714403649,3.2108551480648977,476.6666666666667,1.5321767544420446
68,68,5,recov,0.04015696196013104,3.2149594548632594,476.6666666666667,1.5321767544420446
69,69,3,recov,0.04783456351708949,3.04000681465397,476.6666666666667,1.5321767544420446
70,70,4,recov,0.04764407417213173,3.043997018165691,476.6666666666667,1.5321767544420446
71,71,5,recov,0.04745697832407858,3.0479316978463546,476.6666666666667,1.5321767544420446
72,72,3,recov,0.05479085191222896,2.9042320348717476,476.6666666666667,1.5321767544420446
73,73,4,recov,0.05458159167229976,2.908058601937711,476.6666666666667,1.5321767544420446
74,74,5,recov,0.05437599264360852,2.9118325342252795,476.6666666666667,1.5321767544420446
75,75,3,recov,0.06138621808718354,2.790569930144997,476.6666666666667,1.5321767544420446
76,76,4,recov,0.06116125817963982,2.794241326196318,476.6666666666667,1.5321767544420446
77,77,5,recov,0.06094016615563933,2.7978627788835038,476.6666666666667,1.5321767544420446
78,78,3,recov,0.06764526780161896,2.6934778780076196,476.6666666666667,1.5321767544420446
79,79,4,recov,0.06740729763664917,2.6970019933842435,476.6666666666667,1.5321767544420446
80,80,5,recov,0.06717335073486735,2.700478676551727,476.6666666666667,1.5321767544420446
81,81,3,recov,0.07359045072919122,2.6092400071922786,476.6666666666667,1.5321767544420446
82,82,4,recov,0.07334182684784825,2.612624207352103,476.6666666666667,1.5321767544420446
83,83,5,recov,0.07309733851547488,2.6159633217062543,476.6666666666667,1.5321767544420446
84,84,3,recov,0.07924229183686808,2.5352451348432856,476.6666666666667,1.5321767544420446
85,85,4,recov,0.07898507999279543,2.5384963052022624,476.6666666666667,1.5321767544420446
86,86,5,recov,0.07873207979891288,2.5417045852807125,476.6666666666667,1.5321767544420446
87,87,3,recov,0.0846195935740346,2.4695894366557254,476.6666666666667,1.5321767544420446
88,88,4,recov,0.08435560501227922,2.4727140227339364,476.6666666666667,1.5321767544420446
89,89,5,recov,0.08409587385107477,2.4757977756197382,476.6666666666667,1.5321767544420446
90,90,3,recov,0.08973961307930291,2.4108429900181108,476.6666666666667,1.5321767544420446
91,91,4,recov,0.08947043589467796,2.4138470334698425,476.6666666666667,1.5321767544420446
92,92,5,recov,0.08920553644408147,2.416812173563536,476.6666666666667,1.5321767544420446
93,93,3,recov,0.09461821793370521,2.3579052428847858,476.6666666666667,1.5321767544420446
94,94,4,recov,0.09434524424378554,2.3607944139092476,476.6666666666667,1.5321767544420446
95,95,5,recov,0.09407654738384952,2.3636464942313244,476.6666666666667,1.5321767544420446
96,96,3,recov,0.09927002343061686,2.3099116323513527,476.6666666666667,1.5321767544420446
97,97,4,recov,0.0989944729778922,2.3126912589121558,476.6666666666667,1.5321767544420446
98,98,5,recov,0.09872318075844683,2.315435499343638,476.6666666666667,1.5321767544420446
99,99,3,recov,0.10370851387188158,2.2661710661342918,476.6666666666667,1.5321767544420446
100,100,4,recov,0.10343145457058031,2.2688461603578474,476.6666666666667,1.5321767544420446
101,101,5,recov,0.10315862022329803,2.271487473171876,476.6666666666667,1.5321767544420446
102,102,3,recov,0.10794615001765333,2.226122787153346,476.6666666666667,1.5321767544420446
103,103,4,recov,0.1076685158791203,2.2286980692272182,476.6666666666667,1.5321767544420446
104,104,5,recov,0.10739506129119647,2.2312410822179727,476.6666666666667,1.5321767544420446
105,105,3,recov,0.11199446449969198,2.1893058330183472,476.6666666666667,1.5321767544420446
106,106,4,recov,0.11171707130265637,2.1917857528687454,476.6666666666667,1.5321767544420446
107,107,5,recov,0.11144380230474897,2.1942348303443664,476.6666666666667,1.5321767544420446
108,108,3,recov,0.11586414674249314,2.1553369229780217,476.6666666666667,1.5321767544420446
109,109,4,recov,0.11558770575847038,2.1577256799699147,476.6666666666667,1.5321767544420446
110,110,5,recov,0.11531532552586227,2.1600849418421797,476.6666666666667,1.5321767544420446
111,111,3,recov,0.11956511871425832,2.123894129549941,476.6666666666667,1.5321767544420446
112,112,4,recov,0.11929024875159276,2.1261956904226826,476.6666666666667,1.5321767544420446
113,113,5,recov,0.11901936957276106,2.128469029597128,476.6666666666667,1.5321767544420446
114,114,3,recov,0.12310660264272193,2.0947046108148224,476.6666666666667,1.5321767544420446
115,115,4,recov,0.12283384063370688,2.0969227260399115,476.6666666666667,1.5321767544420446
116,116,5,recov,0.12256499426300937,2.0991138242850975,476.6666666666667,1.5321767544420446
117,117,3,recov,0.12649718167310087,2.0675352503267734,476.6666666666667,1.5321767544420446
118,118,4,recov,0.12622699199584933,2.069673469051724,476.6666666666667,1.5321767544420446
119,119,5,recov,0.12596063877557864,2.0717858115047996,476.6666666666667,1.5321767544420446
120,120,3,recov,0.1297448543119222,2.0421854162048527,476.6666666666667,1.5321767544420446
121,121,4,recov,0.12947763701110515,2.0442470999276243,476.6666666666667,1.5321767544420446
122,122,5,recov,0.1292141739216739,2.0462839883747055,476.6666666666667,1.5321767544420446
123,123,3,recov,0.13285708338715327,2.0184812895138267,476.6666666666667,1.5321767544420446
124,124,4,recov,0.1325931814344759,2.0204696246153104,476.6666666666667,1.5321767544420446
125,125,5,recov,0.13233294920912966,2.02243418966906,476.6666666666667,1.5321767544420446
126,126,3,recov,0.13584084015856496,1.9962713715253513,476.6666666666667,1.5321767544420446
127,127,4,recov,0.13558054587418897,1.9981893807727231,476.6666666666667,1.5321767544420446
128,128,5,recov,0.1353238352957066,2.000084593055464,476.6666666666667,1.5321767544420446
129,129,3,recov,0.13870264412987587,1.9754228881813742,476.6666666666667,1.5321767544420446
130,130,4,recov,0.13844620486931664,1.9772734413023243,476.6666666666667,1.5321767544420446
131,131,5,recov,0.13819326235007842,1.9791021217308171,476.6666666666667,1.5321767544420446
132,132,3,recov,0.14144859904369195,1.9558188855346372,476.6666666666667,1.5321767544420446
133,133,4,recov,0.14119622224053668,1.957604708951328,476.6666666666667,1.5321767544420446
134,134,5,recov,0.1409472547736572,1.959369538208656,476.6666666666667,1.5321767544420446
135,135,3,recov,0.14408442547971026,1.9373558631522878,476.6666666666667,1.5321767544420446
136,136,4,recov,0.1438362831224119,1.9390795489541248,476.6666666666667,1.5321767544420446
137,137,5,recov,0.143591462679956,1.9407830762248015,476.6666666666667,1.5321767544420446
138,138,3,recov,0.1466154904245512,1.9199418305513158,476.6666666666667,1.5321767544420446
139,139,4,recov,0.1463717230352199,1.9216058447770625,476.6666666666667,1.5321767544420446
140,140,5,recov,0.14613119047953343,1.9232504958132781,476.6666666666667,1.5321767544420446
141,141,3,recov,0.14904683413663103,1.9034946993611854,476.6666666666667,1.5321767544420446
142,142,4,recov,0.14880755431089204,1.9051013896534474,476.6666666666667,1.5321767544420446
143,143,5,recov,0.14857142287651576,1.9066894742331766,476.6666666666667,1.5321767544420446
144,144,3,recov,0.15138319459061078,1.8879409442017674,476.6666666666667,1.5321767544420446
145,145,4,recov,0.15114849015000134,1.8894925468902442,476.6666666666667,1.5321767544420446
146,146,5,recov,0.15091684854628,1.891026265721597,476.6666666666667,1.5321767544420446
147,147,3,recov,0.15362902975226503,1.8732144803430428,476.6666666666667,1.5321767544420446
148,148,4,recov,0.15339896655410137,1.8747131270071284,476.6666666666667,1.5321767544420446
149,149,5,recov,0.15317188173226448,1.8761945781277296,476.6666666666667,1.5321767544420446
150,150,3,recov,0.15578853790533875,1.8592557175372155,476.6666666666667,1.5321767544420446
151,151,4,recov,0.15556316234934917,1.8607034410933678,476.6666666666667,1.5321767544420446
152,152,5,recov,0.1553406819723736,1.8621346258086053,476.6666666666667,1.5321767544420446
153,153,3,recov,0.15786567622647726,1.8460107580033587,476.6666666666667,1.5321767544420446
154,154,4,recov,0.15764501749262505,1.8474094983580978,476.6666666666667,1.5321767544420446
155,155,5,recov,0.15742717214146362,1.8487923267576993,476.6666666666667,1.5321767544420446
156,156,3,recov,0.1598641777820794,1.8334307131205003,476.6666666666667,1.5321767544420446
157,157,4,recov,0.1596482498297833,1.8347823224258555,476.6666666666667,1.5321767544420446
158,158,5,recov,0.15943505497544844,1.836118618514364,476.6666666666667,1.5321767544420446
159,159,3,recov,0.16178756710148529,1.8214711184629269,476.6666666666667,1.5321767544420446
160,160,4,recov,0.16157637045678847,1.822777366007546,476.6666666666667,1.5321767544420446
161,161,5,recov,0.1613678282242263,1.8240688724808072,476.6666666666667,1.5321767544420446
162,162,3,recov,0.163639174463885,1.810091430764482,476.6666666666667,1.5321767544420446
163,163,4,recov,0.1634326978179434,1.8113540075304377,476.6666666666667,1.5321767544420446
164,164,5,recov,0.1632287985645433,1.8126023902271364,476.6666666666667,1.5321767544420446
165,165,3,recov,0.16542214902138794,1.7992545934994868,476.6666666666667,1.5321767544420446
166,166,4,recov,0.1652203706608849,1.80047511641194,476.6666666666667,1.5321767544420446
167,167,5,recov,0.165021094389777,1.8016819684664775,476.6666666666667,1.5321767544420446
168,168,3,recov,0.16713947086755526,1.7889266602176437,476.6666666666667,1.5321767544420446
169,169,4,recov,0.1669423599552343,1.7901066761119986,476.6666666666667,1.5321767544420446
170,170,5,recov,0.16674767758117884,1.7912735218325455,476.6666666666667,1.5321767544420446
171,171,3,recov,0.16879396214912115,1.7790764667187764,476.6666666666667,1.5321767544420446
172,172,4,recov,0.16860147987052262,1.7802174560476682,476.6666666666667,1.5321767544420446
173,173,5,recov,0.16841135435414123,1.7813457545410407,476.6666666666667,1.5321767544420446
174,174,3,recov,0.1703882973084154,1.7696753447128628,476.6666666666667,1.5321767544420446
175,175,4,recov,0.17020039789905808,1.7707787250132925,476.6666666666667,1.5321767544420446
176,176,5,recov,0.1700147852633591,1.7718698735763259,476.6666666666667,1.5321767544420446
177,177,3,recov,0.17192501253497097,1.7606968708667097,476.6666666666667,1.5321767544420446
178,178,4,recov,0.17174164420060348,1.7617640000058028,476.6666666666667,1.5321767544420446
179,179,5,recov,0.17156049444217786,1.7628193373011343,476.6666666666667,1.5321767544420446
180,180,3,recov,0.17340651449680503,1.752116646155673,476.6666666666667,1.5321767544420446
181,181,4,recov,0.17322762023793448,1.7531488253718959,476.6666666666667,1.5321767544420446
182,182,5,recov,0.17305087814381281,1.7541696344044837,476.6666666666667,1.5321767544420446
183,183,3,recov,0.17483508841477188,1.7439121012669205,476.6666666666667,1.5321767544420446
184,184,4,recov,0.17466060676542905,1.7449105780221135,476.6666666666667,1.5321767544420446
185,185,5,recov,0.17448821264537454,1.745898088931387,476.6666666666667,1.5321767544420446
186,186,3,recov,0.17621290553708982,1.7360623244784215,476.6666666666667,1.5321767544420446
187,187,4,recov,0.17604277122669307,1.737028295134674,476.6666666666667,1.5321767544420446
188,188,5,recov,0.17587466156963083,1.7379836878159267,476.6666666666667,1.5321767544420446
189,189,3,recov,0.17754203006553798,1.7285479089951588,476.6666666666667,1.5321767544420446
190,190,4,recov,0.17737617461175134,1.7294825213293463,476.6666666666667,1.5321767544420446
191,191,5,recov,0.1772122826740894,1.7304069278968204,476.6666666666667,1.5321767544420446
192,192,3,recov,0.17882442557983014,1.7213508171844878,476.6666666666667,1.5321767544420446
193,193,4,recov,0.17866277781945514,1.7222551727522115,476.6666666666667,1.5321767544420446
194,194,5,recov,0.1785030341522167,1.7231496798552743,476.6666666666667,1.5321767544420446
195,195,3,recov,0.18006196100221555,1.7144542595346333,476.6666666666667,1.5321767544420446
196,196,4,recov,0.17990444756640322,1.7153294158943166,476.6666666666667,1.5321767544420446
197,197,5,recov,0.17974878048735088,1.716195066897176,476.6666666666667,1.5321767544420446
198,198,3,recov,0.1812564161403787,1.707842586478704,476.6666666666667,1.5321767544420446
199,199,4,recov,0.18110296187977817,1.7086895592857139,476.6666666666667,1.5321767544420446
200,200,5,recov,0.18095129789605569,1.7095273563202662,476.6666666666667,1.5321767544420446
201,201,3,recov,0.18240948684314562,1.7015011914929854,476.6666666666667,1.5321767544420446
202,202,4,recov,0.182260015208015,1.7023209564728397,476.6666666666667,1.5321767544420446
203,203,5,recov,0.1821122793942532,1.7031318623734575,476.6666666666667,1.5321767544420446
204,204,3,recov,0.1835227898003168,1.6954164241019904,476.6666666666667,1.5321767544420446
205,205,4,recov,0.1833772231800955,1.69620991891098,476.6666666666667,1.5321767544420446
206,206,5,recov,0.18323333951641238,1.6969948590393409,476.6666666666667,1.5321767544420446
207,207,3,recov,0.18459786701507988,1.6895755116113438,476.6666666666667,1.5321767544420446
208,208,4,recov,0.18445612704145542,1.6903436375922367,476.6666666666667,1.5321767544420446
209,209,5,recov,0.18431601871532374,1.69110350155965,476.6666666666667,1.5321767544420446
210,210,3,recov,0.18563618997488557,1.6839664885491152,476.6666666666667,1.5321767544420446
211,211,4,recov,0.18549819779197227,1.6847101123889996,476.6666666666667,1.5321767544420446
212,212,5,recov,0.18536178746752005,1.6854457556831046,476.6666666666667,1.5321767544420446
213,213,3,recov,0.18663916354435553,1.6785781329316223,476.6666666666667,1.5321767544420446
214,214,4,recov,0.18650484004923326,1.6792980882284017,476.6666666666667,1.5321767544420446
215,215,5,recov,0.1863720501071803,1.6800103337505679,476.6666666666667,1.5321767544420446
216,216,3,recov,0.187608129601708,1.6733999085850346,476.6666666666667,1.5321767544420446
217,217,4,recov,0.1874773956582396,1.674096997328578,476.6666666666667,1.5321767544420446
218,218,5,recov,0.1873481484093485,1.674786636847865,476.6666666666667,1.5321767544420446
219,219,3,recov,0.18854437043830763,1.668421912852607,476.6666666666667,1.5321767544420446
220,220,4,recov,0.18841714706685925,1.6690969068261075,476.6666666666667,1.5321767544420446
221,221,5,recov,0.18829136494149154,1.6697647023551838,476.6666666666667,1.5321767544420446
222,222,3,recov,0.1894491119392498,1.6636348291017533,476.6666666666667,1.5321767544420446
223,223,4,recov,0.1893253204846766,1.6642884712084207,476.6666666666667,1.5321767544420446
224,224,5,recov,0.18920292620078627,1.664935156306442,476.6666666666667,1.5321767544420446
225,225,3,recov,0.19032352656135768,1.6590298835176727,476.6666666666667,1.5321767544420446
226,226,4,recov,0.19020308884138165,1.6596628890375107,476.6666666666667,1.5321767544420446
227,227,5,recov,0.19008400555304694,1.6602891700445832,476.6666666666667,1.5321767544420446
228,228,3,recov,0.19116873612358257,1.6545988057327066,476.6666666666667,1.5321767544420446
229,229,4,recov,0.19105157455948016,1.6552118635137676,476.6666666666667,1.5321767544420446
230,230,5,recov,0.19093572598786826,1.6558184207212858,476.6666666666667,1.5321767544420446
231,231,3,recov,0.19198581442354185,1.6503337928945738,476.6666666666667,1.5321767544420446
232,232,4,recov,0.19187185215486963,1.6509275664827705,476.6666666666667,1.5321767544420446
233,233,5,recov,0.1917591627033437,1.6515150552435982,476.6666666666667,1.5321767544420446
234,234,3,recov,0.19277578969279044,1.6462274768233618,476.6666666666667,1.5321767544420446
235,235,4,recov,0.1926649506777097,1.6468026055346103,476.6666666666667,1.5321767544420446
236,236,5,recov,0.1925553455326208,1.6473716573167976,476.6666666666667,1.5321767544420446
237,237,3,recov,0.19353964690238729,1.6422728939477287,476.6666666666667,1.5321767544420446
238,238,4,recov,0.19343185600499557,1.6428299938859394,476.6666666666667,1.5321767544420446
239,239,5,recov,0.19332526122355415,1.6433812172733941,476.6666666666667,1.5321767544420446
240,240,3,recov,0.19427832992937838,1.638463457746099,476.6666666666667,1.5321767544420446
241,241,4,recov,0.19417351299532146,1.639003122770271,476.6666666666667,1.5321767544420446
242,242,5,recov,0.1940698555818069,1.6395371044135765,476.6666666666667,1.5321767544420446
243,243,3,recov,0.194992743593964,1.6347929334494327,476.6666666666667,1.5321767544420446
244,244,4,recov,0.1948908275154777,1.6353157360928865,476.6666666666667,1.5321767544420446
245,245,5,recov,0.19479003548692658,1.6358330416132154,476.6666666666667,1.5321767544420446
246,246,3,recov,0.19568375557634043,1.6312554147890763,476.6666666666667,1.5321767544420446
247,247,4,recov,0.19558466834776364,1.631761907133648,476.6666666666667,1.5321767544420446
248,248,5,recov,0.19548667079016616,1.6322630819825372,476.6666666666667,1.5321767544420446
249,249,3,recov,0.19635219822149466,1.627845302596826,476.6666666666667,1.5321767544420446
250,250,4,recov,0.1962558689861943,1.6283360171046481,476.6666666666667,1.5321767544420446
251,251,5,recov,0.19616059610213268,1.6288215873821954,476.6666666666667,1.5321767544420446
252,252,3,recov,0.19699887023958837,1.6245572850850172,476.6666666666667,1.5321767544420446
253,253,4,recov,0.19690522932914867,1.6250327353903389,476.6666666666667,1.5321767544420446
254,254,5,recov,0.19681261247772178,1.6255032086242172,476.6666666666667,1.5321767544420446
255,255,3,recov,0.19762453830897225,1.6213863196527136,476.6666666666667,1.5321767544420446
256,256,4,recov,0.19753351727541982,1.6218470013160426,476.6666666666667,1.5321767544420446
257,257,5,recov,0.19744348900521957,1.622302867203564,476.6666666666667,1.5321767544420446
258,258,3,recov,0.19822993858833543,1.6183276160801188,476.6666666666667,1.5321767544420446
259,259,4,recov,0.19814147023009906,1.6187740073068178,476.6666666666667,1.5321767544420446
260,260,5,recov,0.19805396430593222,1.6192157384221306,476.6666666666667,1.5321767544420446
261,261,3,recov,0.1988157781439993,1.615376620987525,476.6666666666667,1.5321767544420446
262,262,4,recov,0.19872979652623815,1.6158091833128543,476.6666666666667,1.5321767544420446
263,263,5,recov,0.19864474795022227,1.6162372357812202,476.6666666666667,1.5321767544420446
264,264,3,recov,0.19938273629791506,1.6125290034476718,476.6666666666667,1.5321767544420446
265,265,4,recov,0.19929917676778897,1.612948182390138,476.6666666666667,1.5321767544420446
266,266,5,recov,0.19921652179539254,1.6133629965311098,476.6666666666667,1.5321767544420446
267,267,3,recov,0.19993146590150776,1.6097806416515108,476.6666666666667,1.5321767544420446
268,268,4,recov,0.19985026509891066,1.610186867336264,476.6666666666667,1.5321767544420446
269,269,5,recov,0.1997699412504546,1.6105888682774654,476.6666666666667,1.5321767544420446
270,270,3,recov,0.20046259454013257,1.6071276105372565,476.6666666666667,1.5321767544420446
271,271,4,recov,0.20038369040436074,1.6075212982911637,476.6666666666667,1.5321767544420446
272,272,5,recov,0.20030563647245084,1.607910896554265,476.6666666666667,1.5321767544420446
273,273,3,recov,0.20097672567255867,1.604566170301388,476.6666666666667,1.5321767544420446
274,274,4,recov,0.20090005744534234,1.6049477212213075,476.6666666666667,1.5321767544420446
275,275,5,recov,0.20082421349865778,1.6053253132816898,476.6666666666667,1.5321767544420446
276,276,3,recov,0.20147443970957762,1.6020927557180886,476.6666666666667,1.5321767544420446
277,277,4,recov,0.20139994793486396,1.6024625572137763,476.6666666666667,1.5321767544420446
278,278,5,recov,0.20132625531868897,1.602828526035284,476.6666666666667,1.5321767544420446
279,279,3,recov,0.20195629503553764,1.5997039662006054,476.6666666666667,1.5321767544420446
280,280,4,recov,0.20188392155637802,1.6000623925135922,476.6666666666667,1.5321767544420446
281,281,5,recov,0.20181232289022671,1.600417108059684,476.6666666666667,1.5321767544420446
282,282,3,recov,0.20242282897633546,1.59739655654424,476.6666666666667,1.5321767544420446
283,283,4,recov,0.2023525169291962,1.5977439692439397,476.6666666666667,1.5321767544420446
284,284,5,recov,0.20228295610184954,1.5980877889664709,476.6666666666667,1.5321767544420446
285,285,3,recov,0.2028745587171483,1.5951674282962747,476.6666666666667,1.5321767544420446
286,286,4,recov,0.20280625252393567,1.595504176754498,476.6666666666667,1.5321767544420446
287,287,5,recov,0.20273867468617898,1.59583744606129,476.6666666666667,1.5321767544420446
288,288,3,recov,0.20331198217295812,1.5930136217031383,476.6666666666667,1.5321767544420446
289,289,4,recov,0.20324562753102013,1.5933400435481284,476.6666666666667,1.5321767544420446
290,290,5,recov,0.20317997908634425,1.5936630962504088,476.6666666666667,1.5321767544420446
291,291,3,recov,0.20373557881471058,1.5909323081896105,476.6666666666667,1.5321767544420446
292,292,4,recov,0.20367112268505486,1.5912487297406366,476.6666666666667,1.5321767544420446
293,293,5,recov,0.2036073512785576,1.5915618884813763,476.6666666666667,1.5321767544420446
294,294,3,recov,0.2041458104537531,1.588920783328902,476.6666666666667,1.5321767544420446
295,295,4,recov,0.20408320104769698,1.5892275200123962,476.6666666666667,1.5321767544420446
296,296,5,recov,0.20402125555340256,1.5895310966764986,476.6666666666667,1.5321767544420446
297,297,3,recov,0.20454312198701916,1.586976460266081,476.6666666666667,1.5321767544420446
298,298,4,recov,0.2044823087514689,1.587273817014235,476.6666666666667,1.5321767544420446
299,299,5,recov,0.20442213925825992,1.5875681131214852,476.6666666666667,1.5321767544420446
300,300,3,recov,0.204927942105257,1.5850968635605867,476.6666666666667,1.5321767544420446
301,301,4,recov,0.2048688757067938,1.585385135193283,476.6666666666667,1.5321767544420446
302,302,5,recov,0.2048104335031346,1.5856704422749042,476.6666666666667,1.5321767544420446
303,303,3,recov,0.2053006839664489,1.5832796234165303,476.6666666666667,1.5321767544420446
304,304,4,recov,0.20524331627438333,1.583559095007421,476.6666666666667,1.5321767544420446
305,305,5,recov,0.20518655383199527,1.5838356949670451,476.6666666666667,1.5321767544420446
306,306,3,recov,0.20566174583642335,1.5815224702721493,476.6666666666667,1.5321767544420446
307,307,4,recov,0.2056060299049642,1.5817934174996562,476.6666666666667,1.5321767544420446
308,308,5,recov,0.20555090086159922,1.5820615829594604,476.6666666666667,1.5321767544420446
309,309,3,recov,0.20601151169853013,1.5798232297221988,476.6666666666667,1.5321767544420446
310,310,4,recov,0.20595740174820054,1.5800859192061603,476.6666666666667,1.5321767544420446
311,311,5,recov,0.20590386088964552,1.5803459138388856,476.6666666666667,1.5321767544420446
312,312,3,recov,0.20635035183412911,1.5781798177492397,476.6666666666667,1.5321767544420446
313,313,4,recov,0.20629780323254918,1.5784345073738932,476.6666666666667,1.5321767544420446
314,314,5,recov,0.20624580647398083,1.5786865862214152,476.6666666666667,1.5321767544420446
315,315,3,recov,0.2066786233755262,1.5765902362417792,476.6666666666667,1.5321767544420446
316,316,4,recov,0.20662759261767105,1.576837175465724,476.6666666666667,1.5321767544420446
317,317,5,recov,0.20657709698446994,1.577081585244815,476.6666666666667,1.5321767544420446
318,318,3,recov,0.20699667083288814,1.5750525687790073,476.6666666666667,1.5321767544420446
319,319,4,recov,0.206947115520919,1.5752919989327603,476.6666666666667,1.5321767544420446
320,320,5,recov,0.2068980791290406,1.5755289783286397,476.6666666666667,1.5321767544420446
321,321,3,recov,0.20730482659656843,1.5735649766635091,476.6666666666667,1.5321767544420446
322,322,4,recov,0.20725670541932534,1.5737971312352332,476.6666666666667,1.5321767544420446
323,323,5,recov,0.20720908745531721,1.5740269111834764,476.6666666666667,1.5321767544420446
324,324,3,recov,0.2076034114161871,1.5721256951848248,476.6666666666667,1.5321767544420446
325,325,4,recov,0.2075566841284232,1.5723508000947748,476.6666666666667,1.5321767544420446
326,326,5,recov,0.2075104448291681,1.572573604052113,476.6666666666667,1.5321767544420446
327,327,3,recov,0.2078927348577228,1.5707330300980722,476.6666666666667,1.5321767544420446
328,328,4,recov,0.2078473622591519,1.5709513039622758,476.6666666666667,1.5321767544420446
329,329,5,recov,0.20780246289140872,1.571167348166801,476.6666666666667,1.5321767544420446
330,330,3,recov,0.2081730957397968,1.5693853543030918,476.6666666666667,1.5321767544420446
331,331,4,recov,0.20812903965401888,1.569597008686756,476.6666666666667,1.5321767544420446
332,332,5,recov,0.20808544249382696,1.5698065024080046,476.6666666666667,1.5321767544420446
333,333,3,recov,0.20844478255025664,1.5680811047106928,476.6666666666667,1.5321767544420446
334,334,4,recov,0.20840200580361984,1.5682863443717967,476.6666666666667,1.5321767544420446
335,335,5,recov,0.20835967411562495,1.568489490151172,476.6666666666667,1.5321767544420446
336,336,3,recov,0.20870807384409842,1.5668187792836077,476.6666666666667,1.5321767544420446
337,337,4,recov,0.20866654024454945,1.5670178024071235,476.6666666666667,1.5321767544420446
338,338,5,recov,0.20862543826130367,1.5672147962890854,476.6666666666667,1.5321767544420446
339,339,3,recov,0.2089632386237051,1.5655969342407017,476.6666666666667,1.5321767544420446
340,340,4,recov,0.20892291293967466,1.5657899326638596,476.6666666666667,1.5321767544420446
341,341,5,recov,0.2088830058409578,1.5659809644182907,476.6666666666667,1.5321767544420446
342,342,3,recov,0.20921053670231757,1.5644141814138486,476.6666666666667,1.5321767544420446
343,343,4,recov,0.20917138464168314,1.564601340842836,476.6666666666667,1.5321767544420446
344,344,5,recov,0.2091326385338874,1.5647865941789738,476.6666666666667,1.5321767544420446
345,345,3,recov,0.20945021905160177,1.5632691857476646,476.6666666666667,1.5321767544420446
346,346,4,recov,0.2094122072407646,1.5634506859661397,476.6666666666667,1.5321767544420446
347,347,5,recov,0.2093745891363802,1.563630338738438,476.6666666666667,1.5321767544420446
348,348,3,recov,0.209682528134124,1.5621606629330147,476.6666666666667,1.5321767544420446
349,349,4,recov,0.20964562409723334,1.5623366780027856,476.6666666666667,1.5321767544420446
350,350,5,recov,0.20960910189446905,1.5625109024090593,476.6666666666667,1.5321767544420446
351,351,3,recov,0.2099076982214975,1.5610873771658773,476.6666666666667,1.5321767544420446
352,352,4,recov,0.20987187035985205,1.5612580756200851,476.6666666666667,1.5321767544420446
353,353,5,recov,0.2098364128224193,1.561427038392267,476.6666666666667,1.5321767544420446
354,354,3,recov,0.21012595569892023,1.560048139023747,476.6666666666667,1.5321767544420446
355,355,4,recov,0.2100911732705724,1.5602136840528733,476.6666666666667,1.5321767544420446
356,356,5,recov,0.21005675000766083,1.560377546640697,476.6666666666667,1.5321767544420446
357,357,3,recov,0.21033751935678222,1.559041803452324,476.6666666666667,1.5321767544420446
358,358,4,recov,0.21030375245636787,1.5592023530833257,476.6666666666667,1.5321767544420446
359,359,5,recov,0.2102703339028343,1.5593612718312362,476.6666666666667,1.5321767544420446
360,360,3,recov,0.21054260066998,1.558067267855748,476.6666666666667,1.5321767544420446
361,361,4,recov,0.21050982020879436,1.5582229751246124,476.6666666666667,1.5321767544420446
362,362,5,recov,0.21047737760558602,1.5583771014421868,476.6666666666667,1.5321767544420446
363,363,3,recov,0.2107414040655421,1.5571234702841124,476.6666666666667,1.5321767544420446
364,364,4,recov,0.2107095817518785,1.557274483402102,476.6666666666667,1.5321767544420446
365,365,5,recov,0.21067808712670835,1.5574239639282532,476.6666666666667,1.5321767544420446
366,366,3,recov,0.21093412717913207,1.5562093877124241,476.6666666666667,1.5321767544420446
367,367,4,recov,0.2109032354988996,1.556355850226278,476.6666666666667,1.5321767544420446
368,368,5,recov,0.21087266164718924,1.5565008269874956,476.6666666666667,1.5321767544420446
369,369,3,recov,0.211120961100968,1.5553240344055774,476.6666666666667,1.5321767544420446
370,370,4,recov,0.2110909732985998,1.5554660853519169,476.6666666666667,1.5321767544420446
371,371,5,recov,0.21106129376470298,1.5556066959147936,476.6666666666667,1.5321767544420446
372,372,3,recov,0.2113020906116628,1.5544664603642881,476.6666666666667,1.5321767544420446
373,373,4,recov,0.2112729806713273,1.554604234418461,476.6666666666667,1.5321767544420446
374,374,5,recov,0.21124416973004562,1.5547406120367375,476.6666666666667,1.5321767544420446
375,375,3,recov,0.211477694408465,1.5536357498472644,476.6666666666667,1.5321767544420446
376,376,4,recov,0.21144943703558822,1.553769377466861,476.6666666666667,1.5321767544420446
377,377,5,recov,0.21142146967398895,1.5539016512232076,476.6666666666667,1.5321767544420446
378,378,3,recov,0.2116479453223523,1.5528310199652213,476.6666666666667,1.5321767544420446
379,379,4,recov,0.2116205159254602,1.5529606275284666,476.6666666666667,1.5321767544420446
380,380,5,recov,0.21159336782500307,1.5530889224712214,476.6666666666667,1.5321767544420446
381,381,3,recov,0.21181301052640533,1.5520514193426211,476.6666666666667,1.5321767544420446
382,382,4,recov,0.2117863851992909,1.5521771292818616,476.6666666666667,1.5321767544420446
383,383,5,recov,0.21176003271827182,1.5523015665569195,476.6666666666667,1.5321767544420446
384,384,3,recov,0.21197305173586667,1.5512961268433105,476.6666666666667,1.5321767544420446
385,385,4,recov,0.21194720724008795,1.5514180577737793,476.6666666666667,1.5321767544420446
386,386,5,recov,0.21192162739640394,1.5515387547518291,476.6666666666667,1.5321767544420446
387,387,3,recov,0.2121282254002672,1.550564350356463,476.6666666666667,1.5321767544420446
388,388,4,recov,0.21210313914797937,1.5506826172005177,476.6666666666667,1.5321767544420446
389,389,5,recov,0.21207830960221888,1.5507996875998102,476.6666666666667,1.5321767544420446
390,390,3,recov,0.2122786828879837,1.5498553256394694,476.6666666666667,1.5321767544420446
391,391,4,recov,0.2122543329251078,1.549970039746479,476.6666666666667,1.5321767544420446
392,392,5,recov,0.21223023196396953,1.5500835937513013,476.6666666666667,1.5321767544420446
393,393,3,recov,0.21242457066356926,1.5491683152146438,476.6666666666667,1.5321767544420446
394,394,4,recov,0.2124009356532996,1.5492795844766944,476.6666666666667,1.5321767544420446
395,395,5,recov,0.21237754217334157,1.549389728851717,476.6666666666667,1.5321767544420446
396,396,3,recov,0.21256603045818384,1.5485026073167967,476.6666666666667,1.5321767544420446
397,397,4,recov,0.21254308966483443,1.548610536280377,476.6666666666667,1.5321767544420446
398,398,5,recov,0.2125203831565546,1.5487173744810376,476.6666666666667,1.5321767544420446
399,399,3,recov,0.21270319943343147,1.5478575148889273,476.6666666666667,1.5321767544420446
400,400,4,recov,0.21268093270662214,1.5479622048627524,476.6666666666667,1.5321767544420446
401,401,5,recov,0.21265889323887072,1.5480658371418232,476.6666666666667,1.5321767544420446
402,402,3,recov,0.21283621033889902,1.5472323746234444,476.6666666666667,1.5321767544420446
403,403,4,recov,0.2128145980980796,1.5473339237825654,476.6666666666667,1.5321767544420446
404,404,5,recov,0.2127932063028023,1.5474344472930561,476.6666666666667,1.5321767544420446
405,405,3,recov,0.21296519166367114,1.5466265460465045,476.6666666666667,1.5321767544420446
406,406,4,recov,0.2129442148829833,1.546725049532844,476.6666666666667,1.5321767544420446
407,407,5,recov,0.21292345194029505,1.5468225584273771,476.6666666666667,1.5321767544420446
408,408,3,recov,0.2130902677820873,1.546039410643184,476.6666666666667,1.5321767544420446
409,409,4,recov,0.21306990797556175,1.5461349606626333,476.6666666666667,1.5321767544420446
410,410,5,recov,0.21304975559914882,1.546229546189426,476.6666666666667,1.5321767544420446
411,411,3,recov,0.2132115590939901,1.5454703710213533,476.6666666666667,1.5321767544420446
412,412,4,recov,0.21319179830107648,1.545563056937564,476.6666666666667,1.5321767544420446
413,413,5,recov,0.21317223872392485,1.5456548075331435,476.6666666666667,1.5321767544420446
414,414,3,recov,0.2133291821597016,1.5449188501122495,476.6666666666667,1.5321767544420446
415,415,4,recov,0.21331000293112873,1.5450087585372418,476.6666666666667,1.5321767544420446
416,416,5,recov,0.21329101889157623,1.5450977599160194,476.6666666666667,1.5321767544420446
417,417,3,recov,0.21344324982995488,1.544384290405861,476.6666666666667,1.5321767544420446
418,418,4,recov,0.2134246352139179,1.5444715052875655,476.6666666666667,1.5321767544420446
419,419,5,recov,0.21340620994202697,1.5445578405283826,476.6666666666667,1.5321767544420446
420,420,3,recov,0.21355387137099457,1.5438661532193458,476.6666666666667,1.5321767544420446
421,421,4,recov,0.21353580489966492,1.5439507559261976,476.6666666666667,1.5321767544420446
422,422,5,recov,0.21351792210391246,1.5440345055559614,476.6666666666667,1.5321767544420446
423,423,3,recov,0.2136611525850502,1.5433639179968237,476.6666666666667,1.5321767544420446
424,424,4,recov,0.2136436182614056,1.5434459873995112,476.6666666666667,1.5321767544420446
425,425,5,recov,0.21362626211568675,1.5435272294740197,476.6666666666667,1.5321767544420446
426,426,3,recov,0.21376519592637735,1.5428770816389603,476.6666666666667,1.5321767544420446
427,427,4,recov,0.21374817821134642,1.5429566941894413,476.6666666666667,1.5321767544420446
428,428,5,recov,0.21373133334228742,1.5430355043715083,476.6666666666667,1.5321767544420446
429,429,3,recov,0.21386610061305034,1.5424051578608726,476.6666666666667,1.5321767544420446
430,430,4,recov,0.21384958441296814,1.5424823876687503,476.6666666666667,1.5321767544420446
431,431,5,recov,0.2138332358875448,1.542558839303725,476.6666666666667,1.5321767544420446
432,432,3,recov,0.21396396273468318,1.5419476765769542,476.6666666666667,1.5321767544420446
433,433,4,recov,0.21394793338905296,1.5420225954833127,476.6666666666667,1.5321767544420446
434,434,5,recov,0.21393206670251014,1.5420967596720885,476.6666666666667,1.5321767544420446
435,435,3,recov,0.21405887535624565,1.5415041833113075,476.6666666666667,1.5321767544420446
436,436,4,recov,0.21404331862580178,1.5415768609600997,476.6666666666667,1.5321767544420446
437,437,5,recov,0.21402791968986862,1.5416488066297056,476.6666666666667,1.5321767544420446
438,438,3,recov,0.21415092861813445,1.541074238632543,476.6666666666667,1.5321767544420446
439,439,4,recov,0.2141358306732018,1.541144742539616,476.6666666666667,1.5321767544420446
440,440,5,recov,0.21412088580459895,1.5412145365114742,476.6666666666667,1.5321767544420446
441,441,3,recov,0.2142402098326512,1.5406574176117707,476.6666666666667,1.5321767544420446
442,442,4,recov,0.21422555724179593,1.540725813231617,476.6666666666667,1.5321767544420446
443,443,5,recov,0.2142110531510291,1.5407935202875527,476.6666666666667,1.5321767544420446
444,444,3,recov,0.2143268035770327,1.540253309302683,476.6666666666667,1.5321767544420446
445,445,4,recov,0.21431258329599903,1.5403196600929945,476.6666666666667,1.5321767544420446
446,446,5,recov,0.21429850707643427,1.540385343039078,476.6666666666667,1.5321767544420446
447,447,3,recov,0.21441079178317105,1.5398615162426776,476.6666666666667,1.5321767544420446
448,448,4,recov,0.2143969911440991,1.5399258837267868,476.6666666666667,1.5321767544420446
449,449,5,recov,0.21438333026131437,1.539989603455083,476.6666666666667,1.5321767544420446
450,450,3,recov,0.21449225382415585,1.539481653974043,476.6666666666667,1.5321767544420446
451,451,4,recov,0.21447886052507523,1.539544097801317,476.6666666666667,1.5321767544420446
452,452,5,recov,0.21446560280648355,1.5396059133496187,476.6666666666667,1.5321767544420446
453,453,3,recov,0.2145712665977651,1.5391133505842574,476.6666666666667,1.5321767544420446
454,454,4,recov,0.2145582686923584,1.5391739285885278,476.6666666666667,1.5321767544420446
455,455,5,recov,0.2145454023170972,1.5392338971981403,476.6666666666667,1.5321767544420446
456,456,3,recov,0.2146479046070233,1.5387562462645341,476.6666666666667,1.5321767544420446
457,457,4,recov,0.21463529049465485,1.5388150145206223,476.6666666666667,1.5321767544420446
458,458,5,recov,0.21462280398373587,1.5388731916922733,476.6666666666667,1.5321767544420446
459,459,3,recov,0.2147222400379429,1.538409992885768,476.6666666666667,1.5321767544420446
460,460,4,recov,0.21470999845394706,1.5384670057641776,476.6666666666667,1.5321767544420446
461,461,5,recov,0.21469788066066225,1.5385234453121106,476.6666666666667,1.5321767544420446
462,462,3,recov,0.21479434283455828,1.5380742535910918,476.6666666666667,1.5321767544420446
463,463,4,recov,0.21478246284078165,1.53812956381093,476.6666666666667,1.5321767544420446
464,464,5,recov,0.21477070294135933,1.5381843179152508,476.6666666666667,1.5321767544420446
465,465,3,recov,0.21486428077135705,1.5377487024042937,476.6666666666667,1.5321767544420446
466,466,4,recov,0.21485275174694937,1.5378023610844858,476.6666666666667,1.5321767544420446
467,467,5,recov,0.2148413392314557,1.5378554803418176,476.6666666666667,1.5321767544420446
468,468,3,recov,0.2149321195232082,1.537433023853389,476.6666666666667,1.5321767544420446
469,469,4,recov,0.21492093115565714,1.5374850805622384,476.6666666666667,1.5321767544420446
470,470,5,recov,0.21490985581913716,1.5375366140347493,476.6666666666667,1.5321767544420446
471,471,3,recov,0.2149979227328838,1.5371269126086662,476.6666666666667,1.5321767544420446
472,472,4,recov,0.2149870650092874,1.5371774154118254,476.6666666666667,1.5321767544420446
473,473,5,recov,0.21497631694314115,1.5372274106746764,476.6666666666667,1.5321767544420446
474,474,3,recov,0.21506175207626543,1.5368300731345692,476.6666666666667,1.5321767544420446
475,475,4,recov,0.21505121527483737,1.5368790686414708,476.6666666666667,1.5321767544420446
476,476,5,recov,0.2150407848584251,1.5369275718287474,476.6666666666667,1.5321767544420446
477,477,3,recov,0.21512366732532243,1.5365422193548168,476.6666666666667,1.5321767544420446
478,478,4,recov,0.21511344200712476,1.5365897527636179,476.6666666666667,1.5321767544420446
479,479,5,recov,0.21510331989959694,1.5366368086127893,476.6666666666667,1.5321767544420446
480,480,3,recov,0.2151837264089463,1.5362630743301746,476.6666666666667,1.5321767544420446
481,481,4,recov,0.21517380340984482,1.536309189471264,476.6666666666667,1.5321767544420446
482,482,5,recov,0.21516398054219107,1.5363548413662254,476.6666666666667,1.5321767544420446
483,483,3,recov,0.21524198547172188,1.5359923699483347,476.6666666666667,1.5321767544420446
484,484,4,recov,0.2152323558945582,1.5360371093264575,476.6666666666667,1.5321767544420446
485,485,5,recov,0.21522282346187058,1.536081399339199,476.6666666666667,1.5321767544420446
486,486,3,recov,0.21529849893071112,1.5357298466253897,476.6666666666667,1.5321767544420446
487,487,4,recov,0.21528915413768712,1.5357732514604279,476.6666666666667,1.5321767544420446
488,488,5,recov,0.21527990359163235,1.5358162203913817,476.6666666666667,1.5321767544420446
489,489,3,recov,0.2153533195303239,1.535475253018402,476.6666666666667,1.5321767544420446
490,490,4,recov,0.2153442511355932,1.5355173632848613,476.6666666666667,1.5321767544420446
491,491,5,recov,0.21533527417708961,1.535559050701965,476.6666666666667,1.5321767544420446
492,492,3,recov,0.21540649839534629,1.5352283457485985,476.6666666666667,1.5321767544420446
493,493,4,recov,0.21539769825780755,1.5352692002138444,476.6666666666667,1.5321767544420446
494,494,5,recov,0.21538898682990104,1.5353096444903702,476.6666666666667,1.5321767544420446
495,495,3,recov,0.21545808508219338,1.534988889134749,476.6666666666667,1.5321767544420446
496,496,4,recov,0.21544954529848098,1.5350285253960332,476.6666666666667,1.5321767544420446
497,497,5,recov,0.21544109157941585,1.5350677637472188,476.6666666666667,1.5321767544420446
498,498,3,recov,0.21550812762845206,1.5347566549363008,476.6666666666667,1.5321767544420446
499,499,4,recov,0.2154998405261193,1.5347951094566161,476.6666666666667,1.5321767544420446
500,500,5,recov,0.21549163692259862,1.5348331779751412,476.6666666666667,1.5321767544420446
501,501,3,recov,0.21555667260077557,1.5345314221058635,476.6666666666667,1.5321767544420446
502,502,4,recov,0.21554863073166527,1.5345687302486726,476.6666666666667,1.5321767544420446
503,503,5,recov,0.2155406698722968,1.5346056639390158,476.6666666666667,1.5321767544420446
504,504,3,recov,0.2156037651411894,1.5343129765506651,476.6666666666667,1.5321767544420446
505,505,4,recov,0.21559596127498745,1.534349172613532,476.6666666666667,1.5321767544420446
506,506,5,recov,0.2155882360039101,1.5343850054252488,476.6666666666667,1.5321767544420446
507,507,3,recov,0.2156494490118658,1.5341011109026048,476.6666666666667,1.5321767544420446
508,508,4,recov,0.21564187612983338,1.5341362281497728,476.6666666666667,1.5321767544420446
509,509,5,recov,0.21563437950051983,1.5341709930097271,476.6666666666667,1.5321767544420446
510,510,3,recov,0.21569376663842216,1.5338956242965596,476.6666666666667,1.5321767544420446
511,511,4,recov,0.21568641792730162,1.5339296949905052,476.6666666666667,1.5321767544420446
512,512,5,recov,0.21567914319653245,1.5339634238340916,476.6666666666667,1.5321767544420446
513,513,3,recov,0.2157367591517944,1.5336963221566111,476.6666666666667,1.5321767544420446
514,514,4,recov,0.215729627997885,1.5337293775886096,476.6666666666667,1.5321767544420446
515,515,5,recov,0.2157225686198904,1.5337621013899976,476.6666666666667,1.5321767544420446
516,516,3,recov,0.2157784664287388,1.5335030159898673,476.6666666666667,1.5321767544420446
517,517,4,recov,0.21577154641213694,1.5335350865096058,476.6666666666667,1.5321767544420446
518,518,5,recov,0.2157646960329016,1.533566835311037,476.6666666666667,1.5321767544420446
519,519,3,recov,0.21581892713100734,1.53331552318759,476.6666666666667,1.5321767544420446
520,520,4,recov,0.21581221202000858,1.5333466382318497,476.6666666666667,1.5321767544420446
521,521,5,recov,0.2158055644717353,1.5333774411720245,476.6666666666667,1.5321767544420446
522,522,3,recov,0.2158581787432461,1.5331336668333253,476.6666666666667,1.5321767544420446
523,523,4,recov,0.21585166248890322,1.5331638549537756,476.6666666666667,1.5321767544420446
524,524,5,recov,0.21584521178463154,1.5331937402953502,476.6666666666667,1.5321767544420446
525,525,3,recov,0.2158962576096601,1.532957275517769,476.6666666666667,1.5321767544420446
526,526,4,recov,0.2158899343404943,1.5329865644078917,476.6666666666667,1.5321767544420446
527,527,5,recov,0.21588367466886982,1.533015559564123,476.6666666666667,1.5321767544420446
528,528,3,recov,0.21593319896948776,1.5327861831601035,476.6666666666667,1.5321767544420446
529,529,4,recov,0.21592706298634848,1.5328145996812805,476.6666666666667,1.5321767544420446
530,530,5,recov,0.21592098870653914,1.5328427312418418,476.6666666666667,1.5321767544420446
531,531,3,recov,0.21596903699132666,1.5326202288355495,476.6666666666667,1.5321767544420446
532,532,4,recov,0.21596308276239592,1.5326477990423426,476.6666666666667,1.5321767544420446
533,533,5,recov,0.2159571883991515,1.5326750927983357,476.6666666666667,1.5321767544420446
534,534,3,recov,0.2160038048063505,1.5324592566088964,476.6666666666667,1.5321767544420446
535,535,4,recov,0.2159980269622887,1.5324860057735399,476.6666666666667,1.5321767544420446
536,536,5,recov,0.2159923072011392,1.5325124867417352,476.6666666666667,1.5321767544420446
537,537,3,recov,0.2160375345404552,1.532303115373781,476.6666666666667,1.5321767544420446
538,538,4,recov,0.21603192786968367,1.5323290680099177,476.6666666666667,1.5321767544420446
539,539,5,recov,0.21602637755227383,1.5323547604562404,476.6666666666667,1.5321767544420446
540,540,3,recov,0.21607025734537122,1.532151658697493,476.6666666666667,1.5321767544420446
541,541,4,recov,0.21606481678948875,1.5321768385831742,476.6666666666667,1.5321767544420446
542,542,5,recov,0.21605943090904398,1.5322017660454665,476.6666666666667,1.5321767544420446
543,543,0,fam_r,0.029400030725344504,3.526759559558302,476.6666666666667,1.5321767544420446
544,544,1,fam_r,0.029399312485487994,3.526783989758278,476.6666666666667,1.5321767544420446
545,545,2,fam_r,0.029398601462597627,3.5268081750683566,476.6666666666667,1.5321767544420446
546,546,0,fam_r,0.03498920863578389,3.3527155897264427,476.6666666666667,1.5321767544420446
547,547,1,fam_r,0.03498837930034301,3.3527392926137636,476.6666666666667,1.5321767544420446
548,548,2,fam_r,0.03498755829698268,3.352762757918797,476.6666666666667,1.5321767544420446
549,549,0,fam_r,0.04041160714953626,3.208638229597816,476.6666666666667,1.5321767544420446
550,550,1,fam_r,0.04041067780330079,3.2086612268747685,476.6666666666667,1.5321767544420446
551,551,2,fam_r,0.04040975779263207,3.2086839936579956,476.6666666666667,1.5321767544420446
552,552,0,fam_r,0.045672225301602996,3.086264927296723,476.6666666666667,1.5321767544420446
553,553,1,fam_r,0.04567120624147029,3.0862872400151207,476.6666666666667,1.5321767544420446
554,554,2,fam_r,0.045670197416733574,3.0863093291159305,476.6666666666667,1.5321767544420446
555,555,0,fam_r,0.05077591097344273,2.98033323029913,476.6666666666667,1.5321767544420446
556,556,1,fam_r,0.050774811758927126,2.9803548788799783,476.6666666666667,1.5321767544420446
557,557,2,fam_r,0.05077372358343652,2.980376310513374,476.6666666666667,1.5321767544420446
