,time_step,stimulus,type,familiarity,novelty,dN,steady
0,0,0,fam,0.06666666666666667,2.70805020110221,0.0,2.776081953802341
1,1,1,fam,0.06206896551724138,2.779509165084355,0.0,2.776081953802341
2,2,2,fam,0.06164383561643836,2.786382044372117,0.0,2.776081953802341
3,3,0,fam,0.06228610540725531,2.7760169052338495,0.0,2.776081953802341
4,4,1,fam,0.062281842447471085,2.7760853491611885,0.0,2.776081953802341
5,5,2,fam,0.06228141618358645,2.7760921932962783,0.0,2.776081953802341
6,6,0,fam,0.062282057968217334,2.776081888756601,0.0,2.776081953802341
7,7,1,fam,0.06228205370556695,2.7760819571976683,0.0,2.776081953802341
8,8,2,fam,0.06228205327930194,2.776081964041775,0.0,2.776081953802341
9,9,0,fam,0.06228205392108609,2.776081953737295,0.0,2.776081953802341
10,10,1,fam,0.06228205391682344,2.776081953805736,0.0,2.776081953802341
11,11,2,fam,0.06228205391639718,2.77608195381258,0.0,2.776081953802341
12,12,0,fam,0.062282053917038956,2.776081953802276,0.0,2.776081953802341
13,13,1,fam,0.062282053917034695,2.7760819538023442,0.0,2.776081953802341
14,14,2,fam,0.06228205391703427,2.776081953802351,0.0,2.776081953802341
15,15,0,fam,0.06228205391703491,2.7760819538023407,0.0,2.776081953802341
16,16,1,fam,0.06228205391703491,2.7760819538023407,0.0,2.776081953802341
17,17,2,fam,0.06228205391703491,2.7760819538023407,0.0,2.776081953802341
18,18,0,fam,0.06228205391703491,2.7760819538023407,0.0,2.776081953802341
19,19,1,fam,0.06228205391703491,2.7760819538023407,0.0,2.776081953802341
20,20,2,fam,0.06228205391703491,2.7760819538023407,0.0,2.776081953802341
21,21,0,fam,0.06228205391703491,2.7760819538023407,0.0,2.776081953802341
22,22,1,fam,0.06228205391703491,2.7760819538023407,0.0,2.776081953802341
23,23,2,fam,0.06228205391703491,2.7760819538023407,0.0,2.776081953802341
24,24,0,fam,0.06228205391703491,2.7760819538023407,0.0,2.776081953802341
25,25,1,fam,0.06228205391703491,2.7760819538023407,0.0,2.776081953802341
26,26,2,fam,0.06228205391703491,2.7760819538023407,0.0,2.776081953802341
27,27,0,fam,0.06228205391703491,2.7760819538023407,0.0,2.776081953802341
28,28,1,fam,0.06228205391703491,2.7760819538023407,0.0,2.776081953802341
29,29,2,fam,0.06228205391703491,2.7760819538023407,0.0,2.776081953802341
30,30,0,fam,0.06228205391703491,2.7760819538023407,0.0,2.776081953802341
31,31,1,fam,0.06228205391703491,2.7760819538023407,0.0,2.776081953802341
32,32,2,fam,0.06228205391703491,2.7760819538023407,0.0,2.776081953802341
33,33,0,fam,0.06228205391703491,2.7760819538023407,0.0,2.776081953802341
34,34,1,fam,0.06228205391703491,2.7760819538023407,0.0,2.776081953802341
35,35,2,fam,0.06228205391703491,2.7760819538023407,0.0,2.776081953802341
36,36,0,fam,0.06228205391703491,2.7760819538023407,0.0,2.776081953802341
37,37,1,fam,0.06228205391703491,2.7760819538023407,0.0,2.776081953802341
38,38,2,fam,0.06228205391703491,2.7760819538023407,0.0,2.776081953802341
39,39,0,fam,0.06228205391703491,2.7760819538023407,0.0,2.776081953802341
40,40,1,fam,0.06228205391703491,2.7760819538023407,0.0,2.776081953802341
41,41,2,fam,0.06228205391703491,2.7760819538023407,0.0,2.776081953802341
42,42,0,fam,0.06228205391703491,2.7760819538023407,0.0,2.776081953802341
43,43,1,fam,0.06228205391703491,2.7760819538023407,0.0,2.776081953802341
44,44,2,fam,0.06228205391703491,2.7760819538023407,0.0,2.776081953802341
45,45,0,fam,0.06228205391703491,2.7760819538023407,0.0,2.776081953802341
46,46,1,fam,0.06228205391703491,2.7760819538023407,0.0,2.776081953802341
47,47,2,fam,0.06228205391703491,2.7760819538023407,0.0,2.776081953802341
48,48,0,fam,0.06228205391703491,2.7760819538023407,0.0,2.776081953802341
49,49,1,fam,0.06228205391703491,2.7760819538023407,0.0,2.776081953802341
50,50,2,fam,0.06228205391703491,2.7760819538023407,0.0,2.776081953802341
51,51,0,fam,0.06228205391703491,2.7760819538023407,0.0,2.776081953802341
52,52,1,fam,0.06228205391703491,2.7760819538023407,0.0,2.776081953802341
53,53,2,fam,0.06228205391703491,2.7760819538023407,0.0,2.776081953802341
54,54,0,fam,0.06228205391703491,2.7760819538023407,0.0,2.776081953802341
55,55,1,fam,0.06228205391703491,2.7760819538023407,0.0,2.776081953802341
56,56,2,fam,0.06228205391703491,2.7760819538023407,0.0,2.776081953802341
57,57,0,fam,0.06228205391703491,2.7760819538023407,0.0,2.776081953802341
58,58,1,fam,0.06228205391703491,2.7760819538023407,0.0,2.776081953802341
59,59,2,fam,0.06228205391703491,2.7760819538023407,0.0,2.776081953802341
60,60,0,fam,0.06228205391703491,2.7760819538023407,0.0,2.776081953802341
61,61,1,fam,0.06228205391703491,2.7760819538023407,0.0,2.776081953802341
62,62,2,fam,0.06228205391703491,2.7760819538023407,0.0,2.776081953802341
63,63,0,fam,0.06228205391703491,2.7760819538023407,0.0,2.776081953802341
64,64,1,fam,0.06228205391703491,2.7760819538023407,0.0,2.776081953802341
65,65,2,fam,0.06228205391703491,2.7760819538023407,0.0,2.776081953802341
66,66,0,fam_r,0.06228205391703491,2.7760819538023407,0.0,2.776081953802341
67,67,1,fam_r,0.06228205391703491,2.7760819538023407,0.0,2.776081953802341
68,68,2,fam_r,0.06228205391703491,2.7760819538023407,0.0,2.776081953802341
69,69,0,fam_r,0.06228205391703491,2.7760819538023407,0.0,2.776081953802341
70,70,1,fam_r,0.06228205391703491,2.7760819538023407,0.0,2.776081953802341
71,71,2,fam_r,0.06228205391703491,2.7760819538023407,0.0,2.776081953802341
72,72,0,fam_r,0.06228205391703491,2.7760819538023407,0.0,2.776081953802341
73,73,1,fam_r,0.06228205391703491,2.7760819538023407,0.0,2.776081953802341
74,74,2,fam_r,0.06228205391703491,2.7760819538023407,0.0,2.776081953802341
75,75,0,fam_r,0.06228205391703491,2.7760819538023407,0.0,2.776081953802341
76,76,1,fam_r,0.06228205391703491,2.7760819538023407,0.0,2.776081953802341
77,77,2,fam_r,0.06228205391703491,2.7760819538023407,0.0,2.776081953802341
78,78,0,fam_r,0.06228205391703491,2.7760819538023407,0.0,2.776081953802341
79,79,1,fam_r,0.06228205391703491,2.7760819538023407,0.0,2.776081953802341
80,80,2,fam_r,0.06228205391703491,2.7760819538023407,0.0,2.776081953802341
0,0,0,fam,0.06666666666666667,2.70805020110221,73.33333333333334,2.776081953802341
1,1,1,fam,0.06206896551724138,2.779509165084355,73.33333333333334,2.776081953802341
2,2,2,fam,0.06164383561643836,2.786382044372117,73.33333333333334,2.776081953802341
3,3,0,fam,0.06228610540725531,2.7760169052338495,73.33333333333334,2.776081953802341
4,4,1,fam,0.062281842447471085,2.7760853491611885,73.33333333333334,2.776081953802341
5,5,2,fam,0.06228141618358645,2.7760921932962783,73.33333333333334,2.776081953802341
6,6,0,fam,0.062282057968217334,2.776081888756601,73.33333333333334,2.776081953802341
7,7,1,fam,0.06228205370556695,2.7760819571976683,73.33333333333334,2.776081953802341
8,8,2,fam,0.06228205327930194,2.776081964041775,73.33333333333334,2.776081953802341
9,9,0,fam,0.06228205392108609,2.776081953737295,73.33333333333334,2.776081953802341
10,10,1,fam,0.06228205391682344,2.776081953805736,73.33333333333334,2.776081953802341
11,11,2,fam,0.06228205391639718,2.77608195381258,73.33333333333334,2.776081953802341
12,12,0,fam,0.062282053917038956,2.776081953802276,73.33333333333334,2.776081953802341
13,13,1,fam,0.062282053917034695,2.7760819538023442,73.33333333333334,2.776081953802341
14,14,2,fam,0.06228205391703427,2.776081953802351,73.33333333333334,2.776081953802341
15,15,0,fam,0.06228205391703491,2.7760819538023407,73.33333333333334,2.776081953802341
16,16,1,fam,0.06228205391703491,2.7760819538023407,73.33333333333334,2.776081953802341
17,17,2,fam,0.06228205391703491,2.7760819538023407,73.33333333333334,2.776081953802341
18,18,0,fam,0.06228205391703491,2.7760819538023407,73.33333333333334,2.776081953802341
19,19,1,fam,0.06228205391703491,2.7760819538023407,73.33333333333334,2.776081953802341
20,20,2,fam,0.06228205391703491,2.7760819538023407,73.33333333333334,2.776081953802341
21,21,0,fam,0.06228205391703491,2.7760819538023407,73.33333333333334,2.776081953802341
22,22,1,fam,0.06228205391703491,2.7760819538023407,73.33333333333334,2.776081953802341
23,23,2,fam,0.06228205391703491,2.7760819538023407,73.33333333333334,2.776081953802341
24,24,0,fam,0.06228205391703491,2.7760819538023407,73.33333333333334,2.776081953802341
25,25,1,fam,0.06228205391703491,2.7760819538023407,73.33333333333334,2.776081953802341
26,26,2,fam,0.06228205391703491,2.7760819538023407,73.33333333333334,2.776081953802341
27,27,0,fam,0.06228205391703491,2.7760819538023407,73.33333333333334,2.776081953802341
28,28,1,fam,0.06228205391703491,2.7760819538023407,73.33333333333334,2.776081953802341
29,29,2,fam,0.06228205391703491,2.7760819538023407,73.33333333333334,2.776081953802341
30,30,0,fam,0.06228205391703491,2.7760819538023407,73.33333333333334,2.776081953802341
31,31,1,fam,0.06228205391703491,2.7760819538023407,73.33333333333334,2.776081953802341
32,32,2,fam,0.06228205391703491,2.7760819538023407,73.33333333333334,2.776081953802341
33,33,0,fam,0.06228205391703491,2.7760819538023407,73.33333333333334,2.776081953802341
34,34,1,fam,0.06228205391703491,2.7760819538023407,73.33333333333334,2.776081953802341
35,35,2,fam,0.06228205391703491,2.7760819538023407,73.33333333333334,2.776081953802341
36,36,0,fam,0.06228205391703491,2.7760819538023407,73.33333333333334,2.776081953802341
37,37,1,fam,0.06228205391703491,2.7760819538023407,73.33333333333334,2.776081953802341
38,38,2,fam,0.06228205391703491,2.7760819538023407,73.33333333333334,2.776081953802341
39,39,0,fam,0.06228205391703491,2.7760819538023407,73.33333333333334,2.776081953802341
40,40,1,fam,0.06228205391703491,2.7760819538023407,73.33333333333334,2.776081953802341
41,41,2,fam,0.06228205391703491,2.7760819538023407,73.33333333333334,2.776081953802341
42,42,0,fam,0.06228205391703491,2.7760819538023407,73.33333333333334,2.776081953802341
43,43,1,fam,0.06228205391703491,2.7760819538023407,73.33333333333334,2.776081953802341
44,44,2,fam,0.06228205391703491,2.7760819538023407,73.33333333333334,2.776081953802341
45,45,0,fam,0.06228205391703491,2.7760819538023407,73.33333333333334,2.776081953802341
46,46,1,fam,0.06228205391703491,2.7760819538023407,73.33333333333334,2.776081953802341
47,47,2,fam,0.06228205391703491,2.7760819538023407,73.33333333333334,2.776081953802341
48,48,0,fam,0.06228205391703491,2.7760819538023407,73.33333333333334,2.776081953802341
49,49,1,fam,0.06228205391703491,2.7760819538023407,73.33333333333334,2.776081953802341
50,50,2,fam,0.06228205391703491,2.7760819538023407,73.33333333333334,2.776081953802341
51,51,0,fam,0.06228205391703491,2.7760819538023407,73.33333333333334,2.776081953802341
52,52,1,fam,0.06228205391703491,2.7760819538023407,73.33333333333334,2.776081953802341
53,53,2,fam,0.06228205391703491,2.7760819538023407,73.33333333333334,2.776081953802341
54,54,0,fam,0.06228205391703491,2.7760819538023407,73.33333333333334,2.776081953802341
55,55,1,fam,0.06228205391703491,2.7760819538023407,73.33333333333334,2.776081953802341
56,56,2,fam,0.06228205391703491,2.7760819538023407,73.33333333333334,2.776081953802341
57,57,0,fam,0.06228205391703491,2.7760819538023407,73.33333333333334,2.776081953802341
58,58,1,fam,0.06228205391703491,2.7760819538023407,73.33333333333334,2.776081953802341
59,59,2,fam,0.06228205391703491,2.7760819538023407,73.33333333333334,2.776081953802341
60,60,0,fam,0.06228205391703491,2.7760819538023407,73.33333333333334,2.776081953802341
61,61,1,fam,0.06228205391703491,2.7760819538023407,73.33333333333334,2.776081953802341
62,62,2,fam,0.06228205391703491,2.7760819538023407,73.33333333333334,2.776081953802341
63,63,0,fam,0.06228205391703491,2.7760819538023407,73.33333333333334,2.776081953802341
64,64,1,fam,0.06228205391703491,2.7760819538023407,73.33333333333334,2.776081953802341
65,65,2,fam,0.06228205391703491,2.7760819538023407,73.33333333333334,2.776081953802341
66,66,3,recov,0.061596958174904945,2.787142789939426,73.33333333333334,2.776081953802341
67,67,4,recov,0.061596958174904945,2.787142789939426,73.33333333333334,2.776081953802341
68,68,5,recov,0.061596958174904945,2.787142789939426,73.33333333333334,2.776081953802341
69,69,3,recov,0.06228136882129278,2.776092953752841,73.33333333333334,2.776081953802341
70,70,4,recov,0.06228136882129278,2.776092953752841,73.33333333333334,2.776081953802341
71,71,5,recov,0.06228136882129278,2.776092953752841,73.33333333333334,2.776081953802341
72,72,3,recov,0.062282053231939166,2.776081964802231,73.33333333333334,2.776081953802341
73,73,4,recov,0.062282053231939166,2.776081964802231,73.33333333333334,2.776081953802341
74,74,5,recov,0.062282053231939166,2.776081964802231,73.33333333333334,2.776081953802341
75,75,3,recov,0.06228205391634981,2.7760819538133408,73.33333333333334,2.776081953802341
76,76,4,recov,0.06228205391634981,2.7760819538133408,73.33333333333334,2.776081953802341
77,77,5,recov,0.06228205391634981,2.7760819538133408,73.33333333333334,2.776081953802341
78,78,3,recov,0.06228205391703422,2.776081953802352,73.33333333333334,2.776081953802341
79,79,4,recov,0.06228205391703422,2.776081953802352,73.33333333333334,2.776081953802341
80,80,5,recov,0.06228205391703422,2.776081953802352,73.33333333333334,2.776081953802341
81,81,3,recov,0.06228205391703491,2.7760819538023407,73.33333333333334,2.776081953802341
82,82,4,recov,0.06228205391703491,2.7760819538023407,73.33333333333334,2.776081953802341
83,83,5,recov,0.06228205391703491,2.7760819538023407,73.33333333333334,2.776081953802341
84,84,3,recov,0.06228205391703491,2.7760819538023407,73.33333333333334,2.776081953802341
85,85,4,recov,0.06228205391703491,2.7760819538023407,73.33333333333334,2.776081953802341
86,86,5,recov,0.06228205391703491,2.7760819538023407,73.33333333333334,2.776081953802341
87,87,3,recov,0.06228205391703491,2.7760819538023407,73.33333333333334,2.776081953802341
88,88,4,recov,0.06228205391703491,2.7760819538023407,73.33333333333334,2.776081953802341
89,89,5,recov,0.06228205391703491,2.7760819538023407,73.33333333333334,2.776081953802341
90,90,3,recov,0.06228205391703491,2.7760819538023407,73.33333333333334,2.776081953802341
91,91,4,recov,0.06228205391703491,2.7760819538023407,73.33333333333334,2.776081953802341
92,92,5,recov,0.06228205391703491,2.7760819538023407,73.33333333333334,2.776081953802341
93,93,3,recov,0.06228205391703491,2.7760819538023407,73.33333333333334,2.776081953802341
94,94,4,recov,0.06228205391703491,2.7760819538023407,73.33333333333334,2.776081953802341
95,95,5,recov,0.06228205391703491,2.7760819538023407,73.33333333333334,2.776081953802341
96,96,3,recov,0.06228205391703491,2.7760819538023407,73.33333333333334,2.776081953802341
97,97,4,recov,0.06228205391703491,2.7760819538023407,73.33333333333334,2.776081953802341
98,98,5,recov,0.06228205391703491,2.7760819538023407,73.33333333333334,2.776081953802341
99,99,3,recov,0.06228205391703491,2.7760819538023407,73.33333333333334,2.776081953802341
100,100,4,recov,0.06228205391703491,2.7760819538023407,73.33333333333334,2.776081953802341
101,101,5,recov,0.06228205391703491,2.7760819538023407,73.33333333333334,2.776081953802341
102,102,3,recov,0.06228205391703491,2.7760819538023407,73.33333333333334,2.776081953802341
103,103,4,recov,0.06228205391703491,2.7760819538023407,73.33333333333334,2.776081953802341
104,104,5,recov,0.06228205391703491,2.7760819538023407,73.33333333333334,2.776081953802341
105,105,3,recov,0.06228205391703491,2.7760819538023407,73.33333333333334,2.776081953802341
106,106,4,recov,0.06228205391703491,2.7760819538023407,73.33333333333334,2.776081953802341
107,107,5,recov,0.06228205391703491,2.7760819538023407,73.33333333333334,2.776081953802341
108,108,3,recov,0.06228205391703491,2.7760819538023407,73.33333333333334,2.776081953802341
109,109,4,recov,0.06228205391703491,2.7760819538023407,73.33333333333334,2.776081953802341
110,110,5,recov,0.06228205391703491,2.7760819538023407,73.33333333333334,2.776081953802341
111,111,3,recov,0.06228205391703491,2.7760819538023407,73.33333333333334,2.776081953802341
112,112,4,recov,0.06228205391703491,2.7760819538023407,73.33333333333334,2.776081953802341
113,113,5,recov,0.06228205391703491,2.7760819538023407,73.33333333333334,2.776081953802341
114,114,3,recov,0.06228205391703491,2.7760819538023407,73.33333333333334,2.776081953802341
115,115,4,recov,0.06228205391703491,2.7760819538023407,73.33333333333334,2.776081953802341
116,116,5,recov,0.06228205391703491,2.7760819538023407,73.33333333333334,2.776081953802341
117,117,3,recov,0.06228205391703491,2.7760819538023407,73.33333333333334,2.776081953802341
118,118,4,recov,0.06228205391703491,2.7760819538023407,73.33333333333334,2.776081953802341
119,119,5,recov,0.06228205391703491,2.7760819538023407,73.33333333333334,2.776081953802341
120,120,3,recov,0.06228205391703491,2.7760819538023407,73.33333333333334,2.776081953802341
121,121,4,recov,0.06228205391703491,2.7760819538023407,73.33333333333334,2.776081953802341
122,122,5,recov,0.06228205391703491,2.7760819538023407,73.33333333333334,2.776081953802341
123,123,3,recov,0.06228205391703491,2.7760819538023407,73.33333333333334,2.776081953802341
124,124,4,recov,0.06228205391703491,2.7760819538023407,73.33333333333334,2.776081953802341
125,125,5,recov,0.06228205391703491,2.7760819538023407,73.33333333333334,2.776081953802341
126,126,3,recov,0.06228205391703491,2.7760819538023407,73.33333333333334,2.776081953802341
127,127,4,recov,0.06228205391703491,2.7760819538023407,73.33333333333334,2.776081953802341
128,128,5,recov,0.06228205391703491,2.7760819538023407,73.33333333333334,2.776081953802341
129,129,3,recov,0.06228205391703491,2.7760819538023407,73.33333333333334,2.776081953802341
130,130,4,recov,0.06228205391703491,2.7760819538023407,73.33333333333334,2.776081953802341
131,131,5,recov,0.06228205391703491,2.7760819538023407,73.33333333333334,2.776081953802341
132,132,3,recov,0.06228205391703491,2.7760819538023407,73.33333333333334,2.776081953802341
133,133,4,recov,0.06228205391703491,2.7760819538023407,73.33333333333334,2.776081953802341
134,134,5,recov,0.06228205391703491,2.7760819538023407,73.33333333333334,2.776081953802341
135,135,3,recov,0.06228205391703491,2.7760819538023407,73.33333333333334,2.776081953802341
136,136,4,recov,0.06228205391703491,2.7760819538023407,73.33333333333334,2.776081953802341
137,137,5,recov,0.06228205391703491,2.7760819538023407,73.33333333333334,2.776081953802341
138,138,0,fam_r,0.061596958174904945,2.787142789939426,73.33333333333334,2.776081953802341
139,139,1,fam_r,0.061596958174904945,2.787142789939426,73.33333333333334,2.776081953802341
140,140,2,fam_r,0.061596958174904945,2.787142789939426,73.33333333333334,2.776081953802341
141,141,0,fam_r,0.06228136882129278,2.776092953752841,73.33333333333334,2.776081953802341
142,142,1,fam_r,0.06228136882129278,2.776092953752841,73.33333333333334,2.776081953802341
143,143,2,fam_r,0.06228136882129278,2.776092953752841,73.33333333333334,2.776081953802341
144,144,0,fam_r,0.062282053231939166,2.776081964802231,73.33333333333334,2.776081953802341
145,145,1,fam_r,0.062282053231939166,2.776081964802231,73.33333333333334,2.776081953802341
146,146,2,fam_r,0.062282053231939166,2.776081964802231,73.33333333333334,2.776081953802341
147,147,0,fam_r,0.06228205391634981,2.7760819538133408,73.33333333333334,2.776081953802341
148,148,1,fam_r,0.06228205391634981,2.7760819538133408,73.33333333333334,2.776081953802341
149,149,2,fam_r,0.06228205391634981,2.7760819538133408,73.33333333333334,2.776081953802341
150,150,0,fam_r,0.06228205391703422,2.776081953802352,73.33333333333334,2.776081953802341
151,151,1,fam_r,0.06228205391703422,2.776081953802352,73.33333333333334,2.776081953802341
152,152,2,fam_r,0.06228205391703422,2.776081953802352,73.33333333333334,2.776081953802341
0,0,0,fam,0.06666666666666667,2.70805020110221,146.66666666666669,2.776081953802341
1,1,1,fam,0.06206896551724138,2.779509165084355,146.66666666666669,2.776081953802341
2,2,2,fam,0.06164383561643836,2.786382044372117,146.66666666666669,2.776081953802341
3,3,0,fam,0.06228610540725531,2.7760169052338495,146.66666666666669,2.776081953802341
4,4,1,fam,0.062281842447471085,2.7760853491611885,146.66666666666669,2.776081953802341
5,5,2,fam,0.06228141618358645,2.7760921932962783,146.66666666666669,2.776081953802341
6,6,0,fam,0.062282057968217334,2.776081888756601,146.66666666666669,2.776081953802341
7,7,1,fam,0.06228205370556695,2.7760819571976683,146.66666666666669,2.776081953802341
8,8,2,fam,0.06228205327930194,2.776081964041775,146.66666666666669,2.776081953802341
9,9,0,fam,0.06228205392108609,2.776081953737295,146.66666666666669,2.776081953802341
10,10,1,fam,0.06228205391682344,2.776081953805736,146.66666666666669,2.776081953802341
11,11,2,fam,0.06228205391639718,2.77608195381258,146.66666666666669,2.776081953802341
12,12,0,fam,0.062282053917038956,2.776081953802276,146.66666666666669,2.776081953802341
13,13,1,fam,0.062282053917034695,2.7760819538023442,146.66666666666669,2.776081953802341
14,14,2,fam,0.06228205391703427,2.776081953802351,146.66666666666669,2.776081953802341
15,15,0,fam,0.06228205391703491,2.7760819538023407,146.66666666666669,2.776081953802341
16,16,1,fam,0.06228205391703491,2.7760819538023407,146.66666666666669,2.776081953802341
17,17,2,fam,0.06228205391703491,2.7760819538023407,146.66666666666669,2.776081953802341
18,18,0,fam,0.06228205391703491,2.7760819538023407,146.66666666666669,2.776081953802341
19,19,1,fam,0.06228205391703491,2.7760819538023407,146.66666666666669,2.776081953802341
20,20,2,fam,0.06228205391703491,2.7760819538023407,146.66666666666669,2.776081953802341
21,21,0,fam,0.06228205391703491,2.7760819538023407,146.66666666666669,2.776081953802341
22,22,1,fam,0.06228205391703491,2.7760819538023407,146.66666666666669,2.776081953802341
23,23,2,fam,0.06228205391703491,2.7760819538023407,146.66666666666669,2.776081953802341
24,24,0,fam,0.06228205391703491,2.7760819538023407,146.66666666666669,2.776081953802341
25,25,1,fam,0.06228205391703491,2.7760819538023407,146.66666666666669,2.776081953802341
26,26,2,fam,0.06228205391703491,2.7760819538023407,146.66666666666669,2.776081953802341
27,27,0,fam,0.06228205391703491,2.7760819538023407,146.66666666666669,2.776081953802341
28,28,1,fam,0.06228205391703491,2.7760819538023407,146.66666666666669,2.776081953802341
29,29,2,fam,0.06228205391703491,2.7760819538023407,146.66666666666669,2.776081953802341
30,30,0,fam,0.06228205391703491,2.7760819538023407,146.66666666666669,2.776081953802341
31,31,1,fam,0.06228205391703491,2.7760819538023407,146.66666666666669,2.776081953802341
32,32,2,fam,0.06228205391703491,2.7760819538023407,146.66666666666669,2.776081953802341
33,33,0,fam,0.06228205391703491,2.7760819538023407,146.66666666666669,2.776081953802341
34,34,1,fam,0.06228205391703491,2.7760819538023407,146.66666666666669,2.776081953802341
35,35,2,fam,0.06228205391703491,2.7760819538023407,146.66666666666669,2.776081953802341
36,36,0,fam,0.06228205391703491,2.7760819538023407,146.66666666666669,2.776081953802341
37,37,1,fam,0.06228205391703491,2.7760819538023407,146.66666666666669,2.776081953802341
38,38,2,fam,0.06228205391703491,2.7760819538023407,146.66666666666669,2.776081953802341
39,39,0,fam,0.06228205391703491,2.7760819538023407,146.66666666666669,2.776081953802341
40,40,1,fam,0.06228205391703491,2.7760819538023407,146.66666666666669,2.776081953802341
41,41,2,fam,0.06228205391703491,2.7760819538023407,146.66666666666669,2.776081953802341
42,42,0,fam,0.06228205391703491,2.7760819538023407,146.66666666666669,2.776081953802341
43,43,1,fam,0.06228205391703491,2.7760819538023407,146.66666666666669,2.776081953802341
44,44,2,fam,0.06228205391703491,2.7760819538023407,146.66666666666669,2.776081953802341
45,45,0,fam,0.06228205391703491,2.7760819538023407,146.66666666666669,2.776081953802341
46,46,1,fam,0.06228205391703491,2.7760819538023407,146.66666666666669,2.776081953802341
47,47,2,fam,0.06228205391703491,2.7760819538023407,146.66666666666669,2.776081953802341
48,48,0,fam,0.06228205391703491,2.7760819538023407,146.66666666666669,2.776081953802341
49,49,1,fam,0.06228205391703491,2.7760819538023407,146.66666666666669,2.776081953802341
50,50,2,fam,0.06228205391703491,2.7760819538023407,146.66666666666669,2.776081953802341
51,51,0,fam,0.06228205391703491,2.7760819538023407,146.66666666666669,2.776081953802341
52,52,1,fam,0.06228205391703491,2.7760819538023407,146.66666666666669,2.776081953802341
53,53,2,fam,0.06228205391703491,2.7760819538023407,146.66666666666669,2.776081953802341
54,54,0,fam,0.06228205391703491,2.7760819538023407,146.66666666666669,2.776081953802341
55,55,1,fam,0.06228205391703491,2.7760819538023407,146.66666666666669,2.776081953802341
56,56,2,fam,0.06228205391703491,2.7760819538023407,146.66666666666669,2.776081953802341
57,57,0,fam,0.06228205391703491,2.7760819538023407,146.66666666666669,2.776081953802341
58,58,1,fam,0.06228205391703491,2.7760819538023407,146.66666666666669,2.776081953802341
59,59,2,fam,0.06228205391703491,2.7760819538023407,146.66666666666669,2.776081953802341
60,60,0,fam,0.06228205391703491,2.7760819538023407,146.66666666666669,2.776081953802341
61,61,1,fam,0.06228205391703491,2.7760819538023407,146.66666666666669,2.776081953802341
62,62,2,fam,0.06228205391703491,2.7760819538023407,146.66666666666669,2.776081953802341
63,63,0,fam,0.06228205391703491,2.7760819538023407,146.66666666666669,2.776081953802341
64,64,1,fam,0.06228205391703491,2.7760819538023407,146.66666666666669,2.776081953802341
65,65,2,fam,0.06228205391703491,2.7760819538023407,146.66666666666669,2.776081953802341
66,66,3,recov,0.061596958174904945,2.787142789939426,146.66666666666669,2.776081953802341
67,67,4,recov,0.061596958174904945,2.787142789939426,146.66666666666669,2.776081953802341
68,68,5,recov,0.061596958174904945,2.787142789939426,146.66666666666669,2.776081953802341
69,69,3,recov,0.06228136882129278,2.776092953752841,146.66666666666669,2.776081953802341
70,70,4,recov,0.06228136882129278,2.776092953752841,146.66666666666669,2.776081953802341
71,71,5,recov,0.06228136882129278,2.776092953752841,146.66666666666669,2.776081953802341
72,72,3,recov,0.062282053231939166,2.776081964802231,146.66666666666669,2.776081953802341
73,73,4,recov,0.062282053231939166,2.776081964802231,146.66666666666669,2.776081953802341
74,74,5,recov,0.062282053231939166,2.776081964802231,146.66666666666669,2.776081953802341
75,75,3,recov,0.06228205391634981,2.7760819538133408,146.66666666666669,2.776081953802341
76,76,4,recov,0.06228205391634981,2.7760819538133408,146.66666666666669,2.776081953802341
77,77,5,recov,0.06228205391634981,2.7760819538133408,146.66666666666669,2.776081953802341
78,78,3,recov,0.06228205391703422,2.776081953802352,146.66666666666669,2.776081953802341
79,79,4,recov,0.06228205391703422,2.776081953802352,146.66666666666669,2.776081953802341
80,80,5,recov,0.06228205391703422,2.776081953802352,146.66666666666669,2.776081953802341
81,81,3,recov,0.06228205391703491,2.7760819538023407,146.66666666666669,2.776081953802341
82,82,4,recov,0.06228205391703491,2.7760819538023407,146.66666666666669,2.776081953802341
83,83,5,recov,0.06228205391703491,2.7760819538023407,146.66666666666669,2.776081953802341
84,84,3,recov,0.06228205391703491,2.7760819538023407,146.66666666666669,2.776081953802341
85,85,4,recov,0.06228205391703491,2.7760819538023407,146.66666666666669,2.776081953802341
86,86,5,recov,0.06228205391703491,2.7760819538023407,146.66666666666669,2.776081953802341
87,87,3,recov,0.06228205391703491,2.7760819538023407,146.66666666666669,2.776081953802341
88,88,4,recov,0.06228205391703491,2.7760819538023407,146.66666666666669,2.776081953802341
89,89,5,recov,0.06228205391703491,2.7760819538023407,146.66666666666669,2.776081953802341
90,90,3,recov,0.06228205391703491,2.7760819538023407,146.66666666666669,2.776081953802341
91,91,4,recov,0.06228205391703491,2.7760819538023407,146.66666666666669,2.776081953802341
92,92,5,recov,0.06228205391703491,2.7760819538023407,146.66666666666669,2.776081953802341
93,93,3,recov,0.06228205391703491,2.7760819538023407,146.66666666666669,2.776081953802341
94,94,4,recov,0.06228205391703491,2.7760819538023407,146.66666666666669,2.776081953802341
95,95,5,recov,0.06228205391703491,2.7760819538023407,146.66666666666669,2.776081953802341
96,96,3,recov,0.06228205391703491,2.7760819538023407,146.66666666666669,2.776081953802341
97,97,4,recov,0.06228205391703491,2.7760819538023407,146.66666666666669,2.776081953802341
98,98,5,recov,0.06228205391703491,2.7760819538023407,146.66666666666669,2.776081953802341
99,99,3,recov,0.06228205391703491,2.7760819538023407,146.66666666666669,2.776081953802341
100,100,4,recov,0.06228205391703491,2.7760819538023407,146.66666666666669,2.776081953802341
101,101,5,recov,0.06228205391703491,2.7760819538023407,146.66666666666669,2.776081953802341
102,102,3,recov,0.06228205391703491,2.7760819538023407,146.66666666666669,2.776081953802341
103,103,4,recov,0.06228205391703491,2.7760819538023407,146.66666666666669,2.776081953802341
104,104,5,recov,0.06228205391703491,2.7760819538023407,146.66666666666669,2.776081953802341
105,105,3,recov,0.06228205391703491,2.7760819538023407,146.66666666666669,2.776081953802341
106,106,4,recov,0.06228205391703491,2.7760819538023407,146.66666666666669,2.776081953802341
107,107,5,recov,0.06228205391703491,2.7760819538023407,146.66666666666669,2.776081953802341
108,108,3,recov,0.06228205391703491,2.7760819538023407,146.66666666666669,2.776081953802341
109,109,4,recov,0.06228205391703491,2.7760819538023407,146.66666666666669,2.776081953802341
110,110,5,recov,0.06228205391703491,2.7760819538023407,146.66666666666669,2.776081953802341
111,111,3,recov,0.06228205391703491,2.7760819538023407,146.66666666666669,2.776081953802341
112,112,4,recov,0.06228205391703491,2.7760819538023407,146.66666666666669,2.776081953802341
113,113,5,recov,0.06228205391703491,2.7760819538023407,146.66666666666669,2.776081953802341
114,114,3,recov,0.06228205391703491,2.7760819538023407,146.66666666666669,2.776081953802341
115,115,4,recov,0.06228205391703491,2.7760819538023407,146.66666666666669,2.776081953802341
116,116,5,recov,0.06228205391703491,2.7760819538023407,146.66666666666669,2.776081953802341
117,117,3,recov,0.06228205391703491,2.7760819538023407,146.66666666666669,2.776081953802341
118,118,4,recov,0.06228205391703491,2.7760819538023407,146.66666666666669,2.776081953802341
119,119,5,recov,0.06228205391703491,2.7760819538023407,146.66666666666669,2.776081953802341
120,120,3,recov,0.06228205391703491,2.7760819538023407,146.66666666666669,2.776081953802341
121,121,4,recov,0.06228205391703491,2.7760819538023407,146.66666666666669,2.776081953802341
122,122,5,recov,0.06228205391703491,2.7760819538023407,146.66666666666669,2.776081953802341
123,123,3,recov,0.06228205391703491,2.7760819538023407,146.66666666666669,2.776081953802341
124,124,4,recov,0.06228205391703491,2.7760819538023407,146.66666666666669,2.776081953802341
125,125,5,recov,0.06228205391703491,2.7760819538023407,146.66666666666669,2.776081953802341
126,126,3,recov,0.06228205391703491,2.7760819538023407,146.66666666666669,2.776081953802341
127,127,4,recov,0.06228205391703491,2.7760819538023407,146.66666666666669,2.776081953802341
128,128,5,recov,0.06228205391703491,2.7760819538023407,146.66666666666669,2.776081953802341
129,129,3,recov,0.06228205391703491,2.7760819538023407,146.66666666666669,2.776081953802341
130,130,4,recov,0.06228205391703491,2.7760819538023407,146.66666666666669,2.776081953802341
131,131,5,recov,0.06228205391703491,2.7760819538023407,146.66666666666669,2.776081953802341
132,132,3,recov,0.06228205391703491,2.7760819538023407,146.66666666666669,2.776081953802341
133,133,4,recov,0.06228205391703491,2.7760819538023407,146.66666666666669,2.776081953802341
134,134,5,recov,0.06228205391703491,2.7760819538023407,146.66666666666669,2.776081953802341
135,135,3,recov,0.06228205391703491,2.7760819538023407,146.66666666666669,2.776081953802341
136,136,4,recov,0.06228205391703491,2.7760819538023407,146.66666666666669,2.776081953802341
137,137,5,recov,0.06228205391703491,2.7760819538023407,146.66666666666669,2.776081953802341
138,138,3,recov,0.06228205391703491,2.7760819538023407,146.66666666666669,2.776081953802341
139,139,4,recov,0.06228205391703491,2.7760819538023407,146.66666666666669,2.776081953802341
140,140,5,recov,0.06228205391703491,2.7760819538023407,146.66666666666669,2.776081953802341
141,141,3,recov,0.06228205391703491,2.7760819538023407,146.66666666666669,2.776081953802341
142,142,4,recov,0.06228205391703491,2.7760819538023407,146.66666666666669,2.776081953802341
143,143,5,recov,0.06228205391703491,2.7760819538023407,146.66666666666669,2.776081953802341
144,144,3,recov,0.06228205391703491,2.7760819538023407,146.66666666666669,2.776081953802341
145,145,4,recov,0.06228205391703491,2.7760819538023407,146.66666666666669,2.776081953802341
146,146,5,recov,0.06228205391703491,2.7760819538023407,146.66666666666669,2.776081953802341
147,147,3,recov,0.06228205391703491,2.7760819538023407,146.66666666666669,2.776081953802341
148,148,4,recov,0.06228205391703491,2.7760819538023407,146.66666666666669,2.776081953802341
149,149,5,recov,0.06228205391703491,2.7760819538023407,146.66666666666669,2.776081953802341
150,150,3,recov,0.06228205391703491,2.7760819538023407,146.66666666666669,2.776081953802341
151,151,4,recov,0.06228205391703491,2.7760819538023407,146.66666666666669,2.776081953802341
152,152,5,recov,0.06228205391703491,2.7760819538023407,146.66666666666669,2.776081953802341
153,153,3,recov,0.06228205391703491,2.7760819538023407,146.66666666666669,2.776081953802341
154,154,4,recov,0.06228205391703491,2.7760819538023407,146.66666666666669,2.776081953802341
155,155,5,recov,0.06228205391703491,2.7760819538023407,146.66666666666669,2.776081953802341
156,156,3,recov,0.06228205391703491,2.7760819538023407,146.66666666666669,2.776081953802341
157,157,4,recov,0.06228205391703491,2.7760819538023407,146.66666666666669,2.776081953802341
158,158,5,recov,0.06228205391703491,2.7760819538023407,146.66666666666669,2.776081953802341
159,159,3,recov,0.06228205391703491,2.7760819538023407,146.66666666666669,2.776081953802341
160,160,4,recov,0.06228205391703491,2.7760819538023407,146.66666666666669,2.776081953802341
161,161,5,recov,0.06228205391703491,2.7760819538023407,146.66666666666669,2.776081953802341
162,162,3,recov,0.06228205391703491,2.7760819538023407,146.66666666666669,2.776081953802341
163,163,4,recov,0.06228205391703491,2.7760819538023407,146.66666666666669,2.776081953802341
164,164,5,recov,0.06228205391703491,2.7760819538023407,146.66666666666669,2.776081953802341
165,165,3,recov,0.06228205391703491,2.7760819538023407,146.66666666666669,2.776081953802341
166,166,4,recov,0.06228205391703491,2.7760819538023407,146.66666666666669,2.776081953802341
167,167,5,recov,0.06228205391703491,2.7760819538023407,146.66666666666669,2.776081953802341
168,168,3,recov,0.06228205391703491,2.7760819538023407,146.66666666666669,2.776081953802341
169,169,4,recov,0.06228205391703491,2.7760819538023407,146.66666666666669,2.776081953802341
170,170,5,recov,0.06228205391703491,2.7760819538023407,146.66666666666669,2.776081953802341
171,171,3,recov,0.06228205391703491,2.7760819538023407,146.66666666666669,2.776081953802341
172,172,4,recov,0.06228205391703491,2.7760819538023407,146.66666666666669,2.776081953802341
173,173,5,recov,0.06228205391703491,2.7760819538023407,146.66666666666669,2.776081953802341
174,174,3,recov,0.06228205391703491,2.7760819538023407,146.66666666666669,2.776081953802341
175,175,4,recov,0.06228205391703491,2.7760819538023407,146.66666666666669,2.776081953802341
176,176,5,recov,0.06228205391703491,2.7760819538023407,146.66666666666669,2.776081953802341
177,177,3,recov,0.06228205391703491,2.7760819538023407,146.66666666666669,2.776081953802341
178,178,4,recov,0.06228205391703491,2.7760819538023407,146.66666666666669,2.776081953802341
179,179,5,recov,0.06228205391703491,2.7760819538023407,146.66666666666669,2.776081953802341
180,180,3,recov,0.06228205391703491,2.7760819538023407,146.66666666666669,2.776081953802341
181,181,4,recov,0.06228205391703491,2.7760819538023407,146.66666666666669,2.776081953802341
182,182,5,recov,0.06228205391703491,2.7760819538023407,146.66666666666669,2.776081953802341
183,183,3,recov,0.06228205391703491,2.7760819538023407,146.66666666666669,2.776081953802341
184,184,4,recov,0.06228205391703491,2.7760819538023407,146.66666666666669,2.776081953802341
185,185,5,recov,0.06228205391703491,2.7760819538023407,146.66666666666669,2.776081953802341
186,186,3,recov,0.06228205391703491,2.7760819538023407,146.66666666666669,2.776081953802341
187,187,4,recov,0.06228205391703491,2.7760819538023407,146.66666666666669,2.776081953802341
188,188,5,recov,0.06228205391703491,2.7760819538023407,146.66666666666669,2.776081953802341
189,189,3,recov,0.06228205391703491,2.7760819538023407,146.66666666666669,2.776081953802341
190,190,4,recov,0.06228205391703491,2.7760819538023407,146.66666666666669,2.776081953802341
191,191,5,recov,0.06228205391703491,2.7760819538023407,146.66666666666669,2.776081953802341
192,192,3,recov,0.06228205391703491,2.7760819538023407,146.66666666666669,2.776081953802341
193,193,4,recov,0.06228205391703491,2.7760819538023407,146.66666666666669,2.776081953802341
194,194,5,recov,0.06228205391703491,2.7760819538023407,146.66666666666669,2.776081953802341
195,195,3,recov,0.06228205391703491,2.7760819538023407,146.66666666666669,2.776081953802341
196,196,4,recov,0.06228205391703491,2.7760819538023407,146.66666666666669,2.776081953802341
197,197,5,recov,0.06228205391703491,2.7760819538023407,146.66666666666669,2.776081953802341
198,198,3,recov,0.06228205391703491,2.7760819538023407,146.66666666666669,2.776081953802341
199,199,4,recov,0.06228205391703491,2.7760819538023407,146.66666666666669,2.776081953802341
200,200,5,recov,0.06228205391703491,2.7760819538023407,146.66666666666669,2.776081953802341
201,201,3,recov,0.06228205391703491,2.7760819538023407,146.66666666666669,2.776081953802341
202,202,4,recov,0.06228205391703491,2.7760819538023407,146.66666666666669,2.776081953802341
203,203,5,recov,0.06228205391703491,2.7760819538023407,146.66666666666669,2.776081953802341
204,204,3,recov,0.06228205391703491,2.7760819538023407,146.66666666666669,2.776081953802341
205,205,4,recov,0.06228205391703491,2.7760819538023407,146.66666666666669,2.776081953802341
206,206,5,recov,0.06228205391703491,2.7760819538023407,146.66666666666669,2.776081953802341
207,207,3,recov,0.06228205391703491,2.7760819538023407,146.66666666666669,2.776081953802341
208,208,4,recov,0.06228205391703491,2.7760819538023407,146.66666666666669,2.776081953802341
209,209,5,recov,0.06228205391703491,2.7760819538023407,146.66666666666669,2.776081953802341
210,210,3,recov,0.06228205391703491,2.7760819538023407,146.66666666666669,2.776081953802341
211,211,4,recov,0.06228205391703491,2.7760819538023407,146.66666666666669,2.776081953802341
212,212,5,recov,0.06228205391703491,2.7760819538023407,146.66666666666669,2.776081953802341
213,213,0,fam_r,0.061596958174904945,2.787142789939426,146.66666666666669,2.776081953802341
214,214,1,fam_r,0.061596958174904945,2.787142789939426,146.66666666666669,2.776081953802341
215,215,2,fam_r,0.061596958174904945,2.787142789939426,146.66666666666669,2.776081953802341
216,216,0,fam_r,0.06228136882129278,2.776092953752841,146.66666666666669,2.776081953802341
217,217,1,fam_r,0.06228136882129278,2.776092953752841,146.66666666666669,2.776081953802341
218,218,2,fam_r,0.06228136882129278,2.776092953752841,146.66666666666669,2.776081953802341
219,219,0,fam_r,0.062282053231939166,2.776081964802231,146.66666666666669,2.776081953802341
220,220,1,fam_r,0.062282053231939166,2.776081964802231,146.66666666666669,2.776081953802341
221,221,2,fam_r,0.062282053231939166,2.776081964802231,146.66666666666669,2.776081953802341
222,222,0,fam_r,0.06228205391634981,2.7760819538133408,146.66666666666669,2.776081953802341
223,223,1,fam_r,0.06228205391634981,2.7760819538133408,146.66666666666669,2.776081953802341
224,224,2,fam_r,0.06228205391634981,2.7760819538133408,146.66666666666669,2.776081953802341
225,225,0,fam_r,0.06228205391703422,2.776081953802352,146.66666666666669,2.776081953802341
226,226,1,fam_r,0.06228205391703422,2.776081953802352,146.66666666666669,2.776081953802341
227,227,2,fam_r,0.06228205391703422,2.776081953802352,146.66666666666669,2.776081953802341
0,0,0,fam,0.06666666666666667,2.70805020110221,220.0,2.776081953802341
1,1,1,fam,0.06206896551724138,2.779509165084355,220.0,2.776081953802341
2,2,2,fam,0.06164383561643836,2.786382044372117,220.0,2.776081953802341
3,3,0,fam,0.06228610540725531,2.7760169052338495,220.0,2.776081953802341
4,4,1,fam,0.062281842447471085,2.7760853491611885,220.0,2.776081953802341
5,5,2,fam,0.06228141618358645,2.7760921932962783,220.0,2.776081953802341
6,6,0,fam,0.062282057968217334,2.776081888756601,220.0,2.776081953802341
7,7,1,fam,0.06228205370556695,2.7760819571976683,220.0,2.776081953802341
8,8,2,fam,0.06228205327930194,2.776081964041775,220.0,2.776081953802341
9,9,0,fam,0.06228205392108609,2.776081953737295,220.0,2.776081953802341
10,10,1,fam,0.06228205391682344,2.776081953805736,220.0,2.776081953802341
11,11,2,fam,0.06228205391639718,2.77608195381258,220.0,2.776081953802341
12,12,0,fam,0.062282053917038956,2.776081953802276,220.0,2.776081953802341
13,13,1,fam,0.062282053917034695,2.7760819538023442,220.0,2.776081953802341
14,14,2,fam,0.06228205391703427,2.776081953802351,220.0,2.776081953802341
15,15,0,fam,0.06228205391703491,2.7760819538023407,220.0,2.776081953802341
16,16,1,fam,0.06228205391703491,2.7760819538023407,220.0,2.776081953802341
17,17,2,fam,0.06228205391703491,2.7760819538023407,220.0,2.776081953802341
18,18,0,fam,0.06228205391703491,2.7760819538023407,220.0,2.776081953802341
19,19,1,fam,0.06228205391703491,2.7760819538023407,220.0,2.776081953802341
20,20,2,fam,0.06228205391703491,2.7760819538023407,220.0,2.776081953802341
21,21,0,fam,0.06228205391703491,2.7760819538023407,220.0,2.776081953802341
22,22,1,fam,0.06228205391703491,2.7760819538023407,220.0,2.776081953802341
23,23,2,fam,0.06228205391703491,2.7760819538023407,220.0,2.776081953802341
24,24,0,fam,0.06228205391703491,2.7760819538023407,220.0,2.776081953802341
25,25,1,fam,0.06228205391703491,2.7760819538023407,220.0,2.776081953802341
26,26,2,fam,0.06228205391703491,2.7760819538023407,220.0,2.776081953802341
27,27,0,fam,0.06228205391703491,2.7760819538023407,220.0,2.776081953802341
28,28,1,fam,0.06228205391703491,2.7760819538023407,220.0,2.776081953802341
29,29,2,fam,0.06228205391703491,2.7760819538023407,220.0,2.776081953802341
30,30,0,fam,0.06228205391703491,2.7760819538023407,220.0,2.776081953802341
31,31,1,fam,0.06228205391703491,2.7760819538023407,220.0,2.776081953802341
32,32,2,fam,0.06228205391703491,2.7760819538023407,220.0,2.776081953802341
33,33,0,fam,0.06228205391703491,2.7760819538023407,220.0,2.776081953802341
34,34,1,fam,0.06228205391703491,2.7760819538023407,220.0,2.776081953802341
35,35,2,fam,0.06228205391703491,2.7760819538023407,220.0,2.776081953802341
36,36,0,fam,0.06228205391703491,2.7760819538023407,220.0,2.776081953802341
37,37,1,fam,0.06228205391703491,2.7760819538023407,220.0,2.776081953802341
38,38,2,fam,0.06228205391703491,2.7760819538023407,220.0,2.776081953802341
39,39,0,fam,0.06228205391703491,2.7760819538023407,220.0,2.776081953802341
40,40,1,fam,0.06228205391703491,2.7760819538023407,220.0,2.776081953802341
41,41,2,fam,0.06228205391703491,2.7760819538023407,220.0,2.776081953802341
42,42,0,fam,0.06228205391703491,2.7760819538023407,220.0,2.776081953802341
43,43,1,fam,0.06228205391703491,2.7760819538023407,220.0,2.776081953802341
44,44,2,fam,0.06228205391703491,2.7760819538023407,220.0,2.776081953802341
45,45,0,fam,0.06228205391703491,2.7760819538023407,220.0,2.776081953802341
46,46,1,fam,0.06228205391703491,2.7760819538023407,220.0,2.776081953802341
47,47,2,fam,0.06228205391703491,2.7760819538023407,220.0,2.776081953802341
48,48,0,fam,0.06228205391703491,2.7760819538023407,220.0,2.776081953802341
49,49,1,fam,0.06228205391703491,2.7760819538023407,220.0,2.776081953802341
50,50,2,fam,0.06228205391703491,2.7760819538023407,220.0,2.776081953802341
51,51,0,fam,0.06228205391703491,2.7760819538023407,220.0,2.776081953802341
52,52,1,fam,0.06228205391703491,2.7760819538023407,220.0,2.776081953802341
53,53,2,fam,0.06228205391703491,2.7760819538023407,220.0,2.776081953802341
54,54,0,fam,0.06228205391703491,2.7760819538023407,220.0,2.776081953802341
55,55,1,fam,0.06228205391703491,2.7760819538023407,220.0,2.776081953802341
56,56,2,fam,0.06228205391703491,2.7760819538023407,220.0,2.776081953802341
57,57,0,fam,0.06228205391703491,2.7760819538023407,220.0,2.776081953802341
58,58,1,fam,0.06228205391703491,2.7760819538023407,220.0,2.776081953802341
59,59,2,fam,0.06228205391703491,2.7760819538023407,220.0,2.776081953802341
60,60,0,fam,0.06228205391703491,2.7760819538023407,220.0,2.776081953802341
61,61,1,fam,0.06228205391703491,2.7760819538023407,220.0,2.776081953802341
62,62,2,fam,0.06228205391703491,2.7760819538023407,220.0,2.776081953802341
63,63,0,fam,0.06228205391703491,2.7760819538023407,220.0,2.776081953802341
64,64,1,fam,0.06228205391703491,2.7760819538023407,220.0,2.776081953802341
65,65,2,fam,0.06228205391703491,2.7760819538023407,220.0,2.776081953802341
66,66,3,recov,0.061596958174904945,2.787142789939426,220.0,2.776081953802341
67,67,4,recov,0.061596958174904945,2.787142789939426,220.0,2.776081953802341
68,68,5,recov,0.061596958174904945,2.787142789939426,220.0,2.776081953802341
69,69,3,recov,0.06228136882129278,2.776092953752841,220.0,2.776081953802341
70,70,4,recov,0.06228136882129278,2.776092953752841,220.0,2.776081953802341
71,71,5,recov,0.06228136882129278,2.776092953752841,220.0,2.776081953802341
72,72,3,recov,0.062282053231939166,2.776081964802231,220.0,2.776081953802341
73,73,4,recov,0.062282053231939166,2.776081964802231,220.0,2.776081953802341
74,74,5,recov,0.062282053231939166,2.776081964802231,220.0,2.776081953802341
75,75,3,recov,0.06228205391634981,2.7760819538133408,220.0,2.776081953802341
76,76,4,recov,0.06228205391634981,2.7760819538133408,220.0,2.776081953802341
77,77,5,recov,0.06228205391634981,2.7760819538133408,220.0,2.776081953802341
78,78,3,recov,0.06228205391703422,2.776081953802352,220.0,2.776081953802341
79,79,4,recov,0.06228205391703422,2.776081953802352,220.0,2.776081953802341
80,80,5,recov,0.06228205391703422,2.776081953802352,220.0,2.776081953802341
81,81,3,recov,0.06228205391703491,2.7760819538023407,220.0,2.776081953802341
82,82,4,recov,0.06228205391703491,2.7760819538023407,220.0,2.776081953802341
83,83,5,recov,0.06228205391703491,2.7760819538023407,220.0,2.776081953802341
84,84,3,recov,0.06228205391703491,2.7760819538023407,220.0,2.776081953802341
85,85,4,recov,0.06228205391703491,2.7760819538023407,220.0,2.776081953802341
86,86,5,recov,0.06228205391703491,2.7760819538023407,220.0,2.776081953802341
87,87,3,recov,0.06228205391703491,2.7760819538023407,220.0,2.776081953802341
88,88,4,recov,0.06228205391703491,2.7760819538023407,220.0,2.776081953802341
89,89,5,recov,0.06228205391703491,2.7760819538023407,220.0,2.776081953802341
90,90,3,recov,0.06228205391703491,2.7760819538023407,220.0,2.776081953802341
91,91,4,recov,0.06228205391703491,2.7760819538023407,220.0,2.776081953802341
92,92,5,recov,0.06228205391703491,2.7760819538023407,220.0,2.776081953802341
93,93,3,recov,0.06228205391703491,2.7760819538023407,220.0,2.776081953802341
94,94,4,recov,0.06228205391703491,2.7760819538023407,220.0,2.776081953802341
95,95,5,recov,0.06228205391703491,2.7760819538023407,220.0,2.776081953802341
96,96,3,recov,0.06228205391703491,2.7760819538023407,220.0,2.776081953802341
97,97,4,recov,0.06228205391703491,2.7760819538023407,220.0,2.776081953802341
98,98,5,recov,0.06228205391703491,2.7760819538023407,220.0,2.776081953802341
99,99,3,recov,0.06228205391703491,2.7760819538023407,220.0,2.776081953802341
100,100,4,recov,0.06228205391703491,2.7760819538023407,220.0,2.776081953802341
101,101,5,recov,0.06228205391703491,2.7760819538023407,220.0,2.776081953802341
102,102,3,recov,0.06228205391703491,2.7760819538023407,220.0,2.776081953802341
103,103,4,recov,0.06228205391703491,2.7760819538023407,220.0,2.776081953802341
104,104,5,recov,0.06228205391703491,2.7760819538023407,220.0,2.776081953802341
105,105,3,recov,0.06228205391703491,2.7760819538023407,220.0,2.776081953802341
106,106,4,recov,0.06228205391703491,2.7760819538023407,220.0,2.776081953802341
107,107,5,recov,0.06228205391703491,2.7760819538023407,220.0,2.776081953802341
108,108,3,recov,0.06228205391703491,2.7760819538023407,220.0,2.776081953802341
109,109,4,recov,0.06228205391703491,2.7760819538023407,220.0,2.776081953802341
110,110,5,recov,0.06228205391703491,2.7760819538023407,220.0,2.776081953802341
111,111,3,recov,0.06228205391703491,2.7760819538023407,220.0,2.776081953802341
112,112,4,recov,0.06228205391703491,2.7760819538023407,220.0,2.776081953802341
113,113,5,recov,0.06228205391703491,2.7760819538023407,220.0,2.776081953802341
114,114,3,recov,0.06228205391703491,2.7760819538023407,220.0,2.776081953802341
115,115,4,recov,0.06228205391703491,2.7760819538023407,220.0,2.776081953802341
116,116,5,recov,0.06228205391703491,2.7760819538023407,220.0,2.776081953802341
117,117,3,recov,0.06228205391703491,2.7760819538023407,220.0,2.776081953802341
118,118,4,recov,0.06228205391703491,2.7760819538023407,220.0,2.776081953802341
119,119,5,recov,0.06228205391703491,2.7760819538023407,220.0,2.776081953802341
120,120,3,recov,0.06228205391703491,2.7760819538023407,220.0,2.776081953802341
121,121,4,recov,0.06228205391703491,2.7760819538023407,220.0,2.776081953802341
122,122,5,recov,0.06228205391703491,2.7760819538023407,220.0,2.776081953802341
123,123,3,recov,0.06228205391703491,2.7760819538023407,220.0,2.776081953802341
124,124,4,recov,0.06228205391703491,2.7760819538023407,220.0,2.776081953802341
125,125,5,recov,0.06228205391703491,2.7760819538023407,220.0,2.776081953802341
126,126,3,recov,0.06228205391703491,2.7760819538023407,220.0,2.776081953802341
127,127,4,recov,0.06228205391703491,2.7760819538023407,220.0,2.776081953802341
128,128,5,recov,0.06228205391703491,2.7760819538023407,220.0,2.776081953802341
129,129,3,recov,0.06228205391703491,2.7760819538023407,220.0,2.776081953802341
130,130,4,recov,0.06228205391703491,2.7760819538023407,220.0,2.776081953802341
131,131,5,recov,0.06228205391703491,2.7760819538023407,220.0,2.776081953802341
132,132,3,recov,0.06228205391703491,2.7760819538023407,220.0,2.776081953802341
133,133,4,recov,0.06228205391703491,2.7760819538023407,220.0,2.776081953802341
134,134,5,recov,0.06228205391703491,2.7760819538023407,220.0,2.776081953802341
135,135,3,recov,0.06228205391703491,2.7760819538023407,220.0,2.776081953802341
136,136,4,recov,0.06228205391703491,2.7760819538023407,220.0,2.776081953802341
137,137,5,recov,0.06228205391703491,2.7760819538023407,220.0,2.776081953802341
138,138,3,recov,0.06228205391703491,2.7760819538023407,220.0,2.776081953802341
139,139,4,recov,0.06228205391703491,2.7760819538023407,220.0,2.776081953802341
140,140,5,recov,0.06228205391703491,2.7760819538023407,220.0,2.776081953802341
141,141,3,recov,0.06228205391703491,2.7760819538023407,220.0,2.776081953802341
142,142,4,recov,0.06228205391703491,2.7760819538023407,220.0,2.776081953802341
143,143,5,recov,0.06228205391703491,2.7760819538023407,220.0,2.776081953802341
144,144,3,recov,0.06228205391703491,2.7760819538023407,220.0,2.776081953802341
145,145,4,recov,0.06228205391703491,2.7760819538023407,220.0,2.776081953802341
146,146,5,recov,0.06228205391703491,2.7760819538023407,220.0,2.776081953802341
147,147,3,recov,0.06228205391703491,2.7760819538023407,220.0,2.776081953802341
148,148,4,recov,0.06228205391703491,2.7760819538023407,220.0,2.776081953802341
149,149,5,recov,0.06228205391703491,2.7760819538023407,220.0,2.776081953802341
150,150,3,recov,0.06228205391703491,2.7760819538023407,220.0,2.776081953802341
151,151,4,recov,0.06228205391703491,2.7760819538023407,220.0,2.776081953802341
152,152,5,recov,0.06228205391703491,2.7760819538023407,220.0,2.776081953802341
153,153,3,recov,0.06228205391703491,2.7760819538023407,220.0,2.776081953802341
154,154,4,recov,0.06228205391703491,2.7760819538023407,220.0,2.776081953802341
155,155,5,recov,0.06228205391703491,2.7760819538023407,220.0,2.776081953802341
156,156,3,recov,0.06228205391703491,2.7760819538023407,220.0,2.776081953802341
157,157,4,recov,0.06228205391703491,2.7760819538023407,220.0,2.776081953802341
158,158,5,recov,0.06228205391703491,2.7760819538023407,220.0,2.776081953802341
159,159,3,recov,0.06228205391703491,2.7760819538023407,220.0,2.776081953802341
160,160,4,recov,0.06228205391703491,2.7760819538023407,220.0,2.776081953802341
161,161,5,recov,0.06228205391703491,2.7760819538023407,220.0,2.776081953802341
162,162,3,recov,0.06228205391703491,2.7760819538023407,220.0,2.776081953802341
163,163,4,recov,0.06228205391703491,2.7760819538023407,220.0,2.776081953802341
164,164,5,recov,0.06228205391703491,2.7760819538023407,220.0,2.776081953802341
165,165,3,recov,0.06228205391703491,2.7760819538023407,220.0,2.776081953802341
166,166,4,recov,0.06228205391703491,2.7760819538023407,220.0,2.776081953802341
167,167,5,recov,0.06228205391703491,2.7760819538023407,220.0,2.776081953802341
168,168,3,recov,0.06228205391703491,2.7760819538023407,220.0,2.776081953802341
169,169,4,recov,0.06228205391703491,2.7760819538023407,220.0,2.776081953802341
170,170,5,recov,0.06228205391703491,2.7760819538023407,220.0,2.776081953802341
171,171,3,recov,0.06228205391703491,2.7760819538023407,220.0,2.776081953802341
172,172,4,recov,0.06228205391703491,2.7760819538023407,220.0,2.776081953802341
173,173,5,recov,0.06228205391703491,2.7760819538023407,220.0,2.776081953802341
174,174,3,recov,0.06228205391703491,2.7760819538023407,220.0,2.776081953802341
175,175,4,recov,0.06228205391703491,2.7760819538023407,220.0,2.776081953802341
176,176,5,recov,0.06228205391703491,2.7760819538023407,220.0,2.776081953802341
177,177,3,recov,0.06228205391703491,2.7760819538023407,220.0,2.776081953802341
178,178,4,recov,0.06228205391703491,2.7760819538023407,220.0,2.776081953802341
179,179,5,recov,0.06228205391703491,2.7760819538023407,220.0,2.776081953802341
180,180,3,recov,0.06228205391703491,2.7760819538023407,220.0,2.776081953802341
181,181,4,recov,0.06228205391703491,2.7760819538023407,220.0,2.776081953802341
182,182,5,recov,0.06228205391703491,2.7760819538023407,220.0,2.776081953802341
183,183,3,recov,0.06228205391703491,2.7760819538023407,220.0,2.776081953802341
184,184,4,recov,0.06228205391703491,2.7760819538023407,220.0,2.776081953802341
185,185,5,recov,0.06228205391703491,2.7760819538023407,220.0,2.776081953802341
186,186,3,recov,0.06228205391703491,2.7760819538023407,220.0,2.776081953802341
187,187,4,recov,0.06228205391703491,2.7760819538023407,220.0,2.776081953802341
188,188,5,recov,0.06228205391703491,2.7760819538023407,220.0,2.776081953802341
189,189,3,recov,0.06228205391703491,2.7760819538023407,220.0,2.776081953802341
190,190,4,recov,0.06228205391703491,2.7760819538023407,220.0,2.776081953802341
191,191,5,recov,0.06228205391703491,2.7760819538023407,220.0,2.776081953802341
192,192,3,recov,0.06228205391703491,2.7760819538023407,220.0,2.776081953802341
193,193,4,recov,0.06228205391703491,2.7760819538023407,220.0,2.776081953802341
194,194,5,recov,0.06228205391703491,2.7760819538023407,220.0,2.776081953802341
195,195,3,recov,0.06228205391703491,2.7760819538023407,220.0,2.776081953802341
196,196,4,recov,0.06228205391703491,2.7760819538023407,220.0,2.776081953802341
197,197,5,recov,0.06228205391703491,2.7760819538023407,220.0,2.776081953802341
198,198,3,recov,0.06228205391703491,2.7760819538023407,220.0,2.776081953802341
199,199,4,recov,0.06228205391703491,2.7760819538023407,220.0,2.776081953802341
200,200,5,recov,0.06228205391703491,2.7760819538023407,220.0,2.776081953802341
201,201,3,recov,0.06228205391703491,2.7760819538023407,220.0,2.776081953802341
202,202,4,recov,0.06228205391703491,2.7760819538023407,220.0,2.776081953802341
203,203,5,recov,0.06228205391703491,2.7760819538023407,220.0,2.776081953802341
204,204,3,recov,0.06228205391703491,2.7760819538023407,220.0,2.776081953802341
205,205,4,recov,0.06228205391703491,2.7760819538023407,220.0,2.776081953802341
206,206,5,recov,0.06228205391703491,2.7760819538023407,220.0,2.776081953802341
207,207,3,recov,0.06228205391703491,2.7760819538023407,220.0,2.776081953802341
208,208,4,recov,0.06228205391703491,2.7760819538023407,220.0,2.776081953802341
209,209,5,recov,0.06228205391703491,2.7760819538023407,220.0,2.776081953802341
210,210,3,recov,0.06228205391703491,2.7760819538023407,220.0,2.776081953802341
211,211,4,recov,0.06228205391703491,2.7760819538023407,220.0,2.776081953802341
212,212,5,recov,0.06228205391703491,2.7760819538023407,220.0,2.776081953802341
213,213,3,recov,0.06228205391703491,2.7760819538023407,220.0,2.776081953802341
214,214,4,recov,0.06228205391703491,2.7760819538023407,220.0,2.776081953802341
215,215,5,recov,0.06228205391703491,2.7760819538023407,220.0,2.776081953802341
216,216,3,recov,0.06228205391703491,2.7760819538023407,220.0,2.776081953802341
217,217,4,recov,0.06228205391703491,2.7760819538023407,220.0,2.776081953802341
218,218,5,recov,0.06228205391703491,2.7760819538023407,220.0,2.776081953802341
219,219,3,recov,0.06228205391703491,2.7760819538023407,220.0,2.776081953802341
220,220,4,recov,0.06228205391703491,2.7760819538023407,220.0,2.776081953802341
221,221,5,recov,0.06228205391703491,2.7760819538023407,220.0,2.776081953802341
222,222,3,recov,0.06228205391703491,2.7760819538023407,220.0,2.776081953802341
223,223,4,recov,0.06228205391703491,2.7760819538023407,220.0,2.776081953802341
224,224,5,recov,0.06228205391703491,2.7760819538023407,220.0,2.776081953802341
225,225,3,recov,0.06228205391703491,2.7760819538023407,220.0,2.776081953802341
226,226,4,recov,0.06228205391703491,2.7760819538023407,220.0,2.776081953802341
227,227,5,recov,0.06228205391703491,2.7760819538023407,220.0,2.776081953802341
228,228,3,recov,0.06228205391703491,2.7760819538023407,220.0,2.776081953802341
229,229,4,recov,0.06228205391703491,2.7760819538023407,220.0,2.776081953802341
230,230,5,recov,0.06228205391703491,2.7760819538023407,220.0,2.776081953802341
231,231,3,recov,0.06228205391703491,2.7760819538023407,220.0,2.776081953802341
232,232,4,recov,0.06228205391703491,2.7760819538023407,220.0,2.776081953802341
233,233,5,recov,0.06228205391703491,2.7760819538023407,220.0,2.776081953802341
234,234,3,recov,0.06228205391703491,2.7760819538023407,220.0,2.776081953802341
235,235,4,recov,0.06228205391703491,2.7760819538023407,220.0,2.776081953802341
236,236,5,recov,0.06228205391703491,2.7760819538023407,220.0,2.776081953802341
237,237,3,recov,0.06228205391703491,2.7760819538023407,220.0,2.776081953802341
238,238,4,recov,0.06228205391703491,2.7760819538023407,220.0,2.776081953802341
239,239,5,recov,0.06228205391703491,2.7760819538023407,220.0,2.776081953802341
240,240,3,recov,0.06228205391703491,2.7760819538023407,220.0,2.776081953802341
241,241,4,recov,0.06228205391703491,2.7760819538023407,220.0,2.776081953802341
242,242,5,recov,0.06228205391703491,2.7760819538023407,220.0,2.776081953802341
243,243,3,recov,0.06228205391703491,2.7760819538023407,220.0,2.776081953802341
244,244,4,recov,0.06228205391703491,2.7760819538023407,220.0,2.776081953802341
245,245,5,recov,0.06228205391703491,2.7760819538023407,220.0,2.776081953802341
246,246,3,recov,0.06228205391703491,2.7760819538023407,220.0,2.776081953802341
247,247,4,recov,0.06228205391703491,2.7760819538023407,220.0,2.776081953802341
248,248,5,recov,0.06228205391703491,2.7760819538023407,220.0,2.776081953802341
249,249,3,recov,0.06228205391703491,2.7760819538023407,220.0,2.776081953802341
250,250,4,recov,0.06228205391703491,2.7760819538023407,220.0,2.776081953802341
251,251,5,recov,0.06228205391703491,2.7760819538023407,220.0,2.776081953802341
252,252,3,recov,0.06228205391703491,2.7760819538023407,220.0,2.776081953802341
253,253,4,recov,0.06228205391703491,2.7760819538023407,220.0,2.776081953802341
254,254,5,recov,0.06228205391703491,2.7760819538023407,220.0,2.776081953802341
255,255,3,recov,0.06228205391703491,2.7760819538023407,220.0,2.776081953802341
256,256,4,recov,0.06228205391703491,2.7760819538023407,220.0,2.776081953802341
257,257,5,recov,0.06228205391703491,2.7760819538023407,220.0,2.776081953802341
258,258,3,recov,0.06228205391703491,2.7760819538023407,220.0,2.776081953802341
259,259,4,recov,0.06228205391703491,2.7760819538023407,220.0,2.776081953802341
260,260,5,recov,0.06228205391703491,2.7760819538023407,220.0,2.776081953802341
261,261,3,recov,0.06228205391703491,2.7760819538023407,220.0,2.776081953802341
262,262,4,recov,0.06228205391703491,2.7760819538023407,220.0,2.776081953802341
263,263,5,recov,0.06228205391703491,2.7760819538023407,220.0,2.776081953802341
264,264,3,recov,0.06228205391703491,2.7760819538023407,220.0,2.776081953802341
265,265,4,recov,0.06228205391703491,2.7760819538023407,220.0,2.776081953802341
266,266,5,recov,0.06228205391703491,2.7760819538023407,220.0,2.776081953802341
267,267,3,recov,0.06228205391703491,2.7760819538023407,220.0,2.776081953802341
268,268,4,recov,0.06228205391703491,2.7760819538023407,220.0,2.776081953802341
269,269,5,recov,0.06228205391703491,2.7760819538023407,220.0,2.776081953802341
270,270,3,recov,0.06228205391703491,2.7760819538023407,220.0,2.776081953802341
271,271,4,recov,0.06228205391703491,2.7760819538023407,220.0,2.776081953802341
272,272,5,recov,0.06228205391703491,2.7760819538023407,220.0,2.776081953802341
273,273,3,recov,0.06228205391703491,2.7760819538023407,220.0,2.776081953802341
274,274,4,recov,0.06228205391703491,2.7760819538023407,220.0,2.776081953802341
275,275,5,recov,0.06228205391703491,2.7760819538023407,220.0,2.776081953802341
276,276,3,recov,0.06228205391703491,2.7760819538023407,220.0,2.776081953802341
277,277,4,recov,0.06228205391703491,2.7760819538023407,220.0,2.776081953802341
278,278,5,recov,0.06228205391703491,2.7760819538023407,220.0,2.776081953802341
279,279,3,recov,0.06228205391703491,2.7760819538023407,220.0,2.776081953802341
280,280,4,recov,0.06228205391703491,2.7760819538023407,220.0,2.776081953802341
281,281,5,recov,0.06228205391703491,2.7760819538023407,220.0,2.776081953802341
282,282,3,recov,0.06228205391703491,2.7760819538023407,220.0,2.776081953802341
283,283,4,recov,0.06228205391703491,2.7760819538023407,220.0,2.776081953802341
284,284,5,recov,0.06228205391703491,2.7760819538023407,220.0,2.776081953802341
285,285,0,fam_r,0.061596958174904945,2.787142789939426,220.0,2.776081953802341
286,286,1,fam_r,0.061596958174904945,2.787142789939426,220.0,2.776081953802341
287,287,2,fam_r,0.061596958174904945,2.787142789939426,220.0,2.776081953802341
288,288,0,fam_r,0.06228136882129278,2.776092953752841,220.0,2.776081953802341
289,289,1,fam_r,0.06228136882129278,2.776092953752841,220.0,2.776081953802341
290,290,2,fam_r,0.06228136882129278,2.776092953752841,220.0,2.776081953802341
291,291,0,fam_r,0.062282053231939166,2.776081964802231,220.0,2.776081953802341
292,292,1,fam_r,0.062282053231939166,2.776081964802231,220.0,2.776081953802341
293,293,2,fam_r,0.062282053231939166,2.776081964802231,220.0,2.776081953802341
294,294,0,fam_r,0.06228205391634981,2.7760819538133408,220.0,2.776081953802341
295,295,1,fam_r,0.06228205391634981,2.7760819538133408,220.0,2.776081953802341
296,296,2,fam_r,0.06228205391634981,2.7760819538133408,220.0,2.776081953802341
297,297,0,fam_r,0.06228205391703422,2.776081953802352,220.0,2.776081953802341
298,298,1,fam_r,0.06228205391703422,2.776081953802352,220.0,2.776081953802341
299,299,2,fam_r,0.06228205391703422,2.776081953802352,220.0,2.776081953802341
0,0,0,fam,0.06666666666666667,2.70805020110221,293.33333333333337,2.776081953802341
1,1,1,fam,0.06206896551724138,2.779509165084355,293.33333333333337,2.776081953802341
2,2,2,fam,0.06164383561643836,2.786382044372117,293.33333333333337,2.776081953802341
3,3,0,fam,0.06228610540725531,2.7760169052338495,293.33333333333337,2.776081953802341
4,4,1,fam,0.062281842447471085,2.7760853491611885,293.33333333333337,2.776081953802341
5,5,2,fam,0.06228141618358645,2.7760921932962783,293.33333333333337,2.776081953802341
6,6,0,fam,0.062282057968217334,2.776081888756601,293.33333333333337,2.776081953802341
7,7,1,fam,0.06228205370556695,2.7760819571976683,293.33333333333337,2.776081953802341
8,8,2,fam,0.06228205327930194,2.776081964041775,293.33333333333337,2.776081953802341
9,9,0,fam,0.06228205392108609,2.776081953737295,293.33333333333337,2.776081953802341
10,10,1,fam,0.06228205391682344,2.776081953805736,293.33333333333337,2.776081953802341
11,11,2,fam,0.06228205391639718,2.77608195381258,293.33333333333337,2.776081953802341
12,12,0,fam,0.062282053917038956,2.776081953802276,293.33333333333337,2.776081953802341
13,13,1,fam,0.062282053917034695,2.7760819538023442,293.33333333333337,2.776081953802341
14,14,2,fam,0.06228205391703427,2.776081953802351,293.33333333333337,2.776081953802341
15,15,0,fam,0.06228205391703491,2.7760819538023407,293.33333333333337,2.776081953802341
16,16,1,fam,0.06228205391703491,2.7760819538023407,293.33333333333337,2.776081953802341
17,17,2,fam,0.06228205391703491,2.7760819538023407,293.33333333333337,2.776081953802341
18,18,0,fam,0.06228205391703491,2.7760819538023407,293.33333333333337,2.776081953802341
19,19,1,fam,0.06228205391703491,2.7760819538023407,293.33333333333337,2.776081953802341
20,20,2,fam,0.06228205391703491,2.7760819538023407,293.33333333333337,2.776081953802341
21,21,0,fam,0.06228205391703491,2.7760819538023407,293.33333333333337,2.776081953802341
22,22,1,fam,0.06228205391703491,2.7760819538023407,293.33333333333337,2.776081953802341
23,23,2,fam,0.06228205391703491,2.7760819538023407,293.33333333333337,2.776081953802341
24,24,0,fam,0.06228205391703491,2.7760819538023407,293.33333333333337,2.776081953802341
25,25,1,fam,0.06228205391703491,2.7760819538023407,293.33333333333337,2.776081953802341
26,26,2,fam,0.06228205391703491,2.7760819538023407,293.33333333333337,2.776081953802341
27,27,0,fam,0.06228205391703491,2.7760819538023407,293.33333333333337,2.776081953802341
28,28,1,fam,0.06228205391703491,2.7760819538023407,293.33333333333337,2.776081953802341
29,29,2,fam,0.06228205391703491,2.7760819538023407,293.33333333333337,2.776081953802341
30,30,0,fam,0.06228205391703491,2.7760819538023407,293.33333333333337,2.776081953802341
31,31,1,fam,0.06228205391703491,2.7760819538023407,293.33333333333337,2.776081953802341
32,32,2,fam,0.06228205391703491,2.7760819538023407,293.33333333333337,2.776081953802341
33,33,0,fam,0.06228205391703491,2.7760819538023407,293.33333333333337,2.776081953802341
34,34,1,fam,0.06228205391703491,2.7760819538023407,293.33333333333337,2.776081953802341
35,35,2,fam,0.06228205391703491,2.7760819538023407,293.33333333333337,2.776081953802341
36,36,0,fam,0.06228205391703491,2.7760819538023407,293.33333333333337,2.776081953802341
37,37,1,fam,0.06228205391703491,2.7760819538023407,293.33333333333337,2.776081953802341
38,38,2,fam,0.06228205391703491,2.7760819538023407,293.33333333333337,2.776081953802341
39,39,0,fam,0.06228205391703491,2.7760819538023407,293.33333333333337,2.776081953802341
40,40,1,fam,0.06228205391703491,2.7760819538023407,293.33333333333337,2.776081953802341
41,41,2,fam,0.06228205391703491,2.7760819538023407,293.33333333333337,2.776081953802341
42,42,0,fam,0.06228205391703491,2.7760819538023407,293.33333333333337,2.776081953802341
43,43,1,fam,0.06228205391703491,2.7760819538023407,293.33333333333337,2.776081953802341
44,44,2,fam,0.06228205391703491,2.7760819538023407,293.33333333333337,2.776081953802341
45,45,0,fam,0.06228205391703491,2.7760819538023407,293.33333333333337,2.776081953802341
46,46,1,fam,0.06228205391703491,2.7760819538023407,293.33333333333337,2.776081953802341
47,47,2,fam,0.06228205391703491,2.7760819538023407,293.33333333333337,2.776081953802341
48,48,0,fam,0.06228205391703491,2.7760819538023407,293.33333333333337,2.776081953802341
49,49,1,fam,0.06228205391703491,2.7760819538023407,293.33333333333337,2.776081953802341
50,50,2,fam,0.06228205391703491,2.7760819538023407,293.33333333333337,2.776081953802341
51,51,0,fam,0.06228205391703491,2.7760819538023407,293.33333333333337,2.776081953802341
52,52,1,fam,0.06228205391703491,2.7760819538023407,293.33333333333337,2.776081953802341
53,53,2,fam,0.06228205391703491,2.7760819538023407,293.33333333333337,2.776081953802341
54,54,0,fam,0.06228205391703491,2.7760819538023407,293.33333333333337,2.776081953802341
55,55,1,fam,0.06228205391703491,2.7760819538023407,293.33333333333337,2.776081953802341
56,56,2,fam,0.06228205391703491,2.7760819538023407,293.33333333333337,2.776081953802341
57,57,0,fam,0.06228205391703491,2.7760819538023407,293.33333333333337,2.776081953802341
58,58,1,fam,0.06228205391703491,2.7760819538023407,293.33333333333337,2.776081953802341
59,59,2,fam,0.06228205391703491,2.7760819538023407,293.33333333333337,2.776081953802341
60,60,0,fam,0.06228205391703491,2.7760819538023407,293.33333333333337,2.776081953802341
61,61,1,fam,0.06228205391703491,2.7760819538023407,293.33333333333337,2.776081953802341
62,62,2,fam,0.06228205391703491,2.7760819538023407,293.33333333333337,2.776081953802341
63,63,0,fam,0.06228205391703491,2.7760819538023407,293.33333333333337,2.776081953802341
64,64,1,fam,0.06228205391703491,2.7760819538023407,293.33333333333337,2.776081953802341
65,65,2,fam,0.06228205391703491,2.7760819538023407,293.33333333333337,2.776081953802341
66,66,3,recov,0.061596958174904945,2.787142789939426,293.33333333333337,2.776081953802341
67,67,4,recov,0.061596958174904945,2.787142789939426,293.33333333333337,2.776081953802341
68,68,5,recov,0.061596958174904945,2.787142789939426,293.33333333333337,2.776081953802341
69,69,3,recov,0.06228136882129278,2.776092953752841,293.33333333333337,2.776081953802341
70,70,4,recov,0.06228136882129278,2.776092953752841,293.33333333333337,2.776081953802341
71,71,5,recov,0.06228136882129278,2.776092953752841,293.33333333333337,2.776081953802341
72,72,3,recov,0.062282053231939166,2.776081964802231,293.33333333333337,2.776081953802341
73,73,4,recov,0.062282053231939166,2.776081964802231,293.33333333333337,2.776081953802341
74,74,5,recov,0.062282053231939166,2.776081964802231,293.33333333333337,2.776081953802341
75,75,3,recov,0.06228205391634981,2.7760819538133408,293.33333333333337,2.776081953802341
76,76,4,recov,0.06228205391634981,2.7760819538133408,293.33333333333337,2.776081953802341
77,77,5,recov,0.06228205391634981,2.7760819538133408,293.33333333333337,2.776081953802341
78,78,3,recov,0.06228205391703422,2.776081953802352,293.33333333333337,2.776081953802341
79,79,4,recov,0.06228205391703422,2.776081953802352,293.33333333333337,2.776081953802341
80,80,5,recov,0.06228205391703422,2.776081953802352,293.33333333333337,2.776081953802341
81,81,3,recov,0.06228205391703491,2.7760819538023407,293.33333333333337,2.776081953802341
82,82,4,recov,0.06228205391703491,2.7760819538023407,293.33333333333337,2.776081953802341
83,83,5,recov,0.06228205391703491,2.7760819538023407,293.33333333333337,2.776081953802341
84,84,3,recov,0.06228205391703491,2.7760819538023407,293.33333333333337,2.776081953802341
85,85,4,recov,0.06228205391703491,2.7760819538023407,293.33333333333337,2.776081953802341
86,86,5,recov,0.06228205391703491,2.7760819538023407,293.33333333333337,2.776081953802341
87,87,3,recov,0.06228205391703491,2.7760819538023407,293.33333333333337,2.776081953802341
88,88,4,recov,0.06228205391703491,2.7760819538023407,293.33333333333337,2.776081953802341
89,89,5,recov,0.06228205391703491,2.7760819538023407,293.33333333333337,2.776081953802341
90,90,3,recov,0.06228205391703491,2.7760819538023407,293.33333333333337,2.776081953802341
91,91,4,recov,0.06228205391703491,2.7760819538023407,293.33333333333337,2.776081953802341
92,92,5,recov,0.06228205391703491,2.7760819538023407,293.33333333333337,2.776081953802341
93,93,3,recov,0.06228205391703491,2.7760819538023407,293.33333333333337,2.776081953802341
94,94,4,recov,0.06228205391703491,2.7760819538023407,293.33333333333337,2.776081953802341
95,95,5,recov,0.06228205391703491,2.7760819538023407,293.33333333333337,2.776081953802341
96,96,3,recov,0.06228205391703491,2.7760819538023407,293.33333333333337,2.776081953802341
97,97,4,recov,0.06228205391703491,2.7760819538023407,293.33333333333337,2.776081953802341
98,98,5,recov,0.06228205391703491,2.7760819538023407,293.33333333333337,2.776081953802341
99,99,3,recov,0.06228205391703491,2.7760819538023407,293.33333333333337,2.776081953802341
100,100,4,recov,0.06228205391703491,2.7760819538023407,293.33333333333337,2.776081953802341
101,101,5,recov,0.06228205391703491,2.7760819538023407,293.33333333333337,2.776081953802341
102,102,3,recov,0.06228205391703491,2.7760819538023407,293.33333333333337,2.776081953802341
103,103,4,recov,0.06228205391703491,2.7760819538023407,293.33333333333337,2.776081953802341
104,104,5,recov,0.06228205391703491,2.7760819538023407,293.33333333333337,2.776081953802341
105,105,3,recov,0.06228205391703491,2.7760819538023407,293.33333333333337,2.776081953802341
106,106,4,recov,0.06228205391703491,2.7760819538023407,293.33333333333337,2.776081953802341
107,107,5,recov,0.06228205391703491,2.7760819538023407,293.33333333333337,2.776081953802341
108,108,3,recov,0.06228205391703491,2.7760819538023407,293.33333333333337,2.776081953802341
109,109,4,recov,0.06228205391703491,2.7760819538023407,293.33333333333337,2.776081953802341
110,110,5,recov,0.06228205391703491,2.7760819538023407,293.33333333333337,2.776081953802341
111,111,3,recov,0.06228205391703491,2.7760819538023407,293.33333333333337,2.776081953802341
112,112,4,recov,0.06228205391703491,2.7760819538023407,293.33333333333337,2.776081953802341
113,113,5,recov,0.06228205391703491,2.7760819538023407,293.33333333333337,2.776081953802341
114,114,3,recov,0.06228205391703491,2.7760819538023407,293.33333333333337,2.776081953802341
115,115,4,recov,0.06228205391703491,2.7760819538023407,293.33333333333337,2.776081953802341
116,116,5,recov,0.06228205391703491,2.7760819538023407,293.33333333333337,2.776081953802341
117,117,3,recov,0.06228205391703491,2.7760819538023407,293.33333333333337,2.776081953802341
118,118,4,recov,0.06228205391703491,2.7760819538023407,293.33333333333337,2.776081953802341
119,119,5,recov,0.06228205391703491,2.7760819538023407,293.33333333333337,2.776081953802341
120,120,3,recov,0.06228205391703491,2.7760819538023407,293.33333333333337,2.776081953802341
121,121,4,recov,0.06228205391703491,2.7760819538023407,293.33333333333337,2.776081953802341
122,122,5,recov,0.06228205391703491,2.7760819538023407,293.33333333333337,2.776081953802341
123,123,3,recov,0.06228205391703491,2.7760819538023407,293.33333333333337,2.776081953802341
124,124,4,recov,0.06228205391703491,2.7760819538023407,293.33333333333337,2.776081953802341
125,125,5,recov,0.06228205391703491,2.7760819538023407,293.33333333333337,2.776081953802341
126,126,3,recov,0.06228205391703491,2.7760819538023407,293.33333333333337,2.776081953802341
127,127,4,recov,0.06228205391703491,2.7760819538023407,293.33333333333337,2.776081953802341
128,128,5,recov,0.06228205391703491,2.7760819538023407,293.33333333333337,2.776081953802341
129,129,3,recov,0.06228205391703491,2.7760819538023407,293.33333333333337,2.776081953802341
130,130,4,recov,0.06228205391703491,2.7760819538023407,293.33333333333337,2.776081953802341
131,131,5,recov,0.06228205391703491,2.7760819538023407,293.33333333333337,2.776081953802341
132,132,3,recov,0.06228205391703491,2.7760819538023407,293.33333333333337,2.776081953802341
133,133,4,recov,0.06228205391703491,2.7760819538023407,293.33333333333337,2.776081953802341
134,134,5,recov,0.06228205391703491,2.7760819538023407,293.33333333333337,2.776081953802341
135,135,3,recov,0.06228205391703491,2.7760819538023407,293.33333333333337,2.776081953802341
136,136,4,recov,0.06228205391703491,2.7760819538023407,293.33333333333337,2.776081953802341
137,137,5,recov,0.06228205391703491,2.7760819538023407,293.33333333333337,2.776081953802341
138,138,3,recov,0.06228205391703491,2.7760819538023407,293.33333333333337,2.776081953802341
139,139,4,recov,0.06228205391703491,2.7760819538023407,293.33333333333337,2.776081953802341
140,140,5,recov,0.06228205391703491,2.7760819538023407,293.33333333333337,2.776081953802341
141,141,3,recov,0.06228205391703491,2.7760819538023407,293.33333333333337,2.776081953802341
142,142,4,recov,0.06228205391703491,2.7760819538023407,293.33333333333337,2.776081953802341
143,143,5,recov,0.06228205391703491,2.7760819538023407,293.33333333333337,2.776081953802341
144,144,3,recov,0.06228205391703491,2.7760819538023407,293.33333333333337,2.776081953802341
145,145,4,recov,0.06228205391703491,2.7760819538023407,293.33333333333337,2.776081953802341
146,146,5,recov,0.06228205391703491,2.7760819538023407,293.33333333333337,2.776081953802341
147,147,3,recov,0.06228205391703491,2.7760819538023407,293.33333333333337,2.776081953802341
148,148,4,recov,0.06228205391703491,2.7760819538023407,293.33333333333337,2.776081953802341
149,149,5,recov,0.06228205391703491,2.7760819538023407,293.33333333333337,2.776081953802341
150,150,3,recov,0.06228205391703491,2.7760819538023407,293.33333333333337,2.776081953802341
151,151,4,recov,0.06228205391703491,2.7760819538023407,293.33333333333337,2.776081953802341
152,152,5,recov,0.06228205391703491,2.7760819538023407,293.33333333333337,2.776081953802341
153,153,3,recov,0.06228205391703491,2.7760819538023407,293.33333333333337,2.776081953802341
154,154,4,recov,0.06228205391703491,2.7760819538023407,293.33333333333337,2.776081953802341
155,155,5,recov,0.06228205391703491,2.7760819538023407,293.33333333333337,2.776081953802341
156,156,3,recov,0.06228205391703491,2.7760819538023407,293.33333333333337,2.776081953802341
157,157,4,recov,0.06228205391703491,2.7760819538023407,293.33333333333337,2.776081953802341
158,158,5,recov,0.06228205391703491,2.7760819538023407,293.33333333333337,2.776081953802341
159,159,3,recov,0.06228205391703491,2.7760819538023407,293.33333333333337,2.776081953802341
160,160,4,recov,0.06228205391703491,2.7760819538023407,293.33333333333337,2.776081953802341
161,161,5,recov,0.06228205391703491,2.7760819538023407,293.33333333333337,2.776081953802341
162,162,3,recov,0.06228205391703491,2.7760819538023407,293.33333333333337,2.776081953802341
163,163,4,recov,0.06228205391703491,2.7760819538023407,293.33333333333337,2.776081953802341
164,164,5,recov,0.06228205391703491,2.7760819538023407,293.33333333333337,2.776081953802341
165,165,3,recov,0.06228205391703491,2.7760819538023407,293.33333333333337,2.776081953802341
166,166,4,recov,0.06228205391703491,2.7760819538023407,293.33333333333337,2.776081953802341
167,167,5,recov,0.06228205391703491,2.7760819538023407,293.33333333333337,2.776081953802341
168,168,3,recov,0.06228205391703491,2.7760819538023407,293.33333333333337,2.776081953802341
169,169,4,recov,0.06228205391703491,2.7760819538023407,293.33333333333337,2.776081953802341
170,170,5,recov,0.06228205391703491,2.7760819538023407,293.33333333333337,2.776081953802341
171,171,3,recov,0.06228205391703491,2.7760819538023407,293.33333333333337,2.776081953802341
172,172,4,recov,0.06228205391703491,2.7760819538023407,293.33333333333337,2.776081953802341
173,173,5,recov,0.06228205391703491,2.7760819538023407,293.33333333333337,2.776081953802341
174,174,3,recov,0.06228205391703491,2.7760819538023407,293.33333333333337,2.776081953802341
175,175,4,recov,0.06228205391703491,2.7760819538023407,293.33333333333337,2.776081953802341
176,176,5,recov,0.06228205391703491,2.7760819538023407,293.33333333333337,2.776081953802341
177,177,3,recov,0.06228205391703491,2.7760819538023407,293.33333333333337,2.776081953802341
178,178,4,recov,0.06228205391703491,2.7760819538023407,293.33333333333337,2.776081953802341
179,179,5,recov,0.06228205391703491,2.7760819538023407,293.33333333333337,2.776081953802341
180,180,3,recov,0.06228205391703491,2.7760819538023407,293.33333333333337,2.776081953802341
181,181,4,recov,0.06228205391703491,2.7760819538023407,293.33333333333337,2.776081953802341
182,182,5,recov,0.06228205391703491,2.7760819538023407,293.33333333333337,2.776081953802341
183,183,3,recov,0.06228205391703491,2.7760819538023407,293.33333333333337,2.776081953802341
184,184,4,recov,0.06228205391703491,2.7760819538023407,293.33333333333337,2.776081953802341
185,185,5,recov,0.06228205391703491,2.7760819538023407,293.33333333333337,2.776081953802341
186,186,3,recov,0.06228205391703491,2.7760819538023407,293.33333333333337,2.776081953802341
187,187,4,recov,0.06228205391703491,2.7760819538023407,293.33333333333337,2.776081953802341
188,188,5,recov,0.06228205391703491,2.7760819538023407,293.33333333333337,2.776081953802341
189,189,3,recov,0.06228205391703491,2.7760819538023407,293.33333333333337,2.776081953802341
190,190,4,recov,0.06228205391703491,2.7760819538023407,293.33333333333337,2.776081953802341
191,191,5,recov,0.06228205391703491,2.7760819538023407,293.33333333333337,2.776081953802341
192,192,3,recov,0.06228205391703491,2.7760819538023407,293.33333333333337,2.776081953802341
193,193,4,recov,0.06228205391703491,2.7760819538023407,293.33333333333337,2.776081953802341
194,194,5,recov,0.06228205391703491,2.7760819538023407,293.33333333333337,2.776081953802341
195,195,3,recov,0.06228205391703491,2.7760819538023407,293.33333333333337,2.776081953802341
196,196,4,recov,0.06228205391703491,2.7760819538023407,293.33333333333337,2.776081953802341
197,197,5,recov,0.06228205391703491,2.7760819538023407,293.33333333333337,2.776081953802341
198,198,3,recov,0.06228205391703491,2.7760819538023407,293.33333333333337,2.776081953802341
199,199,4,recov,0.06228205391703491,2.7760819538023407,293.33333333333337,2.776081953802341
200,200,5,recov,0.06228205391703491,2.7760819538023407,293.33333333333337,2.776081953802341
201,201,3,recov,0.06228205391703491,2.7760819538023407,293.33333333333337,2.776081953802341
202,202,4,recov,0.06228205391703491,2.7760819538023407,293.33333333333337,2.776081953802341
203,203,5,recov,0.06228205391703491,2.7760819538023407,293.33333333333337,2.776081953802341
204,204,3,recov,0.06228205391703491,2.7760819538023407,293.33333333333337,2.776081953802341
205,205,4,recov,0.06228205391703491,2.7760819538023407,293.33333333333337,2.776081953802341
206,206,5,recov,0.06228205391703491,2.7760819538023407,293.33333333333337,2.776081953802341
207,207,3,recov,0.06228205391703491,2.7760819538023407,293.33333333333337,2.776081953802341
208,208,4,recov,0.06228205391703491,2.7760819538023407,293.33333333333337,2.776081953802341
209,209,5,recov,0.06228205391703491,2.7760819538023407,293.33333333333337,2.776081953802341
210,210,3,recov,0.06228205391703491,2.7760819538023407,293.33333333333337,2.776081953802341
211,211,4,recov,0.06228205391703491,2.7760819538023407,293.33333333333337,2.776081953802341
212,212,5,recov,0.06228205391703491,2.7760819538023407,293.33333333333337,2.776081953802341
213,213,3,recov,0.06228205391703491,2.7760819538023407,293.33333333333337,2.776081953802341
214,214,4,recov,0.06228205391703491,2.7760819538023407,293.33333333333337,2.776081953802341
215,215,5,recov,0.06228205391703491,2.7760819538023407,293.33333333333337,2.776081953802341
216,216,3,recov,0.06228205391703491,2.7760819538023407,293.33333333333337,2.776081953802341
217,217,4,recov,0.06228205391703491,2.7760819538023407,293.33333333333337,2.776081953802341
218,218,5,recov,0.06228205391703491,2.7760819538023407,293.33333333333337,2.776081953802341
219,219,3,recov,0.06228205391703491,2.7760819538023407,293.33333333333337,2.776081953802341
220,220,4,recov,0.06228205391703491,2.7760819538023407,293.33333333333337,2.776081953802341
221,221,5,recov,0.06228205391703491,2.7760819538023407,293.33333333333337,2.776081953802341
222,222,3,recov,0.06228205391703491,2.7760819538023407,293.33333333333337,2.776081953802341
223,223,4,recov,0.06228205391703491,2.7760819538023407,293.33333333333337,2.776081953802341
224,224,5,recov,0.06228205391703491,2.7760819538023407,293.33333333333337,2.776081953802341
225,225,3,recov,0.06228205391703491,2.7760819538023407,293.33333333333337,2.776081953802341
226,226,4,recov,0.06228205391703491,2.7760819538023407,293.33333333333337,2.776081953802341
227,227,5,recov,0.06228205391703491,2.7760819538023407,293.33333333333337,2.776081953802341
228,228,3,recov,0.06228205391703491,2.7760819538023407,293.33333333333337,2.776081953802341
229,229,4,recov,0.06228205391703491,2.7760819538023407,293.33333333333337,2.776081953802341
230,230,5,recov,0.06228205391703491,2.7760819538023407,293.33333333333337,2.776081953802341
231,231,3,recov,0.06228205391703491,2.7760819538023407,293.33333333333337,2.776081953802341
232,232,4,recov,0.06228205391703491,2.7760819538023407,293.33333333333337,2.776081953802341
233,233,5,recov,0.06228205391703491,2.7760819538023407,293.33333333333337,2.776081953802341
234,234,3,recov,0.06228205391703491,2.7760819538023407,293.33333333333337,2.776081953802341
235,235,4,recov,0.06228205391703491,2.7760819538023407,293.33333333333337,2.776081953802341
236,236,5,recov,0.06228205391703491,2.7760819538023407,293.33333333333337,2.776081953802341
237,237,3,recov,0.06228205391703491,2.7760819538023407,293.33333333333337,2.776081953802341
238,238,4,recov,0.06228205391703491,2.7760819538023407,293.33333333333337,2.776081953802341
239,239,5,recov,0.06228205391703491,2.7760819538023407,293.33333333333337,2.776081953802341
240,240,3,recov,0.06228205391703491,2.7760819538023407,293.33333333333337,2.776081953802341
241,241,4,recov,0.06228205391703491,2.7760819538023407,293.33333333333337,2.776081953802341
242,242,5,recov,0.06228205391703491,2.7760819538023407,293.33333333333337,2.776081953802341
243,243,3,recov,0.06228205391703491,2.7760819538023407,293.33333333333337,2.776081953802341
244,244,4,recov,0.06228205391703491,2.7760819538023407,293.33333333333337,2.776081953802341
245,245,5,recov,0.06228205391703491,2.7760819538023407,293.33333333333337,2.776081953802341
246,246,3,recov,0.06228205391703491,2.7760819538023407,293.33333333333337,2.776081953802341
247,247,4,recov,0.06228205391703491,2.7760819538023407,293.33333333333337,2.776081953802341
248,248,5,recov,0.06228205391703491,2.7760819538023407,293.33333333333337,2.776081953802341
249,249,3,recov,0.06228205391703491,2.7760819538023407,293.33333333333337,2.776081953802341
250,250,4,recov,0.06228205391703491,2.7760819538023407,293.33333333333337,2.776081953802341
251,251,5,recov,0.06228205391703491,2.7760819538023407,293.33333333333337,2.776081953802341
252,252,3,recov,0.06228205391703491,2.7760819538023407,293.33333333333337,2.776081953802341
253,253,4,recov,0.06228205391703491,2.7760819538023407,293.33333333333337,2.776081953802341
254,254,5,recov,0.06228205391703491,2.7760819538023407,293.33333333333337,2.776081953802341
255,255,3,recov,0.06228205391703491,2.7760819538023407,293.33333333333337,2.776081953802341
256,256,4,recov,0.06228205391703491,2.7760819538023407,293.33333333333337,2.776081953802341
257,257,5,recov,0.06228205391703491,2.7760819538023407,293.33333333333337,2.776081953802341
258,258,3,recov,0.06228205391703491,2.7760819538023407,293.33333333333337,2.776081953802341
259,259,4,recov,0.06228205391703491,2.7760819538023407,293.33333333333337,2.776081953802341
260,260,5,recov,0.06228205391703491,2.7760819538023407,293.33333333333337,2.776081953802341
261,261,3,recov,0.06228205391703491,2.7760819538023407,293.33333333333337,2.776081953802341
262,262,4,recov,0.06228205391703491,2.7760819538023407,293.33333333333337,2.776081953802341
263,263,5,recov,0.06228205391703491,2.7760819538023407,293.33333333333337,2.776081953802341
264,264,3,recov,0.06228205391703491,2.7760819538023407,293.33333333333337,2.776081953802341
265,265,4,recov,0.06228205391703491,2.7760819538023407,293.33333333333337,2.776081953802341
266,266,5,recov,0.06228205391703491,2.7760819538023407,293.33333333333337,2.776081953802341
267,267,3,recov,0.06228205391703491,2.7760819538023407,293.33333333333337,2.776081953802341
268,268,4,recov,0.06228205391703491,2.7760819538023407,293.33333333333337,2.776081953802341
269,269,5,recov,0.06228205391703491,2.7760819538023407,293.33333333333337,2.776081953802341
270,270,3,recov,0.06228205391703491,2.7760819538023407,293.33333333333337,2.776081953802341
271,271,4,recov,0.06228205391703491,2.7760819538023407,293.33333333333337,2.776081953802341
272,272,5,recov,0.06228205391703491,2.7760819538023407,293.33333333333337,2.776081953802341
273,273,3,recov,0.06228205391703491,2.7760819538023407,293.33333333333337,2.776081953802341
274,274,4,recov,0.06228205391703491,2.7760819538023407,293.33333333333337,2.776081953802341
275,275,5,recov,0.06228205391703491,2.7760819538023407,293.33333333333337,2.776081953802341
276,276,3,recov,0.06228205391703491,2.7760819538023407,293.33333333333337,2.776081953802341
277,277,4,recov,0.06228205391703491,2.7760819538023407,293.33333333333337,2.776081953802341
278,278,5,recov,0.06228205391703491,2.7760819538023407,293.33333333333337,2.776081953802341
279,279,3,recov,0.06228205391703491,2.7760819538023407,293.33333333333337,2.776081953802341
280,280,4,recov,0.06228205391703491,2.7760819538023407,293.33333333333337,2.776081953802341
281,281,5,recov,0.06228205391703491,2.7760819538023407,293.33333333333337,2.776081953802341
282,282,3,recov,0.06228205391703491,2.7760819538023407,293.33333333333337,2.776081953802341
283,283,4,recov,0.06228205391703491,2.7760819538023407,293.33333333333337,2.776081953802341
284,284,5,recov,0.06228205391703491,2.7760819538023407,293.33333333333337,2.776081953802341
285,285,3,recov,0.06228205391703491,2.7760819538023407,293.33333333333337,2.776081953802341
286,286,4,recov,0.06228205391703491,2.7760819538023407,293.33333333333337,2.776081953802341
287,287,5,recov,0.06228205391703491,2.7760819538023407,293.33333333333337,2.776081953802341
288,288,3,recov,0.06228205391703491,2.7760819538023407,293.33333333333337,2.776081953802341
289,289,4,recov,0.06228205391703491,2.7760819538023407,293.33333333333337,2.776081953802341
290,290,5,recov,0.06228205391703491,2.7760819538023407,293.33333333333337,2.776081953802341
291,291,3,recov,0.06228205391703491,2.7760819538023407,293.33333333333337,2.776081953802341
292,292,4,recov,0.06228205391703491,2.7760819538023407,293.33333333333337,2.776081953802341
293,293,5,recov,0.06228205391703491,2.7760819538023407,293.33333333333337,2.776081953802341
294,294,3,recov,0.06228205391703491,2.7760819538023407,293.33333333333337,2.776081953802341
295,295,4,recov,0.06228205391703491,2.7760819538023407,293.33333333333337,2.776081953802341
296,296,5,recov,0.06228205391703491,2.7760819538023407,293.33333333333337,2.776081953802341
297,297,3,recov,0.06228205391703491,2.7760819538023407,293.33333333333337,2.776081953802341
298,298,4,recov,0.06228205391703491,2.7760819538023407,293.33333333333337,2.776081953802341
299,299,5,recov,0.06228205391703491,2.7760819538023407,293.33333333333337,2.776081953802341
300,300,3,recov,0.06228205391703491,2.7760819538023407,293.33333333333337,2.776081953802341
301,301,4,recov,0.06228205391703491,2.7760819538023407,293.33333333333337,2.776081953802341
302,302,5,recov,0.06228205391703491,2.7760819538023407,293.33333333333337,2.776081953802341
303,303,3,recov,0.06228205391703491,2.7760819538023407,293.33333333333337,2.776081953802341
304,304,4,recov,0.06228205391703491,2.7760819538023407,293.33333333333337,2.776081953802341
305,305,5,recov,0.06228205391703491,2.7760819538023407,293.33333333333337,2.776081953802341
306,306,3,recov,0.06228205391703491,2.7760819538023407,293.33333333333337,2.776081953802341
307,307,4,recov,0.06228205391703491,2.7760819538023407,293.33333333333337,2.776081953802341
308,308,5,recov,0.06228205391703491,2.7760819538023407,293.33333333333337,2.776081953802341
309,309,3,recov,0.06228205391703491,2.7760819538023407,293.33333333333337,2.776081953802341
310,310,4,recov,0.06228205391703491,2.7760819538023407,293.33333333333337,2.776081953802341
311,311,5,recov,0.06228205391703491,2.7760819538023407,293.33333333333337,2.776081953802341
312,312,3,recov,0.06228205391703491,2.7760819538023407,293.33333333333337,2.776081953802341
313,313,4,recov,0.06228205391703491,2.7760819538023407,293.33333333333337,2.776081953802341
314,314,5,recov,0.06228205391703491,2.7760819538023407,293.33333333333337,2.776081953802341
315,315,3,recov,0.06228205391703491,2.7760819538023407,293.33333333333337,2.776081953802341
316,316,4,recov,0.06228205391703491,2.7760819538023407,293.33333333333337,2.776081953802341
317,317,5,recov,0.06228205391703491,2.7760819538023407,293.33333333333337,2.776081953802341
318,318,3,recov,0.06228205391703491,2.7760819538023407,293.33333333333337,2.776081953802341
319,319,4,recov,0.06228205391703491,2.7760819538023407,293.33333333333337,2.776081953802341
320,320,5,recov,0.06228205391703491,2.7760819538023407,293.33333333333337,2.776081953802341
321,321,3,recov,0.06228205391703491,2.7760819538023407,293.33333333333337,2.776081953802341
322,322,4,recov,0.06228205391703491,2.7760819538023407,293.33333333333337,2.776081953802341
323,323,5,recov,0.06228205391703491,2.7760819538023407,293.33333333333337,2.776081953802341
324,324,3,recov,0.06228205391703491,2.7760819538023407,293.33333333333337,2.776081953802341
325,325,4,recov,0.06228205391703491,2.7760819538023407,293.33333333333337,2.776081953802341
326,326,5,recov,0.06228205391703491,2.7760819538023407,293.33333333333337,2.776081953802341
327,327,3,recov,0.06228205391703491,2.7760819538023407,293.33333333333337,2.776081953802341
328,328,4,recov,0.06228205391703491,2.7760819538023407,293.33333333333337,2.776081953802341
329,329,5,recov,0.06228205391703491,2.7760819538023407,293.33333333333337,2.776081953802341
330,330,3,recov,0.06228205391703491,2.7760819538023407,293.33333333333337,2.776081953802341
331,331,4,recov,0.06228205391703491,2.7760819538023407,293.33333333333337,2.776081953802341
332,332,5,recov,0.06228205391703491,2.7760819538023407,293.33333333333337,2.776081953802341
333,333,3,recov,0.06228205391703491,2.7760819538023407,293.33333333333337,2.776081953802341
334,334,4,recov,0.06228205391703491,2.7760819538023407,293.33333333333337,2.776081953802341
335,335,5,recov,0.06228205391703491,2.7760819538023407,293.33333333333337,2.776081953802341
336,336,3,recov,0.06228205391703491,2.7760819538023407,293.33333333333337,2.776081953802341
337,337,4,recov,0.06228205391703491,2.7760819538023407,293.33333333333337,2.776081953802341
338,338,5,recov,0.06228205391703491,2.7760819538023407,293.33333333333337,2.776081953802341
339,339,3,recov,0.06228205391703491,2.7760819538023407,293.33333333333337,2.776081953802341
340,340,4,recov,0.06228205391703491,2.7760819538023407,293.33333333333337,2.776081953802341
341,341,5,recov,0.06228205391703491,2.7760819538023407,293.33333333333337,2.776081953802341
342,342,3,recov,0.06228205391703491,2.7760819538023407,293.33333333333337,2.776081953802341
343,343,4,recov,0.06228205391703491,2.7760819538023407,293.33333333333337,2.776081953802341
344,344,5,recov,0.06228205391703491,2.7760819538023407,293.33333333333337,2.776081953802341
345,345,3,recov,0.06228205391703491,2.7760819538023407,293.33333333333337,2.776081953802341
346,346,4,recov,0.06228205391703491,2.7760819538023407,293.33333333333337,2.776081953802341
347,347,5,recov,0.06228205391703491,2.7760819538023407,293.33333333333337,2.776081953802341
348,348,3,recov,0.06228205391703491,2.7760819538023407,293.33333333333337,2.776081953802341
349,349,4,recov,0.06228205391703491,2.7760819538023407,293.33333333333337,2.776081953802341
350,350,5,recov,0.06228205391703491,2.7760819538023407,293.33333333333337,2.776081953802341
351,351,3,recov,0.06228205391703491,2.7760819538023407,293.33333333333337,2.776081953802341
352,352,4,recov,0.06228205391703491,2.7760819538023407,293.33333333333337,2.776081953802341
353,353,5,recov,0.06228205391703491,2.7760819538023407,293.33333333333337,2.776081953802341
354,354,3,recov,0.06228205391703491,2.7760819538023407,293.33333333333337,2.776081953802341
355,355,4,recov,0.06228205391703491,2.7760819538023407,293.33333333333337,2.776081953802341
356,356,5,recov,0.06228205391703491,2.7760819538023407,293.33333333333337,2.776081953802341
357,357,3,recov,0.06228205391703491,2.7760819538023407,293.33333333333337,2.776081953802341
358,358,4,recov,0.06228205391703491,2.7760819538023407,293.33333333333337,2.776081953802341
359,359,5,recov,0.06228205391703491,2.7760819538023407,293.33333333333337,2.776081953802341
360,360,0,fam_r,0.061596958174904945,2.787142789939426,293.33333333333337,2.776081953802341
361,361,1,fam_r,0.061596958174904945,2.787142789939426,293.33333333333337,2.776081953802341
362,362,2,fam_r,0.061596958174904945,2.787142789939426,293.33333333333337,2.776081953802341
363,363,0,fam_r,0.06228136882129278,2.776092953752841,293.33333333333337,2.776081953802341
364,364,1,fam_r,0.06228136882129278,2.776092953752841,293.33333333333337,2.776081953802341
365,365,2,fam_r,0.06228136882129278,2.776092953752841,293.33333333333337,2.776081953802341
366,366,0,fam_r,0.062282053231939166,2.776081964802231,293.33333333333337,2.776081953802341
367,367,1,fam_r,0.062282053231939166,2.776081964802231,293.33333333333337,2.776081953802341
368,368,2,fam_r,0.062282053231939166,2.776081964802231,293.33333333333337,2.776081953802341
369,369,0,fam_r,0.06228205391634981,2.7760819538133408,293.33333333333337,2.776081953802341
370,370,1,fam_r,0.06228205391634981,2.7760819538133408,293.33333333333337,2.776081953802341
371,371,2,fam_r,0.06228205391634981,2.7760819538133408,293.33333333333337,2.776081953802341
372,372,0,fam_r,0.06228205391703422,2.776081953802352,293.33333333333337,2.776081953802341
373,373,1,fam_r,0.06228205391703422,2.776081953802352,293.33333333333337,2.776081953802341
374,374,2,fam_r,0.06228205391703422,2.776081953802352,293.33333333333337,2.776081953802341
0,0,0,fam,0.06666666666666667,2.70805020110221,366.6666666666667,2.776081953802341
1,1,1,fam,0.06206896551724138,2.779509165084355,366.6666666666667,2.776081953802341
2,2,2,fam,0.06164383561643836,2.786382044372117,366.6666666666667,2.776081953802341
3,3,0,fam,0.06228610540725531,2.7760169052338495,366.6666666666667,2.776081953802341
4,4,1,fam,0.062281842447471085,2.7760853491611885,366.6666666666667,2.776081953802341
5,5,2,fam,0.06228141618358645,2.7760921932962783,366.6666666666667,2.776081953802341
6,6,0,fam,0.062282057968217334,2.776081888756601,366.6666666666667,2.776081953802341
7,7,1,fam,0.06228205370556695,2.7760819571976683,366.6666666666667,2.776081953802341
8,8,2,fam,0.06228205327930194,2.776081964041775,366.6666666666667,2.776081953802341
9,9,0,fam,0.06228205392108609,2.776081953737295,366.6666666666667,2.776081953802341
10,10,1,fam,0.06228205391682344,2.776081953805736,366.6666666666667,2.776081953802341
11,11,2,fam,0.06228205391639718,2.77608195381258,366.6666666666667,2.776081953802341
12,12,0,fam,0.062282053917038956,2.776081953802276,366.6666666666667,2.776081953802341
13,13,1,fam,0.062282053917034695,2.7760819538023442,366.6666666666667,2.776081953802341
14,14,2,fam,0.06228205391703427,2.776081953802351,366.6666666666667,2.776081953802341
15,15,0,fam,0.06228205391703491,2.7760819538023407,366.6666666666667,2.776081953802341
16,16,1,fam,0.06228205391703491,2.7760819538023407,366.6666666666667,2.776081953802341
17,17,2,fam,0.06228205391703491,2.7760819538023407,366.6666666666667,2.776081953802341
18,18,0,fam,0.06228205391703491,2.7760819538023407,366.6666666666667,2.776081953802341
19,19,1,fam,0.06228205391703491,2.7760819538023407,366.6666666666667,2.776081953802341
20,20,2,fam,0.06228205391703491,2.7760819538023407,366.6666666666667,2.776081953802341
21,21,0,fam,0.06228205391703491,2.7760819538023407,366.6666666666667,2.776081953802341
22,22,1,fam,0.06228205391703491,2.7760819538023407,366.6666666666667,2.776081953802341
23,23,2,fam,0.06228205391703491,2.7760819538023407,366.6666666666667,2.776081953802341
24,24,0,fam,0.06228205391703491,2.7760819538023407,366.6666666666667,2.776081953802341
25,25,1,fam,0.06228205391703491,2.7760819538023407,366.6666666666667,2.776081953802341
26,26,2,fam,0.06228205391703491,2.7760819538023407,366.6666666666667,2.776081953802341
27,27,0,fam,0.06228205391703491,2.7760819538023407,366.6666666666667,2.776081953802341
28,28,1,fam,0.06228205391703491,2.7760819538023407,366.6666666666667,2.776081953802341
29,29,2,fam,0.06228205391703491,2.7760819538023407,366.6666666666667,2.776081953802341
30,30,0,fam,0.06228205391703491,2.7760819538023407,366.6666666666667,2.776081953802341
31,31,1,fam,0.06228205391703491,2.7760819538023407,366.6666666666667,2.776081953802341
32,32,2,fam,0.06228205391703491,2.7760819538023407,366.6666666666667,2.776081953802341
33,33,0,fam,0.06228205391703491,2.7760819538023407,366.6666666666667,2.776081953802341
34,34,1,fam,0.06228205391703491,2.7760819538023407,366.6666666666667,2.776081953802341
35,35,2,fam,0.06228205391703491,2.7760819538023407,366.6666666666667,2.776081953802341
36,36,0,fam,0.06228205391703491,2.7760819538023407,366.6666666666667,2.776081953802341
37,37,1,fam,0.06228205391703491,2.7760819538023407,366.6666666666667,2.776081953802341
38,38,2,fam,0.06228205391703491,2.7760819538023407,366.6666666666667,2.776081953802341
39,39,0,fam,0.06228205391703491,2.7760819538023407,366.6666666666667,2.776081953802341
40,40,1,fam,0.06228205391703491,2.7760819538023407,366.6666666666667,2.776081953802341
41,41,2,fam,0.06228205391703491,2.7760819538023407,366.6666666666667,2.776081953802341
42,42,0,fam,0.06228205391703491,2.7760819538023407,366.6666666666667,2.776081953802341
43,43,1,fam,0.06228205391703491,2.7760819538023407,366.6666666666667,2.776081953802341
44,44,2,fam,0.06228205391703491,2.7760819538023407,366.6666666666667,2.776081953802341
45,45,0,fam,0.06228205391703491,2.7760819538023407,366.6666666666667,2.776081953802341
46,46,1,fam,0.06228205391703491,2.7760819538023407,366.6666666666667,2.776081953802341
47,47,2,fam,0.06228205391703491,2.7760819538023407,366.6666666666667,2.776081953802341
48,48,0,fam,0.06228205391703491,2.7760819538023407,366.6666666666667,2.776081953802341
49,49,1,fam,0.06228205391703491,2.7760819538023407,366.6666666666667,2.776081953802341
50,50,2,fam,0.06228205391703491,2.7760819538023407,366.6666666666667,2.776081953802341
51,51,0,fam,0.06228205391703491,2.7760819538023407,366.6666666666667,2.776081953802341
52,52,1,fam,0.06228205391703491,2.7760819538023407,366.6666666666667,2.776081953802341
53,53,2,fam,0.06228205391703491,2.7760819538023407,366.6666666666667,2.776081953802341
54,54,0,fam,0.06228205391703491,2.7760819538023407,366.6666666666667,2.776081953802341
55,55,1,fam,0.06228205391703491,2.7760819538023407,366.6666666666667,2.776081953802341
56,56,2,fam,0.06228205391703491,2.7760819538023407,366.6666666666667,2.776081953802341
57,57,0,fam,0.06228205391703491,2.7760819538023407,366.6666666666667,2.776081953802341
58,58,1,fam,0.06228205391703491,2.7760819538023407,366.6666666666667,2.776081953802341
59,59,2,fam,0.06228205391703491,2.7760819538023407,366.6666666666667,2.776081953802341
60,60,0,fam,0.06228205391703491,2.7760819538023407,366.6666666666667,2.776081953802341
61,61,1,fam,0.06228205391703491,2.7760819538023407,366.6666666666667,2.776081953802341
62,62,2,fam,0.06228205391703491,2.7760819538023407,366.6666666666667,2.776081953802341
63,63,0,fam,0.06228205391703491,2.7760819538023407,366.6666666666667,2.776081953802341
64,64,1,fam,0.06228205391703491,2.7760819538023407,366.6666666666667,2.776081953802341
65,65,2,fam,0.06228205391703491,2.7760819538023407,366.6666666666667,2.776081953802341
66,66,3,recov,0.061596958174904945,2.787142789939426,366.6666666666667,2.776081953802341
67,67,4,recov,0.061596958174904945,2.787142789939426,366.6666666666667,2.776081953802341
68,68,5,recov,0.061596958174904945,2.787142789939426,366.6666666666667,2.776081953802341
69,69,3,recov,0.06228136882129278,2.776092953752841,366.6666666666667,2.776081953802341
70,70,4,recov,0.06228136882129278,2.776092953752841,366.6666666666667,2.776081953802341
71,71,5,recov,0.06228136882129278,2.776092953752841,366.6666666666667,2.776081953802341
72,72,3,recov,0.062282053231939166,2.776081964802231,366.6666666666667,2.776081953802341
73,73,4,recov,0.062282053231939166,2.776081964802231,366.6666666666667,2.776081953802341
74,74,5,recov,0.062282053231939166,2.776081964802231,366.6666666666667,2.776081953802341
75,75,3,recov,0.06228205391634981,2.7760819538133408,366.6666666666667,2.776081953802341
76,76,4,recov,0.06228205391634981,2.7760819538133408,366.6666666666667,2.776081953802341
77,77,5,recov,0.06228205391634981,2.7760819538133408,366.6666666666667,2.776081953802341
78,78,3,recov,0.06228205391703422,2.776081953802352,366.6666666666667,2.776081953802341
79,79,4,recov,0.06228205391703422,2.776081953802352,366.6666666666667,2.776081953802341
80,80,5,recov,0.06228205391703422,2.776081953802352,366.6666666666667,2.776081953802341
81,81,3,recov,0.06228205391703491,2.7760819538023407,366.6666666666667,2.776081953802341
82,82,4,recov,0.06228205391703491,2.7760819538023407,366.6666666666667,2.776081953802341
83,83,5,recov,0.06228205391703491,2.7760819538023407,366.6666666666667,2.776081953802341
84,84,3,recov,0.06228205391703491,2.7760819538023407,366.6666666666667,2.776081953802341
85,85,4,recov,0.06228205391703491,2.7760819538023407,366.6666666666667,2.776081953802341
86,86,5,recov,0.06228205391703491,2.7760819538023407,366.6666666666667,2.776081953802341
87,87,3,recov,0.06228205391703491,2.7760819538023407,366.6666666666667,2.776081953802341
88,88,4,recov,0.06228205391703491,2.7760819538023407,366.6666666666667,2.776081953802341
89,89,5,recov,0.06228205391703491,2.7760819538023407,366.6666666666667,2.776081953802341
90,90,3,recov,0.06228205391703491,2.7760819538023407,366.6666666666667,2.776081953802341
91,91,4,recov,0.06228205391703491,2.7760819538023407,366.6666666666667,2.776081953802341
92,92,5,recov,0.06228205391703491,2.7760819538023407,366.6666666666667,2.776081953802341
93,93,3,recov,0.06228205391703491,2.7760819538023407,366.6666666666667,2.776081953802341
94,94,4,recov,0.06228205391703491,2.7760819538023407,366.6666666666667,2.776081953802341
95,95,5,recov,0.06228205391703491,2.7760819538023407,366.6666666666667,2.776081953802341
96,96,3,recov,0.06228205391703491,2.7760819538023407,366.6666666666667,2.776081953802341
97,97,4,recov,0.06228205391703491,2.7760819538023407,366.6666666666667,2.776081953802341
98,98,5,recov,0.06228205391703491,2.7760819538023407,366.6666666666667,2.776081953802341
99,99,3,recov,0.06228205391703491,2.7760819538023407,366.6666666666667,2.776081953802341
100,100,4,recov,0.06228205391703491,2.7760819538023407,366.6666666666667,2.776081953802341
101,101,5,recov,0.06228205391703491,2.7760819538023407,366.6666666666667,2.776081953802341
102,102,3,recov,0.06228205391703491,2.7760819538023407,366.6666666666667,2.776081953802341
103,103,4,recov,0.06228205391703491,2.7760819538023407,366.6666666666667,2.776081953802341
104,104,5,recov,0.06228205391703491,2.7760819538023407,366.6666666666667,2.776081953802341
105,105,3,recov,0.06228205391703491,2.7760819538023407,366.6666666666667,2.776081953802341
106,106,4,recov,0.06228205391703491,2.7760819538023407,366.6666666666667,2.776081953802341
107,107,5,recov,0.06228205391703491,2.7760819538023407,366.6666666666667,2.776081953802341
108,108,3,recov,0.06228205391703491,2.7760819538023407,366.6666666666667,2.776081953802341
109,109,4,recov,0.06228205391703491,2.7760819538023407,366.6666666666667,2.776081953802341
110,110,5,recov,0.06228205391703491,2.7760819538023407,366.6666666666667,2.776081953802341
111,111,3,recov,0.06228205391703491,2.7760819538023407,366.6666666666667,2.776081953802341
112,112,4,recov,0.06228205391703491,2.7760819538023407,366.6666666666667,2.776081953802341
113,113,5,recov,0.06228205391703491,2.7760819538023407,366.6666666666667,2.776081953802341
114,114,3,recov,0.06228205391703491,2.7760819538023407,366.6666666666667,2.776081953802341
115,115,4,recov,0.06228205391703491,2.7760819538023407,366.6666666666667,2.776081953802341
116,116,5,recov,0.06228205391703491,2.7760819538023407,366.6666666666667,2.776081953802341
117,117,3,recov,0.06228205391703491,2.7760819538023407,366.6666666666667,2.776081953802341
118,118,4,recov,0.06228205391703491,2.7760819538023407,366.6666666666667,2.776081953802341
119,119,5,recov,0.06228205391703491,2.7760819538023407,366.6666666666667,2.776081953802341
120,120,3,recov,0.06228205391703491,2.7760819538023407,366.6666666666667,2.776081953802341
121,121,4,recov,0.06228205391703491,2.7760819538023407,366.6666666666667,2.776081953802341
122,122,5,recov,0.06228205391703491,2.7760819538023407,366.6666666666667,2.776081953802341
123,123,3,recov,0.06228205391703491,2.7760819538023407,366.6666666666667,2.776081953802341
124,124,4,recov,0.06228205391703491,2.7760819538023407,366.6666666666667,2.776081953802341
125,125,5,recov,0.06228205391703491,2.7760819538023407,366.6666666666667,2.776081953802341
126,126,3,recov,0.06228205391703491,2.7760819538023407,366.6666666666667,2.776081953802341
127,127,4,recov,0.06228205391703491,2.7760819538023407,366.6666666666667,2.776081953802341
128,128,5,recov,0.06228205391703491,2.7760819538023407,366.6666666666667,2.776081953802341
129,129,3,recov,0.06228205391703491,2.7760819538023407,366.6666666666667,2.776081953802341
130,130,4,recov,0.06228205391703491,2.7760819538023407,366.6666666666667,2.776081953802341
131,131,5,recov,0.06228205391703491,2.7760819538023407,366.6666666666667,2.776081953802341
132,132,3,recov,0.06228205391703491,2.7760819538023407,366.6666666666667,2.776081953802341
133,133,4,recov,0.06228205391703491,2.7760819538023407,366.6666666666667,2.776081953802341
134,134,5,recov,0.06228205391703491,2.7760819538023407,366.6666666666667,2.776081953802341
135,135,3,recov,0.06228205391703491,2.7760819538023407,366.6666666666667,2.776081953802341
136,136,4,recov,0.06228205391703491,2.7760819538023407,366.6666666666667,2.776081953802341
137,137,5,recov,0.06228205391703491,2.7760819538023407,366.6666666666667,2.776081953802341
138,138,3,recov,0.06228205391703491,2.7760819538023407,366.6666666666667,2.776081953802341
139,139,4,recov,0.06228205391703491,2.7760819538023407,366.6666666666667,2.776081953802341
140,140,5,recov,0.06228205391703491,2.7760819538023407,366.6666666666667,2.776081953802341
141,141,3,recov,0.06228205391703491,2.7760819538023407,366.6666666666667,2.776081953802341
142,142,4,recov,0.06228205391703491,2.7760819538023407,366.6666666666667,2.776081953802341
143,143,5,recov,0.06228205391703491,2.7760819538023407,366.6666666666667,2.776081953802341
144,144,3,recov,0.06228205391703491,2.7760819538023407,366.6666666666667,2.776081953802341
145,145,4,recov,0.06228205391703491,2.7760819538023407,366.6666666666667,2.776081953802341
146,146,5,recov,0.06228205391703491,2.7760819538023407,366.6666666666667,2.776081953802341
147,147,3,recov,0.06228205391703491,2.7760819538023407,366.6666666666667,2.776081953802341
148,148,4,recov,0.06228205391703491,2.7760819538023407,366.6666666666667,2.776081953802341
149,149,5,recov,0.06228205391703491,2.7760819538023407,366.6666666666667,2.776081953802341
150,150,3,recov,0.06228205391703491,2.7760819538023407,366.6666666666667,2.776081953802341
151,151,4,recov,0.06228205391703491,2.7760819538023407,366.6666666666667,2.776081953802341
152,152,5,recov,0.06228205391703491,2.7760819538023407,366.6666666666667,2.776081953802341
153,153,3,recov,0.06228205391703491,2.7760819538023407,366.6666666666667,2.776081953802341
154,154,4,recov,0.06228205391703491,2.7760819538023407,366.6666666666667,2.776081953802341
155,155,5,recov,0.06228205391703491,2.7760819538023407,366.6666666666667,2.776081953802341
156,156,3,recov,0.06228205391703491,2.7760819538023407,366.6666666666667,2.776081953802341
157,157,4,recov,0.06228205391703491,2.7760819538023407,366.6666666666667,2.776081953802341
158,158,5,recov,0.06228205391703491,2.7760819538023407,366.6666666666667,2.776081953802341
159,159,3,recov,0.06228205391703491,2.7760819538023407,366.6666666666667,2.776081953802341
160,160,4,recov,0.06228205391703491,2.7760819538023407,366.6666666666667,2.776081953802341
161,161,5,recov,0.06228205391703491,2.7760819538023407,366.6666666666667,2.776081953802341
162,162,3,recov,0.06228205391703491,2.7760819538023407,366.6666666666667,2.776081953802341
163,163,4,recov,0.06228205391703491,2.7760819538023407,366.6666666666667,2.776081953802341
164,164,5,recov,0.06228205391703491,2.7760819538023407,366.6666666666667,2.776081953802341
165,165,3,recov,0.06228205391703491,2.7760819538023407,366.6666666666667,2.776081953802341
166,166,4,recov,0.06228205391703491,2.7760819538023407,366.6666666666667,2.776081953802341
167,167,5,recov,0.06228205391703491,2.7760819538023407,366.6666666666667,2.776081953802341
168,168,3,recov,0.06228205391703491,2.7760819538023407,366.6666666666667,2.776081953802341
169,169,4,recov,0.06228205391703491,2.7760819538023407,366.6666666666667,2.776081953802341
170,170,5,recov,0.06228205391703491,2.7760819538023407,366.6666666666667,2.776081953802341
171,171,3,recov,0.06228205391703491,2.7760819538023407,366.6666666666667,2.776081953802341
172,172,4,recov,0.06228205391703491,2.7760819538023407,366.6666666666667,2.776081953802341
173,173,5,recov,0.06228205391703491,2.7760819538023407,366.6666666666667,2.776081953802341
174,174,3,recov,0.06228205391703491,2.7760819538023407,366.6666666666667,2.776081953802341
175,175,4,recov,0.06228205391703491,2.7760819538023407,366.6666666666667,2.776081953802341
176,176,5,recov,0.06228205391703491,2.7760819538023407,366.6666666666667,2.776081953802341
177,177,3,recov,0.06228205391703491,2.7760819538023407,366.6666666666667,2.776081953802341
178,178,4,recov,0.06228205391703491,2.7760819538023407,366.6666666666667,2.776081953802341
179,179,5,recov,0.06228205391703491,2.7760819538023407,366.6666666666667,2.776081953802341
180,180,3,recov,0.06228205391703491,2.7760819538023407,366.6666666666667,2.776081953802341
181,181,4,recov,0.06228205391703491,2.7760819538023407,366.6666666666667,2.776081953802341
182,182,5,recov,0.06228205391703491,2.7760819538023407,366.6666666666667,2.776081953802341
183,183,3,recov,0.06228205391703491,2.7760819538023407,366.6666666666667,2.776081953802341
184,184,4,recov,0.06228205391703491,2.7760819538023407,366.6666666666667,2.776081953802341
185,185,5,recov,0.06228205391703491,2.7760819538023407,366.6666666666667,2.776081953802341
186,186,3,recov,0.06228205391703491,2.7760819538023407,366.6666666666667,2.776081953802341
187,187,4,recov,0.06228205391703491,2.7760819538023407,366.6666666666667,2.776081953802341
188,188,5,recov,0.06228205391703491,2.7760819538023407,366.6666666666667,2.776081953802341
189,189,3,recov,0.06228205391703491,2.7760819538023407,366.6666666666667,2.776081953802341
190,190,4,recov,0.06228205391703491,2.7760819538023407,366.6666666666667,2.776081953802341
191,191,5,recov,0.06228205391703491,2.7760819538023407,366.6666666666667,2.776081953802341
192,192,3,recov,0.06228205391703491,2.7760819538023407,366.6666666666667,2.776081953802341
193,193,4,recov,0.06228205391703491,2.7760819538023407,366.6666666666667,2.776081953802341
194,194,5,recov,0.06228205391703491,2.7760819538023407,366.6666666666667,2.776081953802341
195,195,3,recov,0.06228205391703491,2.7760819538023407,366.6666666666667,2.776081953802341
196,196,4,recov,0.06228205391703491,2.7760819538023407,366.6666666666667,2.776081953802341
197,197,5,recov,0.06228205391703491,2.7760819538023407,366.6666666666667,2.776081953802341
198,198,3,recov,0.06228205391703491,2.7760819538023407,366.6666666666667,2.776081953802341
199,199,4,recov,0.06228205391703491,2.7760819538023407,366.6666666666667,2.776081953802341
200,200,5,recov,0.06228205391703491,2.7760819538023407,366.6666666666667,2.776081953802341
201,201,3,recov,0.06228205391703491,2.7760819538023407,366.6666666666667,2.776081953802341
202,202,4,recov,0.06228205391703491,2.7760819538023407,366.6666666666667,2.776081953802341
203,203,5,recov,0.06228205391703491,2.7760819538023407,366.6666666666667,2.776081953802341
204,204,3,recov,0.06228205391703491,2.7760819538023407,366.6666666666667,2.776081953802341
205,205,4,recov,0.06228205391703491,2.7760819538023407,366.6666666666667,2.776081953802341
206,206,5,recov,0.06228205391703491,2.7760819538023407,366.6666666666667,2.776081953802341
207,207,3,recov,0.06228205391703491,2.7760819538023407,366.6666666666667,2.776081953802341
208,208,4,recov,0.06228205391703491,2.7760819538023407,366.6666666666667,2.776081953802341
209,209,5,recov,0.06228205391703491,2.7760819538023407,366.6666666666667,2.776081953802341
210,210,3,recov,0.06228205391703491,2.7760819538023407,366.6666666666667,2.776081953802341
211,211,4,recov,0.06228205391703491,2.7760819538023407,366.6666666666667,2.776081953802341
212,212,5,recov,0.06228205391703491,2.7760819538023407,366.6666666666667,2.776081953802341
213,213,3,recov,0.06228205391703491,2.7760819538023407,366.6666666666667,2.776081953802341
214,214,4,recov,0.06228205391703491,2.7760819538023407,366.6666666666667,2.776081953802341
215,215,5,recov,0.06228205391703491,2.7760819538023407,366.6666666666667,2.776081953802341
216,216,3,recov,0.06228205391703491,2.7760819538023407,366.6666666666667,2.776081953802341
217,217,4,recov,0.06228205391703491,2.7760819538023407,366.6666666666667,2.776081953802341
218,218,5,recov,0.06228205391703491,2.7760819538023407,366.6666666666667,2.776081953802341
219,219,3,recov,0.06228205391703491,2.7760819538023407,366.6666666666667,2.776081953802341
220,220,4,recov,0.06228205391703491,2.7760819538023407,366.6666666666667,2.776081953802341
221,221,5,recov,0.06228205391703491,2.7760819538023407,366.6666666666667,2.776081953802341
222,222,3,recov,0.06228205391703491,2.7760819538023407,366.6666666666667,2.776081953802341
223,223,4,recov,0.06228205391703491,2.7760819538023407,366.6666666666667,2.776081953802341
224,224,5,recov,0.06228205391703491,2.7760819538023407,366.6666666666667,2.776081953802341
225,225,3,recov,0.06228205391703491,2.7760819538023407,366.6666666666667,2.776081953802341
226,226,4,recov,0.06228205391703491,2.7760819538023407,366.6666666666667,2.776081953802341
227,227,5,recov,0.06228205391703491,2.7760819538023407,366.6666666666667,2.776081953802341
228,228,3,recov,0.06228205391703491,2.7760819538023407,366.6666666666667,2.776081953802341
229,229,4,recov,0.06228205391703491,2.7760819538023407,366.6666666666667,2.776081953802341
230,230,5,recov,0.06228205391703491,2.7760819538023407,366.6666666666667,2.776081953802341
231,231,3,recov,0.06228205391703491,2.7760819538023407,366.6666666666667,2.776081953802341
232,232,4,recov,0.06228205391703491,2.7760819538023407,366.6666666666667,2.776081953802341
233,233,5,recov,0.06228205391703491,2.7760819538023407,366.6666666666667,2.776081953802341
234,234,3,recov,0.06228205391703491,2.7760819538023407,366.6666666666667,2.776081953802341
235,235,4,recov,0.06228205391703491,2.7760819538023407,366.6666666666667,2.776081953802341
236,236,5,recov,0.06228205391703491,2.7760819538023407,366.6666666666667,2.776081953802341
237,237,3,recov,0.06228205391703491,2.7760819538023407,366.6666666666667,2.776081953802341
238,238,4,recov,0.06228205391703491,2.7760819538023407,366.6666666666667,2.776081953802341
239,239,5,recov,0.06228205391703491,2.7760819538023407,366.6666666666667,2.776081953802341
240,240,3,recov,0.06228205391703491,2.7760819538023407,366.6666666666667,2.776081953802341
241,241,4,recov,0.06228205391703491,2.7760819538023407,366.6666666666667,2.776081953802341
242,242,5,recov,0.06228205391703491,2.7760819538023407,366.6666666666667,2.776081953802341
243,243,3,recov,0.06228205391703491,2.7760819538023407,366.6666666666667,2.776081953802341
244,244,4,recov,0.06228205391703491,2.7760819538023407,366.6666666666667,2.776081953802341
245,245,5,recov,0.06228205391703491,2.7760819538023407,366.6666666666667,2.776081953802341
246,246,3,recov,0.06228205391703491,2.7760819538023407,366.6666666666667,2.776081953802341
247,247,4,recov,0.06228205391703491,2.7760819538023407,366.6666666666667,2.776081953802341
248,248,5,recov,0.06228205391703491,2.7760819538023407,366.6666666666667,2.776081953802341
249,249,3,recov,0.06228205391703491,2.7760819538023407,366.6666666666667,2.776081953802341
250,250,4,recov,0.06228205391703491,2.7760819538023407,366.6666666666667,2.776081953802341
251,251,5,recov,0.06228205391703491,2.7760819538023407,366.6666666666667,2.776081953802341
252,252,3,recov,0.06228205391703491,2.7760819538023407,366.6666666666667,2.776081953802341
253,253,4,recov,0.06228205391703491,2.7760819538023407,366.6666666666667,2.776081953802341
254,254,5,recov,0.06228205391703491,2.7760819538023407,366.6666666666667,2.776081953802341
255,255,3,recov,0.06228205391703491,2.7760819538023407,366.6666666666667,2.776081953802341
256,256,4,recov,0.06228205391703491,2.7760819538023407,366.6666666666667,2.776081953802341
257,257,5,recov,0.06228205391703491,2.7760819538023407,366.6666666666667,2.776081953802341
258,258,3,recov,0.06228205391703491,2.7760819538023407,366.6666666666667,2.776081953802341
259,259,4,recov,0.06228205391703491,2.7760819538023407,366.6666666666667,2.776081953802341
260,260,5,recov,0.06228205391703491,2.7760819538023407,366.6666666666667,2.776081953802341
261,261,3,recov,0.06228205391703491,2.7760819538023407,366.6666666666667,2.776081953802341
262,262,4,recov,0.06228205391703491,2.7760819538023407,366.6666666666667,2.776081953802341
263,263,5,recov,0.06228205391703491,2.7760819538023407,366.6666666666667,2.776081953802341
264,264,3,recov,0.06228205391703491,2.7760819538023407,366.6666666666667,2.776081953802341
265,265,4,recov,0.06228205391703491,2.7760819538023407,366.6666666666667,2.776081953802341
266,266,5,recov,0.06228205391703491,2.7760819538023407,366.6666666666667,2.776081953802341
267,267,3,recov,0.06228205391703491,2.7760819538023407,366.6666666666667,2.776081953802341
268,268,4,recov,0.06228205391703491,2.7760819538023407,366.6666666666667,2.776081953802341
269,269,5,recov,0.06228205391703491,2.7760819538023407,366.6666666666667,2.776081953802341
270,270,3,recov,0.06228205391703491,2.7760819538023407,366.6666666666667,2.776081953802341
271,271,4,recov,0.06228205391703491,2.7760819538023407,366.6666666666667,2.776081953802341
272,272,5,recov,0.06228205391703491,2.7760819538023407,366.6666666666667,2.776081953802341
273,273,3,recov,0.06228205391703491,2.7760819538023407,366.6666666666667,2.776081953802341
274,274,4,recov,0.06228205391703491,2.7760819538023407,366.6666666666667,2.776081953802341
275,275,5,recov,0.06228205391703491,2.7760819538023407,366.6666666666667,2.776081953802341
276,276,3,recov,0.06228205391703491,2.7760819538023407,366.6666666666667,2.776081953802341
277,277,4,recov,0.06228205391703491,2.7760819538023407,366.6666666666667,2.776081953802341
278,278,5,recov,0.06228205391703491,2.7760819538023407,366.6666666666667,2.776081953802341
279,279,3,recov,0.06228205391703491,2.7760819538023407,366.6666666666667,2.776081953802341
280,280,4,recov,0.06228205391703491,2.7760819538023407,366.6666666666667,2.776081953802341
281,281,5,recov,0.06228205391703491,2.7760819538023407,366.6666666666667,2.776081953802341
282,282,3,recov,0.06228205391703491,2.7760819538023407,366.6666666666667,2.776081953802341
283,283,4,recov,0.06228205391703491,2.7760819538023407,366.6666666666667,2.776081953802341
284,284,5,recov,0.06228205391703491,2.7760819538023407,366.6666666666667,2.776081953802341
285,285,3,recov,0.06228205391703491,2.7760819538023407,366.6666666666667,2.776081953802341
286,286,4,recov,0.06228205391703491,2.7760819538023407,366.6666666666667,2.776081953802341
287,287,5,recov,0.06228205391703491,2.7760819538023407,366.6666666666667,2.776081953802341
288,288,3,recov,0.06228205391703491,2.7760819538023407,366.6666666666667,2.776081953802341
289,289,4,recov,0.06228205391703491,2.7760819538023407,366.6666666666667,2.776081953802341
290,290,5,recov,0.06228205391703491,2.7760819538023407,366.6666666666667,2.776081953802341
291,291,3,recov,0.06228205391703491,2.7760819538023407,366.6666666666667,2.776081953802341
292,292,4,recov,0.06228205391703491,2.7760819538023407,366.6666666666667,2.776081953802341
293,293,5,recov,0.06228205391703491,2.7760819538023407,366.6666666666667,2.776081953802341
294,294,3,recov,0.06228205391703491,2.7760819538023407,366.6666666666667,2.776081953802341
295,295,4,recov,0.06228205391703491,2.7760819538023407,366.6666666666667,2.776081953802341
296,296,5,recov,0.06228205391703491,2.7760819538023407,366.6666666666667,2.776081953802341
297,297,3,recov,0.06228205391703491,2.7760819538023407,366.6666666666667,2.776081953802341
298,298,4,recov,0.06228205391703491,2.7760819538023407,366.6666666666667,2.776081953802341
299,299,5,recov,0.06228205391703491,2.7760819538023407,366.6666666666667,2.776081953802341
300,300,3,recov,0.06228205391703491,2.7760819538023407,366.6666666666667,2.776081953802341
301,301,4,recov,0.06228205391703491,2.7760819538023407,366.6666666666667,2.776081953802341
302,302,5,recov,0.06228205391703491,2.7760819538023407,366.6666666666667,2.776081953802341
303,303,3,recov,0.06228205391703491,2.7760819538023407,366.6666666666667,2.776081953802341
304,304,4,recov,0.06228205391703491,2.7760819538023407,366.6666666666667,2.776081953802341
305,305,5,recov,0.06228205391703491,2.7760819538023407,366.6666666666667,2.776081953802341
306,306,3,recov,0.06228205391703491,2.7760819538023407,366.6666666666667,2.776081953802341
307,307,4,recov,0.06228205391703491,2.7760819538023407,366.6666666666667,2.776081953802341
308,308,5,recov,0.06228205391703491,2.7760819538023407,366.6666666666667,2.776081953802341
309,309,3,recov,0.06228205391703491,2.7760819538023407,366.6666666666667,2.776081953802341
310,310,4,recov,0.06228205391703491,2.7760819538023407,366.6666666666667,2.776081953802341
311,311,5,recov,0.06228205391703491,2.7760819538023407,366.6666666666667,2.776081953802341
312,312,3,recov,0.06228205391703491,2.7760819538023407,366.6666666666667,2.776081953802341
313,313,4,recov,0.06228205391703491,2.7760819538023407,366.6666666666667,2.776081953802341
314,314,5,recov,0.06228205391703491,2.7760819538023407,366.6666666666667,2.776081953802341
315,315,3,recov,0.06228205391703491,2.7760819538023407,366.6666666666667,2.776081953802341
316,316,4,recov,0.06228205391703491,2.7760819538023407,366.6666666666667,2.776081953802341
317,317,5,recov,0.06228205391703491,2.7760819538023407,366.6666666666667,2.776081953802341
318,318,3,recov,0.06228205391703491,2.7760819538023407,366.6666666666667,2.776081953802341
319,319,4,recov,0.06228205391703491,2.7760819538023407,366.6666666666667,2.776081953802341
320,320,5,recov,0.06228205391703491,2.7760819538023407,366.6666666666667,2.776081953802341
321,321,3,recov,0.06228205391703491,2.7760819538023407,366.6666666666667,2.776081953802341
322,322,4,recov,0.06228205391703491,2.7760819538023407,366.6666666666667,2.776081953802341
323,323,5,recov,0.06228205391703491,2.7760819538023407,366.6666666666667,2.776081953802341
324,324,3,recov,0.06228205391703491,2.7760819538023407,366.6666666666667,2.776081953802341
325,325,4,recov,0.06228205391703491,2.7760819538023407,366.6666666666667,2.776081953802341
326,326,5,recov,0.06228205391703491,2.7760819538023407,366.6666666666667,2.776081953802341
327,327,3,recov,0.06228205391703491,2.7760819538023407,366.6666666666667,2.776081953802341
328,328,4,recov,0.06228205391703491,2.7760819538023407,366.6666666666667,2.776081953802341
329,329,5,recov,0.06228205391703491,2.7760819538023407,366.6666666666667,2.776081953802341
330,330,3,recov,0.06228205391703491,2.7760819538023407,366.6666666666667,2.776081953802341
331,331,4,recov,0.06228205391703491,2.7760819538023407,366.6666666666667,2.776081953802341
332,332,5,recov,0.06228205391703491,2.7760819538023407,366.6666666666667,2.776081953802341
333,333,3,recov,0.06228205391703491,2.7760819538023407,366.6666666666667,2.776081953802341
334,334,4,recov,0.06228205391703491,2.7760819538023407,366.6666666666667,2.776081953802341
335,335,5,recov,0.06228205391703491,2.7760819538023407,366.6666666666667,2.776081953802341
336,336,3,recov,0.06228205391703491,2.7760819538023407,366.6666666666667,2.776081953802341
337,337,4,recov,0.06228205391703491,2.7760819538023407,366.6666666666667,2.776081953802341
338,338,5,recov,0.06228205391703491,2.7760819538023407,366.6666666666667,2.776081953802341
339,339,3,recov,0.06228205391703491,2.7760819538023407,366.6666666666667,2.776081953802341
340,340,4,recov,0.06228205391703491,2.7760819538023407,366.6666666666667,2.776081953802341
341,341,5,recov,0.06228205391703491,2.7760819538023407,366.6666666666667,2.776081953802341
342,342,3,recov,0.06228205391703491,2.7760819538023407,366.6666666666667,2.776081953802341
343,343,4,recov,0.06228205391703491,2.7760819538023407,366.6666666666667,2.776081953802341
344,344,5,recov,0.06228205391703491,2.7760819538023407,366.6666666666667,2.776081953802341
345,345,3,recov,0.06228205391703491,2.7760819538023407,366.6666666666667,2.776081953802341
346,346,4,recov,0.06228205391703491,2.7760819538023407,366.6666666666667,2.776081953802341
347,347,5,recov,0.06228205391703491,2.7760819538023407,366.6666666666667,2.776081953802341
348,348,3,recov,0.06228205391703491,2.7760819538023407,366.6666666666667,2.776081953802341
349,349,4,recov,0.06228205391703491,2.7760819538023407,366.6666666666667,2.776081953802341
350,350,5,recov,0.06228205391703491,2.7760819538023407,366.6666666666667,2.776081953802341
351,351,3,recov,0.06228205391703491,2.7760819538023407,366.6666666666667,2.776081953802341
352,352,4,recov,0.06228205391703491,2.7760819538023407,366.6666666666667,2.776081953802341
353,353,5,recov,0.06228205391703491,2.7760819538023407,366.6666666666667,2.776081953802341
354,354,3,recov,0.06228205391703491,2.7760819538023407,366.6666666666667,2.776081953802341
355,355,4,recov,0.06228205391703491,2.7760819538023407,366.6666666666667,2.776081953802341
356,356,5,recov,0.06228205391703491,2.7760819538023407,366.6666666666667,2.776081953802341
357,357,3,recov,0.06228205391703491,2.7760819538023407,366.6666666666667,2.776081953802341
358,358,4,recov,0.06228205391703491,2.7760819538023407,366.6666666666667,2.776081953802341
359,359,5,recov,0.06228205391703491,2.7760819538023407,366.6666666666667,2.776081953802341
360,360,3,recov,0.06228205391703491,2.7760819538023407,366.6666666666667,2.776081953802341
361,361,4,recov,0.06228205391703491,2.7760819538023407,366.6666666666667,2.776081953802341
362,362,5,recov,0.06228205391703491,2.7760819538023407,366.6666666666667,2.776081953802341
363,363,3,recov,0.06228205391703491,2.7760819538023407,366.6666666666667,2.776081953802341
364,364,4,recov,0.06228205391703491,2.7760819538023407,366.6666666666667,2.776081953802341
365,365,5,recov,0.06228205391703491,2.7760819538023407,366.6666666666667,2.776081953802341
366,366,3,recov,0.06228205391703491,2.7760819538023407,366.6666666666667,2.776081953802341
367,367,4,recov,0.06228205391703491,2.7760819538023407,366.6666666666667,2.776081953802341
368,368,5,recov,0.06228205391703491,2.7760819538023407,366.6666666666667,2.776081953802341
369,369,3,recov,0.06228205391703491,2.7760819538023407,366.6666666666667,2.776081953802341
370,370,4,recov,0.06228205391703491,2.7760819538023407,366.6666666666667,2.776081953802341
371,371,5,recov,0.06228205391703491,2.7760819538023407,366.6666666666667,2.776081953802341
372,372,3,recov,0.06228205391703491,2.7760819538023407,366.6666666666667,2.776081953802341
373,373,4,recov,0.06228205391703491,2.7760819538023407,366.6666666666667,2.776081953802341
374,374,5,recov,0.06228205391703491,2.7760819538023407,366.6666666666667,2.776081953802341
375,375,3,recov,0.06228205391703491,2.7760819538023407,366.6666666666667,2.776081953802341
376,376,4,recov,0.06228205391703491,2.7760819538023407,366.6666666666667,2.776081953802341
377,377,5,recov,0.06228205391703491,2.7760819538023407,366.6666666666667,2.776081953802341
378,378,3,recov,0.06228205391703491,2.7760819538023407,366.6666666666667,2.776081953802341
379,379,4,recov,0.06228205391703491,2.7760819538023407,366.6666666666667,2.776081953802341
380,380,5,recov,0.06228205391703491,2.7760819538023407,366.6666666666667,2.776081953802341
381,381,3,recov,0.06228205391703491,2.7760819538023407,366.6666666666667,2.776081953802341
382,382,4,recov,0.06228205391703491,2.7760819538023407,366.6666666666667,2.776081953802341
383,383,5,recov,0.06228205391703491,2.7760819538023407,366.6666666666667,2.776081953802341
384,384,3,recov,0.06228205391703491,2.7760819538023407,366.6666666666667,2.776081953802341
385,385,4,recov,0.06228205391703491,2.7760819538023407,366.6666666666667,2.776081953802341
386,386,5,recov,0.06228205391703491,2.7760819538023407,366.6666666666667,2.776081953802341
387,387,3,recov,0.06228205391703491,2.7760819538023407,366.6666666666667,2.776081953802341
388,388,4,recov,0.06228205391703491,2.7760819538023407,366.6666666666667,2.776081953802341
389,389,5,recov,0.06228205391703491,2.7760819538023407,366.6666666666667,2.776081953802341
390,390,3,recov,0.06228205391703491,2.7760819538023407,366.6666666666667,2.776081953802341
391,391,4,recov,0.06228205391703491,2.7760819538023407,366.6666666666667,2.776081953802341
392,392,5,recov,0.06228205391703491,2.7760819538023407,366.6666666666667,2.776081953802341
393,393,3,recov,0.06228205391703491,2.7760819538023407,366.6666666666667,2.776081953802341
394,394,4,recov,0.06228205391703491,2.7760819538023407,366.6666666666667,2.776081953802341
395,395,5,recov,0.06228205391703491,2.7760819538023407,366.6666666666667,2.776081953802341
396,396,3,recov,0.06228205391703491,2.7760819538023407,366.6666666666667,2.776081953802341
397,397,4,recov,0.06228205391703491,2.7760819538023407,366.6666666666667,2.776081953802341
398,398,5,recov,0.06228205391703491,2.7760819538023407,366.6666666666667,2.776081953802341
399,399,3,recov,0.06228205391703491,2.7760819538023407,366.6666666666667,2.776081953802341
400,400,4,recov,0.06228205391703491,2.7760819538023407,366.6666666666667,2.776081953802341
401,401,5,recov,0.06228205391703491,2.7760819538023407,366.6666666666667,2.776081953802341
402,402,3,recov,0.06228205391703491,2.7760819538023407,366.6666666666667,2.776081953802341
403,403,4,recov,0.06228205391703491,2.7760819538023407,366.6666666666667,2.776081953802341
404,404,5,recov,0.06228205391703491,2.7760819538023407,366.6666666666667,2.776081953802341
405,405,3,recov,0.06228205391703491,2.7760819538023407,366.6666666666667,2.776081953802341
406,406,4,recov,0.06228205391703491,2.7760819538023407,366.6666666666667,2.776081953802341
407,407,5,recov,0.06228205391703491,2.7760819538023407,366.6666666666667,2.776081953802341
408,408,3,recov,0.06228205391703491,2.7760819538023407,366.6666666666667,2.776081953802341
409,409,4,recov,0.06228205391703491,2.7760819538023407,366.6666666666667,2.776081953802341
410,410,5,recov,0.06228205391703491,2.7760819538023407,366.6666666666667,2.776081953802341
411,411,3,recov,0.06228205391703491,2.7760819538023407,366.6666666666667,2.776081953802341
412,412,4,recov,0.06228205391703491,2.7760819538023407,366.6666666666667,2.776081953802341
413,413,5,recov,0.06228205391703491,2.7760819538023407,366.6666666666667,2.776081953802341
414,414,3,recov,0.06228205391703491,2.7760819538023407,366.6666666666667,2.776081953802341
415,415,4,recov,0.06228205391703491,2.7760819538023407,366.6666666666667,2.776081953802341
416,416,5,recov,0.06228205391703491,2.7760819538023407,366.6666666666667,2.776081953802341
417,417,3,recov,0.06228205391703491,2.7760819538023407,366.6666666666667,2.776081953802341
418,418,4,recov,0.06228205391703491,2.7760819538023407,366.6666666666667,2.776081953802341
419,419,5,recov,0.06228205391703491,2.7760819538023407,366.6666666666667,2.776081953802341
420,420,3,recov,0.06228205391703491,2.7760819538023407,366.6666666666667,2.776081953802341
421,421,4,recov,0.06228205391703491,2.7760819538023407,366.6666666666667,2.776081953802341
422,422,5,recov,0.06228205391703491,2.7760819538023407,366.6666666666667,2.776081953802341
423,423,3,recov,0.06228205391703491,2.7760819538023407,366.6666666666667,2.776081953802341
424,424,4,recov,0.06228205391703491,2.7760819538023407,366.6666666666667,2.776081953802341
425,425,5,recov,0.06228205391703491,2.7760819538023407,366.6666666666667,2.776081953802341
426,426,3,recov,0.06228205391703491,2.7760819538023407,366.6666666666667,2.776081953802341
427,427,4,recov,0.06228205391703491,2.7760819538023407,366.6666666666667,2.776081953802341
428,428,5,recov,0.06228205391703491,2.7760819538023407,366.6666666666667,2.776081953802341
429,429,3,recov,0.06228205391703491,2.7760819538023407,366.6666666666667,2.776081953802341
430,430,4,recov,0.06228205391703491,2.7760819538023407,366.6666666666667,2.776081953802341
431,431,5,recov,0.06228205391703491,2.7760819538023407,366.6666666666667,2.776081953802341
432,432,0,fam_r,0.061596958174904945,2.787142789939426,366.6666666666667,2.776081953802341
433,433,1,fam_r,0.061596958174904945,2.787142789939426,366.6666666666667,2.776081953802341
434,434,2,fam_r,0.061596958174904945,2.787142789939426,366.6666666666667,2.776081953802341
435,435,0,fam_r,0.06228136882129278,2.776092953752841,366.6666666666667,2.776081953802341
436,436,1,fam_r,0.06228136882129278,2.776092953752841,366.6666666666667,2.776081953802341
437,437,2,fam_r,0.06228136882129278,2.776092953752841,366.6666666666667,2.776081953802341
438,438,0,fam_r,0.062282053231939166,2.776081964802231,366.6666666666667,2.776081953802341
439,439,1,fam_r,0.062282053231939166,2.776081964802231,366.6666666666667,2.776081953802341
440,440,2,fam_r,0.062282053231939166,2.776081964802231,366.6666666666667,2.776081953802341
441,441,0,fam_r,0.06228205391634981,2.7760819538133408,366.6666666666667,2.776081953802341
442,442,1,fam_r,0.06228205391634981,2.7760819538133408,366.6666666666667,2.776081953802341
443,443,2,fam_r,0.06228205391634981,2.7760819538133408,366.6666666666667,2.776081953802341
444,444,0,fam_r,0.06228205391703422,2.776081953802352,366.6666666666667,2.776081953802341
445,445,1,fam_r,0.06228205391703422,2.776081953802352,366.6666666666667,2.776081953802341
446,446,2,fam_r,0.06228205391703422,2.776081953802352,366.6666666666667,2.776081953802341
0,0,0,fam,0.06666666666666667,2.70805020110221,476.6666666666667,2.776081953802341
1,1,1,fam,0.06206896551724138,2.779509165084355,476.6666666666667,2.776081953802341
2,2,2,fam,0.06164383561643836,2.786382044372117,476.6666666666667,2.776081953802341
3,3,0,fam,0.06228610540725531,2.7760169052338495,476.6666666666667,2.776081953802341
4,4,1,fam,0.062281842447471085,2.7760853491611885,476.6666666666667,2.776081953802341
5,5,2,fam,0.06228141618358645,2.7760921932962783,476.6666666666667,2.776081953802341
6,6,0,fam,0.062282057968217334,2.776081888756601,476.6666666666667,2.776081953802341
7,7,1,fam,0.06228205370556695,2.7760819571976683,476.6666666666667,2.776081953802341
8,8,2,fam,0.06228205327930194,2.776081964041775,476.6666666666667,2.776081953802341
9,9,0,fam,0.06228205392108609,2.776081953737295,476.6666666666667,2.776081953802341
10,10,1,fam,0.06228205391682344,2.776081953805736,476.6666666666667,2.776081953802341
11,11,2,fam,0.06228205391639718,2.77608195381258,476.6666666666667,2.776081953802341
12,12,0,fam,0.062282053917038956,2.776081953802276,476.6666666666667,2.776081953802341
13,13,1,fam,0.062282053917034695,2.7760819538023442,476.6666666666667,2.776081953802341
14,14,2,fam,0.06228205391703427,2.776081953802351,476.6666666666667,2.776081953802341
15,15,0,fam,0.06228205391703491,2.7760819538023407,476.6666666666667,2.776081953802341
16,16,1,fam,0.06228205391703491,2.7760819538023407,476.6666666666667,2.776081953802341
17,17,2,fam,0.06228205391703491,2.7760819538023407,476.6666666666667,2.776081953802341
18,18,0,fam,0.06228205391703491,2.7760819538023407,476.6666666666667,2.776081953802341
19,19,1,fam,0.06228205391703491,2.7760819538023407,476.6666666666667,2.776081953802341
20,20,2,fam,0.06228205391703491,2.7760819538023407,476.6666666666667,2.776081953802341
21,21,0,fam,0.06228205391703491,2.7760819538023407,476.6666666666667,2.776081953802341
22,22,1,fam,0.06228205391703491,2.7760819538023407,476.6666666666667,2.776081953802341
23,23,2,fam,0.06228205391703491,2.7760819538023407,476.6666666666667,2.776081953802341
24,24,0,fam,0.06228205391703491,2.7760819538023407,476.6666666666667,2.776081953802341
25,25,1,fam,0.06228205391703491,2.7760819538023407,476.6666666666667,2.776081953802341
26,26,2,fam,0.06228205391703491,2.7760819538023407,476.6666666666667,2.776081953802341
27,27,0,fam,0.06228205391703491,2.7760819538023407,476.6666666666667,2.776081953802341
28,28,1,fam,0.06228205391703491,2.7760819538023407,476.6666666666667,2.776081953802341
29,29,2,fam,0.06228205391703491,2.7760819538023407,476.6666666666667,2.776081953802341
30,30,0,fam,0.06228205391703491,2.7760819538023407,476.6666666666667,2.776081953802341
31,31,1,fam,0.06228205391703491,2.7760819538023407,476.6666666666667,2.776081953802341
32,32,2,fam,0.06228205391703491,2.7760819538023407,476.6666666666667,2.776081953802341
33,33,0,fam,0.06228205391703491,2.7760819538023407,476.6666666666667,2.776081953802341
34,34,1,fam,0.06228205391703491,2.7760819538023407,476.6666666666667,2.776081953802341
35,35,2,fam,0.06228205391703491,2.7760819538023407,476.6666666666667,2.776081953802341
36,36,0,fam,0.06228205391703491,2.7760819538023407,476.6666666666667,2.776081953802341
37,37,1,fam,0.06228205391703491,2.7760819538023407,476.6666666666667,2.776081953802341
38,38,2,fam,0.06228205391703491,2.7760819538023407,476.6666666666667,2.776081953802341
39,39,0,fam,0.06228205391703491,2.7760819538023407,476.6666666666667,2.776081953802341
40,40,1,fam,0.06228205391703491,2.7760819538023407,476.6666666666667,2.776081953802341
41,41,2,fam,0.06228205391703491,2.7760819538023407,476.6666666666667,2.776081953802341
42,42,0,fam,0.06228205391703491,2.7760819538023407,476.6666666666667,2.776081953802341
43,43,1,fam,0.06228205391703491,2.7760819538023407,476.6666666666667,2.776081953802341
44,44,2,fam,0.06228205391703491,2.7760819538023407,476.6666666666667,2.776081953802341
45,45,0,fam,0.06228205391703491,2.7760819538023407,476.6666666666667,2.776081953802341
46,46,1,fam,0.06228205391703491,2.7760819538023407,476.6666666666667,2.776081953802341
47,47,2,fam,0.06228205391703491,2.7760819538023407,476.6666666666667,2.776081953802341
48,48,0,fam,0.06228205391703491,2.7760819538023407,476.6666666666667,2.776081953802341
49,49,1,fam,0.06228205391703491,2.7760819538023407,476.6666666666667,2.776081953802341
50,50,2,fam,0.06228205391703491,2.7760819538023407,476.6666666666667,2.776081953802341
51,51,0,fam,0.06228205391703491,2.7760819538023407,476.6666666666667,2.776081953802341
52,52,1,fam,0.06228205391703491,2.7760819538023407,476.6666666666667,2.776081953802341
53,53,2,fam,0.06228205391703491,2.7760819538023407,476.6666666666667,2.776081953802341
54,54,0,fam,0.06228205391703491,2.7760819538023407,476.6666666666667,2.776081953802341
55,55,1,fam,0.06228205391703491,2.7760819538023407,476.6666666666667,2.776081953802341
56,56,2,fam,0.06228205391703491,2.7760819538023407,476.6666666666667,2.776081953802341
57,57,0,fam,0.06228205391703491,2.7760819538023407,476.6666666666667,2.776081953802341
58,58,1,fam,0.06228205391703491,2.7760819538023407,476.6666666666667,2.776081953802341
59,59,2,fam,0.06228205391703491,2.7760819538023407,476.6666666666667,2.776081953802341
60,60,0,fam,0.06228205391703491,2.7760819538023407,476.6666666666667,2.776081953802341
61,61,1,fam,0.06228205391703491,2.7760819538023407,476.6666666666667,2.776081953802341
62,62,2,fam,0.06228205391703491,2.7760819538023407,476.6666666666667,2.776081953802341
63,63,0,fam,0.06228205391703491,2.7760819538023407,476.6666666666667,2.776081953802341
64,64,1,fam,0.06228205391703491,2.7760819538023407,476.6666666666667,2.776081953802341
65,65,2,fam,0.06228205391703491,2.7760819538023407,476.6666666666667,2.776081953802341
66,66,3,recov,0.061596958174904945,2.787142789939426,476.6666666666667,2.776081953802341
67,67,4,recov,0.061596958174904945,2.787142789939426,476.6666666666667,2.776081953802341
68,68,5,recov,0.061596958174904945,2.787142789939426,476.6666666666667,2.776081953802341
69,69,3,recov,0.06228136882129278,2.776092953752841,476.6666666666667,2.776081953802341
70,70,4,recov,0.06228136882129278,2.776092953752841,476.6666666666667,2.776081953802341
71,71,5,recov,0.06228136882129278,2.776092953752841,476.6666666666667,2.776081953802341
72,72,3,recov,0.062282053231939166,2.776081964802231,476.6666666666667,2.776081953802341
73,73,4,recov,0.062282053231939166,2.776081964802231,476.6666666666667,2.776081953802341
74,74,5,recov,0.062282053231939166,2.776081964802231,476.6666666666667,2.776081953802341
75,75,3,recov,0.06228205391634981,2.7760819538133408,476.6666666666667,2.776081953802341
76,76,4,recov,0.06228205391634981,2.7760819538133408,476.6666666666667,2.776081953802341
77,77,5,recov,0.06228205391634981,2.7760819538133408,476.6666666666667,2.776081953802341
78,78,3,recov,0.06228205391703422,2.776081953802352,476.6666666666667,2.776081953802341
79,79,4,recov,0.06228205391703422,2.776081953802352,476.6666666666667,2.776081953802341
80,80,5,recov,0.06228205391703422,2.776081953802352,476.6666666666667,2.776081953802341
81,81,3,recov,0.06228205391703491,2.7760819538023407,476.6666666666667,2.776081953802341
82,82,4,recov,0.06228205391703491,2.7760819538023407,476.6666666666667,2.776081953802341
83,83,5,recov,0.06228205391703491,2.7760819538023407,476.6666666666667,2.776081953802341
84,84,3,recov,0.06228205391703491,2.7760819538023407,476.6666666666667,2.776081953802341
85,85,4,recov,0.06228205391703491,2.7760819538023407,476.6666666666667,2.776081953802341
86,86,5,recov,0.06228205391703491,2.7760819538023407,476.6666666666667,2.776081953802341
87,87,3,recov,0.06228205391703491,2.7760819538023407,476.6666666666667,2.776081953802341
88,88,4,recov,0.06228205391703491,2.7760819538023407,476.6666666666667,2.776081953802341
89,89,5,recov,0.06228205391703491,2.7760819538023407,476.6666666666667,2.776081953802341
90,90,3,recov,0.06228205391703491,2.7760819538023407,476.6666666666667,2.776081953802341
91,91,4,recov,0.06228205391703491,2.7760819538023407,476.6666666666667,2.776081953802341
92,92,5,recov,0.06228205391703491,2.7760819538023407,476.6666666666667,2.776081953802341
93,93,3,recov,0.06228205391703491,2.7760819538023407,476.6666666666667,2.776081953802341
94,94,4,recov,0.06228205391703491,2.7760819538023407,476.6666666666667,2.776081953802341
95,95,5,recov,0.06228205391703491,2.7760819538023407,476.6666666666667,2.776081953802341
96,96,3,recov,0.06228205391703491,2.7760819538023407,476.6666666666667,2.776081953802341
97,97,4,recov,0.06228205391703491,2.7760819538023407,476.6666666666667,2.776081953802341
98,98,5,recov,0.06228205391703491,2.7760819538023407,476.6666666666667,2.776081953802341
99,99,3,recov,0.06228205391703491,2.7760819538023407,476.6666666666667,2.776081953802341
100,100,4,recov,0.06228205391703491,2.7760819538023407,476.6666666666667,2.776081953802341
101,101,5,recov,0.06228205391703491,2.7760819538023407,476.6666666666667,2.776081953802341
102,102,3,recov,0.06228205391703491,2.7760819538023407,476.6666666666667,2.776081953802341
103,103,4,recov,0.06228205391703491,2.7760819538023407,476.6666666666667,2.776081953802341
104,104,5,recov,0.06228205391703491,2.7760819538023407,476.6666666666667,2.776081953802341
105,105,3,recov,0.06228205391703491,2.7760819538023407,476.6666666666667,2.776081953802341
106,106,4,recov,0.06228205391703491,2.7760819538023407,476.6666666666667,2.776081953802341
107,107,5,recov,0.06228205391703491,2.7760819538023407,476.6666666666667,2.776081953802341
108,108,3,recov,0.06228205391703491,2.7760819538023407,476.6666666666667,2.776081953802341
109,109,4,recov,0.06228205391703491,2.7760819538023407,476.6666666666667,2.776081953802341
110,110,5,recov,0.06228205391703491,2.7760819538023407,476.6666666666667,2.776081953802341
111,111,3,recov,0.06228205391703491,2.7760819538023407,476.6666666666667,2.776081953802341
112,112,4,recov,0.06228205391703491,2.7760819538023407,476.6666666666667,2.776081953802341
113,113,5,recov,0.06228205391703491,2.7760819538023407,476.6666666666667,2.776081953802341
114,114,3,recov,0.06228205391703491,2.7760819538023407,476.6666666666667,2.776081953802341
115,115,4,recov,0.06228205391703491,2.7760819538023407,476.6666666666667,2.776081953802341
116,116,5,recov,0.06228205391703491,2.7760819538023407,476.6666666666667,2.776081953802341
117,117,3,recov,0.06228205391703491,2.7760819538023407,476.6666666666667,2.776081953802341
118,118,4,recov,0.06228205391703491,2.7760819538023407,476.6666666666667,2.776081953802341
119,119,5,recov,0.06228205391703491,2.7760819538023407,476.6666666666667,2.776081953802341
120,120,3,recov,0.06228205391703491,2.7760819538023407,476.6666666666667,2.776081953802341
121,121,4,recov,0.06228205391703491,2.7760819538023407,476.6666666666667,2.776081953802341
122,122,5,recov,0.06228205391703491,2.7760819538023407,476.6666666666667,2.776081953802341
123,123,3,recov,0.06228205391703491,2.7760819538023407,476.6666666666667,2.776081953802341
124,124,4,recov,0.06228205391703491,2.7760819538023407,476.6666666666667,2.776081953802341
125,125,5,recov,0.06228205391703491,2.7760819538023407,476.6666666666667,2.776081953802341
126,126,3,recov,0.06228205391703491,2.7760819538023407,476.6666666666667,2.776081953802341
127,127,4,recov,0.06228205391703491,2.7760819538023407,476.6666666666667,2.776081953802341
128,128,5,recov,0.06228205391703491,2.7760819538023407,476.6666666666667,2.776081953802341
129,129,3,recov,0.06228205391703491,2.7760819538023407,476.6666666666667,2.776081953802341
130,130,4,recov,0.06228205391703491,2.7760819538023407,476.6666666666667,2.776081953802341
131,131,5,recov,0.06228205391703491,2.7760819538023407,476.6666666666667,2.776081953802341
132,132,3,recov,0.06228205391703491,2.7760819538023407,476.6666666666667,2.776081953802341
133,133,4,recov,0.06228205391703491,2.7760819538023407,476.6666666666667,2.776081953802341
134,134,5,recov,0.06228205391703491,2.7760819538023407,476.6666666666667,2.776081953802341
135,135,3,recov,0.06228205391703491,2.7760819538023407,476.6666666666667,2.776081953802341
136,136,4,recov,0.06228205391703491,2.7760819538023407,476.6666666666667,2.776081953802341
137,137,5,recov,0.06228205391703491,2.7760819538023407,476.6666666666667,2.776081953802341
138,138,3,recov,0.06228205391703491,2.7760819538023407,476.6666666666667,2.776081953802341
139,139,4,recov,0.06228205391703491,2.7760819538023407,476.6666666666667,2.776081953802341
140,140,5,recov,0.06228205391703491,2.7760819538023407,476.6666666666667,2.776081953802341
141,141,3,recov,0.06228205391703491,2.7760819538023407,476.6666666666667,2.776081953802341
142,142,4,recov,0.06228205391703491,2.7760819538023407,476.6666666666667,2.776081953802341
143,143,5,recov,0.06228205391703491,2.7760819538023407,476.6666666666667,2.776081953802341
144,144,3,recov,0.06228205391703491,2.7760819538023407,476.6666666666667,2.776081953802341
145,145,4,recov,0.06228205391703491,2.7760819538023407,476.6666666666667,2.776081953802341
146,146,5,recov,0.06228205391703491,2.7760819538023407,476.6666666666667,2.776081953802341
147,147,3,recov,0.06228205391703491,2.7760819538023407,476.6666666666667,2.776081953802341
148,148,4,recov,0.06228205391703491,2.7760819538023407,476.6666666666667,2.776081953802341
149,149,5,recov,0.06228205391703491,2.7760819538023407,476.6666666666667,2.776081953802341
150,150,3,recov,0.06228205391703491,2.7760819538023407,476.6666666666667,2.776081953802341
151,151,4,recov,0.06228205391703491,2.7760819538023407,476.6666666666667,2.776081953802341
152,152,5,recov,0.06228205391703491,2.7760819538023407,476.6666666666667,2.776081953802341
153,153,3,recov,0.06228205391703491,2.7760819538023407,476.6666666666667,2.776081953802341
154,154,4,recov,0.06228205391703491,2.7760819538023407,476.6666666666667,2.776081953802341
155,155,5,recov,0.06228205391703491,2.7760819538023407,476.6666666666667,2.776081953802341
156,156,3,recov,0.06228205391703491,2.7760819538023407,476.6666666666667,2.776081953802341
157,157,4,recov,0.06228205391703491,2.7760819538023407,476.6666666666667,2.776081953802341
158,158,5,recov,0.06228205391703491,2.7760819538023407,476.6666666666667,2.776081953802341
159,159,3,recov,0.06228205391703491,2.7760819538023407,476.6666666666667,2.776081953802341
160,160,4,recov,0.06228205391703491,2.7760819538023407,476.6666666666667,2.776081953802341
161,161,5,recov,0.06228205391703491,2.7760819538023407,476.6666666666667,2.776081953802341
162,162,3,recov,0.06228205391703491,2.7760819538023407,476.6666666666667,2.776081953802341
163,163,4,recov,0.06228205391703491,2.7760819538023407,476.6666666666667,2.776081953802341
164,164,5,recov,0.06228205391703491,2.7760819538023407,476.6666666666667,2.776081953802341
165,165,3,recov,0.06228205391703491,2.7760819538023407,476.6666666666667,2.776081953802341
166,166,4,recov,0.06228205391703491,2.7760819538023407,476.6666666666667,2.776081953802341
167,167,5,recov,0.06228205391703491,2.7760819538023407,476.6666666666667,2.776081953802341
168,168,3,recov,0.06228205391703491,2.7760819538023407,476.6666666666667,2.776081953802341
169,169,4,recov,0.06228205391703491,2.7760819538023407,476.6666666666667,2.776081953802341
170,170,5,recov,0.06228205391703491,2.7760819538023407,476.6666666666667,2.776081953802341
171,171,3,recov,0.06228205391703491,2.7760819538023407,476.6666666666667,2.776081953802341
172,172,4,recov,0.06228205391703491,2.7760819538023407,476.6666666666667,2.776081953802341
173,173,5,recov,0.06228205391703491,2.7760819538023407,476.6666666666667,2.776081953802341
174,174,3,recov,0.06228205391703491,2.7760819538023407,476.6666666666667,2.776081953802341
175,175,4,recov,0.06228205391703491,2.7760819538023407,476.6666666666667,2.776081953802341
176,176,5,recov,0.06228205391703491,2.7760819538023407,476.6666666666667,2.776081953802341
177,177,3,recov,0.06228205391703491,2.7760819538023407,476.6666666666667,2.776081953802341
178,178,4,recov,0.06228205391703491,2.7760819538023407,476.6666666666667,2.776081953802341
179,179,5,recov,0.06228205391703491,2.7760819538023407,476.6666666666667,2.776081953802341
180,180,3,recov,0.06228205391703491,2.7760819538023407,476.6666666666667,2.776081953802341
181,181,4,recov,0.06228205391703491,2.7760819538023407,476.6666666666667,2.776081953802341
182,182,5,recov,0.06228205391703491,2.7760819538023407,476.6666666666667,2.776081953802341
183,183,3,recov,0.06228205391703491,2.7760819538023407,476.6666666666667,2.776081953802341
184,184,4,recov,0.06228205391703491,2.7760819538023407,476.6666666666667,2.776081953802341
185,185,5,recov,0.06228205391703491,2.7760819538023407,476.6666666666667,2.776081953802341
186,186,3,recov,0.06228205391703491,2.7760819538023407,476.6666666666667,2.776081953802341
187,187,4,recov,0.06228205391703491,2.7760819538023407,476.6666666666667,2.776081953802341
188,188,5,recov,0.06228205391703491,2.7760819538023407,476.6666666666667,2.776081953802341
189,189,3,recov,0.06228205391703491,2.7760819538023407,476.6666666666667,2.776081953802341
190,190,4,recov,0.06228205391703491,2.7760819538023407,476.6666666666667,2.776081953802341
191,191,5,recov,0.06228205391703491,2.7760819538023407,476.6666666666667,2.776081953802341
192,192,3,recov,0.06228205391703491,2.7760819538023407,476.6666666666667,2.776081953802341
193,193,4,recov,0.06228205391703491,2.7760819538023407,476.6666666666667,2.776081953802341
194,194,5,recov,0.06228205391703491,2.7760819538023407,476.6666666666667,2.776081953802341
195,195,3,recov,0.06228205391703491,2.7760819538023407,476.6666666666667,2.776081953802341
196,196,4,recov,0.06228205391703491,2.7760819538023407,476.6666666666667,2.776081953802341
197,197,5,recov,0.06228205391703491,2.7760819538023407,476.6666666666667,2.776081953802341
198,198,3,recov,0.06228205391703491,2.7760819538023407,476.6666666666667,2.776081953802341
199,199,4,recov,0.06228205391703491,2.7760819538023407,476.6666666666667,2.776081953802341
200,200,5,recov,0.06228205391703491,2.7760819538023407,476.6666666666667,2.776081953802341
201,201,3,recov,0.06228205391703491,2.7760819538023407,476.6666666666667,2.776081953802341
202,202,4,recov,0.06228205391703491,2.7760819538023407,476.6666666666667,2.776081953802341
203,203,5,recov,0.06228205391703491,2.7760819538023407,476.6666666666667,2.776081953802341
204,204,3,recov,0.06228205391703491,2.7760819538023407,476.6666666666667,2.776081953802341
205,205,4,recov,0.06228205391703491,2.7760819538023407,476.6666666666667,2.776081953802341
206,206,5,recov,0.06228205391703491,2.7760819538023407,476.6666666666667,2.776081953802341
207,207,3,recov,0.06228205391703491,2.7760819538023407,476.6666666666667,2.776081953802341
208,208,4,recov,0.06228205391703491,2.7760819538023407,476.6666666666667,2.776081953802341
209,209,5,recov,0.06228205391703491,2.7760819538023407,476.6666666666667,2.776081953802341
210,210,3,recov,0.06228205391703491,2.7760819538023407,476.6666666666667,2.776081953802341
211,211,4,recov,0.06228205391703491,2.7760819538023407,476.6666666666667,2.776081953802341
212,212,5,recov,0.06228205391703491,2.7760819538023407,476.6666666666667,2.776081953802341
213,213,3,recov,0.06228205391703491,2.7760819538023407,476.6666666666667,2.776081953802341
214,214,4,recov,0.06228205391703491,2.7760819538023407,476.6666666666667,2.776081953802341
215,215,5,recov,0.06228205391703491,2.7760819538023407,476.6666666666667,2.776081953802341
216,216,3,recov,0.06228205391703491,2.7760819538023407,476.6666666666667,2.776081953802341
217,217,4,recov,0.06228205391703491,2.7760819538023407,476.6666666666667,2.776081953802341
218,218,5,recov,0.06228205391703491,2.7760819538023407,476.6666666666667,2.776081953802341
219,219,3,recov,0.06228205391703491,2.7760819538023407,476.6666666666667,2.776081953802341
220,220,4,recov,0.06228205391703491,2.7760819538023407,476.6666666666667,2.776081953802341
221,221,5,recov,0.06228205391703491,2.7760819538023407,476.6666666666667,2.776081953802341
222,222,3,recov,0.06228205391703491,2.7760819538023407,476.6666666666667,2.776081953802341
223,223,4,recov,0.06228205391703491,2.7760819538023407,476.6666666666667,2.776081953802341
224,224,5,recov,0.06228205391703491,2.7760819538023407,476.6666666666667,2.776081953802341
225,225,3,recov,0.06228205391703491,2.7760819538023407,476.6666666666667,2.776081953802341
226,226,4,recov,0.06228205391703491,2.7760819538023407,476.6666666666667,2.776081953802341
227,227,5,recov,0.06228205391703491,2.7760819538023407,476.6666666666667,2.776081953802341
228,228,3,recov,0.06228205391703491,2.7760819538023407,476.6666666666667,2.776081953802341
229,229,4,recov,0.06228205391703491,2.7760819538023407,476.6666666666667,2.776081953802341
230,230,5,recov,0.06228205391703491,2.7760819538023407,476.6666666666667,2.776081953802341
231,231,3,recov,0.06228205391703491,2.7760819538023407,476.6666666666667,2.776081953802341
232,232,4,recov,0.06228205391703491,2.7760819538023407,476.6666666666667,2.776081953802341
233,233,5,recov,0.06228205391703491,2.7760819538023407,476.6666666666667,2.776081953802341
234,234,3,recov,0.06228205391703491,2.7760819538023407,476.6666666666667,2.776081953802341
235,235,4,recov,0.06228205391703491,2.7760819538023407,476.6666666666667,2.776081953802341
236,236,5,recov,0.06228205391703491,2.7760819538023407,476.6666666666667,2.776081953802341
237,237,3,recov,0.06228205391703491,2.7760819538023407,476.6666666666667,2.776081953802341
238,238,4,recov,0.06228205391703491,2.7760819538023407,476.6666666666667,2.776081953802341
239,239,5,recov,0.06228205391703491,2.7760819538023407,476.6666666666667,2.776081953802341
240,240,3,recov,0.06228205391703491,2.7760819538023407,476.6666666666667,2.776081953802341
241,241,4,recov,0.06228205391703491,2.7760819538023407,476.6666666666667,2.776081953802341
242,242,5,recov,0.06228205391703491,2.7760819538023407,476.6666666666667,2.776081953802341
243,243,3,recov,0.06228205391703491,2.7760819538023407,476.6666666666667,2.776081953802341
244,244,4,recov,0.06228205391703491,2.7760819538023407,476.6666666666667,2.776081953802341
245,245,5,recov,0.06228205391703491,2.7760819538023407,476.6666666666667,2.776081953802341
246,246,3,recov,0.06228205391703491,2.7760819538023407,476.6666666666667,2.776081953802341
247,247,4,recov,0.06228205391703491,2.7760819538023407,476.6666666666667,2.776081953802341
248,248,5,recov,0.06228205391703491,2.7760819538023407,476.6666666666667,2.776081953802341
249,249,3,recov,0.06228205391703491,2.7760819538023407,476.6666666666667,2.776081953802341
250,250,4,recov,0.06228205391703491,2.7760819538023407,476.6666666666667,2.776081953802341
251,251,5,recov,0.06228205391703491,2.7760819538023407,476.6666666666667,2.776081953802341
252,252,3,recov,0.06228205391703491,2.7760819538023407,476.6666666666667,2.776081953802341
253,253,4,recov,0.06228205391703491,2.7760819538023407,476.6666666666667,2.776081953802341
254,254,5,recov,0.06228205391703491,2.7760819538023407,476.6666666666667,2.776081953802341
255,255,3,recov,0.06228205391703491,2.7760819538023407,476.6666666666667,2.776081953802341
256,256,4,recov,0.06228205391703491,2.7760819538023407,476.6666666666667,2.776081953802341
257,257,5,recov,0.06228205391703491,2.7760819538023407,476.6666666666667,2.776081953802341
258,258,3,recov,0.06228205391703491,2.7760819538023407,476.6666666666667,2.776081953802341
259,259,4,recov,0.06228205391703491,2.7760819538023407,476.6666666666667,2.776081953802341
260,260,5,recov,0.06228205391703491,2.7760819538023407,476.6666666666667,2.776081953802341
261,261,3,recov,0.06228205391703491,2.7760819538023407,476.6666666666667,2.776081953802341
262,262,4,recov,0.06228205391703491,2.7760819538023407,476.6666666666667,2.776081953802341
263,263,5,recov,0.06228205391703491,2.7760819538023407,476.6666666666667,2.776081953802341
264,264,3,recov,0.06228205391703491,2.7760819538023407,476.6666666666667,2.776081953802341
265,265,4,recov,0.06228205391703491,2.7760819538023407,476.6666666666667,2.776081953802341
266,266,5,recov,0.06228205391703491,2.7760819538023407,476.6666666666667,2.776081953802341
267,267,3,recov,0.06228205391703491,2.7760819538023407,476.6666666666667,2.776081953802341
268,268,4,recov,0.06228205391703491,2.7760819538023407,476.6666666666667,2.776081953802341
269,269,5,recov,0.06228205391703491,2.7760819538023407,476.6666666666667,2.776081953802341
270,270,3,recov,0.06228205391703491,2.7760819538023407,476.6666666666667,2.776081953802341
271,271,4,recov,0.06228205391703491,2.7760819538023407,476.6666666666667,2.776081953802341
272,272,5,recov,0.06228205391703491,2.7760819538023407,476.6666666666667,2.776081953802341
273,273,3,recov,0.06228205391703491,2.7760819538023407,476.6666666666667,2.776081953802341
274,274,4,recov,0.06228205391703491,2.7760819538023407,476.6666666666667,2.776081953802341
275,275,5,recov,0.06228205391703491,2.7760819538023407,476.6666666666667,2.776081953802341
276,276,3,recov,0.06228205391703491,2.7760819538023407,476.6666666666667,2.776081953802341
277,277,4,recov,0.06228205391703491,2.7760819538023407,476.6666666666667,2.776081953802341
278,278,5,recov,0.06228205391703491,2.7760819538023407,476.6666666666667,2.776081953802341
279,279,3,recov,0.06228205391703491,2.7760819538023407,476.6666666666667,2.776081953802341
280,280,4,recov,0.06228205391703491,2.7760819538023407,476.6666666666667,2.776081953802341
281,281,5,recov,0.06228205391703491,2.7760819538023407,476.6666666666667,2.776081953802341
282,282,3,recov,0.06228205391703491,2.7760819538023407,476.6666666666667,2.776081953802341
283,283,4,recov,0.06228205391703491,2.7760819538023407,476.6666666666667,2.776081953802341
284,284,5,recov,0.06228205391703491,2.7760819538023407,476.6666666666667,2.776081953802341
285,285,3,recov,0.06228205391703491,2.7760819538023407,476.6666666666667,2.776081953802341
286,286,4,recov,0.06228205391703491,2.7760819538023407,476.6666666666667,2.776081953802341
287,287,5,recov,0.06228205391703491,2.7760819538023407,476.6666666666667,2.776081953802341
288,288,3,recov,0.06228205391703491,2.7760819538023407,476.6666666666667,2.776081953802341
289,289,4,recov,0.06228205391703491,2.7760819538023407,476.6666666666667,2.776081953802341
290,290,5,recov,0.06228205391703491,2.7760819538023407,476.6666666666667,2.776081953802341
291,291,3,recov,0.06228205391703491,2.7760819538023407,476.6666666666667,2.776081953802341
292,292,4,recov,0.06228205391703491,2.7760819538023407,476.6666666666667,2.776081953802341
293,293,5,recov,0.06228205391703491,2.7760819538023407,476.6666666666667,2.776081953802341
294,294,3,recov,0.06228205391703491,2.7760819538023407,476.6666666666667,2.776081953802341
295,295,4,recov,0.06228205391703491,2.7760819538023407,476.6666666666667,2.776081953802341
296,296,5,recov,0.06228205391703491,2.7760819538023407,476.6666666666667,2.776081953802341
297,297,3,recov,0.06228205391703491,2.7760819538023407,476.6666666666667,2.776081953802341
298,298,4,recov,0.06228205391703491,2.7760819538023407,476.6666666666667,2.776081953802341
299,299,5,recov,0.06228205391703491,2.7760819538023407,476.6666666666667,2.776081953802341
300,300,3,recov,0.06228205391703491,2.7760819538023407,476.6666666666667,2.776081953802341
301,301,4,recov,0.06228205391703491,2.7760819538023407,476.6666666666667,2.776081953802341
302,302,5,recov,0.06228205391703491,2.7760819538023407,476.6666666666667,2.776081953802341
303,303,3,recov,0.06228205391703491,2.7760819538023407,476.6666666666667,2.776081953802341
304,304,4,recov,0.06228205391703491,2.7760819538023407,476.6666666666667,2.776081953802341
305,305,5,recov,0.06228205391703491,2.7760819538023407,476.6666666666667,2.776081953802341
306,306,3,recov,0.06228205391703491,2.7760819538023407,476.6666666666667,2.776081953802341
307,307,4,recov,0.06228205391703491,2.7760819538023407,476.6666666666667,2.776081953802341
308,308,5,recov,0.06228205391703491,2.7760819538023407,476.6666666666667,2.776081953802341
309,309,3,recov,0.06228205391703491,2.7760819538023407,476.6666666666667,2.776081953802341
310,310,4,recov,0.06228205391703491,2.7760819538023407,476.6666666666667,2.776081953802341
311,311,5,recov,0.06228205391703491,2.7760819538023407,476.6666666666667,2.776081953802341
312,312,3,recov,0.06228205391703491,2.7760819538023407,476.6666666666667,2.776081953802341
313,313,4,recov,0.06228205391703491,2.7760819538023407,476.6666666666667,2.776081953802341
314,314,5,recov,0.06228205391703491,2.7760819538023407,476.6666666666667,2.776081953802341
315,315,3,recov,0.06228205391703491,2.7760819538023407,476.6666666666667,2.776081953802341
316,316,4,recov,0.06228205391703491,2.7760819538023407,476.6666666666667,2.776081953802341
317,317,5,recov,0.06228205391703491,2.7760819538023407,476.6666666666667,2.776081953802341
318,318,3,recov,0.06228205391703491,2.7760819538023407,476.6666666666667,2.776081953802341
319,319,4,recov,0.06228205391703491,2.7760819538023407,476.6666666666667,2.776081953802341
320,320,5,recov,0.06228205391703491,2.7760819538023407,476.6666666666667,2.776081953802341
321,321,3,recov,0.06228205391703491,2.7760819538023407,476.6666666666667,2.776081953802341
322,322,4,recov,0.06228205391703491,2.7760819538023407,476.6666666666667,2.776081953802341
323,323,5,recov,0.06228205391703491,2.7760819538023407,476.6666666666667,2.776081953802341
324,324,3,recov,0.06228205391703491,2.7760819538023407,476.6666666666667,2.776081953802341
325,325,4,recov,0.06228205391703491,2.7760819538023407,476.6666666666667,2.776081953802341
326,326,5,recov,0.06228205391703491,2.7760819538023407,476.6666666666667,2.776081953802341
327,327,3,recov,0.06228205391703491,2.7760819538023407,476.6666666666667,2.776081953802341
328,328,4,recov,0.06228205391703491,2.7760819538023407,476.6666666666667,2.776081953802341
329,329,5,recov,0.06228205391703491,2.7760819538023407,476.6666666666667,2.776081953802341
330,330,3,recov,0.06228205391703491,2.7760819538023407,476.6666666666667,2.776081953802341
331,331,4,recov,0.06228205391703491,2.7760819538023407,476.6666666666667,2.776081953802341
332,332,5,recov,0.06228205391703491,2.7760819538023407,476.6666666666667,2.776081953802341
333,333,3,recov,0.06228205391703491,2.7760819538023407,476.6666666666667,2.776081953802341
334,334,4,recov,0.06228205391703491,2.7760819538023407,476.6666666666667,2.776081953802341
335,335,5,recov,0.06228205391703491,2.7760819538023407,476.6666666666667,2.776081953802341
336,336,3,recov,0.06228205391703491,2.7760819538023407,476.6666666666667,2.776081953802341
337,337,4,recov,0.06228205391703491,2.7760819538023407,476.6666666666667,2.776081953802341
338,338,5,recov,0.06228205391703491,2.7760819538023407,476.6666666666667,2.776081953802341
339,339,3,recov,0.06228205391703491,2.7760819538023407,476.6666666666667,2.776081953802341
340,340,4,recov,0.06228205391703491,2.7760819538023407,476.6666666666667,2.776081953802341
341,341,5,recov,0.06228205391703491,2.7760819538023407,476.6666666666667,2.776081953802341
342,342,3,recov,0.06228205391703491,2.7760819538023407,476.6666666666667,2.776081953802341
343,343,4,recov,0.06228205391703491,2.7760819538023407,476.6666666666667,2.776081953802341
344,344,5,recov,0.06228205391703491,2.7760819538023407,476.6666666666667,2.776081953802341
345,345,3,recov,0.06228205391703491,2.7760819538023407,476.6666666666667,2.776081953802341
346,346,4,recov,0.06228205391703491,2.7760819538023407,476.6666666666667,2.776081953802341
347,347,5,recov,0.06228205391703491,2.7760819538023407,476.6666666666667,2.776081953802341
348,348,3,recov,0.06228205391703491,2.7760819538023407,476.6666666666667,2.776081953802341
349,349,4,recov,0.06228205391703491,2.7760819538023407,476.6666666666667,2.776081953802341
350,350,5,recov,0.06228205391703491,2.7760819538023407,476.6666666666667,2.776081953802341
351,351,3,recov,0.06228205391703491,2.7760819538023407,476.6666666666667,2.776081953802341
352,352,4,recov,0.06228205391703491,2.7760819538023407,476.6666666666667,2.776081953802341
353,353,5,recov,0.06228205391703491,2.7760819538023407,476.6666666666667,2.776081953802341
354,354,3,recov,0.06228205391703491,2.7760819538023407,476.6666666666667,2.776081953802341
355,355,4,recov,0.06228205391703491,2.7760819538023407,476.6666666666667,2.776081953802341
356,356,5,recov,0.06228205391703491,2.7760819538023407,476.6666666666667,2.776081953802341
357,357,3,recov,0.06228205391703491,2.7760819538023407,476.6666666666667,2.776081953802341
358,358,4,recov,0.06228205391703491,2.7760819538023407,476.6666666666667,2.776081953802341
359,359,5,recov,0.06228205391703491,2.7760819538023407,476.6666666666667,2.776081953802341
360,360,3,recov,0.06228205391703491,2.7760819538023407,476.6666666666667,2.776081953802341
361,361,4,recov,0.06228205391703491,2.7760819538023407,476.6666666666667,2.776081953802341
362,362,5,recov,0.06228205391703491,2.7760819538023407,476.6666666666667,2.776081953802341
363,363,3,recov,0.06228205391703491,2.7760819538023407,476.6666666666667,2.776081953802341
364,364,4,recov,0.06228205391703491,2.7760819538023407,476.6666666666667,2.776081953802341
365,365,5,recov,0.06228205391703491,2.7760819538023407,476.6666666666667,2.776081953802341
366,366,3,recov,0.06228205391703491,2.7760819538023407,476.6666666666667,2.776081953802341
367,367,4,recov,0.06228205391703491,2.7760819538023407,476.6666666666667,2.776081953802341
368,368,5,recov,0.06228205391703491,2.7760819538023407,476.6666666666667,2.776081953802341
369,369,3,recov,0.06228205391703491,2.7760819538023407,476.6666666666667,2.776081953802341
370,370,4,recov,0.06228205391703491,2.7760819538023407,476.6666666666667,2.776081953802341
371,371,5,recov,0.06228205391703491,2.7760819538023407,476.6666666666667,2.776081953802341
372,372,3,recov,0.06228205391703491,2.7760819538023407,476.6666666666667,2.776081953802341
373,373,4,recov,0.06228205391703491,2.7760819538023407,476.6666666666667,2.776081953802341
374,374,5,recov,0.06228205391703491,2.7760819538023407,476.6666666666667,2.776081953802341
375,375,3,recov,0.06228205391703491,2.7760819538023407,476.6666666666667,2.776081953802341
376,376,4,recov,0.06228205391703491,2.7760819538023407,476.6666666666667,2.776081953802341
377,377,5,recov,0.06228205391703491,2.7760819538023407,476.6666666666667,2.776081953802341
378,378,3,recov,0.06228205391703491,2.7760819538023407,476.6666666666667,2.776081953802341
379,379,4,recov,0.06228205391703491,2.7760819538023407,476.6666666666667,2.776081953802341
380,380,5,recov,0.06228205391703491,2.7760819538023407,476.6666666666667,2.776081953802341
381,381,3,recov,0.06228205391703491,2.7760819538023407,476.6666666666667,2.776081953802341
382,382,4,recov,0.06228205391703491,2.7760819538023407,476.6666666666667,2.776081953802341
383,383,5,recov,0.06228205391703491,2.7760819538023407,476.6666666666667,2.776081953802341
384,384,3,recov,0.06228205391703491,2.7760819538023407,476.6666666666667,2.776081953802341
385,385,4,recov,0.06228205391703491,2.7760819538023407,476.6666666666667,2.776081953802341
386,386,5,recov,0.06228205391703491,2.7760819538023407,476.6666666666667,2.776081953802341
387,387,3,recov,0.06228205391703491,2.7760819538023407,476.6666666666667,2.776081953802341
388,388,4,recov,0.06228205391703491,2.7760819538023407,476.6666666666667,2.776081953802341
389,389,5,recov,0.06228205391703491,2.7760819538023407,476.6666666666667,2.776081953802341
390,390,3,recov,0.06228205391703491,2.7760819538023407,476.6666666666667,2.776081953802341
391,391,4,recov,0.06228205391703491,2.7760819538023407,476.6666666666667,2.776081953802341
392,392,5,recov,0.06228205391703491,2.7760819538023407,476.6666666666667,2.776081953802341
393,393,3,recov,0.06228205391703491,2.7760819538023407,476.6666666666667,2.776081953802341
394,394,4,recov,0.06228205391703491,2.7760819538023407,476.6666666666667,2.776081953802341
395,395,5,recov,0.06228205391703491,2.7760819538023407,476.6666666666667,2.776081953802341
396,396,3,recov,0.06228205391703491,2.7760819538023407,476.6666666666667,2.776081953802341
397,397,4,recov,0.06228205391703491,2.7760819538023407,476.6666666666667,2.776081953802341
398,398,5,recov,0.06228205391703491,2.7760819538023407,476.6666666666667,2.776081953802341
399,399,3,recov,0.06228205391703491,2.7760819538023407,476.6666666666667,2.776081953802341
400,400,4,recov,0.06228205391703491,2.7760819538023407,476.6666666666667,2.776081953802341
401,401,5,recov,0.06228205391703491,2.7760819538023407,476.6666666666667,2.776081953802341
402,402,3,recov,0.06228205391703491,2.7760819538023407,476.6666666666667,2.776081953802341
403,403,4,recov,0.06228205391703491,2.7760819538023407,476.6666666666667,2.776081953802341
404,404,5,recov,0.06228205391703491,2.7760819538023407,476.6666666666667,2.776081953802341
405,405,3,recov,0.06228205391703491,2.7760819538023407,476.6666666666667,2.776081953802341
406,406,4,recov,0.06228205391703491,2.7760819538023407,476.6666666666667,2.776081953802341
407,407,5,recov,0.06228205391703491,2.7760819538023407,476.6666666666667,2.776081953802341
408,408,3,recov,0.06228205391703491,2.7760819538023407,476.6666666666667,2.776081953802341
409,409,4,recov,0.06228205391703491,2.7760819538023407,476.6666666666667,2.776081953802341
410,410,5,recov,0.06228205391703491,2.7760819538023407,476.6666666666667,2.776081953802341
411,411,3,recov,0.06228205391703491,2.7760819538023407,476.6666666666667,2.776081953802341
412,412,4,recov,0.06228205391703491,2.7760819538023407,476.6666666666667,2.776081953802341
413,413,5,recov,0.06228205391703491,2.7760819538023407,476.6666666666667,2.776081953802341
414,414,3,recov,0.06228205391703491,2.7760819538023407,476.6666666666667,2.776081953802341
415,415,4,recov,0.06228205391703491,2.7760819538023407,476.6666666666667,2.776081953802341
416,416,5,recov,0.06228205391703491,2.7760819538023407,476.6666666666667,2.776081953802341
417,417,3,recov,0.06228205391703491,2.7760819538023407,476.6666666666667,2.776081953802341
418,418,4,recov,0.06228205391703491,2.7760819538023407,476.6666666666667,2.776081953802341
419,419,5,recov,0.06228205391703491,2.7760819538023407,476.6666666666667,2.776081953802341
420,420,3,recov,0.06228205391703491,2.7760819538023407,476.6666666666667,2.776081953802341
421,421,4,recov,0.06228205391703491,2.7760819538023407,476.6666666666667,2.776081953802341
422,422,5,recov,0.06228205391703491,2.7760819538023407,476.6666666666667,2.776081953802341
423,423,3,recov,0.06228205391703491,2.7760819538023407,476.6666666666667,2.776081953802341
424,424,4,recov,0.06228205391703491,2.7760819538023407,476.6666666666667,2.776081953802341
425,425,5,recov,0.06228205391703491,2.7760819538023407,476.6666666666667,2.776081953802341
426,426,3,recov,0.06228205391703491,2.7760819538023407,476.6666666666667,2.776081953802341
427,427,4,recov,0.06228205391703491,2.7760819538023407,476.6666666666667,2.776081953802341
428,428,5,recov,0.06228205391703491,2.7760819538023407,476.6666666666667,2.776081953802341
429,429,3,recov,0.06228205391703491,2.7760819538023407,476.6666666666667,2.776081953802341
430,430,4,recov,0.06228205391703491,2.7760819538023407,476.6666666666667,2.776081953802341
431,431,5,recov,0.06228205391703491,2.7760819538023407,476.6666666666667,2.776081953802341
432,432,3,recov,0.06228205391703491,2.7760819538023407,476.6666666666667,2.776081953802341
433,433,4,recov,0.06228205391703491,2.7760819538023407,476.6666666666667,2.776081953802341
434,434,5,recov,0.06228205391703491,2.7760819538023407,476.6666666666667,2.776081953802341
435,435,3,recov,0.06228205391703491,2.7760819538023407,476.6666666666667,2.776081953802341
436,436,4,recov,0.06228205391703491,2.7760819538023407,476.6666666666667,2.776081953802341
437,437,5,recov,0.06228205391703491,2.7760819538023407,476.6666666666667,2.776081953802341
438,438,3,recov,0.06228205391703491,2.7760819538023407,476.6666666666667,2.776081953802341
439,439,4,recov,0.06228205391703491,2.7760819538023407,476.6666666666667,2.776081953802341
440,440,5,recov,0.06228205391703491,2.7760819538023407,476.6666666666667,2.776081953802341
441,441,3,recov,0.06228205391703491,2.7760819538023407,476.6666666666667,2.776081953802341
442,442,4,recov,0.06228205391703491,2.7760819538023407,476.6666666666667,2.776081953802341
443,443,5,recov,0.06228205391703491,2.7760819538023407,476.6666666666667,2.776081953802341
444,444,3,recov,0.06228205391703491,2.7760819538023407,476.6666666666667,2.776081953802341
445,445,4,recov,0.06228205391703491,2.7760819538023407,476.6666666666667,2.776081953802341
446,446,5,recov,0.06228205391703491,2.7760819538023407,476.6666666666667,2.776081953802341
447,447,3,recov,0.06228205391703491,2.7760819538023407,476.6666666666667,2.776081953802341
448,448,4,recov,0.06228205391703491,2.7760819538023407,476.6666666666667,2.776081953802341
449,449,5,recov,0.06228205391703491,2.7760819538023407,476.6666666666667,2.776081953802341
450,450,3,recov,0.06228205391703491,2.7760819538023407,476.6666666666667,2.776081953802341
451,451,4,recov,0.06228205391703491,2.7760819538023407,476.6666666666667,2.776081953802341
452,452,5,recov,0.06228205391703491,2.7760819538023407,476.6666666666667,2.776081953802341
453,453,3,recov,0.06228205391703491,2.7760819538023407,476.6666666666667,2.776081953802341
454,454,4,recov,0.06228205391703491,2.7760819538023407,476.6666666666667,2.776081953802341
455,455,5,recov,0.06228205391703491,2.7760819538023407,476.6666666666667,2.776081953802341
456,456,3,recov,0.06228205391703491,2.7760819538023407,476.6666666666667,2.776081953802341
457,457,4,recov,0.06228205391703491,2.7760819538023407,476.6666666666667,2.776081953802341
458,458,5,recov,0.06228205391703491,2.7760819538023407,476.6666666666667,2.776081953802341
459,459,3,recov,0.06228205391703491,2.7760819538023407,476.6666666666667,2.776081953802341
460,460,4,recov,0.06228205391703491,2.7760819538023407,476.6666666666667,2.776081953802341
461,461,5,recov,0.06228205391703491,2.7760819538023407,476.6666666666667,2.776081953802341
462,462,3,recov,0.06228205391703491,2.7760819538023407,476.6666666666667,2.776081953802341
463,463,4,recov,0.06228205391703491,2.7760819538023407,476.6666666666667,2.776081953802341
464,464,5,recov,0.06228205391703491,2.7760819538023407,476.6666666666667,2.776081953802341
465,465,3,recov,0.06228205391703491,2.7760819538023407,476.6666666666667,2.776081953802341
466,466,4,recov,0.06228205391703491,2.7760819538023407,476.6666666666667,2.776081953802341
467,467,5,recov,0.06228205391703491,2.7760819538023407,476.6666666666667,2.776081953802341
468,468,3,recov,0.06228205391703491,2.7760819538023407,476.6666666666667,2.776081953802341
469,469,4,recov,0.06228205391703491,2.7760819538023407,476.6666666666667,2.776081953802341
470,470,5,recov,0.06228205391703491,2.7760819538023407,476.6666666666667,2.776081953802341
471,471,3,recov,0.06228205391703491,2.7760819538023407,476.6666666666667,2.776081953802341
472,472,4,recov,0.06228205391703491,2.7760819538023407,476.6666666666667,2.776081953802341
473,473,5,recov,0.06228205391703491,2.7760819538023407,476.6666666666667,2.776081953802341
474,474,3,recov,0.06228205391703491,2.7760819538023407,476.6666666666667,2.776081953802341
475,475,4,recov,0.06228205391703491,2.7760819538023407,476.6666666666667,2.776081953802341
476,476,5,recov,0.06228205391703491,2.7760819538023407,476.6666666666667,2.776081953802341
477,477,3,recov,0.06228205391703491,2.7760819538023407,476.6666666666667,2.776081953802341
478,478,4,recov,0.06228205391703491,2.7760819538023407,476.6666666666667,2.776081953802341
479,479,5,recov,0.06228205391703491,2.7760819538023407,476.6666666666667,2.776081953802341
480,480,3,recov,0.06228205391703491,2.7760819538023407,476.6666666666667,2.776081953802341
481,481,4,recov,0.06228205391703491,2.7760819538023407,476.6666666666667,2.776081953802341
482,482,5,recov,0.06228205391703491,2.7760819538023407,476.6666666666667,2.776081953802341
483,483,3,recov,0.06228205391703491,2.7760819538023407,476.6666666666667,2.776081953802341
484,484,4,recov,0.06228205391703491,2.7760819538023407,476.6666666666667,2.776081953802341
485,485,5,recov,0.06228205391703491,2.7760819538023407,476.6666666666667,2.776081953802341
486,486,3,recov,0.06228205391703491,2.7760819538023407,476.6666666666667,2.776081953802341
487,487,4,recov,0.06228205391703491,2.7760819538023407,476.6666666666667,2.776081953802341
488,488,5,recov,0.06228205391703491,2.7760819538023407,476.6666666666667,2.776081953802341
489,489,3,recov,0.06228205391703491,2.7760819538023407,476.6666666666667,2.776081953802341
490,490,4,recov,0.06228205391703491,2.7760819538023407,476.6666666666667,2.776081953802341
491,491,5,recov,0.06228205391703491,2.7760819538023407,476.6666666666667,2.776081953802341
492,492,3,recov,0.06228205391703491,2.7760819538023407,476.6666666666667,2.776081953802341
493,493,4,recov,0.06228205391703491,2.7760819538023407,476.6666666666667,2.776081953802341
494,494,5,recov,0.06228205391703491,2.7760819538023407,476.6666666666667,2.776081953802341
495,495,3,recov,0.06228205391703491,2.7760819538023407,476.6666666666667,2.776081953802341
496,496,4,recov,0.06228205391703491,2.7760819538023407,476.6666666666667,2.776081953802341
497,497,5,recov,0.06228205391703491,2.7760819538023407,476.6666666666667,2.776081953802341
498,498,3,recov,0.06228205391703491,2.7760819538023407,476.6666666666667,2.776081953802341
499,499,4,recov,0.06228205391703491,2.7760819538023407,476.6666666666667,2.776081953802341
500,500,5,recov,0.06228205391703491,2.7760819538023407,476.6666666666667,2.776081953802341
501,501,3,recov,0.06228205391703491,2.7760819538023407,476.6666666666667,2.776081953802341
502,502,4,recov,0.06228205391703491,2.7760819538023407,476.6666666666667,2.776081953802341
503,503,5,recov,0.06228205391703491,2.7760819538023407,476.6666666666667,2.776081953802341
504,504,3,recov,0.06228205391703491,2.7760819538023407,476.6666666666667,2.776081953802341
505,505,4,recov,0.06228205391703491,2.7760819538023407,476.6666666666667,2.776081953802341
506,506,5,recov,0.06228205391703491,2.7760819538023407,476.6666666666667,2.776081953802341
507,507,3,recov,0.06228205391703491,2.7760819538023407,476.6666666666667,2.776081953802341
508,508,4,recov,0.06228205391703491,2.7760819538023407,476.6666666666667,2.776081953802341
509,509,5,recov,0.06228205391703491,2.7760819538023407,476.6666666666667,2.776081953802341
510,510,3,recov,0.06228205391703491,2.7760819538023407,476.6666666666667,2.776081953802341
511,511,4,recov,0.06228205391703491,2.7760819538023407,476.6666666666667,2.776081953802341
512,512,5,recov,0.06228205391703491,2.7760819538023407,476.6666666666667,2.776081953802341
513,513,3,recov,0.06228205391703491,2.7760819538023407,476.6666666666667,2.776081953802341
514,514,4,recov,0.06228205391703491,2.7760819538023407,476.6666666666667,2.776081953802341
515,515,5,recov,0.06228205391703491,2.7760819538023407,476.6666666666667,2.776081953802341
516,516,3,recov,0.06228205391703491,2.7760819538023407,476.6666666666667,2.776081953802341
517,517,4,recov,0.06228205391703491,2.7760819538023407,476.6666666666667,2.776081953802341
518,518,5,recov,0.06228205391703491,2.7760819538023407,476.6666666666667,2.776081953802341
519,519,3,recov,0.06228205391703491,2.7760819538023407,476.6666666666667,2.776081953802341
520,520,4,recov,0.06228205391703491,2.7760819538023407,476.6666666666667,2.776081953802341
521,521,5,recov,0.06228205391703491,2.7760819538023407,476.6666666666667,2.776081953802341
522,522,3,recov,0.06228205391703491,2.7760819538023407,476.6666666666667,2.776081953802341
523,523,4,recov,0.06228205391703491,2.7760819538023407,476.6666666666667,2.776081953802341
524,524,5,recov,0.06228205391703491,2.7760819538023407,476.6666666666667,2.776081953802341
525,525,3,recov,0.06228205391703491,2.7760819538023407,476.6666666666667,2.776081953802341
526,526,4,recov,0.06228205391703491,2.7760819538023407,476.6666666666667,2.776081953802341
527,527,5,recov,0.06228205391703491,2.7760819538023407,476.6666666666667,2.776081953802341
528,528,3,recov,0.06228205391703491,2.7760819538023407,476.6666666666667,2.776081953802341
529,529,4,recov,0.06228205391703491,2.7760819538023407,476.6666666666667,2.776081953802341
530,530,5,recov,0.06228205391703491,2.7760819538023407,476.6666666666667,2.776081953802341
531,531,3,recov,0.06228205391703491,2.7760819538023407,476.6666666666667,2.776081953802341
532,532,4,recov,0.06228205391703491,2.7760819538023407,476.6666666666667,2.776081953802341
533,533,5,recov,0.06228205391703491,2.7760819538023407,476.6666666666667,2.776081953802341
534,534,3,recov,0.06228205391703491,2.7760819538023407,476.6666666666667,2.776081953802341
535,535,4,recov,0.06228205391703491,2.7760819538023407,476.6666666666667,2.776081953802341
536,536,5,recov,0.06228205391703491,2.7760819538023407,476.6666666666667,2.776081953802341
537,537,3,recov,0.06228205391703491,2.7760819538023407,476.6666666666667,2.776081953802341
538,538,4,recov,0.06228205391703491,2.7760819538023407,476.6666666666667,2.776081953802341
539,539,5,recov,0.06228205391703491,2.7760819538023407,476.6666666666667,2.776081953802341
540,540,3,recov,0.06228205391703491,2.7760819538023407,476.6666666666667,2.776081953802341
541,541,4,recov,0.06228205391703491,2.7760819538023407,476.6666666666667,2.776081953802341
542,542,5,recov,0.06228205391703491,2.7760819538023407,476.6666666666667,2.776081953802341
543,543,0,fam_r,0.061596958174904945,2.787142789939426,476.6666666666667,2.776081953802341
544,544,1,fam_r,0.061596958174904945,2.787142789939426,476.6666666666667,2.776081953802341
545,545,2,fam_r,0.061596958174904945,2.787142789939426,476.6666666666667,2.776081953802341
546,546,0,fam_r,0.06228136882129278,2.776092953752841,476.6666666666667,2.776081953802341
547,547,1,fam_r,0.06228136882129278,2.776092953752841,476.6666666666667,2.776081953802341
548,548,2,fam_r,0.06228136882129278,2.776092953752841,476.6666666666667,2.776081953802341
549,549,0,fam_r,0.062282053231939166,2.776081964802231,476.6666666666667,2.776081953802341
550,550,1,fam_r,0.062282053231939166,2.776081964802231,476.6666666666667,2.776081953802341
551,551,2,fam_r,0.062282053231939166,2.776081964802231,476.6666666666667,2.776081953802341
552,552,0,fam_r,0.06228205391634981,2.7760819538133408,476.6666666666667,2.776081953802341
553,553,1,fam_r,0.06228205391634981,2.7760819538133408,476.6666666666667,2.776081953802341
554,554,2,fam_r,0.06228205391634981,2.7760819538133408,476.6666666666667,2.776081953802341
555,555,0,fam_r,0.06228205391703422,2.776081953802352,476.6666666666667,2.776081953802341
556,556,1,fam_r,0.06228205391703422,2.776081953802352,476.6666666666667,2.776081953802341
557,557,2,fam_r,0.06228205391703422,2.776081953802352,476.6666666666667,2.776081953802341
