,model,subID,LL,bic,best
0,nac,-1,-6713.780246578961,13499.430018608584,False
1,nor,-1,-6688.010866955392,13411.956496636114,True
