,time_step,stimulus,type,familiarity,novelty,dN,steady
0,0,0,fam,0.07692307692307693,2.5649493574615367,0.0,2.377761942813288
1,1,1,fam,0.07633587786259542,2.5726122302071057,0.0,2.377761942813288
2,2,2,fam,0.0758150113722517,2.579458966729223,0.0,2.377761942813288
3,3,0,fam,0.08145580589254765,2.507694664798041,0.0,2.377761942813288
4,4,1,fam,0.0810107989418386,2.5131728129264435,0.0,2.377761942813288
5,5,2,fam,0.0806144296100305,2.5180776180733173,0.0,2.377761942813288
6,6,0,fam,0.08464520963229993,2.4692867622901673,0.0,2.377761942813288
7,7,1,fam,0.08431253012795407,2.473224787677484,0.0,2.377761942813288
8,8,2,fam,0.0840153465593269,2.4767557996910687,0.0,2.377761942813288
9,9,0,fam,0.08691194200511142,2.442859833769051,0.0,2.377761942813288
10,10,1,fam,0.08666528847106482,2.445701839018106,0.0,2.377761942813288
11,11,2,fam,0.08644449423314295,2.4482527561783227,0.0,2.377761942813288
12,12,0,fam,0.08853439345099945,2.424364175899032,0.0,2.377761942813288
13,13,1,fam,0.08835248549876605,2.4264209481982633,0.0,2.377761942813288
14,14,2,fam,0.08818940628950807,2.428268433279467,0.0,2.377761942813288
15,15,0,fam,0.08970159543563573,2.4112667237251078,0.0,2.377761942813288
16,16,1,fam,0.08956790620797266,2.4127582128096474,0.0,2.377761942813288
17,17,2,fam,0.08944792615972876,2.4140986536480007,0.0,2.377761942813288
18,18,0,fam,0.09054435548415889,2.401915432496739,0.0,2.377761942813288
19,19,1,fam,0.09044633669224446,2.4029985688759483,0.0,2.377761942813288
20,20,2,fam,0.09035830105142481,2.4039723895574916,0.0,2.377761942813288
21,21,0,fam,0.09115446065445164,2.3951998415403115,0.0,2.377761942813288
22,22,1,fam,0.09108271291138516,2.395987252202688,0.0,2.377761942813288
23,23,2,fam,0.091018236442585,2.3966953920748115,0.0,2.377761942813288
24,24,0,fam,0.09159698026102438,2.3903569744281654,0.0,2.377761942813288
25,25,1,fam,0.09154452294449596,2.3909298354896382,0.0,2.377761942813288
26,26,2,fam,0.09149736270522889,2.391445130009722,0.0,2.377761942813288
27,27,0,fam,0.0919183907485238,2.3868541526823135,0.0,2.377761942813288
28,28,1,fam,0.09188006870567961,2.3872711533852935,0.0,2.377761942813288
29,29,2,fam,0.09184560617752079,2.387646305400219,0.0,2.377761942813288
30,30,0,fam,0.0921520715700088,2.384315114706519,0.0,2.377761942813288
31,31,1,fam,0.092124092228999,2.384618782209119,0.0,2.377761942813288
32,32,2,fam,0.09209892534478836,2.3848920041408697,0.0,2.377761942813288
33,33,0,fam,0.09232209261643973,2.3824718094900748,0.0,2.377761942813288
34,34,1,fam,0.0923016731656539,2.382693010165758,0.0,2.377761942813288
35,35,2,fam,0.09228330338127717,2.382892048947581,0.0,2.377761942813288
36,36,0,fam,0.09244586182611363,2.3811320833610528,0.0,2.377761942813288
37,37,1,fam,0.09243096412680364,2.381293246873737,0.0,2.377761942813288
38,38,2,fam,0.09241756030214962,2.3814382718309974,0.0,2.377761942813288
39,39,0,fam,0.09253599614940203,2.3801575626009286,0.0,2.377761942813288
40,40,1,fam,0.09252512940886924,2.380275002074103,0.0,2.377761942813288
41,41,2,fam,0.09251535152430612,2.380380685809066,0.0,2.377761942813288
42,42,0,fam,0.09260165448544444,2.3794482704761775,0.0,2.377761942813288
43,43,1,fam,0.09259372928061607,2.379533857974873,0.0,2.377761942813288
44,44,2,fam,0.09258659775602193,2.3796108804611356,0.0,2.377761942813288
45,45,0,fam,0.09264949308657242,2.3789317975385647,0.0,2.377761942813288
46,46,1,fam,0.09264371383392797,2.3789941770800747,0.0,2.377761942813288
47,47,2,fam,0.09263851312296136,2.379050315340645,0.0,2.377761942813288
48,48,0,fam,0.09268435344621863,2.3785556076443872,0.0,2.377761942813288
49,49,1,fam,0.09268013942694288,2.378601075028255,0.0,2.377761942813288
50,50,2,fam,0.09267634713721058,2.3786419939062844,0.0,2.377761942813288
51,51,0,fam,0.09270975922244294,2.3782815344711064,0.0,2.377761942813288
52,52,1,fam,0.0927066867010366,2.378314676314499,0.0,2.377761942813288
53,53,2,fam,0.09270392160589044,2.378344503034465,0.0,2.377761942813288
54,54,0,fam,0.09272827608835951,2.3780818249999927,0.0,2.377761942813288
55,55,1,fam,0.09272603595396045,2.378105983342546,0.0,2.377761942813288
56,56,2,fam,0.09272401992553982,2.378127725351856,0.0,2.377761942813288
57,57,0,fam,0.09274177278768782,2.3779362845266503,0.0,2.377761942813288
58,58,1,fam,0.0927401395882481,2.377953894863085,0.0,2.377761942813288
59,59,2,fam,0.09273866975793278,2.377969743900725,0.0,2.377761942813288
60,60,0,fam,0.09275161076786383,2.3778302108759717,0.0,2.377761942813288
61,61,1,fam,0.0927504200903151,2.377843048229215,0.0,2.377761942813288
62,62,2,fam,0.09274934850665838,2.377854601706234,0.0,2.377761942813288
63,63,0,fam,0.09275878206366878,2.3777528966543904,0.0,2.377761942813288
64,64,1,fam,0.09275791401980266,2.3777622547756208,0.0,2.377761942813288
65,65,2,fam,0.09275713279421374,2.377770677009853,0.0,2.377761942813288
66,66,0,fam_r,0.09276400962386781,2.3776965417434615,0.0,2.377761942813288
67,67,1,fam_r,0.09276337679867064,2.3777033636494815,0.0,2.377761942813288
68,68,2,fam_r,0.09276280726337528,2.37770950332511,0.0,2.377761942813288
69,69,0,fam_r,0.09276782034815828,2.3776554628160174,0.0,2.377761942813288
70,70,1,fam_r,0.09276735900731425,2.377660435898164,0.0,2.377761942813288
71,71,2,fam_r,0.09276694380447785,2.3776649116509505,0.0,2.377761942813288
72,72,0,fam_r,0.09277059827737018,2.377625518298513,0.0,2.377761942813288
73,73,1,fam_r,0.09277026195390325,2.3776291436289823,0.0,2.377761942813288
74,74,2,fam_r,0.09276995926486799,2.377632406415167,0.0,2.377761942813288
75,75,0,fam_r,0.09277262334057787,2.3776036898189803,0.0,2.377761942813288
76,76,1,fam_r,0.09277237815758645,2.3776063326602257,0.0,2.377761942813288
77,77,2,fam_r,0.09277215749400224,2.3776087112113746,0.0,2.377761942813288
78,78,0,fam_r,0.0927740995865795,2.377587777427984,0.0,2.377761942813288
79,79,1,fam_r,0.09277392084648672,2.377589704046143,0.0,2.377761942813288
80,80,2,fam_r,0.09277375998099209,2.3775914379993126,0.0,2.377761942813288
0,0,0,fam,0.07692307692307693,2.5649493574615367,73.33333333333334,2.377705149624452
1,1,1,fam,0.07633587786259542,2.5726122302071057,73.33333333333334,2.377705149624452
2,2,2,fam,0.0758150113722517,2.579458966729223,73.33333333333334,2.377705149624452
3,3,0,fam,0.08145580589254765,2.507694664798041,73.33333333333334,2.377705149624452
4,4,1,fam,0.0810107989418386,2.5131728129264435,73.33333333333334,2.377705149624452
5,5,2,fam,0.0806144296100305,2.5180776180733173,73.33333333333334,2.377705149624452
6,6,0,fam,0.08464520963229993,2.4692867622901673,73.33333333333334,2.377705149624452
7,7,1,fam,0.08431253012795407,2.473224787677484,73.33333333333334,2.377705149624452
8,8,2,fam,0.0840153465593269,2.4767557996910687,73.33333333333334,2.377705149624452
9,9,0,fam,0.08691194200511142,2.442859833769051,73.33333333333334,2.377705149624452
10,10,1,fam,0.08666528847106482,2.445701839018106,73.33333333333334,2.377705149624452
11,11,2,fam,0.08644449423314295,2.4482527561783227,73.33333333333334,2.377705149624452
12,12,0,fam,0.08853439345099945,2.424364175899032,73.33333333333334,2.377705149624452
13,13,1,fam,0.08835248549876605,2.4264209481982633,73.33333333333334,2.377705149624452
14,14,2,fam,0.08818940628950807,2.428268433279467,73.33333333333334,2.377705149624452
15,15,0,fam,0.08970159543563573,2.4112667237251078,73.33333333333334,2.377705149624452
16,16,1,fam,0.08956790620797266,2.4127582128096474,73.33333333333334,2.377705149624452
17,17,2,fam,0.08944792615972876,2.4140986536480007,73.33333333333334,2.377705149624452
18,18,0,fam,0.09054435548415889,2.401915432496739,73.33333333333334,2.377705149624452
19,19,1,fam,0.09044633669224446,2.4029985688759483,73.33333333333334,2.377705149624452
20,20,2,fam,0.09035830105142481,2.4039723895574916,73.33333333333334,2.377705149624452
21,21,0,fam,0.09115446065445164,2.3951998415403115,73.33333333333334,2.377705149624452
22,22,1,fam,0.09108271291138516,2.395987252202688,73.33333333333334,2.377705149624452
23,23,2,fam,0.091018236442585,2.3966953920748115,73.33333333333334,2.377705149624452
24,24,0,fam,0.09159698026102438,2.3903569744281654,73.33333333333334,2.377705149624452
25,25,1,fam,0.09154452294449596,2.3909298354896382,73.33333333333334,2.377705149624452
26,26,2,fam,0.09149736270522889,2.391445130009722,73.33333333333334,2.377705149624452
27,27,0,fam,0.0919183907485238,2.3868541526823135,73.33333333333334,2.377705149624452
28,28,1,fam,0.09188006870567961,2.3872711533852935,73.33333333333334,2.377705149624452
29,29,2,fam,0.09184560617752079,2.387646305400219,73.33333333333334,2.377705149624452
30,30,0,fam,0.0921520715700088,2.384315114706519,73.33333333333334,2.377705149624452
31,31,1,fam,0.092124092228999,2.384618782209119,73.33333333333334,2.377705149624452
32,32,2,fam,0.09209892534478836,2.3848920041408697,73.33333333333334,2.377705149624452
33,33,0,fam,0.09232209261643973,2.3824718094900748,73.33333333333334,2.377705149624452
34,34,1,fam,0.0923016731656539,2.382693010165758,73.33333333333334,2.377705149624452
35,35,2,fam,0.09228330338127717,2.382892048947581,73.33333333333334,2.377705149624452
36,36,0,fam,0.09244586182611363,2.3811320833610528,73.33333333333334,2.377705149624452
37,37,1,fam,0.09243096412680364,2.381293246873737,73.33333333333334,2.377705149624452
38,38,2,fam,0.09241756030214962,2.3814382718309974,73.33333333333334,2.377705149624452
39,39,0,fam,0.09253599614940203,2.3801575626009286,73.33333333333334,2.377705149624452
40,40,1,fam,0.09252512940886924,2.380275002074103,73.33333333333334,2.377705149624452
41,41,2,fam,0.09251535152430612,2.380380685809066,73.33333333333334,2.377705149624452
42,42,0,fam,0.09260165448544444,2.3794482704761775,73.33333333333334,2.377705149624452
43,43,1,fam,0.09259372928061607,2.379533857974873,73.33333333333334,2.377705149624452
44,44,2,fam,0.09258659775602193,2.3796108804611356,73.33333333333334,2.377705149624452
45,45,0,fam,0.09264949308657242,2.3789317975385647,73.33333333333334,2.377705149624452
46,46,1,fam,0.09264371383392797,2.3789941770800747,73.33333333333334,2.377705149624452
47,47,2,fam,0.09263851312296136,2.379050315340645,73.33333333333334,2.377705149624452
48,48,0,fam,0.09268435344621863,2.3785556076443872,73.33333333333334,2.377705149624452
49,49,1,fam,0.09268013942694288,2.378601075028255,73.33333333333334,2.377705149624452
50,50,2,fam,0.09267634713721058,2.3786419939062844,73.33333333333334,2.377705149624452
51,51,0,fam,0.09270975922244294,2.3782815344711064,73.33333333333334,2.377705149624452
52,52,1,fam,0.0927066867010366,2.378314676314499,73.33333333333334,2.377705149624452
53,53,2,fam,0.09270392160589044,2.378344503034465,73.33333333333334,2.377705149624452
54,54,0,fam,0.09272827608835951,2.3780818249999927,73.33333333333334,2.377705149624452
55,55,1,fam,0.09272603595396045,2.378105983342546,73.33333333333334,2.377705149624452
56,56,2,fam,0.09272401992553982,2.378127725351856,73.33333333333334,2.377705149624452
57,57,0,fam,0.09274177278768782,2.3779362845266503,73.33333333333334,2.377705149624452
58,58,1,fam,0.0927401395882481,2.377953894863085,73.33333333333334,2.377705149624452
59,59,2,fam,0.09273866975793278,2.377969743900725,73.33333333333334,2.377705149624452
60,60,0,fam,0.09275161076786383,2.3778302108759717,73.33333333333334,2.377705149624452
61,61,1,fam,0.0927504200903151,2.377843048229215,73.33333333333334,2.377705149624452
62,62,2,fam,0.09274934850665838,2.377854601706234,73.33333333333334,2.377705149624452
63,63,0,fam,0.09275878206366878,2.3777528966543904,73.33333333333334,2.377705149624452
64,64,1,fam,0.09275791401980266,2.3777622547756208,73.33333333333334,2.377705149624452
65,65,2,fam,0.09275713279421374,2.377770677009853,73.33333333333334,2.377705149624452
66,66,3,recov,0.07143344423520694,2.638989112649192,73.33333333333334,2.377705149624452
67,67,4,recov,0.07143295692462584,2.6389959345552123,73.33333333333334,2.377705149624452
68,68,5,recov,0.07143251835078751,2.63900207423084,73.33333333333334,2.377705149624452
69,69,3,recov,0.07721812565369142,2.561121061249605,73.33333333333334,2.377705149624452
70,70,4,recov,0.07721774164256417,2.561126034331752,73.33333333333334,2.377705149624452
71,71,5,recov,0.07721739603581528,2.5611305100845385,73.33333333333334,2.377705149624452
72,72,3,recov,0.08143502361561986,2.507949832963165,73.33333333333334,2.377705149624452
73,73,4,recov,0.08143472838728265,2.5079534582936343,73.33333333333334,2.377705149624452
74,74,5,recov,0.08143446268360936,2.507956721079819,73.33333333333334,2.377705149624452
75,75,3,recov,0.08450907059878592,2.4708964060156724,73.33333333333334,2.377705149624452
76,76,4,recov,0.08450884725502365,2.470899048856918,73.33333333333334,2.377705149624452
77,77,5,recov,0.08450864624664699,2.4709014274080667,73.33333333333334,2.377705149624452
78,78,3,recov,0.08675001278298092,2.4447247128009324,73.33333333333334,2.377705149624452
79,79,4,recov,0.08674984564899198,2.4447266394190916,73.33333333333334,2.377705149624452
80,80,5,recov,0.08674969522895258,2.444728373372261,73.33333333333334,2.377705149624452
81,81,3,recov,0.08838363940559198,2.426068401064332,73.33333333333334,2.377705149624452
82,82,4,recov,0.08838351527106339,2.4260698055620034,73.33333333333334,2.377705149624452
83,83,5,recov,0.08838340355028582,2.4260710696082213,73.33333333333334,2.377705149624452
84,84,3,recov,0.08957454246277498,2.4126841236715943,73.33333333333334,2.377705149624452
85,85,4,recov,0.08957445074967826,2.412685147546695,73.33333333333334,2.377705149624452
86,86,5,recov,0.08957436820805181,2.412686069033389,73.33333333333334,2.377705149624452
87,87,3,recov,0.09044270507816578,2.403038721823232,73.33333333333334,2.377705149624452
88,88,4,recov,0.09044263757148634,2.403039468226212,73.33333333333334,2.377705149624452
89,89,5,recov,0.09044257681556099,2.4030401399884185,73.33333333333334,2.377705149624452
90,90,3,recov,0.09107559258853229,2.396065429509366,73.33333333333334,2.377705149624452
91,91,4,recov,0.09107554303188163,2.396065973636093,73.33333333333334,2.377705149624452
92,92,5,recov,0.09107549843094218,2.3960664633498947,73.33333333333334,2.377705149624452
93,93,3,recov,0.09153696597001007,2.391012388614315,73.33333333333334,2.377705149624452
94,94,4,recov,0.09153692966024775,2.3910127852821432,73.33333333333334,2.377705149624452
95,95,5,recov,0.09153689698148629,2.3910131422830543,73.33333333333334,2.377705149624452
96,96,3,recov,0.09187330630758901,2.3873447563663888,73.33333333333334,2.377705149624452
97,97,4,recov,0.09187327974053819,2.3873450455369403,73.33333333333334,2.377705149624452
98,98,5,recov,0.09187325583020557,2.3873453057903657,73.33333333333334,2.377705149624452
99,99,3,recov,0.09211849795796519,2.38467950943869,73.33333333333334,2.377705149624452
100,100,4,recov,0.09211847853891111,2.3846797202438657,73.33333333333334,2.377705149624452
101,101,5,recov,0.09211846106176948,2.3846799099684852,73.33333333333334,2.377705149624452
102,102,3,recov,0.0922972424289023,2.3827410140962053,73.33333333333334,2.377705149624452
103,103,4,recov,0.0922972282449503,2.3827411677730947,73.33333333333334,2.377705149624452
104,104,5,recov,0.09229721547939719,2.382741306082275,73.33333333333334,2.377705149624452
105,105,3,recov,0.09242754701950755,2.381330216849047,73.33333333333334,2.377705149624452
106,106,4,recov,0.09242753666481232,2.381330328879455,73.33333333333334,2.377705149624452
107,107,5,recov,0.0924275273455886,2.3813304297068116,73.33333333333334,2.377705149624452
108,108,3,recov,0.09252253899765817,2.3803029993056652,73.33333333333334,2.377705149624452
109,109,4,recov,0.09252253144132941,2.3803030809758092,73.33333333333334,2.377705149624452
110,110,5,recov,0.09252252464063458,2.380303154478933,73.33333333333334,2.377705149624452
111,111,3,recov,0.09259178811337912,2.3795548225434238,73.33333333333334,2.377705149624452
112,112,4,recov,0.09259178260069363,2.379554882080946,73.33333333333334,2.377705149624452
113,113,5,recov,0.09259177763927724,2.379554935664713,73.33333333333334,2.377705149624452
114,114,3,recov,0.0926422706994214,2.3790097544537248,73.33333333333334,2.377705149624452
115,115,4,recov,0.09264226667848317,2.379009797856572,73.33333333333334,2.377705149624452
116,116,5,recov,0.09264226305963907,2.3790098369191326,73.33333333333334,2.377705149624452
117,117,3,recov,0.09267907249437968,2.3786125870815504,73.33333333333334,2.377705149624452
118,118,4,recov,0.09267906956195159,2.3786126187222223,73.33333333333334,2.377705149624452
119,119,5,recov,0.09267906692276645,2.3786126471988265,73.33333333333334,2.377705149624452
120,120,3,recov,0.0927059009974482,2.378323151505943,73.33333333333334,2.377705149624452
121,121,4,recov,0.09270589885908946,2.3783231745719906,73.33333333333334,2.377705149624452
122,122,5,recov,0.09270589693456668,2.378323195331433,73.33333333333334,2.377705149624452
123,123,3,recov,0.09272545897328557,2.37811220578551,73.33333333333334,2.377705149624452
124,124,4,recov,0.09272545741409328,2.378112222600658,73.33333333333334,2.377705149624452
125,125,5,recov,0.09272545601082025,2.378112237734291,73.33333333333334,2.377705149624452
126,126,3,recov,0.09273971673613009,2.3779584544106975,73.33333333333334,2.377705149624452
127,127,4,recov,0.09273971559930416,2.37795846666894,73.33333333333334,2.377705149624452
128,128,5,recov,0.09273971457616087,2.377958477701358,73.33333333333334,2.377705149624452
129,129,3,recov,0.0927501106444248,2.3778463845635,73.33333333333334,2.377705149624452
130,130,4,recov,0.09275010981558586,2.3778463934997585,73.33333333333334,2.377705149624452
131,131,5,recov,0.0927501090696308,2.3778464015423912,73.33333333333334,2.377705149624452
132,132,3,recov,0.09275768780313644,2.377764693564208,73.33333333333334,2.377705149624452
133,133,4,recov,0.0927576871988635,2.3777647000787403,73.33333333333334,2.377705149624452
134,134,5,recov,0.09275768665501785,2.377764705941819,73.33333333333334,2.377705149624452
135,135,3,recov,0.09276321155160594,2.3777051450336613,73.33333333333334,2.377705149624452
136,136,4,recov,0.09276321111106474,2.3777051497827553,73.33333333333334,2.377705149624452
137,137,5,recov,0.09276321071457766,2.37770515405694,73.33333333333334,2.377705149624452
138,138,0,fam_r,0.0714393990393416,2.6389057545525563,73.33333333333334,2.377705149624452
139,139,1,fam_r,0.07143939879201201,2.638905758014646,73.33333333333334,2.377705149624452
140,140,2,fam_r,0.07143939856941538,2.6389057611305264,73.33333333333334,2.377705149624452
141,141,0,fam_r,0.07722217918848663,2.5610685680251155,73.33333333333334,2.377705149624452
142,142,1,fam_r,0.07722217899358842,2.561068570548979,73.33333333333334,2.377705149624452
143,143,2,fam_r,0.07722217881818003,2.5610685728204556,73.33333333333334,2.377705149624452
144,144,0,fam_r,0.08143782584882742,2.507915422891541,73.33333333333334,2.377705149624452
145,145,1,fam_r,0.08143782569899027,2.5079154247314372,73.33333333333334,2.377705149624452
146,146,2,fam_r,0.08143782556413683,2.5079154263873438,73.33333333333334,2.377705149624452
147,147,0,fam_r,0.08451103222787276,2.470873194231345,73.33333333333334,2.377705149624452
148,148,1,fam_r,0.08451103211451944,2.4708731955726293,73.33333333333334,2.377705149624452
149,149,2,fam_r,0.08451103201250144,2.470873196779785,73.33333333333334,2.377705149624452
150,150,0,fam_r,0.08675139965888261,2.4447087258889852,73.33333333333334,2.377705149624452
151,151,1,fam_r,0.08675139957405742,2.4447087268667813,73.33333333333334,2.377705149624452
152,152,2,fam_r,0.08675139949771475,2.444708727746798,73.33333333333334,2.377705149624452
0,0,0,fam,0.07692307692307693,2.5649493574615367,146.66666666666669,2.3775450341549207
1,1,1,fam,0.07633587786259542,2.5726122302071057,146.66666666666669,2.3775450341549207
2,2,2,fam,0.0758150113722517,2.579458966729223,146.66666666666669,2.3775450341549207
3,3,0,fam,0.08145580589254765,2.507694664798041,146.66666666666669,2.3775450341549207
4,4,1,fam,0.0810107989418386,2.5131728129264435,146.66666666666669,2.3775450341549207
5,5,2,fam,0.0806144296100305,2.5180776180733173,146.66666666666669,2.3775450341549207
6,6,0,fam,0.08464520963229993,2.4692867622901673,146.66666666666669,2.3775450341549207
7,7,1,fam,0.08431253012795407,2.473224787677484,146.66666666666669,2.3775450341549207
8,8,2,fam,0.0840153465593269,2.4767557996910687,146.66666666666669,2.3775450341549207
9,9,0,fam,0.08691194200511142,2.442859833769051,146.66666666666669,2.3775450341549207
10,10,1,fam,0.08666528847106482,2.445701839018106,146.66666666666669,2.3775450341549207
11,11,2,fam,0.08644449423314295,2.4482527561783227,146.66666666666669,2.3775450341549207
12,12,0,fam,0.08853439345099945,2.424364175899032,146.66666666666669,2.3775450341549207
13,13,1,fam,0.08835248549876605,2.4264209481982633,146.66666666666669,2.3775450341549207
14,14,2,fam,0.08818940628950807,2.428268433279467,146.66666666666669,2.3775450341549207
15,15,0,fam,0.08970159543563573,2.4112667237251078,146.66666666666669,2.3775450341549207
16,16,1,fam,0.08956790620797266,2.4127582128096474,146.66666666666669,2.3775450341549207
17,17,2,fam,0.08944792615972876,2.4140986536480007,146.66666666666669,2.3775450341549207
18,18,0,fam,0.09054435548415889,2.401915432496739,146.66666666666669,2.3775450341549207
19,19,1,fam,0.09044633669224446,2.4029985688759483,146.66666666666669,2.3775450341549207
20,20,2,fam,0.09035830105142481,2.4039723895574916,146.66666666666669,2.3775450341549207
21,21,0,fam,0.09115446065445164,2.3951998415403115,146.66666666666669,2.3775450341549207
22,22,1,fam,0.09108271291138516,2.395987252202688,146.66666666666669,2.3775450341549207
23,23,2,fam,0.091018236442585,2.3966953920748115,146.66666666666669,2.3775450341549207
24,24,0,fam,0.09159698026102438,2.3903569744281654,146.66666666666669,2.3775450341549207
25,25,1,fam,0.09154452294449596,2.3909298354896382,146.66666666666669,2.3775450341549207
26,26,2,fam,0.09149736270522889,2.391445130009722,146.66666666666669,2.3775450341549207
27,27,0,fam,0.0919183907485238,2.3868541526823135,146.66666666666669,2.3775450341549207
28,28,1,fam,0.09188006870567961,2.3872711533852935,146.66666666666669,2.3775450341549207
29,29,2,fam,0.09184560617752079,2.387646305400219,146.66666666666669,2.3775450341549207
30,30,0,fam,0.0921520715700088,2.384315114706519,146.66666666666669,2.3775450341549207
31,31,1,fam,0.092124092228999,2.384618782209119,146.66666666666669,2.3775450341549207
32,32,2,fam,0.09209892534478836,2.3848920041408697,146.66666666666669,2.3775450341549207
33,33,0,fam,0.09232209261643973,2.3824718094900748,146.66666666666669,2.3775450341549207
34,34,1,fam,0.0923016731656539,2.382693010165758,146.66666666666669,2.3775450341549207
35,35,2,fam,0.09228330338127717,2.382892048947581,146.66666666666669,2.3775450341549207
36,36,0,fam,0.09244586182611363,2.3811320833610528,146.66666666666669,2.3775450341549207
37,37,1,fam,0.09243096412680364,2.381293246873737,146.66666666666669,2.3775450341549207
38,38,2,fam,0.09241756030214962,2.3814382718309974,146.66666666666669,2.3775450341549207
39,39,0,fam,0.09253599614940203,2.3801575626009286,146.66666666666669,2.3775450341549207
40,40,1,fam,0.09252512940886924,2.380275002074103,146.66666666666669,2.3775450341549207
41,41,2,fam,0.09251535152430612,2.380380685809066,146.66666666666669,2.3775450341549207
42,42,0,fam,0.09260165448544444,2.3794482704761775,146.66666666666669,2.3775450341549207
43,43,1,fam,0.09259372928061607,2.379533857974873,146.66666666666669,2.3775450341549207
44,44,2,fam,0.09258659775602193,2.3796108804611356,146.66666666666669,2.3775450341549207
45,45,0,fam,0.09264949308657242,2.3789317975385647,146.66666666666669,2.3775450341549207
46,46,1,fam,0.09264371383392797,2.3789941770800747,146.66666666666669,2.3775450341549207
47,47,2,fam,0.09263851312296136,2.379050315340645,146.66666666666669,2.3775450341549207
48,48,0,fam,0.09268435344621863,2.3785556076443872,146.66666666666669,2.3775450341549207
49,49,1,fam,0.09268013942694288,2.378601075028255,146.66666666666669,2.3775450341549207
50,50,2,fam,0.09267634713721058,2.3786419939062844,146.66666666666669,2.3775450341549207
51,51,0,fam,0.09270975922244294,2.3782815344711064,146.66666666666669,2.3775450341549207
52,52,1,fam,0.0927066867010366,2.378314676314499,146.66666666666669,2.3775450341549207
53,53,2,fam,0.09270392160589044,2.378344503034465,146.66666666666669,2.3775450341549207
54,54,0,fam,0.09272827608835951,2.3780818249999927,146.66666666666669,2.3775450341549207
55,55,1,fam,0.09272603595396045,2.378105983342546,146.66666666666669,2.3775450341549207
56,56,2,fam,0.09272401992553982,2.378127725351856,146.66666666666669,2.3775450341549207
57,57,0,fam,0.09274177278768782,2.3779362845266503,146.66666666666669,2.3775450341549207
58,58,1,fam,0.0927401395882481,2.377953894863085,146.66666666666669,2.3775450341549207
59,59,2,fam,0.09273866975793278,2.377969743900725,146.66666666666669,2.3775450341549207
60,60,0,fam,0.09275161076786383,2.3778302108759717,146.66666666666669,2.3775450341549207
61,61,1,fam,0.0927504200903151,2.377843048229215,146.66666666666669,2.3775450341549207
62,62,2,fam,0.09274934850665838,2.377854601706234,146.66666666666669,2.3775450341549207
63,63,0,fam,0.09275878206366878,2.3777528966543904,146.66666666666669,2.3775450341549207
64,64,1,fam,0.09275791401980266,2.3777622547756208,146.66666666666669,2.3775450341549207
65,65,2,fam,0.09275713279421374,2.377770677009853,146.66666666666669,2.3775450341549207
66,66,3,recov,0.07143344423520694,2.638989112649192,146.66666666666669,2.3775450341549207
67,67,4,recov,0.07143295692462584,2.6389959345552123,146.66666666666669,2.3775450341549207
68,68,5,recov,0.07143251835078751,2.63900207423084,146.66666666666669,2.3775450341549207
69,69,3,recov,0.07721812565369142,2.561121061249605,146.66666666666669,2.3775450341549207
70,70,4,recov,0.07721774164256417,2.561126034331752,146.66666666666669,2.3775450341549207
71,71,5,recov,0.07721739603581528,2.5611305100845385,146.66666666666669,2.3775450341549207
72,72,3,recov,0.08143502361561986,2.507949832963165,146.66666666666669,2.3775450341549207
73,73,4,recov,0.08143472838728265,2.5079534582936343,146.66666666666669,2.3775450341549207
74,74,5,recov,0.08143446268360936,2.507956721079819,146.66666666666669,2.3775450341549207
75,75,3,recov,0.08450907059878592,2.4708964060156724,146.66666666666669,2.3775450341549207
76,76,4,recov,0.08450884725502365,2.470899048856918,146.66666666666669,2.3775450341549207
77,77,5,recov,0.08450864624664699,2.4709014274080667,146.66666666666669,2.3775450341549207
78,78,3,recov,0.08675001278298092,2.4447247128009324,146.66666666666669,2.3775450341549207
79,79,4,recov,0.08674984564899198,2.4447266394190916,146.66666666666669,2.3775450341549207
80,80,5,recov,0.08674969522895258,2.444728373372261,146.66666666666669,2.3775450341549207
81,81,3,recov,0.08838363940559198,2.426068401064332,146.66666666666669,2.3775450341549207
82,82,4,recov,0.08838351527106339,2.4260698055620034,146.66666666666669,2.3775450341549207
83,83,5,recov,0.08838340355028582,2.4260710696082213,146.66666666666669,2.3775450341549207
84,84,3,recov,0.08957454246277498,2.4126841236715943,146.66666666666669,2.3775450341549207
85,85,4,recov,0.08957445074967826,2.412685147546695,146.66666666666669,2.3775450341549207
86,86,5,recov,0.08957436820805181,2.412686069033389,146.66666666666669,2.3775450341549207
87,87,3,recov,0.09044270507816578,2.403038721823232,146.66666666666669,2.3775450341549207
88,88,4,recov,0.09044263757148634,2.403039468226212,146.66666666666669,2.3775450341549207
89,89,5,recov,0.09044257681556099,2.4030401399884185,146.66666666666669,2.3775450341549207
90,90,3,recov,0.09107559258853229,2.396065429509366,146.66666666666669,2.3775450341549207
91,91,4,recov,0.09107554303188163,2.396065973636093,146.66666666666669,2.3775450341549207
92,92,5,recov,0.09107549843094218,2.3960664633498947,146.66666666666669,2.3775450341549207
93,93,3,recov,0.09153696597001007,2.391012388614315,146.66666666666669,2.3775450341549207
94,94,4,recov,0.09153692966024775,2.3910127852821432,146.66666666666669,2.3775450341549207
95,95,5,recov,0.09153689698148629,2.3910131422830543,146.66666666666669,2.3775450341549207
96,96,3,recov,0.09187330630758901,2.3873447563663888,146.66666666666669,2.3775450341549207
97,97,4,recov,0.09187327974053819,2.3873450455369403,146.66666666666669,2.3775450341549207
98,98,5,recov,0.09187325583020557,2.3873453057903657,146.66666666666669,2.3775450341549207
99,99,3,recov,0.09211849795796519,2.38467950943869,146.66666666666669,2.3775450341549207
100,100,4,recov,0.09211847853891111,2.3846797202438657,146.66666666666669,2.3775450341549207
101,101,5,recov,0.09211846106176948,2.3846799099684852,146.66666666666669,2.3775450341549207
102,102,3,recov,0.0922972424289023,2.3827410140962053,146.66666666666669,2.3775450341549207
103,103,4,recov,0.0922972282449503,2.3827411677730947,146.66666666666669,2.3775450341549207
104,104,5,recov,0.09229721547939719,2.382741306082275,146.66666666666669,2.3775450341549207
105,105,3,recov,0.09242754701950755,2.381330216849047,146.66666666666669,2.3775450341549207
106,106,4,recov,0.09242753666481232,2.381330328879455,146.66666666666669,2.3775450341549207
107,107,5,recov,0.0924275273455886,2.3813304297068116,146.66666666666669,2.3775450341549207
108,108,3,recov,0.09252253899765817,2.3803029993056652,146.66666666666669,2.3775450341549207
109,109,4,recov,0.09252253144132941,2.3803030809758092,146.66666666666669,2.3775450341549207
110,110,5,recov,0.09252252464063458,2.380303154478933,146.66666666666669,2.3775450341549207
111,111,3,recov,0.09259178811337912,2.3795548225434238,146.66666666666669,2.3775450341549207
112,112,4,recov,0.09259178260069363,2.379554882080946,146.66666666666669,2.3775450341549207
113,113,5,recov,0.09259177763927724,2.379554935664713,146.66666666666669,2.3775450341549207
114,114,3,recov,0.0926422706994214,2.3790097544537248,146.66666666666669,2.3775450341549207
115,115,4,recov,0.09264226667848317,2.379009797856572,146.66666666666669,2.3775450341549207
116,116,5,recov,0.09264226305963907,2.3790098369191326,146.66666666666669,2.3775450341549207
117,117,3,recov,0.09267907249437968,2.3786125870815504,146.66666666666669,2.3775450341549207
118,118,4,recov,0.09267906956195159,2.3786126187222223,146.66666666666669,2.3775450341549207
119,119,5,recov,0.09267906692276645,2.3786126471988265,146.66666666666669,2.3775450341549207
120,120,3,recov,0.0927059009974482,2.378323151505943,146.66666666666669,2.3775450341549207
121,121,4,recov,0.09270589885908946,2.3783231745719906,146.66666666666669,2.3775450341549207
122,122,5,recov,0.09270589693456668,2.378323195331433,146.66666666666669,2.3775450341549207
123,123,3,recov,0.09272545897328557,2.37811220578551,146.66666666666669,2.3775450341549207
124,124,4,recov,0.09272545741409328,2.378112222600658,146.66666666666669,2.3775450341549207
125,125,5,recov,0.09272545601082025,2.378112237734291,146.66666666666669,2.3775450341549207
126,126,3,recov,0.09273971673613009,2.3779584544106975,146.66666666666669,2.3775450341549207
127,127,4,recov,0.09273971559930416,2.37795846666894,146.66666666666669,2.3775450341549207
128,128,5,recov,0.09273971457616087,2.377958477701358,146.66666666666669,2.3775450341549207
129,129,3,recov,0.0927501106444248,2.3778463845635,146.66666666666669,2.3775450341549207
130,130,4,recov,0.09275010981558586,2.3778463934997585,146.66666666666669,2.3775450341549207
131,131,5,recov,0.0927501090696308,2.3778464015423912,146.66666666666669,2.3775450341549207
132,132,3,recov,0.09275768780313644,2.377764693564208,146.66666666666669,2.3775450341549207
133,133,4,recov,0.0927576871988635,2.3777647000787403,146.66666666666669,2.3775450341549207
134,134,5,recov,0.09275768665501785,2.377764705941819,146.66666666666669,2.3775450341549207
135,135,3,recov,0.09276321155160594,2.3777051450336613,146.66666666666669,2.3775450341549207
136,136,4,recov,0.09276321111106474,2.3777051497827553,146.66666666666669,2.3775450341549207
137,137,5,recov,0.09276321071457766,2.37770515405694,146.66666666666669,2.3775450341549207
138,138,3,recov,0.0927672383641173,2.377661736390888,146.66666666666669,2.3775450341549207
139,139,4,recov,0.09276723804294881,2.3776617398529774,146.66666666666669,2.3775450341549207
140,140,5,recov,0.09276723775389718,2.377661742968858,146.66666666666669,2.3775450341549207
141,141,3,recov,0.09277017391037272,2.3776300926784995,146.66666666666669,2.3775450341549207
142,142,4,recov,0.09277017367623351,2.3776300952023623,146.66666666666669,2.3775450341549207
143,143,5,recov,0.0927701734655082,2.377630097473839,146.66666666666669,2.3775450341549207
144,144,3,recov,0.09277231392355824,2.377607025043581,146.66666666666669,2.3775450341549207
145,145,4,recov,0.0927723137528668,2.377607026883477,146.66666666666669,2.3775450341549207
146,146,5,recov,0.09277231359924452,2.3776070285393835,146.66666666666669,2.3775450341549207
147,147,3,recov,0.09277387399315203,2.377590209073268,146.66666666666669,2.3775450341549207
148,148,4,recov,0.09277387386871587,2.3775902104145525,146.66666666666669,2.3775450341549207
149,149,5,recov,0.09277387375672334,2.3775902116217082,146.66666666666669,2.3775450341549207
150,150,3,recov,0.0927750112838761,2.377577950409225,146.66666666666669,2.3775450341549207
151,151,4,recov,0.09277501119316102,2.3775779513870217,146.66666666666669,2.3775450341549207
152,152,5,recov,0.09277501111151748,2.377577952267038,146.66666666666669,2.3775450341549207
153,153,3,recov,0.09277584036880872,2.3775690139378995,146.66666666666669,2.3775450341549207
154,154,4,recov,0.09277584030267685,2.377569014650713,146.66666666666669,2.3775450341549207
155,155,5,recov,0.09277584024315817,2.377569015292245,146.66666666666669,2.3775450341549207
156,156,3,recov,0.09277644477172184,2.377562499300662,146.66666666666669,2.3775450341549207
157,157,4,recov,0.0927764447235114,2.377562499820303,146.66666666666669,2.3775450341549207
158,158,5,recov,0.09277644468012199,2.37756250028798,146.66666666666669,2.3775450341549207
159,159,3,recov,0.09277688538144403,2.3775577501568788,146.66666666666669,2.3775450341549207
160,160,4,recov,0.09277688534629845,2.377557750535697,146.66666666666669,2.3775450341549207
161,161,5,recov,0.09277688531466742,2.3775577508766332,146.66666666666669,2.3775450341549207
162,162,3,recov,0.09277720658593072,2.377554288045283,146.66666666666669,2.3775450341549207
163,163,4,recov,0.09277720656030951,2.3775542883214418,146.66666666666669,2.3775450341549207
164,164,5,recov,0.09277720653725041,2.3775542885699843,146.66666666666669,2.3775450341549207
165,165,3,recov,0.09277744074400111,2.3775517641734885,146.66666666666669,2.3775450341549207
166,166,4,recov,0.09277744072532321,2.377551764374808,146.66666666666669,2.3775450341549207
167,167,5,recov,0.09277744070851308,2.3775517645559954,146.66666666666669,2.3775450341549207
168,168,3,recov,0.0927776114452342,2.377549924274967,146.66666666666669,2.3775450341549207
169,169,4,recov,0.09277761143161797,2.377549924421729,146.66666666666669,2.3775450341549207
170,170,5,recov,0.09277761141936336,2.377549924553815,146.66666666666669,2.3775450341549207
171,171,3,recov,0.09277773588643302,2.3775485829910794,146.66666666666669,2.3775450341549207
172,172,4,recov,0.09277773587650678,2.377548583098069,146.66666666666669,2.3775450341549207
173,173,5,recov,0.09277773586757317,2.3775485831943595,146.66666666666669,2.3775450341549207
174,174,3,recov,0.09277782660406687,2.37754760519626,146.66666666666669,2.3775450341549207
175,175,4,recov,0.09277782659683065,2.377547605274255,146.66666666666669,2.3775450341549207
176,176,5,recov,0.09277782659031804,2.377547605344451,146.66666666666669,2.3775450341549207
177,177,3,recov,0.09277789273722195,2.3775468923844394,146.66666666666669,2.3775450341549207
178,178,4,recov,0.09277789273194673,2.377546892441298,146.66666666666669,2.3775450341549207
179,179,5,recov,0.09277789272719901,2.3775468924924708,146.66666666666669,2.3775450341549207
180,180,3,recov,0.09277794094829196,2.3775463727449426,146.66666666666669,2.3775450341549207
181,181,4,recov,0.09277794094444632,2.3775463727863926,146.66666666666669,2.3775450341549207
182,182,5,recov,0.09277794094098524,2.3775463728236974,146.66666666666669,2.3775450341549207
183,183,3,recov,0.092777976094162,2.3775459939279195,146.66666666666669,2.3775450341549207
184,184,4,recov,0.09277797609135853,2.3775459939581367,146.66666666666669,2.3775450341549207
185,185,5,recov,0.09277797608883541,2.377545993985332,146.66666666666669,2.3775450341549207
186,186,3,recov,0.09277800171550125,2.3775457177704005,146.66666666666669,2.3775450341549207
187,187,4,recov,0.09277800171345751,2.3775457177924286,146.66666666666669,2.3775450341549207
188,188,5,recov,0.09277800171161815,2.377545717812254,146.66666666666669,2.3775450341549207
189,189,3,recov,0.09277802039345756,2.377545516451617,146.66666666666669,2.3775450341549207
190,190,4,recov,0.09277802039196767,2.3775455164676758,146.66666666666669,2.3775450341549207
191,191,5,recov,0.09277802039062678,2.377545516482128,146.66666666666669,2.3775450341549207
192,192,3,recov,0.0927780340096877,2.3775453696902495,146.66666666666669,2.3775450341549207
193,193,4,recov,0.09277803400860157,2.377545369701956,146.66666666666669,2.3775450341549207
194,194,5,recov,0.09277803400762408,2.377545369712492,146.66666666666669,2.3775450341549207
195,195,3,recov,0.09277804393591947,2.3775452627012266,146.66666666666669,2.3775450341549207
196,196,4,recov,0.09277804393512769,2.3775452627097606,146.66666666666669,2.3775450341549207
197,197,5,recov,0.09277804393441508,2.377545262717441,146.66666666666669,2.3775450341549207
198,198,3,recov,0.09277805117214244,2.3775451847062357,146.66666666666669,2.3775450341549207
199,199,4,recov,0.09277805117156522,2.377545184712457,146.66666666666669,2.3775450341549207
200,200,5,recov,0.09277805117104573,2.3775451847180564,146.66666666666669,2.3775450341549207
201,201,3,recov,0.09277805644734899,2.377545127847891,146.66666666666669,2.3775450341549207
202,202,4,recov,0.0927780564469282,2.3775451278524264,146.66666666666669,2.3775450341549207
203,203,5,recov,0.09277805644654948,2.3775451278565085,146.66666666666669,2.3775450341549207
204,204,3,recov,0.09277806029297456,2.3775450863981598,146.66666666666669,2.3775450341549207
205,205,4,recov,0.09277806029266779,2.3775450864014664,146.66666666666669,2.3775450341549207
206,206,5,recov,0.09277806029239173,2.377545086404442,146.66666666666669,2.3775450341549207
207,207,3,recov,0.0927780630964356,2.377545056181307,146.66666666666669,2.3775450341549207
208,208,4,recov,0.09277806309621196,2.3775450561837173,146.66666666666669,2.3775450341549207
209,209,5,recov,0.09277806309601072,2.3775450561858866,146.66666666666669,2.3775450341549207
210,210,3,recov,0.0927780651401587,2.377545034153222,146.66666666666669,2.3775450341549207
211,211,4,recov,0.09277806513999567,2.377545034154979,146.66666666666669,2.3775450341549207
212,212,5,recov,0.09277806513984894,2.3775450341565607,146.66666666666669,2.3775450341549207
213,213,0,fam_r,0.07142857543466259,2.6390572735299838,146.66666666666669,2.3775450341549207
214,214,1,fam_r,0.07142857543457111,2.6390572735312645,146.66666666666669,2.3775450341549207
215,215,2,fam_r,0.07142857543448876,2.6390572735324174,146.66666666666669,2.3775450341549207
216,216,0,fam_r,0.07721428863478019,2.561170753134948,146.66666666666669,2.3775450341549207
217,217,1,fam_r,0.07721428863470808,2.561170753135882,146.66666666666669,2.3775450341549207
218,218,2,fam_r,0.0772142886346432,2.561170753136722,146.66666666666669,2.3775450341549207
219,219,0,fam_r,0.08143207355764062,2.5079860595310937,146.66666666666669,2.3775450341549207
220,220,1,fam_r,0.08143207355758518,2.5079860595317744,146.66666666666669,2.3775450341549207
221,221,2,fam_r,0.08143207355753529,2.5079860595323873,146.66666666666669,2.3775450341549207
222,222,0,fam_r,0.08450683876639242,2.4709228157471825,146.66666666666669,2.3775450341549207
223,223,1,fam_r,0.08450683876635048,2.4709228157476786,146.66666666666669,2.3775450341549207
224,224,2,fam_r,0.08450683876631274,2.4709228157481253,146.66666666666669,2.3775450341549207
225,225,0,fam_r,0.08674834260356531,2.4447439657720853,146.66666666666669,2.3775450341549207
226,226,1,fam_r,0.08674834260353394,2.444743965772447,146.66666666666669,2.3775450341549207
227,227,2,fam_r,0.08674834260350568,2.4447439657727728,146.66666666666669,2.3775450341549207
0,0,0,fam,0.07692307692307693,2.5649493574615367,220.0,2.3775449749269377
1,1,1,fam,0.07633587786259542,2.5726122302071057,220.0,2.3775449749269377
2,2,2,fam,0.0758150113722517,2.579458966729223,220.0,2.3775449749269377
3,3,0,fam,0.08145580589254765,2.507694664798041,220.0,2.3775449749269377
4,4,1,fam,0.0810107989418386,2.5131728129264435,220.0,2.3775449749269377
5,5,2,fam,0.0806144296100305,2.5180776180733173,220.0,2.3775449749269377
6,6,0,fam,0.08464520963229993,2.4692867622901673,220.0,2.3775449749269377
7,7,1,fam,0.08431253012795407,2.473224787677484,220.0,2.3775449749269377
8,8,2,fam,0.0840153465593269,2.4767557996910687,220.0,2.3775449749269377
9,9,0,fam,0.08691194200511142,2.442859833769051,220.0,2.3775449749269377
10,10,1,fam,0.08666528847106482,2.445701839018106,220.0,2.3775449749269377
11,11,2,fam,0.08644449423314295,2.4482527561783227,220.0,2.3775449749269377
12,12,0,fam,0.08853439345099945,2.424364175899032,220.0,2.3775449749269377
13,13,1,fam,0.08835248549876605,2.4264209481982633,220.0,2.3775449749269377
14,14,2,fam,0.08818940628950807,2.428268433279467,220.0,2.3775449749269377
15,15,0,fam,0.08970159543563573,2.4112667237251078,220.0,2.3775449749269377
16,16,1,fam,0.08956790620797266,2.4127582128096474,220.0,2.3775449749269377
17,17,2,fam,0.08944792615972876,2.4140986536480007,220.0,2.3775449749269377
18,18,0,fam,0.09054435548415889,2.401915432496739,220.0,2.3775449749269377
19,19,1,fam,0.09044633669224446,2.4029985688759483,220.0,2.3775449749269377
20,20,2,fam,0.09035830105142481,2.4039723895574916,220.0,2.3775449749269377
21,21,0,fam,0.09115446065445164,2.3951998415403115,220.0,2.3775449749269377
22,22,1,fam,0.09108271291138516,2.395987252202688,220.0,2.3775449749269377
23,23,2,fam,0.091018236442585,2.3966953920748115,220.0,2.3775449749269377
24,24,0,fam,0.09159698026102438,2.3903569744281654,220.0,2.3775449749269377
25,25,1,fam,0.09154452294449596,2.3909298354896382,220.0,2.3775449749269377
26,26,2,fam,0.09149736270522889,2.391445130009722,220.0,2.3775449749269377
27,27,0,fam,0.0919183907485238,2.3868541526823135,220.0,2.3775449749269377
28,28,1,fam,0.09188006870567961,2.3872711533852935,220.0,2.3775449749269377
29,29,2,fam,0.09184560617752079,2.387646305400219,220.0,2.3775449749269377
30,30,0,fam,0.0921520715700088,2.384315114706519,220.0,2.3775449749269377
31,31,1,fam,0.092124092228999,2.384618782209119,220.0,2.3775449749269377
32,32,2,fam,0.09209892534478836,2.3848920041408697,220.0,2.3775449749269377
33,33,0,fam,0.09232209261643973,2.3824718094900748,220.0,2.3775449749269377
34,34,1,fam,0.0923016731656539,2.382693010165758,220.0,2.3775449749269377
35,35,2,fam,0.09228330338127717,2.382892048947581,220.0,2.3775449749269377
36,36,0,fam,0.09244586182611363,2.3811320833610528,220.0,2.3775449749269377
37,37,1,fam,0.09243096412680364,2.381293246873737,220.0,2.3775449749269377
38,38,2,fam,0.09241756030214962,2.3814382718309974,220.0,2.3775449749269377
39,39,0,fam,0.09253599614940203,2.3801575626009286,220.0,2.3775449749269377
40,40,1,fam,0.09252512940886924,2.380275002074103,220.0,2.3775449749269377
41,41,2,fam,0.09251535152430612,2.380380685809066,220.0,2.3775449749269377
42,42,0,fam,0.09260165448544444,2.3794482704761775,220.0,2.3775449749269377
43,43,1,fam,0.09259372928061607,2.379533857974873,220.0,2.3775449749269377
44,44,2,fam,0.09258659775602193,2.3796108804611356,220.0,2.3775449749269377
45,45,0,fam,0.09264949308657242,2.3789317975385647,220.0,2.3775449749269377
46,46,1,fam,0.09264371383392797,2.3789941770800747,220.0,2.3775449749269377
47,47,2,fam,0.09263851312296136,2.379050315340645,220.0,2.3775449749269377
48,48,0,fam,0.09268435344621863,2.3785556076443872,220.0,2.3775449749269377
49,49,1,fam,0.09268013942694288,2.378601075028255,220.0,2.3775449749269377
50,50,2,fam,0.09267634713721058,2.3786419939062844,220.0,2.3775449749269377
51,51,0,fam,0.09270975922244294,2.3782815344711064,220.0,2.3775449749269377
52,52,1,fam,0.0927066867010366,2.378314676314499,220.0,2.3775449749269377
53,53,2,fam,0.09270392160589044,2.378344503034465,220.0,2.3775449749269377
54,54,0,fam,0.09272827608835951,2.3780818249999927,220.0,2.3775449749269377
55,55,1,fam,0.09272603595396045,2.378105983342546,220.0,2.3775449749269377
56,56,2,fam,0.09272401992553982,2.378127725351856,220.0,2.3775449749269377
57,57,0,fam,0.09274177278768782,2.3779362845266503,220.0,2.3775449749269377
58,58,1,fam,0.0927401395882481,2.377953894863085,220.0,2.3775449749269377
59,59,2,fam,0.09273866975793278,2.377969743900725,220.0,2.3775449749269377
60,60,0,fam,0.09275161076786383,2.3778302108759717,220.0,2.3775449749269377
61,61,1,fam,0.0927504200903151,2.377843048229215,220.0,2.3775449749269377
62,62,2,fam,0.09274934850665838,2.377854601706234,220.0,2.3775449749269377
63,63,0,fam,0.09275878206366878,2.3777528966543904,220.0,2.3775449749269377
64,64,1,fam,0.09275791401980266,2.3777622547756208,220.0,2.3775449749269377
65,65,2,fam,0.09275713279421374,2.377770677009853,220.0,2.3775449749269377
66,66,3,recov,0.07143344423520694,2.638989112649192,220.0,2.3775449749269377
67,67,4,recov,0.07143295692462584,2.6389959345552123,220.0,2.3775449749269377
68,68,5,recov,0.07143251835078751,2.63900207423084,220.0,2.3775449749269377
69,69,3,recov,0.07721812565369142,2.561121061249605,220.0,2.3775449749269377
70,70,4,recov,0.07721774164256417,2.561126034331752,220.0,2.3775449749269377
71,71,5,recov,0.07721739603581528,2.5611305100845385,220.0,2.3775449749269377
72,72,3,recov,0.08143502361561986,2.507949832963165,220.0,2.3775449749269377
73,73,4,recov,0.08143472838728265,2.5079534582936343,220.0,2.3775449749269377
74,74,5,recov,0.08143446268360936,2.507956721079819,220.0,2.3775449749269377
75,75,3,recov,0.08450907059878592,2.4708964060156724,220.0,2.3775449749269377
76,76,4,recov,0.08450884725502365,2.470899048856918,220.0,2.3775449749269377
77,77,5,recov,0.08450864624664699,2.4709014274080667,220.0,2.3775449749269377
78,78,3,recov,0.08675001278298092,2.4447247128009324,220.0,2.3775449749269377
79,79,4,recov,0.08674984564899198,2.4447266394190916,220.0,2.3775449749269377
80,80,5,recov,0.08674969522895258,2.444728373372261,220.0,2.3775449749269377
81,81,3,recov,0.08838363940559198,2.426068401064332,220.0,2.3775449749269377
82,82,4,recov,0.08838351527106339,2.4260698055620034,220.0,2.3775449749269377
83,83,5,recov,0.08838340355028582,2.4260710696082213,220.0,2.3775449749269377
84,84,3,recov,0.08957454246277498,2.4126841236715943,220.0,2.3775449749269377
85,85,4,recov,0.08957445074967826,2.412685147546695,220.0,2.3775449749269377
86,86,5,recov,0.08957436820805181,2.412686069033389,220.0,2.3775449749269377
87,87,3,recov,0.09044270507816578,2.403038721823232,220.0,2.3775449749269377
88,88,4,recov,0.09044263757148634,2.403039468226212,220.0,2.3775449749269377
89,89,5,recov,0.09044257681556099,2.4030401399884185,220.0,2.3775449749269377
90,90,3,recov,0.09107559258853229,2.396065429509366,220.0,2.3775449749269377
91,91,4,recov,0.09107554303188163,2.396065973636093,220.0,2.3775449749269377
92,92,5,recov,0.09107549843094218,2.3960664633498947,220.0,2.3775449749269377
93,93,3,recov,0.09153696597001007,2.391012388614315,220.0,2.3775449749269377
94,94,4,recov,0.09153692966024775,2.3910127852821432,220.0,2.3775449749269377
95,95,5,recov,0.09153689698148629,2.3910131422830543,220.0,2.3775449749269377
96,96,3,recov,0.09187330630758901,2.3873447563663888,220.0,2.3775449749269377
97,97,4,recov,0.09187327974053819,2.3873450455369403,220.0,2.3775449749269377
98,98,5,recov,0.09187325583020557,2.3873453057903657,220.0,2.3775449749269377
99,99,3,recov,0.09211849795796519,2.38467950943869,220.0,2.3775449749269377
100,100,4,recov,0.09211847853891111,2.3846797202438657,220.0,2.3775449749269377
101,101,5,recov,0.09211846106176948,2.3846799099684852,220.0,2.3775449749269377
102,102,3,recov,0.0922972424289023,2.3827410140962053,220.0,2.3775449749269377
103,103,4,recov,0.0922972282449503,2.3827411677730947,220.0,2.3775449749269377
104,104,5,recov,0.09229721547939719,2.382741306082275,220.0,2.3775449749269377
105,105,3,recov,0.09242754701950755,2.381330216849047,220.0,2.3775449749269377
106,106,4,recov,0.09242753666481232,2.381330328879455,220.0,2.3775449749269377
107,107,5,recov,0.0924275273455886,2.3813304297068116,220.0,2.3775449749269377
108,108,3,recov,0.09252253899765817,2.3803029993056652,220.0,2.3775449749269377
109,109,4,recov,0.09252253144132941,2.3803030809758092,220.0,2.3775449749269377
110,110,5,recov,0.09252252464063458,2.380303154478933,220.0,2.3775449749269377
111,111,3,recov,0.09259178811337912,2.3795548225434238,220.0,2.3775449749269377
112,112,4,recov,0.09259178260069363,2.379554882080946,220.0,2.3775449749269377
113,113,5,recov,0.09259177763927724,2.379554935664713,220.0,2.3775449749269377
114,114,3,recov,0.0926422706994214,2.3790097544537248,220.0,2.3775449749269377
115,115,4,recov,0.09264226667848317,2.379009797856572,220.0,2.3775449749269377
116,116,5,recov,0.09264226305963907,2.3790098369191326,220.0,2.3775449749269377
117,117,3,recov,0.09267907249437968,2.3786125870815504,220.0,2.3775449749269377
118,118,4,recov,0.09267906956195159,2.3786126187222223,220.0,2.3775449749269377
119,119,5,recov,0.09267906692276645,2.3786126471988265,220.0,2.3775449749269377
120,120,3,recov,0.0927059009974482,2.378323151505943,220.0,2.3775449749269377
121,121,4,recov,0.09270589885908946,2.3783231745719906,220.0,2.3775449749269377
122,122,5,recov,0.09270589693456668,2.378323195331433,220.0,2.3775449749269377
123,123,3,recov,0.09272545897328557,2.37811220578551,220.0,2.3775449749269377
124,124,4,recov,0.09272545741409328,2.378112222600658,220.0,2.3775449749269377
125,125,5,recov,0.09272545601082025,2.378112237734291,220.0,2.3775449749269377
126,126,3,recov,0.09273971673613009,2.3779584544106975,220.0,2.3775449749269377
127,127,4,recov,0.09273971559930416,2.37795846666894,220.0,2.3775449749269377
128,128,5,recov,0.09273971457616087,2.377958477701358,220.0,2.3775449749269377
129,129,3,recov,0.0927501106444248,2.3778463845635,220.0,2.3775449749269377
130,130,4,recov,0.09275010981558586,2.3778463934997585,220.0,2.3775449749269377
131,131,5,recov,0.0927501090696308,2.3778464015423912,220.0,2.3775449749269377
132,132,3,recov,0.09275768780313644,2.377764693564208,220.0,2.3775449749269377
133,133,4,recov,0.0927576871988635,2.3777647000787403,220.0,2.3775449749269377
134,134,5,recov,0.09275768665501785,2.377764705941819,220.0,2.3775449749269377
135,135,3,recov,0.09276321155160594,2.3777051450336613,220.0,2.3775449749269377
136,136,4,recov,0.09276321111106474,2.3777051497827553,220.0,2.3775449749269377
137,137,5,recov,0.09276321071457766,2.37770515405694,220.0,2.3775449749269377
138,138,3,recov,0.0927672383641173,2.377661736390888,220.0,2.3775449749269377
139,139,4,recov,0.09276723804294881,2.3776617398529774,220.0,2.3775449749269377
140,140,5,recov,0.09276723775389718,2.377661742968858,220.0,2.3775449749269377
141,141,3,recov,0.09277017391037272,2.3776300926784995,220.0,2.3775449749269377
142,142,4,recov,0.09277017367623351,2.3776300952023623,220.0,2.3775449749269377
143,143,5,recov,0.0927701734655082,2.377630097473839,220.0,2.3775449749269377
144,144,3,recov,0.09277231392355824,2.377607025043581,220.0,2.3775449749269377
145,145,4,recov,0.0927723137528668,2.377607026883477,220.0,2.3775449749269377
146,146,5,recov,0.09277231359924452,2.3776070285393835,220.0,2.3775449749269377
147,147,3,recov,0.09277387399315203,2.377590209073268,220.0,2.3775449749269377
148,148,4,recov,0.09277387386871587,2.3775902104145525,220.0,2.3775449749269377
149,149,5,recov,0.09277387375672334,2.3775902116217082,220.0,2.3775449749269377
150,150,3,recov,0.0927750112838761,2.377577950409225,220.0,2.3775449749269377
151,151,4,recov,0.09277501119316102,2.3775779513870217,220.0,2.3775449749269377
152,152,5,recov,0.09277501111151748,2.377577952267038,220.0,2.3775449749269377
153,153,3,recov,0.09277584036880872,2.3775690139378995,220.0,2.3775449749269377
154,154,4,recov,0.09277584030267685,2.377569014650713,220.0,2.3775449749269377
155,155,5,recov,0.09277584024315817,2.377569015292245,220.0,2.3775449749269377
156,156,3,recov,0.09277644477172184,2.377562499300662,220.0,2.3775449749269377
157,157,4,recov,0.0927764447235114,2.377562499820303,220.0,2.3775449749269377
158,158,5,recov,0.09277644468012199,2.37756250028798,220.0,2.3775449749269377
159,159,3,recov,0.09277688538144403,2.3775577501568788,220.0,2.3775449749269377
160,160,4,recov,0.09277688534629845,2.377557750535697,220.0,2.3775449749269377
161,161,5,recov,0.09277688531466742,2.3775577508766332,220.0,2.3775449749269377
162,162,3,recov,0.09277720658593072,2.377554288045283,220.0,2.3775449749269377
163,163,4,recov,0.09277720656030951,2.3775542883214418,220.0,2.3775449749269377
164,164,5,recov,0.09277720653725041,2.3775542885699843,220.0,2.3775449749269377
165,165,3,recov,0.09277744074400111,2.3775517641734885,220.0,2.3775449749269377
166,166,4,recov,0.09277744072532321,2.377551764374808,220.0,2.3775449749269377
167,167,5,recov,0.09277744070851308,2.3775517645559954,220.0,2.3775449749269377
168,168,3,recov,0.0927776114452342,2.377549924274967,220.0,2.3775449749269377
169,169,4,recov,0.09277761143161797,2.377549924421729,220.0,2.3775449749269377
170,170,5,recov,0.09277761141936336,2.377549924553815,220.0,2.3775449749269377
171,171,3,recov,0.09277773588643302,2.3775485829910794,220.0,2.3775449749269377
172,172,4,recov,0.09277773587650678,2.377548583098069,220.0,2.3775449749269377
173,173,5,recov,0.09277773586757317,2.3775485831943595,220.0,2.3775449749269377
174,174,3,recov,0.09277782660406687,2.37754760519626,220.0,2.3775449749269377
175,175,4,recov,0.09277782659683065,2.377547605274255,220.0,2.3775449749269377
176,176,5,recov,0.09277782659031804,2.377547605344451,220.0,2.3775449749269377
177,177,3,recov,0.09277789273722195,2.3775468923844394,220.0,2.3775449749269377
178,178,4,recov,0.09277789273194673,2.377546892441298,220.0,2.3775449749269377
179,179,5,recov,0.09277789272719901,2.3775468924924708,220.0,2.3775449749269377
180,180,3,recov,0.09277794094829196,2.3775463727449426,220.0,2.3775449749269377
181,181,4,recov,0.09277794094444632,2.3775463727863926,220.0,2.3775449749269377
182,182,5,recov,0.09277794094098524,2.3775463728236974,220.0,2.3775449749269377
183,183,3,recov,0.092777976094162,2.3775459939279195,220.0,2.3775449749269377
184,184,4,recov,0.09277797609135853,2.3775459939581367,220.0,2.3775449749269377
185,185,5,recov,0.09277797608883541,2.377545993985332,220.0,2.3775449749269377
186,186,3,recov,0.09277800171550125,2.3775457177704005,220.0,2.3775449749269377
187,187,4,recov,0.09277800171345751,2.3775457177924286,220.0,2.3775449749269377
188,188,5,recov,0.09277800171161815,2.377545717812254,220.0,2.3775449749269377
189,189,3,recov,0.09277802039345756,2.377545516451617,220.0,2.3775449749269377
190,190,4,recov,0.09277802039196767,2.3775455164676758,220.0,2.3775449749269377
191,191,5,recov,0.09277802039062678,2.377545516482128,220.0,2.3775449749269377
192,192,3,recov,0.0927780340096877,2.3775453696902495,220.0,2.3775449749269377
193,193,4,recov,0.09277803400860157,2.377545369701956,220.0,2.3775449749269377
194,194,5,recov,0.09277803400762408,2.377545369712492,220.0,2.3775449749269377
195,195,3,recov,0.09277804393591947,2.3775452627012266,220.0,2.3775449749269377
196,196,4,recov,0.09277804393512769,2.3775452627097606,220.0,2.3775449749269377
197,197,5,recov,0.09277804393441508,2.377545262717441,220.0,2.3775449749269377
198,198,3,recov,0.09277805117214244,2.3775451847062357,220.0,2.3775449749269377
199,199,4,recov,0.09277805117156522,2.377545184712457,220.0,2.3775449749269377
200,200,5,recov,0.09277805117104573,2.3775451847180564,220.0,2.3775449749269377
201,201,3,recov,0.09277805644734899,2.377545127847891,220.0,2.3775449749269377
202,202,4,recov,0.0927780564469282,2.3775451278524264,220.0,2.3775449749269377
203,203,5,recov,0.09277805644654948,2.3775451278565085,220.0,2.3775449749269377
204,204,3,recov,0.09277806029297456,2.3775450863981598,220.0,2.3775449749269377
205,205,4,recov,0.09277806029266779,2.3775450864014664,220.0,2.3775449749269377
206,206,5,recov,0.09277806029239173,2.377545086404442,220.0,2.3775449749269377
207,207,3,recov,0.0927780630964356,2.377545056181307,220.0,2.3775449749269377
208,208,4,recov,0.09277806309621196,2.3775450561837173,220.0,2.3775449749269377
209,209,5,recov,0.09277806309601072,2.3775450561858866,220.0,2.3775449749269377
210,210,3,recov,0.0927780651401587,2.377545034153222,220.0,2.3775449749269377
211,211,4,recov,0.09277806513999567,2.377545034154979,220.0,2.3775449749269377
212,212,5,recov,0.09277806513984894,2.3775450341565607,220.0,2.3775449749269377
213,213,3,recov,0.09277806663003282,2.3775450180947484,220.0,2.3775449749269377
214,214,4,recov,0.092778066629914,2.3775450180960287,220.0,2.3775449749269377
215,215,5,recov,0.09277806662980703,2.377545018097182,220.0,2.3775449749269377
216,216,3,recov,0.09277806771615107,2.3775450063881207,220.0,2.3775449749269377
217,217,4,recov,0.09277806771606444,2.3775450063890546,220.0,2.3775449749269377
218,218,5,recov,0.09277806771598648,2.377545006389895,220.0,2.3775449749269377
219,219,3,recov,0.09277806850793129,2.3775449978539895,220.0,2.3775449749269377
220,220,4,recov,0.09277806850786813,2.3775449978546703,220.0,2.3775449749269377
221,221,5,recov,0.09277806850781128,2.377544997855283,220.0,2.3775449749269377
222,222,3,recov,0.09277806908513905,2.377544991632608,220.0,2.3775449749269377
223,223,4,recov,0.09277806908509299,2.3775449916331044,220.0,2.3775449749269377
224,224,5,recov,0.09277806908505157,2.377544991633551,220.0,2.3775449749269377
225,225,3,recov,0.0927780695059235,2.377544987097221,220.0,2.3775449749269377
226,226,4,recov,0.09277806950588995,2.3775449870975827,220.0,2.3775449749269377
227,227,5,recov,0.09277806950585973,2.3775449870979086,220.0,2.3775449749269377
228,228,3,recov,0.09277806981267538,2.3775449837909237,220.0,2.3775449749269377
229,229,4,recov,0.09277806981265091,2.3775449837911875,220.0,2.3775449749269377
230,230,5,recov,0.0927780698126289,2.3775449837914246,220.0,2.3775449749269377
231,231,3,recov,0.0927780700362975,2.377544981380633,220.0,2.3775449749269377
232,232,4,recov,0.09277807003627966,2.3775449813808254,220.0,2.3775449749269377
233,233,5,recov,0.09277807003626361,2.3775449813809986,220.0,2.3775449749269377
234,234,3,recov,0.09277807019931802,2.377544979623531,220.0,2.3775449749269377
235,235,4,recov,0.09277807019930503,2.3775449796236714,220.0,2.3775449749269377
236,236,5,recov,0.09277807019929331,2.3775449796237975,220.0,2.3775449749269377
237,237,3,recov,0.09277807031815999,2.3775449783426037,220.0,2.3775449749269377
238,238,4,recov,0.09277807031815051,2.3775449783427063,220.0,2.3775449749269377
239,239,5,recov,0.09277807031814198,2.377544978342798,220.0,2.3775449749269377
240,240,3,recov,0.09277807040479578,2.377544977408808,220.0,2.3775449749269377
241,241,4,recov,0.09277807040478886,2.3775449774088826,220.0,2.3775449749269377
242,242,5,recov,0.09277807040478266,2.377544977408949,220.0,2.3775449749269377
243,243,3,recov,0.09277807046795326,2.3775449767280707,220.0,2.3775449749269377
244,244,4,recov,0.09277807046794821,2.3775449767281254,220.0,2.3775449749269377
245,245,5,recov,0.09277807046794367,2.377544976728174,220.0,2.3775449749269377
246,246,3,recov,0.09277807051399507,2.377544976231813,220.0,2.3775449749269377
247,247,4,recov,0.0927780705139914,2.377544976231853,220.0,2.3775449749269377
248,248,5,recov,0.09277807051398808,2.3775449762318885,220.0,2.3775449749269377
249,249,3,recov,0.09277807054755954,2.3775449758700415,220.0,2.3775449749269377
250,250,4,recov,0.09277807054755688,2.3775449758700704,220.0,2.3775449749269377
251,251,5,recov,0.09277807054755446,2.3775449758700966,220.0,2.3775449749269377
252,252,3,recov,0.09277807057202805,2.37754497560631,220.0,2.3775449749269377
253,253,4,recov,0.09277807057202611,2.377544975606331,220.0,2.3775449749269377
254,254,5,recov,0.09277807057202435,2.37754497560635,220.0,2.3775449749269377
255,255,3,recov,0.09277807058986559,2.37754497541405,220.0,2.3775449749269377
256,256,4,recov,0.09277807058986419,2.377544975414065,220.0,2.3775449749269377
257,257,5,recov,0.0927780705898629,2.3775449754140787,220.0,2.3775449749269377
258,258,3,recov,0.09277807060286918,2.3775449752738917,220.0,2.3775449749269377
259,259,4,recov,0.09277807060286813,2.377544975273903,220.0,2.3775449749269377
260,260,5,recov,0.0927780706028672,2.377544975273913,220.0,2.3775449749269377
261,261,3,recov,0.09277807061234876,2.377544975171717,220.0,2.3775449749269377
262,262,4,recov,0.09277807061234801,2.377544975171725,220.0,2.3775449749269377
263,263,5,recov,0.09277807061234733,2.3775449751717326,220.0,2.3775449749269377
264,264,3,recov,0.09277807061925941,2.3775449750972313,220.0,2.3775449749269377
265,265,4,recov,0.09277807061925884,2.3775449750972375,220.0,2.3775449749269377
266,266,5,recov,0.09277807061925836,2.3775449750972424,220.0,2.3775449749269377
267,267,3,recov,0.09277807062429723,2.3775449750429316,220.0,2.3775449749269377
268,268,4,recov,0.09277807062429684,2.3775449750429356,220.0,2.3775449749269377
269,269,5,recov,0.09277807062429648,2.3775449750429396,220.0,2.3775449749269377
270,270,3,recov,0.09277807062796985,2.3775449750033464,220.0,2.3775449749269377
271,271,4,recov,0.09277807062796954,2.37754497500335,220.0,2.3775449749269377
272,272,5,recov,0.09277807062796928,2.3775449750033526,220.0,2.3775449749269377
273,273,3,recov,0.09277807063064715,2.3775449749744895,220.0,2.3775449749269377
274,274,4,recov,0.09277807063064694,2.3775449749744917,220.0,2.3775449749269377
275,275,5,recov,0.09277807063064675,2.377544974974494,220.0,2.3775449749269377
276,276,3,recov,0.09277807063259892,2.3775449749534525,220.0,2.3775449749269377
277,277,4,recov,0.09277807063259876,2.3775449749534543,220.0,2.3775449749269377
278,278,5,recov,0.09277807063259862,2.3775449749534556,220.0,2.3775449749269377
279,279,3,recov,0.09277807063402174,2.377544974938117,220.0,2.3775449749269377
280,280,4,recov,0.09277807063402163,2.377544974938118,220.0,2.3775449749269377
281,281,5,recov,0.09277807063402153,2.377544974938119,220.0,2.3775449749269377
282,282,3,recov,0.092778070635059,2.377544974926937,220.0,2.3775449749269377
283,283,4,recov,0.09277807063505893,2.3775449749269377,220.0,2.3775449749269377
284,284,5,recov,0.09277807063505886,2.377544974926938,220.0,2.3775449749269377
285,285,0,fam_r,0.07142857143060463,2.6390573295867936,220.0,2.3775449749269377
286,286,1,fam_r,0.07142857143060459,2.6390573295867945,220.0,2.3775449749269377
287,287,2,fam_r,0.07142857143060455,2.639057329586795,220.0,2.3775449749269377
288,288,0,fam_r,0.07721428571576794,2.5611707909389914,220.0,2.3775449749269377
289,289,1,fam_r,0.07721428571576791,2.5611707909389914,220.0,2.3775449749269377
290,290,2,fam_r,0.07721428571576788,2.561170790938992,220.0,2.3775449749269377
291,291,0,fam_r,0.081432071429652,2.507986085663164,220.0,2.3775449749269377
292,292,1,fam_r,0.08143207142965196,2.5079860856631644,220.0,2.3775449749269377
293,293,2,fam_r,0.08143207142965195,2.5079860856631644,220.0,2.3775449749269377
294,294,0,fam_r,0.08450683721507345,2.4709228341045013,220.0,2.3775449749269377
295,295,1,fam_r,0.08450683721507343,2.4709228341045018,220.0,2.3775449749269377
296,296,2,fam_r,0.08450683721507342,2.4709228341045018,220.0,2.3775449749269377
297,297,0,fam_r,0.0867483414726457,2.4447439788088716,220.0,2.3775449749269377
298,298,1,fam_r,0.08674834147264568,2.444743978808872,220.0,2.3775449749269377
299,299,2,fam_r,0.08674834147264565,2.444743978808872,220.0,2.3775449749269377
0,0,0,fam,0.07692307692307693,2.5649493574615367,293.33333333333337,2.3775449748968733
1,1,1,fam,0.07633587786259542,2.5726122302071057,293.33333333333337,2.3775449748968733
2,2,2,fam,0.0758150113722517,2.579458966729223,293.33333333333337,2.3775449748968733
3,3,0,fam,0.08145580589254765,2.507694664798041,293.33333333333337,2.3775449748968733
4,4,1,fam,0.0810107989418386,2.5131728129264435,293.33333333333337,2.3775449748968733
5,5,2,fam,0.0806144296100305,2.5180776180733173,293.33333333333337,2.3775449748968733
6,6,0,fam,0.08464520963229993,2.4692867622901673,293.33333333333337,2.3775449748968733
7,7,1,fam,0.08431253012795407,2.473224787677484,293.33333333333337,2.3775449748968733
8,8,2,fam,0.0840153465593269,2.4767557996910687,293.33333333333337,2.3775449748968733
9,9,0,fam,0.08691194200511142,2.442859833769051,293.33333333333337,2.3775449748968733
10,10,1,fam,0.08666528847106482,2.445701839018106,293.33333333333337,2.3775449748968733
11,11,2,fam,0.08644449423314295,2.4482527561783227,293.33333333333337,2.3775449748968733
12,12,0,fam,0.08853439345099945,2.424364175899032,293.33333333333337,2.3775449748968733
13,13,1,fam,0.08835248549876605,2.4264209481982633,293.33333333333337,2.3775449748968733
14,14,2,fam,0.08818940628950807,2.428268433279467,293.33333333333337,2.3775449748968733
15,15,0,fam,0.08970159543563573,2.4112667237251078,293.33333333333337,2.3775449748968733
16,16,1,fam,0.08956790620797266,2.4127582128096474,293.33333333333337,2.3775449748968733
17,17,2,fam,0.08944792615972876,2.4140986536480007,293.33333333333337,2.3775449748968733
18,18,0,fam,0.09054435548415889,2.401915432496739,293.33333333333337,2.3775449748968733
19,19,1,fam,0.09044633669224446,2.4029985688759483,293.33333333333337,2.3775449748968733
20,20,2,fam,0.09035830105142481,2.4039723895574916,293.33333333333337,2.3775449748968733
21,21,0,fam,0.09115446065445164,2.3951998415403115,293.33333333333337,2.3775449748968733
22,22,1,fam,0.09108271291138516,2.395987252202688,293.33333333333337,2.3775449748968733
23,23,2,fam,0.091018236442585,2.3966953920748115,293.33333333333337,2.3775449748968733
24,24,0,fam,0.09159698026102438,2.3903569744281654,293.33333333333337,2.3775449748968733
25,25,1,fam,0.09154452294449596,2.3909298354896382,293.33333333333337,2.3775449748968733
26,26,2,fam,0.09149736270522889,2.391445130009722,293.33333333333337,2.3775449748968733
27,27,0,fam,0.0919183907485238,2.3868541526823135,293.33333333333337,2.3775449748968733
28,28,1,fam,0.09188006870567961,2.3872711533852935,293.33333333333337,2.3775449748968733
29,29,2,fam,0.09184560617752079,2.387646305400219,293.33333333333337,2.3775449748968733
30,30,0,fam,0.0921520715700088,2.384315114706519,293.33333333333337,2.3775449748968733
31,31,1,fam,0.092124092228999,2.384618782209119,293.33333333333337,2.3775449748968733
32,32,2,fam,0.09209892534478836,2.3848920041408697,293.33333333333337,2.3775449748968733
33,33,0,fam,0.09232209261643973,2.3824718094900748,293.33333333333337,2.3775449748968733
34,34,1,fam,0.0923016731656539,2.382693010165758,293.33333333333337,2.3775449748968733
35,35,2,fam,0.09228330338127717,2.382892048947581,293.33333333333337,2.3775449748968733
36,36,0,fam,0.09244586182611363,2.3811320833610528,293.33333333333337,2.3775449748968733
37,37,1,fam,0.09243096412680364,2.381293246873737,293.33333333333337,2.3775449748968733
38,38,2,fam,0.09241756030214962,2.3814382718309974,293.33333333333337,2.3775449748968733
39,39,0,fam,0.09253599614940203,2.3801575626009286,293.33333333333337,2.3775449748968733
40,40,1,fam,0.09252512940886924,2.380275002074103,293.33333333333337,2.3775449748968733
41,41,2,fam,0.09251535152430612,2.380380685809066,293.33333333333337,2.3775449748968733
42,42,0,fam,0.09260165448544444,2.3794482704761775,293.33333333333337,2.3775449748968733
43,43,1,fam,0.09259372928061607,2.379533857974873,293.33333333333337,2.3775449748968733
44,44,2,fam,0.09258659775602193,2.3796108804611356,293.33333333333337,2.3775449748968733
45,45,0,fam,0.09264949308657242,2.3789317975385647,293.33333333333337,2.3775449748968733
46,46,1,fam,0.09264371383392797,2.3789941770800747,293.33333333333337,2.3775449748968733
47,47,2,fam,0.09263851312296136,2.379050315340645,293.33333333333337,2.3775449748968733
48,48,0,fam,0.09268435344621863,2.3785556076443872,293.33333333333337,2.3775449748968733
49,49,1,fam,0.09268013942694288,2.378601075028255,293.33333333333337,2.3775449748968733
50,50,2,fam,0.09267634713721058,2.3786419939062844,293.33333333333337,2.3775449748968733
51,51,0,fam,0.09270975922244294,2.3782815344711064,293.33333333333337,2.3775449748968733
52,52,1,fam,0.0927066867010366,2.378314676314499,293.33333333333337,2.3775449748968733
53,53,2,fam,0.09270392160589044,2.378344503034465,293.33333333333337,2.3775449748968733
54,54,0,fam,0.09272827608835951,2.3780818249999927,293.33333333333337,2.3775449748968733
55,55,1,fam,0.09272603595396045,2.378105983342546,293.33333333333337,2.3775449748968733
56,56,2,fam,0.09272401992553982,2.378127725351856,293.33333333333337,2.3775449748968733
57,57,0,fam,0.09274177278768782,2.3779362845266503,293.33333333333337,2.3775449748968733
58,58,1,fam,0.0927401395882481,2.377953894863085,293.33333333333337,2.3775449748968733
59,59,2,fam,0.09273866975793278,2.377969743900725,293.33333333333337,2.3775449748968733
60,60,0,fam,0.09275161076786383,2.3778302108759717,293.33333333333337,2.3775449748968733
61,61,1,fam,0.0927504200903151,2.377843048229215,293.33333333333337,2.3775449748968733
62,62,2,fam,0.09274934850665838,2.377854601706234,293.33333333333337,2.3775449748968733
63,63,0,fam,0.09275878206366878,2.3777528966543904,293.33333333333337,2.3775449748968733
64,64,1,fam,0.09275791401980266,2.3777622547756208,293.33333333333337,2.3775449748968733
65,65,2,fam,0.09275713279421374,2.377770677009853,293.33333333333337,2.3775449748968733
66,66,3,recov,0.07143344423520694,2.638989112649192,293.33333333333337,2.3775449748968733
67,67,4,recov,0.07143295692462584,2.6389959345552123,293.33333333333337,2.3775449748968733
68,68,5,recov,0.07143251835078751,2.63900207423084,293.33333333333337,2.3775449748968733
69,69,3,recov,0.07721812565369142,2.561121061249605,293.33333333333337,2.3775449748968733
70,70,4,recov,0.07721774164256417,2.561126034331752,293.33333333333337,2.3775449748968733
71,71,5,recov,0.07721739603581528,2.5611305100845385,293.33333333333337,2.3775449748968733
72,72,3,recov,0.08143502361561986,2.507949832963165,293.33333333333337,2.3775449748968733
73,73,4,recov,0.08143472838728265,2.5079534582936343,293.33333333333337,2.3775449748968733
74,74,5,recov,0.08143446268360936,2.507956721079819,293.33333333333337,2.3775449748968733
75,75,3,recov,0.08450907059878592,2.4708964060156724,293.33333333333337,2.3775449748968733
76,76,4,recov,0.08450884725502365,2.470899048856918,293.33333333333337,2.3775449748968733
77,77,5,recov,0.08450864624664699,2.4709014274080667,293.33333333333337,2.3775449748968733
78,78,3,recov,0.08675001278298092,2.4447247128009324,293.33333333333337,2.3775449748968733
79,79,4,recov,0.08674984564899198,2.4447266394190916,293.33333333333337,2.3775449748968733
80,80,5,recov,0.08674969522895258,2.444728373372261,293.33333333333337,2.3775449748968733
81,81,3,recov,0.08838363940559198,2.426068401064332,293.33333333333337,2.3775449748968733
82,82,4,recov,0.08838351527106339,2.4260698055620034,293.33333333333337,2.3775449748968733
83,83,5,recov,0.08838340355028582,2.4260710696082213,293.33333333333337,2.3775449748968733
84,84,3,recov,0.08957454246277498,2.4126841236715943,293.33333333333337,2.3775449748968733
85,85,4,recov,0.08957445074967826,2.412685147546695,293.33333333333337,2.3775449748968733
86,86,5,recov,0.08957436820805181,2.412686069033389,293.33333333333337,2.3775449748968733
87,87,3,recov,0.09044270507816578,2.403038721823232,293.33333333333337,2.3775449748968733
88,88,4,recov,0.09044263757148634,2.403039468226212,293.33333333333337,2.3775449748968733
89,89,5,recov,0.09044257681556099,2.4030401399884185,293.33333333333337,2.3775449748968733
90,90,3,recov,0.09107559258853229,2.396065429509366,293.33333333333337,2.3775449748968733
91,91,4,recov,0.09107554303188163,2.396065973636093,293.33333333333337,2.3775449748968733
92,92,5,recov,0.09107549843094218,2.3960664633498947,293.33333333333337,2.3775449748968733
93,93,3,recov,0.09153696597001007,2.391012388614315,293.33333333333337,2.3775449748968733
94,94,4,recov,0.09153692966024775,2.3910127852821432,293.33333333333337,2.3775449748968733
95,95,5,recov,0.09153689698148629,2.3910131422830543,293.33333333333337,2.3775449748968733
96,96,3,recov,0.09187330630758901,2.3873447563663888,293.33333333333337,2.3775449748968733
97,97,4,recov,0.09187327974053819,2.3873450455369403,293.33333333333337,2.3775449748968733
98,98,5,recov,0.09187325583020557,2.3873453057903657,293.33333333333337,2.3775449748968733
99,99,3,recov,0.09211849795796519,2.38467950943869,293.33333333333337,2.3775449748968733
100,100,4,recov,0.09211847853891111,2.3846797202438657,293.33333333333337,2.3775449748968733
101,101,5,recov,0.09211846106176948,2.3846799099684852,293.33333333333337,2.3775449748968733
102,102,3,recov,0.0922972424289023,2.3827410140962053,293.33333333333337,2.3775449748968733
103,103,4,recov,0.0922972282449503,2.3827411677730947,293.33333333333337,2.3775449748968733
104,104,5,recov,0.09229721547939719,2.382741306082275,293.33333333333337,2.3775449748968733
105,105,3,recov,0.09242754701950755,2.381330216849047,293.33333333333337,2.3775449748968733
106,106,4,recov,0.09242753666481232,2.381330328879455,293.33333333333337,2.3775449748968733
107,107,5,recov,0.0924275273455886,2.3813304297068116,293.33333333333337,2.3775449748968733
108,108,3,recov,0.09252253899765817,2.3803029993056652,293.33333333333337,2.3775449748968733
109,109,4,recov,0.09252253144132941,2.3803030809758092,293.33333333333337,2.3775449748968733
110,110,5,recov,0.09252252464063458,2.380303154478933,293.33333333333337,2.3775449748968733
111,111,3,recov,0.09259178811337912,2.3795548225434238,293.33333333333337,2.3775449748968733
112,112,4,recov,0.09259178260069363,2.379554882080946,293.33333333333337,2.3775449748968733
113,113,5,recov,0.09259177763927724,2.379554935664713,293.33333333333337,2.3775449748968733
114,114,3,recov,0.0926422706994214,2.3790097544537248,293.33333333333337,2.3775449748968733
115,115,4,recov,0.09264226667848317,2.379009797856572,293.33333333333337,2.3775449748968733
116,116,5,recov,0.09264226305963907,2.3790098369191326,293.33333333333337,2.3775449748968733
117,117,3,recov,0.09267907249437968,2.3786125870815504,293.33333333333337,2.3775449748968733
118,118,4,recov,0.09267906956195159,2.3786126187222223,293.33333333333337,2.3775449748968733
119,119,5,recov,0.09267906692276645,2.3786126471988265,293.33333333333337,2.3775449748968733
120,120,3,recov,0.0927059009974482,2.378323151505943,293.33333333333337,2.3775449748968733
121,121,4,recov,0.09270589885908946,2.3783231745719906,293.33333333333337,2.3775449748968733
122,122,5,recov,0.09270589693456668,2.378323195331433,293.33333333333337,2.3775449748968733
123,123,3,recov,0.09272545897328557,2.37811220578551,293.33333333333337,2.3775449748968733
124,124,4,recov,0.09272545741409328,2.378112222600658,293.33333333333337,2.3775449748968733
125,125,5,recov,0.09272545601082025,2.378112237734291,293.33333333333337,2.3775449748968733
126,126,3,recov,0.09273971673613009,2.3779584544106975,293.33333333333337,2.3775449748968733
127,127,4,recov,0.09273971559930416,2.37795846666894,293.33333333333337,2.3775449748968733
128,128,5,recov,0.09273971457616087,2.377958477701358,293.33333333333337,2.3775449748968733
129,129,3,recov,0.0927501106444248,2.3778463845635,293.33333333333337,2.3775449748968733
130,130,4,recov,0.09275010981558586,2.3778463934997585,293.33333333333337,2.3775449748968733
131,131,5,recov,0.0927501090696308,2.3778464015423912,293.33333333333337,2.3775449748968733
132,132,3,recov,0.09275768780313644,2.377764693564208,293.33333333333337,2.3775449748968733
133,133,4,recov,0.0927576871988635,2.3777647000787403,293.33333333333337,2.3775449748968733
134,134,5,recov,0.09275768665501785,2.377764705941819,293.33333333333337,2.3775449748968733
135,135,3,recov,0.09276321155160594,2.3777051450336613,293.33333333333337,2.3775449748968733
136,136,4,recov,0.09276321111106474,2.3777051497827553,293.33333333333337,2.3775449748968733
137,137,5,recov,0.09276321071457766,2.37770515405694,293.33333333333337,2.3775449748968733
138,138,3,recov,0.0927672383641173,2.377661736390888,293.33333333333337,2.3775449748968733
139,139,4,recov,0.09276723804294881,2.3776617398529774,293.33333333333337,2.3775449748968733
140,140,5,recov,0.09276723775389718,2.377661742968858,293.33333333333337,2.3775449748968733
141,141,3,recov,0.09277017391037272,2.3776300926784995,293.33333333333337,2.3775449748968733
142,142,4,recov,0.09277017367623351,2.3776300952023623,293.33333333333337,2.3775449748968733
143,143,5,recov,0.0927701734655082,2.377630097473839,293.33333333333337,2.3775449748968733
144,144,3,recov,0.09277231392355824,2.377607025043581,293.33333333333337,2.3775449748968733
145,145,4,recov,0.0927723137528668,2.377607026883477,293.33333333333337,2.3775449748968733
146,146,5,recov,0.09277231359924452,2.3776070285393835,293.33333333333337,2.3775449748968733
147,147,3,recov,0.09277387399315203,2.377590209073268,293.33333333333337,2.3775449748968733
148,148,4,recov,0.09277387386871587,2.3775902104145525,293.33333333333337,2.3775449748968733
149,149,5,recov,0.09277387375672334,2.3775902116217082,293.33333333333337,2.3775449748968733
150,150,3,recov,0.0927750112838761,2.377577950409225,293.33333333333337,2.3775449748968733
151,151,4,recov,0.09277501119316102,2.3775779513870217,293.33333333333337,2.3775449748968733
152,152,5,recov,0.09277501111151748,2.377577952267038,293.33333333333337,2.3775449748968733
153,153,3,recov,0.09277584036880872,2.3775690139378995,293.33333333333337,2.3775449748968733
154,154,4,recov,0.09277584030267685,2.377569014650713,293.33333333333337,2.3775449748968733
155,155,5,recov,0.09277584024315817,2.377569015292245,293.33333333333337,2.3775449748968733
156,156,3,recov,0.09277644477172184,2.377562499300662,293.33333333333337,2.3775449748968733
157,157,4,recov,0.0927764447235114,2.377562499820303,293.33333333333337,2.3775449748968733
158,158,5,recov,0.09277644468012199,2.37756250028798,293.33333333333337,2.3775449748968733
159,159,3,recov,0.09277688538144403,2.3775577501568788,293.33333333333337,2.3775449748968733
160,160,4,recov,0.09277688534629845,2.377557750535697,293.33333333333337,2.3775449748968733
161,161,5,recov,0.09277688531466742,2.3775577508766332,293.33333333333337,2.3775449748968733
162,162,3,recov,0.09277720658593072,2.377554288045283,293.33333333333337,2.3775449748968733
163,163,4,recov,0.09277720656030951,2.3775542883214418,293.33333333333337,2.3775449748968733
164,164,5,recov,0.09277720653725041,2.3775542885699843,293.33333333333337,2.3775449748968733
165,165,3,recov,0.09277744074400111,2.3775517641734885,293.33333333333337,2.3775449748968733
166,166,4,recov,0.09277744072532321,2.377551764374808,293.33333333333337,2.3775449748968733
167,167,5,recov,0.09277744070851308,2.3775517645559954,293.33333333333337,2.3775449748968733
168,168,3,recov,0.0927776114452342,2.377549924274967,293.33333333333337,2.3775449748968733
169,169,4,recov,0.09277761143161797,2.377549924421729,293.33333333333337,2.3775449748968733
170,170,5,recov,0.09277761141936336,2.377549924553815,293.33333333333337,2.3775449748968733
171,171,3,recov,0.09277773588643302,2.3775485829910794,293.33333333333337,2.3775449748968733
172,172,4,recov,0.09277773587650678,2.377548583098069,293.33333333333337,2.3775449748968733
173,173,5,recov,0.09277773586757317,2.3775485831943595,293.33333333333337,2.3775449748968733
174,174,3,recov,0.09277782660406687,2.37754760519626,293.33333333333337,2.3775449748968733
175,175,4,recov,0.09277782659683065,2.377547605274255,293.33333333333337,2.3775449748968733
176,176,5,recov,0.09277782659031804,2.377547605344451,293.33333333333337,2.3775449748968733
177,177,3,recov,0.09277789273722195,2.3775468923844394,293.33333333333337,2.3775449748968733
178,178,4,recov,0.09277789273194673,2.377546892441298,293.33333333333337,2.3775449748968733
179,179,5,recov,0.09277789272719901,2.3775468924924708,293.33333333333337,2.3775449748968733
180,180,3,recov,0.09277794094829196,2.3775463727449426,293.33333333333337,2.3775449748968733
181,181,4,recov,0.09277794094444632,2.3775463727863926,293.33333333333337,2.3775449748968733
182,182,5,recov,0.09277794094098524,2.3775463728236974,293.33333333333337,2.3775449748968733
183,183,3,recov,0.092777976094162,2.3775459939279195,293.33333333333337,2.3775449748968733
184,184,4,recov,0.09277797609135853,2.3775459939581367,293.33333333333337,2.3775449748968733
185,185,5,recov,0.09277797608883541,2.377545993985332,293.33333333333337,2.3775449748968733
186,186,3,recov,0.09277800171550125,2.3775457177704005,293.33333333333337,2.3775449748968733
187,187,4,recov,0.09277800171345751,2.3775457177924286,293.33333333333337,2.3775449748968733
188,188,5,recov,0.09277800171161815,2.377545717812254,293.33333333333337,2.3775449748968733
189,189,3,recov,0.09277802039345756,2.377545516451617,293.33333333333337,2.3775449748968733
190,190,4,recov,0.09277802039196767,2.3775455164676758,293.33333333333337,2.3775449748968733
191,191,5,recov,0.09277802039062678,2.377545516482128,293.33333333333337,2.3775449748968733
192,192,3,recov,0.0927780340096877,2.3775453696902495,293.33333333333337,2.3775449748968733
193,193,4,recov,0.09277803400860157,2.377545369701956,293.33333333333337,2.3775449748968733
194,194,5,recov,0.09277803400762408,2.377545369712492,293.33333333333337,2.3775449748968733
195,195,3,recov,0.09277804393591947,2.3775452627012266,293.33333333333337,2.3775449748968733
196,196,4,recov,0.09277804393512769,2.3775452627097606,293.33333333333337,2.3775449748968733
197,197,5,recov,0.09277804393441508,2.377545262717441,293.33333333333337,2.3775449748968733
198,198,3,recov,0.09277805117214244,2.3775451847062357,293.33333333333337,2.3775449748968733
199,199,4,recov,0.09277805117156522,2.377545184712457,293.33333333333337,2.3775449748968733
200,200,5,recov,0.09277805117104573,2.3775451847180564,293.33333333333337,2.3775449748968733
201,201,3,recov,0.09277805644734899,2.377545127847891,293.33333333333337,2.3775449748968733
202,202,4,recov,0.0927780564469282,2.3775451278524264,293.33333333333337,2.3775449748968733
203,203,5,recov,0.09277805644654948,2.3775451278565085,293.33333333333337,2.3775449748968733
204,204,3,recov,0.09277806029297456,2.3775450863981598,293.33333333333337,2.3775449748968733
205,205,4,recov,0.09277806029266779,2.3775450864014664,293.33333333333337,2.3775449748968733
206,206,5,recov,0.09277806029239173,2.377545086404442,293.33333333333337,2.3775449748968733
207,207,3,recov,0.0927780630964356,2.377545056181307,293.33333333333337,2.3775449748968733
208,208,4,recov,0.09277806309621196,2.3775450561837173,293.33333333333337,2.3775449748968733
209,209,5,recov,0.09277806309601072,2.3775450561858866,293.33333333333337,2.3775449748968733
210,210,3,recov,0.0927780651401587,2.377545034153222,293.33333333333337,2.3775449748968733
211,211,4,recov,0.09277806513999567,2.377545034154979,293.33333333333337,2.3775449748968733
212,212,5,recov,0.09277806513984894,2.3775450341565607,293.33333333333337,2.3775449748968733
213,213,3,recov,0.09277806663003282,2.3775450180947484,293.33333333333337,2.3775449748968733
214,214,4,recov,0.092778066629914,2.3775450180960287,293.33333333333337,2.3775449748968733
215,215,5,recov,0.09277806662980703,2.377545018097182,293.33333333333337,2.3775449748968733
216,216,3,recov,0.09277806771615107,2.3775450063881207,293.33333333333337,2.3775449748968733
217,217,4,recov,0.09277806771606444,2.3775450063890546,293.33333333333337,2.3775449748968733
218,218,5,recov,0.09277806771598648,2.377545006389895,293.33333333333337,2.3775449748968733
219,219,3,recov,0.09277806850793129,2.3775449978539895,293.33333333333337,2.3775449748968733
220,220,4,recov,0.09277806850786813,2.3775449978546703,293.33333333333337,2.3775449748968733
221,221,5,recov,0.09277806850781128,2.377544997855283,293.33333333333337,2.3775449748968733
222,222,3,recov,0.09277806908513905,2.377544991632608,293.33333333333337,2.3775449748968733
223,223,4,recov,0.09277806908509299,2.3775449916331044,293.33333333333337,2.3775449748968733
224,224,5,recov,0.09277806908505157,2.377544991633551,293.33333333333337,2.3775449748968733
225,225,3,recov,0.0927780695059235,2.377544987097221,293.33333333333337,2.3775449748968733
226,226,4,recov,0.09277806950588995,2.3775449870975827,293.33333333333337,2.3775449748968733
227,227,5,recov,0.09277806950585973,2.3775449870979086,293.33333333333337,2.3775449748968733
228,228,3,recov,0.09277806981267538,2.3775449837909237,293.33333333333337,2.3775449748968733
229,229,4,recov,0.09277806981265091,2.3775449837911875,293.33333333333337,2.3775449748968733
230,230,5,recov,0.0927780698126289,2.3775449837914246,293.33333333333337,2.3775449748968733
231,231,3,recov,0.0927780700362975,2.377544981380633,293.33333333333337,2.3775449748968733
232,232,4,recov,0.09277807003627966,2.3775449813808254,293.33333333333337,2.3775449748968733
233,233,5,recov,0.09277807003626361,2.3775449813809986,293.33333333333337,2.3775449748968733
234,234,3,recov,0.09277807019931802,2.377544979623531,293.33333333333337,2.3775449748968733
235,235,4,recov,0.09277807019930503,2.3775449796236714,293.33333333333337,2.3775449748968733
236,236,5,recov,0.09277807019929331,2.3775449796237975,293.33333333333337,2.3775449748968733
237,237,3,recov,0.09277807031815999,2.3775449783426037,293.33333333333337,2.3775449748968733
238,238,4,recov,0.09277807031815051,2.3775449783427063,293.33333333333337,2.3775449748968733
239,239,5,recov,0.09277807031814198,2.377544978342798,293.33333333333337,2.3775449748968733
240,240,3,recov,0.09277807040479578,2.377544977408808,293.33333333333337,2.3775449748968733
241,241,4,recov,0.09277807040478886,2.3775449774088826,293.33333333333337,2.3775449748968733
242,242,5,recov,0.09277807040478266,2.377544977408949,293.33333333333337,2.3775449748968733
243,243,3,recov,0.09277807046795326,2.3775449767280707,293.33333333333337,2.3775449748968733
244,244,4,recov,0.09277807046794821,2.3775449767281254,293.33333333333337,2.3775449748968733
245,245,5,recov,0.09277807046794367,2.377544976728174,293.33333333333337,2.3775449748968733
246,246,3,recov,0.09277807051399507,2.377544976231813,293.33333333333337,2.3775449748968733
247,247,4,recov,0.0927780705139914,2.377544976231853,293.33333333333337,2.3775449748968733
248,248,5,recov,0.09277807051398808,2.3775449762318885,293.33333333333337,2.3775449748968733
249,249,3,recov,0.09277807054755954,2.3775449758700415,293.33333333333337,2.3775449748968733
250,250,4,recov,0.09277807054755688,2.3775449758700704,293.33333333333337,2.3775449748968733
251,251,5,recov,0.09277807054755446,2.3775449758700966,293.33333333333337,2.3775449748968733
252,252,3,recov,0.09277807057202805,2.37754497560631,293.33333333333337,2.3775449748968733
253,253,4,recov,0.09277807057202611,2.377544975606331,293.33333333333337,2.3775449748968733
254,254,5,recov,0.09277807057202435,2.37754497560635,293.33333333333337,2.3775449748968733
255,255,3,recov,0.09277807058986559,2.37754497541405,293.33333333333337,2.3775449748968733
256,256,4,recov,0.09277807058986419,2.377544975414065,293.33333333333337,2.3775449748968733
257,257,5,recov,0.0927780705898629,2.3775449754140787,293.33333333333337,2.3775449748968733
258,258,3,recov,0.09277807060286918,2.3775449752738917,293.33333333333337,2.3775449748968733
259,259,4,recov,0.09277807060286813,2.377544975273903,293.33333333333337,2.3775449748968733
260,260,5,recov,0.0927780706028672,2.377544975273913,293.33333333333337,2.3775449748968733
261,261,3,recov,0.09277807061234876,2.377544975171717,293.33333333333337,2.3775449748968733
262,262,4,recov,0.09277807061234801,2.377544975171725,293.33333333333337,2.3775449748968733
263,263,5,recov,0.09277807061234733,2.3775449751717326,293.33333333333337,2.3775449748968733
264,264,3,recov,0.09277807061925941,2.3775449750972313,293.33333333333337,2.3775449748968733
265,265,4,recov,0.09277807061925884,2.3775449750972375,293.33333333333337,2.3775449748968733
266,266,5,recov,0.09277807061925836,2.3775449750972424,293.33333333333337,2.3775449748968733
267,267,3,recov,0.09277807062429723,2.3775449750429316,293.33333333333337,2.3775449748968733
268,268,4,recov,0.09277807062429684,2.3775449750429356,293.33333333333337,2.3775449748968733
269,269,5,recov,0.09277807062429648,2.3775449750429396,293.33333333333337,2.3775449748968733
270,270,3,recov,0.09277807062796985,2.3775449750033464,293.33333333333337,2.3775449748968733
271,271,4,recov,0.09277807062796954,2.37754497500335,293.33333333333337,2.3775449748968733
272,272,5,recov,0.09277807062796928,2.3775449750033526,293.33333333333337,2.3775449748968733
273,273,3,recov,0.09277807063064715,2.3775449749744895,293.33333333333337,2.3775449748968733
274,274,4,recov,0.09277807063064694,2.3775449749744917,293.33333333333337,2.3775449748968733
275,275,5,recov,0.09277807063064675,2.377544974974494,293.33333333333337,2.3775449748968733
276,276,3,recov,0.09277807063259892,2.3775449749534525,293.33333333333337,2.3775449748968733
277,277,4,recov,0.09277807063259876,2.3775449749534543,293.33333333333337,2.3775449748968733
278,278,5,recov,0.09277807063259862,2.3775449749534556,293.33333333333337,2.3775449748968733
279,279,3,recov,0.09277807063402174,2.377544974938117,293.33333333333337,2.3775449748968733
280,280,4,recov,0.09277807063402163,2.377544974938118,293.33333333333337,2.3775449748968733
281,281,5,recov,0.09277807063402153,2.377544974938119,293.33333333333337,2.3775449748968733
282,282,3,recov,0.092778070635059,2.377544974926937,293.33333333333337,2.3775449748968733
283,283,4,recov,0.09277807063505893,2.3775449749269377,293.33333333333337,2.3775449748968733
284,284,5,recov,0.09277807063505886,2.377544974926938,293.33333333333337,2.3775449748968733
285,285,3,recov,0.09277807063581515,2.3775449749187865,293.33333333333337,2.3775449748968733
286,286,4,recov,0.0927780706358151,2.3775449749187874,293.33333333333337,2.3775449748968733
287,287,5,recov,0.09277807063581504,2.377544974918788,293.33333333333337,2.3775449748968733
288,288,3,recov,0.09277807063636638,2.3775449749128454,293.33333333333337,2.3775449748968733
289,289,4,recov,0.09277807063636635,2.3775449749128454,293.33333333333337,2.3775449748968733
290,290,5,recov,0.09277807063636631,2.377544974912846,293.33333333333337,2.3775449748968733
291,291,3,recov,0.09277807063676825,2.377544974908514,293.33333333333337,2.3775449748968733
292,292,4,recov,0.09277807063676821,2.3775449749085142,293.33333333333337,2.3775449748968733
293,293,5,recov,0.0927780706367682,2.3775449749085142,293.33333333333337,2.3775449748968733
294,294,3,recov,0.09277807063706119,2.3775449749053563,293.33333333333337,2.3775449748968733
295,295,4,recov,0.09277807063706117,2.3775449749053563,293.33333333333337,2.3775449748968733
296,296,5,recov,0.09277807063706116,2.3775449749053568,293.33333333333337,2.3775449748968733
297,297,3,recov,0.09277807063727475,2.3775449749030546,293.33333333333337,2.3775449748968733
298,298,4,recov,0.09277807063727474,2.3775449749030546,293.33333333333337,2.3775449748968733
299,299,5,recov,0.09277807063727471,2.377544974903055,293.33333333333337,2.3775449748968733
300,300,3,recov,0.09277807063743043,2.3775449749013764,293.33333333333337,2.3775449748968733
301,301,4,recov,0.09277807063743043,2.3775449749013764,293.33333333333337,2.3775449748968733
302,302,5,recov,0.09277807063743042,2.3775449749013764,293.33333333333337,2.3775449748968733
303,303,3,recov,0.09277807063754394,2.377544974900153,293.33333333333337,2.3775449748968733
304,304,4,recov,0.09277807063754391,2.3775449749001534,293.33333333333337,2.3775449748968733
305,305,5,recov,0.09277807063754391,2.3775449749001534,293.33333333333337,2.3775449748968733
306,306,3,recov,0.09277807063762666,2.377544974899261,293.33333333333337,2.3775449748968733
307,307,4,recov,0.09277807063762666,2.377544974899261,293.33333333333337,2.3775449748968733
308,308,5,recov,0.09277807063762666,2.377544974899261,293.33333333333337,2.3775449748968733
309,309,3,recov,0.09277807063768698,2.3775449748986115,293.33333333333337,2.3775449748968733
310,310,4,recov,0.09277807063768698,2.3775449748986115,293.33333333333337,2.3775449748968733
311,311,5,recov,0.09277807063768698,2.3775449748986115,293.33333333333337,2.3775449748968733
312,312,3,recov,0.09277807063773096,2.377544974898137,293.33333333333337,2.3775449748968733
313,313,4,recov,0.09277807063773096,2.377544974898137,293.33333333333337,2.3775449748968733
314,314,5,recov,0.09277807063773094,2.3775449748981377,293.33333333333337,2.3775449748968733
315,315,3,recov,0.09277807063776301,2.3775449748977917,293.33333333333337,2.3775449748968733
316,316,4,recov,0.09277807063776301,2.3775449748977917,293.33333333333337,2.3775449748968733
317,317,5,recov,0.09277807063776301,2.3775449748977917,293.33333333333337,2.3775449748968733
318,318,3,recov,0.09277807063778638,2.37754497489754,293.33333333333337,2.3775449748968733
319,319,4,recov,0.09277807063778638,2.37754497489754,293.33333333333337,2.3775449748968733
320,320,5,recov,0.09277807063778638,2.37754497489754,293.33333333333337,2.3775449748968733
321,321,3,recov,0.09277807063780343,2.377544974897356,293.33333333333337,2.3775449748968733
322,322,4,recov,0.09277807063780343,2.377544974897356,293.33333333333337,2.3775449748968733
323,323,5,recov,0.09277807063780341,2.3775449748973565,293.33333333333337,2.3775449748968733
324,324,3,recov,0.09277807063781583,2.3775449748972224,293.33333333333337,2.3775449748968733
325,325,4,recov,0.09277807063781583,2.3775449748972224,293.33333333333337,2.3775449748968733
326,326,5,recov,0.09277807063781583,2.3775449748972224,293.33333333333337,2.3775449748968733
327,327,3,recov,0.09277807063782488,2.377544974897125,293.33333333333337,2.3775449748968733
328,328,4,recov,0.09277807063782488,2.377544974897125,293.33333333333337,2.3775449748968733
329,329,5,recov,0.09277807063782488,2.377544974897125,293.33333333333337,2.3775449748968733
330,330,3,recov,0.09277807063783149,2.3775449748970536,293.33333333333337,2.3775449748968733
331,331,4,recov,0.09277807063783149,2.3775449748970536,293.33333333333337,2.3775449748968733
332,332,5,recov,0.09277807063783149,2.3775449748970536,293.33333333333337,2.3775449748968733
333,333,3,recov,0.09277807063783629,2.377544974897002,293.33333333333337,2.3775449748968733
334,334,4,recov,0.09277807063783629,2.377544974897002,293.33333333333337,2.3775449748968733
335,335,5,recov,0.09277807063783629,2.377544974897002,293.33333333333337,2.3775449748968733
336,336,3,recov,0.09277807063783981,2.377544974896964,293.33333333333337,2.3775449748968733
337,337,4,recov,0.09277807063783981,2.377544974896964,293.33333333333337,2.3775449748968733
338,338,5,recov,0.09277807063783981,2.377544974896964,293.33333333333337,2.3775449748968733
339,339,3,recov,0.09277807063784235,2.3775449748969364,293.33333333333337,2.3775449748968733
340,340,4,recov,0.09277807063784235,2.3775449748969364,293.33333333333337,2.3775449748968733
341,341,5,recov,0.09277807063784235,2.3775449748969364,293.33333333333337,2.3775449748968733
342,342,3,recov,0.09277807063784423,2.3775449748969164,293.33333333333337,2.3775449748968733
343,343,4,recov,0.09277807063784423,2.3775449748969164,293.33333333333337,2.3775449748968733
344,344,5,recov,0.09277807063784423,2.3775449748969164,293.33333333333337,2.3775449748968733
345,345,3,recov,0.09277807063784559,2.3775449748969018,293.33333333333337,2.3775449748968733
346,346,4,recov,0.09277807063784559,2.3775449748969018,293.33333333333337,2.3775449748968733
347,347,5,recov,0.09277807063784559,2.3775449748969018,293.33333333333337,2.3775449748968733
348,348,3,recov,0.09277807063784657,2.377544974896891,293.33333333333337,2.3775449748968733
349,349,4,recov,0.09277807063784657,2.377544974896891,293.33333333333337,2.3775449748968733
350,350,5,recov,0.09277807063784657,2.377544974896891,293.33333333333337,2.3775449748968733
351,351,3,recov,0.09277807063784729,2.3775449748968835,293.33333333333337,2.3775449748968733
352,352,4,recov,0.09277807063784729,2.3775449748968835,293.33333333333337,2.3775449748968733
353,353,5,recov,0.09277807063784729,2.3775449748968835,293.33333333333337,2.3775449748968733
354,354,3,recov,0.09277807063784782,2.3775449748968778,293.33333333333337,2.3775449748968733
355,355,4,recov,0.09277807063784782,2.3775449748968778,293.33333333333337,2.3775449748968733
356,356,5,recov,0.09277807063784782,2.3775449748968778,293.33333333333337,2.3775449748968733
357,357,3,recov,0.09277807063784821,2.3775449748968733,293.33333333333337,2.3775449748968733
358,358,4,recov,0.09277807063784821,2.3775449748968733,293.33333333333337,2.3775449748968733
359,359,5,recov,0.09277807063784821,2.3775449748968733,293.33333333333337,2.3775449748968733
360,360,0,fam_r,0.07142857142857217,2.639057329615248,293.33333333333337,2.3775449748968733
361,361,1,fam_r,0.07142857142857217,2.639057329615248,293.33333333333337,2.3775449748968733
362,362,2,fam_r,0.07142857142857217,2.639057329615248,293.33333333333337,2.3775449748968733
363,363,0,fam_r,0.07721428571428626,2.5611707909581805,293.33333333333337,2.3775449748968733
364,364,1,fam_r,0.07721428571428626,2.5611707909581805,293.33333333333337,2.3775449748968733
365,365,2,fam_r,0.07721428571428626,2.5611707909581805,293.33333333333337,2.3775449748968733
366,366,0,fam_r,0.08143207142857183,2.5079860856764284,293.33333333333337,2.3775449748968733
367,367,1,fam_r,0.08143207142857183,2.5079860856764284,293.33333333333337,2.3775449748968733
368,368,2,fam_r,0.08143207142857183,2.5079860856764284,293.33333333333337,2.3775449748968733
369,369,0,fam_r,0.084506837214286,2.4709228341138196,293.33333333333337,2.3775449748968733
370,370,1,fam_r,0.084506837214286,2.4709228341138196,293.33333333333337,2.3775449748968733
371,371,2,fam_r,0.084506837214286,2.4709228341138196,293.33333333333337,2.3775449748968733
372,372,0,fam_r,0.08674834147207164,2.4447439788154894,293.33333333333337,2.3775449748968733
373,373,1,fam_r,0.08674834147207164,2.4447439788154894,293.33333333333337,2.3775449748968733
374,374,2,fam_r,0.08674834147207164,2.4447439788154894,293.33333333333337,2.3775449748968733
0,0,0,fam,0.07692307692307693,2.5649493574615367,366.6666666666667,2.3775449748968622
1,1,1,fam,0.07633587786259542,2.5726122302071057,366.6666666666667,2.3775449748968622
2,2,2,fam,0.0758150113722517,2.579458966729223,366.6666666666667,2.3775449748968622
3,3,0,fam,0.08145580589254765,2.507694664798041,366.6666666666667,2.3775449748968622
4,4,1,fam,0.0810107989418386,2.5131728129264435,366.6666666666667,2.3775449748968622
5,5,2,fam,0.0806144296100305,2.5180776180733173,366.6666666666667,2.3775449748968622
6,6,0,fam,0.08464520963229993,2.4692867622901673,366.6666666666667,2.3775449748968622
7,7,1,fam,0.08431253012795407,2.473224787677484,366.6666666666667,2.3775449748968622
8,8,2,fam,0.0840153465593269,2.4767557996910687,366.6666666666667,2.3775449748968622
9,9,0,fam,0.08691194200511142,2.442859833769051,366.6666666666667,2.3775449748968622
10,10,1,fam,0.08666528847106482,2.445701839018106,366.6666666666667,2.3775449748968622
11,11,2,fam,0.08644449423314295,2.4482527561783227,366.6666666666667,2.3775449748968622
12,12,0,fam,0.08853439345099945,2.424364175899032,366.6666666666667,2.3775449748968622
13,13,1,fam,0.08835248549876605,2.4264209481982633,366.6666666666667,2.3775449748968622
14,14,2,fam,0.08818940628950807,2.428268433279467,366.6666666666667,2.3775449748968622
15,15,0,fam,0.08970159543563573,2.4112667237251078,366.6666666666667,2.3775449748968622
16,16,1,fam,0.08956790620797266,2.4127582128096474,366.6666666666667,2.3775449748968622
17,17,2,fam,0.08944792615972876,2.4140986536480007,366.6666666666667,2.3775449748968622
18,18,0,fam,0.09054435548415889,2.401915432496739,366.6666666666667,2.3775449748968622
19,19,1,fam,0.09044633669224446,2.4029985688759483,366.6666666666667,2.3775449748968622
20,20,2,fam,0.09035830105142481,2.4039723895574916,366.6666666666667,2.3775449748968622
21,21,0,fam,0.09115446065445164,2.3951998415403115,366.6666666666667,2.3775449748968622
22,22,1,fam,0.09108271291138516,2.395987252202688,366.6666666666667,2.3775449748968622
23,23,2,fam,0.091018236442585,2.3966953920748115,366.6666666666667,2.3775449748968622
24,24,0,fam,0.09159698026102438,2.3903569744281654,366.6666666666667,2.3775449748968622
25,25,1,fam,0.09154452294449596,2.3909298354896382,366.6666666666667,2.3775449748968622
26,26,2,fam,0.09149736270522889,2.391445130009722,366.6666666666667,2.3775449748968622
27,27,0,fam,0.0919183907485238,2.3868541526823135,366.6666666666667,2.3775449748968622
28,28,1,fam,0.09188006870567961,2.3872711533852935,366.6666666666667,2.3775449748968622
29,29,2,fam,0.09184560617752079,2.387646305400219,366.6666666666667,2.3775449748968622
30,30,0,fam,0.0921520715700088,2.384315114706519,366.6666666666667,2.3775449748968622
31,31,1,fam,0.092124092228999,2.384618782209119,366.6666666666667,2.3775449748968622
32,32,2,fam,0.09209892534478836,2.3848920041408697,366.6666666666667,2.3775449748968622
33,33,0,fam,0.09232209261643973,2.3824718094900748,366.6666666666667,2.3775449748968622
34,34,1,fam,0.0923016731656539,2.382693010165758,366.6666666666667,2.3775449748968622
35,35,2,fam,0.09228330338127717,2.382892048947581,366.6666666666667,2.3775449748968622
36,36,0,fam,0.09244586182611363,2.3811320833610528,366.6666666666667,2.3775449748968622
37,37,1,fam,0.09243096412680364,2.381293246873737,366.6666666666667,2.3775449748968622
38,38,2,fam,0.09241756030214962,2.3814382718309974,366.6666666666667,2.3775449748968622
39,39,0,fam,0.09253599614940203,2.3801575626009286,366.6666666666667,2.3775449748968622
40,40,1,fam,0.09252512940886924,2.380275002074103,366.6666666666667,2.3775449748968622
41,41,2,fam,0.09251535152430612,2.380380685809066,366.6666666666667,2.3775449748968622
42,42,0,fam,0.09260165448544444,2.3794482704761775,366.6666666666667,2.3775449748968622
43,43,1,fam,0.09259372928061607,2.379533857974873,366.6666666666667,2.3775449748968622
44,44,2,fam,0.09258659775602193,2.3796108804611356,366.6666666666667,2.3775449748968622
45,45,0,fam,0.09264949308657242,2.3789317975385647,366.6666666666667,2.3775449748968622
46,46,1,fam,0.09264371383392797,2.3789941770800747,366.6666666666667,2.3775449748968622
47,47,2,fam,0.09263851312296136,2.379050315340645,366.6666666666667,2.3775449748968622
48,48,0,fam,0.09268435344621863,2.3785556076443872,366.6666666666667,2.3775449748968622
49,49,1,fam,0.09268013942694288,2.378601075028255,366.6666666666667,2.3775449748968622
50,50,2,fam,0.09267634713721058,2.3786419939062844,366.6666666666667,2.3775449748968622
51,51,0,fam,0.09270975922244294,2.3782815344711064,366.6666666666667,2.3775449748968622
52,52,1,fam,0.0927066867010366,2.378314676314499,366.6666666666667,2.3775449748968622
53,53,2,fam,0.09270392160589044,2.378344503034465,366.6666666666667,2.3775449748968622
54,54,0,fam,0.09272827608835951,2.3780818249999927,366.6666666666667,2.3775449748968622
55,55,1,fam,0.09272603595396045,2.378105983342546,366.6666666666667,2.3775449748968622
56,56,2,fam,0.09272401992553982,2.378127725351856,366.6666666666667,2.3775449748968622
57,57,0,fam,0.09274177278768782,2.3779362845266503,366.6666666666667,2.3775449748968622
58,58,1,fam,0.0927401395882481,2.377953894863085,366.6666666666667,2.3775449748968622
59,59,2,fam,0.09273866975793278,2.377969743900725,366.6666666666667,2.3775449748968622
60,60,0,fam,0.09275161076786383,2.3778302108759717,366.6666666666667,2.3775449748968622
61,61,1,fam,0.0927504200903151,2.377843048229215,366.6666666666667,2.3775449748968622
62,62,2,fam,0.09274934850665838,2.377854601706234,366.6666666666667,2.3775449748968622
63,63,0,fam,0.09275878206366878,2.3777528966543904,366.6666666666667,2.3775449748968622
64,64,1,fam,0.09275791401980266,2.3777622547756208,366.6666666666667,2.3775449748968622
65,65,2,fam,0.09275713279421374,2.377770677009853,366.6666666666667,2.3775449748968622
66,66,3,recov,0.07143344423520694,2.638989112649192,366.6666666666667,2.3775449748968622
67,67,4,recov,0.07143295692462584,2.6389959345552123,366.6666666666667,2.3775449748968622
68,68,5,recov,0.07143251835078751,2.63900207423084,366.6666666666667,2.3775449748968622
69,69,3,recov,0.07721812565369142,2.561121061249605,366.6666666666667,2.3775449748968622
70,70,4,recov,0.07721774164256417,2.561126034331752,366.6666666666667,2.3775449748968622
71,71,5,recov,0.07721739603581528,2.5611305100845385,366.6666666666667,2.3775449748968622
72,72,3,recov,0.08143502361561986,2.507949832963165,366.6666666666667,2.3775449748968622
73,73,4,recov,0.08143472838728265,2.5079534582936343,366.6666666666667,2.3775449748968622
74,74,5,recov,0.08143446268360936,2.507956721079819,366.6666666666667,2.3775449748968622
75,75,3,recov,0.08450907059878592,2.4708964060156724,366.6666666666667,2.3775449748968622
76,76,4,recov,0.08450884725502365,2.470899048856918,366.6666666666667,2.3775449748968622
77,77,5,recov,0.08450864624664699,2.4709014274080667,366.6666666666667,2.3775449748968622
78,78,3,recov,0.08675001278298092,2.4447247128009324,366.6666666666667,2.3775449748968622
79,79,4,recov,0.08674984564899198,2.4447266394190916,366.6666666666667,2.3775449748968622
80,80,5,recov,0.08674969522895258,2.444728373372261,366.6666666666667,2.3775449748968622
81,81,3,recov,0.08838363940559198,2.426068401064332,366.6666666666667,2.3775449748968622
82,82,4,recov,0.08838351527106339,2.4260698055620034,366.6666666666667,2.3775449748968622
83,83,5,recov,0.08838340355028582,2.4260710696082213,366.6666666666667,2.3775449748968622
84,84,3,recov,0.08957454246277498,2.4126841236715943,366.6666666666667,2.3775449748968622
85,85,4,recov,0.08957445074967826,2.412685147546695,366.6666666666667,2.3775449748968622
86,86,5,recov,0.08957436820805181,2.412686069033389,366.6666666666667,2.3775449748968622
87,87,3,recov,0.09044270507816578,2.403038721823232,366.6666666666667,2.3775449748968622
88,88,4,recov,0.09044263757148634,2.403039468226212,366.6666666666667,2.3775449748968622
89,89,5,recov,0.09044257681556099,2.4030401399884185,366.6666666666667,2.3775449748968622
90,90,3,recov,0.09107559258853229,2.396065429509366,366.6666666666667,2.3775449748968622
91,91,4,recov,0.09107554303188163,2.396065973636093,366.6666666666667,2.3775449748968622
92,92,5,recov,0.09107549843094218,2.3960664633498947,366.6666666666667,2.3775449748968622
93,93,3,recov,0.09153696597001007,2.391012388614315,366.6666666666667,2.3775449748968622
94,94,4,recov,0.09153692966024775,2.3910127852821432,366.6666666666667,2.3775449748968622
95,95,5,recov,0.09153689698148629,2.3910131422830543,366.6666666666667,2.3775449748968622
96,96,3,recov,0.09187330630758901,2.3873447563663888,366.6666666666667,2.3775449748968622
97,97,4,recov,0.09187327974053819,2.3873450455369403,366.6666666666667,2.3775449748968622
98,98,5,recov,0.09187325583020557,2.3873453057903657,366.6666666666667,2.3775449748968622
99,99,3,recov,0.09211849795796519,2.38467950943869,366.6666666666667,2.3775449748968622
100,100,4,recov,0.09211847853891111,2.3846797202438657,366.6666666666667,2.3775449748968622
101,101,5,recov,0.09211846106176948,2.3846799099684852,366.6666666666667,2.3775449748968622
102,102,3,recov,0.0922972424289023,2.3827410140962053,366.6666666666667,2.3775449748968622
103,103,4,recov,0.0922972282449503,2.3827411677730947,366.6666666666667,2.3775449748968622
104,104,5,recov,0.09229721547939719,2.382741306082275,366.6666666666667,2.3775449748968622
105,105,3,recov,0.09242754701950755,2.381330216849047,366.6666666666667,2.3775449748968622
106,106,4,recov,0.09242753666481232,2.381330328879455,366.6666666666667,2.3775449748968622
107,107,5,recov,0.0924275273455886,2.3813304297068116,366.6666666666667,2.3775449748968622
108,108,3,recov,0.09252253899765817,2.3803029993056652,366.6666666666667,2.3775449748968622
109,109,4,recov,0.09252253144132941,2.3803030809758092,366.6666666666667,2.3775449748968622
110,110,5,recov,0.09252252464063458,2.380303154478933,366.6666666666667,2.3775449748968622
111,111,3,recov,0.09259178811337912,2.3795548225434238,366.6666666666667,2.3775449748968622
112,112,4,recov,0.09259178260069363,2.379554882080946,366.6666666666667,2.3775449748968622
113,113,5,recov,0.09259177763927724,2.379554935664713,366.6666666666667,2.3775449748968622
114,114,3,recov,0.0926422706994214,2.3790097544537248,366.6666666666667,2.3775449748968622
115,115,4,recov,0.09264226667848317,2.379009797856572,366.6666666666667,2.3775449748968622
116,116,5,recov,0.09264226305963907,2.3790098369191326,366.6666666666667,2.3775449748968622
117,117,3,recov,0.09267907249437968,2.3786125870815504,366.6666666666667,2.3775449748968622
118,118,4,recov,0.09267906956195159,2.3786126187222223,366.6666666666667,2.3775449748968622
119,119,5,recov,0.09267906692276645,2.3786126471988265,366.6666666666667,2.3775449748968622
120,120,3,recov,0.0927059009974482,2.378323151505943,366.6666666666667,2.3775449748968622
121,121,4,recov,0.09270589885908946,2.3783231745719906,366.6666666666667,2.3775449748968622
122,122,5,recov,0.09270589693456668,2.378323195331433,366.6666666666667,2.3775449748968622
123,123,3,recov,0.09272545897328557,2.37811220578551,366.6666666666667,2.3775449748968622
124,124,4,recov,0.09272545741409328,2.378112222600658,366.6666666666667,2.3775449748968622
125,125,5,recov,0.09272545601082025,2.378112237734291,366.6666666666667,2.3775449748968622
126,126,3,recov,0.09273971673613009,2.3779584544106975,366.6666666666667,2.3775449748968622
127,127,4,recov,0.09273971559930416,2.37795846666894,366.6666666666667,2.3775449748968622
128,128,5,recov,0.09273971457616087,2.377958477701358,366.6666666666667,2.3775449748968622
129,129,3,recov,0.0927501106444248,2.3778463845635,366.6666666666667,2.3775449748968622
130,130,4,recov,0.09275010981558586,2.3778463934997585,366.6666666666667,2.3775449748968622
131,131,5,recov,0.0927501090696308,2.3778464015423912,366.6666666666667,2.3775449748968622
132,132,3,recov,0.09275768780313644,2.377764693564208,366.6666666666667,2.3775449748968622
133,133,4,recov,0.0927576871988635,2.3777647000787403,366.6666666666667,2.3775449748968622
134,134,5,recov,0.09275768665501785,2.377764705941819,366.6666666666667,2.3775449748968622
135,135,3,recov,0.09276321155160594,2.3777051450336613,366.6666666666667,2.3775449748968622
136,136,4,recov,0.09276321111106474,2.3777051497827553,366.6666666666667,2.3775449748968622
137,137,5,recov,0.09276321071457766,2.37770515405694,366.6666666666667,2.3775449748968622
138,138,3,recov,0.0927672383641173,2.377661736390888,366.6666666666667,2.3775449748968622
139,139,4,recov,0.09276723804294881,2.3776617398529774,366.6666666666667,2.3775449748968622
140,140,5,recov,0.09276723775389718,2.377661742968858,366.6666666666667,2.3775449748968622
141,141,3,recov,0.09277017391037272,2.3776300926784995,366.6666666666667,2.3775449748968622
142,142,4,recov,0.09277017367623351,2.3776300952023623,366.6666666666667,2.3775449748968622
143,143,5,recov,0.0927701734655082,2.377630097473839,366.6666666666667,2.3775449748968622
144,144,3,recov,0.09277231392355824,2.377607025043581,366.6666666666667,2.3775449748968622
145,145,4,recov,0.0927723137528668,2.377607026883477,366.6666666666667,2.3775449748968622
146,146,5,recov,0.09277231359924452,2.3776070285393835,366.6666666666667,2.3775449748968622
147,147,3,recov,0.09277387399315203,2.377590209073268,366.6666666666667,2.3775449748968622
148,148,4,recov,0.09277387386871587,2.3775902104145525,366.6666666666667,2.3775449748968622
149,149,5,recov,0.09277387375672334,2.3775902116217082,366.6666666666667,2.3775449748968622
150,150,3,recov,0.0927750112838761,2.377577950409225,366.6666666666667,2.3775449748968622
151,151,4,recov,0.09277501119316102,2.3775779513870217,366.6666666666667,2.3775449748968622
152,152,5,recov,0.09277501111151748,2.377577952267038,366.6666666666667,2.3775449748968622
153,153,3,recov,0.09277584036880872,2.3775690139378995,366.6666666666667,2.3775449748968622
154,154,4,recov,0.09277584030267685,2.377569014650713,366.6666666666667,2.3775449748968622
155,155,5,recov,0.09277584024315817,2.377569015292245,366.6666666666667,2.3775449748968622
156,156,3,recov,0.09277644477172184,2.377562499300662,366.6666666666667,2.3775449748968622
157,157,4,recov,0.0927764447235114,2.377562499820303,366.6666666666667,2.3775449748968622
158,158,5,recov,0.09277644468012199,2.37756250028798,366.6666666666667,2.3775449748968622
159,159,3,recov,0.09277688538144403,2.3775577501568788,366.6666666666667,2.3775449748968622
160,160,4,recov,0.09277688534629845,2.377557750535697,366.6666666666667,2.3775449748968622
161,161,5,recov,0.09277688531466742,2.3775577508766332,366.6666666666667,2.3775449748968622
162,162,3,recov,0.09277720658593072,2.377554288045283,366.6666666666667,2.3775449748968622
163,163,4,recov,0.09277720656030951,2.3775542883214418,366.6666666666667,2.3775449748968622
164,164,5,recov,0.09277720653725041,2.3775542885699843,366.6666666666667,2.3775449748968622
165,165,3,recov,0.09277744074400111,2.3775517641734885,366.6666666666667,2.3775449748968622
166,166,4,recov,0.09277744072532321,2.377551764374808,366.6666666666667,2.3775449748968622
167,167,5,recov,0.09277744070851308,2.3775517645559954,366.6666666666667,2.3775449748968622
168,168,3,recov,0.0927776114452342,2.377549924274967,366.6666666666667,2.3775449748968622
169,169,4,recov,0.09277761143161797,2.377549924421729,366.6666666666667,2.3775449748968622
170,170,5,recov,0.09277761141936336,2.377549924553815,366.6666666666667,2.3775449748968622
171,171,3,recov,0.09277773588643302,2.3775485829910794,366.6666666666667,2.3775449748968622
172,172,4,recov,0.09277773587650678,2.377548583098069,366.6666666666667,2.3775449748968622
173,173,5,recov,0.09277773586757317,2.3775485831943595,366.6666666666667,2.3775449748968622
174,174,3,recov,0.09277782660406687,2.37754760519626,366.6666666666667,2.3775449748968622
175,175,4,recov,0.09277782659683065,2.377547605274255,366.6666666666667,2.3775449748968622
176,176,5,recov,0.09277782659031804,2.377547605344451,366.6666666666667,2.3775449748968622
177,177,3,recov,0.09277789273722195,2.3775468923844394,366.6666666666667,2.3775449748968622
178,178,4,recov,0.09277789273194673,2.377546892441298,366.6666666666667,2.3775449748968622
179,179,5,recov,0.09277789272719901,2.3775468924924708,366.6666666666667,2.3775449748968622
180,180,3,recov,0.09277794094829196,2.3775463727449426,366.6666666666667,2.3775449748968622
181,181,4,recov,0.09277794094444632,2.3775463727863926,366.6666666666667,2.3775449748968622
182,182,5,recov,0.09277794094098524,2.3775463728236974,366.6666666666667,2.3775449748968622
183,183,3,recov,0.092777976094162,2.3775459939279195,366.6666666666667,2.3775449748968622
184,184,4,recov,0.09277797609135853,2.3775459939581367,366.6666666666667,2.3775449748968622
185,185,5,recov,0.09277797608883541,2.377545993985332,366.6666666666667,2.3775449748968622
186,186,3,recov,0.09277800171550125,2.3775457177704005,366.6666666666667,2.3775449748968622
187,187,4,recov,0.09277800171345751,2.3775457177924286,366.6666666666667,2.3775449748968622
188,188,5,recov,0.09277800171161815,2.377545717812254,366.6666666666667,2.3775449748968622
189,189,3,recov,0.09277802039345756,2.377545516451617,366.6666666666667,2.3775449748968622
190,190,4,recov,0.09277802039196767,2.3775455164676758,366.6666666666667,2.3775449748968622
191,191,5,recov,0.09277802039062678,2.377545516482128,366.6666666666667,2.3775449748968622
192,192,3,recov,0.0927780340096877,2.3775453696902495,366.6666666666667,2.3775449748968622
193,193,4,recov,0.09277803400860157,2.377545369701956,366.6666666666667,2.3775449748968622
194,194,5,recov,0.09277803400762408,2.377545369712492,366.6666666666667,2.3775449748968622
195,195,3,recov,0.09277804393591947,2.3775452627012266,366.6666666666667,2.3775449748968622
196,196,4,recov,0.09277804393512769,2.3775452627097606,366.6666666666667,2.3775449748968622
197,197,5,recov,0.09277804393441508,2.377545262717441,366.6666666666667,2.3775449748968622
198,198,3,recov,0.09277805117214244,2.3775451847062357,366.6666666666667,2.3775449748968622
199,199,4,recov,0.09277805117156522,2.377545184712457,366.6666666666667,2.3775449748968622
200,200,5,recov,0.09277805117104573,2.3775451847180564,366.6666666666667,2.3775449748968622
201,201,3,recov,0.09277805644734899,2.377545127847891,366.6666666666667,2.3775449748968622
202,202,4,recov,0.0927780564469282,2.3775451278524264,366.6666666666667,2.3775449748968622
203,203,5,recov,0.09277805644654948,2.3775451278565085,366.6666666666667,2.3775449748968622
204,204,3,recov,0.09277806029297456,2.3775450863981598,366.6666666666667,2.3775449748968622
205,205,4,recov,0.09277806029266779,2.3775450864014664,366.6666666666667,2.3775449748968622
206,206,5,recov,0.09277806029239173,2.377545086404442,366.6666666666667,2.3775449748968622
207,207,3,recov,0.0927780630964356,2.377545056181307,366.6666666666667,2.3775449748968622
208,208,4,recov,0.09277806309621196,2.3775450561837173,366.6666666666667,2.3775449748968622
209,209,5,recov,0.09277806309601072,2.3775450561858866,366.6666666666667,2.3775449748968622
210,210,3,recov,0.0927780651401587,2.377545034153222,366.6666666666667,2.3775449748968622
211,211,4,recov,0.09277806513999567,2.377545034154979,366.6666666666667,2.3775449748968622
212,212,5,recov,0.09277806513984894,2.3775450341565607,366.6666666666667,2.3775449748968622
213,213,3,recov,0.09277806663003282,2.3775450180947484,366.6666666666667,2.3775449748968622
214,214,4,recov,0.092778066629914,2.3775450180960287,366.6666666666667,2.3775449748968622
215,215,5,recov,0.09277806662980703,2.377545018097182,366.6666666666667,2.3775449748968622
216,216,3,recov,0.09277806771615107,2.3775450063881207,366.6666666666667,2.3775449748968622
217,217,4,recov,0.09277806771606444,2.3775450063890546,366.6666666666667,2.3775449748968622
218,218,5,recov,0.09277806771598648,2.377545006389895,366.6666666666667,2.3775449748968622
219,219,3,recov,0.09277806850793129,2.3775449978539895,366.6666666666667,2.3775449748968622
220,220,4,recov,0.09277806850786813,2.3775449978546703,366.6666666666667,2.3775449748968622
221,221,5,recov,0.09277806850781128,2.377544997855283,366.6666666666667,2.3775449748968622
222,222,3,recov,0.09277806908513905,2.377544991632608,366.6666666666667,2.3775449748968622
223,223,4,recov,0.09277806908509299,2.3775449916331044,366.6666666666667,2.3775449748968622
224,224,5,recov,0.09277806908505157,2.377544991633551,366.6666666666667,2.3775449748968622
225,225,3,recov,0.0927780695059235,2.377544987097221,366.6666666666667,2.3775449748968622
226,226,4,recov,0.09277806950588995,2.3775449870975827,366.6666666666667,2.3775449748968622
227,227,5,recov,0.09277806950585973,2.3775449870979086,366.6666666666667,2.3775449748968622
228,228,3,recov,0.09277806981267538,2.3775449837909237,366.6666666666667,2.3775449748968622
229,229,4,recov,0.09277806981265091,2.3775449837911875,366.6666666666667,2.3775449748968622
230,230,5,recov,0.0927780698126289,2.3775449837914246,366.6666666666667,2.3775449748968622
231,231,3,recov,0.0927780700362975,2.377544981380633,366.6666666666667,2.3775449748968622
232,232,4,recov,0.09277807003627966,2.3775449813808254,366.6666666666667,2.3775449748968622
233,233,5,recov,0.09277807003626361,2.3775449813809986,366.6666666666667,2.3775449748968622
234,234,3,recov,0.09277807019931802,2.377544979623531,366.6666666666667,2.3775449748968622
235,235,4,recov,0.09277807019930503,2.3775449796236714,366.6666666666667,2.3775449748968622
236,236,5,recov,0.09277807019929331,2.3775449796237975,366.6666666666667,2.3775449748968622
237,237,3,recov,0.09277807031815999,2.3775449783426037,366.6666666666667,2.3775449748968622
238,238,4,recov,0.09277807031815051,2.3775449783427063,366.6666666666667,2.3775449748968622
239,239,5,recov,0.09277807031814198,2.377544978342798,366.6666666666667,2.3775449748968622
240,240,3,recov,0.09277807040479578,2.377544977408808,366.6666666666667,2.3775449748968622
241,241,4,recov,0.09277807040478886,2.3775449774088826,366.6666666666667,2.3775449748968622
242,242,5,recov,0.09277807040478266,2.377544977408949,366.6666666666667,2.3775449748968622
243,243,3,recov,0.09277807046795326,2.3775449767280707,366.6666666666667,2.3775449748968622
244,244,4,recov,0.09277807046794821,2.3775449767281254,366.6666666666667,2.3775449748968622
245,245,5,recov,0.09277807046794367,2.377544976728174,366.6666666666667,2.3775449748968622
246,246,3,recov,0.09277807051399507,2.377544976231813,366.6666666666667,2.3775449748968622
247,247,4,recov,0.0927780705139914,2.377544976231853,366.6666666666667,2.3775449748968622
248,248,5,recov,0.09277807051398808,2.3775449762318885,366.6666666666667,2.3775449748968622
249,249,3,recov,0.09277807054755954,2.3775449758700415,366.6666666666667,2.3775449748968622
250,250,4,recov,0.09277807054755688,2.3775449758700704,366.6666666666667,2.3775449748968622
251,251,5,recov,0.09277807054755446,2.3775449758700966,366.6666666666667,2.3775449748968622
252,252,3,recov,0.09277807057202805,2.37754497560631,366.6666666666667,2.3775449748968622
253,253,4,recov,0.09277807057202611,2.377544975606331,366.6666666666667,2.3775449748968622
254,254,5,recov,0.09277807057202435,2.37754497560635,366.6666666666667,2.3775449748968622
255,255,3,recov,0.09277807058986559,2.37754497541405,366.6666666666667,2.3775449748968622
256,256,4,recov,0.09277807058986419,2.377544975414065,366.6666666666667,2.3775449748968622
257,257,5,recov,0.0927780705898629,2.3775449754140787,366.6666666666667,2.3775449748968622
258,258,3,recov,0.09277807060286918,2.3775449752738917,366.6666666666667,2.3775449748968622
259,259,4,recov,0.09277807060286813,2.377544975273903,366.6666666666667,2.3775449748968622
260,260,5,recov,0.0927780706028672,2.377544975273913,366.6666666666667,2.3775449748968622
261,261,3,recov,0.09277807061234876,2.377544975171717,366.6666666666667,2.3775449748968622
262,262,4,recov,0.09277807061234801,2.377544975171725,366.6666666666667,2.3775449748968622
263,263,5,recov,0.09277807061234733,2.3775449751717326,366.6666666666667,2.3775449748968622
264,264,3,recov,0.09277807061925941,2.3775449750972313,366.6666666666667,2.3775449748968622
265,265,4,recov,0.09277807061925884,2.3775449750972375,366.6666666666667,2.3775449748968622
266,266,5,recov,0.09277807061925836,2.3775449750972424,366.6666666666667,2.3775449748968622
267,267,3,recov,0.09277807062429723,2.3775449750429316,366.6666666666667,2.3775449748968622
268,268,4,recov,0.09277807062429684,2.3775449750429356,366.6666666666667,2.3775449748968622
269,269,5,recov,0.09277807062429648,2.3775449750429396,366.6666666666667,2.3775449748968622
270,270,3,recov,0.09277807062796985,2.3775449750033464,366.6666666666667,2.3775449748968622
271,271,4,recov,0.09277807062796954,2.37754497500335,366.6666666666667,2.3775449748968622
272,272,5,recov,0.09277807062796928,2.3775449750033526,366.6666666666667,2.3775449748968622
273,273,3,recov,0.09277807063064715,2.3775449749744895,366.6666666666667,2.3775449748968622
274,274,4,recov,0.09277807063064694,2.3775449749744917,366.6666666666667,2.3775449748968622
275,275,5,recov,0.09277807063064675,2.377544974974494,366.6666666666667,2.3775449748968622
276,276,3,recov,0.09277807063259892,2.3775449749534525,366.6666666666667,2.3775449748968622
277,277,4,recov,0.09277807063259876,2.3775449749534543,366.6666666666667,2.3775449748968622
278,278,5,recov,0.09277807063259862,2.3775449749534556,366.6666666666667,2.3775449748968622
279,279,3,recov,0.09277807063402174,2.377544974938117,366.6666666666667,2.3775449748968622
280,280,4,recov,0.09277807063402163,2.377544974938118,366.6666666666667,2.3775449748968622
281,281,5,recov,0.09277807063402153,2.377544974938119,366.6666666666667,2.3775449748968622
282,282,3,recov,0.092778070635059,2.377544974926937,366.6666666666667,2.3775449748968622
283,283,4,recov,0.09277807063505893,2.3775449749269377,366.6666666666667,2.3775449748968622
284,284,5,recov,0.09277807063505886,2.377544974926938,366.6666666666667,2.3775449748968622
285,285,3,recov,0.09277807063581515,2.3775449749187865,366.6666666666667,2.3775449748968622
286,286,4,recov,0.0927780706358151,2.3775449749187874,366.6666666666667,2.3775449748968622
287,287,5,recov,0.09277807063581504,2.377544974918788,366.6666666666667,2.3775449748968622
288,288,3,recov,0.09277807063636638,2.3775449749128454,366.6666666666667,2.3775449748968622
289,289,4,recov,0.09277807063636635,2.3775449749128454,366.6666666666667,2.3775449748968622
290,290,5,recov,0.09277807063636631,2.377544974912846,366.6666666666667,2.3775449748968622
291,291,3,recov,0.09277807063676825,2.377544974908514,366.6666666666667,2.3775449748968622
292,292,4,recov,0.09277807063676821,2.3775449749085142,366.6666666666667,2.3775449748968622
293,293,5,recov,0.0927780706367682,2.3775449749085142,366.6666666666667,2.3775449748968622
294,294,3,recov,0.09277807063706119,2.3775449749053563,366.6666666666667,2.3775449748968622
295,295,4,recov,0.09277807063706117,2.3775449749053563,366.6666666666667,2.3775449748968622
296,296,5,recov,0.09277807063706116,2.3775449749053568,366.6666666666667,2.3775449748968622
297,297,3,recov,0.09277807063727475,2.3775449749030546,366.6666666666667,2.3775449748968622
298,298,4,recov,0.09277807063727474,2.3775449749030546,366.6666666666667,2.3775449748968622
299,299,5,recov,0.09277807063727471,2.377544974903055,366.6666666666667,2.3775449748968622
300,300,3,recov,0.09277807063743043,2.3775449749013764,366.6666666666667,2.3775449748968622
301,301,4,recov,0.09277807063743043,2.3775449749013764,366.6666666666667,2.3775449748968622
302,302,5,recov,0.09277807063743042,2.3775449749013764,366.6666666666667,2.3775449748968622
303,303,3,recov,0.09277807063754394,2.377544974900153,366.6666666666667,2.3775449748968622
304,304,4,recov,0.09277807063754391,2.3775449749001534,366.6666666666667,2.3775449748968622
305,305,5,recov,0.09277807063754391,2.3775449749001534,366.6666666666667,2.3775449748968622
306,306,3,recov,0.09277807063762666,2.377544974899261,366.6666666666667,2.3775449748968622
307,307,4,recov,0.09277807063762666,2.377544974899261,366.6666666666667,2.3775449748968622
308,308,5,recov,0.09277807063762666,2.377544974899261,366.6666666666667,2.3775449748968622
309,309,3,recov,0.09277807063768698,2.3775449748986115,366.6666666666667,2.3775449748968622
310,310,4,recov,0.09277807063768698,2.3775449748986115,366.6666666666667,2.3775449748968622
311,311,5,recov,0.09277807063768698,2.3775449748986115,366.6666666666667,2.3775449748968622
312,312,3,recov,0.09277807063773096,2.377544974898137,366.6666666666667,2.3775449748968622
313,313,4,recov,0.09277807063773096,2.377544974898137,366.6666666666667,2.3775449748968622
314,314,5,recov,0.09277807063773094,2.3775449748981377,366.6666666666667,2.3775449748968622
315,315,3,recov,0.09277807063776301,2.3775449748977917,366.6666666666667,2.3775449748968622
316,316,4,recov,0.09277807063776301,2.3775449748977917,366.6666666666667,2.3775449748968622
317,317,5,recov,0.09277807063776301,2.3775449748977917,366.6666666666667,2.3775449748968622
318,318,3,recov,0.09277807063778638,2.37754497489754,366.6666666666667,2.3775449748968622
319,319,4,recov,0.09277807063778638,2.37754497489754,366.6666666666667,2.3775449748968622
320,320,5,recov,0.09277807063778638,2.37754497489754,366.6666666666667,2.3775449748968622
321,321,3,recov,0.09277807063780343,2.377544974897356,366.6666666666667,2.3775449748968622
322,322,4,recov,0.09277807063780343,2.377544974897356,366.6666666666667,2.3775449748968622
323,323,5,recov,0.09277807063780341,2.3775449748973565,366.6666666666667,2.3775449748968622
324,324,3,recov,0.09277807063781583,2.3775449748972224,366.6666666666667,2.3775449748968622
325,325,4,recov,0.09277807063781583,2.3775449748972224,366.6666666666667,2.3775449748968622
326,326,5,recov,0.09277807063781583,2.3775449748972224,366.6666666666667,2.3775449748968622
327,327,3,recov,0.09277807063782488,2.377544974897125,366.6666666666667,2.3775449748968622
328,328,4,recov,0.09277807063782488,2.377544974897125,366.6666666666667,2.3775449748968622
329,329,5,recov,0.09277807063782488,2.377544974897125,366.6666666666667,2.3775449748968622
330,330,3,recov,0.09277807063783149,2.3775449748970536,366.6666666666667,2.3775449748968622
331,331,4,recov,0.09277807063783149,2.3775449748970536,366.6666666666667,2.3775449748968622
332,332,5,recov,0.09277807063783149,2.3775449748970536,366.6666666666667,2.3775449748968622
333,333,3,recov,0.09277807063783629,2.377544974897002,366.6666666666667,2.3775449748968622
334,334,4,recov,0.09277807063783629,2.377544974897002,366.6666666666667,2.3775449748968622
335,335,5,recov,0.09277807063783629,2.377544974897002,366.6666666666667,2.3775449748968622
336,336,3,recov,0.09277807063783981,2.377544974896964,366.6666666666667,2.3775449748968622
337,337,4,recov,0.09277807063783981,2.377544974896964,366.6666666666667,2.3775449748968622
338,338,5,recov,0.09277807063783981,2.377544974896964,366.6666666666667,2.3775449748968622
339,339,3,recov,0.09277807063784235,2.3775449748969364,366.6666666666667,2.3775449748968622
340,340,4,recov,0.09277807063784235,2.3775449748969364,366.6666666666667,2.3775449748968622
341,341,5,recov,0.09277807063784235,2.3775449748969364,366.6666666666667,2.3775449748968622
342,342,3,recov,0.09277807063784423,2.3775449748969164,366.6666666666667,2.3775449748968622
343,343,4,recov,0.09277807063784423,2.3775449748969164,366.6666666666667,2.3775449748968622
344,344,5,recov,0.09277807063784423,2.3775449748969164,366.6666666666667,2.3775449748968622
345,345,3,recov,0.09277807063784559,2.3775449748969018,366.6666666666667,2.3775449748968622
346,346,4,recov,0.09277807063784559,2.3775449748969018,366.6666666666667,2.3775449748968622
347,347,5,recov,0.09277807063784559,2.3775449748969018,366.6666666666667,2.3775449748968622
348,348,3,recov,0.09277807063784657,2.377544974896891,366.6666666666667,2.3775449748968622
349,349,4,recov,0.09277807063784657,2.377544974896891,366.6666666666667,2.3775449748968622
350,350,5,recov,0.09277807063784657,2.377544974896891,366.6666666666667,2.3775449748968622
351,351,3,recov,0.09277807063784729,2.3775449748968835,366.6666666666667,2.3775449748968622
352,352,4,recov,0.09277807063784729,2.3775449748968835,366.6666666666667,2.3775449748968622
353,353,5,recov,0.09277807063784729,2.3775449748968835,366.6666666666667,2.3775449748968622
354,354,3,recov,0.09277807063784782,2.3775449748968778,366.6666666666667,2.3775449748968622
355,355,4,recov,0.09277807063784782,2.3775449748968778,366.6666666666667,2.3775449748968622
356,356,5,recov,0.09277807063784782,2.3775449748968778,366.6666666666667,2.3775449748968622
357,357,3,recov,0.09277807063784821,2.3775449748968733,366.6666666666667,2.3775449748968622
358,358,4,recov,0.09277807063784821,2.3775449748968733,366.6666666666667,2.3775449748968622
359,359,5,recov,0.09277807063784821,2.3775449748968733,366.6666666666667,2.3775449748968622
360,360,3,recov,0.09277807063784849,2.3775449748968707,366.6666666666667,2.3775449748968622
361,361,4,recov,0.09277807063784849,2.3775449748968707,366.6666666666667,2.3775449748968622
362,362,5,recov,0.09277807063784849,2.3775449748968707,366.6666666666667,2.3775449748968622
363,363,3,recov,0.0927780706378487,2.3775449748968684,366.6666666666667,2.3775449748968622
364,364,4,recov,0.0927780706378487,2.3775449748968684,366.6666666666667,2.3775449748968622
365,365,5,recov,0.0927780706378487,2.3775449748968684,366.6666666666667,2.3775449748968622
366,366,3,recov,0.09277807063784885,2.3775449748968667,366.6666666666667,2.3775449748968622
367,367,4,recov,0.09277807063784885,2.3775449748968667,366.6666666666667,2.3775449748968622
368,368,5,recov,0.09277807063784885,2.3775449748968667,366.6666666666667,2.3775449748968622
369,369,3,recov,0.09277807063784894,2.377544974896866,366.6666666666667,2.3775449748968622
370,370,4,recov,0.09277807063784894,2.377544974896866,366.6666666666667,2.3775449748968622
371,371,5,recov,0.09277807063784894,2.377544974896866,366.6666666666667,2.3775449748968622
372,372,3,recov,0.09277807063784901,2.377544974896865,366.6666666666667,2.3775449748968622
373,373,4,recov,0.09277807063784901,2.377544974896865,366.6666666666667,2.3775449748968622
374,374,5,recov,0.09277807063784901,2.377544974896865,366.6666666666667,2.3775449748968622
375,375,3,recov,0.09277807063784908,2.377544974896864,366.6666666666667,2.3775449748968622
376,376,4,recov,0.09277807063784908,2.377544974896864,366.6666666666667,2.3775449748968622
377,377,5,recov,0.09277807063784908,2.377544974896864,366.6666666666667,2.3775449748968622
378,378,3,recov,0.09277807063784912,2.3775449748968636,366.6666666666667,2.3775449748968622
379,379,4,recov,0.09277807063784912,2.3775449748968636,366.6666666666667,2.3775449748968622
380,380,5,recov,0.09277807063784912,2.3775449748968636,366.6666666666667,2.3775449748968622
381,381,3,recov,0.09277807063784915,2.377544974896863,366.6666666666667,2.3775449748968622
382,382,4,recov,0.09277807063784915,2.377544974896863,366.6666666666667,2.3775449748968622
383,383,5,recov,0.09277807063784915,2.377544974896863,366.6666666666667,2.3775449748968622
384,384,3,recov,0.09277807063784917,2.377544974896863,366.6666666666667,2.3775449748968622
385,385,4,recov,0.09277807063784917,2.377544974896863,366.6666666666667,2.3775449748968622
386,386,5,recov,0.09277807063784917,2.377544974896863,366.6666666666667,2.3775449748968622
387,387,3,recov,0.0927780706378492,2.3775449748968627,366.6666666666667,2.3775449748968622
388,388,4,recov,0.0927780706378492,2.3775449748968627,366.6666666666667,2.3775449748968622
389,389,5,recov,0.0927780706378492,2.3775449748968627,366.6666666666667,2.3775449748968622
390,390,3,recov,0.09277807063784921,2.3775449748968627,366.6666666666667,2.3775449748968622
391,391,4,recov,0.09277807063784921,2.3775449748968627,366.6666666666667,2.3775449748968622
392,392,5,recov,0.09277807063784921,2.3775449748968627,366.6666666666667,2.3775449748968622
393,393,3,recov,0.09277807063784922,2.3775449748968627,366.6666666666667,2.3775449748968622
394,394,4,recov,0.09277807063784922,2.3775449748968627,366.6666666666667,2.3775449748968622
395,395,5,recov,0.09277807063784922,2.3775449748968627,366.6666666666667,2.3775449748968622
396,396,3,recov,0.09277807063784922,2.3775449748968627,366.6666666666667,2.3775449748968622
397,397,4,recov,0.09277807063784922,2.3775449748968627,366.6666666666667,2.3775449748968622
398,398,5,recov,0.09277807063784922,2.3775449748968627,366.6666666666667,2.3775449748968622
399,399,3,recov,0.09277807063784922,2.3775449748968627,366.6666666666667,2.3775449748968622
400,400,4,recov,0.09277807063784922,2.3775449748968627,366.6666666666667,2.3775449748968622
401,401,5,recov,0.09277807063784922,2.3775449748968627,366.6666666666667,2.3775449748968622
402,402,3,recov,0.09277807063784922,2.3775449748968627,366.6666666666667,2.3775449748968622
403,403,4,recov,0.09277807063784922,2.3775449748968627,366.6666666666667,2.3775449748968622
404,404,5,recov,0.09277807063784922,2.3775449748968627,366.6666666666667,2.3775449748968622
405,405,3,recov,0.09277807063784924,2.3775449748968622,366.6666666666667,2.3775449748968622
406,406,4,recov,0.09277807063784924,2.3775449748968622,366.6666666666667,2.3775449748968622
407,407,5,recov,0.09277807063784924,2.3775449748968622,366.6666666666667,2.3775449748968622
408,408,3,recov,0.09277807063784924,2.3775449748968622,366.6666666666667,2.3775449748968622
409,409,4,recov,0.09277807063784924,2.3775449748968622,366.6666666666667,2.3775449748968622
410,410,5,recov,0.09277807063784924,2.3775449748968622,366.6666666666667,2.3775449748968622
411,411,3,recov,0.09277807063784924,2.3775449748968622,366.6666666666667,2.3775449748968622
412,412,4,recov,0.09277807063784924,2.3775449748968622,366.6666666666667,2.3775449748968622
413,413,5,recov,0.09277807063784924,2.3775449748968622,366.6666666666667,2.3775449748968622
414,414,3,recov,0.09277807063784924,2.3775449748968622,366.6666666666667,2.3775449748968622
415,415,4,recov,0.09277807063784924,2.3775449748968622,366.6666666666667,2.3775449748968622
416,416,5,recov,0.09277807063784924,2.3775449748968622,366.6666666666667,2.3775449748968622
417,417,3,recov,0.09277807063784924,2.3775449748968622,366.6666666666667,2.3775449748968622
418,418,4,recov,0.09277807063784924,2.3775449748968622,366.6666666666667,2.3775449748968622
419,419,5,recov,0.09277807063784924,2.3775449748968622,366.6666666666667,2.3775449748968622
420,420,3,recov,0.09277807063784924,2.3775449748968622,366.6666666666667,2.3775449748968622
421,421,4,recov,0.09277807063784924,2.3775449748968622,366.6666666666667,2.3775449748968622
422,422,5,recov,0.09277807063784924,2.3775449748968622,366.6666666666667,2.3775449748968622
423,423,3,recov,0.09277807063784924,2.3775449748968622,366.6666666666667,2.3775449748968622
424,424,4,recov,0.09277807063784924,2.3775449748968622,366.6666666666667,2.3775449748968622
425,425,5,recov,0.09277807063784924,2.3775449748968622,366.6666666666667,2.3775449748968622
426,426,3,recov,0.09277807063784924,2.3775449748968622,366.6666666666667,2.3775449748968622
427,427,4,recov,0.09277807063784924,2.3775449748968622,366.6666666666667,2.3775449748968622
428,428,5,recov,0.09277807063784924,2.3775449748968622,366.6666666666667,2.3775449748968622
429,429,3,recov,0.09277807063784924,2.3775449748968622,366.6666666666667,2.3775449748968622
430,430,4,recov,0.09277807063784924,2.3775449748968622,366.6666666666667,2.3775449748968622
431,431,5,recov,0.09277807063784924,2.3775449748968622,366.6666666666667,2.3775449748968622
432,432,0,fam_r,0.07142857142857142,2.639057329615259,366.6666666666667,2.3775449748968622
433,433,1,fam_r,0.07142857142857142,2.639057329615259,366.6666666666667,2.3775449748968622
434,434,2,fam_r,0.07142857142857142,2.639057329615259,366.6666666666667,2.3775449748968622
435,435,0,fam_r,0.07721428571428572,2.561170790958187,366.6666666666667,2.3775449748968622
436,436,1,fam_r,0.07721428571428572,2.561170790958187,366.6666666666667,2.3775449748968622
437,437,2,fam_r,0.07721428571428572,2.561170790958187,366.6666666666667,2.3775449748968622
438,438,0,fam_r,0.08143207142857142,2.5079860856764333,366.6666666666667,2.3775449748968622
439,439,1,fam_r,0.08143207142857142,2.5079860856764333,366.6666666666667,2.3775449748968622
440,440,2,fam_r,0.08143207142857142,2.5079860856764333,366.6666666666667,2.3775449748968622
441,441,0,fam_r,0.08450683721428572,2.4709228341138227,366.6666666666667,2.3775449748968622
442,442,1,fam_r,0.08450683721428572,2.4709228341138227,366.6666666666667,2.3775449748968622
443,443,2,fam_r,0.08450683721428572,2.4709228341138227,366.6666666666667,2.3775449748968622
444,444,0,fam_r,0.08674834147207143,2.4447439788154917,366.6666666666667,2.3775449748968622
445,445,1,fam_r,0.08674834147207143,2.4447439788154917,366.6666666666667,2.3775449748968622
446,446,2,fam_r,0.08674834147207143,2.4447439788154917,366.6666666666667,2.3775449748968622
0,0,0,fam,0.07692307692307693,2.5649493574615367,476.6666666666667,2.3775449748968622
1,1,1,fam,0.07633587786259542,2.5726122302071057,476.6666666666667,2.3775449748968622
2,2,2,fam,0.0758150113722517,2.579458966729223,476.6666666666667,2.3775449748968622
3,3,0,fam,0.08145580589254765,2.507694664798041,476.6666666666667,2.3775449748968622
4,4,1,fam,0.0810107989418386,2.5131728129264435,476.6666666666667,2.3775449748968622
5,5,2,fam,0.0806144296100305,2.5180776180733173,476.6666666666667,2.3775449748968622
6,6,0,fam,0.08464520963229993,2.4692867622901673,476.6666666666667,2.3775449748968622
7,7,1,fam,0.08431253012795407,2.473224787677484,476.6666666666667,2.3775449748968622
8,8,2,fam,0.0840153465593269,2.4767557996910687,476.6666666666667,2.3775449748968622
9,9,0,fam,0.08691194200511142,2.442859833769051,476.6666666666667,2.3775449748968622
10,10,1,fam,0.08666528847106482,2.445701839018106,476.6666666666667,2.3775449748968622
11,11,2,fam,0.08644449423314295,2.4482527561783227,476.6666666666667,2.3775449748968622
12,12,0,fam,0.08853439345099945,2.424364175899032,476.6666666666667,2.3775449748968622
13,13,1,fam,0.08835248549876605,2.4264209481982633,476.6666666666667,2.3775449748968622
14,14,2,fam,0.08818940628950807,2.428268433279467,476.6666666666667,2.3775449748968622
15,15,0,fam,0.08970159543563573,2.4112667237251078,476.6666666666667,2.3775449748968622
16,16,1,fam,0.08956790620797266,2.4127582128096474,476.6666666666667,2.3775449748968622
17,17,2,fam,0.08944792615972876,2.4140986536480007,476.6666666666667,2.3775449748968622
18,18,0,fam,0.09054435548415889,2.401915432496739,476.6666666666667,2.3775449748968622
19,19,1,fam,0.09044633669224446,2.4029985688759483,476.6666666666667,2.3775449748968622
20,20,2,fam,0.09035830105142481,2.4039723895574916,476.6666666666667,2.3775449748968622
21,21,0,fam,0.09115446065445164,2.3951998415403115,476.6666666666667,2.3775449748968622
22,22,1,fam,0.09108271291138516,2.395987252202688,476.6666666666667,2.3775449748968622
23,23,2,fam,0.091018236442585,2.3966953920748115,476.6666666666667,2.3775449748968622
24,24,0,fam,0.09159698026102438,2.3903569744281654,476.6666666666667,2.3775449748968622
25,25,1,fam,0.09154452294449596,2.3909298354896382,476.6666666666667,2.3775449748968622
26,26,2,fam,0.09149736270522889,2.391445130009722,476.6666666666667,2.3775449748968622
27,27,0,fam,0.0919183907485238,2.3868541526823135,476.6666666666667,2.3775449748968622
28,28,1,fam,0.09188006870567961,2.3872711533852935,476.6666666666667,2.3775449748968622
29,29,2,fam,0.09184560617752079,2.387646305400219,476.6666666666667,2.3775449748968622
30,30,0,fam,0.0921520715700088,2.384315114706519,476.6666666666667,2.3775449748968622
31,31,1,fam,0.092124092228999,2.384618782209119,476.6666666666667,2.3775449748968622
32,32,2,fam,0.09209892534478836,2.3848920041408697,476.6666666666667,2.3775449748968622
33,33,0,fam,0.09232209261643973,2.3824718094900748,476.6666666666667,2.3775449748968622
34,34,1,fam,0.0923016731656539,2.382693010165758,476.6666666666667,2.3775449748968622
35,35,2,fam,0.09228330338127717,2.382892048947581,476.6666666666667,2.3775449748968622
36,36,0,fam,0.09244586182611363,2.3811320833610528,476.6666666666667,2.3775449748968622
37,37,1,fam,0.09243096412680364,2.381293246873737,476.6666666666667,2.3775449748968622
38,38,2,fam,0.09241756030214962,2.3814382718309974,476.6666666666667,2.3775449748968622
39,39,0,fam,0.09253599614940203,2.3801575626009286,476.6666666666667,2.3775449748968622
40,40,1,fam,0.09252512940886924,2.380275002074103,476.6666666666667,2.3775449748968622
41,41,2,fam,0.09251535152430612,2.380380685809066,476.6666666666667,2.3775449748968622
42,42,0,fam,0.09260165448544444,2.3794482704761775,476.6666666666667,2.3775449748968622
43,43,1,fam,0.09259372928061607,2.379533857974873,476.6666666666667,2.3775449748968622
44,44,2,fam,0.09258659775602193,2.3796108804611356,476.6666666666667,2.3775449748968622
45,45,0,fam,0.09264949308657242,2.3789317975385647,476.6666666666667,2.3775449748968622
46,46,1,fam,0.09264371383392797,2.3789941770800747,476.6666666666667,2.3775449748968622
47,47,2,fam,0.09263851312296136,2.379050315340645,476.6666666666667,2.3775449748968622
48,48,0,fam,0.09268435344621863,2.3785556076443872,476.6666666666667,2.3775449748968622
49,49,1,fam,0.09268013942694288,2.378601075028255,476.6666666666667,2.3775449748968622
50,50,2,fam,0.09267634713721058,2.3786419939062844,476.6666666666667,2.3775449748968622
51,51,0,fam,0.09270975922244294,2.3782815344711064,476.6666666666667,2.3775449748968622
52,52,1,fam,0.0927066867010366,2.378314676314499,476.6666666666667,2.3775449748968622
53,53,2,fam,0.09270392160589044,2.378344503034465,476.6666666666667,2.3775449748968622
54,54,0,fam,0.09272827608835951,2.3780818249999927,476.6666666666667,2.3775449748968622
55,55,1,fam,0.09272603595396045,2.378105983342546,476.6666666666667,2.3775449748968622
56,56,2,fam,0.09272401992553982,2.378127725351856,476.6666666666667,2.3775449748968622
57,57,0,fam,0.09274177278768782,2.3779362845266503,476.6666666666667,2.3775449748968622
58,58,1,fam,0.0927401395882481,2.377953894863085,476.6666666666667,2.3775449748968622
59,59,2,fam,0.09273866975793278,2.377969743900725,476.6666666666667,2.3775449748968622
60,60,0,fam,0.09275161076786383,2.3778302108759717,476.6666666666667,2.3775449748968622
61,61,1,fam,0.0927504200903151,2.377843048229215,476.6666666666667,2.3775449748968622
62,62,2,fam,0.09274934850665838,2.377854601706234,476.6666666666667,2.3775449748968622
63,63,0,fam,0.09275878206366878,2.3777528966543904,476.6666666666667,2.3775449748968622
64,64,1,fam,0.09275791401980266,2.3777622547756208,476.6666666666667,2.3775449748968622
65,65,2,fam,0.09275713279421374,2.377770677009853,476.6666666666667,2.3775449748968622
66,66,3,recov,0.07143344423520694,2.638989112649192,476.6666666666667,2.3775449748968622
67,67,4,recov,0.07143295692462584,2.6389959345552123,476.6666666666667,2.3775449748968622
68,68,5,recov,0.07143251835078751,2.63900207423084,476.6666666666667,2.3775449748968622
69,69,3,recov,0.07721812565369142,2.561121061249605,476.6666666666667,2.3775449748968622
70,70,4,recov,0.07721774164256417,2.561126034331752,476.6666666666667,2.3775449748968622
71,71,5,recov,0.07721739603581528,2.5611305100845385,476.6666666666667,2.3775449748968622
72,72,3,recov,0.08143502361561986,2.507949832963165,476.6666666666667,2.3775449748968622
73,73,4,recov,0.08143472838728265,2.5079534582936343,476.6666666666667,2.3775449748968622
74,74,5,recov,0.08143446268360936,2.507956721079819,476.6666666666667,2.3775449748968622
75,75,3,recov,0.08450907059878592,2.4708964060156724,476.6666666666667,2.3775449748968622
76,76,4,recov,0.08450884725502365,2.470899048856918,476.6666666666667,2.3775449748968622
77,77,5,recov,0.08450864624664699,2.4709014274080667,476.6666666666667,2.3775449748968622
78,78,3,recov,0.08675001278298092,2.4447247128009324,476.6666666666667,2.3775449748968622
79,79,4,recov,0.08674984564899198,2.4447266394190916,476.6666666666667,2.3775449748968622
80,80,5,recov,0.08674969522895258,2.444728373372261,476.6666666666667,2.3775449748968622
81,81,3,recov,0.08838363940559198,2.426068401064332,476.6666666666667,2.3775449748968622
82,82,4,recov,0.08838351527106339,2.4260698055620034,476.6666666666667,2.3775449748968622
83,83,5,recov,0.08838340355028582,2.4260710696082213,476.6666666666667,2.3775449748968622
84,84,3,recov,0.08957454246277498,2.4126841236715943,476.6666666666667,2.3775449748968622
85,85,4,recov,0.08957445074967826,2.412685147546695,476.6666666666667,2.3775449748968622
86,86,5,recov,0.08957436820805181,2.412686069033389,476.6666666666667,2.3775449748968622
87,87,3,recov,0.09044270507816578,2.403038721823232,476.6666666666667,2.3775449748968622
88,88,4,recov,0.09044263757148634,2.403039468226212,476.6666666666667,2.3775449748968622
89,89,5,recov,0.09044257681556099,2.4030401399884185,476.6666666666667,2.3775449748968622
90,90,3,recov,0.09107559258853229,2.396065429509366,476.6666666666667,2.3775449748968622
91,91,4,recov,0.09107554303188163,2.396065973636093,476.6666666666667,2.3775449748968622
92,92,5,recov,0.09107549843094218,2.3960664633498947,476.6666666666667,2.3775449748968622
93,93,3,recov,0.09153696597001007,2.391012388614315,476.6666666666667,2.3775449748968622
94,94,4,recov,0.09153692966024775,2.3910127852821432,476.6666666666667,2.3775449748968622
95,95,5,recov,0.09153689698148629,2.3910131422830543,476.6666666666667,2.3775449748968622
96,96,3,recov,0.09187330630758901,2.3873447563663888,476.6666666666667,2.3775449748968622
97,97,4,recov,0.09187327974053819,2.3873450455369403,476.6666666666667,2.3775449748968622
98,98,5,recov,0.09187325583020557,2.3873453057903657,476.6666666666667,2.3775449748968622
99,99,3,recov,0.09211849795796519,2.38467950943869,476.6666666666667,2.3775449748968622
100,100,4,recov,0.09211847853891111,2.3846797202438657,476.6666666666667,2.3775449748968622
101,101,5,recov,0.09211846106176948,2.3846799099684852,476.6666666666667,2.3775449748968622
102,102,3,recov,0.0922972424289023,2.3827410140962053,476.6666666666667,2.3775449748968622
103,103,4,recov,0.0922972282449503,2.3827411677730947,476.6666666666667,2.3775449748968622
104,104,5,recov,0.09229721547939719,2.382741306082275,476.6666666666667,2.3775449748968622
105,105,3,recov,0.09242754701950755,2.381330216849047,476.6666666666667,2.3775449748968622
106,106,4,recov,0.09242753666481232,2.381330328879455,476.6666666666667,2.3775449748968622
107,107,5,recov,0.0924275273455886,2.3813304297068116,476.6666666666667,2.3775449748968622
108,108,3,recov,0.09252253899765817,2.3803029993056652,476.6666666666667,2.3775449748968622
109,109,4,recov,0.09252253144132941,2.3803030809758092,476.6666666666667,2.3775449748968622
110,110,5,recov,0.09252252464063458,2.380303154478933,476.6666666666667,2.3775449748968622
111,111,3,recov,0.09259178811337912,2.3795548225434238,476.6666666666667,2.3775449748968622
112,112,4,recov,0.09259178260069363,2.379554882080946,476.6666666666667,2.3775449748968622
113,113,5,recov,0.09259177763927724,2.379554935664713,476.6666666666667,2.3775449748968622
114,114,3,recov,0.0926422706994214,2.3790097544537248,476.6666666666667,2.3775449748968622
115,115,4,recov,0.09264226667848317,2.379009797856572,476.6666666666667,2.3775449748968622
116,116,5,recov,0.09264226305963907,2.3790098369191326,476.6666666666667,2.3775449748968622
117,117,3,recov,0.09267907249437968,2.3786125870815504,476.6666666666667,2.3775449748968622
118,118,4,recov,0.09267906956195159,2.3786126187222223,476.6666666666667,2.3775449748968622
119,119,5,recov,0.09267906692276645,2.3786126471988265,476.6666666666667,2.3775449748968622
120,120,3,recov,0.0927059009974482,2.378323151505943,476.6666666666667,2.3775449748968622
121,121,4,recov,0.09270589885908946,2.3783231745719906,476.6666666666667,2.3775449748968622
122,122,5,recov,0.09270589693456668,2.378323195331433,476.6666666666667,2.3775449748968622
123,123,3,recov,0.09272545897328557,2.37811220578551,476.6666666666667,2.3775449748968622
124,124,4,recov,0.09272545741409328,2.378112222600658,476.6666666666667,2.3775449748968622
125,125,5,recov,0.09272545601082025,2.378112237734291,476.6666666666667,2.3775449748968622
126,126,3,recov,0.09273971673613009,2.3779584544106975,476.6666666666667,2.3775449748968622
127,127,4,recov,0.09273971559930416,2.37795846666894,476.6666666666667,2.3775449748968622
128,128,5,recov,0.09273971457616087,2.377958477701358,476.6666666666667,2.3775449748968622
129,129,3,recov,0.0927501106444248,2.3778463845635,476.6666666666667,2.3775449748968622
130,130,4,recov,0.09275010981558586,2.3778463934997585,476.6666666666667,2.3775449748968622
131,131,5,recov,0.0927501090696308,2.3778464015423912,476.6666666666667,2.3775449748968622
132,132,3,recov,0.09275768780313644,2.377764693564208,476.6666666666667,2.3775449748968622
133,133,4,recov,0.0927576871988635,2.3777647000787403,476.6666666666667,2.3775449748968622
134,134,5,recov,0.09275768665501785,2.377764705941819,476.6666666666667,2.3775449748968622
135,135,3,recov,0.09276321155160594,2.3777051450336613,476.6666666666667,2.3775449748968622
136,136,4,recov,0.09276321111106474,2.3777051497827553,476.6666666666667,2.3775449748968622
137,137,5,recov,0.09276321071457766,2.37770515405694,476.6666666666667,2.3775449748968622
138,138,3,recov,0.0927672383641173,2.377661736390888,476.6666666666667,2.3775449748968622
139,139,4,recov,0.09276723804294881,2.3776617398529774,476.6666666666667,2.3775449748968622
140,140,5,recov,0.09276723775389718,2.377661742968858,476.6666666666667,2.3775449748968622
141,141,3,recov,0.09277017391037272,2.3776300926784995,476.6666666666667,2.3775449748968622
142,142,4,recov,0.09277017367623351,2.3776300952023623,476.6666666666667,2.3775449748968622
143,143,5,recov,0.0927701734655082,2.377630097473839,476.6666666666667,2.3775449748968622
144,144,3,recov,0.09277231392355824,2.377607025043581,476.6666666666667,2.3775449748968622
145,145,4,recov,0.0927723137528668,2.377607026883477,476.6666666666667,2.3775449748968622
146,146,5,recov,0.09277231359924452,2.3776070285393835,476.6666666666667,2.3775449748968622
147,147,3,recov,0.09277387399315203,2.377590209073268,476.6666666666667,2.3775449748968622
148,148,4,recov,0.09277387386871587,2.3775902104145525,476.6666666666667,2.3775449748968622
149,149,5,recov,0.09277387375672334,2.3775902116217082,476.6666666666667,2.3775449748968622
150,150,3,recov,0.0927750112838761,2.377577950409225,476.6666666666667,2.3775449748968622
151,151,4,recov,0.09277501119316102,2.3775779513870217,476.6666666666667,2.3775449748968622
152,152,5,recov,0.09277501111151748,2.377577952267038,476.6666666666667,2.3775449748968622
153,153,3,recov,0.09277584036880872,2.3775690139378995,476.6666666666667,2.3775449748968622
154,154,4,recov,0.09277584030267685,2.377569014650713,476.6666666666667,2.3775449748968622
155,155,5,recov,0.09277584024315817,2.377569015292245,476.6666666666667,2.3775449748968622
156,156,3,recov,0.09277644477172184,2.377562499300662,476.6666666666667,2.3775449748968622
157,157,4,recov,0.0927764447235114,2.377562499820303,476.6666666666667,2.3775449748968622
158,158,5,recov,0.09277644468012199,2.37756250028798,476.6666666666667,2.3775449748968622
159,159,3,recov,0.09277688538144403,2.3775577501568788,476.6666666666667,2.3775449748968622
160,160,4,recov,0.09277688534629845,2.377557750535697,476.6666666666667,2.3775449748968622
161,161,5,recov,0.09277688531466742,2.3775577508766332,476.6666666666667,2.3775449748968622
162,162,3,recov,0.09277720658593072,2.377554288045283,476.6666666666667,2.3775449748968622
163,163,4,recov,0.09277720656030951,2.3775542883214418,476.6666666666667,2.3775449748968622
164,164,5,recov,0.09277720653725041,2.3775542885699843,476.6666666666667,2.3775449748968622
165,165,3,recov,0.09277744074400111,2.3775517641734885,476.6666666666667,2.3775449748968622
166,166,4,recov,0.09277744072532321,2.377551764374808,476.6666666666667,2.3775449748968622
167,167,5,recov,0.09277744070851308,2.3775517645559954,476.6666666666667,2.3775449748968622
168,168,3,recov,0.0927776114452342,2.377549924274967,476.6666666666667,2.3775449748968622
169,169,4,recov,0.09277761143161797,2.377549924421729,476.6666666666667,2.3775449748968622
170,170,5,recov,0.09277761141936336,2.377549924553815,476.6666666666667,2.3775449748968622
171,171,3,recov,0.09277773588643302,2.3775485829910794,476.6666666666667,2.3775449748968622
172,172,4,recov,0.09277773587650678,2.377548583098069,476.6666666666667,2.3775449748968622
173,173,5,recov,0.09277773586757317,2.3775485831943595,476.6666666666667,2.3775449748968622
174,174,3,recov,0.09277782660406687,2.37754760519626,476.6666666666667,2.3775449748968622
175,175,4,recov,0.09277782659683065,2.377547605274255,476.6666666666667,2.3775449748968622
176,176,5,recov,0.09277782659031804,2.377547605344451,476.6666666666667,2.3775449748968622
177,177,3,recov,0.09277789273722195,2.3775468923844394,476.6666666666667,2.3775449748968622
178,178,4,recov,0.09277789273194673,2.377546892441298,476.6666666666667,2.3775449748968622
179,179,5,recov,0.09277789272719901,2.3775468924924708,476.6666666666667,2.3775449748968622
180,180,3,recov,0.09277794094829196,2.3775463727449426,476.6666666666667,2.3775449748968622
181,181,4,recov,0.09277794094444632,2.3775463727863926,476.6666666666667,2.3775449748968622
182,182,5,recov,0.09277794094098524,2.3775463728236974,476.6666666666667,2.3775449748968622
183,183,3,recov,0.092777976094162,2.3775459939279195,476.6666666666667,2.3775449748968622
184,184,4,recov,0.09277797609135853,2.3775459939581367,476.6666666666667,2.3775449748968622
185,185,5,recov,0.09277797608883541,2.377545993985332,476.6666666666667,2.3775449748968622
186,186,3,recov,0.09277800171550125,2.3775457177704005,476.6666666666667,2.3775449748968622
187,187,4,recov,0.09277800171345751,2.3775457177924286,476.6666666666667,2.3775449748968622
188,188,5,recov,0.09277800171161815,2.377545717812254,476.6666666666667,2.3775449748968622
189,189,3,recov,0.09277802039345756,2.377545516451617,476.6666666666667,2.3775449748968622
190,190,4,recov,0.09277802039196767,2.3775455164676758,476.6666666666667,2.3775449748968622
191,191,5,recov,0.09277802039062678,2.377545516482128,476.6666666666667,2.3775449748968622
192,192,3,recov,0.0927780340096877,2.3775453696902495,476.6666666666667,2.3775449748968622
193,193,4,recov,0.09277803400860157,2.377545369701956,476.6666666666667,2.3775449748968622
194,194,5,recov,0.09277803400762408,2.377545369712492,476.6666666666667,2.3775449748968622
195,195,3,recov,0.09277804393591947,2.3775452627012266,476.6666666666667,2.3775449748968622
196,196,4,recov,0.09277804393512769,2.3775452627097606,476.6666666666667,2.3775449748968622
197,197,5,recov,0.09277804393441508,2.377545262717441,476.6666666666667,2.3775449748968622
198,198,3,recov,0.09277805117214244,2.3775451847062357,476.6666666666667,2.3775449748968622
199,199,4,recov,0.09277805117156522,2.377545184712457,476.6666666666667,2.3775449748968622
200,200,5,recov,0.09277805117104573,2.3775451847180564,476.6666666666667,2.3775449748968622
201,201,3,recov,0.09277805644734899,2.377545127847891,476.6666666666667,2.3775449748968622
202,202,4,recov,0.0927780564469282,2.3775451278524264,476.6666666666667,2.3775449748968622
203,203,5,recov,0.09277805644654948,2.3775451278565085,476.6666666666667,2.3775449748968622
204,204,3,recov,0.09277806029297456,2.3775450863981598,476.6666666666667,2.3775449748968622
205,205,4,recov,0.09277806029266779,2.3775450864014664,476.6666666666667,2.3775449748968622
206,206,5,recov,0.09277806029239173,2.377545086404442,476.6666666666667,2.3775449748968622
207,207,3,recov,0.0927780630964356,2.377545056181307,476.6666666666667,2.3775449748968622
208,208,4,recov,0.09277806309621196,2.3775450561837173,476.6666666666667,2.3775449748968622
209,209,5,recov,0.09277806309601072,2.3775450561858866,476.6666666666667,2.3775449748968622
210,210,3,recov,0.0927780651401587,2.377545034153222,476.6666666666667,2.3775449748968622
211,211,4,recov,0.09277806513999567,2.377545034154979,476.6666666666667,2.3775449748968622
212,212,5,recov,0.09277806513984894,2.3775450341565607,476.6666666666667,2.3775449748968622
213,213,3,recov,0.09277806663003282,2.3775450180947484,476.6666666666667,2.3775449748968622
214,214,4,recov,0.092778066629914,2.3775450180960287,476.6666666666667,2.3775449748968622
215,215,5,recov,0.09277806662980703,2.377545018097182,476.6666666666667,2.3775449748968622
216,216,3,recov,0.09277806771615107,2.3775450063881207,476.6666666666667,2.3775449748968622
217,217,4,recov,0.09277806771606444,2.3775450063890546,476.6666666666667,2.3775449748968622
218,218,5,recov,0.09277806771598648,2.377545006389895,476.6666666666667,2.3775449748968622
219,219,3,recov,0.09277806850793129,2.3775449978539895,476.6666666666667,2.3775449748968622
220,220,4,recov,0.09277806850786813,2.3775449978546703,476.6666666666667,2.3775449748968622
221,221,5,recov,0.09277806850781128,2.377544997855283,476.6666666666667,2.3775449748968622
222,222,3,recov,0.09277806908513905,2.377544991632608,476.6666666666667,2.3775449748968622
223,223,4,recov,0.09277806908509299,2.3775449916331044,476.6666666666667,2.3775449748968622
224,224,5,recov,0.09277806908505157,2.377544991633551,476.6666666666667,2.3775449748968622
225,225,3,recov,0.0927780695059235,2.377544987097221,476.6666666666667,2.3775449748968622
226,226,4,recov,0.09277806950588995,2.3775449870975827,476.6666666666667,2.3775449748968622
227,227,5,recov,0.09277806950585973,2.3775449870979086,476.6666666666667,2.3775449748968622
228,228,3,recov,0.09277806981267538,2.3775449837909237,476.6666666666667,2.3775449748968622
229,229,4,recov,0.09277806981265091,2.3775449837911875,476.6666666666667,2.3775449748968622
230,230,5,recov,0.0927780698126289,2.3775449837914246,476.6666666666667,2.3775449748968622
231,231,3,recov,0.0927780700362975,2.377544981380633,476.6666666666667,2.3775449748968622
232,232,4,recov,0.09277807003627966,2.3775449813808254,476.6666666666667,2.3775449748968622
233,233,5,recov,0.09277807003626361,2.3775449813809986,476.6666666666667,2.3775449748968622
234,234,3,recov,0.09277807019931802,2.377544979623531,476.6666666666667,2.3775449748968622
235,235,4,recov,0.09277807019930503,2.3775449796236714,476.6666666666667,2.3775449748968622
236,236,5,recov,0.09277807019929331,2.3775449796237975,476.6666666666667,2.3775449748968622
237,237,3,recov,0.09277807031815999,2.3775449783426037,476.6666666666667,2.3775449748968622
238,238,4,recov,0.09277807031815051,2.3775449783427063,476.6666666666667,2.3775449748968622
239,239,5,recov,0.09277807031814198,2.377544978342798,476.6666666666667,2.3775449748968622
240,240,3,recov,0.09277807040479578,2.377544977408808,476.6666666666667,2.3775449748968622
241,241,4,recov,0.09277807040478886,2.3775449774088826,476.6666666666667,2.3775449748968622
242,242,5,recov,0.09277807040478266,2.377544977408949,476.6666666666667,2.3775449748968622
243,243,3,recov,0.09277807046795326,2.3775449767280707,476.6666666666667,2.3775449748968622
244,244,4,recov,0.09277807046794821,2.3775449767281254,476.6666666666667,2.3775449748968622
245,245,5,recov,0.09277807046794367,2.377544976728174,476.6666666666667,2.3775449748968622
246,246,3,recov,0.09277807051399507,2.377544976231813,476.6666666666667,2.3775449748968622
247,247,4,recov,0.0927780705139914,2.377544976231853,476.6666666666667,2.3775449748968622
248,248,5,recov,0.09277807051398808,2.3775449762318885,476.6666666666667,2.3775449748968622
249,249,3,recov,0.09277807054755954,2.3775449758700415,476.6666666666667,2.3775449748968622
250,250,4,recov,0.09277807054755688,2.3775449758700704,476.6666666666667,2.3775449748968622
251,251,5,recov,0.09277807054755446,2.3775449758700966,476.6666666666667,2.3775449748968622
252,252,3,recov,0.09277807057202805,2.37754497560631,476.6666666666667,2.3775449748968622
253,253,4,recov,0.09277807057202611,2.377544975606331,476.6666666666667,2.3775449748968622
254,254,5,recov,0.09277807057202435,2.37754497560635,476.6666666666667,2.3775449748968622
255,255,3,recov,0.09277807058986559,2.37754497541405,476.6666666666667,2.3775449748968622
256,256,4,recov,0.09277807058986419,2.377544975414065,476.6666666666667,2.3775449748968622
257,257,5,recov,0.0927780705898629,2.3775449754140787,476.6666666666667,2.3775449748968622
258,258,3,recov,0.09277807060286918,2.3775449752738917,476.6666666666667,2.3775449748968622
259,259,4,recov,0.09277807060286813,2.377544975273903,476.6666666666667,2.3775449748968622
260,260,5,recov,0.0927780706028672,2.377544975273913,476.6666666666667,2.3775449748968622
261,261,3,recov,0.09277807061234876,2.377544975171717,476.6666666666667,2.3775449748968622
262,262,4,recov,0.09277807061234801,2.377544975171725,476.6666666666667,2.3775449748968622
263,263,5,recov,0.09277807061234733,2.3775449751717326,476.6666666666667,2.3775449748968622
264,264,3,recov,0.09277807061925941,2.3775449750972313,476.6666666666667,2.3775449748968622
265,265,4,recov,0.09277807061925884,2.3775449750972375,476.6666666666667,2.3775449748968622
266,266,5,recov,0.09277807061925836,2.3775449750972424,476.6666666666667,2.3775449748968622
267,267,3,recov,0.09277807062429723,2.3775449750429316,476.6666666666667,2.3775449748968622
268,268,4,recov,0.09277807062429684,2.3775449750429356,476.6666666666667,2.3775449748968622
269,269,5,recov,0.09277807062429648,2.3775449750429396,476.6666666666667,2.3775449748968622
270,270,3,recov,0.09277807062796985,2.3775449750033464,476.6666666666667,2.3775449748968622
271,271,4,recov,0.09277807062796954,2.37754497500335,476.6666666666667,2.3775449748968622
272,272,5,recov,0.09277807062796928,2.3775449750033526,476.6666666666667,2.3775449748968622
273,273,3,recov,0.09277807063064715,2.3775449749744895,476.6666666666667,2.3775449748968622
274,274,4,recov,0.09277807063064694,2.3775449749744917,476.6666666666667,2.3775449748968622
275,275,5,recov,0.09277807063064675,2.377544974974494,476.6666666666667,2.3775449748968622
276,276,3,recov,0.09277807063259892,2.3775449749534525,476.6666666666667,2.3775449748968622
277,277,4,recov,0.09277807063259876,2.3775449749534543,476.6666666666667,2.3775449748968622
278,278,5,recov,0.09277807063259862,2.3775449749534556,476.6666666666667,2.3775449748968622
279,279,3,recov,0.09277807063402174,2.377544974938117,476.6666666666667,2.3775449748968622
280,280,4,recov,0.09277807063402163,2.377544974938118,476.6666666666667,2.3775449748968622
281,281,5,recov,0.09277807063402153,2.377544974938119,476.6666666666667,2.3775449748968622
282,282,3,recov,0.092778070635059,2.377544974926937,476.6666666666667,2.3775449748968622
283,283,4,recov,0.09277807063505893,2.3775449749269377,476.6666666666667,2.3775449748968622
284,284,5,recov,0.09277807063505886,2.377544974926938,476.6666666666667,2.3775449748968622
285,285,3,recov,0.09277807063581515,2.3775449749187865,476.6666666666667,2.3775449748968622
286,286,4,recov,0.0927780706358151,2.3775449749187874,476.6666666666667,2.3775449748968622
287,287,5,recov,0.09277807063581504,2.377544974918788,476.6666666666667,2.3775449748968622
288,288,3,recov,0.09277807063636638,2.3775449749128454,476.6666666666667,2.3775449748968622
289,289,4,recov,0.09277807063636635,2.3775449749128454,476.6666666666667,2.3775449748968622
290,290,5,recov,0.09277807063636631,2.377544974912846,476.6666666666667,2.3775449748968622
291,291,3,recov,0.09277807063676825,2.377544974908514,476.6666666666667,2.3775449748968622
292,292,4,recov,0.09277807063676821,2.3775449749085142,476.6666666666667,2.3775449748968622
293,293,5,recov,0.0927780706367682,2.3775449749085142,476.6666666666667,2.3775449748968622
294,294,3,recov,0.09277807063706119,2.3775449749053563,476.6666666666667,2.3775449748968622
295,295,4,recov,0.09277807063706117,2.3775449749053563,476.6666666666667,2.3775449748968622
296,296,5,recov,0.09277807063706116,2.3775449749053568,476.6666666666667,2.3775449748968622
297,297,3,recov,0.09277807063727475,2.3775449749030546,476.6666666666667,2.3775449748968622
298,298,4,recov,0.09277807063727474,2.3775449749030546,476.6666666666667,2.3775449748968622
299,299,5,recov,0.09277807063727471,2.377544974903055,476.6666666666667,2.3775449748968622
300,300,3,recov,0.09277807063743043,2.3775449749013764,476.6666666666667,2.3775449748968622
301,301,4,recov,0.09277807063743043,2.3775449749013764,476.6666666666667,2.3775449748968622
302,302,5,recov,0.09277807063743042,2.3775449749013764,476.6666666666667,2.3775449748968622
303,303,3,recov,0.09277807063754394,2.377544974900153,476.6666666666667,2.3775449748968622
304,304,4,recov,0.09277807063754391,2.3775449749001534,476.6666666666667,2.3775449748968622
305,305,5,recov,0.09277807063754391,2.3775449749001534,476.6666666666667,2.3775449748968622
306,306,3,recov,0.09277807063762666,2.377544974899261,476.6666666666667,2.3775449748968622
307,307,4,recov,0.09277807063762666,2.377544974899261,476.6666666666667,2.3775449748968622
308,308,5,recov,0.09277807063762666,2.377544974899261,476.6666666666667,2.3775449748968622
309,309,3,recov,0.09277807063768698,2.3775449748986115,476.6666666666667,2.3775449748968622
310,310,4,recov,0.09277807063768698,2.3775449748986115,476.6666666666667,2.3775449748968622
311,311,5,recov,0.09277807063768698,2.3775449748986115,476.6666666666667,2.3775449748968622
312,312,3,recov,0.09277807063773096,2.377544974898137,476.6666666666667,2.3775449748968622
313,313,4,recov,0.09277807063773096,2.377544974898137,476.6666666666667,2.3775449748968622
314,314,5,recov,0.09277807063773094,2.3775449748981377,476.6666666666667,2.3775449748968622
315,315,3,recov,0.09277807063776301,2.3775449748977917,476.6666666666667,2.3775449748968622
316,316,4,recov,0.09277807063776301,2.3775449748977917,476.6666666666667,2.3775449748968622
317,317,5,recov,0.09277807063776301,2.3775449748977917,476.6666666666667,2.3775449748968622
318,318,3,recov,0.09277807063778638,2.37754497489754,476.6666666666667,2.3775449748968622
319,319,4,recov,0.09277807063778638,2.37754497489754,476.6666666666667,2.3775449748968622
320,320,5,recov,0.09277807063778638,2.37754497489754,476.6666666666667,2.3775449748968622
321,321,3,recov,0.09277807063780343,2.377544974897356,476.6666666666667,2.3775449748968622
322,322,4,recov,0.09277807063780343,2.377544974897356,476.6666666666667,2.3775449748968622
323,323,5,recov,0.09277807063780341,2.3775449748973565,476.6666666666667,2.3775449748968622
324,324,3,recov,0.09277807063781583,2.3775449748972224,476.6666666666667,2.3775449748968622
325,325,4,recov,0.09277807063781583,2.3775449748972224,476.6666666666667,2.3775449748968622
326,326,5,recov,0.09277807063781583,2.3775449748972224,476.6666666666667,2.3775449748968622
327,327,3,recov,0.09277807063782488,2.377544974897125,476.6666666666667,2.3775449748968622
328,328,4,recov,0.09277807063782488,2.377544974897125,476.6666666666667,2.3775449748968622
329,329,5,recov,0.09277807063782488,2.377544974897125,476.6666666666667,2.3775449748968622
330,330,3,recov,0.09277807063783149,2.3775449748970536,476.6666666666667,2.3775449748968622
331,331,4,recov,0.09277807063783149,2.3775449748970536,476.6666666666667,2.3775449748968622
332,332,5,recov,0.09277807063783149,2.3775449748970536,476.6666666666667,2.3775449748968622
333,333,3,recov,0.09277807063783629,2.377544974897002,476.6666666666667,2.3775449748968622
334,334,4,recov,0.09277807063783629,2.377544974897002,476.6666666666667,2.3775449748968622
335,335,5,recov,0.09277807063783629,2.377544974897002,476.6666666666667,2.3775449748968622
336,336,3,recov,0.09277807063783981,2.377544974896964,476.6666666666667,2.3775449748968622
337,337,4,recov,0.09277807063783981,2.377544974896964,476.6666666666667,2.3775449748968622
338,338,5,recov,0.09277807063783981,2.377544974896964,476.6666666666667,2.3775449748968622
339,339,3,recov,0.09277807063784235,2.3775449748969364,476.6666666666667,2.3775449748968622
340,340,4,recov,0.09277807063784235,2.3775449748969364,476.6666666666667,2.3775449748968622
341,341,5,recov,0.09277807063784235,2.3775449748969364,476.6666666666667,2.3775449748968622
342,342,3,recov,0.09277807063784423,2.3775449748969164,476.6666666666667,2.3775449748968622
343,343,4,recov,0.09277807063784423,2.3775449748969164,476.6666666666667,2.3775449748968622
344,344,5,recov,0.09277807063784423,2.3775449748969164,476.6666666666667,2.3775449748968622
345,345,3,recov,0.09277807063784559,2.3775449748969018,476.6666666666667,2.3775449748968622
346,346,4,recov,0.09277807063784559,2.3775449748969018,476.6666666666667,2.3775449748968622
347,347,5,recov,0.09277807063784559,2.3775449748969018,476.6666666666667,2.3775449748968622
348,348,3,recov,0.09277807063784657,2.377544974896891,476.6666666666667,2.3775449748968622
349,349,4,recov,0.09277807063784657,2.377544974896891,476.6666666666667,2.3775449748968622
350,350,5,recov,0.09277807063784657,2.377544974896891,476.6666666666667,2.3775449748968622
351,351,3,recov,0.09277807063784729,2.3775449748968835,476.6666666666667,2.3775449748968622
352,352,4,recov,0.09277807063784729,2.3775449748968835,476.6666666666667,2.3775449748968622
353,353,5,recov,0.09277807063784729,2.3775449748968835,476.6666666666667,2.3775449748968622
354,354,3,recov,0.09277807063784782,2.3775449748968778,476.6666666666667,2.3775449748968622
355,355,4,recov,0.09277807063784782,2.3775449748968778,476.6666666666667,2.3775449748968622
356,356,5,recov,0.09277807063784782,2.3775449748968778,476.6666666666667,2.3775449748968622
357,357,3,recov,0.09277807063784821,2.3775449748968733,476.6666666666667,2.3775449748968622
358,358,4,recov,0.09277807063784821,2.3775449748968733,476.6666666666667,2.3775449748968622
359,359,5,recov,0.09277807063784821,2.3775449748968733,476.6666666666667,2.3775449748968622
360,360,3,recov,0.09277807063784849,2.3775449748968707,476.6666666666667,2.3775449748968622
361,361,4,recov,0.09277807063784849,2.3775449748968707,476.6666666666667,2.3775449748968622
362,362,5,recov,0.09277807063784849,2.3775449748968707,476.6666666666667,2.3775449748968622
363,363,3,recov,0.0927780706378487,2.3775449748968684,476.6666666666667,2.3775449748968622
364,364,4,recov,0.0927780706378487,2.3775449748968684,476.6666666666667,2.3775449748968622
365,365,5,recov,0.0927780706378487,2.3775449748968684,476.6666666666667,2.3775449748968622
366,366,3,recov,0.09277807063784885,2.3775449748968667,476.6666666666667,2.3775449748968622
367,367,4,recov,0.09277807063784885,2.3775449748968667,476.6666666666667,2.3775449748968622
368,368,5,recov,0.09277807063784885,2.3775449748968667,476.6666666666667,2.3775449748968622
369,369,3,recov,0.09277807063784894,2.377544974896866,476.6666666666667,2.3775449748968622
370,370,4,recov,0.09277807063784894,2.377544974896866,476.6666666666667,2.3775449748968622
371,371,5,recov,0.09277807063784894,2.377544974896866,476.6666666666667,2.3775449748968622
372,372,3,recov,0.09277807063784901,2.377544974896865,476.6666666666667,2.3775449748968622
373,373,4,recov,0.09277807063784901,2.377544974896865,476.6666666666667,2.3775449748968622
374,374,5,recov,0.09277807063784901,2.377544974896865,476.6666666666667,2.3775449748968622
375,375,3,recov,0.09277807063784908,2.377544974896864,476.6666666666667,2.3775449748968622
376,376,4,recov,0.09277807063784908,2.377544974896864,476.6666666666667,2.3775449748968622
377,377,5,recov,0.09277807063784908,2.377544974896864,476.6666666666667,2.3775449748968622
378,378,3,recov,0.09277807063784912,2.3775449748968636,476.6666666666667,2.3775449748968622
379,379,4,recov,0.09277807063784912,2.3775449748968636,476.6666666666667,2.3775449748968622
380,380,5,recov,0.09277807063784912,2.3775449748968636,476.6666666666667,2.3775449748968622
381,381,3,recov,0.09277807063784915,2.377544974896863,476.6666666666667,2.3775449748968622
382,382,4,recov,0.09277807063784915,2.377544974896863,476.6666666666667,2.3775449748968622
383,383,5,recov,0.09277807063784915,2.377544974896863,476.6666666666667,2.3775449748968622
384,384,3,recov,0.09277807063784917,2.377544974896863,476.6666666666667,2.3775449748968622
385,385,4,recov,0.09277807063784917,2.377544974896863,476.6666666666667,2.3775449748968622
386,386,5,recov,0.09277807063784917,2.377544974896863,476.6666666666667,2.3775449748968622
387,387,3,recov,0.0927780706378492,2.3775449748968627,476.6666666666667,2.3775449748968622
388,388,4,recov,0.0927780706378492,2.3775449748968627,476.6666666666667,2.3775449748968622
389,389,5,recov,0.0927780706378492,2.3775449748968627,476.6666666666667,2.3775449748968622
390,390,3,recov,0.09277807063784921,2.3775449748968627,476.6666666666667,2.3775449748968622
391,391,4,recov,0.09277807063784921,2.3775449748968627,476.6666666666667,2.3775449748968622
392,392,5,recov,0.09277807063784921,2.3775449748968627,476.6666666666667,2.3775449748968622
393,393,3,recov,0.09277807063784922,2.3775449748968627,476.6666666666667,2.3775449748968622
394,394,4,recov,0.09277807063784922,2.3775449748968627,476.6666666666667,2.3775449748968622
395,395,5,recov,0.09277807063784922,2.3775449748968627,476.6666666666667,2.3775449748968622
396,396,3,recov,0.09277807063784922,2.3775449748968627,476.6666666666667,2.3775449748968622
397,397,4,recov,0.09277807063784922,2.3775449748968627,476.6666666666667,2.3775449748968622
398,398,5,recov,0.09277807063784922,2.3775449748968627,476.6666666666667,2.3775449748968622
399,399,3,recov,0.09277807063784922,2.3775449748968627,476.6666666666667,2.3775449748968622
400,400,4,recov,0.09277807063784922,2.3775449748968627,476.6666666666667,2.3775449748968622
401,401,5,recov,0.09277807063784922,2.3775449748968627,476.6666666666667,2.3775449748968622
402,402,3,recov,0.09277807063784922,2.3775449748968627,476.6666666666667,2.3775449748968622
403,403,4,recov,0.09277807063784922,2.3775449748968627,476.6666666666667,2.3775449748968622
404,404,5,recov,0.09277807063784922,2.3775449748968627,476.6666666666667,2.3775449748968622
405,405,3,recov,0.09277807063784924,2.3775449748968622,476.6666666666667,2.3775449748968622
406,406,4,recov,0.09277807063784924,2.3775449748968622,476.6666666666667,2.3775449748968622
407,407,5,recov,0.09277807063784924,2.3775449748968622,476.6666666666667,2.3775449748968622
408,408,3,recov,0.09277807063784924,2.3775449748968622,476.6666666666667,2.3775449748968622
409,409,4,recov,0.09277807063784924,2.3775449748968622,476.6666666666667,2.3775449748968622
410,410,5,recov,0.09277807063784924,2.3775449748968622,476.6666666666667,2.3775449748968622
411,411,3,recov,0.09277807063784924,2.3775449748968622,476.6666666666667,2.3775449748968622
412,412,4,recov,0.09277807063784924,2.3775449748968622,476.6666666666667,2.3775449748968622
413,413,5,recov,0.09277807063784924,2.3775449748968622,476.6666666666667,2.3775449748968622
414,414,3,recov,0.09277807063784924,2.3775449748968622,476.6666666666667,2.3775449748968622
415,415,4,recov,0.09277807063784924,2.3775449748968622,476.6666666666667,2.3775449748968622
416,416,5,recov,0.09277807063784924,2.3775449748968622,476.6666666666667,2.3775449748968622
417,417,3,recov,0.09277807063784924,2.3775449748968622,476.6666666666667,2.3775449748968622
418,418,4,recov,0.09277807063784924,2.3775449748968622,476.6666666666667,2.3775449748968622
419,419,5,recov,0.09277807063784924,2.3775449748968622,476.6666666666667,2.3775449748968622
420,420,3,recov,0.09277807063784924,2.3775449748968622,476.6666666666667,2.3775449748968622
421,421,4,recov,0.09277807063784924,2.3775449748968622,476.6666666666667,2.3775449748968622
422,422,5,recov,0.09277807063784924,2.3775449748968622,476.6666666666667,2.3775449748968622
423,423,3,recov,0.09277807063784924,2.3775449748968622,476.6666666666667,2.3775449748968622
424,424,4,recov,0.09277807063784924,2.3775449748968622,476.6666666666667,2.3775449748968622
425,425,5,recov,0.09277807063784924,2.3775449748968622,476.6666666666667,2.3775449748968622
426,426,3,recov,0.09277807063784924,2.3775449748968622,476.6666666666667,2.3775449748968622
427,427,4,recov,0.09277807063784924,2.3775449748968622,476.6666666666667,2.3775449748968622
428,428,5,recov,0.09277807063784924,2.3775449748968622,476.6666666666667,2.3775449748968622
429,429,3,recov,0.09277807063784924,2.3775449748968622,476.6666666666667,2.3775449748968622
430,430,4,recov,0.09277807063784924,2.3775449748968622,476.6666666666667,2.3775449748968622
431,431,5,recov,0.09277807063784924,2.3775449748968622,476.6666666666667,2.3775449748968622
432,432,3,recov,0.09277807063784924,2.3775449748968622,476.6666666666667,2.3775449748968622
433,433,4,recov,0.09277807063784924,2.3775449748968622,476.6666666666667,2.3775449748968622
434,434,5,recov,0.09277807063784924,2.3775449748968622,476.6666666666667,2.3775449748968622
435,435,3,recov,0.09277807063784924,2.3775449748968622,476.6666666666667,2.3775449748968622
436,436,4,recov,0.09277807063784924,2.3775449748968622,476.6666666666667,2.3775449748968622
437,437,5,recov,0.09277807063784924,2.3775449748968622,476.6666666666667,2.3775449748968622
438,438,3,recov,0.09277807063784924,2.3775449748968622,476.6666666666667,2.3775449748968622
439,439,4,recov,0.09277807063784924,2.3775449748968622,476.6666666666667,2.3775449748968622
440,440,5,recov,0.09277807063784924,2.3775449748968622,476.6666666666667,2.3775449748968622
441,441,3,recov,0.09277807063784924,2.3775449748968622,476.6666666666667,2.3775449748968622
442,442,4,recov,0.09277807063784924,2.3775449748968622,476.6666666666667,2.3775449748968622
443,443,5,recov,0.09277807063784924,2.3775449748968622,476.6666666666667,2.3775449748968622
444,444,3,recov,0.09277807063784924,2.3775449748968622,476.6666666666667,2.3775449748968622
445,445,4,recov,0.09277807063784924,2.3775449748968622,476.6666666666667,2.3775449748968622
446,446,5,recov,0.09277807063784924,2.3775449748968622,476.6666666666667,2.3775449748968622
447,447,3,recov,0.09277807063784924,2.3775449748968622,476.6666666666667,2.3775449748968622
448,448,4,recov,0.09277807063784924,2.3775449748968622,476.6666666666667,2.3775449748968622
449,449,5,recov,0.09277807063784924,2.3775449748968622,476.6666666666667,2.3775449748968622
450,450,3,recov,0.09277807063784924,2.3775449748968622,476.6666666666667,2.3775449748968622
451,451,4,recov,0.09277807063784924,2.3775449748968622,476.6666666666667,2.3775449748968622
452,452,5,recov,0.09277807063784924,2.3775449748968622,476.6666666666667,2.3775449748968622
453,453,3,recov,0.09277807063784924,2.3775449748968622,476.6666666666667,2.3775449748968622
454,454,4,recov,0.09277807063784924,2.3775449748968622,476.6666666666667,2.3775449748968622
455,455,5,recov,0.09277807063784924,2.3775449748968622,476.6666666666667,2.3775449748968622
456,456,3,recov,0.09277807063784924,2.3775449748968622,476.6666666666667,2.3775449748968622
457,457,4,recov,0.09277807063784924,2.3775449748968622,476.6666666666667,2.3775449748968622
458,458,5,recov,0.09277807063784924,2.3775449748968622,476.6666666666667,2.3775449748968622
459,459,3,recov,0.09277807063784924,2.3775449748968622,476.6666666666667,2.3775449748968622
460,460,4,recov,0.09277807063784924,2.3775449748968622,476.6666666666667,2.3775449748968622
461,461,5,recov,0.09277807063784924,2.3775449748968622,476.6666666666667,2.3775449748968622
462,462,3,recov,0.09277807063784924,2.3775449748968622,476.6666666666667,2.3775449748968622
463,463,4,recov,0.09277807063784924,2.3775449748968622,476.6666666666667,2.3775449748968622
464,464,5,recov,0.09277807063784924,2.3775449748968622,476.6666666666667,2.3775449748968622
465,465,3,recov,0.09277807063784924,2.3775449748968622,476.6666666666667,2.3775449748968622
466,466,4,recov,0.09277807063784924,2.3775449748968622,476.6666666666667,2.3775449748968622
467,467,5,recov,0.09277807063784924,2.3775449748968622,476.6666666666667,2.3775449748968622
468,468,3,recov,0.09277807063784924,2.3775449748968622,476.6666666666667,2.3775449748968622
469,469,4,recov,0.09277807063784924,2.3775449748968622,476.6666666666667,2.3775449748968622
470,470,5,recov,0.09277807063784924,2.3775449748968622,476.6666666666667,2.3775449748968622
471,471,3,recov,0.09277807063784924,2.3775449748968622,476.6666666666667,2.3775449748968622
472,472,4,recov,0.09277807063784924,2.3775449748968622,476.6666666666667,2.3775449748968622
473,473,5,recov,0.09277807063784924,2.3775449748968622,476.6666666666667,2.3775449748968622
474,474,3,recov,0.09277807063784924,2.3775449748968622,476.6666666666667,2.3775449748968622
475,475,4,recov,0.09277807063784924,2.3775449748968622,476.6666666666667,2.3775449748968622
476,476,5,recov,0.09277807063784924,2.3775449748968622,476.6666666666667,2.3775449748968622
477,477,3,recov,0.09277807063784924,2.3775449748968622,476.6666666666667,2.3775449748968622
478,478,4,recov,0.09277807063784924,2.3775449748968622,476.6666666666667,2.3775449748968622
479,479,5,recov,0.09277807063784924,2.3775449748968622,476.6666666666667,2.3775449748968622
480,480,3,recov,0.09277807063784924,2.3775449748968622,476.6666666666667,2.3775449748968622
481,481,4,recov,0.09277807063784924,2.3775449748968622,476.6666666666667,2.3775449748968622
482,482,5,recov,0.09277807063784924,2.3775449748968622,476.6666666666667,2.3775449748968622
483,483,3,recov,0.09277807063784924,2.3775449748968622,476.6666666666667,2.3775449748968622
484,484,4,recov,0.09277807063784924,2.3775449748968622,476.6666666666667,2.3775449748968622
485,485,5,recov,0.09277807063784924,2.3775449748968622,476.6666666666667,2.3775449748968622
486,486,3,recov,0.09277807063784924,2.3775449748968622,476.6666666666667,2.3775449748968622
487,487,4,recov,0.09277807063784924,2.3775449748968622,476.6666666666667,2.3775449748968622
488,488,5,recov,0.09277807063784924,2.3775449748968622,476.6666666666667,2.3775449748968622
489,489,3,recov,0.09277807063784924,2.3775449748968622,476.6666666666667,2.3775449748968622
490,490,4,recov,0.09277807063784924,2.3775449748968622,476.6666666666667,2.3775449748968622
491,491,5,recov,0.09277807063784924,2.3775449748968622,476.6666666666667,2.3775449748968622
492,492,3,recov,0.09277807063784924,2.3775449748968622,476.6666666666667,2.3775449748968622
493,493,4,recov,0.09277807063784924,2.3775449748968622,476.6666666666667,2.3775449748968622
494,494,5,recov,0.09277807063784924,2.3775449748968622,476.6666666666667,2.3775449748968622
495,495,3,recov,0.09277807063784924,2.3775449748968622,476.6666666666667,2.3775449748968622
496,496,4,recov,0.09277807063784924,2.3775449748968622,476.6666666666667,2.3775449748968622
497,497,5,recov,0.09277807063784924,2.3775449748968622,476.6666666666667,2.3775449748968622
498,498,3,recov,0.09277807063784924,2.3775449748968622,476.6666666666667,2.3775449748968622
499,499,4,recov,0.09277807063784924,2.3775449748968622,476.6666666666667,2.3775449748968622
500,500,5,recov,0.09277807063784924,2.3775449748968622,476.6666666666667,2.3775449748968622
501,501,3,recov,0.09277807063784924,2.3775449748968622,476.6666666666667,2.3775449748968622
502,502,4,recov,0.09277807063784924,2.3775449748968622,476.6666666666667,2.3775449748968622
503,503,5,recov,0.09277807063784924,2.3775449748968622,476.6666666666667,2.3775449748968622
504,504,3,recov,0.09277807063784924,2.3775449748968622,476.6666666666667,2.3775449748968622
505,505,4,recov,0.09277807063784924,2.3775449748968622,476.6666666666667,2.3775449748968622
506,506,5,recov,0.09277807063784924,2.3775449748968622,476.6666666666667,2.3775449748968622
507,507,3,recov,0.09277807063784924,2.3775449748968622,476.6666666666667,2.3775449748968622
508,508,4,recov,0.09277807063784924,2.3775449748968622,476.6666666666667,2.3775449748968622
509,509,5,recov,0.09277807063784924,2.3775449748968622,476.6666666666667,2.3775449748968622
510,510,3,recov,0.09277807063784924,2.3775449748968622,476.6666666666667,2.3775449748968622
511,511,4,recov,0.09277807063784924,2.3775449748968622,476.6666666666667,2.3775449748968622
512,512,5,recov,0.09277807063784924,2.3775449748968622,476.6666666666667,2.3775449748968622
513,513,3,recov,0.09277807063784924,2.3775449748968622,476.6666666666667,2.3775449748968622
514,514,4,recov,0.09277807063784924,2.3775449748968622,476.6666666666667,2.3775449748968622
515,515,5,recov,0.09277807063784924,2.3775449748968622,476.6666666666667,2.3775449748968622
516,516,3,recov,0.09277807063784924,2.3775449748968622,476.6666666666667,2.3775449748968622
517,517,4,recov,0.09277807063784924,2.3775449748968622,476.6666666666667,2.3775449748968622
518,518,5,recov,0.09277807063784924,2.3775449748968622,476.6666666666667,2.3775449748968622
519,519,3,recov,0.09277807063784924,2.3775449748968622,476.6666666666667,2.3775449748968622
520,520,4,recov,0.09277807063784924,2.3775449748968622,476.6666666666667,2.3775449748968622
521,521,5,recov,0.09277807063784924,2.3775449748968622,476.6666666666667,2.3775449748968622
522,522,3,recov,0.09277807063784924,2.3775449748968622,476.6666666666667,2.3775449748968622
523,523,4,recov,0.09277807063784924,2.3775449748968622,476.6666666666667,2.3775449748968622
524,524,5,recov,0.09277807063784924,2.3775449748968622,476.6666666666667,2.3775449748968622
525,525,3,recov,0.09277807063784924,2.3775449748968622,476.6666666666667,2.3775449748968622
526,526,4,recov,0.09277807063784924,2.3775449748968622,476.6666666666667,2.3775449748968622
527,527,5,recov,0.09277807063784924,2.3775449748968622,476.6666666666667,2.3775449748968622
528,528,3,recov,0.09277807063784924,2.3775449748968622,476.6666666666667,2.3775449748968622
529,529,4,recov,0.09277807063784924,2.3775449748968622,476.6666666666667,2.3775449748968622
530,530,5,recov,0.09277807063784924,2.3775449748968622,476.6666666666667,2.3775449748968622
531,531,3,recov,0.09277807063784924,2.3775449748968622,476.6666666666667,2.3775449748968622
532,532,4,recov,0.09277807063784924,2.3775449748968622,476.6666666666667,2.3775449748968622
533,533,5,recov,0.09277807063784924,2.3775449748968622,476.6666666666667,2.3775449748968622
534,534,3,recov,0.09277807063784924,2.3775449748968622,476.6666666666667,2.3775449748968622
535,535,4,recov,0.09277807063784924,2.3775449748968622,476.6666666666667,2.3775449748968622
536,536,5,recov,0.09277807063784924,2.3775449748968622,476.6666666666667,2.3775449748968622
537,537,3,recov,0.09277807063784924,2.3775449748968622,476.6666666666667,2.3775449748968622
538,538,4,recov,0.09277807063784924,2.3775449748968622,476.6666666666667,2.3775449748968622
539,539,5,recov,0.09277807063784924,2.3775449748968622,476.6666666666667,2.3775449748968622
540,540,3,recov,0.09277807063784924,2.3775449748968622,476.6666666666667,2.3775449748968622
541,541,4,recov,0.09277807063784924,2.3775449748968622,476.6666666666667,2.3775449748968622
542,542,5,recov,0.09277807063784924,2.3775449748968622,476.6666666666667,2.3775449748968622
543,543,0,fam_r,0.07142857142857142,2.639057329615259,476.6666666666667,2.3775449748968622
544,544,1,fam_r,0.07142857142857142,2.639057329615259,476.6666666666667,2.3775449748968622
545,545,2,fam_r,0.07142857142857142,2.639057329615259,476.6666666666667,2.3775449748968622
546,546,0,fam_r,0.07721428571428572,2.561170790958187,476.6666666666667,2.3775449748968622
547,547,1,fam_r,0.07721428571428572,2.561170790958187,476.6666666666667,2.3775449748968622
548,548,2,fam_r,0.07721428571428572,2.561170790958187,476.6666666666667,2.3775449748968622
549,549,0,fam_r,0.08143207142857142,2.5079860856764333,476.6666666666667,2.3775449748968622
550,550,1,fam_r,0.08143207142857142,2.5079860856764333,476.6666666666667,2.3775449748968622
551,551,2,fam_r,0.08143207142857142,2.5079860856764333,476.6666666666667,2.3775449748968622
552,552,0,fam_r,0.08450683721428572,2.4709228341138227,476.6666666666667,2.3775449748968622
553,553,1,fam_r,0.08450683721428572,2.4709228341138227,476.6666666666667,2.3775449748968622
554,554,2,fam_r,0.08450683721428572,2.4709228341138227,476.6666666666667,2.3775449748968622
555,555,0,fam_r,0.08674834147207143,2.4447439788154917,476.6666666666667,2.3775449748968622
556,556,1,fam_r,0.08674834147207143,2.4447439788154917,476.6666666666667,2.3775449748968622
557,557,2,fam_r,0.08674834147207143,2.4447439788154917,476.6666666666667,2.3775449748968622
