,time_step,stimulus,type,familiarity,novelty,dN,steady
0,0,0,fam,0.043478260869565216,3.1354942159291497,0.0,1.1607812164895908
1,1,1,fam,0.030303030303030304,3.4965075614664802,0.0,1.1607812164895908
2,2,2,fam,0.023310023310023312,3.758871825933971,0.0,1.1607812164895908
3,3,0,fam,0.20494867270070777,1.5849957082630186,0.0,1.1607812164895908
4,4,1,fam,0.17308188146302825,1.753990493202515,0.0,1.1607812164895908
5,5,2,fam,0.14999316045908495,1.897165582864887,0.0,1.1607812164895908
6,6,0,fam,0.24915281799166042,1.389688843896609,0.0,1.1607812164895908
7,7,1,fam,0.22335710349697663,1.4989834273603333,0.0,1.1607812164895908
8,8,2,fam,0.20259177689501132,1.5965622758737357,0.0,1.1607812164895908
9,9,0,fam,0.26979909405242186,1.310077693062815,0.0,1.1607812164895908
10,10,1,fam,0.24902094220137216,1.3902182808276815,0.0,1.1607812164895908
11,11,2,fam,0.23137978626064656,1.4636948221408037,0.0,1.1607812164895908
12,12,0,fam,0.28175305670309747,1.2667242771305158,0.0,1.1607812164895908
13,13,1,fam,0.26458620193344706,1.3295881755489332,0.0,1.1607812164895908
14,14,2,fam,0.24953442546242519,1.388158395503314,0.0,1.1607812164895908
15,15,0,fam,0.2895465306594424,1.2394392672179269,0.0,1.1607812164895908
16,16,1,fam,0.2750295855118552,1.2908766034228014,0.0,1.1607812164895908
17,17,2,fam,0.26202390790010044,1.3393195278571066,0.0,1.1607812164895908
18,18,0,fam,0.2950274803890782,1.2206867731195865,0.0,1.1607812164895908
19,19,1,fam,0.28251908375088286,1.264009177576779,0.0,1.1607812164895908
20,20,2,fam,0.27113847438773525,1.305125613005515,0.0,1.1607812164895908
21,21,0,fam,0.29909059796684584,1.2070087482540615,0.0,1.1607812164895908
22,22,1,fam,0.28815042372179434,1.244272630610193,0.0,1.1607812164895908
23,23,2,fam,0.27808047700875704,1.279844721541373,0.0,1.1607812164895908
24,24,0,fam,0.302221769641294,1.196594194539859,0.0,1.1607812164895908
25,25,1,fam,0.2925370337482599,1.2291640092195733,0.0,1.1607812164895908
26,26,2,fam,0.283541762440474,1.2603958564677362,0.0,1.1607812164895908
27,27,0,fam,0.30470762986314903,1.188402552729159,0.0,1.1607812164895908
28,28,1,fam,0.2960491005484286,1.2172299581835033,0.0,1.1607812164895908
29,29,2,fam,0.28794861609593103,1.2449732310978514,0.0,1.1607812164895908
30,30,0,fam,0.30672820045847904,1.1817932640664623,0.0,1.1607812164895908
31,31,1,fam,0.298923260850541,1.2075683912061603,0.0,1.1607812164895908
32,32,2,fam,0.2915780236866613,1.2324476462738967,0.0,1.1607812164895908
33,33,0,fam,0.308402241541102,1.1763503690278654,0.0,1.1607812164895908
34,34,1,fam,0.30131784431262754,1.199589610196565,0.0,1.1607812164895908
35,35,2,fam,0.29461777163717684,1.2220764521390632,0.0,1.1607812164895908
36,36,0,fam,0.30981126782438045,1.1717919803748602,0.0,1.1607812164895908
37,37,1,fam,0.30334279021352584,1.1928917920972217,0.0,1.1607812164895908
38,38,2,fam,0.29719967867926755,1.2133510472990516,0.0,1.1607812164895908
39,39,0,fam,0.3110130882775704,1.167920283194635,0.0,1.1607812164895908
40,40,1,fam,0.3050768223588395,1.1871916575039483,0.0,1.1607812164895908
41,41,2,fam,0.299419000970934,1.2059113455135582,0.0,1.1607812164895908
42,42,0,fam,0.3120498396879629,1.164592361340519,0.0,1.1607812164895908
43,43,1,fam,0.30657779387557116,1.1822837421877024,0.0,1.1607812164895908
44,44,2,fam,0.30134628700273697,1.1994952203410798,0.0,1.1607812164895908
45,45,0,fam,0.31295296063147626,1.1617023852584245,0.0,1.1607812164895908
46,46,1,fam,0.3078891738127578,1.178015386044467,0.0,1.1607812164895908
47,47,2,fam,0.3030349008507482,1.1939072957800714,0.0,1.1607812164895908
48,48,0,fam,0.313746384167465,1.1591703131684004,0.0,1.1607812164895908
49,49,1,fam,0.30904425607928726,1.1742707887823423,0.0,1.1607812164895908
50,50,2,fam,0.30452595430932344,1.1889989596375456,0.0,1.1607812164895908
51,51,0,fam,0.3144486515670543,1.1569344862287096,0.0,1.1607812164895908
52,52,1,fam,0.3100689721907534,1.170960515312469,0.0,1.1607812164895908
53,53,2,fam,0.3058516325400274,1.1846551555931533,0.0,1.1607812164895908
54,54,0,fam,0.31507434979923077,1.1549466368987946,0.0,1.1607812164895908
55,55,1,fam,0.3109838198529401,1.1680143943526464,0.0,1.1607812164895908
56,56,2,fam,0.30703749227342453,1.180785414182415,0.0,1.1607812164895908
57,57,0,fam,0.3156351124046909,1.1531684401637694,0.0,1.1607812164895908
58,58,1,fam,0.3118052154908341,1.165376595459119,0.0,1.1607812164895908
59,59,2,fam,0.30810408475911083,1.1773176155670078,0.0,1.1607812164895908
60,60,0,fam,0.3161403310186165,1.1515690784700572,0.0,1.1607812164895908
61,61,1,fam,0.31254646194439395,1.1630021426351316,0.0,1.1607812164895908
62,62,2,fam,0.3090681241257137,1.1741935599572848,0.0,1.1607812164895908
63,63,0,fam,0.316597670648941,1.1501234889566656,0.0,1.1607812164895908
64,64,1,fam,0.31321845329283443,1.1608543980416222,0.0,1.1607812164895908
65,65,2,fam,0.3099433430781239,1.171365762470485,0.0,1.1607812164895908
66,66,0,fam_r,0.31701344908192663,1.1488110798788675,0.0,1.1607812164895908
67,67,1,fam_r,0.31383019650851796,1.1589032147962433,0.0,1.1607812164895908
68,68,2,fam_r,0.31074112938028703,1.168795094838541,0.0,1.1607812164895908
69,69,0,fam_r,0.3173929204546851,1.1476147759442392,0.0,1.1607812164895908
70,70,1,fam_r,0.31438920317104185,1.1571235600757803,0.0,1.1607812164895908
71,71,2,fam_r,0.3114710059592479,1.1664490238692387,0.0,1.1607812164895908
72,72,0,fam_r,0.3177404900943596,1.1465202982531044,0.0,1.1607812164895908
73,73,1,fam_r,0.3149017874977462,1.1554944744932178,0.0,1.1607812164895908
74,74,2,fam_r,0.31214099769160725,1.1643002775775624,0.0,1.1607812164895908
75,75,0,fam_r,0.3180598793057268,1.1455156142245808,0.0,1.1607812164895908
76,76,1,fam_r,0.31537329582853246,1.1539982756707667,0.0,1.1607812164895908
77,77,2,fam_r,0.3127579148950135,1.1623258225372353,0.0,1.1607812164895908
78,78,0,fam_r,0.31835425320278016,1.144590512461403,0.0,1.1607812164895908
79,79,1,fam_r,0.3158082852786829,1.152619941663448,0.0,1.1607812164895908
80,80,2,fam_r,0.31332757478824824,1.1605060708904589,0.0,1.1607812164895908
0,0,0,fam,0.043478260869565216,3.1354942159291497,73.33333333333334,1.5316140964330316
1,1,1,fam,0.030303030303030304,3.4965075614664802,73.33333333333334,1.5316140964330316
2,2,2,fam,0.023310023310023312,3.758871825933971,73.33333333333334,1.5316140964330316
3,3,0,fam,0.20494867270070777,1.5849957082630186,73.33333333333334,1.5316140964330316
4,4,1,fam,0.17308188146302825,1.753990493202515,73.33333333333334,1.5316140964330316
5,5,2,fam,0.14999316045908495,1.897165582864887,73.33333333333334,1.5316140964330316
6,6,0,fam,0.24915281799166042,1.389688843896609,73.33333333333334,1.5316140964330316
7,7,1,fam,0.22335710349697663,1.4989834273603333,73.33333333333334,1.5316140964330316
8,8,2,fam,0.20259177689501132,1.5965622758737357,73.33333333333334,1.5316140964330316
9,9,0,fam,0.26979909405242186,1.310077693062815,73.33333333333334,1.5316140964330316
10,10,1,fam,0.24902094220137216,1.3902182808276815,73.33333333333334,1.5316140964330316
11,11,2,fam,0.23137978626064656,1.4636948221408037,73.33333333333334,1.5316140964330316
12,12,0,fam,0.28175305670309747,1.2667242771305158,73.33333333333334,1.5316140964330316
13,13,1,fam,0.26458620193344706,1.3295881755489332,73.33333333333334,1.5316140964330316
14,14,2,fam,0.24953442546242519,1.388158395503314,73.33333333333334,1.5316140964330316
15,15,0,fam,0.2895465306594424,1.2394392672179269,73.33333333333334,1.5316140964330316
16,16,1,fam,0.2750295855118552,1.2908766034228014,73.33333333333334,1.5316140964330316
17,17,2,fam,0.26202390790010044,1.3393195278571066,73.33333333333334,1.5316140964330316
18,18,0,fam,0.2950274803890782,1.2206867731195865,73.33333333333334,1.5316140964330316
19,19,1,fam,0.28251908375088286,1.264009177576779,73.33333333333334,1.5316140964330316
20,20,2,fam,0.27113847438773525,1.305125613005515,73.33333333333334,1.5316140964330316
21,21,0,fam,0.29909059796684584,1.2070087482540615,73.33333333333334,1.5316140964330316
22,22,1,fam,0.28815042372179434,1.244272630610193,73.33333333333334,1.5316140964330316
23,23,2,fam,0.27808047700875704,1.279844721541373,73.33333333333334,1.5316140964330316
24,24,0,fam,0.302221769641294,1.196594194539859,73.33333333333334,1.5316140964330316
25,25,1,fam,0.2925370337482599,1.2291640092195733,73.33333333333334,1.5316140964330316
26,26,2,fam,0.283541762440474,1.2603958564677362,73.33333333333334,1.5316140964330316
27,27,0,fam,0.30470762986314903,1.188402552729159,73.33333333333334,1.5316140964330316
28,28,1,fam,0.2960491005484286,1.2172299581835033,73.33333333333334,1.5316140964330316
29,29,2,fam,0.28794861609593103,1.2449732310978514,73.33333333333334,1.5316140964330316
30,30,0,fam,0.30672820045847904,1.1817932640664623,73.33333333333334,1.5316140964330316
31,31,1,fam,0.298923260850541,1.2075683912061603,73.33333333333334,1.5316140964330316
32,32,2,fam,0.2915780236866613,1.2324476462738967,73.33333333333334,1.5316140964330316
33,33,0,fam,0.308402241541102,1.1763503690278654,73.33333333333334,1.5316140964330316
34,34,1,fam,0.30131784431262754,1.199589610196565,73.33333333333334,1.5316140964330316
35,35,2,fam,0.29461777163717684,1.2220764521390632,73.33333333333334,1.5316140964330316
36,36,0,fam,0.30981126782438045,1.1717919803748602,73.33333333333334,1.5316140964330316
37,37,1,fam,0.30334279021352584,1.1928917920972217,73.33333333333334,1.5316140964330316
38,38,2,fam,0.29719967867926755,1.2133510472990516,73.33333333333334,1.5316140964330316
39,39,0,fam,0.3110130882775704,1.167920283194635,73.33333333333334,1.5316140964330316
40,40,1,fam,0.3050768223588395,1.1871916575039483,73.33333333333334,1.5316140964330316
41,41,2,fam,0.299419000970934,1.2059113455135582,73.33333333333334,1.5316140964330316
42,42,0,fam,0.3120498396879629,1.164592361340519,73.33333333333334,1.5316140964330316
43,43,1,fam,0.30657779387557116,1.1822837421877024,73.33333333333334,1.5316140964330316
44,44,2,fam,0.30134628700273697,1.1994952203410798,73.33333333333334,1.5316140964330316
45,45,0,fam,0.31295296063147626,1.1617023852584245,73.33333333333334,1.5316140964330316
46,46,1,fam,0.3078891738127578,1.178015386044467,73.33333333333334,1.5316140964330316
47,47,2,fam,0.3030349008507482,1.1939072957800714,73.33333333333334,1.5316140964330316
48,48,0,fam,0.313746384167465,1.1591703131684004,73.33333333333334,1.5316140964330316
49,49,1,fam,0.30904425607928726,1.1742707887823423,73.33333333333334,1.5316140964330316
50,50,2,fam,0.30452595430932344,1.1889989596375456,73.33333333333334,1.5316140964330316
51,51,0,fam,0.3144486515670543,1.1569344862287096,73.33333333333334,1.5316140964330316
52,52,1,fam,0.3100689721907534,1.170960515312469,73.33333333333334,1.5316140964330316
53,53,2,fam,0.3058516325400274,1.1846551555931533,73.33333333333334,1.5316140964330316
54,54,0,fam,0.31507434979923077,1.1549466368987946,73.33333333333334,1.5316140964330316
55,55,1,fam,0.3109838198529401,1.1680143943526464,73.33333333333334,1.5316140964330316
56,56,2,fam,0.30703749227342453,1.180785414182415,73.33333333333334,1.5316140964330316
57,57,0,fam,0.3156351124046909,1.1531684401637694,73.33333333333334,1.5316140964330316
58,58,1,fam,0.3118052154908341,1.165376595459119,73.33333333333334,1.5316140964330316
59,59,2,fam,0.30810408475911083,1.1773176155670078,73.33333333333334,1.5316140964330316
60,60,0,fam,0.3161403310186165,1.1515690784700572,73.33333333333334,1.5316140964330316
61,61,1,fam,0.31254646194439395,1.1630021426351316,73.33333333333334,1.5316140964330316
62,62,2,fam,0.3090681241257137,1.1741935599572848,73.33333333333334,1.5316140964330316
63,63,0,fam,0.316597670648941,1.1501234889566656,73.33333333333334,1.5316140964330316
64,64,1,fam,0.31321845329283443,1.1608543980416222,73.33333333333334,1.5316140964330316
65,65,2,fam,0.3099433430781239,1.171365762470485,73.33333333333334,1.5316140964330316
66,66,3,recov,0.001969035411541356,6.230211494955961,73.33333333333334,1.5316140964330316
67,67,4,recov,0.001949263578330261,6.2403036298733365,73.33333333333334,1.5316140964330316
68,68,5,recov,0.0019300767501949565,6.250195509915635,73.33333333333334,1.5316140964330316
69,69,3,recov,0.020645574356913894,3.8802542994007045,73.33333333333334,1.5316140964330316
70,70,4,recov,0.02045019045094093,3.8897630835322454,73.33333333333334,1.5316140964330316
71,71,5,recov,0.02026036940062285,3.8990885473257038,73.33333333333334,1.5316140964330316
72,72,3,recov,0.037751997601507256,3.2767168880909185,73.33333333333334,1.5316140964330316
73,73,4,recov,0.03741472017870566,3.2856910643310315,73.33333333333334,1.5316140964330316
74,74,5,recov,0.03708669988104491,3.294496867415376,73.33333333333334,1.5316140964330316
75,75,3,recov,0.053471457547779495,2.9286072712237767,73.33333333333334,1.5316140964330316
76,76,4,recov,0.05301979563222151,2.937089932669963,73.33333333333334,1.5316140964330316
77,77,5,recov,0.052580104116073056,2.9454174795364314,73.33333333333334,1.5316140964330316
78,78,3,recov,0.06795973241513854,2.6888399195737596,73.33333333333334,1.5316140964330316
79,79,4,recov,0.06741623944427828,2.6968693487758046,73.33333333333334,1.5316140964330316
80,80,5,recov,0.06688667711101812,2.7047554780028156,73.33333333333334,1.5316140964330316
81,81,3,recov,0.08135015763173921,2.5089925076208828,73.33333333333334,1.5316140964330316
82,82,4,recov,0.08073340365201975,2.5166028655322155,73.33333333333334,1.5316140964330316
83,83,5,recov,0.08013196058220584,2.5240804959736263,73.33333333333334,1.5316140964330316
84,84,3,recov,0.09375752821202488,2.3670433164272984,73.33333333333334,1.5316140964330316
85,85,4,recov,0.09308286023462002,2.3742652122425545,73.33333333333334,1.5316140964330316
86,86,5,recov,0.09242443578318295,2.381363878769008,73.33333333333334,1.5316140964330316
87,87,3,recov,0.10528121420711302,2.251120278349362,73.33333333333334,1.5316140964330316
88,88,4,recov,0.1045613556867163,2.257981244115982,73.33333333333334,1.5316140964330316
89,89,5,recov,0.10385832742616498,2.2647275448149804,73.33333333333334,1.5316140964330316
90,90,3,recov,0.11600766834169063,2.154098983666819,73.33333333333334,1.5316140964330316
91,91,4,recov,0.11525319534538046,2.1606238721501927,73.33333333333334,1.5316140964330316
92,92,5,recov,0.11451587217446252,2.167041843983904,73.33333333333334,1.5316140964330316
93,93,3,recov,0.12601245982603634,2.0713744894114816,73.33333333333334,1.5316140964330316
94,94,4,recov,0.1252321818719688,2.077585809640391,73.33333333333334,1.5316140964330316
95,95,5,recov,0.12446916731075533,2.0836972458706726,73.33333333333334,1.5316140964330316
96,96,3,recov,0.13536193560592802,1.9998030835372789,73.33333333333334,1.5316140964330316
97,97,4,recov,0.13456320221206225,2.005721285388591,73.33333333333334,1.5316140964330316
98,98,5,recov,0.1337816875135747,2.0115460052768386,73.33333333333334,1.5316140964330316
99,99,3,recov,0.14411458631314866,1.937146557552238,73.33333333333334,1.5316140964330316
100,100,4,recov,0.14330353521999642,1.9427902743895316,73.33333333333334,1.5316140964330316
101,101,5,recov,0.1425095372373583,1.9483463535315475,73.33333333333334,1.5316140964330316
102,102,3,recov,0.15232217639434995,1.8817574197379159,73.33333333333334,1.5316140964330316
103,103,4,recov,0.15150393567586706,1.8871436763116087,73.33333333333334,1.5316140964330316
104,104,5,recov,0.15070249094723426,1.892447644307565,73.33333333333334,1.5316140964330316
105,105,3,recov,0.16003068458788222,1.8323897034612253,73.33333333333334,1.5316140964330316
106,106,4,recov,0.1592095380689569,1.8375340948730883,73.33333333333334,1.5316140964330316
107,107,5,recov,0.15840486198249626,1.842601105738932,73.33333333333334,1.5316140964330316
108,108,3,recov,0.16728109086882,1.7880797026681725,73.33333333333334,1.5316140964330316
109,109,4,recov,0.16646061416551117,1.792996549102863,73.33333333333334,1.5316140964330316
110,110,5,recov,0.16565623210588964,1.797840528813594,73.33333333333334,1.5316140964330316
111,111,3,recov,0.17411003832864266,1.7480677754632679,73.33333333333334,1.5316140964330316
112,112,4,recov,0.17329321123357722,1.7527702565213736,73.33333333333334,1.5316140964330316
113,113,5,recov,0.17249206712088788,1.7574040312731873,73.33333333333334,1.5316140964330316
114,114,3,recov,0.18055039257971917,1.7117453569064556,73.33333333333334,1.5316140964330316
115,115,4,recov,0.17973969229761466,1.7162456286838599,73.33333333333334,1.5316140964330316
116,116,5,recov,0.17894423878812185,1.7206810368224628,73.33333333333334,1.5316140964330316
117,117,3,recov,0.18663171672877998,1.6786180332612226,73.33333333333334,1.5316140964330316
118,118,4,recov,0.18582919553037433,1.6829273307681323,73.33333333333334,1.5316140964330316
119,119,5,recov,0.18504146926802287,1.68717532081798,73.33333333333334,1.5316140964330316
120,120,3,recov,0.19238067642150602,1.6482791801940597,73.33333333333334,1.5316140964330316
121,121,4,recov,0.1915880265586051,1.6524079072633926,73.33333333333334,1.5316140964330316
122,122,5,recov,0.19080971118265252,1.6564786240794551,73.33333333333334,1.5316140964330316
123,123,3,recov,0.19782138668179264,1.6203907428790538,73.33333333333334,1.5316140964330316
124,124,4,recov,0.19703999484049806,1.6243485513549034,73.33333333333334,1.5316140964330316
125,125,5,recov,0.19627247392053546,1.6282514120836291,73.33333333333334,1.5316140964330316
126,126,3,recov,0.2029757100755783,1.5946689618996632,73.33333333333334,1.5316140964330316
127,127,4,recov,0.20220670320110457,1.5984648216044852,73.33333333333334,1.5316140964330316
128,128,5,recov,0.2014511048509444,1.6022085828676667,73.33333333333334,1.5316140964330316
129,129,3,recov,0.20786351398668607,1.570873597419266,73.33333333333334,1.5316140964330316
130,130,4,recov,0.20710779796319836,1.5745158581595788,73.33333333333334,1.5316140964330316
131,131,5,recov,0.20636503255329539,1.5781086756511846,73.33333333333334,1.5316140964330316
132,132,3,recov,0.2125028934000845,1.5487996747099648,73.33333333333334,1.5316140964330316
133,133,4,recov,0.21176118579140313,1.552296121384017,73.33333333333334,1.5316140964330316
134,134,5,recov,0.21103197791578837,1.555745602885971,73.33333333333334,1.5316140964330316
135,135,3,recov,0.2169103644697558,1.528271077736985,73.33333333333334,1.5316140964330316
136,136,4,recov,0.21618322230545553,1.5316289794457387,73.33333333333334,1.5316140964330316
137,137,5,recov,0.21546813794854539,1.5349422321163708,73.33333333333334,1.5316140964330316
138,138,0,fam_r,0.10165814525644376,2.2861396117054222,73.33333333333334,1.5316140964330316
139,139,1,fam_r,0.1013307088958311,2.28936576563371,73.33333333333334,1.5316140964330316
140,140,2,fam_r,0.10100861807597812,2.2925494382961285,73.33333333333334,1.5316140964330316
141,141,0,fam_r,0.11029515676381622,2.2045952633529553,73.33333333333334,1.5316140964330316
142,142,1,fam_r,0.10995368645503242,2.2076960340756533,73.33333333333334,1.5316140964330316
143,143,2,fam_r,0.10961770723796953,2.2107563551277862,73.33333333333334,1.5316140964330316
144,144,0,fam_r,0.11852010746864815,2.1326726495217994,73.33333333333334,1.5316140964330316
145,145,1,fam_r,0.11816728318890496,2.1356540042961467,73.33333333333334,1.5316140964330316
146,146,2,fam_r,0.11782005032243745,2.1385968157758244,73.33333333333334,1.5316140964330316
147,147,0,fam_r,0.12635831862827587,2.0686336093390927,73.33333333333334,1.5316140964330316
148,148,1,fam_r,0.12599650004140867,2.0715011498655973,73.33333333333334,1.5316140964330316
149,149,2,fam_r,0.12564033497954474,2.0743319381297574,73.33333333333334,1.5316140964330316
150,150,0,fam_r,0.1338331207790864,2.0111616224657896,73.33333333333334,1.5316140964330316
151,151,1,fam_r,0.13346438529710003,2.0139206135338426,73.33333333333334,1.5316140964330316
152,152,2,fam_r,0.13310133322050896,2.0166445369482253,73.33333333333334,1.5316140964330316
0,0,0,fam,0.043478260869565216,3.1354942159291497,146.66666666666669,1.2709140322407435
1,1,1,fam,0.030303030303030304,3.4965075614664802,146.66666666666669,1.2709140322407435
2,2,2,fam,0.023310023310023312,3.758871825933971,146.66666666666669,1.2709140322407435
3,3,0,fam,0.20494867270070777,1.5849957082630186,146.66666666666669,1.2709140322407435
4,4,1,fam,0.17308188146302825,1.753990493202515,146.66666666666669,1.2709140322407435
5,5,2,fam,0.14999316045908495,1.897165582864887,146.66666666666669,1.2709140322407435
6,6,0,fam,0.24915281799166042,1.389688843896609,146.66666666666669,1.2709140322407435
7,7,1,fam,0.22335710349697663,1.4989834273603333,146.66666666666669,1.2709140322407435
8,8,2,fam,0.20259177689501132,1.5965622758737357,146.66666666666669,1.2709140322407435
9,9,0,fam,0.26979909405242186,1.310077693062815,146.66666666666669,1.2709140322407435
10,10,1,fam,0.24902094220137216,1.3902182808276815,146.66666666666669,1.2709140322407435
11,11,2,fam,0.23137978626064656,1.4636948221408037,146.66666666666669,1.2709140322407435
12,12,0,fam,0.28175305670309747,1.2667242771305158,146.66666666666669,1.2709140322407435
13,13,1,fam,0.26458620193344706,1.3295881755489332,146.66666666666669,1.2709140322407435
14,14,2,fam,0.24953442546242519,1.388158395503314,146.66666666666669,1.2709140322407435
15,15,0,fam,0.2895465306594424,1.2394392672179269,146.66666666666669,1.2709140322407435
16,16,1,fam,0.2750295855118552,1.2908766034228014,146.66666666666669,1.2709140322407435
17,17,2,fam,0.26202390790010044,1.3393195278571066,146.66666666666669,1.2709140322407435
18,18,0,fam,0.2950274803890782,1.2206867731195865,146.66666666666669,1.2709140322407435
19,19,1,fam,0.28251908375088286,1.264009177576779,146.66666666666669,1.2709140322407435
20,20,2,fam,0.27113847438773525,1.305125613005515,146.66666666666669,1.2709140322407435
21,21,0,fam,0.29909059796684584,1.2070087482540615,146.66666666666669,1.2709140322407435
22,22,1,fam,0.28815042372179434,1.244272630610193,146.66666666666669,1.2709140322407435
23,23,2,fam,0.27808047700875704,1.279844721541373,146.66666666666669,1.2709140322407435
24,24,0,fam,0.302221769641294,1.196594194539859,146.66666666666669,1.2709140322407435
25,25,1,fam,0.2925370337482599,1.2291640092195733,146.66666666666669,1.2709140322407435
26,26,2,fam,0.283541762440474,1.2603958564677362,146.66666666666669,1.2709140322407435
27,27,0,fam,0.30470762986314903,1.188402552729159,146.66666666666669,1.2709140322407435
28,28,1,fam,0.2960491005484286,1.2172299581835033,146.66666666666669,1.2709140322407435
29,29,2,fam,0.28794861609593103,1.2449732310978514,146.66666666666669,1.2709140322407435
30,30,0,fam,0.30672820045847904,1.1817932640664623,146.66666666666669,1.2709140322407435
31,31,1,fam,0.298923260850541,1.2075683912061603,146.66666666666669,1.2709140322407435
32,32,2,fam,0.2915780236866613,1.2324476462738967,146.66666666666669,1.2709140322407435
33,33,0,fam,0.308402241541102,1.1763503690278654,146.66666666666669,1.2709140322407435
34,34,1,fam,0.30131784431262754,1.199589610196565,146.66666666666669,1.2709140322407435
35,35,2,fam,0.29461777163717684,1.2220764521390632,146.66666666666669,1.2709140322407435
36,36,0,fam,0.30981126782438045,1.1717919803748602,146.66666666666669,1.2709140322407435
37,37,1,fam,0.30334279021352584,1.1928917920972217,146.66666666666669,1.2709140322407435
38,38,2,fam,0.29719967867926755,1.2133510472990516,146.66666666666669,1.2709140322407435
39,39,0,fam,0.3110130882775704,1.167920283194635,146.66666666666669,1.2709140322407435
40,40,1,fam,0.3050768223588395,1.1871916575039483,146.66666666666669,1.2709140322407435
41,41,2,fam,0.299419000970934,1.2059113455135582,146.66666666666669,1.2709140322407435
42,42,0,fam,0.3120498396879629,1.164592361340519,146.66666666666669,1.2709140322407435
43,43,1,fam,0.30657779387557116,1.1822837421877024,146.66666666666669,1.2709140322407435
44,44,2,fam,0.30134628700273697,1.1994952203410798,146.66666666666669,1.2709140322407435
45,45,0,fam,0.31295296063147626,1.1617023852584245,146.66666666666669,1.2709140322407435
46,46,1,fam,0.3078891738127578,1.178015386044467,146.66666666666669,1.2709140322407435
47,47,2,fam,0.3030349008507482,1.1939072957800714,146.66666666666669,1.2709140322407435
48,48,0,fam,0.313746384167465,1.1591703131684004,146.66666666666669,1.2709140322407435
49,49,1,fam,0.30904425607928726,1.1742707887823423,146.66666666666669,1.2709140322407435
50,50,2,fam,0.30452595430932344,1.1889989596375456,146.66666666666669,1.2709140322407435
51,51,0,fam,0.3144486515670543,1.1569344862287096,146.66666666666669,1.2709140322407435
52,52,1,fam,0.3100689721907534,1.170960515312469,146.66666666666669,1.2709140322407435
53,53,2,fam,0.3058516325400274,1.1846551555931533,146.66666666666669,1.2709140322407435
54,54,0,fam,0.31507434979923077,1.1549466368987946,146.66666666666669,1.2709140322407435
55,55,1,fam,0.3109838198529401,1.1680143943526464,146.66666666666669,1.2709140322407435
56,56,2,fam,0.30703749227342453,1.180785414182415,146.66666666666669,1.2709140322407435
57,57,0,fam,0.3156351124046909,1.1531684401637694,146.66666666666669,1.2709140322407435
58,58,1,fam,0.3118052154908341,1.165376595459119,146.66666666666669,1.2709140322407435
59,59,2,fam,0.30810408475911083,1.1773176155670078,146.66666666666669,1.2709140322407435
60,60,0,fam,0.3161403310186165,1.1515690784700572,146.66666666666669,1.2709140322407435
61,61,1,fam,0.31254646194439395,1.1630021426351316,146.66666666666669,1.2709140322407435
62,62,2,fam,0.3090681241257137,1.1741935599572848,146.66666666666669,1.2709140322407435
63,63,0,fam,0.316597670648941,1.1501234889566656,146.66666666666669,1.2709140322407435
64,64,1,fam,0.31321845329283443,1.1608543980416222,146.66666666666669,1.2709140322407435
65,65,2,fam,0.3099433430781239,1.171365762470485,146.66666666666669,1.2709140322407435
66,66,3,recov,0.001969035411541356,6.230211494955961,146.66666666666669,1.2709140322407435
67,67,4,recov,0.001949263578330261,6.2403036298733365,146.66666666666669,1.2709140322407435
68,68,5,recov,0.0019300767501949565,6.250195509915635,146.66666666666669,1.2709140322407435
69,69,3,recov,0.020645574356913894,3.8802542994007045,146.66666666666669,1.2709140322407435
70,70,4,recov,0.02045019045094093,3.8897630835322454,146.66666666666669,1.2709140322407435
71,71,5,recov,0.02026036940062285,3.8990885473257038,146.66666666666669,1.2709140322407435
72,72,3,recov,0.037751997601507256,3.2767168880909185,146.66666666666669,1.2709140322407435
73,73,4,recov,0.03741472017870566,3.2856910643310315,146.66666666666669,1.2709140322407435
74,74,5,recov,0.03708669988104491,3.294496867415376,146.66666666666669,1.2709140322407435
75,75,3,recov,0.053471457547779495,2.9286072712237767,146.66666666666669,1.2709140322407435
76,76,4,recov,0.05301979563222151,2.937089932669963,146.66666666666669,1.2709140322407435
77,77,5,recov,0.052580104116073056,2.9454174795364314,146.66666666666669,1.2709140322407435
78,78,3,recov,0.06795973241513854,2.6888399195737596,146.66666666666669,1.2709140322407435
79,79,4,recov,0.06741623944427828,2.6968693487758046,146.66666666666669,1.2709140322407435
80,80,5,recov,0.06688667711101812,2.7047554780028156,146.66666666666669,1.2709140322407435
81,81,3,recov,0.08135015763173921,2.5089925076208828,146.66666666666669,1.2709140322407435
82,82,4,recov,0.08073340365201975,2.5166028655322155,146.66666666666669,1.2709140322407435
83,83,5,recov,0.08013196058220584,2.5240804959736263,146.66666666666669,1.2709140322407435
84,84,3,recov,0.09375752821202488,2.3670433164272984,146.66666666666669,1.2709140322407435
85,85,4,recov,0.09308286023462002,2.3742652122425545,146.66666666666669,1.2709140322407435
86,86,5,recov,0.09242443578318295,2.381363878769008,146.66666666666669,1.2709140322407435
87,87,3,recov,0.10528121420711302,2.251120278349362,146.66666666666669,1.2709140322407435
88,88,4,recov,0.1045613556867163,2.257981244115982,146.66666666666669,1.2709140322407435
89,89,5,recov,0.10385832742616498,2.2647275448149804,146.66666666666669,1.2709140322407435
90,90,3,recov,0.11600766834169063,2.154098983666819,146.66666666666669,1.2709140322407435
91,91,4,recov,0.11525319534538046,2.1606238721501927,146.66666666666669,1.2709140322407435
92,92,5,recov,0.11451587217446252,2.167041843983904,146.66666666666669,1.2709140322407435
93,93,3,recov,0.12601245982603634,2.0713744894114816,146.66666666666669,1.2709140322407435
94,94,4,recov,0.1252321818719688,2.077585809640391,146.66666666666669,1.2709140322407435
95,95,5,recov,0.12446916731075533,2.0836972458706726,146.66666666666669,1.2709140322407435
96,96,3,recov,0.13536193560592802,1.9998030835372789,146.66666666666669,1.2709140322407435
97,97,4,recov,0.13456320221206225,2.005721285388591,146.66666666666669,1.2709140322407435
98,98,5,recov,0.1337816875135747,2.0115460052768386,146.66666666666669,1.2709140322407435
99,99,3,recov,0.14411458631314866,1.937146557552238,146.66666666666669,1.2709140322407435
100,100,4,recov,0.14330353521999642,1.9427902743895316,146.66666666666669,1.2709140322407435
101,101,5,recov,0.1425095372373583,1.9483463535315475,146.66666666666669,1.2709140322407435
102,102,3,recov,0.15232217639434995,1.8817574197379159,146.66666666666669,1.2709140322407435
103,103,4,recov,0.15150393567586706,1.8871436763116087,146.66666666666669,1.2709140322407435
104,104,5,recov,0.15070249094723426,1.892447644307565,146.66666666666669,1.2709140322407435
105,105,3,recov,0.16003068458788222,1.8323897034612253,146.66666666666669,1.2709140322407435
106,106,4,recov,0.1592095380689569,1.8375340948730883,146.66666666666669,1.2709140322407435
107,107,5,recov,0.15840486198249626,1.842601105738932,146.66666666666669,1.2709140322407435
108,108,3,recov,0.16728109086882,1.7880797026681725,146.66666666666669,1.2709140322407435
109,109,4,recov,0.16646061416551117,1.792996549102863,146.66666666666669,1.2709140322407435
110,110,5,recov,0.16565623210588964,1.797840528813594,146.66666666666669,1.2709140322407435
111,111,3,recov,0.17411003832864266,1.7480677754632679,146.66666666666669,1.2709140322407435
112,112,4,recov,0.17329321123357722,1.7527702565213736,146.66666666666669,1.2709140322407435
113,113,5,recov,0.17249206712088788,1.7574040312731873,146.66666666666669,1.2709140322407435
114,114,3,recov,0.18055039257971917,1.7117453569064556,146.66666666666669,1.2709140322407435
115,115,4,recov,0.17973969229761466,1.7162456286838599,146.66666666666669,1.2709140322407435
116,116,5,recov,0.17894423878812185,1.7206810368224628,146.66666666666669,1.2709140322407435
117,117,3,recov,0.18663171672877998,1.6786180332612226,146.66666666666669,1.2709140322407435
118,118,4,recov,0.18582919553037433,1.6829273307681323,146.66666666666669,1.2709140322407435
119,119,5,recov,0.18504146926802287,1.68717532081798,146.66666666666669,1.2709140322407435
120,120,3,recov,0.19238067642150602,1.6482791801940597,146.66666666666669,1.2709140322407435
121,121,4,recov,0.1915880265586051,1.6524079072633926,146.66666666666669,1.2709140322407435
122,122,5,recov,0.19080971118265252,1.6564786240794551,146.66666666666669,1.2709140322407435
123,123,3,recov,0.19782138668179264,1.6203907428790538,146.66666666666669,1.2709140322407435
124,124,4,recov,0.19703999484049806,1.6243485513549034,146.66666666666669,1.2709140322407435
125,125,5,recov,0.19627247392053546,1.6282514120836291,146.66666666666669,1.2709140322407435
126,126,3,recov,0.2029757100755783,1.5946689618996632,146.66666666666669,1.2709140322407435
127,127,4,recov,0.20220670320110457,1.5984648216044852,146.66666666666669,1.2709140322407435
128,128,5,recov,0.2014511048509444,1.6022085828676667,146.66666666666669,1.2709140322407435
129,129,3,recov,0.20786351398668607,1.570873597419266,146.66666666666669,1.2709140322407435
130,130,4,recov,0.20710779796319836,1.5745158581595788,146.66666666666669,1.2709140322407435
131,131,5,recov,0.20636503255329539,1.5781086756511846,146.66666666666669,1.2709140322407435
132,132,3,recov,0.2125028934000845,1.5487996747099648,146.66666666666669,1.2709140322407435
133,133,4,recov,0.21176118579140313,1.552296121384017,146.66666666666669,1.2709140322407435
134,134,5,recov,0.21103197791578837,1.555745602885971,146.66666666666669,1.2709140322407435
135,135,3,recov,0.2169103644697558,1.528271077736985,146.66666666666669,1.2709140322407435
136,136,4,recov,0.21618322230545553,1.5316289794457387,146.66666666666669,1.2709140322407435
137,137,5,recov,0.21546813794854539,1.5349422321163708,146.66666666666669,1.2709140322407435
138,138,3,recov,0.22110103324538885,1.5091355179257262,146.66666666666669,1.2709140322407435
139,139,4,recov,0.2203888766595005,1.5123616718540138,146.66666666666669,1.2709140322407435
140,140,5,recov,0.2196883463390948,1.5155453445164324,146.66666666666669,1.2709140322407435
141,141,3,recov,0.22508874319932515,1.4912605403193362,146.66666666666669,1.2709140322407435
142,142,4,recov,0.22439187558610238,1.4943613110420342,146.66666666666669,1.2709140322407435
143,143,5,recov,0.2237062141125735,1.4974216320941673,146.66666666666669,1.2709140322407435
144,144,3,recov,0.22888620459766845,1.4745303220894117,146.66666666666669,1.2709140322407435
145,145,4,recov,0.22820482983346072,1.4775116768637588,146.66666666666669,1.2709140322407435
146,146,5,recov,0.22753425321473514,1.480454488343437,146.66666666666669,1.2709140322407435
147,147,3,recov,0.23250510827003495,1.4588430831421724,146.66666666666669,1.2709140322407435
148,148,4,recov,0.23183934545657786,1.4617106236686765,146.66666666666669,1.2709140322407435
149,149,5,recov,0.23118398538871962,1.464541411932837,146.66666666666669,1.2709140322407435
150,150,3,recov,0.23595622592977739,1.4441089745090916,146.66666666666669,1.2709140322407435
151,151,4,recov,0.23530612203778553,1.4468679655771446,146.66666666666669,1.2709140322407435
152,152,5,recov,0.2346660383476667,1.4495918889915274,146.66666666666669,1.2709140322407435
153,153,3,recov,0.23924949886388933,1.4302483432640598,146.66666666666669,1.2709140322407435
154,154,4,recov,0.23861503959327934,1.4329037386422674,146.66666666666669,1.2709140322407435
155,155,5,recov,0.23799023093971547,1.4355256526248756,146.66666666666669,1.2709140322407435
156,156,3,recov,0.24239411653592016,1.4171902967980414,146.66666666666669,1.2709140322407435
157,157,4,recov,0.24177523565759074,1.4197467626816604,146.66666666666669,1.2709140322407435
158,158,5,recov,0.24116564874786528,1.422271242398126,146.66666666666669,1.2709140322407435
159,159,3,recov,0.24539858641553985,1.4048715070497901,146.66666666666669,1.2709140322407435
160,160,4,recov,0.24479517381725538,1.4073334433370985,146.66666666666669,1.2709140322407435
161,161,5,recov,0.24420071135512333,1.4097648043076325,146.66666666666669,1.2709140322407435
162,162,3,recov,0.24827079615645964,1.3932352085424518,146.66666666666669,1.2709140322407435
163,163,4,recov,0.24768270478031762,1.395606768177234,146.66666666666669,1.2709140322407435
164,164,5,recov,0.24710323232775172,1.397949085021928,146.66666666666669,1.2709140322407435
165,165,3,recov,0.2510180690834627,1.3822303540610628,146.66666666666669,1.2709140322407435
166,166,4,recov,0.25044512091331894,1.3845154606486934,146.66666666666669,1.2709140322407435
167,167,5,recov,0.2498804728201441,1.386772584169731,146.66666666666669,1.2709140322407435
168,168,3,recov,0.2536472138138693,1.3718108994024485,146.66666666666669,1.2709140322407435
169,169,4,recov,0.25308920504685545,1.374013263281547,146.66666666666669,1.2709140322407435
170,170,5,recov,0.2525391895789781,1.3761888360565884,146.66666666666669,1.2709140322407435
171,171,3,recov,0.2561645687244374,1.361935194460094,146.66666666666669,1.2709140322407435
172,172,4,recov,0.25562127424046405,1.3640583273897178,146.66666666666669,1.2709140322407435
173,173,5,recov,0.25508567801779836,1.3661557980297985,146.66666666666669,1.2709140322407435
174,174,3,recov,0.2585760418778866,1.3525654624200485,146.66666666666669,1.2709140322407435
175,175,4,recov,0.25804721910406614,1.3546126910233949,146.66666666666669,1.2709140322407435
176,176,5,recov,0.2575258109428256,1.3566353272305383,146.66666666666669,1.2709140322407435
177,177,3,recov,0.260887146941004,1.343667352364962,146.66666666666669,1.2709140322407435
178,178,4,recov,0.2603725391936863,1.345641830454068,146.66666666666669,1.2709140322407435
179,179,5,recov,0.2598650734338809,1.3475927309981257,146.66666666666669,1.2709140322407435
180,180,3,recov,0.26310303555624015,1.3352095533504522,146.66666666666669,1.2709140322407435
181,181,4,recov,0.26260237493135735,1.3371142732420853,146.66666666666669,1.2709140322407435
182,182,5,recov,0.2621085943186863,1.3389963789626407,146.66666666666669,1.2709140322407435
183,183,3,recov,0.26522852656886153,1.3271634602076712,146.66666666666669,1.2709140322407435
184,184,4,recov,0.26474153644115017,1.3290012631281367,146.66666666666669,1.2709140322407435
185,185,5,recov,0.26426117462262705,1.330817367055415,146.66666666666669,1.2709140322407435
186,186,3,recov,0.2672681324604718,1.3195028830699806,146.66666666666669,1.2709140322407435
187,187,4,recov,0.266794529643567,1.3212764687357013,146.66666666666669,1.2709140322407435
188,188,5,recov,0.26632731332786524,1.3230292254140286,146.66666666666669,1.2709140322407435
189,189,3,recov,0.26922608329568704,1.3122037940193696,146.66666666666669,1.2709140322407435
190,190,4,recov,0.268765579907808,1.313915729470578,146.66666666666669,1.2709140322407435
191,191,5,recov,0.2683112307342283,1.3156076635588256,146.66666666666669,1.2709140322407435
192,192,3,recov,0.2711063484508487,1.3052441053749062,146.66666666666669,1.2709140322407435
193,193,4,recov,0.2706586535246109,1.3068968331314512,146.66666666666669,1.2709140322407435
194,194,5,recov,0.27021688967853247,1.3085303473469196,146.66666666666669,1.2709140322407435
195,195,3,recov,0.272912656360943,1.2986034750587265,146.66666666666669,1.2709140322407435
196,196,4,recov,0.27247747723055654,1.3001993206596634,146.66666666666669,1.2709140322407435
197,197,5,recov,0.2720480148380892,1.301776703124835,146.66666666666669,1.2709140322407435
198,198,3,recov,0.2746485124925873,1.2922631352191434,146.66666666666669,1.2709140322407435
199,199,4,recov,0.2742255559872018,1.2938043142013291,146.66666666666669,1.2709140322407435
200,200,5,recov,0.2738081103173503,1.295327745246731,146.66666666666669,1.2709140322407435
201,201,3,recov,0.27631721572640167,1.2862057408997283,146.66666666666669,1.2709140322407435
202,202,4,recov,0.27590618919450044,1.2876943652649453,146.66666666666669,1.2709140322407435
203,203,5,recov,0.2755004756933852,1.2891659237359028,146.66666666666669,1.2709140322407435
204,204,3,recov,0.27792187331075097,1.280415236044475,146.66666666666669,1.2709140322407435
205,205,4,recov,0.27752248549719577,1.2818533202595817,146.66666666666669,1.2709140322407435
206,206,5,recov,0.27712822067563464,1.2832749893698119,146.66666666666669,1.2709140322407435
207,207,3,recov,0.27946541453026197,1.2748767345434278,146.66666666666669,1.2709140322407435
208,208,4,recov,0.2790773763247472,1.2762662011135724,146.66666666666669,1.2709140322407435
209,209,5,recov,0.2786942785177217,1.2776398738842876,146.66666666666669,1.2709140322407435
210,210,3,recov,0.2809506032163041,1.269576414366957,146.66666666666669,1.2709140322407435
211,211,4,recov,0.28057362828953886,1.270919099017942,146.66666666666669,1.2709140322407435
212,212,5,recov,0.28020141830366957,1.2722465833373318,146.66666666666669,1.2709140322407435
213,213,0,fam_r,0.04143526027313257,3.183623063220648,146.66666666666669,1.2709140322407435
214,214,1,fam_r,0.04138152640980059,3.1849207197230176,146.66666666666669,1.2709140322407435
215,215,2,fam_r,0.041328466991310917,3.1862037430575985,146.66666666666669,1.2709140322407435
216,216,0,fam_r,0.05086591250564184,2.978562275142267,146.66666666666669,1.2709140322407435
217,217,1,fam_r,0.050802151150774306,2.9798165798065623,146.66666666666669,1.2709140322407435
218,218,2,fam_r,0.050739184676558434,2.981056793592874,146.66666666666669,1.2709140322407435
219,219,0,fam_r,0.05994745614135798,2.8142868314137903,146.66666666666669,1.2709140322407435
220,220,1,fam_r,0.05987481055384946,2.8154993872836296,146.66666666666669,1.2709140322407435
221,221,2,fam_r,0.05980306464909516,2.8166983710260727,146.66666666666669,1.2709140322407435
222,222,0,fam_r,0.06869501993989263,2.678078572339252,146.66666666666669,1.2709140322407435
223,223,1,fam_r,0.06861453315570482,2.679250913106396,146.66666666666669,1.2709140322407435
224,224,2,fam_r,0.0685350368097598,2.6804101782046086,146.66666666666669,1.2709140322407435
225,225,0,fam_r,0.07712293279409516,2.5623546004338538,146.66666666666669,1.2709140322407435
226,226,1,fam_r,0.07703555626028075,2.563488194097196,146.66666666666669,1.2709140322407435
227,227,2,fam_r,0.07694924830013225,2.564609187424206,146.66666666666669,1.2709140322407435
0,0,0,fam,0.043478260869565216,3.1354942159291497,220.0,1.1905939346666423
1,1,1,fam,0.030303030303030304,3.4965075614664802,220.0,1.1905939346666423
2,2,2,fam,0.023310023310023312,3.758871825933971,220.0,1.1905939346666423
3,3,0,fam,0.20494867270070777,1.5849957082630186,220.0,1.1905939346666423
4,4,1,fam,0.17308188146302825,1.753990493202515,220.0,1.1905939346666423
5,5,2,fam,0.14999316045908495,1.897165582864887,220.0,1.1905939346666423
6,6,0,fam,0.24915281799166042,1.389688843896609,220.0,1.1905939346666423
7,7,1,fam,0.22335710349697663,1.4989834273603333,220.0,1.1905939346666423
8,8,2,fam,0.20259177689501132,1.5965622758737357,220.0,1.1905939346666423
9,9,0,fam,0.26979909405242186,1.310077693062815,220.0,1.1905939346666423
10,10,1,fam,0.24902094220137216,1.3902182808276815,220.0,1.1905939346666423
11,11,2,fam,0.23137978626064656,1.4636948221408037,220.0,1.1905939346666423
12,12,0,fam,0.28175305670309747,1.2667242771305158,220.0,1.1905939346666423
13,13,1,fam,0.26458620193344706,1.3295881755489332,220.0,1.1905939346666423
14,14,2,fam,0.24953442546242519,1.388158395503314,220.0,1.1905939346666423
15,15,0,fam,0.2895465306594424,1.2394392672179269,220.0,1.1905939346666423
16,16,1,fam,0.2750295855118552,1.2908766034228014,220.0,1.1905939346666423
17,17,2,fam,0.26202390790010044,1.3393195278571066,220.0,1.1905939346666423
18,18,0,fam,0.2950274803890782,1.2206867731195865,220.0,1.1905939346666423
19,19,1,fam,0.28251908375088286,1.264009177576779,220.0,1.1905939346666423
20,20,2,fam,0.27113847438773525,1.305125613005515,220.0,1.1905939346666423
21,21,0,fam,0.29909059796684584,1.2070087482540615,220.0,1.1905939346666423
22,22,1,fam,0.28815042372179434,1.244272630610193,220.0,1.1905939346666423
23,23,2,fam,0.27808047700875704,1.279844721541373,220.0,1.1905939346666423
24,24,0,fam,0.302221769641294,1.196594194539859,220.0,1.1905939346666423
25,25,1,fam,0.2925370337482599,1.2291640092195733,220.0,1.1905939346666423
26,26,2,fam,0.283541762440474,1.2603958564677362,220.0,1.1905939346666423
27,27,0,fam,0.30470762986314903,1.188402552729159,220.0,1.1905939346666423
28,28,1,fam,0.2960491005484286,1.2172299581835033,220.0,1.1905939346666423
29,29,2,fam,0.28794861609593103,1.2449732310978514,220.0,1.1905939346666423
30,30,0,fam,0.30672820045847904,1.1817932640664623,220.0,1.1905939346666423
31,31,1,fam,0.298923260850541,1.2075683912061603,220.0,1.1905939346666423
32,32,2,fam,0.2915780236866613,1.2324476462738967,220.0,1.1905939346666423
33,33,0,fam,0.308402241541102,1.1763503690278654,220.0,1.1905939346666423
34,34,1,fam,0.30131784431262754,1.199589610196565,220.0,1.1905939346666423
35,35,2,fam,0.29461777163717684,1.2220764521390632,220.0,1.1905939346666423
36,36,0,fam,0.30981126782438045,1.1717919803748602,220.0,1.1905939346666423
37,37,1,fam,0.30334279021352584,1.1928917920972217,220.0,1.1905939346666423
38,38,2,fam,0.29719967867926755,1.2133510472990516,220.0,1.1905939346666423
39,39,0,fam,0.3110130882775704,1.167920283194635,220.0,1.1905939346666423
40,40,1,fam,0.3050768223588395,1.1871916575039483,220.0,1.1905939346666423
41,41,2,fam,0.299419000970934,1.2059113455135582,220.0,1.1905939346666423
42,42,0,fam,0.3120498396879629,1.164592361340519,220.0,1.1905939346666423
43,43,1,fam,0.30657779387557116,1.1822837421877024,220.0,1.1905939346666423
44,44,2,fam,0.30134628700273697,1.1994952203410798,220.0,1.1905939346666423
45,45,0,fam,0.31295296063147626,1.1617023852584245,220.0,1.1905939346666423
46,46,1,fam,0.3078891738127578,1.178015386044467,220.0,1.1905939346666423
47,47,2,fam,0.3030349008507482,1.1939072957800714,220.0,1.1905939346666423
48,48,0,fam,0.313746384167465,1.1591703131684004,220.0,1.1905939346666423
49,49,1,fam,0.30904425607928726,1.1742707887823423,220.0,1.1905939346666423
50,50,2,fam,0.30452595430932344,1.1889989596375456,220.0,1.1905939346666423
51,51,0,fam,0.3144486515670543,1.1569344862287096,220.0,1.1905939346666423
52,52,1,fam,0.3100689721907534,1.170960515312469,220.0,1.1905939346666423
53,53,2,fam,0.3058516325400274,1.1846551555931533,220.0,1.1905939346666423
54,54,0,fam,0.31507434979923077,1.1549466368987946,220.0,1.1905939346666423
55,55,1,fam,0.3109838198529401,1.1680143943526464,220.0,1.1905939346666423
56,56,2,fam,0.30703749227342453,1.180785414182415,220.0,1.1905939346666423
57,57,0,fam,0.3156351124046909,1.1531684401637694,220.0,1.1905939346666423
58,58,1,fam,0.3118052154908341,1.165376595459119,220.0,1.1905939346666423
59,59,2,fam,0.30810408475911083,1.1773176155670078,220.0,1.1905939346666423
60,60,0,fam,0.3161403310186165,1.1515690784700572,220.0,1.1905939346666423
61,61,1,fam,0.31254646194439395,1.1630021426351316,220.0,1.1905939346666423
62,62,2,fam,0.3090681241257137,1.1741935599572848,220.0,1.1905939346666423
63,63,0,fam,0.316597670648941,1.1501234889566656,220.0,1.1905939346666423
64,64,1,fam,0.31321845329283443,1.1608543980416222,220.0,1.1905939346666423
65,65,2,fam,0.3099433430781239,1.171365762470485,220.0,1.1905939346666423
66,66,3,recov,0.001969035411541356,6.230211494955961,220.0,1.1905939346666423
67,67,4,recov,0.001949263578330261,6.2403036298733365,220.0,1.1905939346666423
68,68,5,recov,0.0019300767501949565,6.250195509915635,220.0,1.1905939346666423
69,69,3,recov,0.020645574356913894,3.8802542994007045,220.0,1.1905939346666423
70,70,4,recov,0.02045019045094093,3.8897630835322454,220.0,1.1905939346666423
71,71,5,recov,0.02026036940062285,3.8990885473257038,220.0,1.1905939346666423
72,72,3,recov,0.037751997601507256,3.2767168880909185,220.0,1.1905939346666423
73,73,4,recov,0.03741472017870566,3.2856910643310315,220.0,1.1905939346666423
74,74,5,recov,0.03708669988104491,3.294496867415376,220.0,1.1905939346666423
75,75,3,recov,0.053471457547779495,2.9286072712237767,220.0,1.1905939346666423
76,76,4,recov,0.05301979563222151,2.937089932669963,220.0,1.1905939346666423
77,77,5,recov,0.052580104116073056,2.9454174795364314,220.0,1.1905939346666423
78,78,3,recov,0.06795973241513854,2.6888399195737596,220.0,1.1905939346666423
79,79,4,recov,0.06741623944427828,2.6968693487758046,220.0,1.1905939346666423
80,80,5,recov,0.06688667711101812,2.7047554780028156,220.0,1.1905939346666423
81,81,3,recov,0.08135015763173921,2.5089925076208828,220.0,1.1905939346666423
82,82,4,recov,0.08073340365201975,2.5166028655322155,220.0,1.1905939346666423
83,83,5,recov,0.08013196058220584,2.5240804959736263,220.0,1.1905939346666423
84,84,3,recov,0.09375752821202488,2.3670433164272984,220.0,1.1905939346666423
85,85,4,recov,0.09308286023462002,2.3742652122425545,220.0,1.1905939346666423
86,86,5,recov,0.09242443578318295,2.381363878769008,220.0,1.1905939346666423
87,87,3,recov,0.10528121420711302,2.251120278349362,220.0,1.1905939346666423
88,88,4,recov,0.1045613556867163,2.257981244115982,220.0,1.1905939346666423
89,89,5,recov,0.10385832742616498,2.2647275448149804,220.0,1.1905939346666423
90,90,3,recov,0.11600766834169063,2.154098983666819,220.0,1.1905939346666423
91,91,4,recov,0.11525319534538046,2.1606238721501927,220.0,1.1905939346666423
92,92,5,recov,0.11451587217446252,2.167041843983904,220.0,1.1905939346666423
93,93,3,recov,0.12601245982603634,2.0713744894114816,220.0,1.1905939346666423
94,94,4,recov,0.1252321818719688,2.077585809640391,220.0,1.1905939346666423
95,95,5,recov,0.12446916731075533,2.0836972458706726,220.0,1.1905939346666423
96,96,3,recov,0.13536193560592802,1.9998030835372789,220.0,1.1905939346666423
97,97,4,recov,0.13456320221206225,2.005721285388591,220.0,1.1905939346666423
98,98,5,recov,0.1337816875135747,2.0115460052768386,220.0,1.1905939346666423
99,99,3,recov,0.14411458631314866,1.937146557552238,220.0,1.1905939346666423
100,100,4,recov,0.14330353521999642,1.9427902743895316,220.0,1.1905939346666423
101,101,5,recov,0.1425095372373583,1.9483463535315475,220.0,1.1905939346666423
102,102,3,recov,0.15232217639434995,1.8817574197379159,220.0,1.1905939346666423
103,103,4,recov,0.15150393567586706,1.8871436763116087,220.0,1.1905939346666423
104,104,5,recov,0.15070249094723426,1.892447644307565,220.0,1.1905939346666423
105,105,3,recov,0.16003068458788222,1.8323897034612253,220.0,1.1905939346666423
106,106,4,recov,0.1592095380689569,1.8375340948730883,220.0,1.1905939346666423
107,107,5,recov,0.15840486198249626,1.842601105738932,220.0,1.1905939346666423
108,108,3,recov,0.16728109086882,1.7880797026681725,220.0,1.1905939346666423
109,109,4,recov,0.16646061416551117,1.792996549102863,220.0,1.1905939346666423
110,110,5,recov,0.16565623210588964,1.797840528813594,220.0,1.1905939346666423
111,111,3,recov,0.17411003832864266,1.7480677754632679,220.0,1.1905939346666423
112,112,4,recov,0.17329321123357722,1.7527702565213736,220.0,1.1905939346666423
113,113,5,recov,0.17249206712088788,1.7574040312731873,220.0,1.1905939346666423
114,114,3,recov,0.18055039257971917,1.7117453569064556,220.0,1.1905939346666423
115,115,4,recov,0.17973969229761466,1.7162456286838599,220.0,1.1905939346666423
116,116,5,recov,0.17894423878812185,1.7206810368224628,220.0,1.1905939346666423
117,117,3,recov,0.18663171672877998,1.6786180332612226,220.0,1.1905939346666423
118,118,4,recov,0.18582919553037433,1.6829273307681323,220.0,1.1905939346666423
119,119,5,recov,0.18504146926802287,1.68717532081798,220.0,1.1905939346666423
120,120,3,recov,0.19238067642150602,1.6482791801940597,220.0,1.1905939346666423
121,121,4,recov,0.1915880265586051,1.6524079072633926,220.0,1.1905939346666423
122,122,5,recov,0.19080971118265252,1.6564786240794551,220.0,1.1905939346666423
123,123,3,recov,0.19782138668179264,1.6203907428790538,220.0,1.1905939346666423
124,124,4,recov,0.19703999484049806,1.6243485513549034,220.0,1.1905939346666423
125,125,5,recov,0.19627247392053546,1.6282514120836291,220.0,1.1905939346666423
126,126,3,recov,0.2029757100755783,1.5946689618996632,220.0,1.1905939346666423
127,127,4,recov,0.20220670320110457,1.5984648216044852,220.0,1.1905939346666423
128,128,5,recov,0.2014511048509444,1.6022085828676667,220.0,1.1905939346666423
129,129,3,recov,0.20786351398668607,1.570873597419266,220.0,1.1905939346666423
130,130,4,recov,0.20710779796319836,1.5745158581595788,220.0,1.1905939346666423
131,131,5,recov,0.20636503255329539,1.5781086756511846,220.0,1.1905939346666423
132,132,3,recov,0.2125028934000845,1.5487996747099648,220.0,1.1905939346666423
133,133,4,recov,0.21176118579140313,1.552296121384017,220.0,1.1905939346666423
134,134,5,recov,0.21103197791578837,1.555745602885971,220.0,1.1905939346666423
135,135,3,recov,0.2169103644697558,1.528271077736985,220.0,1.1905939346666423
136,136,4,recov,0.21618322230545553,1.5316289794457387,220.0,1.1905939346666423
137,137,5,recov,0.21546813794854539,1.5349422321163708,220.0,1.1905939346666423
138,138,3,recov,0.22110103324538885,1.5091355179257262,220.0,1.1905939346666423
139,139,4,recov,0.2203888766595005,1.5123616718540138,220.0,1.1905939346666423
140,140,5,recov,0.2196883463390948,1.5155453445164324,220.0,1.1905939346666423
141,141,3,recov,0.22508874319932515,1.4912605403193362,220.0,1.1905939346666423
142,142,4,recov,0.22439187558610238,1.4943613110420342,220.0,1.1905939346666423
143,143,5,recov,0.2237062141125735,1.4974216320941673,220.0,1.1905939346666423
144,144,3,recov,0.22888620459766845,1.4745303220894117,220.0,1.1905939346666423
145,145,4,recov,0.22820482983346072,1.4775116768637588,220.0,1.1905939346666423
146,146,5,recov,0.22753425321473514,1.480454488343437,220.0,1.1905939346666423
147,147,3,recov,0.23250510827003495,1.4588430831421724,220.0,1.1905939346666423
148,148,4,recov,0.23183934545657786,1.4617106236686765,220.0,1.1905939346666423
149,149,5,recov,0.23118398538871962,1.464541411932837,220.0,1.1905939346666423
150,150,3,recov,0.23595622592977739,1.4441089745090916,220.0,1.1905939346666423
151,151,4,recov,0.23530612203778553,1.4468679655771446,220.0,1.1905939346666423
152,152,5,recov,0.2346660383476667,1.4495918889915274,220.0,1.1905939346666423
153,153,3,recov,0.23924949886388933,1.4302483432640598,220.0,1.1905939346666423
154,154,4,recov,0.23861503959327934,1.4329037386422674,220.0,1.1905939346666423
155,155,5,recov,0.23799023093971547,1.4355256526248756,220.0,1.1905939346666423
156,156,3,recov,0.24239411653592016,1.4171902967980414,220.0,1.1905939346666423
157,157,4,recov,0.24177523565759074,1.4197467626816604,220.0,1.1905939346666423
158,158,5,recov,0.24116564874786528,1.422271242398126,220.0,1.1905939346666423
159,159,3,recov,0.24539858641553985,1.4048715070497901,220.0,1.1905939346666423
160,160,4,recov,0.24479517381725538,1.4073334433370985,220.0,1.1905939346666423
161,161,5,recov,0.24420071135512333,1.4097648043076325,220.0,1.1905939346666423
162,162,3,recov,0.24827079615645964,1.3932352085424518,220.0,1.1905939346666423
163,163,4,recov,0.24768270478031762,1.395606768177234,220.0,1.1905939346666423
164,164,5,recov,0.24710323232775172,1.397949085021928,220.0,1.1905939346666423
165,165,3,recov,0.2510180690834627,1.3822303540610628,220.0,1.1905939346666423
166,166,4,recov,0.25044512091331894,1.3845154606486934,220.0,1.1905939346666423
167,167,5,recov,0.2498804728201441,1.386772584169731,220.0,1.1905939346666423
168,168,3,recov,0.2536472138138693,1.3718108994024485,220.0,1.1905939346666423
169,169,4,recov,0.25308920504685545,1.374013263281547,220.0,1.1905939346666423
170,170,5,recov,0.2525391895789781,1.3761888360565884,220.0,1.1905939346666423
171,171,3,recov,0.2561645687244374,1.361935194460094,220.0,1.1905939346666423
172,172,4,recov,0.25562127424046405,1.3640583273897178,220.0,1.1905939346666423
173,173,5,recov,0.25508567801779836,1.3661557980297985,220.0,1.1905939346666423
174,174,3,recov,0.2585760418778866,1.3525654624200485,220.0,1.1905939346666423
175,175,4,recov,0.25804721910406614,1.3546126910233949,220.0,1.1905939346666423
176,176,5,recov,0.2575258109428256,1.3566353272305383,220.0,1.1905939346666423
177,177,3,recov,0.260887146941004,1.343667352364962,220.0,1.1905939346666423
178,178,4,recov,0.2603725391936863,1.345641830454068,220.0,1.1905939346666423
179,179,5,recov,0.2598650734338809,1.3475927309981257,220.0,1.1905939346666423
180,180,3,recov,0.26310303555624015,1.3352095533504522,220.0,1.1905939346666423
181,181,4,recov,0.26260237493135735,1.3371142732420853,220.0,1.1905939346666423
182,182,5,recov,0.2621085943186863,1.3389963789626407,220.0,1.1905939346666423
183,183,3,recov,0.26522852656886153,1.3271634602076712,220.0,1.1905939346666423
184,184,4,recov,0.26474153644115017,1.3290012631281367,220.0,1.1905939346666423
185,185,5,recov,0.26426117462262705,1.330817367055415,220.0,1.1905939346666423
186,186,3,recov,0.2672681324604718,1.3195028830699806,220.0,1.1905939346666423
187,187,4,recov,0.266794529643567,1.3212764687357013,220.0,1.1905939346666423
188,188,5,recov,0.26632731332786524,1.3230292254140286,220.0,1.1905939346666423
189,189,3,recov,0.26922608329568704,1.3122037940193696,220.0,1.1905939346666423
190,190,4,recov,0.268765579907808,1.313915729470578,220.0,1.1905939346666423
191,191,5,recov,0.2683112307342283,1.3156076635588256,220.0,1.1905939346666423
192,192,3,recov,0.2711063484508487,1.3052441053749062,220.0,1.1905939346666423
193,193,4,recov,0.2706586535246109,1.3068968331314512,220.0,1.1905939346666423
194,194,5,recov,0.27021688967853247,1.3085303473469196,220.0,1.1905939346666423
195,195,3,recov,0.272912656360943,1.2986034750587265,220.0,1.1905939346666423
196,196,4,recov,0.27247747723055654,1.3001993206596634,220.0,1.1905939346666423
197,197,5,recov,0.2720480148380892,1.301776703124835,220.0,1.1905939346666423
198,198,3,recov,0.2746485124925873,1.2922631352191434,220.0,1.1905939346666423
199,199,4,recov,0.2742255559872018,1.2938043142013291,220.0,1.1905939346666423
200,200,5,recov,0.2738081103173503,1.295327745246731,220.0,1.1905939346666423
201,201,3,recov,0.27631721572640167,1.2862057408997283,220.0,1.1905939346666423
202,202,4,recov,0.27590618919450044,1.2876943652649453,220.0,1.1905939346666423
203,203,5,recov,0.2755004756933852,1.2891659237359028,220.0,1.1905939346666423
204,204,3,recov,0.27792187331075097,1.280415236044475,220.0,1.1905939346666423
205,205,4,recov,0.27752248549719577,1.2818533202595817,220.0,1.1905939346666423
206,206,5,recov,0.27712822067563464,1.2832749893698119,220.0,1.1905939346666423
207,207,3,recov,0.27946541453026197,1.2748767345434278,220.0,1.1905939346666423
208,208,4,recov,0.2790773763247472,1.2762662011135724,220.0,1.1905939346666423
209,209,5,recov,0.2786942785177217,1.2776398738842876,220.0,1.1905939346666423
210,210,3,recov,0.2809506032163041,1.269576414366957,220.0,1.1905939346666423
211,211,4,recov,0.28057362828953886,1.270919099017942,220.0,1.1905939346666423
212,212,5,recov,0.28020141830366957,1.2722465833373318,220.0,1.1905939346666423
213,213,3,recov,0.2823800492124404,1.264501423123415,220.0,1.1905939346666423
214,214,4,recov,0.2820138545542667,1.2657990796257848,220.0,1.1905939346666423
215,215,5,recov,0.2816522562173543,1.2670821029603654,220.0,1.1905939346666423
216,216,3,recov,0.2837562188954259,1.2596397936146209,220.0,1.1905939346666423
217,217,4,recov,0.2834005252672647,1.2608940982789163,220.0,1.1905939346666423
218,218,5,recov,0.2830492658921637,1.2621343120652277,220.0,1.1905939346666423
219,219,3,recov,0.28508144484142145,1.2549803681649394,220.0,1.1905939346666423
220,220,4,recov,0.2847359771538611,1.2561929240347787,220.0,1.1905939346666423
221,221,5,recov,0.2843947879274062,1.2573919077772215,220.0,1.1905939346666423
222,222,3,recov,0.2863579347174904,1.2505127306693968,220.0,1.1905939346666423
223,223,4,recov,0.2860224223424704,1.2516850714365406,220.0,1.1905939346666423
224,224,5,recov,0.28569103864882966,1.2528443365347532,220.0,1.1905939346666423
225,225,3,recov,0.2875877794699896,1.2462271454497502,220.0,1.1905939346666423
226,226,4,recov,0.28726195649584835,1.2473607391130923,220.0,1.1905939346666423
227,227,5,recov,0.286940118182516,1.2484817324401023,220.0,1.1905939346666423
228,228,3,recov,0.2887729608740015,1.2421145021291764,220.0,1.1905939346666423
229,229,4,recov,0.28845656631062777,1.243210754417596,220.0,1.1905939346666423
230,230,5,recov,0.2881440179042497,1.2442948616680765,220.0,1.1905939346666423
231,231,3,recov,0.28991535850134914,1.238166265839876,220.0,1.1905939346666423
232,232,4,recov,0.28960813644178307,1.2392265234170996,220.0,1.1905939346666423
233,233,5,recov,0.2893046273201289,1.2402750722433156,220.0,1.1905939346666423
234,234,3,recov,0.29101675615889194,1.23437443216635,220.0,1.1905939346666423
235,235,4,recov,0.29071845590294154,1.2353999856343552,220.0,1.1905939346666423
236,236,5,recov,0.29042374042856506,1.2364142485858398,220.0,1.1905939346666423
237,237,3,recov,0.29207884784361254,1.23073148630286,220.0,1.1905939346666423
238,238,4,recov,0.29178922398837004,1.2317235730189176,220.0,1.1905939346666423
239,239,5,recov,0.29150306160882755,1.2327047703005103,220.0,1.1905939346666423
240,240,3,recov,0.2931032432563924,1.2272303659686385,220.0,1.1905939346666423
241,241,4,recov,0.29282205575794273,1.2281901726897655,220.0,1.1905939346666423
242,242,5,recov,0.2925442110768506,1.2291394747513964,220.0,1.1905939346666423
243,243,3,recov,0.294091472912277,1.2238644276804056,220.0,1.1905939346666423
244,244,4,recov,0.2938184871223691,1.22479309304784,220.0,1.1905939346666423
245,245,5,recov,0.2935487299450673,1.2257116230182892,220.0,1.1905939346666423
246,246,3,recov,0.29504499288137237,1.2206274160301016,220.0,1.1905939346666423
247,247,4,recov,0.29477997956236957,1.221526032905336,220.0,1.1905939346666423
248,248,5,recov,0.2945180849195074,1.2224148688811827,220.0,1.1905939346666423
249,249,3,recov,0.29596518919125264,1.2175134356575852,220.0,1.1905939346666423
250,250,4,recov,0.29570792451228106,1.218383053320534,220.0,1.1905939346666423
251,251,5,recov,0.29545367266424427,1.2192432305205685,220.0,1.1905939346666423
252,252,3,recov,0.2968533819188445,1.2145169256443304,220.0,1.1905939346666423
253,253,4,recov,0.29660364743570505,1.215358551863342,220.0,1.1905939346666423
254,254,5,recov,0.29635682386045814,1.216191064657873,220.0,1.1905939346666423
255,255,3,recov,0.2977108289971392,1.2116326360857383,220.0,1.1905939346666423
256,256,4,recov,0.29746841161824505,1.2124472390683583,220.0,1.1905939346666423
257,257,5,recov,0.29722880698485565,1.213253042892083,220.0,1.1905939346666423
258,258,3,recov,0.29853872975974877,1.2088556066271592,220.0,1.1905939346666423
259,259,4,recov,0.29830342170007823,1.209644116859846,220.0,1.1905939346666423
260,260,5,recov,0.29807083182992183,1.210424130016257,220.0,1.1905939346666423
261,261,3,recov,0.29933822824422035,1.2061811467727745,220.0,1.1905939346666423
262,262,4,recov,0.2991098269690374,1.206944458757108,220.0,1.1905939346666423
263,263,5,recov,0.29888405278644525,1.2076995641217725,220.0,1.1905939346666423
264,264,3,recov,0.3001104162731375,1.2036048177974927,220.0,1.1905939346666423
265,265,4,recov,0.2998887244330232,1.204343791689828,220.0,1.1905939346666423
266,266,5,recov,0.29966957190692695,1.2050748383193026,220.0,1.1905939346666423
267,267,3,recov,0.3008563363303388,1.201122416110479,220.0,1.1905939346666423
268,268,4,recov,0.30064116168889327,1.2018378792714495,220.0,1.1905939346666423
269,269,5,recov,0.30042844176683525,1.202545683924075,220.0,1.1905939346666423
270,270,3,recov,0.30157698424805757,1.1987299579351336,220.0,1.1905939346666423
271,271,4,recov,0.3013681396034669,1.1994227063949225,220.0,1.1905939346666423
272,272,5,recov,0.3011616681391851,1.2001080549692513,220.0,1.1905939346666423
273,273,3,recov,0.3022733117194042,1.196423665184619,220.0,1.1905939346666423
274,274,4,recov,0.30207061482092706,1.1970944650294628,220.0,1.1905939346666423
275,275,5,recov,0.30187021249657714,1.197758113925648,220.0,1.1905939346666423
276,276,3,recov,0.3029462286493706,1.1941999524246227,220.0,1.1905939346666423
277,277,4,recov,0.3027495021096687,1.1948495411095983,220.0,1.1905939346666423
278,278,5,recov,0.3025549943536213,1.1954922185186667,220.0,1.1905939346666423
279,279,3,recov,0.30359660535640914,1.1920554148261737,220.0,1.1905939346666423
280,280,4,recov,0.3034056765605365,1.1926845024189463,220.0,1.1905939346666423
281,281,5,recov,0.3032168934615753,1.1933069095445128,220.0,1.1905939346666423
282,282,3,recov,0.3042252746356197,1.1899868170211823,220.0,1.1905939346666423
283,283,4,recov,0.3040399756473848,1.1905960873810484,220.0,1.1905939346666423
284,284,5,recov,0.3038567518660306,1.1911988995976959,220.0,1.1905939346666423
285,285,0,fam_r,0.019369248268771115,3.944068611362729,220.0,1.1905939346666423
286,286,1,fam_r,0.01935782161677976,3.944658723258967,220.0,1.1905939346666423
287,287,2,fam_r,0.01934652250402842,3.9452425912112083,220.0,1.1905939346666423
288,288,0,fam_r,0.028920183415836142,3.5432155395320115,220.0,1.1905939346666423
289,289,1,fam_r,0.02890365770442781,3.543787127705267,220.0,1.1905939346666423
290,290,2,fam_r,0.028887315843667518,3.544352678350724,220.0,1.1905939346666423
291,291,0,fam_r,0.03815554411488717,3.2660842076978205,220.0,1.1905939346666423
292,292,1,fam_r,0.038134424146702116,3.2666378838679866,220.0,1.1905939346666423
293,293,2,fam_r,0.03811353839681535,3.267185721468164,220.0,1.1905939346666423
294,294,0,fam_r,0.04708672269979017,3.0557642136703875,220.0,1.1905939346666423
295,295,1,fam_r,0.047061474327655096,3.0563005674941994,220.0,1.1905939346666423
296,296,2,fam_r,0.04703650509715088,3.056831274555986,220.0,1.1905939346666423
297,297,0,fam_r,0.055724640841076124,2.887332844933736,220.0,1.1905939346666423
298,298,1,fam_r,0.055695693839817706,2.887852444915061,220.0,1.1905939346666423
299,299,2,fam_r,0.055667065917648605,2.888366583085883,220.0,1.1905939346666423
0,0,0,fam,0.043478260869565216,3.1354942159291497,293.33333333333337,1.156288965152805
1,1,1,fam,0.030303030303030304,3.4965075614664802,293.33333333333337,1.156288965152805
2,2,2,fam,0.023310023310023312,3.758871825933971,293.33333333333337,1.156288965152805
3,3,0,fam,0.20494867270070777,1.5849957082630186,293.33333333333337,1.156288965152805
4,4,1,fam,0.17308188146302825,1.753990493202515,293.33333333333337,1.156288965152805
5,5,2,fam,0.14999316045908495,1.897165582864887,293.33333333333337,1.156288965152805
6,6,0,fam,0.24915281799166042,1.389688843896609,293.33333333333337,1.156288965152805
7,7,1,fam,0.22335710349697663,1.4989834273603333,293.33333333333337,1.156288965152805
8,8,2,fam,0.20259177689501132,1.5965622758737357,293.33333333333337,1.156288965152805
9,9,0,fam,0.26979909405242186,1.310077693062815,293.33333333333337,1.156288965152805
10,10,1,fam,0.24902094220137216,1.3902182808276815,293.33333333333337,1.156288965152805
11,11,2,fam,0.23137978626064656,1.4636948221408037,293.33333333333337,1.156288965152805
12,12,0,fam,0.28175305670309747,1.2667242771305158,293.33333333333337,1.156288965152805
13,13,1,fam,0.26458620193344706,1.3295881755489332,293.33333333333337,1.156288965152805
14,14,2,fam,0.24953442546242519,1.388158395503314,293.33333333333337,1.156288965152805
15,15,0,fam,0.2895465306594424,1.2394392672179269,293.33333333333337,1.156288965152805
16,16,1,fam,0.2750295855118552,1.2908766034228014,293.33333333333337,1.156288965152805
17,17,2,fam,0.26202390790010044,1.3393195278571066,293.33333333333337,1.156288965152805
18,18,0,fam,0.2950274803890782,1.2206867731195865,293.33333333333337,1.156288965152805
19,19,1,fam,0.28251908375088286,1.264009177576779,293.33333333333337,1.156288965152805
20,20,2,fam,0.27113847438773525,1.305125613005515,293.33333333333337,1.156288965152805
21,21,0,fam,0.29909059796684584,1.2070087482540615,293.33333333333337,1.156288965152805
22,22,1,fam,0.28815042372179434,1.244272630610193,293.33333333333337,1.156288965152805
23,23,2,fam,0.27808047700875704,1.279844721541373,293.33333333333337,1.156288965152805
24,24,0,fam,0.302221769641294,1.196594194539859,293.33333333333337,1.156288965152805
25,25,1,fam,0.2925370337482599,1.2291640092195733,293.33333333333337,1.156288965152805
26,26,2,fam,0.283541762440474,1.2603958564677362,293.33333333333337,1.156288965152805
27,27,0,fam,0.30470762986314903,1.188402552729159,293.33333333333337,1.156288965152805
28,28,1,fam,0.2960491005484286,1.2172299581835033,293.33333333333337,1.156288965152805
29,29,2,fam,0.28794861609593103,1.2449732310978514,293.33333333333337,1.156288965152805
30,30,0,fam,0.30672820045847904,1.1817932640664623,293.33333333333337,1.156288965152805
31,31,1,fam,0.298923260850541,1.2075683912061603,293.33333333333337,1.156288965152805
32,32,2,fam,0.2915780236866613,1.2324476462738967,293.33333333333337,1.156288965152805
33,33,0,fam,0.308402241541102,1.1763503690278654,293.33333333333337,1.156288965152805
34,34,1,fam,0.30131784431262754,1.199589610196565,293.33333333333337,1.156288965152805
35,35,2,fam,0.29461777163717684,1.2220764521390632,293.33333333333337,1.156288965152805
36,36,0,fam,0.30981126782438045,1.1717919803748602,293.33333333333337,1.156288965152805
37,37,1,fam,0.30334279021352584,1.1928917920972217,293.33333333333337,1.156288965152805
38,38,2,fam,0.29719967867926755,1.2133510472990516,293.33333333333337,1.156288965152805
39,39,0,fam,0.3110130882775704,1.167920283194635,293.33333333333337,1.156288965152805
40,40,1,fam,0.3050768223588395,1.1871916575039483,293.33333333333337,1.156288965152805
41,41,2,fam,0.299419000970934,1.2059113455135582,293.33333333333337,1.156288965152805
42,42,0,fam,0.3120498396879629,1.164592361340519,293.33333333333337,1.156288965152805
43,43,1,fam,0.30657779387557116,1.1822837421877024,293.33333333333337,1.156288965152805
44,44,2,fam,0.30134628700273697,1.1994952203410798,293.33333333333337,1.156288965152805
45,45,0,fam,0.31295296063147626,1.1617023852584245,293.33333333333337,1.156288965152805
46,46,1,fam,0.3078891738127578,1.178015386044467,293.33333333333337,1.156288965152805
47,47,2,fam,0.3030349008507482,1.1939072957800714,293.33333333333337,1.156288965152805
48,48,0,fam,0.313746384167465,1.1591703131684004,293.33333333333337,1.156288965152805
49,49,1,fam,0.30904425607928726,1.1742707887823423,293.33333333333337,1.156288965152805
50,50,2,fam,0.30452595430932344,1.1889989596375456,293.33333333333337,1.156288965152805
51,51,0,fam,0.3144486515670543,1.1569344862287096,293.33333333333337,1.156288965152805
52,52,1,fam,0.3100689721907534,1.170960515312469,293.33333333333337,1.156288965152805
53,53,2,fam,0.3058516325400274,1.1846551555931533,293.33333333333337,1.156288965152805
54,54,0,fam,0.31507434979923077,1.1549466368987946,293.33333333333337,1.156288965152805
55,55,1,fam,0.3109838198529401,1.1680143943526464,293.33333333333337,1.156288965152805
56,56,2,fam,0.30703749227342453,1.180785414182415,293.33333333333337,1.156288965152805
57,57,0,fam,0.3156351124046909,1.1531684401637694,293.33333333333337,1.156288965152805
58,58,1,fam,0.3118052154908341,1.165376595459119,293.33333333333337,1.156288965152805
59,59,2,fam,0.30810408475911083,1.1773176155670078,293.33333333333337,1.156288965152805
60,60,0,fam,0.3161403310186165,1.1515690784700572,293.33333333333337,1.156288965152805
61,61,1,fam,0.31254646194439395,1.1630021426351316,293.33333333333337,1.156288965152805
62,62,2,fam,0.3090681241257137,1.1741935599572848,293.33333333333337,1.156288965152805
63,63,0,fam,0.316597670648941,1.1501234889566656,293.33333333333337,1.156288965152805
64,64,1,fam,0.31321845329283443,1.1608543980416222,293.33333333333337,1.156288965152805
65,65,2,fam,0.3099433430781239,1.171365762470485,293.33333333333337,1.156288965152805
66,66,3,recov,0.001969035411541356,6.230211494955961,293.33333333333337,1.156288965152805
67,67,4,recov,0.001949263578330261,6.2403036298733365,293.33333333333337,1.156288965152805
68,68,5,recov,0.0019300767501949565,6.250195509915635,293.33333333333337,1.156288965152805
69,69,3,recov,0.020645574356913894,3.8802542994007045,293.33333333333337,1.156288965152805
70,70,4,recov,0.02045019045094093,3.8897630835322454,293.33333333333337,1.156288965152805
71,71,5,recov,0.02026036940062285,3.8990885473257038,293.33333333333337,1.156288965152805
72,72,3,recov,0.037751997601507256,3.2767168880909185,293.33333333333337,1.156288965152805
73,73,4,recov,0.03741472017870566,3.2856910643310315,293.33333333333337,1.156288965152805
74,74,5,recov,0.03708669988104491,3.294496867415376,293.33333333333337,1.156288965152805
75,75,3,recov,0.053471457547779495,2.9286072712237767,293.33333333333337,1.156288965152805
76,76,4,recov,0.05301979563222151,2.937089932669963,293.33333333333337,1.156288965152805
77,77,5,recov,0.052580104116073056,2.9454174795364314,293.33333333333337,1.156288965152805
78,78,3,recov,0.06795973241513854,2.6888399195737596,293.33333333333337,1.156288965152805
79,79,4,recov,0.06741623944427828,2.6968693487758046,293.33333333333337,1.156288965152805
80,80,5,recov,0.06688667711101812,2.7047554780028156,293.33333333333337,1.156288965152805
81,81,3,recov,0.08135015763173921,2.5089925076208828,293.33333333333337,1.156288965152805
82,82,4,recov,0.08073340365201975,2.5166028655322155,293.33333333333337,1.156288965152805
83,83,5,recov,0.08013196058220584,2.5240804959736263,293.33333333333337,1.156288965152805
84,84,3,recov,0.09375752821202488,2.3670433164272984,293.33333333333337,1.156288965152805
85,85,4,recov,0.09308286023462002,2.3742652122425545,293.33333333333337,1.156288965152805
86,86,5,recov,0.09242443578318295,2.381363878769008,293.33333333333337,1.156288965152805
87,87,3,recov,0.10528121420711302,2.251120278349362,293.33333333333337,1.156288965152805
88,88,4,recov,0.1045613556867163,2.257981244115982,293.33333333333337,1.156288965152805
89,89,5,recov,0.10385832742616498,2.2647275448149804,293.33333333333337,1.156288965152805
90,90,3,recov,0.11600766834169063,2.154098983666819,293.33333333333337,1.156288965152805
91,91,4,recov,0.11525319534538046,2.1606238721501927,293.33333333333337,1.156288965152805
92,92,5,recov,0.11451587217446252,2.167041843983904,293.33333333333337,1.156288965152805
93,93,3,recov,0.12601245982603634,2.0713744894114816,293.33333333333337,1.156288965152805
94,94,4,recov,0.1252321818719688,2.077585809640391,293.33333333333337,1.156288965152805
95,95,5,recov,0.12446916731075533,2.0836972458706726,293.33333333333337,1.156288965152805
96,96,3,recov,0.13536193560592802,1.9998030835372789,293.33333333333337,1.156288965152805
97,97,4,recov,0.13456320221206225,2.005721285388591,293.33333333333337,1.156288965152805
98,98,5,recov,0.1337816875135747,2.0115460052768386,293.33333333333337,1.156288965152805
99,99,3,recov,0.14411458631314866,1.937146557552238,293.33333333333337,1.156288965152805
100,100,4,recov,0.14330353521999642,1.9427902743895316,293.33333333333337,1.156288965152805
101,101,5,recov,0.1425095372373583,1.9483463535315475,293.33333333333337,1.156288965152805
102,102,3,recov,0.15232217639434995,1.8817574197379159,293.33333333333337,1.156288965152805
103,103,4,recov,0.15150393567586706,1.8871436763116087,293.33333333333337,1.156288965152805
104,104,5,recov,0.15070249094723426,1.892447644307565,293.33333333333337,1.156288965152805
105,105,3,recov,0.16003068458788222,1.8323897034612253,293.33333333333337,1.156288965152805
106,106,4,recov,0.1592095380689569,1.8375340948730883,293.33333333333337,1.156288965152805
107,107,5,recov,0.15840486198249626,1.842601105738932,293.33333333333337,1.156288965152805
108,108,3,recov,0.16728109086882,1.7880797026681725,293.33333333333337,1.156288965152805
109,109,4,recov,0.16646061416551117,1.792996549102863,293.33333333333337,1.156288965152805
110,110,5,recov,0.16565623210588964,1.797840528813594,293.33333333333337,1.156288965152805
111,111,3,recov,0.17411003832864266,1.7480677754632679,293.33333333333337,1.156288965152805
112,112,4,recov,0.17329321123357722,1.7527702565213736,293.33333333333337,1.156288965152805
113,113,5,recov,0.17249206712088788,1.7574040312731873,293.33333333333337,1.156288965152805
114,114,3,recov,0.18055039257971917,1.7117453569064556,293.33333333333337,1.156288965152805
115,115,4,recov,0.17973969229761466,1.7162456286838599,293.33333333333337,1.156288965152805
116,116,5,recov,0.17894423878812185,1.7206810368224628,293.33333333333337,1.156288965152805
117,117,3,recov,0.18663171672877998,1.6786180332612226,293.33333333333337,1.156288965152805
118,118,4,recov,0.18582919553037433,1.6829273307681323,293.33333333333337,1.156288965152805
119,119,5,recov,0.18504146926802287,1.68717532081798,293.33333333333337,1.156288965152805
120,120,3,recov,0.19238067642150602,1.6482791801940597,293.33333333333337,1.156288965152805
121,121,4,recov,0.1915880265586051,1.6524079072633926,293.33333333333337,1.156288965152805
122,122,5,recov,0.19080971118265252,1.6564786240794551,293.33333333333337,1.156288965152805
123,123,3,recov,0.19782138668179264,1.6203907428790538,293.33333333333337,1.156288965152805
124,124,4,recov,0.19703999484049806,1.6243485513549034,293.33333333333337,1.156288965152805
125,125,5,recov,0.19627247392053546,1.6282514120836291,293.33333333333337,1.156288965152805
126,126,3,recov,0.2029757100755783,1.5946689618996632,293.33333333333337,1.156288965152805
127,127,4,recov,0.20220670320110457,1.5984648216044852,293.33333333333337,1.156288965152805
128,128,5,recov,0.2014511048509444,1.6022085828676667,293.33333333333337,1.156288965152805
129,129,3,recov,0.20786351398668607,1.570873597419266,293.33333333333337,1.156288965152805
130,130,4,recov,0.20710779796319836,1.5745158581595788,293.33333333333337,1.156288965152805
131,131,5,recov,0.20636503255329539,1.5781086756511846,293.33333333333337,1.156288965152805
132,132,3,recov,0.2125028934000845,1.5487996747099648,293.33333333333337,1.156288965152805
133,133,4,recov,0.21176118579140313,1.552296121384017,293.33333333333337,1.156288965152805
134,134,5,recov,0.21103197791578837,1.555745602885971,293.33333333333337,1.156288965152805
135,135,3,recov,0.2169103644697558,1.528271077736985,293.33333333333337,1.156288965152805
136,136,4,recov,0.21618322230545553,1.5316289794457387,293.33333333333337,1.156288965152805
137,137,5,recov,0.21546813794854539,1.5349422321163708,293.33333333333337,1.156288965152805
138,138,3,recov,0.22110103324538885,1.5091355179257262,293.33333333333337,1.156288965152805
139,139,4,recov,0.2203888766595005,1.5123616718540138,293.33333333333337,1.156288965152805
140,140,5,recov,0.2196883463390948,1.5155453445164324,293.33333333333337,1.156288965152805
141,141,3,recov,0.22508874319932515,1.4912605403193362,293.33333333333337,1.156288965152805
142,142,4,recov,0.22439187558610238,1.4943613110420342,293.33333333333337,1.156288965152805
143,143,5,recov,0.2237062141125735,1.4974216320941673,293.33333333333337,1.156288965152805
144,144,3,recov,0.22888620459766845,1.4745303220894117,293.33333333333337,1.156288965152805
145,145,4,recov,0.22820482983346072,1.4775116768637588,293.33333333333337,1.156288965152805
146,146,5,recov,0.22753425321473514,1.480454488343437,293.33333333333337,1.156288965152805
147,147,3,recov,0.23250510827003495,1.4588430831421724,293.33333333333337,1.156288965152805
148,148,4,recov,0.23183934545657786,1.4617106236686765,293.33333333333337,1.156288965152805
149,149,5,recov,0.23118398538871962,1.464541411932837,293.33333333333337,1.156288965152805
150,150,3,recov,0.23595622592977739,1.4441089745090916,293.33333333333337,1.156288965152805
151,151,4,recov,0.23530612203778553,1.4468679655771446,293.33333333333337,1.156288965152805
152,152,5,recov,0.2346660383476667,1.4495918889915274,293.33333333333337,1.156288965152805
153,153,3,recov,0.23924949886388933,1.4302483432640598,293.33333333333337,1.156288965152805
154,154,4,recov,0.23861503959327934,1.4329037386422674,293.33333333333337,1.156288965152805
155,155,5,recov,0.23799023093971547,1.4355256526248756,293.33333333333337,1.156288965152805
156,156,3,recov,0.24239411653592016,1.4171902967980414,293.33333333333337,1.156288965152805
157,157,4,recov,0.24177523565759074,1.4197467626816604,293.33333333333337,1.156288965152805
158,158,5,recov,0.24116564874786528,1.422271242398126,293.33333333333337,1.156288965152805
159,159,3,recov,0.24539858641553985,1.4048715070497901,293.33333333333337,1.156288965152805
160,160,4,recov,0.24479517381725538,1.4073334433370985,293.33333333333337,1.156288965152805
161,161,5,recov,0.24420071135512333,1.4097648043076325,293.33333333333337,1.156288965152805
162,162,3,recov,0.24827079615645964,1.3932352085424518,293.33333333333337,1.156288965152805
163,163,4,recov,0.24768270478031762,1.395606768177234,293.33333333333337,1.156288965152805
164,164,5,recov,0.24710323232775172,1.397949085021928,293.33333333333337,1.156288965152805
165,165,3,recov,0.2510180690834627,1.3822303540610628,293.33333333333337,1.156288965152805
166,166,4,recov,0.25044512091331894,1.3845154606486934,293.33333333333337,1.156288965152805
167,167,5,recov,0.2498804728201441,1.386772584169731,293.33333333333337,1.156288965152805
168,168,3,recov,0.2536472138138693,1.3718108994024485,293.33333333333337,1.156288965152805
169,169,4,recov,0.25308920504685545,1.374013263281547,293.33333333333337,1.156288965152805
170,170,5,recov,0.2525391895789781,1.3761888360565884,293.33333333333337,1.156288965152805
171,171,3,recov,0.2561645687244374,1.361935194460094,293.33333333333337,1.156288965152805
172,172,4,recov,0.25562127424046405,1.3640583273897178,293.33333333333337,1.156288965152805
173,173,5,recov,0.25508567801779836,1.3661557980297985,293.33333333333337,1.156288965152805
174,174,3,recov,0.2585760418778866,1.3525654624200485,293.33333333333337,1.156288965152805
175,175,4,recov,0.25804721910406614,1.3546126910233949,293.33333333333337,1.156288965152805
176,176,5,recov,0.2575258109428256,1.3566353272305383,293.33333333333337,1.156288965152805
177,177,3,recov,0.260887146941004,1.343667352364962,293.33333333333337,1.156288965152805
178,178,4,recov,0.2603725391936863,1.345641830454068,293.33333333333337,1.156288965152805
179,179,5,recov,0.2598650734338809,1.3475927309981257,293.33333333333337,1.156288965152805
180,180,3,recov,0.26310303555624015,1.3352095533504522,293.33333333333337,1.156288965152805
181,181,4,recov,0.26260237493135735,1.3371142732420853,293.33333333333337,1.156288965152805
182,182,5,recov,0.2621085943186863,1.3389963789626407,293.33333333333337,1.156288965152805
183,183,3,recov,0.26522852656886153,1.3271634602076712,293.33333333333337,1.156288965152805
184,184,4,recov,0.26474153644115017,1.3290012631281367,293.33333333333337,1.156288965152805
185,185,5,recov,0.26426117462262705,1.330817367055415,293.33333333333337,1.156288965152805
186,186,3,recov,0.2672681324604718,1.3195028830699806,293.33333333333337,1.156288965152805
187,187,4,recov,0.266794529643567,1.3212764687357013,293.33333333333337,1.156288965152805
188,188,5,recov,0.26632731332786524,1.3230292254140286,293.33333333333337,1.156288965152805
189,189,3,recov,0.26922608329568704,1.3122037940193696,293.33333333333337,1.156288965152805
190,190,4,recov,0.268765579907808,1.313915729470578,293.33333333333337,1.156288965152805
191,191,5,recov,0.2683112307342283,1.3156076635588256,293.33333333333337,1.156288965152805
192,192,3,recov,0.2711063484508487,1.3052441053749062,293.33333333333337,1.156288965152805
193,193,4,recov,0.2706586535246109,1.3068968331314512,293.33333333333337,1.156288965152805
194,194,5,recov,0.27021688967853247,1.3085303473469196,293.33333333333337,1.156288965152805
195,195,3,recov,0.272912656360943,1.2986034750587265,293.33333333333337,1.156288965152805
196,196,4,recov,0.27247747723055654,1.3001993206596634,293.33333333333337,1.156288965152805
197,197,5,recov,0.2720480148380892,1.301776703124835,293.33333333333337,1.156288965152805
198,198,3,recov,0.2746485124925873,1.2922631352191434,293.33333333333337,1.156288965152805
199,199,4,recov,0.2742255559872018,1.2938043142013291,293.33333333333337,1.156288965152805
200,200,5,recov,0.2738081103173503,1.295327745246731,293.33333333333337,1.156288965152805
201,201,3,recov,0.27631721572640167,1.2862057408997283,293.33333333333337,1.156288965152805
202,202,4,recov,0.27590618919450044,1.2876943652649453,293.33333333333337,1.156288965152805
203,203,5,recov,0.2755004756933852,1.2891659237359028,293.33333333333337,1.156288965152805
204,204,3,recov,0.27792187331075097,1.280415236044475,293.33333333333337,1.156288965152805
205,205,4,recov,0.27752248549719577,1.2818533202595817,293.33333333333337,1.156288965152805
206,206,5,recov,0.27712822067563464,1.2832749893698119,293.33333333333337,1.156288965152805
207,207,3,recov,0.27946541453026197,1.2748767345434278,293.33333333333337,1.156288965152805
208,208,4,recov,0.2790773763247472,1.2762662011135724,293.33333333333337,1.156288965152805
209,209,5,recov,0.2786942785177217,1.2776398738842876,293.33333333333337,1.156288965152805
210,210,3,recov,0.2809506032163041,1.269576414366957,293.33333333333337,1.156288965152805
211,211,4,recov,0.28057362828953886,1.270919099017942,293.33333333333337,1.156288965152805
212,212,5,recov,0.28020141830366957,1.2722465833373318,293.33333333333337,1.156288965152805
213,213,3,recov,0.2823800492124404,1.264501423123415,293.33333333333337,1.156288965152805
214,214,4,recov,0.2820138545542667,1.2657990796257848,293.33333333333337,1.156288965152805
215,215,5,recov,0.2816522562173543,1.2670821029603654,293.33333333333337,1.156288965152805
216,216,3,recov,0.2837562188954259,1.2596397936146209,293.33333333333337,1.156288965152805
217,217,4,recov,0.2834005252672647,1.2608940982789163,293.33333333333337,1.156288965152805
218,218,5,recov,0.2830492658921637,1.2621343120652277,293.33333333333337,1.156288965152805
219,219,3,recov,0.28508144484142145,1.2549803681649394,293.33333333333337,1.156288965152805
220,220,4,recov,0.2847359771538611,1.2561929240347787,293.33333333333337,1.156288965152805
221,221,5,recov,0.2843947879274062,1.2573919077772215,293.33333333333337,1.156288965152805
222,222,3,recov,0.2863579347174904,1.2505127306693968,293.33333333333337,1.156288965152805
223,223,4,recov,0.2860224223424704,1.2516850714365406,293.33333333333337,1.156288965152805
224,224,5,recov,0.28569103864882966,1.2528443365347532,293.33333333333337,1.156288965152805
225,225,3,recov,0.2875877794699896,1.2462271454497502,293.33333333333337,1.156288965152805
226,226,4,recov,0.28726195649584835,1.2473607391130923,293.33333333333337,1.156288965152805
227,227,5,recov,0.286940118182516,1.2484817324401023,293.33333333333337,1.156288965152805
228,228,3,recov,0.2887729608740015,1.2421145021291764,293.33333333333337,1.156288965152805
229,229,4,recov,0.28845656631062777,1.243210754417596,293.33333333333337,1.156288965152805
230,230,5,recov,0.2881440179042497,1.2442948616680765,293.33333333333337,1.156288965152805
231,231,3,recov,0.28991535850134914,1.238166265839876,293.33333333333337,1.156288965152805
232,232,4,recov,0.28960813644178307,1.2392265234170996,293.33333333333337,1.156288965152805
233,233,5,recov,0.2893046273201289,1.2402750722433156,293.33333333333337,1.156288965152805
234,234,3,recov,0.29101675615889194,1.23437443216635,293.33333333333337,1.156288965152805
235,235,4,recov,0.29071845590294154,1.2353999856343552,293.33333333333337,1.156288965152805
236,236,5,recov,0.29042374042856506,1.2364142485858398,293.33333333333337,1.156288965152805
237,237,3,recov,0.29207884784361254,1.23073148630286,293.33333333333337,1.156288965152805
238,238,4,recov,0.29178922398837004,1.2317235730189176,293.33333333333337,1.156288965152805
239,239,5,recov,0.29150306160882755,1.2327047703005103,293.33333333333337,1.156288965152805
240,240,3,recov,0.2931032432563924,1.2272303659686385,293.33333333333337,1.156288965152805
241,241,4,recov,0.29282205575794273,1.2281901726897655,293.33333333333337,1.156288965152805
242,242,5,recov,0.2925442110768506,1.2291394747513964,293.33333333333337,1.156288965152805
243,243,3,recov,0.294091472912277,1.2238644276804056,293.33333333333337,1.156288965152805
244,244,4,recov,0.2938184871223691,1.22479309304784,293.33333333333337,1.156288965152805
245,245,5,recov,0.2935487299450673,1.2257116230182892,293.33333333333337,1.156288965152805
246,246,3,recov,0.29504499288137237,1.2206274160301016,293.33333333333337,1.156288965152805
247,247,4,recov,0.29477997956236957,1.221526032905336,293.33333333333337,1.156288965152805
248,248,5,recov,0.2945180849195074,1.2224148688811827,293.33333333333337,1.156288965152805
249,249,3,recov,0.29596518919125264,1.2175134356575852,293.33333333333337,1.156288965152805
250,250,4,recov,0.29570792451228106,1.218383053320534,293.33333333333337,1.156288965152805
251,251,5,recov,0.29545367266424427,1.2192432305205685,293.33333333333337,1.156288965152805
252,252,3,recov,0.2968533819188445,1.2145169256443304,293.33333333333337,1.156288965152805
253,253,4,recov,0.29660364743570505,1.215358551863342,293.33333333333337,1.156288965152805
254,254,5,recov,0.29635682386045814,1.216191064657873,293.33333333333337,1.156288965152805
255,255,3,recov,0.2977108289971392,1.2116326360857383,293.33333333333337,1.156288965152805
256,256,4,recov,0.29746841161824505,1.2124472390683583,293.33333333333337,1.156288965152805
257,257,5,recov,0.29722880698485565,1.213253042892083,293.33333333333337,1.156288965152805
258,258,3,recov,0.29853872975974877,1.2088556066271592,293.33333333333337,1.156288965152805
259,259,4,recov,0.29830342170007823,1.209644116859846,293.33333333333337,1.156288965152805
260,260,5,recov,0.29807083182992183,1.210424130016257,293.33333333333337,1.156288965152805
261,261,3,recov,0.29933822824422035,1.2061811467727745,293.33333333333337,1.156288965152805
262,262,4,recov,0.2991098269690374,1.206944458757108,293.33333333333337,1.156288965152805
263,263,5,recov,0.29888405278644525,1.2076995641217725,293.33333333333337,1.156288965152805
264,264,3,recov,0.3001104162731375,1.2036048177974927,293.33333333333337,1.156288965152805
265,265,4,recov,0.2998887244330232,1.204343791689828,293.33333333333337,1.156288965152805
266,266,5,recov,0.29966957190692695,1.2050748383193026,293.33333333333337,1.156288965152805
267,267,3,recov,0.3008563363303388,1.201122416110479,293.33333333333337,1.156288965152805
268,268,4,recov,0.30064116168889327,1.2018378792714495,293.33333333333337,1.156288965152805
269,269,5,recov,0.30042844176683525,1.202545683924075,293.33333333333337,1.156288965152805
270,270,3,recov,0.30157698424805757,1.1987299579351336,293.33333333333337,1.156288965152805
271,271,4,recov,0.3013681396034669,1.1994227063949225,293.33333333333337,1.156288965152805
272,272,5,recov,0.3011616681391851,1.2001080549692513,293.33333333333337,1.156288965152805
273,273,3,recov,0.3022733117194042,1.196423665184619,293.33333333333337,1.156288965152805
274,274,4,recov,0.30207061482092706,1.1970944650294628,293.33333333333337,1.156288965152805
275,275,5,recov,0.30187021249657714,1.197758113925648,293.33333333333337,1.156288965152805
276,276,3,recov,0.3029462286493706,1.1941999524246227,293.33333333333337,1.156288965152805
277,277,4,recov,0.3027495021096687,1.1948495411095983,293.33333333333337,1.156288965152805
278,278,5,recov,0.3025549943536213,1.1954922185186667,293.33333333333337,1.156288965152805
279,279,3,recov,0.30359660535640914,1.1920554148261737,293.33333333333337,1.156288965152805
280,280,4,recov,0.3034056765605365,1.1926845024189463,293.33333333333337,1.156288965152805
281,281,5,recov,0.3032168934615753,1.1933069095445128,293.33333333333337,1.156288965152805
282,282,3,recov,0.3042252746356197,1.1899868170211823,293.33333333333337,1.156288965152805
283,283,4,recov,0.3040399756473848,1.1905960873810484,293.33333333333337,1.156288965152805
284,284,5,recov,0.3038567518660306,1.1911988995976959,293.33333333333337,1.156288965152805
285,285,3,recov,0.3048330336936575,1.187991082782114,293.33333333333337,1.156288965152805
286,286,4,recov,0.30465320115998595,1.1885811946783518,293.33333333333337,1.156288965152805
287,287,5,recov,0.3044753758375861,1.189165062630593,293.33333333333337,1.156288965152805
288,288,3,recov,0.30542064596463403,1.1860652854549703,293.33333333333337,1.156288965152805
289,289,4,recov,0.3052461210184819,1.1866368736282256,293.33333333333337,1.156288965152805
290,290,5,recov,0.30507353768462453,1.1872024242736827,293.33333333333337,1.156288965152805
291,291,3,recov,0.30598884281552824,1.1842066390816515,293.33333333333337,1.156288965152805
292,292,4,recov,0.3058194709778266,1.1847603152518178,293.33333333333337,1.156288965152805
293,293,5,recov,0.305651977456572,1.185308152851995,293.33333333333337,1.156288965152805
294,294,3,recov,0.30653832514892937,1.1824124901539412,293.33333333333337,1.156288965152805
295,295,4,recov,0.30637395622998026,1.1829488439777534,293.33333333333337,1.156288965152805
296,296,5,recov,0.3062114045453404,1.1834795510395393,293.33333333333337,1.156288965152805
297,297,3,recov,0.3070697649103092,1.1806803099468377,293.33333333333337,1.156288965152805
298,298,4,recov,0.3069102529110012,1.1811999099281623,293.33333333333337,1.156288965152805
299,299,5,recov,0.30675249919204217,1.1817140480989847,293.33333333333337,1.156288965152805
300,300,3,recov,0.3075838065064465,1.1790076873838693,293.33333333333337,1.156288965152805
301,301,4,recov,0.3074290095196068,1.1795110817394823,293.33333333333337,1.156288965152805
302,302,5,recov,0.30727591390550457,1.1800091926588308,293.33333333333337,1.156288965152805
303,303,3,recov,0.3080810681411062,1.1773923223914322,293.33333333333337,1.156288965152805
304,304,4,recov,0.3079308482532676,1.1778800398748717,293.33333333333337,1.156288965152805
305,305,5,recov,0.30778227479860143,1.1783626459847218,293.33333333333337,1.156288965152805
306,306,3,recov,0.30856214307359964,1.175832019703122,293.33333333333337,1.156288965152805
307,307,4,recov,0.30841636626742136,1.1763045703890338,293.33333333333337,1.156288965152805
308,308,5,recov,0.30827218284795344,1.1767721757055327,293.33333333333337,1.156288965152805
309,309,3,recov,0.3090276008054185,1.1743246830785707,293.33333333333337,1.156288965152805
310,310,4,recov,0.3088861368629666,1.174782559109802,293.33333333333337,1.156288965152805
311,311,5,recov,0.30874621508212274,1.1752356499584176,293.33333333333337,1.156288965152805
312,312,3,recov,0.3094779881997375,1.1728683099044812,293.33333333333337,1.156288965152805
313,313,4,recov,0.3093407106068023,1.1733119862040238,293.33333333333337,1.156288965152805
314,314,5,recov,0.3092049257030377,1.1737510319202165,293.33333333333337,1.156288965152805
315,315,3,recov,0.3099138305382166,1.1714609861484089,293.33333333333337,1.156288965152805
316,316,4,recov,0.3097806163898182,1.1718909210981594,293.33333333333337,1.156288965152805
317,317,5,recov,0.3096488471450275,1.1723163746954952,293.33333333333337,1.156288965152805
318,318,3,recov,0.31033563251920393,1.1701008816384206,293.33333333333337,1.156288965152805
319,319,4,recov,0.31020636242641275,1.1705175177265952,293.33333333333337,1.156288965152805
320,320,5,recov,0.3100784910755189,1.1709298165340976,293.33333333333337,1.156288965152805
321,321,3,recov,0.3107438792011317,1.1687862456440898,293.33333333333337,1.156288965152805
322,322,4,recov,0.31061843719931276,1.1691900100830082,293.33333333333337,1.156288965152805
323,323,5,recov,0.3104943493411493,1.1695895763534292,293.33333333333337,1.156288965152805
324,324,3,recov,0.31113903689462247,1.1675154027363779,293.33333333333337,1.156288965152805
325,325,4,recov,0.31101731035319186,1.1679067080522276,293.33333333333337,1.156288965152805
326,326,5,recov,0.3108968948627745,1.1682939495428133,293.33333333333337,1.156288965152805
327,327,3,recov,0.31152155400656145,1.1662867489058675,293.33333333333337,1.156288965152805
328,328,4,recov,0.3114034335403291,1.1666659935019568,293.33333333333337,1.156288965152805
329,329,5,recov,0.31128658248259655,1.1670413040291772,293.33333333333337,1.156288965152805
330,330,3,recov,0.31189186183916007,1.1650987479205215,293.33333333333337,1.156288965152805
331,331,4,recov,0.31177724122131845,1.165466316615426,293.33333333333337,1.156288965152805
332,332,5,recov,0.31166384976640715,1.165830076585055,293.33333333333337,1.156288965152805
333,333,3,recov,0.3122503753468153,1.1639499279057062,293.33333333333337,1.156288965152805
334,334,4,recov,0.31213915142362014,1.16430619244764,293.33333333333337,1.156288965152805
335,335,5,recov,0.31202911776372666,1.1646587693614798,293.33333333333337,1.156288965152805
336,336,3,recov,0.3125974938533719,1.1628388781306347,293.33333333333337,1.156288965152805
337,337,4,recov,0.31248956646055204,1.1631841976892836,293.33333333333337,1.156288965152805
338,338,5,recov,0.3123827917284233,1.1635259466297467,293.33333333333337,1.156288965152805
339,339,3,recov,0.31293360173220997,1.161764245986667,293.33333333333337,1.156288965152805
340,340,4,recov,0.3128288736131325,1.1620989676236506,293.33333333333337,1.156288965152805
341,341,5,recov,0.3127252618022163,1.1624302317173485,293.33333333333337,1.156288965152805
342,342,3,recov,0.31325906905141343,1.1607247341440767,293.33333333333337,1.156288965152805
343,343,4,recov,0.31315744577702154,1.1610491932631384,293.33333333333337,1.156288965152805
344,344,5,recov,0.3130569036632994,1.161370304124542,293.33333333333337,1.156288965152805
345,345,3,recov,0.31357425218611545,1.1597190978749583,293.33333333333337,1.156288965152805
346,346,4,recov,0.3134756420766503,1.160033618652907,293.33333333333337,1.156288965152805
347,347,5,recov,0.3133780791421682,1.1603448968090937,293.33333333333337,1.156288965152805
348,348,3,recov,0.3138794943999762,1.1587461425309156,293.33333333333337,1.156288965152805
349,349,4,recov,0.3137838084484863,1.1590510383302937,293.33333333333337,1.156288965152805
350,350,5,recov,0.31368913680659105,1.1593527936277277,293.33333333333337,1.156288965152805
351,351,3,recov,0.31417512639761375,1.1578047211650593,293.33333333333337,1.156288965152805
352,352,4,recov,0.3140822781952501,1.1581002949294459,293.33333333333337,1.156288965152805
353,353,5,recov,0.31399041251753396,1.1583928269236867,293.33333333333337,1.156288965152805
354,354,3,recov,0.31446146684968596,1.1568937322886532,293.33333333333337,1.156288965152805
355,355,4,recov,0.3143713725127765,1.1571802769214596,293.33333333333337,1.156288965152805
356,356,5,recov,0.31428222995772775,1.1574638752506379,293.33333333333337,1.156288965152805
357,357,3,recov,0.31473882289220917,1.1560121177534741,293.33333333333337,1.156288965152805
358,358,4,recov,0.31465140099110184,1.156289916481043,293.33333333333337,1.156288965152805
359,359,5,recov,0.3145649011344529,1.1565648612238975,293.33333333333337,1.156288965152805
360,360,0,fam_r,0.009370145991023862,4.670226602167606,293.33333333333337,1.156288965152805
361,361,1,fam_r,0.009367622700150421,4.670495928887376,293.33333333333337,1.156288965152805
362,362,2,fam_r,0.009365125980508218,4.6707624909066014,293.33333333333337,1.156288965152805
363,363,0,fam_r,0.018945214019122848,3.966203937709568,293.33333333333337,1.156288965152805
364,364,1,fam_r,0.018940267697961352,3.9664650573240174,293.33333333333337,1.156288965152805
365,365,2,fam_r,0.0189353733835665,3.9667234985956283,293.33333333333337,1.156288965152805
366,366,0,fam_r,0.028221271026977874,3.567679293636305,293.33333333333337,1.156288965152805
367,367,1,fam_r,0.028214127187770208,3.5679324623733675,293.33333333333337,1.156288965152805
368,368,2,fam_r,0.02820705834872748,3.5681830363027345,293.33333333333337,1.156288965152805
369,369,0,fam_r,0.037208085608052964,3.2912291862660368,293.33333333333337,1.156288965152805
370,370,1,fam_r,0.03719895341937357,3.2914746519866087,293.33333333333337,1.156288965152805
371,371,2,fam_r,0.037189916967219856,3.291717603711812,293.33333333333337,1.156288965152805
372,372,0,fam_r,0.04591508141653979,3.080961644716878,293.33333333333337,1.156288965152805
373,373,1,fam_r,0.045904154813019876,3.0811996472100414,293.33333333333337,1.156288965152805
374,374,2,fam_r,0.04589334259707996,3.08143521389312,293.33333333333337,1.156288965152805
0,0,0,fam,0.043478260869565216,3.1354942159291497,366.6666666666667,1.1416452982218677
1,1,1,fam,0.030303030303030304,3.4965075614664802,366.6666666666667,1.1416452982218677
2,2,2,fam,0.023310023310023312,3.758871825933971,366.6666666666667,1.1416452982218677
3,3,0,fam,0.20494867270070777,1.5849957082630186,366.6666666666667,1.1416452982218677
4,4,1,fam,0.17308188146302825,1.753990493202515,366.6666666666667,1.1416452982218677
5,5,2,fam,0.14999316045908495,1.897165582864887,366.6666666666667,1.1416452982218677
6,6,0,fam,0.24915281799166042,1.389688843896609,366.6666666666667,1.1416452982218677
7,7,1,fam,0.22335710349697663,1.4989834273603333,366.6666666666667,1.1416452982218677
8,8,2,fam,0.20259177689501132,1.5965622758737357,366.6666666666667,1.1416452982218677
9,9,0,fam,0.26979909405242186,1.310077693062815,366.6666666666667,1.1416452982218677
10,10,1,fam,0.24902094220137216,1.3902182808276815,366.6666666666667,1.1416452982218677
11,11,2,fam,0.23137978626064656,1.4636948221408037,366.6666666666667,1.1416452982218677
12,12,0,fam,0.28175305670309747,1.2667242771305158,366.6666666666667,1.1416452982218677
13,13,1,fam,0.26458620193344706,1.3295881755489332,366.6666666666667,1.1416452982218677
14,14,2,fam,0.24953442546242519,1.388158395503314,366.6666666666667,1.1416452982218677
15,15,0,fam,0.2895465306594424,1.2394392672179269,366.6666666666667,1.1416452982218677
16,16,1,fam,0.2750295855118552,1.2908766034228014,366.6666666666667,1.1416452982218677
17,17,2,fam,0.26202390790010044,1.3393195278571066,366.6666666666667,1.1416452982218677
18,18,0,fam,0.2950274803890782,1.2206867731195865,366.6666666666667,1.1416452982218677
19,19,1,fam,0.28251908375088286,1.264009177576779,366.6666666666667,1.1416452982218677
20,20,2,fam,0.27113847438773525,1.305125613005515,366.6666666666667,1.1416452982218677
21,21,0,fam,0.29909059796684584,1.2070087482540615,366.6666666666667,1.1416452982218677
22,22,1,fam,0.28815042372179434,1.244272630610193,366.6666666666667,1.1416452982218677
23,23,2,fam,0.27808047700875704,1.279844721541373,366.6666666666667,1.1416452982218677
24,24,0,fam,0.302221769641294,1.196594194539859,366.6666666666667,1.1416452982218677
25,25,1,fam,0.2925370337482599,1.2291640092195733,366.6666666666667,1.1416452982218677
26,26,2,fam,0.283541762440474,1.2603958564677362,366.6666666666667,1.1416452982218677
27,27,0,fam,0.30470762986314903,1.188402552729159,366.6666666666667,1.1416452982218677
28,28,1,fam,0.2960491005484286,1.2172299581835033,366.6666666666667,1.1416452982218677
29,29,2,fam,0.28794861609593103,1.2449732310978514,366.6666666666667,1.1416452982218677
30,30,0,fam,0.30672820045847904,1.1817932640664623,366.6666666666667,1.1416452982218677
31,31,1,fam,0.298923260850541,1.2075683912061603,366.6666666666667,1.1416452982218677
32,32,2,fam,0.2915780236866613,1.2324476462738967,366.6666666666667,1.1416452982218677
33,33,0,fam,0.308402241541102,1.1763503690278654,366.6666666666667,1.1416452982218677
34,34,1,fam,0.30131784431262754,1.199589610196565,366.6666666666667,1.1416452982218677
35,35,2,fam,0.29461777163717684,1.2220764521390632,366.6666666666667,1.1416452982218677
36,36,0,fam,0.30981126782438045,1.1717919803748602,366.6666666666667,1.1416452982218677
37,37,1,fam,0.30334279021352584,1.1928917920972217,366.6666666666667,1.1416452982218677
38,38,2,fam,0.29719967867926755,1.2133510472990516,366.6666666666667,1.1416452982218677
39,39,0,fam,0.3110130882775704,1.167920283194635,366.6666666666667,1.1416452982218677
40,40,1,fam,0.3050768223588395,1.1871916575039483,366.6666666666667,1.1416452982218677
41,41,2,fam,0.299419000970934,1.2059113455135582,366.6666666666667,1.1416452982218677
42,42,0,fam,0.3120498396879629,1.164592361340519,366.6666666666667,1.1416452982218677
43,43,1,fam,0.30657779387557116,1.1822837421877024,366.6666666666667,1.1416452982218677
44,44,2,fam,0.30134628700273697,1.1994952203410798,366.6666666666667,1.1416452982218677
45,45,0,fam,0.31295296063147626,1.1617023852584245,366.6666666666667,1.1416452982218677
46,46,1,fam,0.3078891738127578,1.178015386044467,366.6666666666667,1.1416452982218677
47,47,2,fam,0.3030349008507482,1.1939072957800714,366.6666666666667,1.1416452982218677
48,48,0,fam,0.313746384167465,1.1591703131684004,366.6666666666667,1.1416452982218677
49,49,1,fam,0.30904425607928726,1.1742707887823423,366.6666666666667,1.1416452982218677
50,50,2,fam,0.30452595430932344,1.1889989596375456,366.6666666666667,1.1416452982218677
51,51,0,fam,0.3144486515670543,1.1569344862287096,366.6666666666667,1.1416452982218677
52,52,1,fam,0.3100689721907534,1.170960515312469,366.6666666666667,1.1416452982218677
53,53,2,fam,0.3058516325400274,1.1846551555931533,366.6666666666667,1.1416452982218677
54,54,0,fam,0.31507434979923077,1.1549466368987946,366.6666666666667,1.1416452982218677
55,55,1,fam,0.3109838198529401,1.1680143943526464,366.6666666666667,1.1416452982218677
56,56,2,fam,0.30703749227342453,1.180785414182415,366.6666666666667,1.1416452982218677
57,57,0,fam,0.3156351124046909,1.1531684401637694,366.6666666666667,1.1416452982218677
58,58,1,fam,0.3118052154908341,1.165376595459119,366.6666666666667,1.1416452982218677
59,59,2,fam,0.30810408475911083,1.1773176155670078,366.6666666666667,1.1416452982218677
60,60,0,fam,0.3161403310186165,1.1515690784700572,366.6666666666667,1.1416452982218677
61,61,1,fam,0.31254646194439395,1.1630021426351316,366.6666666666667,1.1416452982218677
62,62,2,fam,0.3090681241257137,1.1741935599572848,366.6666666666667,1.1416452982218677
63,63,0,fam,0.316597670648941,1.1501234889566656,366.6666666666667,1.1416452982218677
64,64,1,fam,0.31321845329283443,1.1608543980416222,366.6666666666667,1.1416452982218677
65,65,2,fam,0.3099433430781239,1.171365762470485,366.6666666666667,1.1416452982218677
66,66,3,recov,0.001969035411541356,6.230211494955961,366.6666666666667,1.1416452982218677
67,67,4,recov,0.001949263578330261,6.2403036298733365,366.6666666666667,1.1416452982218677
68,68,5,recov,0.0019300767501949565,6.250195509915635,366.6666666666667,1.1416452982218677
69,69,3,recov,0.020645574356913894,3.8802542994007045,366.6666666666667,1.1416452982218677
70,70,4,recov,0.02045019045094093,3.8897630835322454,366.6666666666667,1.1416452982218677
71,71,5,recov,0.02026036940062285,3.8990885473257038,366.6666666666667,1.1416452982218677
72,72,3,recov,0.037751997601507256,3.2767168880909185,366.6666666666667,1.1416452982218677
73,73,4,recov,0.03741472017870566,3.2856910643310315,366.6666666666667,1.1416452982218677
74,74,5,recov,0.03708669988104491,3.294496867415376,366.6666666666667,1.1416452982218677
75,75,3,recov,0.053471457547779495,2.9286072712237767,366.6666666666667,1.1416452982218677
76,76,4,recov,0.05301979563222151,2.937089932669963,366.6666666666667,1.1416452982218677
77,77,5,recov,0.052580104116073056,2.9454174795364314,366.6666666666667,1.1416452982218677
78,78,3,recov,0.06795973241513854,2.6888399195737596,366.6666666666667,1.1416452982218677
79,79,4,recov,0.06741623944427828,2.6968693487758046,366.6666666666667,1.1416452982218677
80,80,5,recov,0.06688667711101812,2.7047554780028156,366.6666666666667,1.1416452982218677
81,81,3,recov,0.08135015763173921,2.5089925076208828,366.6666666666667,1.1416452982218677
82,82,4,recov,0.08073340365201975,2.5166028655322155,366.6666666666667,1.1416452982218677
83,83,5,recov,0.08013196058220584,2.5240804959736263,366.6666666666667,1.1416452982218677
84,84,3,recov,0.09375752821202488,2.3670433164272984,366.6666666666667,1.1416452982218677
85,85,4,recov,0.09308286023462002,2.3742652122425545,366.6666666666667,1.1416452982218677
86,86,5,recov,0.09242443578318295,2.381363878769008,366.6666666666667,1.1416452982218677
87,87,3,recov,0.10528121420711302,2.251120278349362,366.6666666666667,1.1416452982218677
88,88,4,recov,0.1045613556867163,2.257981244115982,366.6666666666667,1.1416452982218677
89,89,5,recov,0.10385832742616498,2.2647275448149804,366.6666666666667,1.1416452982218677
90,90,3,recov,0.11600766834169063,2.154098983666819,366.6666666666667,1.1416452982218677
91,91,4,recov,0.11525319534538046,2.1606238721501927,366.6666666666667,1.1416452982218677
92,92,5,recov,0.11451587217446252,2.167041843983904,366.6666666666667,1.1416452982218677
93,93,3,recov,0.12601245982603634,2.0713744894114816,366.6666666666667,1.1416452982218677
94,94,4,recov,0.1252321818719688,2.077585809640391,366.6666666666667,1.1416452982218677
95,95,5,recov,0.12446916731075533,2.0836972458706726,366.6666666666667,1.1416452982218677
96,96,3,recov,0.13536193560592802,1.9998030835372789,366.6666666666667,1.1416452982218677
97,97,4,recov,0.13456320221206225,2.005721285388591,366.6666666666667,1.1416452982218677
98,98,5,recov,0.1337816875135747,2.0115460052768386,366.6666666666667,1.1416452982218677
99,99,3,recov,0.14411458631314866,1.937146557552238,366.6666666666667,1.1416452982218677
100,100,4,recov,0.14330353521999642,1.9427902743895316,366.6666666666667,1.1416452982218677
101,101,5,recov,0.1425095372373583,1.9483463535315475,366.6666666666667,1.1416452982218677
102,102,3,recov,0.15232217639434995,1.8817574197379159,366.6666666666667,1.1416452982218677
103,103,4,recov,0.15150393567586706,1.8871436763116087,366.6666666666667,1.1416452982218677
104,104,5,recov,0.15070249094723426,1.892447644307565,366.6666666666667,1.1416452982218677
105,105,3,recov,0.16003068458788222,1.8323897034612253,366.6666666666667,1.1416452982218677
106,106,4,recov,0.1592095380689569,1.8375340948730883,366.6666666666667,1.1416452982218677
107,107,5,recov,0.15840486198249626,1.842601105738932,366.6666666666667,1.1416452982218677
108,108,3,recov,0.16728109086882,1.7880797026681725,366.6666666666667,1.1416452982218677
109,109,4,recov,0.16646061416551117,1.792996549102863,366.6666666666667,1.1416452982218677
110,110,5,recov,0.16565623210588964,1.797840528813594,366.6666666666667,1.1416452982218677
111,111,3,recov,0.17411003832864266,1.7480677754632679,366.6666666666667,1.1416452982218677
112,112,4,recov,0.17329321123357722,1.7527702565213736,366.6666666666667,1.1416452982218677
113,113,5,recov,0.17249206712088788,1.7574040312731873,366.6666666666667,1.1416452982218677
114,114,3,recov,0.18055039257971917,1.7117453569064556,366.6666666666667,1.1416452982218677
115,115,4,recov,0.17973969229761466,1.7162456286838599,366.6666666666667,1.1416452982218677
116,116,5,recov,0.17894423878812185,1.7206810368224628,366.6666666666667,1.1416452982218677
117,117,3,recov,0.18663171672877998,1.6786180332612226,366.6666666666667,1.1416452982218677
118,118,4,recov,0.18582919553037433,1.6829273307681323,366.6666666666667,1.1416452982218677
119,119,5,recov,0.18504146926802287,1.68717532081798,366.6666666666667,1.1416452982218677
120,120,3,recov,0.19238067642150602,1.6482791801940597,366.6666666666667,1.1416452982218677
121,121,4,recov,0.1915880265586051,1.6524079072633926,366.6666666666667,1.1416452982218677
122,122,5,recov,0.19080971118265252,1.6564786240794551,366.6666666666667,1.1416452982218677
123,123,3,recov,0.19782138668179264,1.6203907428790538,366.6666666666667,1.1416452982218677
124,124,4,recov,0.19703999484049806,1.6243485513549034,366.6666666666667,1.1416452982218677
125,125,5,recov,0.19627247392053546,1.6282514120836291,366.6666666666667,1.1416452982218677
126,126,3,recov,0.2029757100755783,1.5946689618996632,366.6666666666667,1.1416452982218677
127,127,4,recov,0.20220670320110457,1.5984648216044852,366.6666666666667,1.1416452982218677
128,128,5,recov,0.2014511048509444,1.6022085828676667,366.6666666666667,1.1416452982218677
129,129,3,recov,0.20786351398668607,1.570873597419266,366.6666666666667,1.1416452982218677
130,130,4,recov,0.20710779796319836,1.5745158581595788,366.6666666666667,1.1416452982218677
131,131,5,recov,0.20636503255329539,1.5781086756511846,366.6666666666667,1.1416452982218677
132,132,3,recov,0.2125028934000845,1.5487996747099648,366.6666666666667,1.1416452982218677
133,133,4,recov,0.21176118579140313,1.552296121384017,366.6666666666667,1.1416452982218677
134,134,5,recov,0.21103197791578837,1.555745602885971,366.6666666666667,1.1416452982218677
135,135,3,recov,0.2169103644697558,1.528271077736985,366.6666666666667,1.1416452982218677
136,136,4,recov,0.21618322230545553,1.5316289794457387,366.6666666666667,1.1416452982218677
137,137,5,recov,0.21546813794854539,1.5349422321163708,366.6666666666667,1.1416452982218677
138,138,3,recov,0.22110103324538885,1.5091355179257262,366.6666666666667,1.1416452982218677
139,139,4,recov,0.2203888766595005,1.5123616718540138,366.6666666666667,1.1416452982218677
140,140,5,recov,0.2196883463390948,1.5155453445164324,366.6666666666667,1.1416452982218677
141,141,3,recov,0.22508874319932515,1.4912605403193362,366.6666666666667,1.1416452982218677
142,142,4,recov,0.22439187558610238,1.4943613110420342,366.6666666666667,1.1416452982218677
143,143,5,recov,0.2237062141125735,1.4974216320941673,366.6666666666667,1.1416452982218677
144,144,3,recov,0.22888620459766845,1.4745303220894117,366.6666666666667,1.1416452982218677
145,145,4,recov,0.22820482983346072,1.4775116768637588,366.6666666666667,1.1416452982218677
146,146,5,recov,0.22753425321473514,1.480454488343437,366.6666666666667,1.1416452982218677
147,147,3,recov,0.23250510827003495,1.4588430831421724,366.6666666666667,1.1416452982218677
148,148,4,recov,0.23183934545657786,1.4617106236686765,366.6666666666667,1.1416452982218677
149,149,5,recov,0.23118398538871962,1.464541411932837,366.6666666666667,1.1416452982218677
150,150,3,recov,0.23595622592977739,1.4441089745090916,366.6666666666667,1.1416452982218677
151,151,4,recov,0.23530612203778553,1.4468679655771446,366.6666666666667,1.1416452982218677
152,152,5,recov,0.2346660383476667,1.4495918889915274,366.6666666666667,1.1416452982218677
153,153,3,recov,0.23924949886388933,1.4302483432640598,366.6666666666667,1.1416452982218677
154,154,4,recov,0.23861503959327934,1.4329037386422674,366.6666666666667,1.1416452982218677
155,155,5,recov,0.23799023093971547,1.4355256526248756,366.6666666666667,1.1416452982218677
156,156,3,recov,0.24239411653592016,1.4171902967980414,366.6666666666667,1.1416452982218677
157,157,4,recov,0.24177523565759074,1.4197467626816604,366.6666666666667,1.1416452982218677
158,158,5,recov,0.24116564874786528,1.422271242398126,366.6666666666667,1.1416452982218677
159,159,3,recov,0.24539858641553985,1.4048715070497901,366.6666666666667,1.1416452982218677
160,160,4,recov,0.24479517381725538,1.4073334433370985,366.6666666666667,1.1416452982218677
161,161,5,recov,0.24420071135512333,1.4097648043076325,366.6666666666667,1.1416452982218677
162,162,3,recov,0.24827079615645964,1.3932352085424518,366.6666666666667,1.1416452982218677
163,163,4,recov,0.24768270478031762,1.395606768177234,366.6666666666667,1.1416452982218677
164,164,5,recov,0.24710323232775172,1.397949085021928,366.6666666666667,1.1416452982218677
165,165,3,recov,0.2510180690834627,1.3822303540610628,366.6666666666667,1.1416452982218677
166,166,4,recov,0.25044512091331894,1.3845154606486934,366.6666666666667,1.1416452982218677
167,167,5,recov,0.2498804728201441,1.386772584169731,366.6666666666667,1.1416452982218677
168,168,3,recov,0.2536472138138693,1.3718108994024485,366.6666666666667,1.1416452982218677
169,169,4,recov,0.25308920504685545,1.374013263281547,366.6666666666667,1.1416452982218677
170,170,5,recov,0.2525391895789781,1.3761888360565884,366.6666666666667,1.1416452982218677
171,171,3,recov,0.2561645687244374,1.361935194460094,366.6666666666667,1.1416452982218677
172,172,4,recov,0.25562127424046405,1.3640583273897178,366.6666666666667,1.1416452982218677
173,173,5,recov,0.25508567801779836,1.3661557980297985,366.6666666666667,1.1416452982218677
174,174,3,recov,0.2585760418778866,1.3525654624200485,366.6666666666667,1.1416452982218677
175,175,4,recov,0.25804721910406614,1.3546126910233949,366.6666666666667,1.1416452982218677
176,176,5,recov,0.2575258109428256,1.3566353272305383,366.6666666666667,1.1416452982218677
177,177,3,recov,0.260887146941004,1.343667352364962,366.6666666666667,1.1416452982218677
178,178,4,recov,0.2603725391936863,1.345641830454068,366.6666666666667,1.1416452982218677
179,179,5,recov,0.2598650734338809,1.3475927309981257,366.6666666666667,1.1416452982218677
180,180,3,recov,0.26310303555624015,1.3352095533504522,366.6666666666667,1.1416452982218677
181,181,4,recov,0.26260237493135735,1.3371142732420853,366.6666666666667,1.1416452982218677
182,182,5,recov,0.2621085943186863,1.3389963789626407,366.6666666666667,1.1416452982218677
183,183,3,recov,0.26522852656886153,1.3271634602076712,366.6666666666667,1.1416452982218677
184,184,4,recov,0.26474153644115017,1.3290012631281367,366.6666666666667,1.1416452982218677
185,185,5,recov,0.26426117462262705,1.330817367055415,366.6666666666667,1.1416452982218677
186,186,3,recov,0.2672681324604718,1.3195028830699806,366.6666666666667,1.1416452982218677
187,187,4,recov,0.266794529643567,1.3212764687357013,366.6666666666667,1.1416452982218677
188,188,5,recov,0.26632731332786524,1.3230292254140286,366.6666666666667,1.1416452982218677
189,189,3,recov,0.26922608329568704,1.3122037940193696,366.6666666666667,1.1416452982218677
190,190,4,recov,0.268765579907808,1.313915729470578,366.6666666666667,1.1416452982218677
191,191,5,recov,0.2683112307342283,1.3156076635588256,366.6666666666667,1.1416452982218677
192,192,3,recov,0.2711063484508487,1.3052441053749062,366.6666666666667,1.1416452982218677
193,193,4,recov,0.2706586535246109,1.3068968331314512,366.6666666666667,1.1416452982218677
194,194,5,recov,0.27021688967853247,1.3085303473469196,366.6666666666667,1.1416452982218677
195,195,3,recov,0.272912656360943,1.2986034750587265,366.6666666666667,1.1416452982218677
196,196,4,recov,0.27247747723055654,1.3001993206596634,366.6666666666667,1.1416452982218677
197,197,5,recov,0.2720480148380892,1.301776703124835,366.6666666666667,1.1416452982218677
198,198,3,recov,0.2746485124925873,1.2922631352191434,366.6666666666667,1.1416452982218677
199,199,4,recov,0.2742255559872018,1.2938043142013291,366.6666666666667,1.1416452982218677
200,200,5,recov,0.2738081103173503,1.295327745246731,366.6666666666667,1.1416452982218677
201,201,3,recov,0.27631721572640167,1.2862057408997283,366.6666666666667,1.1416452982218677
202,202,4,recov,0.27590618919450044,1.2876943652649453,366.6666666666667,1.1416452982218677
203,203,5,recov,0.2755004756933852,1.2891659237359028,366.6666666666667,1.1416452982218677
204,204,3,recov,0.27792187331075097,1.280415236044475,366.6666666666667,1.1416452982218677
205,205,4,recov,0.27752248549719577,1.2818533202595817,366.6666666666667,1.1416452982218677
206,206,5,recov,0.27712822067563464,1.2832749893698119,366.6666666666667,1.1416452982218677
207,207,3,recov,0.27946541453026197,1.2748767345434278,366.6666666666667,1.1416452982218677
208,208,4,recov,0.2790773763247472,1.2762662011135724,366.6666666666667,1.1416452982218677
209,209,5,recov,0.2786942785177217,1.2776398738842876,366.6666666666667,1.1416452982218677
210,210,3,recov,0.2809506032163041,1.269576414366957,366.6666666666667,1.1416452982218677
211,211,4,recov,0.28057362828953886,1.270919099017942,366.6666666666667,1.1416452982218677
212,212,5,recov,0.28020141830366957,1.2722465833373318,366.6666666666667,1.1416452982218677
213,213,3,recov,0.2823800492124404,1.264501423123415,366.6666666666667,1.1416452982218677
214,214,4,recov,0.2820138545542667,1.2657990796257848,366.6666666666667,1.1416452982218677
215,215,5,recov,0.2816522562173543,1.2670821029603654,366.6666666666667,1.1416452982218677
216,216,3,recov,0.2837562188954259,1.2596397936146209,366.6666666666667,1.1416452982218677
217,217,4,recov,0.2834005252672647,1.2608940982789163,366.6666666666667,1.1416452982218677
218,218,5,recov,0.2830492658921637,1.2621343120652277,366.6666666666667,1.1416452982218677
219,219,3,recov,0.28508144484142145,1.2549803681649394,366.6666666666667,1.1416452982218677
220,220,4,recov,0.2847359771538611,1.2561929240347787,366.6666666666667,1.1416452982218677
221,221,5,recov,0.2843947879274062,1.2573919077772215,366.6666666666667,1.1416452982218677
222,222,3,recov,0.2863579347174904,1.2505127306693968,366.6666666666667,1.1416452982218677
223,223,4,recov,0.2860224223424704,1.2516850714365406,366.6666666666667,1.1416452982218677
224,224,5,recov,0.28569103864882966,1.2528443365347532,366.6666666666667,1.1416452982218677
225,225,3,recov,0.2875877794699896,1.2462271454497502,366.6666666666667,1.1416452982218677
226,226,4,recov,0.28726195649584835,1.2473607391130923,366.6666666666667,1.1416452982218677
227,227,5,recov,0.286940118182516,1.2484817324401023,366.6666666666667,1.1416452982218677
228,228,3,recov,0.2887729608740015,1.2421145021291764,366.6666666666667,1.1416452982218677
229,229,4,recov,0.28845656631062777,1.243210754417596,366.6666666666667,1.1416452982218677
230,230,5,recov,0.2881440179042497,1.2442948616680765,366.6666666666667,1.1416452982218677
231,231,3,recov,0.28991535850134914,1.238166265839876,366.6666666666667,1.1416452982218677
232,232,4,recov,0.28960813644178307,1.2392265234170996,366.6666666666667,1.1416452982218677
233,233,5,recov,0.2893046273201289,1.2402750722433156,366.6666666666667,1.1416452982218677
234,234,3,recov,0.29101675615889194,1.23437443216635,366.6666666666667,1.1416452982218677
235,235,4,recov,0.29071845590294154,1.2353999856343552,366.6666666666667,1.1416452982218677
236,236,5,recov,0.29042374042856506,1.2364142485858398,366.6666666666667,1.1416452982218677
237,237,3,recov,0.29207884784361254,1.23073148630286,366.6666666666667,1.1416452982218677
238,238,4,recov,0.29178922398837004,1.2317235730189176,366.6666666666667,1.1416452982218677
239,239,5,recov,0.29150306160882755,1.2327047703005103,366.6666666666667,1.1416452982218677
240,240,3,recov,0.2931032432563924,1.2272303659686385,366.6666666666667,1.1416452982218677
241,241,4,recov,0.29282205575794273,1.2281901726897655,366.6666666666667,1.1416452982218677
242,242,5,recov,0.2925442110768506,1.2291394747513964,366.6666666666667,1.1416452982218677
243,243,3,recov,0.294091472912277,1.2238644276804056,366.6666666666667,1.1416452982218677
244,244,4,recov,0.2938184871223691,1.22479309304784,366.6666666666667,1.1416452982218677
245,245,5,recov,0.2935487299450673,1.2257116230182892,366.6666666666667,1.1416452982218677
246,246,3,recov,0.29504499288137237,1.2206274160301016,366.6666666666667,1.1416452982218677
247,247,4,recov,0.29477997956236957,1.221526032905336,366.6666666666667,1.1416452982218677
248,248,5,recov,0.2945180849195074,1.2224148688811827,366.6666666666667,1.1416452982218677
249,249,3,recov,0.29596518919125264,1.2175134356575852,366.6666666666667,1.1416452982218677
250,250,4,recov,0.29570792451228106,1.218383053320534,366.6666666666667,1.1416452982218677
251,251,5,recov,0.29545367266424427,1.2192432305205685,366.6666666666667,1.1416452982218677
252,252,3,recov,0.2968533819188445,1.2145169256443304,366.6666666666667,1.1416452982218677
253,253,4,recov,0.29660364743570505,1.215358551863342,366.6666666666667,1.1416452982218677
254,254,5,recov,0.29635682386045814,1.216191064657873,366.6666666666667,1.1416452982218677
255,255,3,recov,0.2977108289971392,1.2116326360857383,366.6666666666667,1.1416452982218677
256,256,4,recov,0.29746841161824505,1.2124472390683583,366.6666666666667,1.1416452982218677
257,257,5,recov,0.29722880698485565,1.213253042892083,366.6666666666667,1.1416452982218677
258,258,3,recov,0.29853872975974877,1.2088556066271592,366.6666666666667,1.1416452982218677
259,259,4,recov,0.29830342170007823,1.209644116859846,366.6666666666667,1.1416452982218677
260,260,5,recov,0.29807083182992183,1.210424130016257,366.6666666666667,1.1416452982218677
261,261,3,recov,0.29933822824422035,1.2061811467727745,366.6666666666667,1.1416452982218677
262,262,4,recov,0.2991098269690374,1.206944458757108,366.6666666666667,1.1416452982218677
263,263,5,recov,0.29888405278644525,1.2076995641217725,366.6666666666667,1.1416452982218677
264,264,3,recov,0.3001104162731375,1.2036048177974927,366.6666666666667,1.1416452982218677
265,265,4,recov,0.2998887244330232,1.204343791689828,366.6666666666667,1.1416452982218677
266,266,5,recov,0.29966957190692695,1.2050748383193026,366.6666666666667,1.1416452982218677
267,267,3,recov,0.3008563363303388,1.201122416110479,366.6666666666667,1.1416452982218677
268,268,4,recov,0.30064116168889327,1.2018378792714495,366.6666666666667,1.1416452982218677
269,269,5,recov,0.30042844176683525,1.202545683924075,366.6666666666667,1.1416452982218677
270,270,3,recov,0.30157698424805757,1.1987299579351336,366.6666666666667,1.1416452982218677
271,271,4,recov,0.3013681396034669,1.1994227063949225,366.6666666666667,1.1416452982218677
272,272,5,recov,0.3011616681391851,1.2001080549692513,366.6666666666667,1.1416452982218677
273,273,3,recov,0.3022733117194042,1.196423665184619,366.6666666666667,1.1416452982218677
274,274,4,recov,0.30207061482092706,1.1970944650294628,366.6666666666667,1.1416452982218677
275,275,5,recov,0.30187021249657714,1.197758113925648,366.6666666666667,1.1416452982218677
276,276,3,recov,0.3029462286493706,1.1941999524246227,366.6666666666667,1.1416452982218677
277,277,4,recov,0.3027495021096687,1.1948495411095983,366.6666666666667,1.1416452982218677
278,278,5,recov,0.3025549943536213,1.1954922185186667,366.6666666666667,1.1416452982218677
279,279,3,recov,0.30359660535640914,1.1920554148261737,366.6666666666667,1.1416452982218677
280,280,4,recov,0.3034056765605365,1.1926845024189463,366.6666666666667,1.1416452982218677
281,281,5,recov,0.3032168934615753,1.1933069095445128,366.6666666666667,1.1416452982218677
282,282,3,recov,0.3042252746356197,1.1899868170211823,366.6666666666667,1.1416452982218677
283,283,4,recov,0.3040399756473848,1.1905960873810484,366.6666666666667,1.1416452982218677
284,284,5,recov,0.3038567518660306,1.1911988995976959,366.6666666666667,1.1416452982218677
285,285,3,recov,0.3048330336936575,1.187991082782114,366.6666666666667,1.1416452982218677
286,286,4,recov,0.30465320115998595,1.1885811946783518,366.6666666666667,1.1416452982218677
287,287,5,recov,0.3044753758375861,1.189165062630593,366.6666666666667,1.1416452982218677
288,288,3,recov,0.30542064596463403,1.1860652854549703,366.6666666666667,1.1416452982218677
289,289,4,recov,0.3052461210184819,1.1866368736282256,366.6666666666667,1.1416452982218677
290,290,5,recov,0.30507353768462453,1.1872024242736827,366.6666666666667,1.1416452982218677
291,291,3,recov,0.30598884281552824,1.1842066390816515,366.6666666666667,1.1416452982218677
292,292,4,recov,0.3058194709778266,1.1847603152518178,366.6666666666667,1.1416452982218677
293,293,5,recov,0.305651977456572,1.185308152851995,366.6666666666667,1.1416452982218677
294,294,3,recov,0.30653832514892937,1.1824124901539412,366.6666666666667,1.1416452982218677
295,295,4,recov,0.30637395622998026,1.1829488439777534,366.6666666666667,1.1416452982218677
296,296,5,recov,0.3062114045453404,1.1834795510395393,366.6666666666667,1.1416452982218677
297,297,3,recov,0.3070697649103092,1.1806803099468377,366.6666666666667,1.1416452982218677
298,298,4,recov,0.3069102529110012,1.1811999099281623,366.6666666666667,1.1416452982218677
299,299,5,recov,0.30675249919204217,1.1817140480989847,366.6666666666667,1.1416452982218677
300,300,3,recov,0.3075838065064465,1.1790076873838693,366.6666666666667,1.1416452982218677
301,301,4,recov,0.3074290095196068,1.1795110817394823,366.6666666666667,1.1416452982218677
302,302,5,recov,0.30727591390550457,1.1800091926588308,366.6666666666667,1.1416452982218677
303,303,3,recov,0.3080810681411062,1.1773923223914322,366.6666666666667,1.1416452982218677
304,304,4,recov,0.3079308482532676,1.1778800398748717,366.6666666666667,1.1416452982218677
305,305,5,recov,0.30778227479860143,1.1783626459847218,366.6666666666667,1.1416452982218677
306,306,3,recov,0.30856214307359964,1.175832019703122,366.6666666666667,1.1416452982218677
307,307,4,recov,0.30841636626742136,1.1763045703890338,366.6666666666667,1.1416452982218677
308,308,5,recov,0.30827218284795344,1.1767721757055327,366.6666666666667,1.1416452982218677
309,309,3,recov,0.3090276008054185,1.1743246830785707,366.6666666666667,1.1416452982218677
310,310,4,recov,0.3088861368629666,1.174782559109802,366.6666666666667,1.1416452982218677
311,311,5,recov,0.30874621508212274,1.1752356499584176,366.6666666666667,1.1416452982218677
312,312,3,recov,0.3094779881997375,1.1728683099044812,366.6666666666667,1.1416452982218677
313,313,4,recov,0.3093407106068023,1.1733119862040238,366.6666666666667,1.1416452982218677
314,314,5,recov,0.3092049257030377,1.1737510319202165,366.6666666666667,1.1416452982218677
315,315,3,recov,0.3099138305382166,1.1714609861484089,366.6666666666667,1.1416452982218677
316,316,4,recov,0.3097806163898182,1.1718909210981594,366.6666666666667,1.1416452982218677
317,317,5,recov,0.3096488471450275,1.1723163746954952,366.6666666666667,1.1416452982218677
318,318,3,recov,0.31033563251920393,1.1701008816384206,366.6666666666667,1.1416452982218677
319,319,4,recov,0.31020636242641275,1.1705175177265952,366.6666666666667,1.1416452982218677
320,320,5,recov,0.3100784910755189,1.1709298165340976,366.6666666666667,1.1416452982218677
321,321,3,recov,0.3107438792011317,1.1687862456440898,366.6666666666667,1.1416452982218677
322,322,4,recov,0.31061843719931276,1.1691900100830082,366.6666666666667,1.1416452982218677
323,323,5,recov,0.3104943493411493,1.1695895763534292,366.6666666666667,1.1416452982218677
324,324,3,recov,0.31113903689462247,1.1675154027363779,366.6666666666667,1.1416452982218677
325,325,4,recov,0.31101731035319186,1.1679067080522276,366.6666666666667,1.1416452982218677
326,326,5,recov,0.3108968948627745,1.1682939495428133,366.6666666666667,1.1416452982218677
327,327,3,recov,0.31152155400656145,1.1662867489058675,366.6666666666667,1.1416452982218677
328,328,4,recov,0.3114034335403291,1.1666659935019568,366.6666666666667,1.1416452982218677
329,329,5,recov,0.31128658248259655,1.1670413040291772,366.6666666666667,1.1416452982218677
330,330,3,recov,0.31189186183916007,1.1650987479205215,366.6666666666667,1.1416452982218677
331,331,4,recov,0.31177724122131845,1.165466316615426,366.6666666666667,1.1416452982218677
332,332,5,recov,0.31166384976640715,1.165830076585055,366.6666666666667,1.1416452982218677
333,333,3,recov,0.3122503753468153,1.1639499279057062,366.6666666666667,1.1416452982218677
334,334,4,recov,0.31213915142362014,1.16430619244764,366.6666666666667,1.1416452982218677
335,335,5,recov,0.31202911776372666,1.1646587693614798,366.6666666666667,1.1416452982218677
336,336,3,recov,0.3125974938533719,1.1628388781306347,366.6666666666667,1.1416452982218677
337,337,4,recov,0.31248956646055204,1.1631841976892836,366.6666666666667,1.1416452982218677
338,338,5,recov,0.3123827917284233,1.1635259466297467,366.6666666666667,1.1416452982218677
339,339,3,recov,0.31293360173220997,1.161764245986667,366.6666666666667,1.1416452982218677
340,340,4,recov,0.3128288736131325,1.1620989676236506,366.6666666666667,1.1416452982218677
341,341,5,recov,0.3127252618022163,1.1624302317173485,366.6666666666667,1.1416452982218677
342,342,3,recov,0.31325906905141343,1.1607247341440767,366.6666666666667,1.1416452982218677
343,343,4,recov,0.31315744577702154,1.1610491932631384,366.6666666666667,1.1416452982218677
344,344,5,recov,0.3130569036632994,1.161370304124542,366.6666666666667,1.1416452982218677
345,345,3,recov,0.31357425218611545,1.1597190978749583,366.6666666666667,1.1416452982218677
346,346,4,recov,0.3134756420766503,1.160033618652907,366.6666666666667,1.1416452982218677
347,347,5,recov,0.3133780791421682,1.1603448968090937,366.6666666666667,1.1416452982218677
348,348,3,recov,0.3138794943999762,1.1587461425309156,366.6666666666667,1.1416452982218677
349,349,4,recov,0.3137838084484863,1.1590510383302937,366.6666666666667,1.1416452982218677
350,350,5,recov,0.31368913680659105,1.1593527936277277,366.6666666666667,1.1416452982218677
351,351,3,recov,0.31417512639761375,1.1578047211650593,366.6666666666667,1.1416452982218677
352,352,4,recov,0.3140822781952501,1.1581002949294459,366.6666666666667,1.1416452982218677
353,353,5,recov,0.31399041251753396,1.1583928269236867,366.6666666666667,1.1416452982218677
354,354,3,recov,0.31446146684968596,1.1568937322886532,366.6666666666667,1.1416452982218677
355,355,4,recov,0.3143713725127765,1.1571802769214596,366.6666666666667,1.1416452982218677
356,356,5,recov,0.31428222995772775,1.1574638752506379,366.6666666666667,1.1416452982218677
357,357,3,recov,0.31473882289220917,1.1560121177534741,366.6666666666667,1.1416452982218677
358,358,4,recov,0.31465140099110184,1.156289916481043,366.6666666666667,1.1416452982218677
359,359,5,recov,0.3145649011344529,1.1565648612238975,366.6666666666667,1.1416452982218677
360,360,3,recov,0.31500749060159305,1.1551588607516392,366.6666666666667,1.1416452982218677
361,361,4,recov,0.3149226620912515,1.1554281874714087,366.6666666666667,1.1416452982218677
362,362,5,recov,0.31483872685801406,1.1556947494906347,366.6666666666667,1.1416452982218677
363,363,3,recov,0.31526775544677316,1.154332983925268,366.6666666666667,1.1416452982218677
364,364,4,recov,0.3151854435991091,1.1545941035397178,366.6666666666667,1.1416452982218677
365,365,5,recov,0.3151039971972813,1.1548525448113285,366.6666666666667,1.1416452982218677
366,366,3,recov,0.31551989271973524,1.1535335475789055,366.6666666666667,1.1416452982218677
367,367,4,recov,0.3154400230576547,1.1537867163159676,366.6666666666667,1.1416452982218677
368,368,5,recov,0.31536099191358313,1.1540372902453349,366.6666666666667,1.1416452982218677
369,369,3,recov,0.3157641679456388,1.1527596479881637,366.6666666666667,1.1416452982218677
370,370,4,recov,0.3156866681787803,1.1530051137087358,366.6666666666667,1.1416452982218677
371,371,5,recov,0.3156099808741564,1.1532480654339388,366.6666666666667,1.1416452982218677
372,372,3,recov,0.3160008372736717,1.1520104157985083,366.6666666666667,1.1416452982218677
373,373,4,recov,0.3159256372358121,1.1522484182916717,366.6666666666667,1.1416452982218677
374,374,5,recov,0.31585122444628,1.1524839849747504,366.6666666666667,1.1416452982218677
375,375,3,recov,0.31623014784969505,1.151285014508554,366.6666666666667,1.1416452982218677
376,376,4,recov,0.3161571794377937,1.1515157857750757,366.6666666666667,1.1416452982218677
377,377,5,recov,0.31608497387314727,1.151744196881745,366.6666666666667,1.1416452982218677
378,378,3,recov,0.31645233817167084,1.150582639032642,366.6666666666667,1.1416452982218677
379,379,4,recov,0.31638153528652696,1.150806403557295,366.6666666666667,1.1416452982218677
380,380,5,recov,0.31631147163246826,1.151027881125654,366.6666666666667,1.1416452982218677
381,381,3,recov,0.3166676384288029,1.1499025143378332,366.6666666666667,1.1416452982218677
382,382,4,recov,0.31659893691729496,1.1501194893510491,366.6666666666667,1.1416452982218677
383,383,5,recov,0.3165309517787288,1.1503342482497878,366.6666666666667,1.1416452982218677
384,384,3,recov,0.3168762708252633,1.1492438941508039,366.6666666666667,1.1416452982218677
385,385,4,recov,0.3168096084241409,1.149454289880143,366.6666666666667,1.1416452982218677
386,386,5,recov,0.31674364026997714,1.149662538056719,366.6666666666667,1.1416452982218677
387,387,3,recov,0.31707844988932404,1.14860605973043,366.6666666666667,1.1416452982218677
388,388,4,recov,0.3170137661705216,1.1488100796423244,366.6666666666667,1.1416452982218677
389,389,5,recov,0.316949755279956,1.149012018361564,366.6666666666667,1.1416452982218677
390,390,3,recov,0.3172743827686624,1.1479883187021505,366.6666666666667,1.1416452982218677
391,391,4,recov,0.3172116190861028,1.1481861597343588,366.6666666666667,1.1416452982218677
392,392,5,recov,0.3171495074963478,1.1483819838079052,366.6666666666667,1.1416452982218677
393,393,3,recov,0.3174642695125617,1.14739000395046,366.6666666666667,1.1416452982218677
394,394,4,recov,0.31740336895041854,1.1475818567356404,366.6666666666667,1.1416452982218677
395,395,5,recov,0.31734310040585356,1.1477717547426578,366.6666666666667,1.1416452982218677
396,396,3,recov,0.31764830334168753,1.1468104725661277,366.6666666666667,1.1416452982218677
397,397,4,recov,0.3175892106640738,1.1469965216469242,366.6666666666667,1.1416452982218677
398,398,5,recov,0.31753073056678544,1.147180676146436,366.6666666666667,1.1416452982218677
399,399,3,recov,0.31782667090607697,1.1462491048449686,366.6666666666667,1.1416452982218677
400,400,4,recov,0.31776933250812806,1.1464295288809803,366.6666666666667,1.1416452982218677
401,401,5,recov,0.3177125878698091,1.1466081166162096,366.6666666666667,1.1416452982218677
402,402,3,recov,0.31799955253194206,1.1457053033352078,366.6666666666667,1.1416452982218677
403,403,4,recov,0.3179439163922612,1.1458802753021877,366.6666666666667,1.1416452982218677
404,404,5,recov,0.3178888557874385,1.1460534673972462,366.6666666666667,1.1416452982218677
405,405,3,recov,0.3181671224578521,1.145178491930671,366.6666666666667,1.1416452982218677
406,406,4,recov,0.3181131380922856,1.1453481793122953,366.6666666666667,1.1416452982218677
407,407,5,recov,0.31805971161284624,1.1455161414615436,366.6666666666667,1.1416452982218677
408,408,3,recov,0.3183295490608281,1.1446681150072087,366.6666666666667,1.1416452982218677
409,409,4,recov,0.31827716747753926,1.1448326799797302,366.6666666666667,1.1416452982218677
410,410,5,recov,0.31822532668852455,1.1449955726301266,366.6666666666667,1.1416452982218677
411,411,3,recov,0.31848699507285055,1.144173636599947,366.6666666666667,1.1416452982218677
412,412,4,recov,0.3184361687286601,1.1443332362100318,366.6666666666667,1.1416452982218677
413,413,5,recov,0.31838586662529667,1.1444912147367645,366.6666666666667,1.1416452982218677
414,414,3,recov,0.31863961778825295,1.1436945396190932,366.6666666666667,1.1416452982218677
415,415,4,recov,0.3185903005462148,1.143849325955132,366.6666666666667,1.1416452982218677
416,416,5,recov,0.31854149151215394,1.144002540830813,366.6666666666667,1.1416452982218677
417,417,3,recov,0.3187875692624486,1.1432303251021783,366.6666666666667,1.1416452982218677
418,418,4,recov,0.3187397163506298,1.1433804454593413,366.6666666666667,1.1416452982218677
419,419,5,recov,0.3186923561173642,1.1435290424170355,366.6666666666667,1.1416452982218677
420,420,3,recov,0.31893099650240914,1.1427805115007605,366.6666666666667,1.1416452982218677
421,421,4,recov,0.31888456447384383,1.1429261085400557,366.6666666666667,1.1416452982218677
422,422,5,recov,0.31883861008127234,1.1430702287303973,366.6666666666667,1.1416452982218677
423,423,3,recov,0.31907004164929464,1.1423446339997152,366.6666666666667,1.1416452982218677
424,424,4,recov,0.3190249883430813,1.142485845901299,366.6666666666667,1.1416452982218677
425,425,5,recov,0.31898039810119383,1.1426256260439356,366.6666666666667,1.1416452982218677
426,426,3,recov,0.3192048421536083,1.1419222438673802,366.6666666666667,1.1416452982218677
427,427,4,recov,0.3191611266571205,1.1420592044783524,366.6666666666667,1.1416452982218677
428,428,5,recov,0.31911786010877286,1.1421947770079546,366.6666666666667,1.1416452982218677
429,429,3,recov,0.3193355309432306,1.141512907834912,366.6666666666667,1.1416452982218677
430,430,4,recov,0.319293113555413,1.1416457468118208,366.6666666666667,1.1416452982218677
431,431,5,recov,0.3192511314401647,1.1417772400188704,366.6666666666667,1.1416452982218677
432,432,0,fam_r,0.004992176620351626,5.29988326786148,366.6666666666667,1.1416452982218677
433,433,1,fam_r,0.004991533455042106,5.300012110807749,366.6666666666667,1.1416452982218677
434,434,2,fam_r,0.004990896884611239,5.300139648974323,366.6666666666667,1.1416452982218677
435,435,0,fam_r,0.014571827629483683,4.228665228791063,366.6666666666667,1.1416452982218677
436,436,1,fam_r,0.014570006722387894,4.22879019738955,366.6666666666667,1.1416452982218677
437,437,2,fam_r,0.01456820447258809,4.228913900920288,366.6666666666667,1.1416452982218677
438,438,0,fam_r,0.02385994984944549,3.7355539641819067,366.6666666666667,1.1416452982218677
439,439,1,fam_r,0.02385705790911591,3.7356751763227747,366.6666666666667,1.1416452982218677
440,440,2,fam_r,0.02385419557866038,3.735795161871245,366.6666666666667,1.1416452982218677
441,441,0,fam_r,0.03286561916442174,3.415328177814615,366.6666666666667,1.1416452982218677
442,442,1,fam_r,0.032861755383865016,3.4154457477187146,366.6666666666667,1.1416452982218677
443,443,2,fam_r,0.032857931135903226,3.41556212830933,366.6666666666667,1.1416452982218677
444,444,0,fam_r,0.04159761683746431,3.1797124009168685,366.6666666666667,1.1416452982218677
445,445,1,fam_r,0.0415928733848511,3.179826439254801,366.6666666666667,1.1416452982218677
446,446,2,fam_r,0.04158817843227991,3.1799393244004825,366.6666666666667,1.1416452982218677
0,0,0,fam,0.043478260869565216,3.1354942159291497,476.6666666666667,1.13269029017434
1,1,1,fam,0.030303030303030304,3.4965075614664802,476.6666666666667,1.13269029017434
2,2,2,fam,0.023310023310023312,3.758871825933971,476.6666666666667,1.13269029017434
3,3,0,fam,0.20494867270070777,1.5849957082630186,476.6666666666667,1.13269029017434
4,4,1,fam,0.17308188146302825,1.753990493202515,476.6666666666667,1.13269029017434
5,5,2,fam,0.14999316045908495,1.897165582864887,476.6666666666667,1.13269029017434
6,6,0,fam,0.24915281799166042,1.389688843896609,476.6666666666667,1.13269029017434
7,7,1,fam,0.22335710349697663,1.4989834273603333,476.6666666666667,1.13269029017434
8,8,2,fam,0.20259177689501132,1.5965622758737357,476.6666666666667,1.13269029017434
9,9,0,fam,0.26979909405242186,1.310077693062815,476.6666666666667,1.13269029017434
10,10,1,fam,0.24902094220137216,1.3902182808276815,476.6666666666667,1.13269029017434
11,11,2,fam,0.23137978626064656,1.4636948221408037,476.6666666666667,1.13269029017434
12,12,0,fam,0.28175305670309747,1.2667242771305158,476.6666666666667,1.13269029017434
13,13,1,fam,0.26458620193344706,1.3295881755489332,476.6666666666667,1.13269029017434
14,14,2,fam,0.24953442546242519,1.388158395503314,476.6666666666667,1.13269029017434
15,15,0,fam,0.2895465306594424,1.2394392672179269,476.6666666666667,1.13269029017434
16,16,1,fam,0.2750295855118552,1.2908766034228014,476.6666666666667,1.13269029017434
17,17,2,fam,0.26202390790010044,1.3393195278571066,476.6666666666667,1.13269029017434
18,18,0,fam,0.2950274803890782,1.2206867731195865,476.6666666666667,1.13269029017434
19,19,1,fam,0.28251908375088286,1.264009177576779,476.6666666666667,1.13269029017434
20,20,2,fam,0.27113847438773525,1.305125613005515,476.6666666666667,1.13269029017434
21,21,0,fam,0.29909059796684584,1.2070087482540615,476.6666666666667,1.13269029017434
22,22,1,fam,0.28815042372179434,1.244272630610193,476.6666666666667,1.13269029017434
23,23,2,fam,0.27808047700875704,1.279844721541373,476.6666666666667,1.13269029017434
24,24,0,fam,0.302221769641294,1.196594194539859,476.6666666666667,1.13269029017434
25,25,1,fam,0.2925370337482599,1.2291640092195733,476.6666666666667,1.13269029017434
26,26,2,fam,0.283541762440474,1.2603958564677362,476.6666666666667,1.13269029017434
27,27,0,fam,0.30470762986314903,1.188402552729159,476.6666666666667,1.13269029017434
28,28,1,fam,0.2960491005484286,1.2172299581835033,476.6666666666667,1.13269029017434
29,29,2,fam,0.28794861609593103,1.2449732310978514,476.6666666666667,1.13269029017434
30,30,0,fam,0.30672820045847904,1.1817932640664623,476.6666666666667,1.13269029017434
31,31,1,fam,0.298923260850541,1.2075683912061603,476.6666666666667,1.13269029017434
32,32,2,fam,0.2915780236866613,1.2324476462738967,476.6666666666667,1.13269029017434
33,33,0,fam,0.308402241541102,1.1763503690278654,476.6666666666667,1.13269029017434
34,34,1,fam,0.30131784431262754,1.199589610196565,476.6666666666667,1.13269029017434
35,35,2,fam,0.29461777163717684,1.2220764521390632,476.6666666666667,1.13269029017434
36,36,0,fam,0.30981126782438045,1.1717919803748602,476.6666666666667,1.13269029017434
37,37,1,fam,0.30334279021352584,1.1928917920972217,476.6666666666667,1.13269029017434
38,38,2,fam,0.29719967867926755,1.2133510472990516,476.6666666666667,1.13269029017434
39,39,0,fam,0.3110130882775704,1.167920283194635,476.6666666666667,1.13269029017434
40,40,1,fam,0.3050768223588395,1.1871916575039483,476.6666666666667,1.13269029017434
41,41,2,fam,0.299419000970934,1.2059113455135582,476.6666666666667,1.13269029017434
42,42,0,fam,0.3120498396879629,1.164592361340519,476.6666666666667,1.13269029017434
43,43,1,fam,0.30657779387557116,1.1822837421877024,476.6666666666667,1.13269029017434
44,44,2,fam,0.30134628700273697,1.1994952203410798,476.6666666666667,1.13269029017434
45,45,0,fam,0.31295296063147626,1.1617023852584245,476.6666666666667,1.13269029017434
46,46,1,fam,0.3078891738127578,1.178015386044467,476.6666666666667,1.13269029017434
47,47,2,fam,0.3030349008507482,1.1939072957800714,476.6666666666667,1.13269029017434
48,48,0,fam,0.313746384167465,1.1591703131684004,476.6666666666667,1.13269029017434
49,49,1,fam,0.30904425607928726,1.1742707887823423,476.6666666666667,1.13269029017434
50,50,2,fam,0.30452595430932344,1.1889989596375456,476.6666666666667,1.13269029017434
51,51,0,fam,0.3144486515670543,1.1569344862287096,476.6666666666667,1.13269029017434
52,52,1,fam,0.3100689721907534,1.170960515312469,476.6666666666667,1.13269029017434
53,53,2,fam,0.3058516325400274,1.1846551555931533,476.6666666666667,1.13269029017434
54,54,0,fam,0.31507434979923077,1.1549466368987946,476.6666666666667,1.13269029017434
55,55,1,fam,0.3109838198529401,1.1680143943526464,476.6666666666667,1.13269029017434
56,56,2,fam,0.30703749227342453,1.180785414182415,476.6666666666667,1.13269029017434
57,57,0,fam,0.3156351124046909,1.1531684401637694,476.6666666666667,1.13269029017434
58,58,1,fam,0.3118052154908341,1.165376595459119,476.6666666666667,1.13269029017434
59,59,2,fam,0.30810408475911083,1.1773176155670078,476.6666666666667,1.13269029017434
60,60,0,fam,0.3161403310186165,1.1515690784700572,476.6666666666667,1.13269029017434
61,61,1,fam,0.31254646194439395,1.1630021426351316,476.6666666666667,1.13269029017434
62,62,2,fam,0.3090681241257137,1.1741935599572848,476.6666666666667,1.13269029017434
63,63,0,fam,0.316597670648941,1.1501234889566656,476.6666666666667,1.13269029017434
64,64,1,fam,0.31321845329283443,1.1608543980416222,476.6666666666667,1.13269029017434
65,65,2,fam,0.3099433430781239,1.171365762470485,476.6666666666667,1.13269029017434
66,66,3,recov,0.001969035411541356,6.230211494955961,476.6666666666667,1.13269029017434
67,67,4,recov,0.001949263578330261,6.2403036298733365,476.6666666666667,1.13269029017434
68,68,5,recov,0.0019300767501949565,6.250195509915635,476.6666666666667,1.13269029017434
69,69,3,recov,0.020645574356913894,3.8802542994007045,476.6666666666667,1.13269029017434
70,70,4,recov,0.02045019045094093,3.8897630835322454,476.6666666666667,1.13269029017434
71,71,5,recov,0.02026036940062285,3.8990885473257038,476.6666666666667,1.13269029017434
72,72,3,recov,0.037751997601507256,3.2767168880909185,476.6666666666667,1.13269029017434
73,73,4,recov,0.03741472017870566,3.2856910643310315,476.6666666666667,1.13269029017434
74,74,5,recov,0.03708669988104491,3.294496867415376,476.6666666666667,1.13269029017434
75,75,3,recov,0.053471457547779495,2.9286072712237767,476.6666666666667,1.13269029017434
76,76,4,recov,0.05301979563222151,2.937089932669963,476.6666666666667,1.13269029017434
77,77,5,recov,0.052580104116073056,2.9454174795364314,476.6666666666667,1.13269029017434
78,78,3,recov,0.06795973241513854,2.6888399195737596,476.6666666666667,1.13269029017434
79,79,4,recov,0.06741623944427828,2.6968693487758046,476.6666666666667,1.13269029017434
80,80,5,recov,0.06688667711101812,2.7047554780028156,476.6666666666667,1.13269029017434
81,81,3,recov,0.08135015763173921,2.5089925076208828,476.6666666666667,1.13269029017434
82,82,4,recov,0.08073340365201975,2.5166028655322155,476.6666666666667,1.13269029017434
83,83,5,recov,0.08013196058220584,2.5240804959736263,476.6666666666667,1.13269029017434
84,84,3,recov,0.09375752821202488,2.3670433164272984,476.6666666666667,1.13269029017434
85,85,4,recov,0.09308286023462002,2.3742652122425545,476.6666666666667,1.13269029017434
86,86,5,recov,0.09242443578318295,2.381363878769008,476.6666666666667,1.13269029017434
87,87,3,recov,0.10528121420711302,2.251120278349362,476.6666666666667,1.13269029017434
88,88,4,recov,0.1045613556867163,2.257981244115982,476.6666666666667,1.13269029017434
89,89,5,recov,0.10385832742616498,2.2647275448149804,476.6666666666667,1.13269029017434
90,90,3,recov,0.11600766834169063,2.154098983666819,476.6666666666667,1.13269029017434
91,91,4,recov,0.11525319534538046,2.1606238721501927,476.6666666666667,1.13269029017434
92,92,5,recov,0.11451587217446252,2.167041843983904,476.6666666666667,1.13269029017434
93,93,3,recov,0.12601245982603634,2.0713744894114816,476.6666666666667,1.13269029017434
94,94,4,recov,0.1252321818719688,2.077585809640391,476.6666666666667,1.13269029017434
95,95,5,recov,0.12446916731075533,2.0836972458706726,476.6666666666667,1.13269029017434
96,96,3,recov,0.13536193560592802,1.9998030835372789,476.6666666666667,1.13269029017434
97,97,4,recov,0.13456320221206225,2.005721285388591,476.6666666666667,1.13269029017434
98,98,5,recov,0.1337816875135747,2.0115460052768386,476.6666666666667,1.13269029017434
99,99,3,recov,0.14411458631314866,1.937146557552238,476.6666666666667,1.13269029017434
100,100,4,recov,0.14330353521999642,1.9427902743895316,476.6666666666667,1.13269029017434
101,101,5,recov,0.1425095372373583,1.9483463535315475,476.6666666666667,1.13269029017434
102,102,3,recov,0.15232217639434995,1.8817574197379159,476.6666666666667,1.13269029017434
103,103,4,recov,0.15150393567586706,1.8871436763116087,476.6666666666667,1.13269029017434
104,104,5,recov,0.15070249094723426,1.892447644307565,476.6666666666667,1.13269029017434
105,105,3,recov,0.16003068458788222,1.8323897034612253,476.6666666666667,1.13269029017434
106,106,4,recov,0.1592095380689569,1.8375340948730883,476.6666666666667,1.13269029017434
107,107,5,recov,0.15840486198249626,1.842601105738932,476.6666666666667,1.13269029017434
108,108,3,recov,0.16728109086882,1.7880797026681725,476.6666666666667,1.13269029017434
109,109,4,recov,0.16646061416551117,1.792996549102863,476.6666666666667,1.13269029017434
110,110,5,recov,0.16565623210588964,1.797840528813594,476.6666666666667,1.13269029017434
111,111,3,recov,0.17411003832864266,1.7480677754632679,476.6666666666667,1.13269029017434
112,112,4,recov,0.17329321123357722,1.7527702565213736,476.6666666666667,1.13269029017434
113,113,5,recov,0.17249206712088788,1.7574040312731873,476.6666666666667,1.13269029017434
114,114,3,recov,0.18055039257971917,1.7117453569064556,476.6666666666667,1.13269029017434
115,115,4,recov,0.17973969229761466,1.7162456286838599,476.6666666666667,1.13269029017434
116,116,5,recov,0.17894423878812185,1.7206810368224628,476.6666666666667,1.13269029017434
117,117,3,recov,0.18663171672877998,1.6786180332612226,476.6666666666667,1.13269029017434
118,118,4,recov,0.18582919553037433,1.6829273307681323,476.6666666666667,1.13269029017434
119,119,5,recov,0.18504146926802287,1.68717532081798,476.6666666666667,1.13269029017434
120,120,3,recov,0.19238067642150602,1.6482791801940597,476.6666666666667,1.13269029017434
121,121,4,recov,0.1915880265586051,1.6524079072633926,476.6666666666667,1.13269029017434
122,122,5,recov,0.19080971118265252,1.6564786240794551,476.6666666666667,1.13269029017434
123,123,3,recov,0.19782138668179264,1.6203907428790538,476.6666666666667,1.13269029017434
124,124,4,recov,0.19703999484049806,1.6243485513549034,476.6666666666667,1.13269029017434
125,125,5,recov,0.19627247392053546,1.6282514120836291,476.6666666666667,1.13269029017434
126,126,3,recov,0.2029757100755783,1.5946689618996632,476.6666666666667,1.13269029017434
127,127,4,recov,0.20220670320110457,1.5984648216044852,476.6666666666667,1.13269029017434
128,128,5,recov,0.2014511048509444,1.6022085828676667,476.6666666666667,1.13269029017434
129,129,3,recov,0.20786351398668607,1.570873597419266,476.6666666666667,1.13269029017434
130,130,4,recov,0.20710779796319836,1.5745158581595788,476.6666666666667,1.13269029017434
131,131,5,recov,0.20636503255329539,1.5781086756511846,476.6666666666667,1.13269029017434
132,132,3,recov,0.2125028934000845,1.5487996747099648,476.6666666666667,1.13269029017434
133,133,4,recov,0.21176118579140313,1.552296121384017,476.6666666666667,1.13269029017434
134,134,5,recov,0.21103197791578837,1.555745602885971,476.6666666666667,1.13269029017434
135,135,3,recov,0.2169103644697558,1.528271077736985,476.6666666666667,1.13269029017434
136,136,4,recov,0.21618322230545553,1.5316289794457387,476.6666666666667,1.13269029017434
137,137,5,recov,0.21546813794854539,1.5349422321163708,476.6666666666667,1.13269029017434
138,138,3,recov,0.22110103324538885,1.5091355179257262,476.6666666666667,1.13269029017434
139,139,4,recov,0.2203888766595005,1.5123616718540138,476.6666666666667,1.13269029017434
140,140,5,recov,0.2196883463390948,1.5155453445164324,476.6666666666667,1.13269029017434
141,141,3,recov,0.22508874319932515,1.4912605403193362,476.6666666666667,1.13269029017434
142,142,4,recov,0.22439187558610238,1.4943613110420342,476.6666666666667,1.13269029017434
143,143,5,recov,0.2237062141125735,1.4974216320941673,476.6666666666667,1.13269029017434
144,144,3,recov,0.22888620459766845,1.4745303220894117,476.6666666666667,1.13269029017434
145,145,4,recov,0.22820482983346072,1.4775116768637588,476.6666666666667,1.13269029017434
146,146,5,recov,0.22753425321473514,1.480454488343437,476.6666666666667,1.13269029017434
147,147,3,recov,0.23250510827003495,1.4588430831421724,476.6666666666667,1.13269029017434
148,148,4,recov,0.23183934545657786,1.4617106236686765,476.6666666666667,1.13269029017434
149,149,5,recov,0.23118398538871962,1.464541411932837,476.6666666666667,1.13269029017434
150,150,3,recov,0.23595622592977739,1.4441089745090916,476.6666666666667,1.13269029017434
151,151,4,recov,0.23530612203778553,1.4468679655771446,476.6666666666667,1.13269029017434
152,152,5,recov,0.2346660383476667,1.4495918889915274,476.6666666666667,1.13269029017434
153,153,3,recov,0.23924949886388933,1.4302483432640598,476.6666666666667,1.13269029017434
154,154,4,recov,0.23861503959327934,1.4329037386422674,476.6666666666667,1.13269029017434
155,155,5,recov,0.23799023093971547,1.4355256526248756,476.6666666666667,1.13269029017434
156,156,3,recov,0.24239411653592016,1.4171902967980414,476.6666666666667,1.13269029017434
157,157,4,recov,0.24177523565759074,1.4197467626816604,476.6666666666667,1.13269029017434
158,158,5,recov,0.24116564874786528,1.422271242398126,476.6666666666667,1.13269029017434
159,159,3,recov,0.24539858641553985,1.4048715070497901,476.6666666666667,1.13269029017434
160,160,4,recov,0.24479517381725538,1.4073334433370985,476.6666666666667,1.13269029017434
161,161,5,recov,0.24420071135512333,1.4097648043076325,476.6666666666667,1.13269029017434
162,162,3,recov,0.24827079615645964,1.3932352085424518,476.6666666666667,1.13269029017434
163,163,4,recov,0.24768270478031762,1.395606768177234,476.6666666666667,1.13269029017434
164,164,5,recov,0.24710323232775172,1.397949085021928,476.6666666666667,1.13269029017434
165,165,3,recov,0.2510180690834627,1.3822303540610628,476.6666666666667,1.13269029017434
166,166,4,recov,0.25044512091331894,1.3845154606486934,476.6666666666667,1.13269029017434
167,167,5,recov,0.2498804728201441,1.386772584169731,476.6666666666667,1.13269029017434
168,168,3,recov,0.2536472138138693,1.3718108994024485,476.6666666666667,1.13269029017434
169,169,4,recov,0.25308920504685545,1.374013263281547,476.6666666666667,1.13269029017434
170,170,5,recov,0.2525391895789781,1.3761888360565884,476.6666666666667,1.13269029017434
171,171,3,recov,0.2561645687244374,1.361935194460094,476.6666666666667,1.13269029017434
172,172,4,recov,0.25562127424046405,1.3640583273897178,476.6666666666667,1.13269029017434
173,173,5,recov,0.25508567801779836,1.3661557980297985,476.6666666666667,1.13269029017434
174,174,3,recov,0.2585760418778866,1.3525654624200485,476.6666666666667,1.13269029017434
175,175,4,recov,0.25804721910406614,1.3546126910233949,476.6666666666667,1.13269029017434
176,176,5,recov,0.2575258109428256,1.3566353272305383,476.6666666666667,1.13269029017434
177,177,3,recov,0.260887146941004,1.343667352364962,476.6666666666667,1.13269029017434
178,178,4,recov,0.2603725391936863,1.345641830454068,476.6666666666667,1.13269029017434
179,179,5,recov,0.2598650734338809,1.3475927309981257,476.6666666666667,1.13269029017434
180,180,3,recov,0.26310303555624015,1.3352095533504522,476.6666666666667,1.13269029017434
181,181,4,recov,0.26260237493135735,1.3371142732420853,476.6666666666667,1.13269029017434
182,182,5,recov,0.2621085943186863,1.3389963789626407,476.6666666666667,1.13269029017434
183,183,3,recov,0.26522852656886153,1.3271634602076712,476.6666666666667,1.13269029017434
184,184,4,recov,0.26474153644115017,1.3290012631281367,476.6666666666667,1.13269029017434
185,185,5,recov,0.26426117462262705,1.330817367055415,476.6666666666667,1.13269029017434
186,186,3,recov,0.2672681324604718,1.3195028830699806,476.6666666666667,1.13269029017434
187,187,4,recov,0.266794529643567,1.3212764687357013,476.6666666666667,1.13269029017434
188,188,5,recov,0.26632731332786524,1.3230292254140286,476.6666666666667,1.13269029017434
189,189,3,recov,0.26922608329568704,1.3122037940193696,476.6666666666667,1.13269029017434
190,190,4,recov,0.268765579907808,1.313915729470578,476.6666666666667,1.13269029017434
191,191,5,recov,0.2683112307342283,1.3156076635588256,476.6666666666667,1.13269029017434
192,192,3,recov,0.2711063484508487,1.3052441053749062,476.6666666666667,1.13269029017434
193,193,4,recov,0.2706586535246109,1.3068968331314512,476.6666666666667,1.13269029017434
194,194,5,recov,0.27021688967853247,1.3085303473469196,476.6666666666667,1.13269029017434
195,195,3,recov,0.272912656360943,1.2986034750587265,476.6666666666667,1.13269029017434
196,196,4,recov,0.27247747723055654,1.3001993206596634,476.6666666666667,1.13269029017434
197,197,5,recov,0.2720480148380892,1.301776703124835,476.6666666666667,1.13269029017434
198,198,3,recov,0.2746485124925873,1.2922631352191434,476.6666666666667,1.13269029017434
199,199,4,recov,0.2742255559872018,1.2938043142013291,476.6666666666667,1.13269029017434
200,200,5,recov,0.2738081103173503,1.295327745246731,476.6666666666667,1.13269029017434
201,201,3,recov,0.27631721572640167,1.2862057408997283,476.6666666666667,1.13269029017434
202,202,4,recov,0.27590618919450044,1.2876943652649453,476.6666666666667,1.13269029017434
203,203,5,recov,0.2755004756933852,1.2891659237359028,476.6666666666667,1.13269029017434
204,204,3,recov,0.27792187331075097,1.280415236044475,476.6666666666667,1.13269029017434
205,205,4,recov,0.27752248549719577,1.2818533202595817,476.6666666666667,1.13269029017434
206,206,5,recov,0.27712822067563464,1.2832749893698119,476.6666666666667,1.13269029017434
207,207,3,recov,0.27946541453026197,1.2748767345434278,476.6666666666667,1.13269029017434
208,208,4,recov,0.2790773763247472,1.2762662011135724,476.6666666666667,1.13269029017434
209,209,5,recov,0.2786942785177217,1.2776398738842876,476.6666666666667,1.13269029017434
210,210,3,recov,0.2809506032163041,1.269576414366957,476.6666666666667,1.13269029017434
211,211,4,recov,0.28057362828953886,1.270919099017942,476.6666666666667,1.13269029017434
212,212,5,recov,0.28020141830366957,1.2722465833373318,476.6666666666667,1.13269029017434
213,213,3,recov,0.2823800492124404,1.264501423123415,476.6666666666667,1.13269029017434
214,214,4,recov,0.2820138545542667,1.2657990796257848,476.6666666666667,1.13269029017434
215,215,5,recov,0.2816522562173543,1.2670821029603654,476.6666666666667,1.13269029017434
216,216,3,recov,0.2837562188954259,1.2596397936146209,476.6666666666667,1.13269029017434
217,217,4,recov,0.2834005252672647,1.2608940982789163,476.6666666666667,1.13269029017434
218,218,5,recov,0.2830492658921637,1.2621343120652277,476.6666666666667,1.13269029017434
219,219,3,recov,0.28508144484142145,1.2549803681649394,476.6666666666667,1.13269029017434
220,220,4,recov,0.2847359771538611,1.2561929240347787,476.6666666666667,1.13269029017434
221,221,5,recov,0.2843947879274062,1.2573919077772215,476.6666666666667,1.13269029017434
222,222,3,recov,0.2863579347174904,1.2505127306693968,476.6666666666667,1.13269029017434
223,223,4,recov,0.2860224223424704,1.2516850714365406,476.6666666666667,1.13269029017434
224,224,5,recov,0.28569103864882966,1.2528443365347532,476.6666666666667,1.13269029017434
225,225,3,recov,0.2875877794699896,1.2462271454497502,476.6666666666667,1.13269029017434
226,226,4,recov,0.28726195649584835,1.2473607391130923,476.6666666666667,1.13269029017434
227,227,5,recov,0.286940118182516,1.2484817324401023,476.6666666666667,1.13269029017434
228,228,3,recov,0.2887729608740015,1.2421145021291764,476.6666666666667,1.13269029017434
229,229,4,recov,0.28845656631062777,1.243210754417596,476.6666666666667,1.13269029017434
230,230,5,recov,0.2881440179042497,1.2442948616680765,476.6666666666667,1.13269029017434
231,231,3,recov,0.28991535850134914,1.238166265839876,476.6666666666667,1.13269029017434
232,232,4,recov,0.28960813644178307,1.2392265234170996,476.6666666666667,1.13269029017434
233,233,5,recov,0.2893046273201289,1.2402750722433156,476.6666666666667,1.13269029017434
234,234,3,recov,0.29101675615889194,1.23437443216635,476.6666666666667,1.13269029017434
235,235,4,recov,0.29071845590294154,1.2353999856343552,476.6666666666667,1.13269029017434
236,236,5,recov,0.29042374042856506,1.2364142485858398,476.6666666666667,1.13269029017434
237,237,3,recov,0.29207884784361254,1.23073148630286,476.6666666666667,1.13269029017434
238,238,4,recov,0.29178922398837004,1.2317235730189176,476.6666666666667,1.13269029017434
239,239,5,recov,0.29150306160882755,1.2327047703005103,476.6666666666667,1.13269029017434
240,240,3,recov,0.2931032432563924,1.2272303659686385,476.6666666666667,1.13269029017434
241,241,4,recov,0.29282205575794273,1.2281901726897655,476.6666666666667,1.13269029017434
242,242,5,recov,0.2925442110768506,1.2291394747513964,476.6666666666667,1.13269029017434
243,243,3,recov,0.294091472912277,1.2238644276804056,476.6666666666667,1.13269029017434
244,244,4,recov,0.2938184871223691,1.22479309304784,476.6666666666667,1.13269029017434
245,245,5,recov,0.2935487299450673,1.2257116230182892,476.6666666666667,1.13269029017434
246,246,3,recov,0.29504499288137237,1.2206274160301016,476.6666666666667,1.13269029017434
247,247,4,recov,0.29477997956236957,1.221526032905336,476.6666666666667,1.13269029017434
248,248,5,recov,0.2945180849195074,1.2224148688811827,476.6666666666667,1.13269029017434
249,249,3,recov,0.29596518919125264,1.2175134356575852,476.6666666666667,1.13269029017434
250,250,4,recov,0.29570792451228106,1.218383053320534,476.6666666666667,1.13269029017434
251,251,5,recov,0.29545367266424427,1.2192432305205685,476.6666666666667,1.13269029017434
252,252,3,recov,0.2968533819188445,1.2145169256443304,476.6666666666667,1.13269029017434
253,253,4,recov,0.29660364743570505,1.215358551863342,476.6666666666667,1.13269029017434
254,254,5,recov,0.29635682386045814,1.216191064657873,476.6666666666667,1.13269029017434
255,255,3,recov,0.2977108289971392,1.2116326360857383,476.6666666666667,1.13269029017434
256,256,4,recov,0.29746841161824505,1.2124472390683583,476.6666666666667,1.13269029017434
257,257,5,recov,0.29722880698485565,1.213253042892083,476.6666666666667,1.13269029017434
258,258,3,recov,0.29853872975974877,1.2088556066271592,476.6666666666667,1.13269029017434
259,259,4,recov,0.29830342170007823,1.209644116859846,476.6666666666667,1.13269029017434
260,260,5,recov,0.29807083182992183,1.210424130016257,476.6666666666667,1.13269029017434
261,261,3,recov,0.29933822824422035,1.2061811467727745,476.6666666666667,1.13269029017434
262,262,4,recov,0.2991098269690374,1.206944458757108,476.6666666666667,1.13269029017434
263,263,5,recov,0.29888405278644525,1.2076995641217725,476.6666666666667,1.13269029017434
264,264,3,recov,0.3001104162731375,1.2036048177974927,476.6666666666667,1.13269029017434
265,265,4,recov,0.2998887244330232,1.204343791689828,476.6666666666667,1.13269029017434
266,266,5,recov,0.29966957190692695,1.2050748383193026,476.6666666666667,1.13269029017434
267,267,3,recov,0.3008563363303388,1.201122416110479,476.6666666666667,1.13269029017434
268,268,4,recov,0.30064116168889327,1.2018378792714495,476.6666666666667,1.13269029017434
269,269,5,recov,0.30042844176683525,1.202545683924075,476.6666666666667,1.13269029017434
270,270,3,recov,0.30157698424805757,1.1987299579351336,476.6666666666667,1.13269029017434
271,271,4,recov,0.3013681396034669,1.1994227063949225,476.6666666666667,1.13269029017434
272,272,5,recov,0.3011616681391851,1.2001080549692513,476.6666666666667,1.13269029017434
273,273,3,recov,0.3022733117194042,1.196423665184619,476.6666666666667,1.13269029017434
274,274,4,recov,0.30207061482092706,1.1970944650294628,476.6666666666667,1.13269029017434
275,275,5,recov,0.30187021249657714,1.197758113925648,476.6666666666667,1.13269029017434
276,276,3,recov,0.3029462286493706,1.1941999524246227,476.6666666666667,1.13269029017434
277,277,4,recov,0.3027495021096687,1.1948495411095983,476.6666666666667,1.13269029017434
278,278,5,recov,0.3025549943536213,1.1954922185186667,476.6666666666667,1.13269029017434
279,279,3,recov,0.30359660535640914,1.1920554148261737,476.6666666666667,1.13269029017434
280,280,4,recov,0.3034056765605365,1.1926845024189463,476.6666666666667,1.13269029017434
281,281,5,recov,0.3032168934615753,1.1933069095445128,476.6666666666667,1.13269029017434
282,282,3,recov,0.3042252746356197,1.1899868170211823,476.6666666666667,1.13269029017434
283,283,4,recov,0.3040399756473848,1.1905960873810484,476.6666666666667,1.13269029017434
284,284,5,recov,0.3038567518660306,1.1911988995976959,476.6666666666667,1.13269029017434
285,285,3,recov,0.3048330336936575,1.187991082782114,476.6666666666667,1.13269029017434
286,286,4,recov,0.30465320115998595,1.1885811946783518,476.6666666666667,1.13269029017434
287,287,5,recov,0.3044753758375861,1.189165062630593,476.6666666666667,1.13269029017434
288,288,3,recov,0.30542064596463403,1.1860652854549703,476.6666666666667,1.13269029017434
289,289,4,recov,0.3052461210184819,1.1866368736282256,476.6666666666667,1.13269029017434
290,290,5,recov,0.30507353768462453,1.1872024242736827,476.6666666666667,1.13269029017434
291,291,3,recov,0.30598884281552824,1.1842066390816515,476.6666666666667,1.13269029017434
292,292,4,recov,0.3058194709778266,1.1847603152518178,476.6666666666667,1.13269029017434
293,293,5,recov,0.305651977456572,1.185308152851995,476.6666666666667,1.13269029017434
294,294,3,recov,0.30653832514892937,1.1824124901539412,476.6666666666667,1.13269029017434
295,295,4,recov,0.30637395622998026,1.1829488439777534,476.6666666666667,1.13269029017434
296,296,5,recov,0.3062114045453404,1.1834795510395393,476.6666666666667,1.13269029017434
297,297,3,recov,0.3070697649103092,1.1806803099468377,476.6666666666667,1.13269029017434
298,298,4,recov,0.3069102529110012,1.1811999099281623,476.6666666666667,1.13269029017434
299,299,5,recov,0.30675249919204217,1.1817140480989847,476.6666666666667,1.13269029017434
300,300,3,recov,0.3075838065064465,1.1790076873838693,476.6666666666667,1.13269029017434
301,301,4,recov,0.3074290095196068,1.1795110817394823,476.6666666666667,1.13269029017434
302,302,5,recov,0.30727591390550457,1.1800091926588308,476.6666666666667,1.13269029017434
303,303,3,recov,0.3080810681411062,1.1773923223914322,476.6666666666667,1.13269029017434
304,304,4,recov,0.3079308482532676,1.1778800398748717,476.6666666666667,1.13269029017434
305,305,5,recov,0.30778227479860143,1.1783626459847218,476.6666666666667,1.13269029017434
306,306,3,recov,0.30856214307359964,1.175832019703122,476.6666666666667,1.13269029017434
307,307,4,recov,0.30841636626742136,1.1763045703890338,476.6666666666667,1.13269029017434
308,308,5,recov,0.30827218284795344,1.1767721757055327,476.6666666666667,1.13269029017434
309,309,3,recov,0.3090276008054185,1.1743246830785707,476.6666666666667,1.13269029017434
310,310,4,recov,0.3088861368629666,1.174782559109802,476.6666666666667,1.13269029017434
311,311,5,recov,0.30874621508212274,1.1752356499584176,476.6666666666667,1.13269029017434
312,312,3,recov,0.3094779881997375,1.1728683099044812,476.6666666666667,1.13269029017434
313,313,4,recov,0.3093407106068023,1.1733119862040238,476.6666666666667,1.13269029017434
314,314,5,recov,0.3092049257030377,1.1737510319202165,476.6666666666667,1.13269029017434
315,315,3,recov,0.3099138305382166,1.1714609861484089,476.6666666666667,1.13269029017434
316,316,4,recov,0.3097806163898182,1.1718909210981594,476.6666666666667,1.13269029017434
317,317,5,recov,0.3096488471450275,1.1723163746954952,476.6666666666667,1.13269029017434
318,318,3,recov,0.31033563251920393,1.1701008816384206,476.6666666666667,1.13269029017434
319,319,4,recov,0.31020636242641275,1.1705175177265952,476.6666666666667,1.13269029017434
320,320,5,recov,0.3100784910755189,1.1709298165340976,476.6666666666667,1.13269029017434
321,321,3,recov,0.3107438792011317,1.1687862456440898,476.6666666666667,1.13269029017434
322,322,4,recov,0.31061843719931276,1.1691900100830082,476.6666666666667,1.13269029017434
323,323,5,recov,0.3104943493411493,1.1695895763534292,476.6666666666667,1.13269029017434
324,324,3,recov,0.31113903689462247,1.1675154027363779,476.6666666666667,1.13269029017434
325,325,4,recov,0.31101731035319186,1.1679067080522276,476.6666666666667,1.13269029017434
326,326,5,recov,0.3108968948627745,1.1682939495428133,476.6666666666667,1.13269029017434
327,327,3,recov,0.31152155400656145,1.1662867489058675,476.6666666666667,1.13269029017434
328,328,4,recov,0.3114034335403291,1.1666659935019568,476.6666666666667,1.13269029017434
329,329,5,recov,0.31128658248259655,1.1670413040291772,476.6666666666667,1.13269029017434
330,330,3,recov,0.31189186183916007,1.1650987479205215,476.6666666666667,1.13269029017434
331,331,4,recov,0.31177724122131845,1.165466316615426,476.6666666666667,1.13269029017434
332,332,5,recov,0.31166384976640715,1.165830076585055,476.6666666666667,1.13269029017434
333,333,3,recov,0.3122503753468153,1.1639499279057062,476.6666666666667,1.13269029017434
334,334,4,recov,0.31213915142362014,1.16430619244764,476.6666666666667,1.13269029017434
335,335,5,recov,0.31202911776372666,1.1646587693614798,476.6666666666667,1.13269029017434
336,336,3,recov,0.3125974938533719,1.1628388781306347,476.6666666666667,1.13269029017434
337,337,4,recov,0.31248956646055204,1.1631841976892836,476.6666666666667,1.13269029017434
338,338,5,recov,0.3123827917284233,1.1635259466297467,476.6666666666667,1.13269029017434
339,339,3,recov,0.31293360173220997,1.161764245986667,476.6666666666667,1.13269029017434
340,340,4,recov,0.3128288736131325,1.1620989676236506,476.6666666666667,1.13269029017434
341,341,5,recov,0.3127252618022163,1.1624302317173485,476.6666666666667,1.13269029017434
342,342,3,recov,0.31325906905141343,1.1607247341440767,476.6666666666667,1.13269029017434
343,343,4,recov,0.31315744577702154,1.1610491932631384,476.6666666666667,1.13269029017434
344,344,5,recov,0.3130569036632994,1.161370304124542,476.6666666666667,1.13269029017434
345,345,3,recov,0.31357425218611545,1.1597190978749583,476.6666666666667,1.13269029017434
346,346,4,recov,0.3134756420766503,1.160033618652907,476.6666666666667,1.13269029017434
347,347,5,recov,0.3133780791421682,1.1603448968090937,476.6666666666667,1.13269029017434
348,348,3,recov,0.3138794943999762,1.1587461425309156,476.6666666666667,1.13269029017434
349,349,4,recov,0.3137838084484863,1.1590510383302937,476.6666666666667,1.13269029017434
350,350,5,recov,0.31368913680659105,1.1593527936277277,476.6666666666667,1.13269029017434
351,351,3,recov,0.31417512639761375,1.1578047211650593,476.6666666666667,1.13269029017434
352,352,4,recov,0.3140822781952501,1.1581002949294459,476.6666666666667,1.13269029017434
353,353,5,recov,0.31399041251753396,1.1583928269236867,476.6666666666667,1.13269029017434
354,354,3,recov,0.31446146684968596,1.1568937322886532,476.6666666666667,1.13269029017434
355,355,4,recov,0.3143713725127765,1.1571802769214596,476.6666666666667,1.13269029017434
356,356,5,recov,0.31428222995772775,1.1574638752506379,476.6666666666667,1.13269029017434
357,357,3,recov,0.31473882289220917,1.1560121177534741,476.6666666666667,1.13269029017434
358,358,4,recov,0.31465140099110184,1.156289916481043,476.6666666666667,1.13269029017434
359,359,5,recov,0.3145649011344529,1.1565648612238975,476.6666666666667,1.13269029017434
360,360,3,recov,0.31500749060159305,1.1551588607516392,476.6666666666667,1.13269029017434
361,361,4,recov,0.3149226620912515,1.1554281874714087,476.6666666666667,1.13269029017434
362,362,5,recov,0.31483872685801406,1.1556947494906347,476.6666666666667,1.13269029017434
363,363,3,recov,0.31526775544677316,1.154332983925268,476.6666666666667,1.13269029017434
364,364,4,recov,0.3151854435991091,1.1545941035397178,476.6666666666667,1.13269029017434
365,365,5,recov,0.3151039971972813,1.1548525448113285,476.6666666666667,1.13269029017434
366,366,3,recov,0.31551989271973524,1.1535335475789055,476.6666666666667,1.13269029017434
367,367,4,recov,0.3154400230576547,1.1537867163159676,476.6666666666667,1.13269029017434
368,368,5,recov,0.31536099191358313,1.1540372902453349,476.6666666666667,1.13269029017434
369,369,3,recov,0.3157641679456388,1.1527596479881637,476.6666666666667,1.13269029017434
370,370,4,recov,0.3156866681787803,1.1530051137087358,476.6666666666667,1.13269029017434
371,371,5,recov,0.3156099808741564,1.1532480654339388,476.6666666666667,1.13269029017434
372,372,3,recov,0.3160008372736717,1.1520104157985083,476.6666666666667,1.13269029017434
373,373,4,recov,0.3159256372358121,1.1522484182916717,476.6666666666667,1.13269029017434
374,374,5,recov,0.31585122444628,1.1524839849747504,476.6666666666667,1.13269029017434
375,375,3,recov,0.31623014784969505,1.151285014508554,476.6666666666667,1.13269029017434
376,376,4,recov,0.3161571794377937,1.1515157857750757,476.6666666666667,1.13269029017434
377,377,5,recov,0.31608497387314727,1.151744196881745,476.6666666666667,1.13269029017434
378,378,3,recov,0.31645233817167084,1.150582639032642,476.6666666666667,1.13269029017434
379,379,4,recov,0.31638153528652696,1.150806403557295,476.6666666666667,1.13269029017434
380,380,5,recov,0.31631147163246826,1.151027881125654,476.6666666666667,1.13269029017434
381,381,3,recov,0.3166676384288029,1.1499025143378332,476.6666666666667,1.13269029017434
382,382,4,recov,0.31659893691729496,1.1501194893510491,476.6666666666667,1.13269029017434
383,383,5,recov,0.3165309517787288,1.1503342482497878,476.6666666666667,1.13269029017434
384,384,3,recov,0.3168762708252633,1.1492438941508039,476.6666666666667,1.13269029017434
385,385,4,recov,0.3168096084241409,1.149454289880143,476.6666666666667,1.13269029017434
386,386,5,recov,0.31674364026997714,1.149662538056719,476.6666666666667,1.13269029017434
387,387,3,recov,0.31707844988932404,1.14860605973043,476.6666666666667,1.13269029017434
388,388,4,recov,0.3170137661705216,1.1488100796423244,476.6666666666667,1.13269029017434
389,389,5,recov,0.316949755279956,1.149012018361564,476.6666666666667,1.13269029017434
390,390,3,recov,0.3172743827686624,1.1479883187021505,476.6666666666667,1.13269029017434
391,391,4,recov,0.3172116190861028,1.1481861597343588,476.6666666666667,1.13269029017434
392,392,5,recov,0.3171495074963478,1.1483819838079052,476.6666666666667,1.13269029017434
393,393,3,recov,0.3174642695125617,1.14739000395046,476.6666666666667,1.13269029017434
394,394,4,recov,0.31740336895041854,1.1475818567356404,476.6666666666667,1.13269029017434
395,395,5,recov,0.31734310040585356,1.1477717547426578,476.6666666666667,1.13269029017434
396,396,3,recov,0.31764830334168753,1.1468104725661277,476.6666666666667,1.13269029017434
397,397,4,recov,0.3175892106640738,1.1469965216469242,476.6666666666667,1.13269029017434
398,398,5,recov,0.31753073056678544,1.147180676146436,476.6666666666667,1.13269029017434
399,399,3,recov,0.31782667090607697,1.1462491048449686,476.6666666666667,1.13269029017434
400,400,4,recov,0.31776933250812806,1.1464295288809803,476.6666666666667,1.13269029017434
401,401,5,recov,0.3177125878698091,1.1466081166162096,476.6666666666667,1.13269029017434
402,402,3,recov,0.31799955253194206,1.1457053033352078,476.6666666666667,1.13269029017434
403,403,4,recov,0.3179439163922612,1.1458802753021877,476.6666666666667,1.13269029017434
404,404,5,recov,0.3178888557874385,1.1460534673972462,476.6666666666667,1.13269029017434
405,405,3,recov,0.3181671224578521,1.145178491930671,476.6666666666667,1.13269029017434
406,406,4,recov,0.3181131380922856,1.1453481793122953,476.6666666666667,1.13269029017434
407,407,5,recov,0.31805971161284624,1.1455161414615436,476.6666666666667,1.13269029017434
408,408,3,recov,0.3183295490608281,1.1446681150072087,476.6666666666667,1.13269029017434
409,409,4,recov,0.31827716747753926,1.1448326799797302,476.6666666666667,1.13269029017434
410,410,5,recov,0.31822532668852455,1.1449955726301266,476.6666666666667,1.13269029017434
411,411,3,recov,0.31848699507285055,1.144173636599947,476.6666666666667,1.13269029017434
412,412,4,recov,0.3184361687286601,1.1443332362100318,476.6666666666667,1.13269029017434
413,413,5,recov,0.31838586662529667,1.1444912147367645,476.6666666666667,1.13269029017434
414,414,3,recov,0.31863961778825295,1.1436945396190932,476.6666666666667,1.13269029017434
415,415,4,recov,0.3185903005462148,1.143849325955132,476.6666666666667,1.13269029017434
416,416,5,recov,0.31854149151215394,1.144002540830813,476.6666666666667,1.13269029017434
417,417,3,recov,0.3187875692624486,1.1432303251021783,476.6666666666667,1.13269029017434
418,418,4,recov,0.3187397163506298,1.1433804454593413,476.6666666666667,1.13269029017434
419,419,5,recov,0.3186923561173642,1.1435290424170355,476.6666666666667,1.13269029017434
420,420,3,recov,0.31893099650240914,1.1427805115007605,476.6666666666667,1.13269029017434
421,421,4,recov,0.31888456447384383,1.1429261085400557,476.6666666666667,1.13269029017434
422,422,5,recov,0.31883861008127234,1.1430702287303973,476.6666666666667,1.13269029017434
423,423,3,recov,0.31907004164929464,1.1423446339997152,476.6666666666667,1.13269029017434
424,424,4,recov,0.3190249883430813,1.142485845901299,476.6666666666667,1.13269029017434
425,425,5,recov,0.31898039810119383,1.1426256260439356,476.6666666666667,1.13269029017434
426,426,3,recov,0.3192048421536083,1.1419222438673802,476.6666666666667,1.13269029017434
427,427,4,recov,0.3191611266571205,1.1420592044783524,476.6666666666667,1.13269029017434
428,428,5,recov,0.31911786010877286,1.1421947770079546,476.6666666666667,1.13269029017434
429,429,3,recov,0.3193355309432306,1.141512907834912,476.6666666666667,1.13269029017434
430,430,4,recov,0.319293113555413,1.1416457468118208,476.6666666666667,1.13269029017434
431,431,5,recov,0.3192511314401647,1.1417772400188704,476.6666666666667,1.13269029017434
432,432,3,recov,0.31946223658466943,1.141116207503316,476.6666666666667,1.13269029017434
433,433,4,recov,0.3194210787803891,1.1412450504495864,476.6666666666667,1.13269029017434
434,434,5,recov,0.31938034299937546,1.141372588616159,476.6666666666667,1.13269029017434
435,435,3,recov,0.3195850834378406,1.140731738776712,476.6666666666667,1.13269029017434
436,436,4,recov,0.319545147833266,1.1408567073751998,476.6666666666667,1.13269029017434
437,437,5,recov,0.319505621415078,1.1409804109059378,476.6666666666667,1.13269029017434
438,438,3,recov,0.31970419180468024,1.1403591113204712,476.6666666666667,1.13269029017434
439,439,4,recov,0.3196654421236603,1.1404803234613397,476.6666666666667,1.13269029017434
440,440,5,recov,0.319627089191205,1.1406003090098096,476.6666666666667,1.13269029017434
441,441,3,recov,0.31981967807187195,1.1399979480429556,476.6666666666667,1.13269029017434
442,442,4,recov,0.31978207911328826,1.1401155179470548,476.6666666666667,1.13269029017434
443,443,5,recov,0.31974486485160375,1.1402318985376703,476.6666666666667,1.13269029017434
444,444,3,recov,0.319931654847958,1.1396478845996534,476.6666666666667,1.13269029017434
445,445,4,recov,0.31989517245402266,1.1397619229375853,476.6666666666667,1.13269029017434
446,446,5,recov,0.31985906307902157,1.1398748080832672,476.6666666666667,1.13269029017434
447,447,3,recov,0.3200402310950871,1.1393085689185876,476.6666666666667,1.13269029017434
448,448,4,recov,0.3200048321205619,1.1394191829256184,476.6666666666667,1.13269029017434
449,449,5,recov,0.31996979484867843,1.1395286787413648,476.6666666666667,1.13269029017434
450,450,3,recov,0.320145512255643,1.138979660745925,476.6666666666667,1.13269029017434
451,451,4,recov,0.320111164537953,1.1390869543329127,476.6666666666667,1.13269029017434
452,452,5,recov,0.32007716755666893,1.139193163645428,476.6666666666667,1.13269029017434
453,453,3,recov,0.32024760037397965,1.1386608312107909,476.6666666666667,1.13269029017434
454,454,4,recov,0.3202142727041971,1.1387649050712767,476.6666666666667,1.13269029017434
455,455,5,recov,0.32018128514342215,1.138867927524821,476.6666666666667,1.13269029017434
456,456,3,recov,0.3203465942134806,1.1383517624083404,476.6666666666667,1.13269029017434
457,457,4,recov,0.3203142563081551,1.138452714121955,476.6666666666667,1.13269029017434
458,458,5,recov,0.3202822482124389,1.1385526462805506,476.6666666666667,1.13269029017434
459,459,3,recov,0.3204425893691496,1.138052147000195,476.6666666666667,1.13269029017434
460,460,4,recov,0.32041121184295995,1.1381500711325176,476.6666666666667,1.13269029017434
461,461,5,recov,0.32038015414451193,1.1382470065786578,476.6666666666667,1.13269029017434
462,462,3,recov,0.3205356783759251,1.1377616878314076,476.6666666666667,1.13269029017434
463,463,4,recov,0.32050523271513115,1.1378566760304136,476.6666666666667,1.13269029017434
464,464,5,recov,0.3204750972076256,1.1379507054604006,476.6666666666667,1.13269029017434
465,465,3,recov,0.320625950812907,1.1374800975631547,476.6666666666667,1.13269029017434
466,466,4,recov,0.32059640934957734,1.1375722386523803,476.6666666666667,1.13269029017434
467,467,5,recov,0.3205671686627228,1.1376634499684237,476.6666666666667,1.13269029017434
468,468,3,recov,0.32071349340366884,1.1372070983204137,476.6666666666667,1.13269029017434
469,469,4,recov,0.32068482929066394,1.13729647838896,476.6666666666667,1.13269029017434
470,470,5,recov,0.3206564568655139,1.1373849567881555,476.6666666666667,1.13269029017434
471,471,3,recov,0.320798390112825,1.1369424213539125,476.6666666666667,1.13269029017434
472,472,4,recov,0.3207705772995133,1.137029123843409,476.6666666666667,1.13269029017434
473,473,5,recov,0.32074304736449927,1.1371149519037105,476.6666666666667,1.13269029017434
474,474,3,recov,0.32088072223901143,1.1366858067156818,476.6666666666667,1.13269029017434
475,475,4,recov,0.3208537354476974,1.1367699125043196,476.6666666666667,1.13269029017434
476,476,5,recov,0.3208270229953616,1.1368531702676226,476.6666666666667,1.13269029017434
477,477,3,recov,0.32096056850442994,1.1364370029475792,476.6666666666667,1.13269029017434
478,478,4,recov,0.32093438320747514,1.136518590431324,476.6666666666667,1.13269029017434
479,479,5,recov,0.32090846397188516,1.13659935548376,476.6666666666667,1.13269029017434
480,480,3,recov,0.321038005141102,1.1361957667821845,476.6666666666667,1.13269029017434
481,481,4,recov,0.3210125975387175,1.1362749119532711,476.6666666666667,1.13269029017434
482,482,5,recov,0.32098744797354223,1.1363532595028203,476.6666666666667,1.13269029017434
483,483,3,recov,0.3211131059739678,1.135961862855497,476.6666666666667,1.13269029017434
484,484,4,recov,0.32108845297266003,1.1360386393783082,476.6666666666667,1.13269029017434
485,485,5,recov,0.32106405022988843,1.136114642329824,476.6666666666667,1.13269029017434
486,486,3,recov,0.321185942500961,1.135735063430904,476.6666666666667,1.13269029017434
487,487,4,recov,0.3211620216926117,1.1358095427153223,476.6666666666667,1.13269029017434
488,488,5,recov,0.3211383436018958,1.135883271743067,476.6666666666667,1.13269029017434
489,489,3,recov,0.3212565839701841,1.135515148133902,476.6666666666667,1.13269029017434
490,490,4,recov,0.32123337361174586,1.1355873994062353,476.6666666666667,1.13269029017434
491,491,5,recov,0.32121039866035067,1.1356589230240104,476.6666666666667,1.13269029017434
492,492,3,recov,0.32132509745430193,1.1353019036970995,476.6666666666667,1.13269029017434
493,493,4,recov,0.3213025764480925,1.1353719940686575,476.6666666666667,1.13269029017434
494,494,5,recov,0.3212802837614345,1.135441378697621,476.6666666666667,1.13269029017434
495,495,3,recov,0.321391547922267,1.1350951237150348,476.6666666666667,1.13269029017434
496,496,4,recov,0.32136969579684355,1.1351631182484494,476.6666666666667,1.13269029017434
497,497,5,recov,0.32134806511960184,1.1352304282826986,476.6666666666667,1.13269029017434
498,498,3,recov,0.3214559983084829,1.1348946084083815,476.6666666666667,1.13269029017434
499,499,4,recov,0.321434795200081,1.1349605701817456,476.6666666666667,1.13269029017434
500,500,5,recov,0.3214138068778636,1.135025868051748,476.6666666666667,1.13269029017434
501,501,3,recov,0.3215185095795104,1.134700164397126,476.6666666666667,1.13269029017434
502,502,4,recov,0.32149793621403006,1.1347641545660305,476.6666666666667,1.13269029017434
503,503,5,recov,0.32147757117558035,1.134827500799977,476.6666666666667,1.13269029017434
504,504,3,recov,0.3215791407984112,1.1345116044823296,476.6666666666667,1.13269029017434
505,505,4,recov,0.32155917847393506,1.134573682339874,476.6666666666667,1.13269029017434
506,506,5,recov,0.32153941821386184,1.134635135623029,476.6666666666667,1.13269029017434
507,507,3,recov,0.32163794918682637,1.1343287474361017,476.6666666666667,1.13269029017434
508,508,4,recov,0.3216185797566535,1.1343889704709478,476.6666666666667,1.13269029017434
509,509,5,recov,0.32159940631866996,1.134448587703066,476.6666666666667,1.13269029017434
510,510,3,recov,0.32169499018487474,1.1341514177994332,476.6666666666667,1.13269029017434
511,511,4,recov,0.3216761960410562,1.1342098417519704,476.6666666666667,1.13269029017434
512,512,5,recov,0.32165759200171284,1.1342676781028485,476.6666666666667,1.13269029017434
513,513,3,recov,0.3217503175089594,1.1339794456875554,476.6666666666667,1.13269029017434
514,514,4,recov,0.32173208156632,1.1340361246042452,476.6666666666667,1.13269029017434
515,515,5,recov,0.32171403001921756,1.1340922335674735,476.6666666666667,1.13269029017434
516,516,3,recov,0.32180398320756254,1.1338126666025028,476.6666666666667,1.13269029017434
517,517,4,recov,0.3217862888881948,1.1338676528884657,476.6666666666667,1.13269029017434
518,518,5,recov,0.3217687734286625,1.1339220863334412,476.6666666666667,1.13269029017434
519,519,3,recov,0.32185603771510585,1.133650921252583,476.6666666666667,1.13269029017434
520,520,4,recov,0.3218388689333228,1.1337042657224856,476.6666666666667,1.13269029017434
521,521,5,recov,0.3218218736435492,1.1337570739447473,476.6666666666667,1.13269029017434
522,522,3,recov,0.32190652990395163,1.1334940553784578,476.6666666666667,1.13269029017434
523,523,4,recov,0.32188987105168443,1.1335458073057634,476.6666666666667,1.13269029017434
524,524,5,recov,0.32187338048628666,1.1335970390757097,476.6666666666667,1.13269029017434
525,525,3,recov,0.3219555071346156,1.1333419195855672,476.6666666666667,1.13269029017434
526,526,4,recov,0.32193934306724303,1.1333921267502027,476.6666666666667,1.13269029017434
527,527,5,recov,0.3219233422392631,1.1334418293602417,476.6666666666667,1.13269029017434
528,528,3,recov,0.32200301530425873,1.1331943691826334,476.6666666666667,1.13269029017434
529,529,4,recov,0.32198733132685636,1.1332430779171276,476.6666666666667,1.13269029017434
530,530,5,recov,0.32197180569417017,1.1332912972273188,476.6666666666667,1.13269029017434
531,531,3,recov,0.32204909889352334,1.1330512640259935,476.6666666666667,1.13269029017434
532,532,4,recov,0.3220338807475197,1.1330985192601404,476.6666666666667,1.13269029017434
533,533,5,recov,0.32201881619964834,1.1331452997423759,476.6666666666667,1.13269029017434
534,534,3,recov,0.3220938010117764,1.1329124683695284,476.6666666666667,1.13269029017434
535,535,4,recov,0.3220790348620042,1.1329583136736223,476.6666666666667,1.13269029017434
536,536,5,recov,0.3220644177073147,1.1330036984543996,476.6666666666667,1.13269029017434
537,537,3,recov,0.3221371634408192,1.1327778507199557,476.6666666666667,1.13269029017434
538,538,4,recov,0.3221228358629495,1.1328223283466516,476.6666666666667,1.13269029017434
539,539,5,recov,0.32210865281623463,1.1328663592484824,476.6666666666667,1.13269029017434
540,540,3,recov,0.32217922667711946,1.1326472836972783,476.6666666666667,1.13269029017434
541,541,4,recov,0.32216532464546893,1.1326904346221185,476.6666666666667,1.13269029017434
542,542,5,recov,0.3221515628158934,1.1327331522036237,476.6666666666667,1.13269029017434
543,543,0,fam_r,0.0022819132228499737,6.082741055061971,476.6666666666667,1.13269029017434
544,544,1,fam_r,0.0022818176949241952,6.082782919022627,476.6666666666667,1.13269029017434
545,545,2,fam_r,0.0022817231301559627,6.082824362617358,476.6666666666667,1.13269029017434
546,546,0,fam_r,0.011862572252142982,4.434367024262281,476.6666666666667,1.13269029017434
547,547,1,fam_r,0.011862090457217402,4.43440763979655,476.6666666666667,1.13269029017434
548,548,2,fam_r,0.011861613518790367,4.434447847550582,476.6666666666667,1.13269029017434
549,549,0,fam_r,0.021156399210631074,3.8558128561024443,476.6666666666667,1.13269029017434
550,550,1,fam_r,0.021155565570091125,3.8558522605850474,476.6666666666667,1.13269029017434
551,551,2,fam_r,0.02115474033066894,3.8558912694933842,476.6666666666667,1.13269029017434
552,552,0,fam_r,0.030172047318344577,3.50083936870534,476.6666666666667,1.13269029017434
553,553,1,fam_r,0.03017089387273254,3.500877598383556,476.6666666666667,1.13269029017434
554,554,2,fam_r,0.03016975204844492,3.5009154443253863,476.6666666666667,1.13269029017434
555,555,0,fam_r,0.038917904875719674,3.2463008546724073,476.6666666666667,1.13269029017434
556,556,1,fam_r,0.03891646143630001,3.246337944700584,476.6666666666667,1.13269029017434
557,557,2,fam_r,0.03891503253674236,3.2463746624734258,476.6666666666667,1.13269029017434
