,time_step,stimulus,type,familiarity,novelty,dN,steady
0,0,0,fam,0.043478260869565216,3.1354942159291497,0.0,1.892425764228837
1,1,1,fam,0.04054054054054054,3.20545280453606,0.0,1.892425764228837
2,2,2,fam,0.03821656050955414,3.264486336120253,0.0,1.892425764228837
3,3,0,fam,0.08540278619018779,2.4603765535419595,0.0,1.892425764228837
4,4,1,fam,0.08179128719763329,2.5035845545227646,0.0,1.892425764228837
5,5,2,fam,0.07879251862241621,2.5409372279654137,0.0,1.892425764228837
6,6,0,fam,0.10821888833410241,2.223599359098053,0.0,1.892425764228837
7,7,1,fam,0.10519465420233054,2.2519427955368823,0.0,1.892425764228837
8,8,2,fam,0.1026138165134427,2.276782691438123,0.0,1.892425764228837
9,9,0,fam,0.12200051222949669,2.103730035655263,0.0,1.892425764228837
10,10,1,fam,0.11967367737285642,2.1229865955895253,0.0,1.892425764228837
11,11,2,fam,0.11765413206551752,2.1400060427466605,0.0,1.892425764228837
12,12,0,fam,0.13085461746468469,2.033668362400208,0.0,1.892425764228837
13,13,1,fam,0.12911612016014704,2.047043123237957,0.0,1.892425764228837
14,14,2,fam,0.12759050208543146,2.0589293459090263,0.0,1.892425764228837
15,15,0,fam,0.13677032344311577,1.9894522312226006,0.0,1.892425764228837
16,16,1,fam,0.13548724044158353,1.9988778095791015,0.0,1.892425764228837
17,17,2,fam,0.13435287664756485,2.0072855325565246,0.0,1.892425764228837
18,18,0,fam,0.14082694258437875,1.9602234999817212,0.0,1.892425764228837
19,19,1,fam,0.13988537596807044,1.9669319348112215,0.0,1.892425764228837
20,20,2,fam,0.13904866658500506,1.9729312878123275,0.0,1.892425764228837
21,21,0,fam,0.14365856961779086,1.9403158391037547,0.0,1.892425764228837
22,22,1,fam,0.14296960106085613,1.9451232513145724,0.0,1.892425764228837
23,23,2,fam,0.14235515527078552,1.9494302504534715,0.0,1.892425764228837
24,24,0,fam,0.1456597123948202,1.9264821146909519,0.0,1.892425764228837
25,25,1,fam,0.14515634588378323,1.9299438699784779,0.0,1.892425764228837
26,26,2,fam,0.14470628137859792,1.9330492366213707,0.0,1.892425764228837
27,27,0,fam,0.1470863326865669,1.9167355674073707,0.0,1.892425764228837
28,28,1,fam,0.1467188815845948,1.919236893290694,0.0,1.892425764228837
29,29,2,fam,0.1463897417939604,1.9214827496233082,0.0,1.892425764228837
30,30,0,fam,0.14810971055078348,1.9098019923306055,0.0,1.892425764228837
31,31,1,fam,0.14784160850932485,1.9116137910794653,0.0,1.892425764228837
32,32,2,fam,0.14760114519748846,1.9132416080552919,0.0,1.892425764228837
33,33,0,fam,0.1488470998551825,1.9048356753837754,0.0,1.892425764228837
34,34,1,fam,0.14865154377944198,1.9061503442610326,0.0,1.892425764228837
35,35,2,fam,0.1484759821299925,1.9073320703185077,0.0,1.892425764228837
36,36,0,fam,0.1493801275002077,1.9012610305242748,0.0,1.892425764228837
37,37,1,fam,0.14923751359416138,1.9022161912198472,0.0,1.892425764228837
38,38,2,fam,0.14910939370245974,1.9030750564967704,0.0,1.892425764228837
39,39,0,fam,0.1497663241180533,1.8986790387920611,0.0,1.892425764228837
40,40,1,fam,0.14966233194388256,1.8993736428404482,0.0,1.892425764228837
41,41,2,fam,0.14956886238621367,1.8999983742353028,0.0,1.892425764228837
42,42,0,fam,0.1500466064520183,1.8968093234660155,0.0,1.892425764228837
43,43,1,fam,0.14997078269219144,1.897314785910426,0.0,1.892425764228837
44,44,2,fam,0.14990260679956882,1.8977694837674968,0.0,1.892425764228837
45,45,0,fam,0.15025026919638396,1.8954529139119596,0.0,1.892425764228837
46,46,1,fam,0.15019498678455503,1.8958209171428464,0.0,1.892425764228837
47,47,2,fam,0.1501452673844162,1.8961520043008473,0.0,1.892425764228837
48,48,0,fam,0.15039838844424033,1.8944675826551858,0.0,1.892425764228837
49,49,1,fam,0.15035808400572345,1.8947356030800155,0.0,1.892425764228837
50,50,2,fam,0.15032182847625525,1.8949767600588414,0.0,1.892425764228837
51,51,0,fam,0.1505061814728826,1.8937511227271564,0.0,1.892425764228837
52,52,1,fam,0.15047679768434344,1.8939463748886893,0.0,1.892425764228837
53,53,2,fam,0.15045036208267157,1.894122069244495,0.0,1.892425764228837
54,54,0,fam,0.15058466401652068,1.8932298013612545,0.0,1.892425764228837
55,55,1,fam,0.1505632422651241,1.8933720686723392,0.0,1.892425764228837
56,56,2,fam,0.150543967899251,1.8935000919494231,0.0,1.892425764228837
57,57,0,fam,0.1506418254903195,1.8928502764756543,0.0,1.892425764228837
58,58,1,fam,0.15062620852413783,1.8929539513726392,0.0,1.892425764228837
59,59,2,fam,0.1506121560228119,1.893047249590861,0.0,1.892425764228837
60,60,0,fam,0.15068346844328973,1.8925738778189618,0.0,1.892425764228837
61,61,1,fam,0.15067208340647986,1.892649436651347,0.0,1.892425764228837
62,62,2,fam,0.15066183834420593,1.8927174347195257,0.0,1.892425764228837
63,63,0,fam,0.15071381141529083,1.8923725291397844,0.0,1.892425764228837
64,64,1,fam,0.15070551158165807,1.8924276008156964,0.0,1.892425764228837
65,65,2,fam,0.15069804251294497,1.89247716273103,0.0,1.892425764228837
66,66,0,fam_r,0.15073592361303204,1.8922258234359044,0.0,1.892425764228837
67,67,1,fam_r,0.15072987295929458,1.8922659649962876,0.0,1.892425764228837
68,68,2,fam_r,0.15072442778623688,1.8923020910229842,0.0,1.892425764228837
69,69,0,fam_r,0.1507520392465397,1.8921189161261056,0.0,1.892425764228837
70,70,1,fam_r,0.15074762828022775,1.8921481762997467,0.0,1.892425764228837
71,71,2,fam_r,0.1507436586312402,1.8921745097240286,0.0,1.892425764228837
72,72,0,fam_r,0.15076378533403734,1.8920410025537755,0.0,1.892425764228837
73,73,1,fam_r,0.15076056971852858,1.8920623316136342,0.0,1.892425764228837
74,74,2,fam_r,0.15075767578184934,1.8920815273785505,0.0,1.892425764228837
75,75,0,fam_r,0.1507723470579835,1.8919842151705817,0.0,1.892425764228837
76,76,1,fam_r,0.1507700028631012,1.89199976320145,0.0,1.892425764228837
77,77,2,fam_r,0.15076789315003117,1.8920137562225459,0.0,1.892425764228837
78,78,0,fam_r,0.15077858793102558,1.8919428233371045,0.0,1.892425764228837
79,79,1,fam_r,0.15077687900702436,1.8919541573979233,0.0,1.892425764228837
80,80,2,fam_r,0.1507753410085438,1.8919643579428271,0.0,1.892425764228837
0,0,0,fam,0.043478260869565216,3.1354942159291497,73.33333333333334,1.89241122698872
1,1,1,fam,0.04054054054054054,3.20545280453606,73.33333333333334,1.89241122698872
2,2,2,fam,0.03821656050955414,3.264486336120253,73.33333333333334,1.89241122698872
3,3,0,fam,0.08540278619018779,2.4603765535419595,73.33333333333334,1.89241122698872
4,4,1,fam,0.08179128719763329,2.5035845545227646,73.33333333333334,1.89241122698872
5,5,2,fam,0.07879251862241621,2.5409372279654137,73.33333333333334,1.89241122698872
6,6,0,fam,0.10821888833410241,2.223599359098053,73.33333333333334,1.89241122698872
7,7,1,fam,0.10519465420233054,2.2519427955368823,73.33333333333334,1.89241122698872
8,8,2,fam,0.1026138165134427,2.276782691438123,73.33333333333334,1.89241122698872
9,9,0,fam,0.12200051222949669,2.103730035655263,73.33333333333334,1.89241122698872
10,10,1,fam,0.11967367737285642,2.1229865955895253,73.33333333333334,1.89241122698872
11,11,2,fam,0.11765413206551752,2.1400060427466605,73.33333333333334,1.89241122698872
12,12,0,fam,0.13085461746468469,2.033668362400208,73.33333333333334,1.89241122698872
13,13,1,fam,0.12911612016014704,2.047043123237957,73.33333333333334,1.89241122698872
14,14,2,fam,0.12759050208543146,2.0589293459090263,73.33333333333334,1.89241122698872
15,15,0,fam,0.13677032344311577,1.9894522312226006,73.33333333333334,1.89241122698872
16,16,1,fam,0.13548724044158353,1.9988778095791015,73.33333333333334,1.89241122698872
17,17,2,fam,0.13435287664756485,2.0072855325565246,73.33333333333334,1.89241122698872
18,18,0,fam,0.14082694258437875,1.9602234999817212,73.33333333333334,1.89241122698872
19,19,1,fam,0.13988537596807044,1.9669319348112215,73.33333333333334,1.89241122698872
20,20,2,fam,0.13904866658500506,1.9729312878123275,73.33333333333334,1.89241122698872
21,21,0,fam,0.14365856961779086,1.9403158391037547,73.33333333333334,1.89241122698872
22,22,1,fam,0.14296960106085613,1.9451232513145724,73.33333333333334,1.89241122698872
23,23,2,fam,0.14235515527078552,1.9494302504534715,73.33333333333334,1.89241122698872
24,24,0,fam,0.1456597123948202,1.9264821146909519,73.33333333333334,1.89241122698872
25,25,1,fam,0.14515634588378323,1.9299438699784779,73.33333333333334,1.89241122698872
26,26,2,fam,0.14470628137859792,1.9330492366213707,73.33333333333334,1.89241122698872
27,27,0,fam,0.1470863326865669,1.9167355674073707,73.33333333333334,1.89241122698872
28,28,1,fam,0.1467188815845948,1.919236893290694,73.33333333333334,1.89241122698872
29,29,2,fam,0.1463897417939604,1.9214827496233082,73.33333333333334,1.89241122698872
30,30,0,fam,0.14810971055078348,1.9098019923306055,73.33333333333334,1.89241122698872
31,31,1,fam,0.14784160850932485,1.9116137910794653,73.33333333333334,1.89241122698872
32,32,2,fam,0.14760114519748846,1.9132416080552919,73.33333333333334,1.89241122698872
33,33,0,fam,0.1488470998551825,1.9048356753837754,73.33333333333334,1.89241122698872
34,34,1,fam,0.14865154377944198,1.9061503442610326,73.33333333333334,1.89241122698872
35,35,2,fam,0.1484759821299925,1.9073320703185077,73.33333333333334,1.89241122698872
36,36,0,fam,0.1493801275002077,1.9012610305242748,73.33333333333334,1.89241122698872
37,37,1,fam,0.14923751359416138,1.9022161912198472,73.33333333333334,1.89241122698872
38,38,2,fam,0.14910939370245974,1.9030750564967704,73.33333333333334,1.89241122698872
39,39,0,fam,0.1497663241180533,1.8986790387920611,73.33333333333334,1.89241122698872
40,40,1,fam,0.14966233194388256,1.8993736428404482,73.33333333333334,1.89241122698872
41,41,2,fam,0.14956886238621367,1.8999983742353028,73.33333333333334,1.89241122698872
42,42,0,fam,0.1500466064520183,1.8968093234660155,73.33333333333334,1.89241122698872
43,43,1,fam,0.14997078269219144,1.897314785910426,73.33333333333334,1.89241122698872
44,44,2,fam,0.14990260679956882,1.8977694837674968,73.33333333333334,1.89241122698872
45,45,0,fam,0.15025026919638396,1.8954529139119596,73.33333333333334,1.89241122698872
46,46,1,fam,0.15019498678455503,1.8958209171428464,73.33333333333334,1.89241122698872
47,47,2,fam,0.1501452673844162,1.8961520043008473,73.33333333333334,1.89241122698872
48,48,0,fam,0.15039838844424033,1.8944675826551858,73.33333333333334,1.89241122698872
49,49,1,fam,0.15035808400572345,1.8947356030800155,73.33333333333334,1.89241122698872
50,50,2,fam,0.15032182847625525,1.8949767600588414,73.33333333333334,1.89241122698872
51,51,0,fam,0.1505061814728826,1.8937511227271564,73.33333333333334,1.89241122698872
52,52,1,fam,0.15047679768434344,1.8939463748886893,73.33333333333334,1.89241122698872
53,53,2,fam,0.15045036208267157,1.894122069244495,73.33333333333334,1.89241122698872
54,54,0,fam,0.15058466401652068,1.8932298013612545,73.33333333333334,1.89241122698872
55,55,1,fam,0.1505632422651241,1.8933720686723392,73.33333333333334,1.89241122698872
56,56,2,fam,0.150543967899251,1.8935000919494231,73.33333333333334,1.89241122698872
57,57,0,fam,0.1506418254903195,1.8928502764756543,73.33333333333334,1.89241122698872
58,58,1,fam,0.15062620852413783,1.8929539513726392,73.33333333333334,1.89241122698872
59,59,2,fam,0.1506121560228119,1.893047249590861,73.33333333333334,1.89241122698872
60,60,0,fam,0.15068346844328973,1.8925738778189618,73.33333333333334,1.89241122698872
61,61,1,fam,0.15067208340647986,1.892649436651347,73.33333333333334,1.89241122698872
62,62,2,fam,0.15066183834420593,1.8927174347195257,73.33333333333334,1.89241122698872
63,63,0,fam,0.15071381141529083,1.8923725291397844,73.33333333333334,1.89241122698872
64,64,1,fam,0.15070551158165807,1.8924276008156964,73.33333333333334,1.89241122698872
65,65,2,fam,0.15069804251294497,1.89247716273103,73.33333333333334,1.89241122698872
66,66,3,recov,0.025220203957831863,3.680109861331678,73.33333333333334,1.89241122698872
67,67,4,recov,0.025219191599810765,3.680150002892061,73.33333333333334,1.89241122698872
68,68,5,recov,0.02521828054707822,3.680186128918758,73.33333333333334,1.89241122698872
69,69,3,recov,0.05926103254135755,2.825803313070903,73.33333333333334,1.89241122698872
70,70,4,recov,0.05925929857862339,2.825832573244544,73.33333333333334,1.89241122698872
71,71,5,recov,0.05925773809891774,2.825858906668826,73.33333333333334,1.89241122698872
72,72,3,recov,0.08407212984285728,2.4760801599955258,73.33333333333334,1.89241122698872
73,73,4,recov,0.08407033668249068,2.4761014890553845,73.33333333333334,1.89241122698872
74,74,5,recov,0.08406872290356018,2.4761206848203012,73.33333333333334,1.89241122698872
75,75,3,recov,0.1021569402905773,2.2812450178769117,73.33333333333334,1.89241122698872
76,76,4,recov,0.10215535196366395,2.2812605659077803,73.33333333333334,1.89241122698872
77,77,5,recov,0.10215392251167006,2.2812745589288763,73.33333333333334,1.89241122698872
78,78,3,recov,0.11533944964308644,2.159875762411193,73.33333333333334,1.89241122698872
79,79,4,recov,0.11533814238615767,2.1598870964720116,73.33333333333334,1.89241122698872
80,80,5,recov,0.11533696588025764,2.1598972970169155,73.33333333333334,1.89241122698872
81,81,3,recov,0.12494879889821381,2.079851234406731,73.33333333333334,1.89241122698872
82,82,4,recov,0.12494776653936107,2.079859496695978,73.33333333333334,1.89241122698872
83,83,5,recov,0.12494683743097915,2.0798669326979335,73.33333333333334,1.89241122698872
84,84,3,recov,0.13195364249853136,2.025304611271482,73.33333333333334,1.89241122698872
85,85,4,recov,0.1319528477334818,2.0253106343522247,73.33333333333334,1.89241122698872
86,86,5,recov,0.13195213245312276,2.025316055093876,73.33333333333334,1.89241122698872
87,87,3,recov,0.1370599757972914,1.9873366694092451,73.33333333333334,1.89241122698872
88,88,4,recov,0.137059374001458,1.9873410601670216,73.33333333333334,1.89241122698872
89,89,5,recov,0.13705883238972633,1.987345011832537,73.33333333333334,1.89241122698872
90,90,3,recov,0.14078238771902735,1.9605399303050712,73.33333333333334,1.89241122698872
91,91,4,recov,0.14078193709978823,1.9605431311313082,73.33333333333334,1.89241122698872
92,92,5,recov,0.14078153154493944,1.9605460118661615,73.33333333333334,1.89241122698872
93,93,3,recov,0.14349597018252933,1.9414483265284899,73.33333333333334,1.89241122698872
94,94,4,recov,0.14349563535184848,1.9414506599115882,73.33333333333334,1.89241122698872
95,95,5,recov,0.1434953340055717,1.9414527599517215,73.33333333333334,1.89241122698872
96,96,3,recov,0.14547414213022788,1.9277569254822051,73.33333333333334,1.89241122698872
97,97,4,recov,0.1454738946751315,1.9277586265082653,73.33333333333334,1.89241122698872
98,98,5,recov,0.14547367196626454,1.9277601574292456,73.33333333333334,1.89241122698872
99,99,3,recov,0.14691621371351435,1.9178928294387485,73.33333333333334,1.89241122698872
100,100,4,recov,0.14691603153126848,1.9178940694813158,73.33333333333334,1.89241122698872
101,101,5,recov,0.1469158675676335,1.9178951855183117,73.33333333333334,1.89241122698872
102,102,3,recov,0.14796747551883985,1.9107627893766297,73.33333333333334,1.89241122698872
103,103,4,recov,0.1479673417580565,1.9107636933647754,73.33333333333334,1.89241122698872
104,104,5,recov,0.14796722137355825,1.9107645069534078,73.33333333333334,1.89241122698872
105,105,3,recov,0.1487338409220827,1.9055968729139174,73.33333333333334,1.89241122698872
106,106,4,recov,0.1487337429056475,1.9055975319197422,73.33333333333334,1.89241122698872
107,107,5,recov,0.14873365469096633,1.9055981250246128,73.33333333333334,1.89241122698872
108,108,3,recov,0.1492925189346432,1.9018476832969533,73.33333333333334,1.89241122698872
109,109,4,recov,0.14929244721237991,1.9018481637113842,73.33333333333334,1.89241122698872
110,110,5,recov,0.14929238266240188,1.9018485960841747,73.33333333333334,1.89241122698872
111,111,3,recov,0.14969979394820299,1.8991233639890115,73.33333333333334,1.89241122698872
112,112,4,recov,0.1496997415200978,1.8991237142106985,73.33333333333334,1.89241122698872
113,113,5,recov,0.1496996943348345,1.899124029410112,73.33333333333334,1.89241122698872
114,114,3,recov,0.1499966967647522,1.8971420066966784,73.33333333333334,1.89241122698872
115,115,4,recov,0.14999665846889348,1.897142262008058,73.33333333333334,1.89241122698872
116,116,5,recov,0.1499966240026374,1.8971424917882436,73.33333333333334,1.89241122698872
117,117,3,recov,0.15021313856283658,1.895700069690517,73.33333333333334,1.89241122698872
118,118,4,recov,0.15021311060488843,1.8957002558123903,73.33333333333334,1.89241122698872
119,119,5,recov,0.150213085442744,1.8957004233220467,73.33333333333334,1.89241122698872
120,120,3,recov,0.15037092444488329,1.8946502076654939,73.33333333333334,1.89241122698872
121,121,4,recov,0.1503709040421395,1.8946503433482746,73.33333333333334,1.89241122698872
122,122,5,recov,0.15037088567967483,1.8946504654627616,73.33333333333334,1.89241122698872
123,123,3,recov,0.15048595025258235,1.8938855529543837,73.33333333333334,1.89241122698872
124,124,4,recov,0.15048593536760954,1.8938856518670963,73.33333333333334,1.89241122698872
125,125,5,recov,0.15048592197113653,1.8938857408885292,73.33333333333334,1.89241122698872
126,126,3,recov,0.1505698040130846,1.893328488281262,73.33333333333334,1.89241122698872
127,127,4,recov,0.15056979315589558,1.893328560388611,73.33333333333334,1.89241122698872
128,128,5,recov,0.1505697833844268,1.8933286252852206,73.33333333333334,1.89241122698872
129,129,3,recov,0.15063093337615946,1.8929225838041082,73.33333333333334,1.89241122698872
130,130,4,recov,0.1506309254580567,1.892922636370356,73.33333333333334,1.89241122698872
131,131,5,recov,0.15063091833176495,1.8929226836799764,73.33333333333334,1.89241122698872
132,132,3,recov,0.15067549666678465,1.8926267833398183,73.33333333333334,1.89241122698872
133,133,4,recov,0.1506754908927808,1.8926268216606075,73.33333333333334,1.89241122698872
134,134,5,recov,0.15067548569617767,1.892626856149317,73.33333333333334,1.89241122698872
135,135,3,recov,0.15070798329764884,1.8924111999840627,73.33333333333334,1.89241122698872
136,136,4,recov,0.15070797908749287,1.8924112279199155,73.33333333333334,1.89241122698872
137,137,5,recov,0.1507079752983527,1.8924112530621822,73.33333333333334,1.89241122698872
138,138,0,fam_r,0.025273766459935485,3.6779883200169197,73.33333333333334,1.89241122698872
139,139,1,fam_r,0.02527376594522929,3.677988340382155,73.33333333333334,1.89241122698872
140,140,2,fam_r,0.025273765481993733,3.677988358710866,73.33333333333334,1.89241122698872
141,141,0,fam_r,0.059290127017935505,2.8253124789488204,73.33333333333334,1.89241122698872
142,142,1,fam_r,0.05929012613769912,2.825312493795076,73.33333333333334,1.89241122698872
143,143,2,fam_r,0.0592901253454864,2.8253125071567062,73.33333333333334,1.89241122698872
144,144,0,fam_r,0.08408805149842162,2.475890797026422,73.33333333333334,1.89241122698872
145,145,1,fam_r,0.08408805058834337,2.475890807849342,73.33333333333334,1.89241122698872
146,146,2,fam_r,0.08408804976927296,2.4758908175899697,73.33333333333334,1.89241122698872
147,147,0,fam_r,0.1021657371871495,2.2811589099941627,73.33333333333334,1.89241122698872
148,148,1,fam_r,0.1021657363810712,2.281158917884071,73.33333333333334,1.89241122698872
149,149,2,fam_r,0.10216573565560072,2.2811589249849886,73.33333333333334,1.89241122698872
150,150,0,fam_r,0.11534436938592041,2.1598331088531286,73.33333333333334,1.89241122698872
151,151,1,fam_r,0.11534436872248922,2.1598331146048717,73.33333333333334,1.89241122698872
152,152,2,fam_r,0.11534436812540115,2.1598331197814407,73.33333333333334,1.89241122698872
0,0,0,fam,0.043478260869565216,3.1354942159291497,146.66666666666669,1.8918317180162354
1,1,1,fam,0.04054054054054054,3.20545280453606,146.66666666666669,1.8918317180162354
2,2,2,fam,0.03821656050955414,3.264486336120253,146.66666666666669,1.8918317180162354
3,3,0,fam,0.08540278619018779,2.4603765535419595,146.66666666666669,1.8918317180162354
4,4,1,fam,0.08179128719763329,2.5035845545227646,146.66666666666669,1.8918317180162354
5,5,2,fam,0.07879251862241621,2.5409372279654137,146.66666666666669,1.8918317180162354
6,6,0,fam,0.10821888833410241,2.223599359098053,146.66666666666669,1.8918317180162354
7,7,1,fam,0.10519465420233054,2.2519427955368823,146.66666666666669,1.8918317180162354
8,8,2,fam,0.1026138165134427,2.276782691438123,146.66666666666669,1.8918317180162354
9,9,0,fam,0.12200051222949669,2.103730035655263,146.66666666666669,1.8918317180162354
10,10,1,fam,0.11967367737285642,2.1229865955895253,146.66666666666669,1.8918317180162354
11,11,2,fam,0.11765413206551752,2.1400060427466605,146.66666666666669,1.8918317180162354
12,12,0,fam,0.13085461746468469,2.033668362400208,146.66666666666669,1.8918317180162354
13,13,1,fam,0.12911612016014704,2.047043123237957,146.66666666666669,1.8918317180162354
14,14,2,fam,0.12759050208543146,2.0589293459090263,146.66666666666669,1.8918317180162354
15,15,0,fam,0.13677032344311577,1.9894522312226006,146.66666666666669,1.8918317180162354
16,16,1,fam,0.13548724044158353,1.9988778095791015,146.66666666666669,1.8918317180162354
17,17,2,fam,0.13435287664756485,2.0072855325565246,146.66666666666669,1.8918317180162354
18,18,0,fam,0.14082694258437875,1.9602234999817212,146.66666666666669,1.8918317180162354
19,19,1,fam,0.13988537596807044,1.9669319348112215,146.66666666666669,1.8918317180162354
20,20,2,fam,0.13904866658500506,1.9729312878123275,146.66666666666669,1.8918317180162354
21,21,0,fam,0.14365856961779086,1.9403158391037547,146.66666666666669,1.8918317180162354
22,22,1,fam,0.14296960106085613,1.9451232513145724,146.66666666666669,1.8918317180162354
23,23,2,fam,0.14235515527078552,1.9494302504534715,146.66666666666669,1.8918317180162354
24,24,0,fam,0.1456597123948202,1.9264821146909519,146.66666666666669,1.8918317180162354
25,25,1,fam,0.14515634588378323,1.9299438699784779,146.66666666666669,1.8918317180162354
26,26,2,fam,0.14470628137859792,1.9330492366213707,146.66666666666669,1.8918317180162354
27,27,0,fam,0.1470863326865669,1.9167355674073707,146.66666666666669,1.8918317180162354
28,28,1,fam,0.1467188815845948,1.919236893290694,146.66666666666669,1.8918317180162354
29,29,2,fam,0.1463897417939604,1.9214827496233082,146.66666666666669,1.8918317180162354
30,30,0,fam,0.14810971055078348,1.9098019923306055,146.66666666666669,1.8918317180162354
31,31,1,fam,0.14784160850932485,1.9116137910794653,146.66666666666669,1.8918317180162354
32,32,2,fam,0.14760114519748846,1.9132416080552919,146.66666666666669,1.8918317180162354
33,33,0,fam,0.1488470998551825,1.9048356753837754,146.66666666666669,1.8918317180162354
34,34,1,fam,0.14865154377944198,1.9061503442610326,146.66666666666669,1.8918317180162354
35,35,2,fam,0.1484759821299925,1.9073320703185077,146.66666666666669,1.8918317180162354
36,36,0,fam,0.1493801275002077,1.9012610305242748,146.66666666666669,1.8918317180162354
37,37,1,fam,0.14923751359416138,1.9022161912198472,146.66666666666669,1.8918317180162354
38,38,2,fam,0.14910939370245974,1.9030750564967704,146.66666666666669,1.8918317180162354
39,39,0,fam,0.1497663241180533,1.8986790387920611,146.66666666666669,1.8918317180162354
40,40,1,fam,0.14966233194388256,1.8993736428404482,146.66666666666669,1.8918317180162354
41,41,2,fam,0.14956886238621367,1.8999983742353028,146.66666666666669,1.8918317180162354
42,42,0,fam,0.1500466064520183,1.8968093234660155,146.66666666666669,1.8918317180162354
43,43,1,fam,0.14997078269219144,1.897314785910426,146.66666666666669,1.8918317180162354
44,44,2,fam,0.14990260679956882,1.8977694837674968,146.66666666666669,1.8918317180162354
45,45,0,fam,0.15025026919638396,1.8954529139119596,146.66666666666669,1.8918317180162354
46,46,1,fam,0.15019498678455503,1.8958209171428464,146.66666666666669,1.8918317180162354
47,47,2,fam,0.1501452673844162,1.8961520043008473,146.66666666666669,1.8918317180162354
48,48,0,fam,0.15039838844424033,1.8944675826551858,146.66666666666669,1.8918317180162354
49,49,1,fam,0.15035808400572345,1.8947356030800155,146.66666666666669,1.8918317180162354
50,50,2,fam,0.15032182847625525,1.8949767600588414,146.66666666666669,1.8918317180162354
51,51,0,fam,0.1505061814728826,1.8937511227271564,146.66666666666669,1.8918317180162354
52,52,1,fam,0.15047679768434344,1.8939463748886893,146.66666666666669,1.8918317180162354
53,53,2,fam,0.15045036208267157,1.894122069244495,146.66666666666669,1.8918317180162354
54,54,0,fam,0.15058466401652068,1.8932298013612545,146.66666666666669,1.8918317180162354
55,55,1,fam,0.1505632422651241,1.8933720686723392,146.66666666666669,1.8918317180162354
56,56,2,fam,0.150543967899251,1.8935000919494231,146.66666666666669,1.8918317180162354
57,57,0,fam,0.1506418254903195,1.8928502764756543,146.66666666666669,1.8918317180162354
58,58,1,fam,0.15062620852413783,1.8929539513726392,146.66666666666669,1.8918317180162354
59,59,2,fam,0.1506121560228119,1.893047249590861,146.66666666666669,1.8918317180162354
60,60,0,fam,0.15068346844328973,1.8925738778189618,146.66666666666669,1.8918317180162354
61,61,1,fam,0.15067208340647986,1.892649436651347,146.66666666666669,1.8918317180162354
62,62,2,fam,0.15066183834420593,1.8927174347195257,146.66666666666669,1.8918317180162354
63,63,0,fam,0.15071381141529083,1.8923725291397844,146.66666666666669,1.8918317180162354
64,64,1,fam,0.15070551158165807,1.8924276008156964,146.66666666666669,1.8918317180162354
65,65,2,fam,0.15069804251294497,1.89247716273103,146.66666666666669,1.8918317180162354
66,66,3,recov,0.025220203957831863,3.680109861331678,146.66666666666669,1.8918317180162354
67,67,4,recov,0.025219191599810765,3.680150002892061,146.66666666666669,1.8918317180162354
68,68,5,recov,0.02521828054707822,3.680186128918758,146.66666666666669,1.8918317180162354
69,69,3,recov,0.05926103254135755,2.825803313070903,146.66666666666669,1.8918317180162354
70,70,4,recov,0.05925929857862339,2.825832573244544,146.66666666666669,1.8918317180162354
71,71,5,recov,0.05925773809891774,2.825858906668826,146.66666666666669,1.8918317180162354
72,72,3,recov,0.08407212984285728,2.4760801599955258,146.66666666666669,1.8918317180162354
73,73,4,recov,0.08407033668249068,2.4761014890553845,146.66666666666669,1.8918317180162354
74,74,5,recov,0.08406872290356018,2.4761206848203012,146.66666666666669,1.8918317180162354
75,75,3,recov,0.1021569402905773,2.2812450178769117,146.66666666666669,1.8918317180162354
76,76,4,recov,0.10215535196366395,2.2812605659077803,146.66666666666669,1.8918317180162354
77,77,5,recov,0.10215392251167006,2.2812745589288763,146.66666666666669,1.8918317180162354
78,78,3,recov,0.11533944964308644,2.159875762411193,146.66666666666669,1.8918317180162354
79,79,4,recov,0.11533814238615767,2.1598870964720116,146.66666666666669,1.8918317180162354
80,80,5,recov,0.11533696588025764,2.1598972970169155,146.66666666666669,1.8918317180162354
81,81,3,recov,0.12494879889821381,2.079851234406731,146.66666666666669,1.8918317180162354
82,82,4,recov,0.12494776653936107,2.079859496695978,146.66666666666669,1.8918317180162354
83,83,5,recov,0.12494683743097915,2.0798669326979335,146.66666666666669,1.8918317180162354
84,84,3,recov,0.13195364249853136,2.025304611271482,146.66666666666669,1.8918317180162354
85,85,4,recov,0.1319528477334818,2.0253106343522247,146.66666666666669,1.8918317180162354
86,86,5,recov,0.13195213245312276,2.025316055093876,146.66666666666669,1.8918317180162354
87,87,3,recov,0.1370599757972914,1.9873366694092451,146.66666666666669,1.8918317180162354
88,88,4,recov,0.137059374001458,1.9873410601670216,146.66666666666669,1.8918317180162354
89,89,5,recov,0.13705883238972633,1.987345011832537,146.66666666666669,1.8918317180162354
90,90,3,recov,0.14078238771902735,1.9605399303050712,146.66666666666669,1.8918317180162354
91,91,4,recov,0.14078193709978823,1.9605431311313082,146.66666666666669,1.8918317180162354
92,92,5,recov,0.14078153154493944,1.9605460118661615,146.66666666666669,1.8918317180162354
93,93,3,recov,0.14349597018252933,1.9414483265284899,146.66666666666669,1.8918317180162354
94,94,4,recov,0.14349563535184848,1.9414506599115882,146.66666666666669,1.8918317180162354
95,95,5,recov,0.1434953340055717,1.9414527599517215,146.66666666666669,1.8918317180162354
96,96,3,recov,0.14547414213022788,1.9277569254822051,146.66666666666669,1.8918317180162354
97,97,4,recov,0.1454738946751315,1.9277586265082653,146.66666666666669,1.8918317180162354
98,98,5,recov,0.14547367196626454,1.9277601574292456,146.66666666666669,1.8918317180162354
99,99,3,recov,0.14691621371351435,1.9178928294387485,146.66666666666669,1.8918317180162354
100,100,4,recov,0.14691603153126848,1.9178940694813158,146.66666666666669,1.8918317180162354
101,101,5,recov,0.1469158675676335,1.9178951855183117,146.66666666666669,1.8918317180162354
102,102,3,recov,0.14796747551883985,1.9107627893766297,146.66666666666669,1.8918317180162354
103,103,4,recov,0.1479673417580565,1.9107636933647754,146.66666666666669,1.8918317180162354
104,104,5,recov,0.14796722137355825,1.9107645069534078,146.66666666666669,1.8918317180162354
105,105,3,recov,0.1487338409220827,1.9055968729139174,146.66666666666669,1.8918317180162354
106,106,4,recov,0.1487337429056475,1.9055975319197422,146.66666666666669,1.8918317180162354
107,107,5,recov,0.14873365469096633,1.9055981250246128,146.66666666666669,1.8918317180162354
108,108,3,recov,0.1492925189346432,1.9018476832969533,146.66666666666669,1.8918317180162354
109,109,4,recov,0.14929244721237991,1.9018481637113842,146.66666666666669,1.8918317180162354
110,110,5,recov,0.14929238266240188,1.9018485960841747,146.66666666666669,1.8918317180162354
111,111,3,recov,0.14969979394820299,1.8991233639890115,146.66666666666669,1.8918317180162354
112,112,4,recov,0.1496997415200978,1.8991237142106985,146.66666666666669,1.8918317180162354
113,113,5,recov,0.1496996943348345,1.899124029410112,146.66666666666669,1.8918317180162354
114,114,3,recov,0.1499966967647522,1.8971420066966784,146.66666666666669,1.8918317180162354
115,115,4,recov,0.14999665846889348,1.897142262008058,146.66666666666669,1.8918317180162354
116,116,5,recov,0.1499966240026374,1.8971424917882436,146.66666666666669,1.8918317180162354
117,117,3,recov,0.15021313856283658,1.895700069690517,146.66666666666669,1.8918317180162354
118,118,4,recov,0.15021311060488843,1.8957002558123903,146.66666666666669,1.8918317180162354
119,119,5,recov,0.150213085442744,1.8957004233220467,146.66666666666669,1.8918317180162354
120,120,3,recov,0.15037092444488329,1.8946502076654939,146.66666666666669,1.8918317180162354
121,121,4,recov,0.1503709040421395,1.8946503433482746,146.66666666666669,1.8918317180162354
122,122,5,recov,0.15037088567967483,1.8946504654627616,146.66666666666669,1.8918317180162354
123,123,3,recov,0.15048595025258235,1.8938855529543837,146.66666666666669,1.8918317180162354
124,124,4,recov,0.15048593536760954,1.8938856518670963,146.66666666666669,1.8918317180162354
125,125,5,recov,0.15048592197113653,1.8938857408885292,146.66666666666669,1.8918317180162354
126,126,3,recov,0.1505698040130846,1.893328488281262,146.66666666666669,1.8918317180162354
127,127,4,recov,0.15056979315589558,1.893328560388611,146.66666666666669,1.8918317180162354
128,128,5,recov,0.1505697833844268,1.8933286252852206,146.66666666666669,1.8918317180162354
129,129,3,recov,0.15063093337615946,1.8929225838041082,146.66666666666669,1.8918317180162354
130,130,4,recov,0.1506309254580567,1.892922636370356,146.66666666666669,1.8918317180162354
131,131,5,recov,0.15063091833176495,1.8929226836799764,146.66666666666669,1.8918317180162354
132,132,3,recov,0.15067549666678465,1.8926267833398183,146.66666666666669,1.8918317180162354
133,133,4,recov,0.1506754908927808,1.8926268216606075,146.66666666666669,1.8918317180162354
134,134,5,recov,0.15067548569617767,1.892626856149317,146.66666666666669,1.8918317180162354
135,135,3,recov,0.15070798329764884,1.8924111999840627,146.66666666666669,1.8918317180162354
136,136,4,recov,0.15070797908749287,1.8924112279199155,146.66666666666669,1.8918317180162354
137,137,5,recov,0.1507079752983527,1.8924112530621822,146.66666666666669,1.8918317180162354
138,138,3,recov,0.15073166604729646,1.8922540690309992,146.66666666666669,1.8918317180162354
139,139,4,recov,0.15073166297761065,1.8922540893962345,146.66666666666669,1.8918317180162354
140,140,5,recov,0.15073166021489354,1.8922541077249457,146.66666666666669,1.8918317180162354
141,141,3,recov,0.15074893076952967,1.8921395361394342,146.66666666666669,1.8918317180162354
142,142,4,recov,0.1507489285314725,1.89213955098569,146.66666666666669,1.8918317180162354
143,143,5,recov,0.15074892651722113,1.8921395643473198,146.66666666666669,1.8918317180162354
144,144,3,recov,0.15076151675083668,1.8920560499357697,146.66666666666669,1.8918317180162354
145,145,4,recov,0.15076151511915686,1.8920560607586896,146.66666666666669,1.8918317180162354
146,146,5,recov,0.15076151365064505,1.8920560704993175,146.66666666666669,1.8918317180162354
147,147,3,recov,0.15077069193057127,1.891995192889834,146.66666666666669,1.8918317180162354
148,148,4,recov,0.15077069074100433,1.8919952007797423,146.66666666666669,1.8918317180162354
149,149,5,recov,0.1507706896703941,1.89199520788066,146.66666666666669,1.8918317180162354
150,150,3,recov,0.1507773806362586,1.891950830439552,146.66666666666669,1.8918317180162354
151,151,4,recov,0.1507773797690258,1.8919508361912953,146.66666666666669,1.8918317180162354
152,152,5,recov,0.15077737898851631,1.8919508413678643,146.66666666666669,1.8918317180162354
153,153,3,recov,0.15078225670252435,1.8919184914547382,146.66666666666669,1.8918317180162354
154,154,4,recov,0.15078225607029122,1.891918495647759,146.66666666666669,1.8918317180162354
155,155,5,recov,0.15078225550128144,1.8919184994214775,146.66666666666669,1.8918317180162354
156,156,3,recov,0.15078581135473632,1.8918949169945174,146.66666666666669,1.8918317180162354
157,157,4,recov,0.1507858108938275,1.8918949200512296,146.66666666666669,1.8918317180162354
158,158,5,recov,0.15078581047900957,1.8918949228022706,146.66666666666669,1.8918317180162354
159,159,3,recov,0.1507884026961479,1.891877731563596,146.66666666666669,1.8918317180162354
160,160,4,recov,0.15078840236013963,1.8918777337919388,146.66666666666669,1.8918317180162354
161,161,5,recov,0.15078840205773217,1.8918777357974477,146.66666666666669,1.8918317180162354
162,162,3,recov,0.1507902917840099,1.8918652035707595,146.66666666666669,1.8918317180162354
163,163,4,recov,0.15079029153905682,1.8918652051952214,146.66666666666669,1.8918317180162354
164,164,5,recov,0.150790291318599,1.8918652066572375,146.66666666666669,1.8918317180162354
165,165,3,recov,0.15079166892904694,1.8918560707629895,146.66666666666669,1.8918317180162354
166,166,4,recov,0.15079166875047448,1.8918560719472224,146.66666666666669,1.8918317180162354
167,167,5,recov,0.1507916685897593,1.891856073013032,146.66666666666669,1.8918317180162354
168,168,3,recov,0.1507926728677713,1.891849412998741,146.66666666666669,1.8918317180162354
169,169,4,recov,0.1507926727375911,1.891849413862047,146.66666666666669,1.8918317180162354
170,170,5,recov,0.15079267262042892,1.8918494146390221,146.66666666666669,1.8918317180162354
171,171,3,recov,0.15079340473909725,1.891844559516566,146.66666666666669,1.8918317180162354
172,172,4,recov,0.15079340464419544,1.891844560145916,146.66666666666669,1.8918317180162354
173,173,5,recov,0.15079340455878384,1.8918445607123304,146.66666666666669,1.8918317180162354
174,174,3,recov,0.15079393827329177,1.89184102134292,146.66666666666669,1.8918317180162354
175,175,4,recov,0.1507939382041081,1.8918410218017159,146.66666666666669,1.8918317180162354
176,176,5,recov,0.1507939381418428,1.8918410222146325,146.66666666666669,1.8918317180162354
177,177,3,recov,0.1507943272197184,1.8918384420222292,146.66666666666669,1.8918317180162354
178,178,4,recov,0.15079432716928337,1.8918384423566916,146.66666666666669,1.8918317180162354
179,179,5,recov,0.15079432712389185,1.8918384426577077,146.66666666666669,1.8918317180162354
180,180,3,recov,0.15079461076166278,1.8918365617016426,146.66666666666669,1.8918317180162354
181,181,4,recov,0.15079461072489558,1.8918365619454656,146.66666666666669,1.8918317180162354
182,182,5,recov,0.1507946106918051,1.8918365621649065,146.66666666666669,1.8918317180162354
183,183,3,recov,0.15079481746373996,1.8918351909501652,146.66666666666669,1.8918317180162354
184,184,4,recov,0.15079481743693662,1.891835191127912,146.66666666666669,1.8918317180162354
185,185,5,recov,0.15079481741281364,1.8918351912878844,146.66666666666669,1.8918317180162354
186,186,3,recov,0.15079496814955404,1.8918341916735233,146.66666666666669,1.8918317180162354
187,187,4,recov,0.15079496813001442,1.8918341918031008,146.66666666666669,1.8918317180162354
188,188,5,recov,0.1507949681124287,1.8918341919197208,146.66666666666669,1.8918317180162354
189,189,3,recov,0.15079507799951242,1.8918334632014813,146.66666666666669,1.8918317180162354
190,190,4,recov,0.15079507798526798,1.8918334632959435,146.66666666666669,1.8918317180162354
191,191,5,recov,0.150795077972448,1.8918334633809595,146.66666666666669,1.8918317180162354
192,192,3,recov,0.15079515808013202,1.8918329321456975,146.66666666666669,1.8918317180162354
193,193,4,recov,0.1507951580697478,1.8918329322145606,146.66666666666669,1.8918317180162354
194,194,5,recov,0.15079515806040203,1.8918329322765373,146.66666666666669,1.8918317180162354
195,195,3,recov,0.15079521645890365,1.8918325450062092,146.66666666666669,1.8918317180162354
196,196,4,recov,0.15079521645133356,1.8918325450564104,146.66666666666669,1.8918317180162354
197,197,5,recov,0.1507952164445205,1.8918325451015912,146.66666666666669,1.8918317180162354
198,198,3,recov,0.15079525901702817,1.8918322627816169,146.66666666666669,1.8918317180162354
199,199,4,recov,0.15079525901150959,1.8918322628182134,146.66666666666669,1.8918317180162354
200,200,5,recov,0.15079525900654286,1.8918322628511501,146.66666666666669,1.8918317180162354
201,201,3,recov,0.15079529004190095,1.891832057039939,146.66666666666669,1.8918317180162354
202,202,4,recov,0.15079529003787792,1.8918320570666178,146.66666666666669,1.8918317180162354
203,203,5,recov,0.15079529003425718,1.8918320570906288,146.66666666666669,1.8918317180162354
204,204,3,recov,0.15079531265903318,1.8918319070542828,146.66666666666669,1.8918317180162354
205,205,4,recov,0.15079531265610038,1.8918319070737317,146.66666666666669,1.8918317180162354
206,206,5,recov,0.15079531265346088,1.8918319070912355,146.66666666666669,1.8918317180162354
207,207,3,recov,0.15079532914692262,1.8918317977147534,146.66666666666669,1.8918317180162354
208,208,4,recov,0.1507953291447846,1.8918317977289316,146.66666666666669,1.8918317180162354
209,209,5,recov,0.1507953291428604,1.891831797741692,146.66666666666669,1.8918317180162354
210,210,3,recov,0.150795341166594,1.891831718006244,146.66666666666669,1.8918317180162354
211,211,4,recov,0.15079534116503537,1.89183171801658,146.66666666666669,1.8918317180162354
212,212,5,recov,0.15079534116363263,1.8918317180258823,146.66666666666669,1.8918317180162354
213,213,0,fam_r,0.025210107595373087,3.6805102698273906,146.66666666666669,1.8918317180162354
214,214,1,fam_r,0.02521010759518313,3.6805102698349255,146.66666666666669,1.8918317180162354
215,215,2,fam_r,0.02521010759501217,3.680510269841707,146.66666666666669,1.8918317180162354
216,216,0,fam_r,0.05924371465738381,2.8260955863258803,146.66666666666669,1.8918317180162354
217,217,1,fam_r,0.05924371465705839,2.8260955863313733,146.66666666666669,1.8918317180162354
218,218,2,fam_r,0.059243714656765506,2.826095586336317,146.66666666666669,1.8918317180162354
219,219,0,fam_r,0.0840542142047137,2.4762932811255056,146.66666666666669,1.8918317180162354
220,220,1,fam_r,0.08405421420437713,2.47629328112951,146.66666666666669,1.8918317180162354
221,221,2,fam_r,0.08405421420407419,2.4762932811331138,146.66666666666669,1.8918317180162354
222,222,0,fam_r,0.10214106837425169,2.2814003979167006,146.66666666666669,1.8918317180162354
223,223,1,fam_r,0.10214106837395352,2.2814003979196196,146.66666666666669,1.8918317180162354
224,224,2,fam_r,0.10214106837368515,2.2814003979222472,146.66666666666669,1.8918317180162354
225,225,0,fam_r,0.11532638506359746,2.159989039520649,146.66666666666669,1.8918317180162354
226,226,1,fam_r,0.11532638506335205,2.159989039522777,146.66666666666669,1.8918317180162354
227,227,2,fam_r,0.11532638506313116,2.1599890395246923,146.66666666666669,1.8918317180162354
0,0,0,fam,0.043478260869565216,3.1354942159291497,220.0,1.8918315036962732
1,1,1,fam,0.04054054054054054,3.20545280453606,220.0,1.8918315036962732
2,2,2,fam,0.03821656050955414,3.264486336120253,220.0,1.8918315036962732
3,3,0,fam,0.08540278619018779,2.4603765535419595,220.0,1.8918315036962732
4,4,1,fam,0.08179128719763329,2.5035845545227646,220.0,1.8918315036962732
5,5,2,fam,0.07879251862241621,2.5409372279654137,220.0,1.8918315036962732
6,6,0,fam,0.10821888833410241,2.223599359098053,220.0,1.8918315036962732
7,7,1,fam,0.10519465420233054,2.2519427955368823,220.0,1.8918315036962732
8,8,2,fam,0.1026138165134427,2.276782691438123,220.0,1.8918315036962732
9,9,0,fam,0.12200051222949669,2.103730035655263,220.0,1.8918315036962732
10,10,1,fam,0.11967367737285642,2.1229865955895253,220.0,1.8918315036962732
11,11,2,fam,0.11765413206551752,2.1400060427466605,220.0,1.8918315036962732
12,12,0,fam,0.13085461746468469,2.033668362400208,220.0,1.8918315036962732
13,13,1,fam,0.12911612016014704,2.047043123237957,220.0,1.8918315036962732
14,14,2,fam,0.12759050208543146,2.0589293459090263,220.0,1.8918315036962732
15,15,0,fam,0.13677032344311577,1.9894522312226006,220.0,1.8918315036962732
16,16,1,fam,0.13548724044158353,1.9988778095791015,220.0,1.8918315036962732
17,17,2,fam,0.13435287664756485,2.0072855325565246,220.0,1.8918315036962732
18,18,0,fam,0.14082694258437875,1.9602234999817212,220.0,1.8918315036962732
19,19,1,fam,0.13988537596807044,1.9669319348112215,220.0,1.8918315036962732
20,20,2,fam,0.13904866658500506,1.9729312878123275,220.0,1.8918315036962732
21,21,0,fam,0.14365856961779086,1.9403158391037547,220.0,1.8918315036962732
22,22,1,fam,0.14296960106085613,1.9451232513145724,220.0,1.8918315036962732
23,23,2,fam,0.14235515527078552,1.9494302504534715,220.0,1.8918315036962732
24,24,0,fam,0.1456597123948202,1.9264821146909519,220.0,1.8918315036962732
25,25,1,fam,0.14515634588378323,1.9299438699784779,220.0,1.8918315036962732
26,26,2,fam,0.14470628137859792,1.9330492366213707,220.0,1.8918315036962732
27,27,0,fam,0.1470863326865669,1.9167355674073707,220.0,1.8918315036962732
28,28,1,fam,0.1467188815845948,1.919236893290694,220.0,1.8918315036962732
29,29,2,fam,0.1463897417939604,1.9214827496233082,220.0,1.8918315036962732
30,30,0,fam,0.14810971055078348,1.9098019923306055,220.0,1.8918315036962732
31,31,1,fam,0.14784160850932485,1.9116137910794653,220.0,1.8918315036962732
32,32,2,fam,0.14760114519748846,1.9132416080552919,220.0,1.8918315036962732
33,33,0,fam,0.1488470998551825,1.9048356753837754,220.0,1.8918315036962732
34,34,1,fam,0.14865154377944198,1.9061503442610326,220.0,1.8918315036962732
35,35,2,fam,0.1484759821299925,1.9073320703185077,220.0,1.8918315036962732
36,36,0,fam,0.1493801275002077,1.9012610305242748,220.0,1.8918315036962732
37,37,1,fam,0.14923751359416138,1.9022161912198472,220.0,1.8918315036962732
38,38,2,fam,0.14910939370245974,1.9030750564967704,220.0,1.8918315036962732
39,39,0,fam,0.1497663241180533,1.8986790387920611,220.0,1.8918315036962732
40,40,1,fam,0.14966233194388256,1.8993736428404482,220.0,1.8918315036962732
41,41,2,fam,0.14956886238621367,1.8999983742353028,220.0,1.8918315036962732
42,42,0,fam,0.1500466064520183,1.8968093234660155,220.0,1.8918315036962732
43,43,1,fam,0.14997078269219144,1.897314785910426,220.0,1.8918315036962732
44,44,2,fam,0.14990260679956882,1.8977694837674968,220.0,1.8918315036962732
45,45,0,fam,0.15025026919638396,1.8954529139119596,220.0,1.8918315036962732
46,46,1,fam,0.15019498678455503,1.8958209171428464,220.0,1.8918315036962732
47,47,2,fam,0.1501452673844162,1.8961520043008473,220.0,1.8918315036962732
48,48,0,fam,0.15039838844424033,1.8944675826551858,220.0,1.8918315036962732
49,49,1,fam,0.15035808400572345,1.8947356030800155,220.0,1.8918315036962732
50,50,2,fam,0.15032182847625525,1.8949767600588414,220.0,1.8918315036962732
51,51,0,fam,0.1505061814728826,1.8937511227271564,220.0,1.8918315036962732
52,52,1,fam,0.15047679768434344,1.8939463748886893,220.0,1.8918315036962732
53,53,2,fam,0.15045036208267157,1.894122069244495,220.0,1.8918315036962732
54,54,0,fam,0.15058466401652068,1.8932298013612545,220.0,1.8918315036962732
55,55,1,fam,0.1505632422651241,1.8933720686723392,220.0,1.8918315036962732
56,56,2,fam,0.150543967899251,1.8935000919494231,220.0,1.8918315036962732
57,57,0,fam,0.1506418254903195,1.8928502764756543,220.0,1.8918315036962732
58,58,1,fam,0.15062620852413783,1.8929539513726392,220.0,1.8918315036962732
59,59,2,fam,0.1506121560228119,1.893047249590861,220.0,1.8918315036962732
60,60,0,fam,0.15068346844328973,1.8925738778189618,220.0,1.8918315036962732
61,61,1,fam,0.15067208340647986,1.892649436651347,220.0,1.8918315036962732
62,62,2,fam,0.15066183834420593,1.8927174347195257,220.0,1.8918315036962732
63,63,0,fam,0.15071381141529083,1.8923725291397844,220.0,1.8918315036962732
64,64,1,fam,0.15070551158165807,1.8924276008156964,220.0,1.8918315036962732
65,65,2,fam,0.15069804251294497,1.89247716273103,220.0,1.8918315036962732
66,66,3,recov,0.025220203957831863,3.680109861331678,220.0,1.8918315036962732
67,67,4,recov,0.025219191599810765,3.680150002892061,220.0,1.8918315036962732
68,68,5,recov,0.02521828054707822,3.680186128918758,220.0,1.8918315036962732
69,69,3,recov,0.05926103254135755,2.825803313070903,220.0,1.8918315036962732
70,70,4,recov,0.05925929857862339,2.825832573244544,220.0,1.8918315036962732
71,71,5,recov,0.05925773809891774,2.825858906668826,220.0,1.8918315036962732
72,72,3,recov,0.08407212984285728,2.4760801599955258,220.0,1.8918315036962732
73,73,4,recov,0.08407033668249068,2.4761014890553845,220.0,1.8918315036962732
74,74,5,recov,0.08406872290356018,2.4761206848203012,220.0,1.8918315036962732
75,75,3,recov,0.1021569402905773,2.2812450178769117,220.0,1.8918315036962732
76,76,4,recov,0.10215535196366395,2.2812605659077803,220.0,1.8918315036962732
77,77,5,recov,0.10215392251167006,2.2812745589288763,220.0,1.8918315036962732
78,78,3,recov,0.11533944964308644,2.159875762411193,220.0,1.8918315036962732
79,79,4,recov,0.11533814238615767,2.1598870964720116,220.0,1.8918315036962732
80,80,5,recov,0.11533696588025764,2.1598972970169155,220.0,1.8918315036962732
81,81,3,recov,0.12494879889821381,2.079851234406731,220.0,1.8918315036962732
82,82,4,recov,0.12494776653936107,2.079859496695978,220.0,1.8918315036962732
83,83,5,recov,0.12494683743097915,2.0798669326979335,220.0,1.8918315036962732
84,84,3,recov,0.13195364249853136,2.025304611271482,220.0,1.8918315036962732
85,85,4,recov,0.1319528477334818,2.0253106343522247,220.0,1.8918315036962732
86,86,5,recov,0.13195213245312276,2.025316055093876,220.0,1.8918315036962732
87,87,3,recov,0.1370599757972914,1.9873366694092451,220.0,1.8918315036962732
88,88,4,recov,0.137059374001458,1.9873410601670216,220.0,1.8918315036962732
89,89,5,recov,0.13705883238972633,1.987345011832537,220.0,1.8918315036962732
90,90,3,recov,0.14078238771902735,1.9605399303050712,220.0,1.8918315036962732
91,91,4,recov,0.14078193709978823,1.9605431311313082,220.0,1.8918315036962732
92,92,5,recov,0.14078153154493944,1.9605460118661615,220.0,1.8918315036962732
93,93,3,recov,0.14349597018252933,1.9414483265284899,220.0,1.8918315036962732
94,94,4,recov,0.14349563535184848,1.9414506599115882,220.0,1.8918315036962732
95,95,5,recov,0.1434953340055717,1.9414527599517215,220.0,1.8918315036962732
96,96,3,recov,0.14547414213022788,1.9277569254822051,220.0,1.8918315036962732
97,97,4,recov,0.1454738946751315,1.9277586265082653,220.0,1.8918315036962732
98,98,5,recov,0.14547367196626454,1.9277601574292456,220.0,1.8918315036962732
99,99,3,recov,0.14691621371351435,1.9178928294387485,220.0,1.8918315036962732
100,100,4,recov,0.14691603153126848,1.9178940694813158,220.0,1.8918315036962732
101,101,5,recov,0.1469158675676335,1.9178951855183117,220.0,1.8918315036962732
102,102,3,recov,0.14796747551883985,1.9107627893766297,220.0,1.8918315036962732
103,103,4,recov,0.1479673417580565,1.9107636933647754,220.0,1.8918315036962732
104,104,5,recov,0.14796722137355825,1.9107645069534078,220.0,1.8918315036962732
105,105,3,recov,0.1487338409220827,1.9055968729139174,220.0,1.8918315036962732
106,106,4,recov,0.1487337429056475,1.9055975319197422,220.0,1.8918315036962732
107,107,5,recov,0.14873365469096633,1.9055981250246128,220.0,1.8918315036962732
108,108,3,recov,0.1492925189346432,1.9018476832969533,220.0,1.8918315036962732
109,109,4,recov,0.14929244721237991,1.9018481637113842,220.0,1.8918315036962732
110,110,5,recov,0.14929238266240188,1.9018485960841747,220.0,1.8918315036962732
111,111,3,recov,0.14969979394820299,1.8991233639890115,220.0,1.8918315036962732
112,112,4,recov,0.1496997415200978,1.8991237142106985,220.0,1.8918315036962732
113,113,5,recov,0.1496996943348345,1.899124029410112,220.0,1.8918315036962732
114,114,3,recov,0.1499966967647522,1.8971420066966784,220.0,1.8918315036962732
115,115,4,recov,0.14999665846889348,1.897142262008058,220.0,1.8918315036962732
116,116,5,recov,0.1499966240026374,1.8971424917882436,220.0,1.8918315036962732
117,117,3,recov,0.15021313856283658,1.895700069690517,220.0,1.8918315036962732
118,118,4,recov,0.15021311060488843,1.8957002558123903,220.0,1.8918315036962732
119,119,5,recov,0.150213085442744,1.8957004233220467,220.0,1.8918315036962732
120,120,3,recov,0.15037092444488329,1.8946502076654939,220.0,1.8918315036962732
121,121,4,recov,0.1503709040421395,1.8946503433482746,220.0,1.8918315036962732
122,122,5,recov,0.15037088567967483,1.8946504654627616,220.0,1.8918315036962732
123,123,3,recov,0.15048595025258235,1.8938855529543837,220.0,1.8918315036962732
124,124,4,recov,0.15048593536760954,1.8938856518670963,220.0,1.8918315036962732
125,125,5,recov,0.15048592197113653,1.8938857408885292,220.0,1.8918315036962732
126,126,3,recov,0.1505698040130846,1.893328488281262,220.0,1.8918315036962732
127,127,4,recov,0.15056979315589558,1.893328560388611,220.0,1.8918315036962732
128,128,5,recov,0.1505697833844268,1.8933286252852206,220.0,1.8918315036962732
129,129,3,recov,0.15063093337615946,1.8929225838041082,220.0,1.8918315036962732
130,130,4,recov,0.1506309254580567,1.892922636370356,220.0,1.8918315036962732
131,131,5,recov,0.15063091833176495,1.8929226836799764,220.0,1.8918315036962732
132,132,3,recov,0.15067549666678465,1.8926267833398183,220.0,1.8918315036962732
133,133,4,recov,0.1506754908927808,1.8926268216606075,220.0,1.8918315036962732
134,134,5,recov,0.15067548569617767,1.892626856149317,220.0,1.8918315036962732
135,135,3,recov,0.15070798329764884,1.8924111999840627,220.0,1.8918315036962732
136,136,4,recov,0.15070797908749287,1.8924112279199155,220.0,1.8918315036962732
137,137,5,recov,0.1507079752983527,1.8924112530621822,220.0,1.8918315036962732
138,138,3,recov,0.15073166604729646,1.8922540690309992,220.0,1.8918315036962732
139,139,4,recov,0.15073166297761065,1.8922540893962345,220.0,1.8918315036962732
140,140,5,recov,0.15073166021489354,1.8922541077249457,220.0,1.8918315036962732
141,141,3,recov,0.15074893076952967,1.8921395361394342,220.0,1.8918315036962732
142,142,4,recov,0.1507489285314725,1.89213955098569,220.0,1.8918315036962732
143,143,5,recov,0.15074892651722113,1.8921395643473198,220.0,1.8918315036962732
144,144,3,recov,0.15076151675083668,1.8920560499357697,220.0,1.8918315036962732
145,145,4,recov,0.15076151511915686,1.8920560607586896,220.0,1.8918315036962732
146,146,5,recov,0.15076151365064505,1.8920560704993175,220.0,1.8918315036962732
147,147,3,recov,0.15077069193057127,1.891995192889834,220.0,1.8918315036962732
148,148,4,recov,0.15077069074100433,1.8919952007797423,220.0,1.8918315036962732
149,149,5,recov,0.1507706896703941,1.89199520788066,220.0,1.8918315036962732
150,150,3,recov,0.1507773806362586,1.891950830439552,220.0,1.8918315036962732
151,151,4,recov,0.1507773797690258,1.8919508361912953,220.0,1.8918315036962732
152,152,5,recov,0.15077737898851631,1.8919508413678643,220.0,1.8918315036962732
153,153,3,recov,0.15078225670252435,1.8919184914547382,220.0,1.8918315036962732
154,154,4,recov,0.15078225607029122,1.891918495647759,220.0,1.8918315036962732
155,155,5,recov,0.15078225550128144,1.8919184994214775,220.0,1.8918315036962732
156,156,3,recov,0.15078581135473632,1.8918949169945174,220.0,1.8918315036962732
157,157,4,recov,0.1507858108938275,1.8918949200512296,220.0,1.8918315036962732
158,158,5,recov,0.15078581047900957,1.8918949228022706,220.0,1.8918315036962732
159,159,3,recov,0.1507884026961479,1.891877731563596,220.0,1.8918315036962732
160,160,4,recov,0.15078840236013963,1.8918777337919388,220.0,1.8918315036962732
161,161,5,recov,0.15078840205773217,1.8918777357974477,220.0,1.8918315036962732
162,162,3,recov,0.1507902917840099,1.8918652035707595,220.0,1.8918315036962732
163,163,4,recov,0.15079029153905682,1.8918652051952214,220.0,1.8918315036962732
164,164,5,recov,0.150790291318599,1.8918652066572375,220.0,1.8918315036962732
165,165,3,recov,0.15079166892904694,1.8918560707629895,220.0,1.8918315036962732
166,166,4,recov,0.15079166875047448,1.8918560719472224,220.0,1.8918315036962732
167,167,5,recov,0.1507916685897593,1.891856073013032,220.0,1.8918315036962732
168,168,3,recov,0.1507926728677713,1.891849412998741,220.0,1.8918315036962732
169,169,4,recov,0.1507926727375911,1.891849413862047,220.0,1.8918315036962732
170,170,5,recov,0.15079267262042892,1.8918494146390221,220.0,1.8918315036962732
171,171,3,recov,0.15079340473909725,1.891844559516566,220.0,1.8918315036962732
172,172,4,recov,0.15079340464419544,1.891844560145916,220.0,1.8918315036962732
173,173,5,recov,0.15079340455878384,1.8918445607123304,220.0,1.8918315036962732
174,174,3,recov,0.15079393827329177,1.89184102134292,220.0,1.8918315036962732
175,175,4,recov,0.1507939382041081,1.8918410218017159,220.0,1.8918315036962732
176,176,5,recov,0.1507939381418428,1.8918410222146325,220.0,1.8918315036962732
177,177,3,recov,0.1507943272197184,1.8918384420222292,220.0,1.8918315036962732
178,178,4,recov,0.15079432716928337,1.8918384423566916,220.0,1.8918315036962732
179,179,5,recov,0.15079432712389185,1.8918384426577077,220.0,1.8918315036962732
180,180,3,recov,0.15079461076166278,1.8918365617016426,220.0,1.8918315036962732
181,181,4,recov,0.15079461072489558,1.8918365619454656,220.0,1.8918315036962732
182,182,5,recov,0.1507946106918051,1.8918365621649065,220.0,1.8918315036962732
183,183,3,recov,0.15079481746373996,1.8918351909501652,220.0,1.8918315036962732
184,184,4,recov,0.15079481743693662,1.891835191127912,220.0,1.8918315036962732
185,185,5,recov,0.15079481741281364,1.8918351912878844,220.0,1.8918315036962732
186,186,3,recov,0.15079496814955404,1.8918341916735233,220.0,1.8918315036962732
187,187,4,recov,0.15079496813001442,1.8918341918031008,220.0,1.8918315036962732
188,188,5,recov,0.1507949681124287,1.8918341919197208,220.0,1.8918315036962732
189,189,3,recov,0.15079507799951242,1.8918334632014813,220.0,1.8918315036962732
190,190,4,recov,0.15079507798526798,1.8918334632959435,220.0,1.8918315036962732
191,191,5,recov,0.150795077972448,1.8918334633809595,220.0,1.8918315036962732
192,192,3,recov,0.15079515808013202,1.8918329321456975,220.0,1.8918315036962732
193,193,4,recov,0.1507951580697478,1.8918329322145606,220.0,1.8918315036962732
194,194,5,recov,0.15079515806040203,1.8918329322765373,220.0,1.8918315036962732
195,195,3,recov,0.15079521645890365,1.8918325450062092,220.0,1.8918315036962732
196,196,4,recov,0.15079521645133356,1.8918325450564104,220.0,1.8918315036962732
197,197,5,recov,0.1507952164445205,1.8918325451015912,220.0,1.8918315036962732
198,198,3,recov,0.15079525901702817,1.8918322627816169,220.0,1.8918315036962732
199,199,4,recov,0.15079525901150959,1.8918322628182134,220.0,1.8918315036962732
200,200,5,recov,0.15079525900654286,1.8918322628511501,220.0,1.8918315036962732
201,201,3,recov,0.15079529004190095,1.891832057039939,220.0,1.8918315036962732
202,202,4,recov,0.15079529003787792,1.8918320570666178,220.0,1.8918315036962732
203,203,5,recov,0.15079529003425718,1.8918320570906288,220.0,1.8918315036962732
204,204,3,recov,0.15079531265903318,1.8918319070542828,220.0,1.8918315036962732
205,205,4,recov,0.15079531265610038,1.8918319070737317,220.0,1.8918315036962732
206,206,5,recov,0.15079531265346088,1.8918319070912355,220.0,1.8918315036962732
207,207,3,recov,0.15079532914692262,1.8918317977147534,220.0,1.8918315036962732
208,208,4,recov,0.1507953291447846,1.8918317977289316,220.0,1.8918315036962732
209,209,5,recov,0.1507953291428604,1.891831797741692,220.0,1.8918315036962732
210,210,3,recov,0.150795341166594,1.891831718006244,220.0,1.8918315036962732
211,211,4,recov,0.15079534116503537,1.89183171801658,220.0,1.8918315036962732
212,212,5,recov,0.15079534116363263,1.8918317180258823,220.0,1.8918315036962732
213,213,3,recov,0.15079534992893442,1.8918316598987448,220.0,1.8918315036962732
214,214,4,recov,0.1507953499277982,1.8918316599062797,220.0,1.8918315036962732
215,215,5,recov,0.15079534992677562,1.891831659913061,220.0,1.8918315036962732
216,216,3,recov,0.1507953563166806,1.89183161753838,220.0,1.8918315036962732
217,217,4,recov,0.15079535631585228,1.891831617543873,220.0,1.8918315036962732
218,218,5,recov,0.15079535631510682,1.8918316175488163,220.0,1.8918315036962732
219,219,3,recov,0.15079536097334756,1.8918315866576751,220.0,1.8918315036962732
220,220,4,recov,0.15079536097274374,1.8918315866616793,220.0,1.8918315036962732
221,221,5,recov,0.15079536097220028,1.8918315866652833,220.0,1.8918315036962732
222,222,3,recov,0.1507953643680578,1.8918315641456418,220.0,1.8918315036962732
223,223,4,recov,0.1507953643676176,1.891831564148561,220.0,1.8918315036962732
224,224,5,recov,0.1507953643672214,1.8918315641511882,220.0,1.8918315036962732
225,225,3,recov,0.1507953668428015,1.8918315477343701,220.0,1.8918315036962732
226,226,4,recov,0.15079536684248063,1.891831547736498,220.0,1.8918315036962732
227,227,5,recov,0.1507953668421918,1.8918315477384133,220.0,1.8918315036962732
228,228,3,recov,0.15079536864688972,1.8918315357705529,220.0,1.8918315036962732
229,229,4,recov,0.15079536864665577,1.8918315357721043,220.0,1.8918315036962732
230,230,5,recov,0.15079536864644522,1.8918315357735005,220.0,1.8918315036962732
231,231,3,recov,0.15079536996207002,1.8918315270489303,220.0,1.8918315036962732
232,232,4,recov,0.15079536996189946,1.8918315270500614,220.0,1.8918315036962732
233,233,5,recov,0.150795369961746,1.891831527051079,220.0,1.8918315036962732
234,234,3,recov,0.15079537092083642,1.8918315206908678,220.0,1.8918315036962732
235,235,4,recov,0.15079537092071213,1.891831520691692,220.0,1.8918315036962732
236,236,5,recov,0.15079537092060022,1.891831520692434,220.0,1.8918315036962732
237,237,3,recov,0.15079537161977716,1.8918315160558399,220.0,1.8918315036962732
238,238,4,recov,0.15079537161968654,1.891831516056441,220.0,1.8918315036962732
239,239,5,recov,0.15079537161960493,1.891831516056982,220.0,1.8918315036962732
240,240,3,recov,0.15079537212930497,1.8918315126769045,220.0,1.8918315036962732
241,241,4,recov,0.1507953721292389,1.8918315126773426,220.0,1.8918315036962732
242,242,5,recov,0.15079537212917943,1.891831512677737,220.0,1.8918315036962732
243,243,3,recov,0.15079537250075073,1.8918315102136607,220.0,1.8918315036962732
244,244,4,recov,0.15079537250070255,1.8918315102139802,220.0,1.8918315036962732
245,245,5,recov,0.1507953725006592,1.8918315102142678,220.0,1.8918315036962732
246,246,3,recov,0.15079537277153468,1.8918315084179562,220.0,1.8918315036962732
247,247,4,recov,0.15079537277149957,1.891831508418189,220.0,1.8918315036962732
248,248,5,recov,0.15079537277146796,1.8918315084183985,220.0,1.8918315036962732
249,249,3,recov,0.15079537296893616,1.8918315071088876,220.0,1.8918315036962732
250,250,4,recov,0.1507953729689106,1.891831507109057,220.0,1.8918315036962732
251,251,5,recov,0.15079537296888756,1.8918315071092098,220.0,1.8918315036962732
252,252,3,recov,0.1507953731128419,1.891831506154576,220.0,1.8918315036962732
253,253,4,recov,0.15079537311282323,1.8918315061547,220.0,1.8918315036962732
254,254,5,recov,0.15079537311280644,1.8918315061548114,220.0,1.8918315036962732
255,255,3,recov,0.15079537321774913,1.8918315054588835,220.0,1.8918315036962732
256,256,4,recov,0.15079537321773553,1.8918315054589738,220.0,1.8918315036962732
257,257,5,recov,0.1507953732177233,1.8918315054590549,220.0,1.8918315036962732
258,258,3,recov,0.15079537329422651,1.8918315049517236,220.0,1.8918315036962732
259,259,4,recov,0.15079537329421663,1.891831504951789,220.0,1.8918315036962732
260,260,5,recov,0.1507953732942077,1.8918315049518484,220.0,1.8918315036962732
261,261,3,recov,0.15079537334997853,1.891831504582004,220.0,1.8918315036962732
262,262,4,recov,0.1507953733499713,1.8918315045820517,220.0,1.8918315036962732
263,263,5,recov,0.1507953733499648,1.891831504582095,220.0,1.8918315036962732
264,264,3,recov,0.15079537339062174,1.8918315043124783,220.0,1.8918315036962732
265,265,4,recov,0.15079537339061647,1.8918315043125133,220.0,1.8918315036962732
266,266,5,recov,0.15079537339061175,1.8918315043125447,220.0,1.8918315036962732
267,267,3,recov,0.15079537342025068,1.8918315041159939,220.0,1.8918315036962732
268,268,4,recov,0.15079537342024685,1.8918315041160194,220.0,1.8918315036962732
269,269,5,recov,0.15079537342024338,1.8918315041160423,220.0,1.8918315036962732
270,270,3,recov,0.15079537344185015,1.891831503972757,220.0,1.8918315036962732
271,271,4,recov,0.15079537344184732,1.8918315039727758,220.0,1.8918315036962732
272,272,5,recov,0.1507953734418448,1.8918315039727924,220.0,1.8918315036962732
273,273,3,recov,0.15079537345759614,1.8918315038683373,220.0,1.8918315036962732
274,274,4,recov,0.1507953734575941,1.8918315038683509,220.0,1.8918315036962732
275,275,5,recov,0.15079537345759225,1.891831503868363,220.0,1.8918315036962732
276,276,3,recov,0.15079537346907498,1.8918315037922153,220.0,1.8918315036962732
277,277,4,recov,0.15079537346907348,1.8918315037922253,220.0,1.8918315036962732
278,278,5,recov,0.15079537346907215,1.8918315037922342,220.0,1.8918315036962732
279,279,3,recov,0.1507953734774431,1.8918315037367222,220.0,1.8918315036962732
280,280,4,recov,0.15079537347744199,1.8918315037367295,220.0,1.8918315036962732
281,281,5,recov,0.15079537347744104,1.891831503736736,220.0,1.8918315036962732
282,282,3,recov,0.15079537348354338,1.891831503696268,220.0,1.8918315036962732
283,283,4,recov,0.15079537348354263,1.8918315036962732,220.0,1.8918315036962732
284,284,5,recov,0.1507953734835419,1.8918315036962778,220.0,1.8918315036962732
285,285,0,fam_r,0.025210084045571717,3.680511203969075,220.0,1.8918315036962732
286,286,1,fam_r,0.02521008404557162,3.6805112039690786,220.0,1.8918315036962732
287,287,2,fam_r,0.025210084045571533,3.680511203969082,220.0,1.8918315036962732
288,288,0,fam_r,0.05924369748771013,2.8260958761401884,220.0,1.8918315036962732
289,289,1,fam_r,0.05924369748770997,2.826095876140191,220.0,1.8918315036962732
290,290,2,fam_r,0.05924369748770981,2.8260958761401938,220.0,1.8918315036962732
291,291,0,fam_r,0.0840542016870286,2.476293430049461,220.0,1.8918315036962732
292,292,1,fam_r,0.08405420168702842,2.476293430049463,220.0,1.8918315036962732
293,293,2,fam_r,0.08405420168702826,2.4762934300494646,220.0,1.8918315036962732
294,294,0,fam_r,0.1021410592483315,2.281400487262942,220.0,1.8918315036962732
295,295,1,fam_r,0.10214105924833135,2.281400487262944,220.0,1.8918315036962732
296,296,2,fam_r,0.10214105924833122,2.281400487262945,220.0,1.8918315036962732
297,297,0,fam_r,0.11532637841052122,2.1599890972097584,220.0,1.8918315036962732
298,298,1,fam_r,0.11532637841052108,2.1599890972097597,220.0,1.8918315036962732
299,299,2,fam_r,0.11532637841052099,2.15998909720976,220.0,1.8918315036962732
0,0,0,fam,0.043478260869565216,3.1354942159291497,293.33333333333337,1.8918315035874844
1,1,1,fam,0.04054054054054054,3.20545280453606,293.33333333333337,1.8918315035874844
2,2,2,fam,0.03821656050955414,3.264486336120253,293.33333333333337,1.8918315035874844
3,3,0,fam,0.08540278619018779,2.4603765535419595,293.33333333333337,1.8918315035874844
4,4,1,fam,0.08179128719763329,2.5035845545227646,293.33333333333337,1.8918315035874844
5,5,2,fam,0.07879251862241621,2.5409372279654137,293.33333333333337,1.8918315035874844
6,6,0,fam,0.10821888833410241,2.223599359098053,293.33333333333337,1.8918315035874844
7,7,1,fam,0.10519465420233054,2.2519427955368823,293.33333333333337,1.8918315035874844
8,8,2,fam,0.1026138165134427,2.276782691438123,293.33333333333337,1.8918315035874844
9,9,0,fam,0.12200051222949669,2.103730035655263,293.33333333333337,1.8918315035874844
10,10,1,fam,0.11967367737285642,2.1229865955895253,293.33333333333337,1.8918315035874844
11,11,2,fam,0.11765413206551752,2.1400060427466605,293.33333333333337,1.8918315035874844
12,12,0,fam,0.13085461746468469,2.033668362400208,293.33333333333337,1.8918315035874844
13,13,1,fam,0.12911612016014704,2.047043123237957,293.33333333333337,1.8918315035874844
14,14,2,fam,0.12759050208543146,2.0589293459090263,293.33333333333337,1.8918315035874844
15,15,0,fam,0.13677032344311577,1.9894522312226006,293.33333333333337,1.8918315035874844
16,16,1,fam,0.13548724044158353,1.9988778095791015,293.33333333333337,1.8918315035874844
17,17,2,fam,0.13435287664756485,2.0072855325565246,293.33333333333337,1.8918315035874844
18,18,0,fam,0.14082694258437875,1.9602234999817212,293.33333333333337,1.8918315035874844
19,19,1,fam,0.13988537596807044,1.9669319348112215,293.33333333333337,1.8918315035874844
20,20,2,fam,0.13904866658500506,1.9729312878123275,293.33333333333337,1.8918315035874844
21,21,0,fam,0.14365856961779086,1.9403158391037547,293.33333333333337,1.8918315035874844
22,22,1,fam,0.14296960106085613,1.9451232513145724,293.33333333333337,1.8918315035874844
23,23,2,fam,0.14235515527078552,1.9494302504534715,293.33333333333337,1.8918315035874844
24,24,0,fam,0.1456597123948202,1.9264821146909519,293.33333333333337,1.8918315035874844
25,25,1,fam,0.14515634588378323,1.9299438699784779,293.33333333333337,1.8918315035874844
26,26,2,fam,0.14470628137859792,1.9330492366213707,293.33333333333337,1.8918315035874844
27,27,0,fam,0.1470863326865669,1.9167355674073707,293.33333333333337,1.8918315035874844
28,28,1,fam,0.1467188815845948,1.919236893290694,293.33333333333337,1.8918315035874844
29,29,2,fam,0.1463897417939604,1.9214827496233082,293.33333333333337,1.8918315035874844
30,30,0,fam,0.14810971055078348,1.9098019923306055,293.33333333333337,1.8918315035874844
31,31,1,fam,0.14784160850932485,1.9116137910794653,293.33333333333337,1.8918315035874844
32,32,2,fam,0.14760114519748846,1.9132416080552919,293.33333333333337,1.8918315035874844
33,33,0,fam,0.1488470998551825,1.9048356753837754,293.33333333333337,1.8918315035874844
34,34,1,fam,0.14865154377944198,1.9061503442610326,293.33333333333337,1.8918315035874844
35,35,2,fam,0.1484759821299925,1.9073320703185077,293.33333333333337,1.8918315035874844
36,36,0,fam,0.1493801275002077,1.9012610305242748,293.33333333333337,1.8918315035874844
37,37,1,fam,0.14923751359416138,1.9022161912198472,293.33333333333337,1.8918315035874844
38,38,2,fam,0.14910939370245974,1.9030750564967704,293.33333333333337,1.8918315035874844
39,39,0,fam,0.1497663241180533,1.8986790387920611,293.33333333333337,1.8918315035874844
40,40,1,fam,0.14966233194388256,1.8993736428404482,293.33333333333337,1.8918315035874844
41,41,2,fam,0.14956886238621367,1.8999983742353028,293.33333333333337,1.8918315035874844
42,42,0,fam,0.1500466064520183,1.8968093234660155,293.33333333333337,1.8918315035874844
43,43,1,fam,0.14997078269219144,1.897314785910426,293.33333333333337,1.8918315035874844
44,44,2,fam,0.14990260679956882,1.8977694837674968,293.33333333333337,1.8918315035874844
45,45,0,fam,0.15025026919638396,1.8954529139119596,293.33333333333337,1.8918315035874844
46,46,1,fam,0.15019498678455503,1.8958209171428464,293.33333333333337,1.8918315035874844
47,47,2,fam,0.1501452673844162,1.8961520043008473,293.33333333333337,1.8918315035874844
48,48,0,fam,0.15039838844424033,1.8944675826551858,293.33333333333337,1.8918315035874844
49,49,1,fam,0.15035808400572345,1.8947356030800155,293.33333333333337,1.8918315035874844
50,50,2,fam,0.15032182847625525,1.8949767600588414,293.33333333333337,1.8918315035874844
51,51,0,fam,0.1505061814728826,1.8937511227271564,293.33333333333337,1.8918315035874844
52,52,1,fam,0.15047679768434344,1.8939463748886893,293.33333333333337,1.8918315035874844
53,53,2,fam,0.15045036208267157,1.894122069244495,293.33333333333337,1.8918315035874844
54,54,0,fam,0.15058466401652068,1.8932298013612545,293.33333333333337,1.8918315035874844
55,55,1,fam,0.1505632422651241,1.8933720686723392,293.33333333333337,1.8918315035874844
56,56,2,fam,0.150543967899251,1.8935000919494231,293.33333333333337,1.8918315035874844
57,57,0,fam,0.1506418254903195,1.8928502764756543,293.33333333333337,1.8918315035874844
58,58,1,fam,0.15062620852413783,1.8929539513726392,293.33333333333337,1.8918315035874844
59,59,2,fam,0.1506121560228119,1.893047249590861,293.33333333333337,1.8918315035874844
60,60,0,fam,0.15068346844328973,1.8925738778189618,293.33333333333337,1.8918315035874844
61,61,1,fam,0.15067208340647986,1.892649436651347,293.33333333333337,1.8918315035874844
62,62,2,fam,0.15066183834420593,1.8927174347195257,293.33333333333337,1.8918315035874844
63,63,0,fam,0.15071381141529083,1.8923725291397844,293.33333333333337,1.8918315035874844
64,64,1,fam,0.15070551158165807,1.8924276008156964,293.33333333333337,1.8918315035874844
65,65,2,fam,0.15069804251294497,1.89247716273103,293.33333333333337,1.8918315035874844
66,66,3,recov,0.025220203957831863,3.680109861331678,293.33333333333337,1.8918315035874844
67,67,4,recov,0.025219191599810765,3.680150002892061,293.33333333333337,1.8918315035874844
68,68,5,recov,0.02521828054707822,3.680186128918758,293.33333333333337,1.8918315035874844
69,69,3,recov,0.05926103254135755,2.825803313070903,293.33333333333337,1.8918315035874844
70,70,4,recov,0.05925929857862339,2.825832573244544,293.33333333333337,1.8918315035874844
71,71,5,recov,0.05925773809891774,2.825858906668826,293.33333333333337,1.8918315035874844
72,72,3,recov,0.08407212984285728,2.4760801599955258,293.33333333333337,1.8918315035874844
73,73,4,recov,0.08407033668249068,2.4761014890553845,293.33333333333337,1.8918315035874844
74,74,5,recov,0.08406872290356018,2.4761206848203012,293.33333333333337,1.8918315035874844
75,75,3,recov,0.1021569402905773,2.2812450178769117,293.33333333333337,1.8918315035874844
76,76,4,recov,0.10215535196366395,2.2812605659077803,293.33333333333337,1.8918315035874844
77,77,5,recov,0.10215392251167006,2.2812745589288763,293.33333333333337,1.8918315035874844
78,78,3,recov,0.11533944964308644,2.159875762411193,293.33333333333337,1.8918315035874844
79,79,4,recov,0.11533814238615767,2.1598870964720116,293.33333333333337,1.8918315035874844
80,80,5,recov,0.11533696588025764,2.1598972970169155,293.33333333333337,1.8918315035874844
81,81,3,recov,0.12494879889821381,2.079851234406731,293.33333333333337,1.8918315035874844
82,82,4,recov,0.12494776653936107,2.079859496695978,293.33333333333337,1.8918315035874844
83,83,5,recov,0.12494683743097915,2.0798669326979335,293.33333333333337,1.8918315035874844
84,84,3,recov,0.13195364249853136,2.025304611271482,293.33333333333337,1.8918315035874844
85,85,4,recov,0.1319528477334818,2.0253106343522247,293.33333333333337,1.8918315035874844
86,86,5,recov,0.13195213245312276,2.025316055093876,293.33333333333337,1.8918315035874844
87,87,3,recov,0.1370599757972914,1.9873366694092451,293.33333333333337,1.8918315035874844
88,88,4,recov,0.137059374001458,1.9873410601670216,293.33333333333337,1.8918315035874844
89,89,5,recov,0.13705883238972633,1.987345011832537,293.33333333333337,1.8918315035874844
90,90,3,recov,0.14078238771902735,1.9605399303050712,293.33333333333337,1.8918315035874844
91,91,4,recov,0.14078193709978823,1.9605431311313082,293.33333333333337,1.8918315035874844
92,92,5,recov,0.14078153154493944,1.9605460118661615,293.33333333333337,1.8918315035874844
93,93,3,recov,0.14349597018252933,1.9414483265284899,293.33333333333337,1.8918315035874844
94,94,4,recov,0.14349563535184848,1.9414506599115882,293.33333333333337,1.8918315035874844
95,95,5,recov,0.1434953340055717,1.9414527599517215,293.33333333333337,1.8918315035874844
96,96,3,recov,0.14547414213022788,1.9277569254822051,293.33333333333337,1.8918315035874844
97,97,4,recov,0.1454738946751315,1.9277586265082653,293.33333333333337,1.8918315035874844
98,98,5,recov,0.14547367196626454,1.9277601574292456,293.33333333333337,1.8918315035874844
99,99,3,recov,0.14691621371351435,1.9178928294387485,293.33333333333337,1.8918315035874844
100,100,4,recov,0.14691603153126848,1.9178940694813158,293.33333333333337,1.8918315035874844
101,101,5,recov,0.1469158675676335,1.9178951855183117,293.33333333333337,1.8918315035874844
102,102,3,recov,0.14796747551883985,1.9107627893766297,293.33333333333337,1.8918315035874844
103,103,4,recov,0.1479673417580565,1.9107636933647754,293.33333333333337,1.8918315035874844
104,104,5,recov,0.14796722137355825,1.9107645069534078,293.33333333333337,1.8918315035874844
105,105,3,recov,0.1487338409220827,1.9055968729139174,293.33333333333337,1.8918315035874844
106,106,4,recov,0.1487337429056475,1.9055975319197422,293.33333333333337,1.8918315035874844
107,107,5,recov,0.14873365469096633,1.9055981250246128,293.33333333333337,1.8918315035874844
108,108,3,recov,0.1492925189346432,1.9018476832969533,293.33333333333337,1.8918315035874844
109,109,4,recov,0.14929244721237991,1.9018481637113842,293.33333333333337,1.8918315035874844
110,110,5,recov,0.14929238266240188,1.9018485960841747,293.33333333333337,1.8918315035874844
111,111,3,recov,0.14969979394820299,1.8991233639890115,293.33333333333337,1.8918315035874844
112,112,4,recov,0.1496997415200978,1.8991237142106985,293.33333333333337,1.8918315035874844
113,113,5,recov,0.1496996943348345,1.899124029410112,293.33333333333337,1.8918315035874844
114,114,3,recov,0.1499966967647522,1.8971420066966784,293.33333333333337,1.8918315035874844
115,115,4,recov,0.14999665846889348,1.897142262008058,293.33333333333337,1.8918315035874844
116,116,5,recov,0.1499966240026374,1.8971424917882436,293.33333333333337,1.8918315035874844
117,117,3,recov,0.15021313856283658,1.895700069690517,293.33333333333337,1.8918315035874844
118,118,4,recov,0.15021311060488843,1.8957002558123903,293.33333333333337,1.8918315035874844
119,119,5,recov,0.150213085442744,1.8957004233220467,293.33333333333337,1.8918315035874844
120,120,3,recov,0.15037092444488329,1.8946502076654939,293.33333333333337,1.8918315035874844
121,121,4,recov,0.1503709040421395,1.8946503433482746,293.33333333333337,1.8918315035874844
122,122,5,recov,0.15037088567967483,1.8946504654627616,293.33333333333337,1.8918315035874844
123,123,3,recov,0.15048595025258235,1.8938855529543837,293.33333333333337,1.8918315035874844
124,124,4,recov,0.15048593536760954,1.8938856518670963,293.33333333333337,1.8918315035874844
125,125,5,recov,0.15048592197113653,1.8938857408885292,293.33333333333337,1.8918315035874844
126,126,3,recov,0.1505698040130846,1.893328488281262,293.33333333333337,1.8918315035874844
127,127,4,recov,0.15056979315589558,1.893328560388611,293.33333333333337,1.8918315035874844
128,128,5,recov,0.1505697833844268,1.8933286252852206,293.33333333333337,1.8918315035874844
129,129,3,recov,0.15063093337615946,1.8929225838041082,293.33333333333337,1.8918315035874844
130,130,4,recov,0.1506309254580567,1.892922636370356,293.33333333333337,1.8918315035874844
131,131,5,recov,0.15063091833176495,1.8929226836799764,293.33333333333337,1.8918315035874844
132,132,3,recov,0.15067549666678465,1.8926267833398183,293.33333333333337,1.8918315035874844
133,133,4,recov,0.1506754908927808,1.8926268216606075,293.33333333333337,1.8918315035874844
134,134,5,recov,0.15067548569617767,1.892626856149317,293.33333333333337,1.8918315035874844
135,135,3,recov,0.15070798329764884,1.8924111999840627,293.33333333333337,1.8918315035874844
136,136,4,recov,0.15070797908749287,1.8924112279199155,293.33333333333337,1.8918315035874844
137,137,5,recov,0.1507079752983527,1.8924112530621822,293.33333333333337,1.8918315035874844
138,138,3,recov,0.15073166604729646,1.8922540690309992,293.33333333333337,1.8918315035874844
139,139,4,recov,0.15073166297761065,1.8922540893962345,293.33333333333337,1.8918315035874844
140,140,5,recov,0.15073166021489354,1.8922541077249457,293.33333333333337,1.8918315035874844
141,141,3,recov,0.15074893076952967,1.8921395361394342,293.33333333333337,1.8918315035874844
142,142,4,recov,0.1507489285314725,1.89213955098569,293.33333333333337,1.8918315035874844
143,143,5,recov,0.15074892651722113,1.8921395643473198,293.33333333333337,1.8918315035874844
144,144,3,recov,0.15076151675083668,1.8920560499357697,293.33333333333337,1.8918315035874844
145,145,4,recov,0.15076151511915686,1.8920560607586896,293.33333333333337,1.8918315035874844
146,146,5,recov,0.15076151365064505,1.8920560704993175,293.33333333333337,1.8918315035874844
147,147,3,recov,0.15077069193057127,1.891995192889834,293.33333333333337,1.8918315035874844
148,148,4,recov,0.15077069074100433,1.8919952007797423,293.33333333333337,1.8918315035874844
149,149,5,recov,0.1507706896703941,1.89199520788066,293.33333333333337,1.8918315035874844
150,150,3,recov,0.1507773806362586,1.891950830439552,293.33333333333337,1.8918315035874844
151,151,4,recov,0.1507773797690258,1.8919508361912953,293.33333333333337,1.8918315035874844
152,152,5,recov,0.15077737898851631,1.8919508413678643,293.33333333333337,1.8918315035874844
153,153,3,recov,0.15078225670252435,1.8919184914547382,293.33333333333337,1.8918315035874844
154,154,4,recov,0.15078225607029122,1.891918495647759,293.33333333333337,1.8918315035874844
155,155,5,recov,0.15078225550128144,1.8919184994214775,293.33333333333337,1.8918315035874844
156,156,3,recov,0.15078581135473632,1.8918949169945174,293.33333333333337,1.8918315035874844
157,157,4,recov,0.1507858108938275,1.8918949200512296,293.33333333333337,1.8918315035874844
158,158,5,recov,0.15078581047900957,1.8918949228022706,293.33333333333337,1.8918315035874844
159,159,3,recov,0.1507884026961479,1.891877731563596,293.33333333333337,1.8918315035874844
160,160,4,recov,0.15078840236013963,1.8918777337919388,293.33333333333337,1.8918315035874844
161,161,5,recov,0.15078840205773217,1.8918777357974477,293.33333333333337,1.8918315035874844
162,162,3,recov,0.1507902917840099,1.8918652035707595,293.33333333333337,1.8918315035874844
163,163,4,recov,0.15079029153905682,1.8918652051952214,293.33333333333337,1.8918315035874844
164,164,5,recov,0.150790291318599,1.8918652066572375,293.33333333333337,1.8918315035874844
165,165,3,recov,0.15079166892904694,1.8918560707629895,293.33333333333337,1.8918315035874844
166,166,4,recov,0.15079166875047448,1.8918560719472224,293.33333333333337,1.8918315035874844
167,167,5,recov,0.1507916685897593,1.891856073013032,293.33333333333337,1.8918315035874844
168,168,3,recov,0.1507926728677713,1.891849412998741,293.33333333333337,1.8918315035874844
169,169,4,recov,0.1507926727375911,1.891849413862047,293.33333333333337,1.8918315035874844
170,170,5,recov,0.15079267262042892,1.8918494146390221,293.33333333333337,1.8918315035874844
171,171,3,recov,0.15079340473909725,1.891844559516566,293.33333333333337,1.8918315035874844
172,172,4,recov,0.15079340464419544,1.891844560145916,293.33333333333337,1.8918315035874844
173,173,5,recov,0.15079340455878384,1.8918445607123304,293.33333333333337,1.8918315035874844
174,174,3,recov,0.15079393827329177,1.89184102134292,293.33333333333337,1.8918315035874844
175,175,4,recov,0.1507939382041081,1.8918410218017159,293.33333333333337,1.8918315035874844
176,176,5,recov,0.1507939381418428,1.8918410222146325,293.33333333333337,1.8918315035874844
177,177,3,recov,0.1507943272197184,1.8918384420222292,293.33333333333337,1.8918315035874844
178,178,4,recov,0.15079432716928337,1.8918384423566916,293.33333333333337,1.8918315035874844
179,179,5,recov,0.15079432712389185,1.8918384426577077,293.33333333333337,1.8918315035874844
180,180,3,recov,0.15079461076166278,1.8918365617016426,293.33333333333337,1.8918315035874844
181,181,4,recov,0.15079461072489558,1.8918365619454656,293.33333333333337,1.8918315035874844
182,182,5,recov,0.1507946106918051,1.8918365621649065,293.33333333333337,1.8918315035874844
183,183,3,recov,0.15079481746373996,1.8918351909501652,293.33333333333337,1.8918315035874844
184,184,4,recov,0.15079481743693662,1.891835191127912,293.33333333333337,1.8918315035874844
185,185,5,recov,0.15079481741281364,1.8918351912878844,293.33333333333337,1.8918315035874844
186,186,3,recov,0.15079496814955404,1.8918341916735233,293.33333333333337,1.8918315035874844
187,187,4,recov,0.15079496813001442,1.8918341918031008,293.33333333333337,1.8918315035874844
188,188,5,recov,0.1507949681124287,1.8918341919197208,293.33333333333337,1.8918315035874844
189,189,3,recov,0.15079507799951242,1.8918334632014813,293.33333333333337,1.8918315035874844
190,190,4,recov,0.15079507798526798,1.8918334632959435,293.33333333333337,1.8918315035874844
191,191,5,recov,0.150795077972448,1.8918334633809595,293.33333333333337,1.8918315035874844
192,192,3,recov,0.15079515808013202,1.8918329321456975,293.33333333333337,1.8918315035874844
193,193,4,recov,0.1507951580697478,1.8918329322145606,293.33333333333337,1.8918315035874844
194,194,5,recov,0.15079515806040203,1.8918329322765373,293.33333333333337,1.8918315035874844
195,195,3,recov,0.15079521645890365,1.8918325450062092,293.33333333333337,1.8918315035874844
196,196,4,recov,0.15079521645133356,1.8918325450564104,293.33333333333337,1.8918315035874844
197,197,5,recov,0.1507952164445205,1.8918325451015912,293.33333333333337,1.8918315035874844
198,198,3,recov,0.15079525901702817,1.8918322627816169,293.33333333333337,1.8918315035874844
199,199,4,recov,0.15079525901150959,1.8918322628182134,293.33333333333337,1.8918315035874844
200,200,5,recov,0.15079525900654286,1.8918322628511501,293.33333333333337,1.8918315035874844
201,201,3,recov,0.15079529004190095,1.891832057039939,293.33333333333337,1.8918315035874844
202,202,4,recov,0.15079529003787792,1.8918320570666178,293.33333333333337,1.8918315035874844
203,203,5,recov,0.15079529003425718,1.8918320570906288,293.33333333333337,1.8918315035874844
204,204,3,recov,0.15079531265903318,1.8918319070542828,293.33333333333337,1.8918315035874844
205,205,4,recov,0.15079531265610038,1.8918319070737317,293.33333333333337,1.8918315035874844
206,206,5,recov,0.15079531265346088,1.8918319070912355,293.33333333333337,1.8918315035874844
207,207,3,recov,0.15079532914692262,1.8918317977147534,293.33333333333337,1.8918315035874844
208,208,4,recov,0.1507953291447846,1.8918317977289316,293.33333333333337,1.8918315035874844
209,209,5,recov,0.1507953291428604,1.891831797741692,293.33333333333337,1.8918315035874844
210,210,3,recov,0.150795341166594,1.891831718006244,293.33333333333337,1.8918315035874844
211,211,4,recov,0.15079534116503537,1.89183171801658,293.33333333333337,1.8918315035874844
212,212,5,recov,0.15079534116363263,1.8918317180258823,293.33333333333337,1.8918315035874844
213,213,3,recov,0.15079534992893442,1.8918316598987448,293.33333333333337,1.8918315035874844
214,214,4,recov,0.1507953499277982,1.8918316599062797,293.33333333333337,1.8918315035874844
215,215,5,recov,0.15079534992677562,1.891831659913061,293.33333333333337,1.8918315035874844
216,216,3,recov,0.1507953563166806,1.89183161753838,293.33333333333337,1.8918315035874844
217,217,4,recov,0.15079535631585228,1.891831617543873,293.33333333333337,1.8918315035874844
218,218,5,recov,0.15079535631510682,1.8918316175488163,293.33333333333337,1.8918315035874844
219,219,3,recov,0.15079536097334756,1.8918315866576751,293.33333333333337,1.8918315035874844
220,220,4,recov,0.15079536097274374,1.8918315866616793,293.33333333333337,1.8918315035874844
221,221,5,recov,0.15079536097220028,1.8918315866652833,293.33333333333337,1.8918315035874844
222,222,3,recov,0.1507953643680578,1.8918315641456418,293.33333333333337,1.8918315035874844
223,223,4,recov,0.1507953643676176,1.891831564148561,293.33333333333337,1.8918315035874844
224,224,5,recov,0.1507953643672214,1.8918315641511882,293.33333333333337,1.8918315035874844
225,225,3,recov,0.1507953668428015,1.8918315477343701,293.33333333333337,1.8918315035874844
226,226,4,recov,0.15079536684248063,1.891831547736498,293.33333333333337,1.8918315035874844
227,227,5,recov,0.1507953668421918,1.8918315477384133,293.33333333333337,1.8918315035874844
228,228,3,recov,0.15079536864688972,1.8918315357705529,293.33333333333337,1.8918315035874844
229,229,4,recov,0.15079536864665577,1.8918315357721043,293.33333333333337,1.8918315035874844
230,230,5,recov,0.15079536864644522,1.8918315357735005,293.33333333333337,1.8918315035874844
231,231,3,recov,0.15079536996207002,1.8918315270489303,293.33333333333337,1.8918315035874844
232,232,4,recov,0.15079536996189946,1.8918315270500614,293.33333333333337,1.8918315035874844
233,233,5,recov,0.150795369961746,1.891831527051079,293.33333333333337,1.8918315035874844
234,234,3,recov,0.15079537092083642,1.8918315206908678,293.33333333333337,1.8918315035874844
235,235,4,recov,0.15079537092071213,1.891831520691692,293.33333333333337,1.8918315035874844
236,236,5,recov,0.15079537092060022,1.891831520692434,293.33333333333337,1.8918315035874844
237,237,3,recov,0.15079537161977716,1.8918315160558399,293.33333333333337,1.8918315035874844
238,238,4,recov,0.15079537161968654,1.891831516056441,293.33333333333337,1.8918315035874844
239,239,5,recov,0.15079537161960493,1.891831516056982,293.33333333333337,1.8918315035874844
240,240,3,recov,0.15079537212930497,1.8918315126769045,293.33333333333337,1.8918315035874844
241,241,4,recov,0.1507953721292389,1.8918315126773426,293.33333333333337,1.8918315035874844
242,242,5,recov,0.15079537212917943,1.891831512677737,293.33333333333337,1.8918315035874844
243,243,3,recov,0.15079537250075073,1.8918315102136607,293.33333333333337,1.8918315035874844
244,244,4,recov,0.15079537250070255,1.8918315102139802,293.33333333333337,1.8918315035874844
245,245,5,recov,0.1507953725006592,1.8918315102142678,293.33333333333337,1.8918315035874844
246,246,3,recov,0.15079537277153468,1.8918315084179562,293.33333333333337,1.8918315035874844
247,247,4,recov,0.15079537277149957,1.891831508418189,293.33333333333337,1.8918315035874844
248,248,5,recov,0.15079537277146796,1.8918315084183985,293.33333333333337,1.8918315035874844
249,249,3,recov,0.15079537296893616,1.8918315071088876,293.33333333333337,1.8918315035874844
250,250,4,recov,0.1507953729689106,1.891831507109057,293.33333333333337,1.8918315035874844
251,251,5,recov,0.15079537296888756,1.8918315071092098,293.33333333333337,1.8918315035874844
252,252,3,recov,0.1507953731128419,1.891831506154576,293.33333333333337,1.8918315035874844
253,253,4,recov,0.15079537311282323,1.8918315061547,293.33333333333337,1.8918315035874844
254,254,5,recov,0.15079537311280644,1.8918315061548114,293.33333333333337,1.8918315035874844
255,255,3,recov,0.15079537321774913,1.8918315054588835,293.33333333333337,1.8918315035874844
256,256,4,recov,0.15079537321773553,1.8918315054589738,293.33333333333337,1.8918315035874844
257,257,5,recov,0.1507953732177233,1.8918315054590549,293.33333333333337,1.8918315035874844
258,258,3,recov,0.15079537329422651,1.8918315049517236,293.33333333333337,1.8918315035874844
259,259,4,recov,0.15079537329421663,1.891831504951789,293.33333333333337,1.8918315035874844
260,260,5,recov,0.1507953732942077,1.8918315049518484,293.33333333333337,1.8918315035874844
261,261,3,recov,0.15079537334997853,1.891831504582004,293.33333333333337,1.8918315035874844
262,262,4,recov,0.1507953733499713,1.8918315045820517,293.33333333333337,1.8918315035874844
263,263,5,recov,0.1507953733499648,1.891831504582095,293.33333333333337,1.8918315035874844
264,264,3,recov,0.15079537339062174,1.8918315043124783,293.33333333333337,1.8918315035874844
265,265,4,recov,0.15079537339061647,1.8918315043125133,293.33333333333337,1.8918315035874844
266,266,5,recov,0.15079537339061175,1.8918315043125447,293.33333333333337,1.8918315035874844
267,267,3,recov,0.15079537342025068,1.8918315041159939,293.33333333333337,1.8918315035874844
268,268,4,recov,0.15079537342024685,1.8918315041160194,293.33333333333337,1.8918315035874844
269,269,5,recov,0.15079537342024338,1.8918315041160423,293.33333333333337,1.8918315035874844
270,270,3,recov,0.15079537344185015,1.891831503972757,293.33333333333337,1.8918315035874844
271,271,4,recov,0.15079537344184732,1.8918315039727758,293.33333333333337,1.8918315035874844
272,272,5,recov,0.1507953734418448,1.8918315039727924,293.33333333333337,1.8918315035874844
273,273,3,recov,0.15079537345759614,1.8918315038683373,293.33333333333337,1.8918315035874844
274,274,4,recov,0.1507953734575941,1.8918315038683509,293.33333333333337,1.8918315035874844
275,275,5,recov,0.15079537345759225,1.891831503868363,293.33333333333337,1.8918315035874844
276,276,3,recov,0.15079537346907498,1.8918315037922153,293.33333333333337,1.8918315035874844
277,277,4,recov,0.15079537346907348,1.8918315037922253,293.33333333333337,1.8918315035874844
278,278,5,recov,0.15079537346907215,1.8918315037922342,293.33333333333337,1.8918315035874844
279,279,3,recov,0.1507953734774431,1.8918315037367222,293.33333333333337,1.8918315035874844
280,280,4,recov,0.15079537347744199,1.8918315037367295,293.33333333333337,1.8918315035874844
281,281,5,recov,0.15079537347744104,1.891831503736736,293.33333333333337,1.8918315035874844
282,282,3,recov,0.15079537348354338,1.891831503696268,293.33333333333337,1.8918315035874844
283,283,4,recov,0.15079537348354263,1.8918315036962732,293.33333333333337,1.8918315035874844
284,284,5,recov,0.1507953734835419,1.8918315036962778,293.33333333333337,1.8918315035874844
285,285,3,recov,0.15079537348799055,1.8918315036667768,293.33333333333337,1.8918315035874844
286,286,4,recov,0.15079537348798996,1.8918315036667805,293.33333333333337,1.8918315035874844
287,287,5,recov,0.15079537348798946,1.8918315036667839,293.33333333333337,1.8918315035874844
288,288,3,recov,0.1507953734912325,1.8918315036452777,293.33333333333337,1.8918315035874844
289,289,4,recov,0.1507953734912321,1.8918315036452804,293.33333333333337,1.8918315035874844
290,290,5,recov,0.15079537349123168,1.8918315036452833,293.33333333333337,1.8918315035874844
291,291,3,recov,0.1507953734935959,1.891831503629605,293.33333333333337,1.8918315035874844
292,292,4,recov,0.1507953734935956,1.891831503629607,293.33333333333337,1.8918315035874844
293,293,5,recov,0.1507953734935953,1.8918315036296087,293.33333333333337,1.8918315035874844
294,294,3,recov,0.1507953734953188,1.8918315036181794,293.33333333333337,1.8918315035874844
295,295,4,recov,0.15079537349531857,1.891831503618181,293.33333333333337,1.8918315035874844
296,296,5,recov,0.1507953734953184,1.891831503618182,293.33333333333337,1.8918315035874844
297,297,3,recov,0.15079537349657482,1.89183150360985,293.33333333333337,1.8918315035874844
298,298,4,recov,0.15079537349657465,1.8918315036098512,293.33333333333337,1.8918315035874844
299,299,5,recov,0.15079537349657451,1.891831503609852,293.33333333333337,1.8918315035874844
300,300,3,recov,0.15079537349749045,1.891831503603778,293.33333333333337,1.8918315035874844
301,301,4,recov,0.1507953734974903,1.8918315036037792,293.33333333333337,1.8918315035874844
302,302,5,recov,0.15079537349749023,1.8918315036037796,293.33333333333337,1.8918315035874844
303,303,3,recov,0.15079537349815791,1.8918315035993518,293.33333333333337,1.8918315035874844
304,304,4,recov,0.15079537349815783,1.8918315035993525,293.33333333333337,1.8918315035874844
305,305,5,recov,0.15079537349815778,1.8918315035993527,293.33333333333337,1.8918315035874844
306,306,3,recov,0.15079537349864452,1.8918315035961248,293.33333333333337,1.8918315035874844
307,307,4,recov,0.15079537349864447,1.8918315035961253,293.33333333333337,1.8918315035874844
308,308,5,recov,0.1507953734986444,1.8918315035961255,293.33333333333337,1.8918315035874844
309,309,3,recov,0.15079537349899924,1.8918315035937725,293.33333333333337,1.8918315035874844
310,310,4,recov,0.1507953734989992,1.8918315035937727,293.33333333333337,1.8918315035874844
311,311,5,recov,0.15079537349899916,1.8918315035937732,293.33333333333337,1.8918315035874844
312,312,3,recov,0.15079537349925787,1.8918315035920574,293.33333333333337,1.8918315035874844
313,313,4,recov,0.1507953734992578,1.8918315035920579,293.33333333333337,1.8918315035874844
314,314,5,recov,0.15079537349925778,1.891831503592058,293.33333333333337,1.8918315035874844
315,315,3,recov,0.15079537349944638,1.8918315035908073,293.33333333333337,1.8918315035874844
316,316,4,recov,0.15079537349944633,1.8918315035908078,293.33333333333337,1.8918315035874844
317,317,5,recov,0.15079537349944633,1.8918315035908078,293.33333333333337,1.8918315035874844
318,318,3,recov,0.1507953734995838,1.891831503589896,293.33333333333337,1.8918315035874844
319,319,4,recov,0.1507953734995838,1.891831503589896,293.33333333333337,1.8918315035874844
320,320,5,recov,0.15079537349958377,1.8918315035898963,293.33333333333337,1.8918315035874844
321,321,3,recov,0.150795373499684,1.8918315035892317,293.33333333333337,1.8918315035874844
322,322,4,recov,0.150795373499684,1.8918315035892317,293.33333333333337,1.8918315035874844
323,323,5,recov,0.150795373499684,1.8918315035892317,293.33333333333337,1.8918315035874844
324,324,3,recov,0.15079537349975702,1.8918315035887474,293.33333333333337,1.8918315035874844
325,325,4,recov,0.150795373499757,1.8918315035887476,293.33333333333337,1.8918315035874844
326,326,5,recov,0.150795373499757,1.8918315035887476,293.33333333333337,1.8918315035874844
327,327,3,recov,0.15079537349981026,1.8918315035883944,293.33333333333337,1.8918315035874844
328,328,4,recov,0.15079537349981023,1.8918315035883946,293.33333333333337,1.8918315035874844
329,329,5,recov,0.15079537349981023,1.8918315035883946,293.33333333333337,1.8918315035874844
330,330,3,recov,0.15079537349984906,1.891831503588137,293.33333333333337,1.8918315035874844
331,331,4,recov,0.15079537349984906,1.891831503588137,293.33333333333337,1.8918315035874844
332,332,5,recov,0.15079537349984906,1.891831503588137,293.33333333333337,1.8918315035874844
333,333,3,recov,0.15079537349987737,1.8918315035879492,293.33333333333337,1.8918315035874844
334,334,4,recov,0.15079537349987737,1.8918315035879492,293.33333333333337,1.8918315035874844
335,335,5,recov,0.15079537349987737,1.8918315035879492,293.33333333333337,1.8918315035874844
336,336,3,recov,0.15079537349989802,1.8918315035878124,293.33333333333337,1.8918315035874844
337,337,4,recov,0.15079537349989802,1.8918315035878124,293.33333333333337,1.8918315035874844
338,338,5,recov,0.15079537349989802,1.8918315035878124,293.33333333333337,1.8918315035874844
339,339,3,recov,0.1507953734999131,1.8918315035877125,293.33333333333337,1.8918315035874844
340,340,4,recov,0.1507953734999131,1.8918315035877125,293.33333333333337,1.8918315035874844
341,341,5,recov,0.1507953734999131,1.8918315035877125,293.33333333333337,1.8918315035874844
342,342,3,recov,0.15079537349992406,1.8918315035876396,293.33333333333337,1.8918315035874844
343,343,4,recov,0.15079537349992406,1.8918315035876396,293.33333333333337,1.8918315035874844
344,344,5,recov,0.15079537349992406,1.8918315035876396,293.33333333333337,1.8918315035874844
345,345,3,recov,0.15079537349993205,1.8918315035875866,293.33333333333337,1.8918315035874844
346,346,4,recov,0.15079537349993205,1.8918315035875866,293.33333333333337,1.8918315035874844
347,347,5,recov,0.15079537349993205,1.8918315035875866,293.33333333333337,1.8918315035874844
348,348,3,recov,0.15079537349993788,1.891831503587548,293.33333333333337,1.8918315035874844
349,349,4,recov,0.15079537349993788,1.891831503587548,293.33333333333337,1.8918315035874844
350,350,5,recov,0.15079537349993788,1.891831503587548,293.33333333333337,1.8918315035874844
351,351,3,recov,0.1507953734999421,1.89183150358752,293.33333333333337,1.8918315035874844
352,352,4,recov,0.1507953734999421,1.89183150358752,293.33333333333337,1.8918315035874844
353,353,5,recov,0.1507953734999421,1.89183150358752,293.33333333333337,1.8918315035874844
354,354,3,recov,0.15079537349994523,1.8918315035874993,293.33333333333337,1.8918315035874844
355,355,4,recov,0.15079537349994523,1.8918315035874993,293.33333333333337,1.8918315035874844
356,356,5,recov,0.15079537349994523,1.8918315035874993,293.33333333333337,1.8918315035874844
357,357,3,recov,0.15079537349994748,1.8918315035874844,293.33333333333337,1.8918315035874844
358,358,4,recov,0.15079537349994748,1.8918315035874844,293.33333333333337,1.8918315035874844
359,359,5,recov,0.15079537349994748,1.8918315035874844,293.33333333333337,1.8918315035874844
360,360,0,fam_r,0.025210084033617873,3.680511204443244,293.33333333333337,1.8918315035874844
361,361,1,fam_r,0.025210084033617873,3.680511204443244,293.33333333333337,1.8918315035874844
362,362,2,fam_r,0.025210084033617873,3.680511204443244,293.33333333333337,1.8918315035874844
363,363,0,fam_r,0.05924369747899485,2.8260958762872974,293.33333333333337,1.8918315035874844
364,364,1,fam_r,0.05924369747899485,2.8260958762872974,293.33333333333337,1.8918315035874844
365,365,2,fam_r,0.05924369747899485,2.8260958762872974,293.33333333333337,1.8918315035874844
366,366,0,fam_r,0.08405420168067465,2.4762934301250543,293.33333333333337,1.8918315035874844
367,367,1,fam_r,0.08405420168067465,2.4762934301250543,293.33333333333337,1.8918315035874844
368,368,2,fam_r,0.08405420168067465,2.4762934301250543,293.33333333333337,1.8918315035874844
369,369,0,fam_r,0.10214105924369923,2.281400487308294,293.33333333333337,1.8918315035874844
370,370,1,fam_r,0.10214105924369923,2.281400487308294,293.33333333333337,1.8918315035874844
371,371,2,fam_r,0.10214105924369923,2.281400487308294,293.33333333333337,1.8918315035874844
372,372,0,fam_r,0.11532637840714416,2.1599890972390408,293.33333333333337,1.8918315035874844
373,373,1,fam_r,0.11532637840714416,2.1599890972390408,293.33333333333337,1.8918315035874844
374,374,2,fam_r,0.11532637840714416,2.1599890972390408,293.33333333333337,1.8918315035874844
0,0,0,fam,0.043478260869565216,3.1354942159291497,366.6666666666667,1.8918315035874442
1,1,1,fam,0.04054054054054054,3.20545280453606,366.6666666666667,1.8918315035874442
2,2,2,fam,0.03821656050955414,3.264486336120253,366.6666666666667,1.8918315035874442
3,3,0,fam,0.08540278619018779,2.4603765535419595,366.6666666666667,1.8918315035874442
4,4,1,fam,0.08179128719763329,2.5035845545227646,366.6666666666667,1.8918315035874442
5,5,2,fam,0.07879251862241621,2.5409372279654137,366.6666666666667,1.8918315035874442
6,6,0,fam,0.10821888833410241,2.223599359098053,366.6666666666667,1.8918315035874442
7,7,1,fam,0.10519465420233054,2.2519427955368823,366.6666666666667,1.8918315035874442
8,8,2,fam,0.1026138165134427,2.276782691438123,366.6666666666667,1.8918315035874442
9,9,0,fam,0.12200051222949669,2.103730035655263,366.6666666666667,1.8918315035874442
10,10,1,fam,0.11967367737285642,2.1229865955895253,366.6666666666667,1.8918315035874442
11,11,2,fam,0.11765413206551752,2.1400060427466605,366.6666666666667,1.8918315035874442
12,12,0,fam,0.13085461746468469,2.033668362400208,366.6666666666667,1.8918315035874442
13,13,1,fam,0.12911612016014704,2.047043123237957,366.6666666666667,1.8918315035874442
14,14,2,fam,0.12759050208543146,2.0589293459090263,366.6666666666667,1.8918315035874442
15,15,0,fam,0.13677032344311577,1.9894522312226006,366.6666666666667,1.8918315035874442
16,16,1,fam,0.13548724044158353,1.9988778095791015,366.6666666666667,1.8918315035874442
17,17,2,fam,0.13435287664756485,2.0072855325565246,366.6666666666667,1.8918315035874442
18,18,0,fam,0.14082694258437875,1.9602234999817212,366.6666666666667,1.8918315035874442
19,19,1,fam,0.13988537596807044,1.9669319348112215,366.6666666666667,1.8918315035874442
20,20,2,fam,0.13904866658500506,1.9729312878123275,366.6666666666667,1.8918315035874442
21,21,0,fam,0.14365856961779086,1.9403158391037547,366.6666666666667,1.8918315035874442
22,22,1,fam,0.14296960106085613,1.9451232513145724,366.6666666666667,1.8918315035874442
23,23,2,fam,0.14235515527078552,1.9494302504534715,366.6666666666667,1.8918315035874442
24,24,0,fam,0.1456597123948202,1.9264821146909519,366.6666666666667,1.8918315035874442
25,25,1,fam,0.14515634588378323,1.9299438699784779,366.6666666666667,1.8918315035874442
26,26,2,fam,0.14470628137859792,1.9330492366213707,366.6666666666667,1.8918315035874442
27,27,0,fam,0.1470863326865669,1.9167355674073707,366.6666666666667,1.8918315035874442
28,28,1,fam,0.1467188815845948,1.919236893290694,366.6666666666667,1.8918315035874442
29,29,2,fam,0.1463897417939604,1.9214827496233082,366.6666666666667,1.8918315035874442
30,30,0,fam,0.14810971055078348,1.9098019923306055,366.6666666666667,1.8918315035874442
31,31,1,fam,0.14784160850932485,1.9116137910794653,366.6666666666667,1.8918315035874442
32,32,2,fam,0.14760114519748846,1.9132416080552919,366.6666666666667,1.8918315035874442
33,33,0,fam,0.1488470998551825,1.9048356753837754,366.6666666666667,1.8918315035874442
34,34,1,fam,0.14865154377944198,1.9061503442610326,366.6666666666667,1.8918315035874442
35,35,2,fam,0.1484759821299925,1.9073320703185077,366.6666666666667,1.8918315035874442
36,36,0,fam,0.1493801275002077,1.9012610305242748,366.6666666666667,1.8918315035874442
37,37,1,fam,0.14923751359416138,1.9022161912198472,366.6666666666667,1.8918315035874442
38,38,2,fam,0.14910939370245974,1.9030750564967704,366.6666666666667,1.8918315035874442
39,39,0,fam,0.1497663241180533,1.8986790387920611,366.6666666666667,1.8918315035874442
40,40,1,fam,0.14966233194388256,1.8993736428404482,366.6666666666667,1.8918315035874442
41,41,2,fam,0.14956886238621367,1.8999983742353028,366.6666666666667,1.8918315035874442
42,42,0,fam,0.1500466064520183,1.8968093234660155,366.6666666666667,1.8918315035874442
43,43,1,fam,0.14997078269219144,1.897314785910426,366.6666666666667,1.8918315035874442
44,44,2,fam,0.14990260679956882,1.8977694837674968,366.6666666666667,1.8918315035874442
45,45,0,fam,0.15025026919638396,1.8954529139119596,366.6666666666667,1.8918315035874442
46,46,1,fam,0.15019498678455503,1.8958209171428464,366.6666666666667,1.8918315035874442
47,47,2,fam,0.1501452673844162,1.8961520043008473,366.6666666666667,1.8918315035874442
48,48,0,fam,0.15039838844424033,1.8944675826551858,366.6666666666667,1.8918315035874442
49,49,1,fam,0.15035808400572345,1.8947356030800155,366.6666666666667,1.8918315035874442
50,50,2,fam,0.15032182847625525,1.8949767600588414,366.6666666666667,1.8918315035874442
51,51,0,fam,0.1505061814728826,1.8937511227271564,366.6666666666667,1.8918315035874442
52,52,1,fam,0.15047679768434344,1.8939463748886893,366.6666666666667,1.8918315035874442
53,53,2,fam,0.15045036208267157,1.894122069244495,366.6666666666667,1.8918315035874442
54,54,0,fam,0.15058466401652068,1.8932298013612545,366.6666666666667,1.8918315035874442
55,55,1,fam,0.1505632422651241,1.8933720686723392,366.6666666666667,1.8918315035874442
56,56,2,fam,0.150543967899251,1.8935000919494231,366.6666666666667,1.8918315035874442
57,57,0,fam,0.1506418254903195,1.8928502764756543,366.6666666666667,1.8918315035874442
58,58,1,fam,0.15062620852413783,1.8929539513726392,366.6666666666667,1.8918315035874442
59,59,2,fam,0.1506121560228119,1.893047249590861,366.6666666666667,1.8918315035874442
60,60,0,fam,0.15068346844328973,1.8925738778189618,366.6666666666667,1.8918315035874442
61,61,1,fam,0.15067208340647986,1.892649436651347,366.6666666666667,1.8918315035874442
62,62,2,fam,0.15066183834420593,1.8927174347195257,366.6666666666667,1.8918315035874442
63,63,0,fam,0.15071381141529083,1.8923725291397844,366.6666666666667,1.8918315035874442
64,64,1,fam,0.15070551158165807,1.8924276008156964,366.6666666666667,1.8918315035874442
65,65,2,fam,0.15069804251294497,1.89247716273103,366.6666666666667,1.8918315035874442
66,66,3,recov,0.025220203957831863,3.680109861331678,366.6666666666667,1.8918315035874442
67,67,4,recov,0.025219191599810765,3.680150002892061,366.6666666666667,1.8918315035874442
68,68,5,recov,0.02521828054707822,3.680186128918758,366.6666666666667,1.8918315035874442
69,69,3,recov,0.05926103254135755,2.825803313070903,366.6666666666667,1.8918315035874442
70,70,4,recov,0.05925929857862339,2.825832573244544,366.6666666666667,1.8918315035874442
71,71,5,recov,0.05925773809891774,2.825858906668826,366.6666666666667,1.8918315035874442
72,72,3,recov,0.08407212984285728,2.4760801599955258,366.6666666666667,1.8918315035874442
73,73,4,recov,0.08407033668249068,2.4761014890553845,366.6666666666667,1.8918315035874442
74,74,5,recov,0.08406872290356018,2.4761206848203012,366.6666666666667,1.8918315035874442
75,75,3,recov,0.1021569402905773,2.2812450178769117,366.6666666666667,1.8918315035874442
76,76,4,recov,0.10215535196366395,2.2812605659077803,366.6666666666667,1.8918315035874442
77,77,5,recov,0.10215392251167006,2.2812745589288763,366.6666666666667,1.8918315035874442
78,78,3,recov,0.11533944964308644,2.159875762411193,366.6666666666667,1.8918315035874442
79,79,4,recov,0.11533814238615767,2.1598870964720116,366.6666666666667,1.8918315035874442
80,80,5,recov,0.11533696588025764,2.1598972970169155,366.6666666666667,1.8918315035874442
81,81,3,recov,0.12494879889821381,2.079851234406731,366.6666666666667,1.8918315035874442
82,82,4,recov,0.12494776653936107,2.079859496695978,366.6666666666667,1.8918315035874442
83,83,5,recov,0.12494683743097915,2.0798669326979335,366.6666666666667,1.8918315035874442
84,84,3,recov,0.13195364249853136,2.025304611271482,366.6666666666667,1.8918315035874442
85,85,4,recov,0.1319528477334818,2.0253106343522247,366.6666666666667,1.8918315035874442
86,86,5,recov,0.13195213245312276,2.025316055093876,366.6666666666667,1.8918315035874442
87,87,3,recov,0.1370599757972914,1.9873366694092451,366.6666666666667,1.8918315035874442
88,88,4,recov,0.137059374001458,1.9873410601670216,366.6666666666667,1.8918315035874442
89,89,5,recov,0.13705883238972633,1.987345011832537,366.6666666666667,1.8918315035874442
90,90,3,recov,0.14078238771902735,1.9605399303050712,366.6666666666667,1.8918315035874442
91,91,4,recov,0.14078193709978823,1.9605431311313082,366.6666666666667,1.8918315035874442
92,92,5,recov,0.14078153154493944,1.9605460118661615,366.6666666666667,1.8918315035874442
93,93,3,recov,0.14349597018252933,1.9414483265284899,366.6666666666667,1.8918315035874442
94,94,4,recov,0.14349563535184848,1.9414506599115882,366.6666666666667,1.8918315035874442
95,95,5,recov,0.1434953340055717,1.9414527599517215,366.6666666666667,1.8918315035874442
96,96,3,recov,0.14547414213022788,1.9277569254822051,366.6666666666667,1.8918315035874442
97,97,4,recov,0.1454738946751315,1.9277586265082653,366.6666666666667,1.8918315035874442
98,98,5,recov,0.14547367196626454,1.9277601574292456,366.6666666666667,1.8918315035874442
99,99,3,recov,0.14691621371351435,1.9178928294387485,366.6666666666667,1.8918315035874442
100,100,4,recov,0.14691603153126848,1.9178940694813158,366.6666666666667,1.8918315035874442
101,101,5,recov,0.1469158675676335,1.9178951855183117,366.6666666666667,1.8918315035874442
102,102,3,recov,0.14796747551883985,1.9107627893766297,366.6666666666667,1.8918315035874442
103,103,4,recov,0.1479673417580565,1.9107636933647754,366.6666666666667,1.8918315035874442
104,104,5,recov,0.14796722137355825,1.9107645069534078,366.6666666666667,1.8918315035874442
105,105,3,recov,0.1487338409220827,1.9055968729139174,366.6666666666667,1.8918315035874442
106,106,4,recov,0.1487337429056475,1.9055975319197422,366.6666666666667,1.8918315035874442
107,107,5,recov,0.14873365469096633,1.9055981250246128,366.6666666666667,1.8918315035874442
108,108,3,recov,0.1492925189346432,1.9018476832969533,366.6666666666667,1.8918315035874442
109,109,4,recov,0.14929244721237991,1.9018481637113842,366.6666666666667,1.8918315035874442
110,110,5,recov,0.14929238266240188,1.9018485960841747,366.6666666666667,1.8918315035874442
111,111,3,recov,0.14969979394820299,1.8991233639890115,366.6666666666667,1.8918315035874442
112,112,4,recov,0.1496997415200978,1.8991237142106985,366.6666666666667,1.8918315035874442
113,113,5,recov,0.1496996943348345,1.899124029410112,366.6666666666667,1.8918315035874442
114,114,3,recov,0.1499966967647522,1.8971420066966784,366.6666666666667,1.8918315035874442
115,115,4,recov,0.14999665846889348,1.897142262008058,366.6666666666667,1.8918315035874442
116,116,5,recov,0.1499966240026374,1.8971424917882436,366.6666666666667,1.8918315035874442
117,117,3,recov,0.15021313856283658,1.895700069690517,366.6666666666667,1.8918315035874442
118,118,4,recov,0.15021311060488843,1.8957002558123903,366.6666666666667,1.8918315035874442
119,119,5,recov,0.150213085442744,1.8957004233220467,366.6666666666667,1.8918315035874442
120,120,3,recov,0.15037092444488329,1.8946502076654939,366.6666666666667,1.8918315035874442
121,121,4,recov,0.1503709040421395,1.8946503433482746,366.6666666666667,1.8918315035874442
122,122,5,recov,0.15037088567967483,1.8946504654627616,366.6666666666667,1.8918315035874442
123,123,3,recov,0.15048595025258235,1.8938855529543837,366.6666666666667,1.8918315035874442
124,124,4,recov,0.15048593536760954,1.8938856518670963,366.6666666666667,1.8918315035874442
125,125,5,recov,0.15048592197113653,1.8938857408885292,366.6666666666667,1.8918315035874442
126,126,3,recov,0.1505698040130846,1.893328488281262,366.6666666666667,1.8918315035874442
127,127,4,recov,0.15056979315589558,1.893328560388611,366.6666666666667,1.8918315035874442
128,128,5,recov,0.1505697833844268,1.8933286252852206,366.6666666666667,1.8918315035874442
129,129,3,recov,0.15063093337615946,1.8929225838041082,366.6666666666667,1.8918315035874442
130,130,4,recov,0.1506309254580567,1.892922636370356,366.6666666666667,1.8918315035874442
131,131,5,recov,0.15063091833176495,1.8929226836799764,366.6666666666667,1.8918315035874442
132,132,3,recov,0.15067549666678465,1.8926267833398183,366.6666666666667,1.8918315035874442
133,133,4,recov,0.1506754908927808,1.8926268216606075,366.6666666666667,1.8918315035874442
134,134,5,recov,0.15067548569617767,1.892626856149317,366.6666666666667,1.8918315035874442
135,135,3,recov,0.15070798329764884,1.8924111999840627,366.6666666666667,1.8918315035874442
136,136,4,recov,0.15070797908749287,1.8924112279199155,366.6666666666667,1.8918315035874442
137,137,5,recov,0.1507079752983527,1.8924112530621822,366.6666666666667,1.8918315035874442
138,138,3,recov,0.15073166604729646,1.8922540690309992,366.6666666666667,1.8918315035874442
139,139,4,recov,0.15073166297761065,1.8922540893962345,366.6666666666667,1.8918315035874442
140,140,5,recov,0.15073166021489354,1.8922541077249457,366.6666666666667,1.8918315035874442
141,141,3,recov,0.15074893076952967,1.8921395361394342,366.6666666666667,1.8918315035874442
142,142,4,recov,0.1507489285314725,1.89213955098569,366.6666666666667,1.8918315035874442
143,143,5,recov,0.15074892651722113,1.8921395643473198,366.6666666666667,1.8918315035874442
144,144,3,recov,0.15076151675083668,1.8920560499357697,366.6666666666667,1.8918315035874442
145,145,4,recov,0.15076151511915686,1.8920560607586896,366.6666666666667,1.8918315035874442
146,146,5,recov,0.15076151365064505,1.8920560704993175,366.6666666666667,1.8918315035874442
147,147,3,recov,0.15077069193057127,1.891995192889834,366.6666666666667,1.8918315035874442
148,148,4,recov,0.15077069074100433,1.8919952007797423,366.6666666666667,1.8918315035874442
149,149,5,recov,0.1507706896703941,1.89199520788066,366.6666666666667,1.8918315035874442
150,150,3,recov,0.1507773806362586,1.891950830439552,366.6666666666667,1.8918315035874442
151,151,4,recov,0.1507773797690258,1.8919508361912953,366.6666666666667,1.8918315035874442
152,152,5,recov,0.15077737898851631,1.8919508413678643,366.6666666666667,1.8918315035874442
153,153,3,recov,0.15078225670252435,1.8919184914547382,366.6666666666667,1.8918315035874442
154,154,4,recov,0.15078225607029122,1.891918495647759,366.6666666666667,1.8918315035874442
155,155,5,recov,0.15078225550128144,1.8919184994214775,366.6666666666667,1.8918315035874442
156,156,3,recov,0.15078581135473632,1.8918949169945174,366.6666666666667,1.8918315035874442
157,157,4,recov,0.1507858108938275,1.8918949200512296,366.6666666666667,1.8918315035874442
158,158,5,recov,0.15078581047900957,1.8918949228022706,366.6666666666667,1.8918315035874442
159,159,3,recov,0.1507884026961479,1.891877731563596,366.6666666666667,1.8918315035874442
160,160,4,recov,0.15078840236013963,1.8918777337919388,366.6666666666667,1.8918315035874442
161,161,5,recov,0.15078840205773217,1.8918777357974477,366.6666666666667,1.8918315035874442
162,162,3,recov,0.1507902917840099,1.8918652035707595,366.6666666666667,1.8918315035874442
163,163,4,recov,0.15079029153905682,1.8918652051952214,366.6666666666667,1.8918315035874442
164,164,5,recov,0.150790291318599,1.8918652066572375,366.6666666666667,1.8918315035874442
165,165,3,recov,0.15079166892904694,1.8918560707629895,366.6666666666667,1.8918315035874442
166,166,4,recov,0.15079166875047448,1.8918560719472224,366.6666666666667,1.8918315035874442
167,167,5,recov,0.1507916685897593,1.891856073013032,366.6666666666667,1.8918315035874442
168,168,3,recov,0.1507926728677713,1.891849412998741,366.6666666666667,1.8918315035874442
169,169,4,recov,0.1507926727375911,1.891849413862047,366.6666666666667,1.8918315035874442
170,170,5,recov,0.15079267262042892,1.8918494146390221,366.6666666666667,1.8918315035874442
171,171,3,recov,0.15079340473909725,1.891844559516566,366.6666666666667,1.8918315035874442
172,172,4,recov,0.15079340464419544,1.891844560145916,366.6666666666667,1.8918315035874442
173,173,5,recov,0.15079340455878384,1.8918445607123304,366.6666666666667,1.8918315035874442
174,174,3,recov,0.15079393827329177,1.89184102134292,366.6666666666667,1.8918315035874442
175,175,4,recov,0.1507939382041081,1.8918410218017159,366.6666666666667,1.8918315035874442
176,176,5,recov,0.1507939381418428,1.8918410222146325,366.6666666666667,1.8918315035874442
177,177,3,recov,0.1507943272197184,1.8918384420222292,366.6666666666667,1.8918315035874442
178,178,4,recov,0.15079432716928337,1.8918384423566916,366.6666666666667,1.8918315035874442
179,179,5,recov,0.15079432712389185,1.8918384426577077,366.6666666666667,1.8918315035874442
180,180,3,recov,0.15079461076166278,1.8918365617016426,366.6666666666667,1.8918315035874442
181,181,4,recov,0.15079461072489558,1.8918365619454656,366.6666666666667,1.8918315035874442
182,182,5,recov,0.1507946106918051,1.8918365621649065,366.6666666666667,1.8918315035874442
183,183,3,recov,0.15079481746373996,1.8918351909501652,366.6666666666667,1.8918315035874442
184,184,4,recov,0.15079481743693662,1.891835191127912,366.6666666666667,1.8918315035874442
185,185,5,recov,0.15079481741281364,1.8918351912878844,366.6666666666667,1.8918315035874442
186,186,3,recov,0.15079496814955404,1.8918341916735233,366.6666666666667,1.8918315035874442
187,187,4,recov,0.15079496813001442,1.8918341918031008,366.6666666666667,1.8918315035874442
188,188,5,recov,0.1507949681124287,1.8918341919197208,366.6666666666667,1.8918315035874442
189,189,3,recov,0.15079507799951242,1.8918334632014813,366.6666666666667,1.8918315035874442
190,190,4,recov,0.15079507798526798,1.8918334632959435,366.6666666666667,1.8918315035874442
191,191,5,recov,0.150795077972448,1.8918334633809595,366.6666666666667,1.8918315035874442
192,192,3,recov,0.15079515808013202,1.8918329321456975,366.6666666666667,1.8918315035874442
193,193,4,recov,0.1507951580697478,1.8918329322145606,366.6666666666667,1.8918315035874442
194,194,5,recov,0.15079515806040203,1.8918329322765373,366.6666666666667,1.8918315035874442
195,195,3,recov,0.15079521645890365,1.8918325450062092,366.6666666666667,1.8918315035874442
196,196,4,recov,0.15079521645133356,1.8918325450564104,366.6666666666667,1.8918315035874442
197,197,5,recov,0.1507952164445205,1.8918325451015912,366.6666666666667,1.8918315035874442
198,198,3,recov,0.15079525901702817,1.8918322627816169,366.6666666666667,1.8918315035874442
199,199,4,recov,0.15079525901150959,1.8918322628182134,366.6666666666667,1.8918315035874442
200,200,5,recov,0.15079525900654286,1.8918322628511501,366.6666666666667,1.8918315035874442
201,201,3,recov,0.15079529004190095,1.891832057039939,366.6666666666667,1.8918315035874442
202,202,4,recov,0.15079529003787792,1.8918320570666178,366.6666666666667,1.8918315035874442
203,203,5,recov,0.15079529003425718,1.8918320570906288,366.6666666666667,1.8918315035874442
204,204,3,recov,0.15079531265903318,1.8918319070542828,366.6666666666667,1.8918315035874442
205,205,4,recov,0.15079531265610038,1.8918319070737317,366.6666666666667,1.8918315035874442
206,206,5,recov,0.15079531265346088,1.8918319070912355,366.6666666666667,1.8918315035874442
207,207,3,recov,0.15079532914692262,1.8918317977147534,366.6666666666667,1.8918315035874442
208,208,4,recov,0.1507953291447846,1.8918317977289316,366.6666666666667,1.8918315035874442
209,209,5,recov,0.1507953291428604,1.891831797741692,366.6666666666667,1.8918315035874442
210,210,3,recov,0.150795341166594,1.891831718006244,366.6666666666667,1.8918315035874442
211,211,4,recov,0.15079534116503537,1.89183171801658,366.6666666666667,1.8918315035874442
212,212,5,recov,0.15079534116363263,1.8918317180258823,366.6666666666667,1.8918315035874442
213,213,3,recov,0.15079534992893442,1.8918316598987448,366.6666666666667,1.8918315035874442
214,214,4,recov,0.1507953499277982,1.8918316599062797,366.6666666666667,1.8918315035874442
215,215,5,recov,0.15079534992677562,1.891831659913061,366.6666666666667,1.8918315035874442
216,216,3,recov,0.1507953563166806,1.89183161753838,366.6666666666667,1.8918315035874442
217,217,4,recov,0.15079535631585228,1.891831617543873,366.6666666666667,1.8918315035874442
218,218,5,recov,0.15079535631510682,1.8918316175488163,366.6666666666667,1.8918315035874442
219,219,3,recov,0.15079536097334756,1.8918315866576751,366.6666666666667,1.8918315035874442
220,220,4,recov,0.15079536097274374,1.8918315866616793,366.6666666666667,1.8918315035874442
221,221,5,recov,0.15079536097220028,1.8918315866652833,366.6666666666667,1.8918315035874442
222,222,3,recov,0.1507953643680578,1.8918315641456418,366.6666666666667,1.8918315035874442
223,223,4,recov,0.1507953643676176,1.891831564148561,366.6666666666667,1.8918315035874442
224,224,5,recov,0.1507953643672214,1.8918315641511882,366.6666666666667,1.8918315035874442
225,225,3,recov,0.1507953668428015,1.8918315477343701,366.6666666666667,1.8918315035874442
226,226,4,recov,0.15079536684248063,1.891831547736498,366.6666666666667,1.8918315035874442
227,227,5,recov,0.1507953668421918,1.8918315477384133,366.6666666666667,1.8918315035874442
228,228,3,recov,0.15079536864688972,1.8918315357705529,366.6666666666667,1.8918315035874442
229,229,4,recov,0.15079536864665577,1.8918315357721043,366.6666666666667,1.8918315035874442
230,230,5,recov,0.15079536864644522,1.8918315357735005,366.6666666666667,1.8918315035874442
231,231,3,recov,0.15079536996207002,1.8918315270489303,366.6666666666667,1.8918315035874442
232,232,4,recov,0.15079536996189946,1.8918315270500614,366.6666666666667,1.8918315035874442
233,233,5,recov,0.150795369961746,1.891831527051079,366.6666666666667,1.8918315035874442
234,234,3,recov,0.15079537092083642,1.8918315206908678,366.6666666666667,1.8918315035874442
235,235,4,recov,0.15079537092071213,1.891831520691692,366.6666666666667,1.8918315035874442
236,236,5,recov,0.15079537092060022,1.891831520692434,366.6666666666667,1.8918315035874442
237,237,3,recov,0.15079537161977716,1.8918315160558399,366.6666666666667,1.8918315035874442
238,238,4,recov,0.15079537161968654,1.891831516056441,366.6666666666667,1.8918315035874442
239,239,5,recov,0.15079537161960493,1.891831516056982,366.6666666666667,1.8918315035874442
240,240,3,recov,0.15079537212930497,1.8918315126769045,366.6666666666667,1.8918315035874442
241,241,4,recov,0.1507953721292389,1.8918315126773426,366.6666666666667,1.8918315035874442
242,242,5,recov,0.15079537212917943,1.891831512677737,366.6666666666667,1.8918315035874442
243,243,3,recov,0.15079537250075073,1.8918315102136607,366.6666666666667,1.8918315035874442
244,244,4,recov,0.15079537250070255,1.8918315102139802,366.6666666666667,1.8918315035874442
245,245,5,recov,0.1507953725006592,1.8918315102142678,366.6666666666667,1.8918315035874442
246,246,3,recov,0.15079537277153468,1.8918315084179562,366.6666666666667,1.8918315035874442
247,247,4,recov,0.15079537277149957,1.891831508418189,366.6666666666667,1.8918315035874442
248,248,5,recov,0.15079537277146796,1.8918315084183985,366.6666666666667,1.8918315035874442
249,249,3,recov,0.15079537296893616,1.8918315071088876,366.6666666666667,1.8918315035874442
250,250,4,recov,0.1507953729689106,1.891831507109057,366.6666666666667,1.8918315035874442
251,251,5,recov,0.15079537296888756,1.8918315071092098,366.6666666666667,1.8918315035874442
252,252,3,recov,0.1507953731128419,1.891831506154576,366.6666666666667,1.8918315035874442
253,253,4,recov,0.15079537311282323,1.8918315061547,366.6666666666667,1.8918315035874442
254,254,5,recov,0.15079537311280644,1.8918315061548114,366.6666666666667,1.8918315035874442
255,255,3,recov,0.15079537321774913,1.8918315054588835,366.6666666666667,1.8918315035874442
256,256,4,recov,0.15079537321773553,1.8918315054589738,366.6666666666667,1.8918315035874442
257,257,5,recov,0.1507953732177233,1.8918315054590549,366.6666666666667,1.8918315035874442
258,258,3,recov,0.15079537329422651,1.8918315049517236,366.6666666666667,1.8918315035874442
259,259,4,recov,0.15079537329421663,1.891831504951789,366.6666666666667,1.8918315035874442
260,260,5,recov,0.1507953732942077,1.8918315049518484,366.6666666666667,1.8918315035874442
261,261,3,recov,0.15079537334997853,1.891831504582004,366.6666666666667,1.8918315035874442
262,262,4,recov,0.1507953733499713,1.8918315045820517,366.6666666666667,1.8918315035874442
263,263,5,recov,0.1507953733499648,1.891831504582095,366.6666666666667,1.8918315035874442
264,264,3,recov,0.15079537339062174,1.8918315043124783,366.6666666666667,1.8918315035874442
265,265,4,recov,0.15079537339061647,1.8918315043125133,366.6666666666667,1.8918315035874442
266,266,5,recov,0.15079537339061175,1.8918315043125447,366.6666666666667,1.8918315035874442
267,267,3,recov,0.15079537342025068,1.8918315041159939,366.6666666666667,1.8918315035874442
268,268,4,recov,0.15079537342024685,1.8918315041160194,366.6666666666667,1.8918315035874442
269,269,5,recov,0.15079537342024338,1.8918315041160423,366.6666666666667,1.8918315035874442
270,270,3,recov,0.15079537344185015,1.891831503972757,366.6666666666667,1.8918315035874442
271,271,4,recov,0.15079537344184732,1.8918315039727758,366.6666666666667,1.8918315035874442
272,272,5,recov,0.1507953734418448,1.8918315039727924,366.6666666666667,1.8918315035874442
273,273,3,recov,0.15079537345759614,1.8918315038683373,366.6666666666667,1.8918315035874442
274,274,4,recov,0.1507953734575941,1.8918315038683509,366.6666666666667,1.8918315035874442
275,275,5,recov,0.15079537345759225,1.891831503868363,366.6666666666667,1.8918315035874442
276,276,3,recov,0.15079537346907498,1.8918315037922153,366.6666666666667,1.8918315035874442
277,277,4,recov,0.15079537346907348,1.8918315037922253,366.6666666666667,1.8918315035874442
278,278,5,recov,0.15079537346907215,1.8918315037922342,366.6666666666667,1.8918315035874442
279,279,3,recov,0.1507953734774431,1.8918315037367222,366.6666666666667,1.8918315035874442
280,280,4,recov,0.15079537347744199,1.8918315037367295,366.6666666666667,1.8918315035874442
281,281,5,recov,0.15079537347744104,1.891831503736736,366.6666666666667,1.8918315035874442
282,282,3,recov,0.15079537348354338,1.891831503696268,366.6666666666667,1.8918315035874442
283,283,4,recov,0.15079537348354263,1.8918315036962732,366.6666666666667,1.8918315035874442
284,284,5,recov,0.1507953734835419,1.8918315036962778,366.6666666666667,1.8918315035874442
285,285,3,recov,0.15079537348799055,1.8918315036667768,366.6666666666667,1.8918315035874442
286,286,4,recov,0.15079537348798996,1.8918315036667805,366.6666666666667,1.8918315035874442
287,287,5,recov,0.15079537348798946,1.8918315036667839,366.6666666666667,1.8918315035874442
288,288,3,recov,0.1507953734912325,1.8918315036452777,366.6666666666667,1.8918315035874442
289,289,4,recov,0.1507953734912321,1.8918315036452804,366.6666666666667,1.8918315035874442
290,290,5,recov,0.15079537349123168,1.8918315036452833,366.6666666666667,1.8918315035874442
291,291,3,recov,0.1507953734935959,1.891831503629605,366.6666666666667,1.8918315035874442
292,292,4,recov,0.1507953734935956,1.891831503629607,366.6666666666667,1.8918315035874442
293,293,5,recov,0.1507953734935953,1.8918315036296087,366.6666666666667,1.8918315035874442
294,294,3,recov,0.1507953734953188,1.8918315036181794,366.6666666666667,1.8918315035874442
295,295,4,recov,0.15079537349531857,1.891831503618181,366.6666666666667,1.8918315035874442
296,296,5,recov,0.1507953734953184,1.891831503618182,366.6666666666667,1.8918315035874442
297,297,3,recov,0.15079537349657482,1.89183150360985,366.6666666666667,1.8918315035874442
298,298,4,recov,0.15079537349657465,1.8918315036098512,366.6666666666667,1.8918315035874442
299,299,5,recov,0.15079537349657451,1.891831503609852,366.6666666666667,1.8918315035874442
300,300,3,recov,0.15079537349749045,1.891831503603778,366.6666666666667,1.8918315035874442
301,301,4,recov,0.1507953734974903,1.8918315036037792,366.6666666666667,1.8918315035874442
302,302,5,recov,0.15079537349749023,1.8918315036037796,366.6666666666667,1.8918315035874442
303,303,3,recov,0.15079537349815791,1.8918315035993518,366.6666666666667,1.8918315035874442
304,304,4,recov,0.15079537349815783,1.8918315035993525,366.6666666666667,1.8918315035874442
305,305,5,recov,0.15079537349815778,1.8918315035993527,366.6666666666667,1.8918315035874442
306,306,3,recov,0.15079537349864452,1.8918315035961248,366.6666666666667,1.8918315035874442
307,307,4,recov,0.15079537349864447,1.8918315035961253,366.6666666666667,1.8918315035874442
308,308,5,recov,0.1507953734986444,1.8918315035961255,366.6666666666667,1.8918315035874442
309,309,3,recov,0.15079537349899924,1.8918315035937725,366.6666666666667,1.8918315035874442
310,310,4,recov,0.1507953734989992,1.8918315035937727,366.6666666666667,1.8918315035874442
311,311,5,recov,0.15079537349899916,1.8918315035937732,366.6666666666667,1.8918315035874442
312,312,3,recov,0.15079537349925787,1.8918315035920574,366.6666666666667,1.8918315035874442
313,313,4,recov,0.1507953734992578,1.8918315035920579,366.6666666666667,1.8918315035874442
314,314,5,recov,0.15079537349925778,1.891831503592058,366.6666666666667,1.8918315035874442
315,315,3,recov,0.15079537349944638,1.8918315035908073,366.6666666666667,1.8918315035874442
316,316,4,recov,0.15079537349944633,1.8918315035908078,366.6666666666667,1.8918315035874442
317,317,5,recov,0.15079537349944633,1.8918315035908078,366.6666666666667,1.8918315035874442
318,318,3,recov,0.1507953734995838,1.891831503589896,366.6666666666667,1.8918315035874442
319,319,4,recov,0.1507953734995838,1.891831503589896,366.6666666666667,1.8918315035874442
320,320,5,recov,0.15079537349958377,1.8918315035898963,366.6666666666667,1.8918315035874442
321,321,3,recov,0.150795373499684,1.8918315035892317,366.6666666666667,1.8918315035874442
322,322,4,recov,0.150795373499684,1.8918315035892317,366.6666666666667,1.8918315035874442
323,323,5,recov,0.150795373499684,1.8918315035892317,366.6666666666667,1.8918315035874442
324,324,3,recov,0.15079537349975702,1.8918315035887474,366.6666666666667,1.8918315035874442
325,325,4,recov,0.150795373499757,1.8918315035887476,366.6666666666667,1.8918315035874442
326,326,5,recov,0.150795373499757,1.8918315035887476,366.6666666666667,1.8918315035874442
327,327,3,recov,0.15079537349981026,1.8918315035883944,366.6666666666667,1.8918315035874442
328,328,4,recov,0.15079537349981023,1.8918315035883946,366.6666666666667,1.8918315035874442
329,329,5,recov,0.15079537349981023,1.8918315035883946,366.6666666666667,1.8918315035874442
330,330,3,recov,0.15079537349984906,1.891831503588137,366.6666666666667,1.8918315035874442
331,331,4,recov,0.15079537349984906,1.891831503588137,366.6666666666667,1.8918315035874442
332,332,5,recov,0.15079537349984906,1.891831503588137,366.6666666666667,1.8918315035874442
333,333,3,recov,0.15079537349987737,1.8918315035879492,366.6666666666667,1.8918315035874442
334,334,4,recov,0.15079537349987737,1.8918315035879492,366.6666666666667,1.8918315035874442
335,335,5,recov,0.15079537349987737,1.8918315035879492,366.6666666666667,1.8918315035874442
336,336,3,recov,0.15079537349989802,1.8918315035878124,366.6666666666667,1.8918315035874442
337,337,4,recov,0.15079537349989802,1.8918315035878124,366.6666666666667,1.8918315035874442
338,338,5,recov,0.15079537349989802,1.8918315035878124,366.6666666666667,1.8918315035874442
339,339,3,recov,0.1507953734999131,1.8918315035877125,366.6666666666667,1.8918315035874442
340,340,4,recov,0.1507953734999131,1.8918315035877125,366.6666666666667,1.8918315035874442
341,341,5,recov,0.1507953734999131,1.8918315035877125,366.6666666666667,1.8918315035874442
342,342,3,recov,0.15079537349992406,1.8918315035876396,366.6666666666667,1.8918315035874442
343,343,4,recov,0.15079537349992406,1.8918315035876396,366.6666666666667,1.8918315035874442
344,344,5,recov,0.15079537349992406,1.8918315035876396,366.6666666666667,1.8918315035874442
345,345,3,recov,0.15079537349993205,1.8918315035875866,366.6666666666667,1.8918315035874442
346,346,4,recov,0.15079537349993205,1.8918315035875866,366.6666666666667,1.8918315035874442
347,347,5,recov,0.15079537349993205,1.8918315035875866,366.6666666666667,1.8918315035874442
348,348,3,recov,0.15079537349993788,1.891831503587548,366.6666666666667,1.8918315035874442
349,349,4,recov,0.15079537349993788,1.891831503587548,366.6666666666667,1.8918315035874442
350,350,5,recov,0.15079537349993788,1.891831503587548,366.6666666666667,1.8918315035874442
351,351,3,recov,0.1507953734999421,1.89183150358752,366.6666666666667,1.8918315035874442
352,352,4,recov,0.1507953734999421,1.89183150358752,366.6666666666667,1.8918315035874442
353,353,5,recov,0.1507953734999421,1.89183150358752,366.6666666666667,1.8918315035874442
354,354,3,recov,0.15079537349994523,1.8918315035874993,366.6666666666667,1.8918315035874442
355,355,4,recov,0.15079537349994523,1.8918315035874993,366.6666666666667,1.8918315035874442
356,356,5,recov,0.15079537349994523,1.8918315035874993,366.6666666666667,1.8918315035874442
357,357,3,recov,0.15079537349994748,1.8918315035874844,366.6666666666667,1.8918315035874442
358,358,4,recov,0.15079537349994748,1.8918315035874844,366.6666666666667,1.8918315035874442
359,359,5,recov,0.15079537349994748,1.8918315035874844,366.6666666666667,1.8918315035874442
360,360,3,recov,0.15079537349994912,1.8918315035874735,366.6666666666667,1.8918315035874442
361,361,4,recov,0.15079537349994912,1.8918315035874735,366.6666666666667,1.8918315035874442
362,362,5,recov,0.15079537349994912,1.8918315035874735,366.6666666666667,1.8918315035874442
363,363,3,recov,0.1507953734999503,1.8918315035874655,366.6666666666667,1.8918315035874442
364,364,4,recov,0.1507953734999503,1.8918315035874655,366.6666666666667,1.8918315035874442
365,365,5,recov,0.1507953734999503,1.8918315035874655,366.6666666666667,1.8918315035874442
366,366,3,recov,0.1507953734999512,1.8918315035874596,366.6666666666667,1.8918315035874442
367,367,4,recov,0.1507953734999512,1.8918315035874596,366.6666666666667,1.8918315035874442
368,368,5,recov,0.1507953734999512,1.8918315035874596,366.6666666666667,1.8918315035874442
369,369,3,recov,0.15079537349995184,1.8918315035874553,366.6666666666667,1.8918315035874442
370,370,4,recov,0.15079537349995184,1.8918315035874553,366.6666666666667,1.8918315035874442
371,371,5,recov,0.15079537349995184,1.8918315035874553,366.6666666666667,1.8918315035874442
372,372,3,recov,0.15079537349995228,1.8918315035874524,366.6666666666667,1.8918315035874442
373,373,4,recov,0.15079537349995228,1.8918315035874524,366.6666666666667,1.8918315035874442
374,374,5,recov,0.15079537349995228,1.8918315035874524,366.6666666666667,1.8918315035874442
375,375,3,recov,0.15079537349995265,1.89183150358745,366.6666666666667,1.8918315035874442
376,376,4,recov,0.15079537349995265,1.89183150358745,366.6666666666667,1.8918315035874442
377,377,5,recov,0.15079537349995265,1.89183150358745,366.6666666666667,1.8918315035874442
378,378,3,recov,0.15079537349995287,1.8918315035874487,366.6666666666667,1.8918315035874442
379,379,4,recov,0.15079537349995287,1.8918315035874487,366.6666666666667,1.8918315035874442
380,380,5,recov,0.15079537349995287,1.8918315035874487,366.6666666666667,1.8918315035874442
381,381,3,recov,0.15079537349995306,1.8918315035874473,366.6666666666667,1.8918315035874442
382,382,4,recov,0.15079537349995306,1.8918315035874473,366.6666666666667,1.8918315035874442
383,383,5,recov,0.15079537349995306,1.8918315035874473,366.6666666666667,1.8918315035874442
384,384,3,recov,0.1507953734999532,1.8918315035874465,366.6666666666667,1.8918315035874442
385,385,4,recov,0.1507953734999532,1.8918315035874465,366.6666666666667,1.8918315035874442
386,386,5,recov,0.1507953734999532,1.8918315035874465,366.6666666666667,1.8918315035874442
387,387,3,recov,0.15079537349995328,1.8918315035874458,366.6666666666667,1.8918315035874442
388,388,4,recov,0.15079537349995328,1.8918315035874458,366.6666666666667,1.8918315035874442
389,389,5,recov,0.15079537349995328,1.8918315035874458,366.6666666666667,1.8918315035874442
390,390,3,recov,0.15079537349995337,1.8918315035874453,366.6666666666667,1.8918315035874442
391,391,4,recov,0.15079537349995337,1.8918315035874453,366.6666666666667,1.8918315035874442
392,392,5,recov,0.15079537349995337,1.8918315035874453,366.6666666666667,1.8918315035874442
393,393,3,recov,0.15079537349995342,1.891831503587445,366.6666666666667,1.8918315035874442
394,394,4,recov,0.15079537349995342,1.891831503587445,366.6666666666667,1.8918315035874442
395,395,5,recov,0.15079537349995342,1.891831503587445,366.6666666666667,1.8918315035874442
396,396,3,recov,0.15079537349995345,1.8918315035874447,366.6666666666667,1.8918315035874442
397,397,4,recov,0.15079537349995345,1.8918315035874447,366.6666666666667,1.8918315035874442
398,398,5,recov,0.15079537349995345,1.8918315035874447,366.6666666666667,1.8918315035874442
399,399,3,recov,0.15079537349995348,1.8918315035874445,366.6666666666667,1.8918315035874442
400,400,4,recov,0.15079537349995348,1.8918315035874445,366.6666666666667,1.8918315035874442
401,401,5,recov,0.15079537349995348,1.8918315035874445,366.6666666666667,1.8918315035874442
402,402,3,recov,0.15079537349995348,1.8918315035874445,366.6666666666667,1.8918315035874442
403,403,4,recov,0.15079537349995348,1.8918315035874445,366.6666666666667,1.8918315035874442
404,404,5,recov,0.15079537349995348,1.8918315035874445,366.6666666666667,1.8918315035874442
405,405,3,recov,0.1507953734999535,1.8918315035874445,366.6666666666667,1.8918315035874442
406,406,4,recov,0.1507953734999535,1.8918315035874445,366.6666666666667,1.8918315035874442
407,407,5,recov,0.1507953734999535,1.8918315035874445,366.6666666666667,1.8918315035874442
408,408,3,recov,0.15079537349995353,1.8918315035874442,366.6666666666667,1.8918315035874442
409,409,4,recov,0.15079537349995353,1.8918315035874442,366.6666666666667,1.8918315035874442
410,410,5,recov,0.15079537349995353,1.8918315035874442,366.6666666666667,1.8918315035874442
411,411,3,recov,0.15079537349995353,1.8918315035874442,366.6666666666667,1.8918315035874442
412,412,4,recov,0.15079537349995353,1.8918315035874442,366.6666666666667,1.8918315035874442
413,413,5,recov,0.15079537349995353,1.8918315035874442,366.6666666666667,1.8918315035874442
414,414,3,recov,0.15079537349995353,1.8918315035874442,366.6666666666667,1.8918315035874442
415,415,4,recov,0.15079537349995353,1.8918315035874442,366.6666666666667,1.8918315035874442
416,416,5,recov,0.15079537349995353,1.8918315035874442,366.6666666666667,1.8918315035874442
417,417,3,recov,0.15079537349995353,1.8918315035874442,366.6666666666667,1.8918315035874442
418,418,4,recov,0.15079537349995353,1.8918315035874442,366.6666666666667,1.8918315035874442
419,419,5,recov,0.15079537349995353,1.8918315035874442,366.6666666666667,1.8918315035874442
420,420,3,recov,0.15079537349995353,1.8918315035874442,366.6666666666667,1.8918315035874442
421,421,4,recov,0.15079537349995353,1.8918315035874442,366.6666666666667,1.8918315035874442
422,422,5,recov,0.15079537349995353,1.8918315035874442,366.6666666666667,1.8918315035874442
423,423,3,recov,0.15079537349995353,1.8918315035874442,366.6666666666667,1.8918315035874442
424,424,4,recov,0.15079537349995353,1.8918315035874442,366.6666666666667,1.8918315035874442
425,425,5,recov,0.15079537349995353,1.8918315035874442,366.6666666666667,1.8918315035874442
426,426,3,recov,0.15079537349995353,1.8918315035874442,366.6666666666667,1.8918315035874442
427,427,4,recov,0.15079537349995353,1.8918315035874442,366.6666666666667,1.8918315035874442
428,428,5,recov,0.15079537349995353,1.8918315035874442,366.6666666666667,1.8918315035874442
429,429,3,recov,0.15079537349995353,1.8918315035874442,366.6666666666667,1.8918315035874442
430,430,4,recov,0.15079537349995353,1.8918315035874442,366.6666666666667,1.8918315035874442
431,431,5,recov,0.15079537349995353,1.8918315035874442,366.6666666666667,1.8918315035874442
432,432,0,fam_r,0.02521008403361345,3.6805112044434196,366.6666666666667,1.8918315035874442
433,433,1,fam_r,0.02521008403361345,3.6805112044434196,366.6666666666667,1.8918315035874442
434,434,2,fam_r,0.02521008403361345,3.6805112044434196,366.6666666666667,1.8918315035874442
435,435,0,fam_r,0.059243697478991615,2.8260958762873516,366.6666666666667,1.8918315035874442
436,436,1,fam_r,0.059243697478991615,2.8260958762873516,366.6666666666667,1.8918315035874442
437,437,2,fam_r,0.059243697478991615,2.8260958762873516,366.6666666666667,1.8918315035874442
438,438,0,fam_r,0.08405420168067229,2.4762934301250823,366.6666666666667,1.8918315035874442
439,439,1,fam_r,0.08405420168067229,2.4762934301250823,366.6666666666667,1.8918315035874442
440,440,2,fam_r,0.08405420168067229,2.4762934301250823,366.6666666666667,1.8918315035874442
441,441,0,fam_r,0.10214105924369751,2.2814004873083107,366.6666666666667,1.8918315035874442
442,442,1,fam_r,0.10214105924369751,2.2814004873083107,366.6666666666667,1.8918315035874442
443,443,2,fam_r,0.10214105924369751,2.2814004873083107,366.6666666666667,1.8918315035874442
444,444,0,fam_r,0.11532637840714291,2.159989097239052,366.6666666666667,1.8918315035874442
445,445,1,fam_r,0.11532637840714291,2.159989097239052,366.6666666666667,1.8918315035874442
446,446,2,fam_r,0.11532637840714291,2.159989097239052,366.6666666666667,1.8918315035874442
0,0,0,fam,0.043478260869565216,3.1354942159291497,476.6666666666667,1.8918315035874442
1,1,1,fam,0.04054054054054054,3.20545280453606,476.6666666666667,1.8918315035874442
2,2,2,fam,0.03821656050955414,3.264486336120253,476.6666666666667,1.8918315035874442
3,3,0,fam,0.08540278619018779,2.4603765535419595,476.6666666666667,1.8918315035874442
4,4,1,fam,0.08179128719763329,2.5035845545227646,476.6666666666667,1.8918315035874442
5,5,2,fam,0.07879251862241621,2.5409372279654137,476.6666666666667,1.8918315035874442
6,6,0,fam,0.10821888833410241,2.223599359098053,476.6666666666667,1.8918315035874442
7,7,1,fam,0.10519465420233054,2.2519427955368823,476.6666666666667,1.8918315035874442
8,8,2,fam,0.1026138165134427,2.276782691438123,476.6666666666667,1.8918315035874442
9,9,0,fam,0.12200051222949669,2.103730035655263,476.6666666666667,1.8918315035874442
10,10,1,fam,0.11967367737285642,2.1229865955895253,476.6666666666667,1.8918315035874442
11,11,2,fam,0.11765413206551752,2.1400060427466605,476.6666666666667,1.8918315035874442
12,12,0,fam,0.13085461746468469,2.033668362400208,476.6666666666667,1.8918315035874442
13,13,1,fam,0.12911612016014704,2.047043123237957,476.6666666666667,1.8918315035874442
14,14,2,fam,0.12759050208543146,2.0589293459090263,476.6666666666667,1.8918315035874442
15,15,0,fam,0.13677032344311577,1.9894522312226006,476.6666666666667,1.8918315035874442
16,16,1,fam,0.13548724044158353,1.9988778095791015,476.6666666666667,1.8918315035874442
17,17,2,fam,0.13435287664756485,2.0072855325565246,476.6666666666667,1.8918315035874442
18,18,0,fam,0.14082694258437875,1.9602234999817212,476.6666666666667,1.8918315035874442
19,19,1,fam,0.13988537596807044,1.9669319348112215,476.6666666666667,1.8918315035874442
20,20,2,fam,0.13904866658500506,1.9729312878123275,476.6666666666667,1.8918315035874442
21,21,0,fam,0.14365856961779086,1.9403158391037547,476.6666666666667,1.8918315035874442
22,22,1,fam,0.14296960106085613,1.9451232513145724,476.6666666666667,1.8918315035874442
23,23,2,fam,0.14235515527078552,1.9494302504534715,476.6666666666667,1.8918315035874442
24,24,0,fam,0.1456597123948202,1.9264821146909519,476.6666666666667,1.8918315035874442
25,25,1,fam,0.14515634588378323,1.9299438699784779,476.6666666666667,1.8918315035874442
26,26,2,fam,0.14470628137859792,1.9330492366213707,476.6666666666667,1.8918315035874442
27,27,0,fam,0.1470863326865669,1.9167355674073707,476.6666666666667,1.8918315035874442
28,28,1,fam,0.1467188815845948,1.919236893290694,476.6666666666667,1.8918315035874442
29,29,2,fam,0.1463897417939604,1.9214827496233082,476.6666666666667,1.8918315035874442
30,30,0,fam,0.14810971055078348,1.9098019923306055,476.6666666666667,1.8918315035874442
31,31,1,fam,0.14784160850932485,1.9116137910794653,476.6666666666667,1.8918315035874442
32,32,2,fam,0.14760114519748846,1.9132416080552919,476.6666666666667,1.8918315035874442
33,33,0,fam,0.1488470998551825,1.9048356753837754,476.6666666666667,1.8918315035874442
34,34,1,fam,0.14865154377944198,1.9061503442610326,476.6666666666667,1.8918315035874442
35,35,2,fam,0.1484759821299925,1.9073320703185077,476.6666666666667,1.8918315035874442
36,36,0,fam,0.1493801275002077,1.9012610305242748,476.6666666666667,1.8918315035874442
37,37,1,fam,0.14923751359416138,1.9022161912198472,476.6666666666667,1.8918315035874442
38,38,2,fam,0.14910939370245974,1.9030750564967704,476.6666666666667,1.8918315035874442
39,39,0,fam,0.1497663241180533,1.8986790387920611,476.6666666666667,1.8918315035874442
40,40,1,fam,0.14966233194388256,1.8993736428404482,476.6666666666667,1.8918315035874442
41,41,2,fam,0.14956886238621367,1.8999983742353028,476.6666666666667,1.8918315035874442
42,42,0,fam,0.1500466064520183,1.8968093234660155,476.6666666666667,1.8918315035874442
43,43,1,fam,0.14997078269219144,1.897314785910426,476.6666666666667,1.8918315035874442
44,44,2,fam,0.14990260679956882,1.8977694837674968,476.6666666666667,1.8918315035874442
45,45,0,fam,0.15025026919638396,1.8954529139119596,476.6666666666667,1.8918315035874442
46,46,1,fam,0.15019498678455503,1.8958209171428464,476.6666666666667,1.8918315035874442
47,47,2,fam,0.1501452673844162,1.8961520043008473,476.6666666666667,1.8918315035874442
48,48,0,fam,0.15039838844424033,1.8944675826551858,476.6666666666667,1.8918315035874442
49,49,1,fam,0.15035808400572345,1.8947356030800155,476.6666666666667,1.8918315035874442
50,50,2,fam,0.15032182847625525,1.8949767600588414,476.6666666666667,1.8918315035874442
51,51,0,fam,0.1505061814728826,1.8937511227271564,476.6666666666667,1.8918315035874442
52,52,1,fam,0.15047679768434344,1.8939463748886893,476.6666666666667,1.8918315035874442
53,53,2,fam,0.15045036208267157,1.894122069244495,476.6666666666667,1.8918315035874442
54,54,0,fam,0.15058466401652068,1.8932298013612545,476.6666666666667,1.8918315035874442
55,55,1,fam,0.1505632422651241,1.8933720686723392,476.6666666666667,1.8918315035874442
56,56,2,fam,0.150543967899251,1.8935000919494231,476.6666666666667,1.8918315035874442
57,57,0,fam,0.1506418254903195,1.8928502764756543,476.6666666666667,1.8918315035874442
58,58,1,fam,0.15062620852413783,1.8929539513726392,476.6666666666667,1.8918315035874442
59,59,2,fam,0.1506121560228119,1.893047249590861,476.6666666666667,1.8918315035874442
60,60,0,fam,0.15068346844328973,1.8925738778189618,476.6666666666667,1.8918315035874442
61,61,1,fam,0.15067208340647986,1.892649436651347,476.6666666666667,1.8918315035874442
62,62,2,fam,0.15066183834420593,1.8927174347195257,476.6666666666667,1.8918315035874442
63,63,0,fam,0.15071381141529083,1.8923725291397844,476.6666666666667,1.8918315035874442
64,64,1,fam,0.15070551158165807,1.8924276008156964,476.6666666666667,1.8918315035874442
65,65,2,fam,0.15069804251294497,1.89247716273103,476.6666666666667,1.8918315035874442
66,66,3,recov,0.025220203957831863,3.680109861331678,476.6666666666667,1.8918315035874442
67,67,4,recov,0.025219191599810765,3.680150002892061,476.6666666666667,1.8918315035874442
68,68,5,recov,0.02521828054707822,3.680186128918758,476.6666666666667,1.8918315035874442
69,69,3,recov,0.05926103254135755,2.825803313070903,476.6666666666667,1.8918315035874442
70,70,4,recov,0.05925929857862339,2.825832573244544,476.6666666666667,1.8918315035874442
71,71,5,recov,0.05925773809891774,2.825858906668826,476.6666666666667,1.8918315035874442
72,72,3,recov,0.08407212984285728,2.4760801599955258,476.6666666666667,1.8918315035874442
73,73,4,recov,0.08407033668249068,2.4761014890553845,476.6666666666667,1.8918315035874442
74,74,5,recov,0.08406872290356018,2.4761206848203012,476.6666666666667,1.8918315035874442
75,75,3,recov,0.1021569402905773,2.2812450178769117,476.6666666666667,1.8918315035874442
76,76,4,recov,0.10215535196366395,2.2812605659077803,476.6666666666667,1.8918315035874442
77,77,5,recov,0.10215392251167006,2.2812745589288763,476.6666666666667,1.8918315035874442
78,78,3,recov,0.11533944964308644,2.159875762411193,476.6666666666667,1.8918315035874442
79,79,4,recov,0.11533814238615767,2.1598870964720116,476.6666666666667,1.8918315035874442
80,80,5,recov,0.11533696588025764,2.1598972970169155,476.6666666666667,1.8918315035874442
81,81,3,recov,0.12494879889821381,2.079851234406731,476.6666666666667,1.8918315035874442
82,82,4,recov,0.12494776653936107,2.079859496695978,476.6666666666667,1.8918315035874442
83,83,5,recov,0.12494683743097915,2.0798669326979335,476.6666666666667,1.8918315035874442
84,84,3,recov,0.13195364249853136,2.025304611271482,476.6666666666667,1.8918315035874442
85,85,4,recov,0.1319528477334818,2.0253106343522247,476.6666666666667,1.8918315035874442
86,86,5,recov,0.13195213245312276,2.025316055093876,476.6666666666667,1.8918315035874442
87,87,3,recov,0.1370599757972914,1.9873366694092451,476.6666666666667,1.8918315035874442
88,88,4,recov,0.137059374001458,1.9873410601670216,476.6666666666667,1.8918315035874442
89,89,5,recov,0.13705883238972633,1.987345011832537,476.6666666666667,1.8918315035874442
90,90,3,recov,0.14078238771902735,1.9605399303050712,476.6666666666667,1.8918315035874442
91,91,4,recov,0.14078193709978823,1.9605431311313082,476.6666666666667,1.8918315035874442
92,92,5,recov,0.14078153154493944,1.9605460118661615,476.6666666666667,1.8918315035874442
93,93,3,recov,0.14349597018252933,1.9414483265284899,476.6666666666667,1.8918315035874442
94,94,4,recov,0.14349563535184848,1.9414506599115882,476.6666666666667,1.8918315035874442
95,95,5,recov,0.1434953340055717,1.9414527599517215,476.6666666666667,1.8918315035874442
96,96,3,recov,0.14547414213022788,1.9277569254822051,476.6666666666667,1.8918315035874442
97,97,4,recov,0.1454738946751315,1.9277586265082653,476.6666666666667,1.8918315035874442
98,98,5,recov,0.14547367196626454,1.9277601574292456,476.6666666666667,1.8918315035874442
99,99,3,recov,0.14691621371351435,1.9178928294387485,476.6666666666667,1.8918315035874442
100,100,4,recov,0.14691603153126848,1.9178940694813158,476.6666666666667,1.8918315035874442
101,101,5,recov,0.1469158675676335,1.9178951855183117,476.6666666666667,1.8918315035874442
102,102,3,recov,0.14796747551883985,1.9107627893766297,476.6666666666667,1.8918315035874442
103,103,4,recov,0.1479673417580565,1.9107636933647754,476.6666666666667,1.8918315035874442
104,104,5,recov,0.14796722137355825,1.9107645069534078,476.6666666666667,1.8918315035874442
105,105,3,recov,0.1487338409220827,1.9055968729139174,476.6666666666667,1.8918315035874442
106,106,4,recov,0.1487337429056475,1.9055975319197422,476.6666666666667,1.8918315035874442
107,107,5,recov,0.14873365469096633,1.9055981250246128,476.6666666666667,1.8918315035874442
108,108,3,recov,0.1492925189346432,1.9018476832969533,476.6666666666667,1.8918315035874442
109,109,4,recov,0.14929244721237991,1.9018481637113842,476.6666666666667,1.8918315035874442
110,110,5,recov,0.14929238266240188,1.9018485960841747,476.6666666666667,1.8918315035874442
111,111,3,recov,0.14969979394820299,1.8991233639890115,476.6666666666667,1.8918315035874442
112,112,4,recov,0.1496997415200978,1.8991237142106985,476.6666666666667,1.8918315035874442
113,113,5,recov,0.1496996943348345,1.899124029410112,476.6666666666667,1.8918315035874442
114,114,3,recov,0.1499966967647522,1.8971420066966784,476.6666666666667,1.8918315035874442
115,115,4,recov,0.14999665846889348,1.897142262008058,476.6666666666667,1.8918315035874442
116,116,5,recov,0.1499966240026374,1.8971424917882436,476.6666666666667,1.8918315035874442
117,117,3,recov,0.15021313856283658,1.895700069690517,476.6666666666667,1.8918315035874442
118,118,4,recov,0.15021311060488843,1.8957002558123903,476.6666666666667,1.8918315035874442
119,119,5,recov,0.150213085442744,1.8957004233220467,476.6666666666667,1.8918315035874442
120,120,3,recov,0.15037092444488329,1.8946502076654939,476.6666666666667,1.8918315035874442
121,121,4,recov,0.1503709040421395,1.8946503433482746,476.6666666666667,1.8918315035874442
122,122,5,recov,0.15037088567967483,1.8946504654627616,476.6666666666667,1.8918315035874442
123,123,3,recov,0.15048595025258235,1.8938855529543837,476.6666666666667,1.8918315035874442
124,124,4,recov,0.15048593536760954,1.8938856518670963,476.6666666666667,1.8918315035874442
125,125,5,recov,0.15048592197113653,1.8938857408885292,476.6666666666667,1.8918315035874442
126,126,3,recov,0.1505698040130846,1.893328488281262,476.6666666666667,1.8918315035874442
127,127,4,recov,0.15056979315589558,1.893328560388611,476.6666666666667,1.8918315035874442
128,128,5,recov,0.1505697833844268,1.8933286252852206,476.6666666666667,1.8918315035874442
129,129,3,recov,0.15063093337615946,1.8929225838041082,476.6666666666667,1.8918315035874442
130,130,4,recov,0.1506309254580567,1.892922636370356,476.6666666666667,1.8918315035874442
131,131,5,recov,0.15063091833176495,1.8929226836799764,476.6666666666667,1.8918315035874442
132,132,3,recov,0.15067549666678465,1.8926267833398183,476.6666666666667,1.8918315035874442
133,133,4,recov,0.1506754908927808,1.8926268216606075,476.6666666666667,1.8918315035874442
134,134,5,recov,0.15067548569617767,1.892626856149317,476.6666666666667,1.8918315035874442
135,135,3,recov,0.15070798329764884,1.8924111999840627,476.6666666666667,1.8918315035874442
136,136,4,recov,0.15070797908749287,1.8924112279199155,476.6666666666667,1.8918315035874442
137,137,5,recov,0.1507079752983527,1.8924112530621822,476.6666666666667,1.8918315035874442
138,138,3,recov,0.15073166604729646,1.8922540690309992,476.6666666666667,1.8918315035874442
139,139,4,recov,0.15073166297761065,1.8922540893962345,476.6666666666667,1.8918315035874442
140,140,5,recov,0.15073166021489354,1.8922541077249457,476.6666666666667,1.8918315035874442
141,141,3,recov,0.15074893076952967,1.8921395361394342,476.6666666666667,1.8918315035874442
142,142,4,recov,0.1507489285314725,1.89213955098569,476.6666666666667,1.8918315035874442
143,143,5,recov,0.15074892651722113,1.8921395643473198,476.6666666666667,1.8918315035874442
144,144,3,recov,0.15076151675083668,1.8920560499357697,476.6666666666667,1.8918315035874442
145,145,4,recov,0.15076151511915686,1.8920560607586896,476.6666666666667,1.8918315035874442
146,146,5,recov,0.15076151365064505,1.8920560704993175,476.6666666666667,1.8918315035874442
147,147,3,recov,0.15077069193057127,1.891995192889834,476.6666666666667,1.8918315035874442
148,148,4,recov,0.15077069074100433,1.8919952007797423,476.6666666666667,1.8918315035874442
149,149,5,recov,0.1507706896703941,1.89199520788066,476.6666666666667,1.8918315035874442
150,150,3,recov,0.1507773806362586,1.891950830439552,476.6666666666667,1.8918315035874442
151,151,4,recov,0.1507773797690258,1.8919508361912953,476.6666666666667,1.8918315035874442
152,152,5,recov,0.15077737898851631,1.8919508413678643,476.6666666666667,1.8918315035874442
153,153,3,recov,0.15078225670252435,1.8919184914547382,476.6666666666667,1.8918315035874442
154,154,4,recov,0.15078225607029122,1.891918495647759,476.6666666666667,1.8918315035874442
155,155,5,recov,0.15078225550128144,1.8919184994214775,476.6666666666667,1.8918315035874442
156,156,3,recov,0.15078581135473632,1.8918949169945174,476.6666666666667,1.8918315035874442
157,157,4,recov,0.1507858108938275,1.8918949200512296,476.6666666666667,1.8918315035874442
158,158,5,recov,0.15078581047900957,1.8918949228022706,476.6666666666667,1.8918315035874442
159,159,3,recov,0.1507884026961479,1.891877731563596,476.6666666666667,1.8918315035874442
160,160,4,recov,0.15078840236013963,1.8918777337919388,476.6666666666667,1.8918315035874442
161,161,5,recov,0.15078840205773217,1.8918777357974477,476.6666666666667,1.8918315035874442
162,162,3,recov,0.1507902917840099,1.8918652035707595,476.6666666666667,1.8918315035874442
163,163,4,recov,0.15079029153905682,1.8918652051952214,476.6666666666667,1.8918315035874442
164,164,5,recov,0.150790291318599,1.8918652066572375,476.6666666666667,1.8918315035874442
165,165,3,recov,0.15079166892904694,1.8918560707629895,476.6666666666667,1.8918315035874442
166,166,4,recov,0.15079166875047448,1.8918560719472224,476.6666666666667,1.8918315035874442
167,167,5,recov,0.1507916685897593,1.891856073013032,476.6666666666667,1.8918315035874442
168,168,3,recov,0.1507926728677713,1.891849412998741,476.6666666666667,1.8918315035874442
169,169,4,recov,0.1507926727375911,1.891849413862047,476.6666666666667,1.8918315035874442
170,170,5,recov,0.15079267262042892,1.8918494146390221,476.6666666666667,1.8918315035874442
171,171,3,recov,0.15079340473909725,1.891844559516566,476.6666666666667,1.8918315035874442
172,172,4,recov,0.15079340464419544,1.891844560145916,476.6666666666667,1.8918315035874442
173,173,5,recov,0.15079340455878384,1.8918445607123304,476.6666666666667,1.8918315035874442
174,174,3,recov,0.15079393827329177,1.89184102134292,476.6666666666667,1.8918315035874442
175,175,4,recov,0.1507939382041081,1.8918410218017159,476.6666666666667,1.8918315035874442
176,176,5,recov,0.1507939381418428,1.8918410222146325,476.6666666666667,1.8918315035874442
177,177,3,recov,0.1507943272197184,1.8918384420222292,476.6666666666667,1.8918315035874442
178,178,4,recov,0.15079432716928337,1.8918384423566916,476.6666666666667,1.8918315035874442
179,179,5,recov,0.15079432712389185,1.8918384426577077,476.6666666666667,1.8918315035874442
180,180,3,recov,0.15079461076166278,1.8918365617016426,476.6666666666667,1.8918315035874442
181,181,4,recov,0.15079461072489558,1.8918365619454656,476.6666666666667,1.8918315035874442
182,182,5,recov,0.1507946106918051,1.8918365621649065,476.6666666666667,1.8918315035874442
183,183,3,recov,0.15079481746373996,1.8918351909501652,476.6666666666667,1.8918315035874442
184,184,4,recov,0.15079481743693662,1.891835191127912,476.6666666666667,1.8918315035874442
185,185,5,recov,0.15079481741281364,1.8918351912878844,476.6666666666667,1.8918315035874442
186,186,3,recov,0.15079496814955404,1.8918341916735233,476.6666666666667,1.8918315035874442
187,187,4,recov,0.15079496813001442,1.8918341918031008,476.6666666666667,1.8918315035874442
188,188,5,recov,0.1507949681124287,1.8918341919197208,476.6666666666667,1.8918315035874442
189,189,3,recov,0.15079507799951242,1.8918334632014813,476.6666666666667,1.8918315035874442
190,190,4,recov,0.15079507798526798,1.8918334632959435,476.6666666666667,1.8918315035874442
191,191,5,recov,0.150795077972448,1.8918334633809595,476.6666666666667,1.8918315035874442
192,192,3,recov,0.15079515808013202,1.8918329321456975,476.6666666666667,1.8918315035874442
193,193,4,recov,0.1507951580697478,1.8918329322145606,476.6666666666667,1.8918315035874442
194,194,5,recov,0.15079515806040203,1.8918329322765373,476.6666666666667,1.8918315035874442
195,195,3,recov,0.15079521645890365,1.8918325450062092,476.6666666666667,1.8918315035874442
196,196,4,recov,0.15079521645133356,1.8918325450564104,476.6666666666667,1.8918315035874442
197,197,5,recov,0.1507952164445205,1.8918325451015912,476.6666666666667,1.8918315035874442
198,198,3,recov,0.15079525901702817,1.8918322627816169,476.6666666666667,1.8918315035874442
199,199,4,recov,0.15079525901150959,1.8918322628182134,476.6666666666667,1.8918315035874442
200,200,5,recov,0.15079525900654286,1.8918322628511501,476.6666666666667,1.8918315035874442
201,201,3,recov,0.15079529004190095,1.891832057039939,476.6666666666667,1.8918315035874442
202,202,4,recov,0.15079529003787792,1.8918320570666178,476.6666666666667,1.8918315035874442
203,203,5,recov,0.15079529003425718,1.8918320570906288,476.6666666666667,1.8918315035874442
204,204,3,recov,0.15079531265903318,1.8918319070542828,476.6666666666667,1.8918315035874442
205,205,4,recov,0.15079531265610038,1.8918319070737317,476.6666666666667,1.8918315035874442
206,206,5,recov,0.15079531265346088,1.8918319070912355,476.6666666666667,1.8918315035874442
207,207,3,recov,0.15079532914692262,1.8918317977147534,476.6666666666667,1.8918315035874442
208,208,4,recov,0.1507953291447846,1.8918317977289316,476.6666666666667,1.8918315035874442
209,209,5,recov,0.1507953291428604,1.891831797741692,476.6666666666667,1.8918315035874442
210,210,3,recov,0.150795341166594,1.891831718006244,476.6666666666667,1.8918315035874442
211,211,4,recov,0.15079534116503537,1.89183171801658,476.6666666666667,1.8918315035874442
212,212,5,recov,0.15079534116363263,1.8918317180258823,476.6666666666667,1.8918315035874442
213,213,3,recov,0.15079534992893442,1.8918316598987448,476.6666666666667,1.8918315035874442
214,214,4,recov,0.1507953499277982,1.8918316599062797,476.6666666666667,1.8918315035874442
215,215,5,recov,0.15079534992677562,1.891831659913061,476.6666666666667,1.8918315035874442
216,216,3,recov,0.1507953563166806,1.89183161753838,476.6666666666667,1.8918315035874442
217,217,4,recov,0.15079535631585228,1.891831617543873,476.6666666666667,1.8918315035874442
218,218,5,recov,0.15079535631510682,1.8918316175488163,476.6666666666667,1.8918315035874442
219,219,3,recov,0.15079536097334756,1.8918315866576751,476.6666666666667,1.8918315035874442
220,220,4,recov,0.15079536097274374,1.8918315866616793,476.6666666666667,1.8918315035874442
221,221,5,recov,0.15079536097220028,1.8918315866652833,476.6666666666667,1.8918315035874442
222,222,3,recov,0.1507953643680578,1.8918315641456418,476.6666666666667,1.8918315035874442
223,223,4,recov,0.1507953643676176,1.891831564148561,476.6666666666667,1.8918315035874442
224,224,5,recov,0.1507953643672214,1.8918315641511882,476.6666666666667,1.8918315035874442
225,225,3,recov,0.1507953668428015,1.8918315477343701,476.6666666666667,1.8918315035874442
226,226,4,recov,0.15079536684248063,1.891831547736498,476.6666666666667,1.8918315035874442
227,227,5,recov,0.1507953668421918,1.8918315477384133,476.6666666666667,1.8918315035874442
228,228,3,recov,0.15079536864688972,1.8918315357705529,476.6666666666667,1.8918315035874442
229,229,4,recov,0.15079536864665577,1.8918315357721043,476.6666666666667,1.8918315035874442
230,230,5,recov,0.15079536864644522,1.8918315357735005,476.6666666666667,1.8918315035874442
231,231,3,recov,0.15079536996207002,1.8918315270489303,476.6666666666667,1.8918315035874442
232,232,4,recov,0.15079536996189946,1.8918315270500614,476.6666666666667,1.8918315035874442
233,233,5,recov,0.150795369961746,1.891831527051079,476.6666666666667,1.8918315035874442
234,234,3,recov,0.15079537092083642,1.8918315206908678,476.6666666666667,1.8918315035874442
235,235,4,recov,0.15079537092071213,1.891831520691692,476.6666666666667,1.8918315035874442
236,236,5,recov,0.15079537092060022,1.891831520692434,476.6666666666667,1.8918315035874442
237,237,3,recov,0.15079537161977716,1.8918315160558399,476.6666666666667,1.8918315035874442
238,238,4,recov,0.15079537161968654,1.891831516056441,476.6666666666667,1.8918315035874442
239,239,5,recov,0.15079537161960493,1.891831516056982,476.6666666666667,1.8918315035874442
240,240,3,recov,0.15079537212930497,1.8918315126769045,476.6666666666667,1.8918315035874442
241,241,4,recov,0.1507953721292389,1.8918315126773426,476.6666666666667,1.8918315035874442
242,242,5,recov,0.15079537212917943,1.891831512677737,476.6666666666667,1.8918315035874442
243,243,3,recov,0.15079537250075073,1.8918315102136607,476.6666666666667,1.8918315035874442
244,244,4,recov,0.15079537250070255,1.8918315102139802,476.6666666666667,1.8918315035874442
245,245,5,recov,0.1507953725006592,1.8918315102142678,476.6666666666667,1.8918315035874442
246,246,3,recov,0.15079537277153468,1.8918315084179562,476.6666666666667,1.8918315035874442
247,247,4,recov,0.15079537277149957,1.891831508418189,476.6666666666667,1.8918315035874442
248,248,5,recov,0.15079537277146796,1.8918315084183985,476.6666666666667,1.8918315035874442
249,249,3,recov,0.15079537296893616,1.8918315071088876,476.6666666666667,1.8918315035874442
250,250,4,recov,0.1507953729689106,1.891831507109057,476.6666666666667,1.8918315035874442
251,251,5,recov,0.15079537296888756,1.8918315071092098,476.6666666666667,1.8918315035874442
252,252,3,recov,0.1507953731128419,1.891831506154576,476.6666666666667,1.8918315035874442
253,253,4,recov,0.15079537311282323,1.8918315061547,476.6666666666667,1.8918315035874442
254,254,5,recov,0.15079537311280644,1.8918315061548114,476.6666666666667,1.8918315035874442
255,255,3,recov,0.15079537321774913,1.8918315054588835,476.6666666666667,1.8918315035874442
256,256,4,recov,0.15079537321773553,1.8918315054589738,476.6666666666667,1.8918315035874442
257,257,5,recov,0.1507953732177233,1.8918315054590549,476.6666666666667,1.8918315035874442
258,258,3,recov,0.15079537329422651,1.8918315049517236,476.6666666666667,1.8918315035874442
259,259,4,recov,0.15079537329421663,1.891831504951789,476.6666666666667,1.8918315035874442
260,260,5,recov,0.1507953732942077,1.8918315049518484,476.6666666666667,1.8918315035874442
261,261,3,recov,0.15079537334997853,1.891831504582004,476.6666666666667,1.8918315035874442
262,262,4,recov,0.1507953733499713,1.8918315045820517,476.6666666666667,1.8918315035874442
263,263,5,recov,0.1507953733499648,1.891831504582095,476.6666666666667,1.8918315035874442
264,264,3,recov,0.15079537339062174,1.8918315043124783,476.6666666666667,1.8918315035874442
265,265,4,recov,0.15079537339061647,1.8918315043125133,476.6666666666667,1.8918315035874442
266,266,5,recov,0.15079537339061175,1.8918315043125447,476.6666666666667,1.8918315035874442
267,267,3,recov,0.15079537342025068,1.8918315041159939,476.6666666666667,1.8918315035874442
268,268,4,recov,0.15079537342024685,1.8918315041160194,476.6666666666667,1.8918315035874442
269,269,5,recov,0.15079537342024338,1.8918315041160423,476.6666666666667,1.8918315035874442
270,270,3,recov,0.15079537344185015,1.891831503972757,476.6666666666667,1.8918315035874442
271,271,4,recov,0.15079537344184732,1.8918315039727758,476.6666666666667,1.8918315035874442
272,272,5,recov,0.1507953734418448,1.8918315039727924,476.6666666666667,1.8918315035874442
273,273,3,recov,0.15079537345759614,1.8918315038683373,476.6666666666667,1.8918315035874442
274,274,4,recov,0.1507953734575941,1.8918315038683509,476.6666666666667,1.8918315035874442
275,275,5,recov,0.15079537345759225,1.891831503868363,476.6666666666667,1.8918315035874442
276,276,3,recov,0.15079537346907498,1.8918315037922153,476.6666666666667,1.8918315035874442
277,277,4,recov,0.15079537346907348,1.8918315037922253,476.6666666666667,1.8918315035874442
278,278,5,recov,0.15079537346907215,1.8918315037922342,476.6666666666667,1.8918315035874442
279,279,3,recov,0.1507953734774431,1.8918315037367222,476.6666666666667,1.8918315035874442
280,280,4,recov,0.15079537347744199,1.8918315037367295,476.6666666666667,1.8918315035874442
281,281,5,recov,0.15079537347744104,1.891831503736736,476.6666666666667,1.8918315035874442
282,282,3,recov,0.15079537348354338,1.891831503696268,476.6666666666667,1.8918315035874442
283,283,4,recov,0.15079537348354263,1.8918315036962732,476.6666666666667,1.8918315035874442
284,284,5,recov,0.1507953734835419,1.8918315036962778,476.6666666666667,1.8918315035874442
285,285,3,recov,0.15079537348799055,1.8918315036667768,476.6666666666667,1.8918315035874442
286,286,4,recov,0.15079537348798996,1.8918315036667805,476.6666666666667,1.8918315035874442
287,287,5,recov,0.15079537348798946,1.8918315036667839,476.6666666666667,1.8918315035874442
288,288,3,recov,0.1507953734912325,1.8918315036452777,476.6666666666667,1.8918315035874442
289,289,4,recov,0.1507953734912321,1.8918315036452804,476.6666666666667,1.8918315035874442
290,290,5,recov,0.15079537349123168,1.8918315036452833,476.6666666666667,1.8918315035874442
291,291,3,recov,0.1507953734935959,1.891831503629605,476.6666666666667,1.8918315035874442
292,292,4,recov,0.1507953734935956,1.891831503629607,476.6666666666667,1.8918315035874442
293,293,5,recov,0.1507953734935953,1.8918315036296087,476.6666666666667,1.8918315035874442
294,294,3,recov,0.1507953734953188,1.8918315036181794,476.6666666666667,1.8918315035874442
295,295,4,recov,0.15079537349531857,1.891831503618181,476.6666666666667,1.8918315035874442
296,296,5,recov,0.1507953734953184,1.891831503618182,476.6666666666667,1.8918315035874442
297,297,3,recov,0.15079537349657482,1.89183150360985,476.6666666666667,1.8918315035874442
298,298,4,recov,0.15079537349657465,1.8918315036098512,476.6666666666667,1.8918315035874442
299,299,5,recov,0.15079537349657451,1.891831503609852,476.6666666666667,1.8918315035874442
300,300,3,recov,0.15079537349749045,1.891831503603778,476.6666666666667,1.8918315035874442
301,301,4,recov,0.1507953734974903,1.8918315036037792,476.6666666666667,1.8918315035874442
302,302,5,recov,0.15079537349749023,1.8918315036037796,476.6666666666667,1.8918315035874442
303,303,3,recov,0.15079537349815791,1.8918315035993518,476.6666666666667,1.8918315035874442
304,304,4,recov,0.15079537349815783,1.8918315035993525,476.6666666666667,1.8918315035874442
305,305,5,recov,0.15079537349815778,1.8918315035993527,476.6666666666667,1.8918315035874442
306,306,3,recov,0.15079537349864452,1.8918315035961248,476.6666666666667,1.8918315035874442
307,307,4,recov,0.15079537349864447,1.8918315035961253,476.6666666666667,1.8918315035874442
308,308,5,recov,0.1507953734986444,1.8918315035961255,476.6666666666667,1.8918315035874442
309,309,3,recov,0.15079537349899924,1.8918315035937725,476.6666666666667,1.8918315035874442
310,310,4,recov,0.1507953734989992,1.8918315035937727,476.6666666666667,1.8918315035874442
311,311,5,recov,0.15079537349899916,1.8918315035937732,476.6666666666667,1.8918315035874442
312,312,3,recov,0.15079537349925787,1.8918315035920574,476.6666666666667,1.8918315035874442
313,313,4,recov,0.1507953734992578,1.8918315035920579,476.6666666666667,1.8918315035874442
314,314,5,recov,0.15079537349925778,1.891831503592058,476.6666666666667,1.8918315035874442
315,315,3,recov,0.15079537349944638,1.8918315035908073,476.6666666666667,1.8918315035874442
316,316,4,recov,0.15079537349944633,1.8918315035908078,476.6666666666667,1.8918315035874442
317,317,5,recov,0.15079537349944633,1.8918315035908078,476.6666666666667,1.8918315035874442
318,318,3,recov,0.1507953734995838,1.891831503589896,476.6666666666667,1.8918315035874442
319,319,4,recov,0.1507953734995838,1.891831503589896,476.6666666666667,1.8918315035874442
320,320,5,recov,0.15079537349958377,1.8918315035898963,476.6666666666667,1.8918315035874442
321,321,3,recov,0.150795373499684,1.8918315035892317,476.6666666666667,1.8918315035874442
322,322,4,recov,0.150795373499684,1.8918315035892317,476.6666666666667,1.8918315035874442
323,323,5,recov,0.150795373499684,1.8918315035892317,476.6666666666667,1.8918315035874442
324,324,3,recov,0.15079537349975702,1.8918315035887474,476.6666666666667,1.8918315035874442
325,325,4,recov,0.150795373499757,1.8918315035887476,476.6666666666667,1.8918315035874442
326,326,5,recov,0.150795373499757,1.8918315035887476,476.6666666666667,1.8918315035874442
327,327,3,recov,0.15079537349981026,1.8918315035883944,476.6666666666667,1.8918315035874442
328,328,4,recov,0.15079537349981023,1.8918315035883946,476.6666666666667,1.8918315035874442
329,329,5,recov,0.15079537349981023,1.8918315035883946,476.6666666666667,1.8918315035874442
330,330,3,recov,0.15079537349984906,1.891831503588137,476.6666666666667,1.8918315035874442
331,331,4,recov,0.15079537349984906,1.891831503588137,476.6666666666667,1.8918315035874442
332,332,5,recov,0.15079537349984906,1.891831503588137,476.6666666666667,1.8918315035874442
333,333,3,recov,0.15079537349987737,1.8918315035879492,476.6666666666667,1.8918315035874442
334,334,4,recov,0.15079537349987737,1.8918315035879492,476.6666666666667,1.8918315035874442
335,335,5,recov,0.15079537349987737,1.8918315035879492,476.6666666666667,1.8918315035874442
336,336,3,recov,0.15079537349989802,1.8918315035878124,476.6666666666667,1.8918315035874442
337,337,4,recov,0.15079537349989802,1.8918315035878124,476.6666666666667,1.8918315035874442
338,338,5,recov,0.15079537349989802,1.8918315035878124,476.6666666666667,1.8918315035874442
339,339,3,recov,0.1507953734999131,1.8918315035877125,476.6666666666667,1.8918315035874442
340,340,4,recov,0.1507953734999131,1.8918315035877125,476.6666666666667,1.8918315035874442
341,341,5,recov,0.1507953734999131,1.8918315035877125,476.6666666666667,1.8918315035874442
342,342,3,recov,0.15079537349992406,1.8918315035876396,476.6666666666667,1.8918315035874442
343,343,4,recov,0.15079537349992406,1.8918315035876396,476.6666666666667,1.8918315035874442
344,344,5,recov,0.15079537349992406,1.8918315035876396,476.6666666666667,1.8918315035874442
345,345,3,recov,0.15079537349993205,1.8918315035875866,476.6666666666667,1.8918315035874442
346,346,4,recov,0.15079537349993205,1.8918315035875866,476.6666666666667,1.8918315035874442
347,347,5,recov,0.15079537349993205,1.8918315035875866,476.6666666666667,1.8918315035874442
348,348,3,recov,0.15079537349993788,1.891831503587548,476.6666666666667,1.8918315035874442
349,349,4,recov,0.15079537349993788,1.891831503587548,476.6666666666667,1.8918315035874442
350,350,5,recov,0.15079537349993788,1.891831503587548,476.6666666666667,1.8918315035874442
351,351,3,recov,0.1507953734999421,1.89183150358752,476.6666666666667,1.8918315035874442
352,352,4,recov,0.1507953734999421,1.89183150358752,476.6666666666667,1.8918315035874442
353,353,5,recov,0.1507953734999421,1.89183150358752,476.6666666666667,1.8918315035874442
354,354,3,recov,0.15079537349994523,1.8918315035874993,476.6666666666667,1.8918315035874442
355,355,4,recov,0.15079537349994523,1.8918315035874993,476.6666666666667,1.8918315035874442
356,356,5,recov,0.15079537349994523,1.8918315035874993,476.6666666666667,1.8918315035874442
357,357,3,recov,0.15079537349994748,1.8918315035874844,476.6666666666667,1.8918315035874442
358,358,4,recov,0.15079537349994748,1.8918315035874844,476.6666666666667,1.8918315035874442
359,359,5,recov,0.15079537349994748,1.8918315035874844,476.6666666666667,1.8918315035874442
360,360,3,recov,0.15079537349994912,1.8918315035874735,476.6666666666667,1.8918315035874442
361,361,4,recov,0.15079537349994912,1.8918315035874735,476.6666666666667,1.8918315035874442
362,362,5,recov,0.15079537349994912,1.8918315035874735,476.6666666666667,1.8918315035874442
363,363,3,recov,0.1507953734999503,1.8918315035874655,476.6666666666667,1.8918315035874442
364,364,4,recov,0.1507953734999503,1.8918315035874655,476.6666666666667,1.8918315035874442
365,365,5,recov,0.1507953734999503,1.8918315035874655,476.6666666666667,1.8918315035874442
366,366,3,recov,0.1507953734999512,1.8918315035874596,476.6666666666667,1.8918315035874442
367,367,4,recov,0.1507953734999512,1.8918315035874596,476.6666666666667,1.8918315035874442
368,368,5,recov,0.1507953734999512,1.8918315035874596,476.6666666666667,1.8918315035874442
369,369,3,recov,0.15079537349995184,1.8918315035874553,476.6666666666667,1.8918315035874442
370,370,4,recov,0.15079537349995184,1.8918315035874553,476.6666666666667,1.8918315035874442
371,371,5,recov,0.15079537349995184,1.8918315035874553,476.6666666666667,1.8918315035874442
372,372,3,recov,0.15079537349995228,1.8918315035874524,476.6666666666667,1.8918315035874442
373,373,4,recov,0.15079537349995228,1.8918315035874524,476.6666666666667,1.8918315035874442
374,374,5,recov,0.15079537349995228,1.8918315035874524,476.6666666666667,1.8918315035874442
375,375,3,recov,0.15079537349995265,1.89183150358745,476.6666666666667,1.8918315035874442
376,376,4,recov,0.15079537349995265,1.89183150358745,476.6666666666667,1.8918315035874442
377,377,5,recov,0.15079537349995265,1.89183150358745,476.6666666666667,1.8918315035874442
378,378,3,recov,0.15079537349995287,1.8918315035874487,476.6666666666667,1.8918315035874442
379,379,4,recov,0.15079537349995287,1.8918315035874487,476.6666666666667,1.8918315035874442
380,380,5,recov,0.15079537349995287,1.8918315035874487,476.6666666666667,1.8918315035874442
381,381,3,recov,0.15079537349995306,1.8918315035874473,476.6666666666667,1.8918315035874442
382,382,4,recov,0.15079537349995306,1.8918315035874473,476.6666666666667,1.8918315035874442
383,383,5,recov,0.15079537349995306,1.8918315035874473,476.6666666666667,1.8918315035874442
384,384,3,recov,0.1507953734999532,1.8918315035874465,476.6666666666667,1.8918315035874442
385,385,4,recov,0.1507953734999532,1.8918315035874465,476.6666666666667,1.8918315035874442
386,386,5,recov,0.1507953734999532,1.8918315035874465,476.6666666666667,1.8918315035874442
387,387,3,recov,0.15079537349995328,1.8918315035874458,476.6666666666667,1.8918315035874442
388,388,4,recov,0.15079537349995328,1.8918315035874458,476.6666666666667,1.8918315035874442
389,389,5,recov,0.15079537349995328,1.8918315035874458,476.6666666666667,1.8918315035874442
390,390,3,recov,0.15079537349995337,1.8918315035874453,476.6666666666667,1.8918315035874442
391,391,4,recov,0.15079537349995337,1.8918315035874453,476.6666666666667,1.8918315035874442
392,392,5,recov,0.15079537349995337,1.8918315035874453,476.6666666666667,1.8918315035874442
393,393,3,recov,0.15079537349995342,1.891831503587445,476.6666666666667,1.8918315035874442
394,394,4,recov,0.15079537349995342,1.891831503587445,476.6666666666667,1.8918315035874442
395,395,5,recov,0.15079537349995342,1.891831503587445,476.6666666666667,1.8918315035874442
396,396,3,recov,0.15079537349995345,1.8918315035874447,476.6666666666667,1.8918315035874442
397,397,4,recov,0.15079537349995345,1.8918315035874447,476.6666666666667,1.8918315035874442
398,398,5,recov,0.15079537349995345,1.8918315035874447,476.6666666666667,1.8918315035874442
399,399,3,recov,0.15079537349995348,1.8918315035874445,476.6666666666667,1.8918315035874442
400,400,4,recov,0.15079537349995348,1.8918315035874445,476.6666666666667,1.8918315035874442
401,401,5,recov,0.15079537349995348,1.8918315035874445,476.6666666666667,1.8918315035874442
402,402,3,recov,0.15079537349995348,1.8918315035874445,476.6666666666667,1.8918315035874442
403,403,4,recov,0.15079537349995348,1.8918315035874445,476.6666666666667,1.8918315035874442
404,404,5,recov,0.15079537349995348,1.8918315035874445,476.6666666666667,1.8918315035874442
405,405,3,recov,0.1507953734999535,1.8918315035874445,476.6666666666667,1.8918315035874442
406,406,4,recov,0.1507953734999535,1.8918315035874445,476.6666666666667,1.8918315035874442
407,407,5,recov,0.1507953734999535,1.8918315035874445,476.6666666666667,1.8918315035874442
408,408,3,recov,0.15079537349995353,1.8918315035874442,476.6666666666667,1.8918315035874442
409,409,4,recov,0.15079537349995353,1.8918315035874442,476.6666666666667,1.8918315035874442
410,410,5,recov,0.15079537349995353,1.8918315035874442,476.6666666666667,1.8918315035874442
411,411,3,recov,0.15079537349995353,1.8918315035874442,476.6666666666667,1.8918315035874442
412,412,4,recov,0.15079537349995353,1.8918315035874442,476.6666666666667,1.8918315035874442
413,413,5,recov,0.15079537349995353,1.8918315035874442,476.6666666666667,1.8918315035874442
414,414,3,recov,0.15079537349995353,1.8918315035874442,476.6666666666667,1.8918315035874442
415,415,4,recov,0.15079537349995353,1.8918315035874442,476.6666666666667,1.8918315035874442
416,416,5,recov,0.15079537349995353,1.8918315035874442,476.6666666666667,1.8918315035874442
417,417,3,recov,0.15079537349995353,1.8918315035874442,476.6666666666667,1.8918315035874442
418,418,4,recov,0.15079537349995353,1.8918315035874442,476.6666666666667,1.8918315035874442
419,419,5,recov,0.15079537349995353,1.8918315035874442,476.6666666666667,1.8918315035874442
420,420,3,recov,0.15079537349995353,1.8918315035874442,476.6666666666667,1.8918315035874442
421,421,4,recov,0.15079537349995353,1.8918315035874442,476.6666666666667,1.8918315035874442
422,422,5,recov,0.15079537349995353,1.8918315035874442,476.6666666666667,1.8918315035874442
423,423,3,recov,0.15079537349995353,1.8918315035874442,476.6666666666667,1.8918315035874442
424,424,4,recov,0.15079537349995353,1.8918315035874442,476.6666666666667,1.8918315035874442
425,425,5,recov,0.15079537349995353,1.8918315035874442,476.6666666666667,1.8918315035874442
426,426,3,recov,0.15079537349995353,1.8918315035874442,476.6666666666667,1.8918315035874442
427,427,4,recov,0.15079537349995353,1.8918315035874442,476.6666666666667,1.8918315035874442
428,428,5,recov,0.15079537349995353,1.8918315035874442,476.6666666666667,1.8918315035874442
429,429,3,recov,0.15079537349995353,1.8918315035874442,476.6666666666667,1.8918315035874442
430,430,4,recov,0.15079537349995353,1.8918315035874442,476.6666666666667,1.8918315035874442
431,431,5,recov,0.15079537349995353,1.8918315035874442,476.6666666666667,1.8918315035874442
432,432,3,recov,0.15079537349995353,1.8918315035874442,476.6666666666667,1.8918315035874442
433,433,4,recov,0.15079537349995353,1.8918315035874442,476.6666666666667,1.8918315035874442
434,434,5,recov,0.15079537349995353,1.8918315035874442,476.6666666666667,1.8918315035874442
435,435,3,recov,0.15079537349995353,1.8918315035874442,476.6666666666667,1.8918315035874442
436,436,4,recov,0.15079537349995353,1.8918315035874442,476.6666666666667,1.8918315035874442
437,437,5,recov,0.15079537349995353,1.8918315035874442,476.6666666666667,1.8918315035874442
438,438,3,recov,0.15079537349995353,1.8918315035874442,476.6666666666667,1.8918315035874442
439,439,4,recov,0.15079537349995353,1.8918315035874442,476.6666666666667,1.8918315035874442
440,440,5,recov,0.15079537349995353,1.8918315035874442,476.6666666666667,1.8918315035874442
441,441,3,recov,0.15079537349995353,1.8918315035874442,476.6666666666667,1.8918315035874442
442,442,4,recov,0.15079537349995353,1.8918315035874442,476.6666666666667,1.8918315035874442
443,443,5,recov,0.15079537349995353,1.8918315035874442,476.6666666666667,1.8918315035874442
444,444,3,recov,0.15079537349995353,1.8918315035874442,476.6666666666667,1.8918315035874442
445,445,4,recov,0.15079537349995353,1.8918315035874442,476.6666666666667,1.8918315035874442
446,446,5,recov,0.15079537349995353,1.8918315035874442,476.6666666666667,1.8918315035874442
447,447,3,recov,0.15079537349995353,1.8918315035874442,476.6666666666667,1.8918315035874442
448,448,4,recov,0.15079537349995353,1.8918315035874442,476.6666666666667,1.8918315035874442
449,449,5,recov,0.15079537349995353,1.8918315035874442,476.6666666666667,1.8918315035874442
450,450,3,recov,0.15079537349995353,1.8918315035874442,476.6666666666667,1.8918315035874442
451,451,4,recov,0.15079537349995353,1.8918315035874442,476.6666666666667,1.8918315035874442
452,452,5,recov,0.15079537349995353,1.8918315035874442,476.6666666666667,1.8918315035874442
453,453,3,recov,0.15079537349995353,1.8918315035874442,476.6666666666667,1.8918315035874442
454,454,4,recov,0.15079537349995353,1.8918315035874442,476.6666666666667,1.8918315035874442
455,455,5,recov,0.15079537349995353,1.8918315035874442,476.6666666666667,1.8918315035874442
456,456,3,recov,0.15079537349995353,1.8918315035874442,476.6666666666667,1.8918315035874442
457,457,4,recov,0.15079537349995353,1.8918315035874442,476.6666666666667,1.8918315035874442
458,458,5,recov,0.15079537349995353,1.8918315035874442,476.6666666666667,1.8918315035874442
459,459,3,recov,0.15079537349995353,1.8918315035874442,476.6666666666667,1.8918315035874442
460,460,4,recov,0.15079537349995353,1.8918315035874442,476.6666666666667,1.8918315035874442
461,461,5,recov,0.15079537349995353,1.8918315035874442,476.6666666666667,1.8918315035874442
462,462,3,recov,0.15079537349995353,1.8918315035874442,476.6666666666667,1.8918315035874442
463,463,4,recov,0.15079537349995353,1.8918315035874442,476.6666666666667,1.8918315035874442
464,464,5,recov,0.15079537349995353,1.8918315035874442,476.6666666666667,1.8918315035874442
465,465,3,recov,0.15079537349995353,1.8918315035874442,476.6666666666667,1.8918315035874442
466,466,4,recov,0.15079537349995353,1.8918315035874442,476.6666666666667,1.8918315035874442
467,467,5,recov,0.15079537349995353,1.8918315035874442,476.6666666666667,1.8918315035874442
468,468,3,recov,0.15079537349995353,1.8918315035874442,476.6666666666667,1.8918315035874442
469,469,4,recov,0.15079537349995353,1.8918315035874442,476.6666666666667,1.8918315035874442
470,470,5,recov,0.15079537349995353,1.8918315035874442,476.6666666666667,1.8918315035874442
471,471,3,recov,0.15079537349995353,1.8918315035874442,476.6666666666667,1.8918315035874442
472,472,4,recov,0.15079537349995353,1.8918315035874442,476.6666666666667,1.8918315035874442
473,473,5,recov,0.15079537349995353,1.8918315035874442,476.6666666666667,1.8918315035874442
474,474,3,recov,0.15079537349995353,1.8918315035874442,476.6666666666667,1.8918315035874442
475,475,4,recov,0.15079537349995353,1.8918315035874442,476.6666666666667,1.8918315035874442
476,476,5,recov,0.15079537349995353,1.8918315035874442,476.6666666666667,1.8918315035874442
477,477,3,recov,0.15079537349995353,1.8918315035874442,476.6666666666667,1.8918315035874442
478,478,4,recov,0.15079537349995353,1.8918315035874442,476.6666666666667,1.8918315035874442
479,479,5,recov,0.15079537349995353,1.8918315035874442,476.6666666666667,1.8918315035874442
480,480,3,recov,0.15079537349995353,1.8918315035874442,476.6666666666667,1.8918315035874442
481,481,4,recov,0.15079537349995353,1.8918315035874442,476.6666666666667,1.8918315035874442
482,482,5,recov,0.15079537349995353,1.8918315035874442,476.6666666666667,1.8918315035874442
483,483,3,recov,0.15079537349995353,1.8918315035874442,476.6666666666667,1.8918315035874442
484,484,4,recov,0.15079537349995353,1.8918315035874442,476.6666666666667,1.8918315035874442
485,485,5,recov,0.15079537349995353,1.8918315035874442,476.6666666666667,1.8918315035874442
486,486,3,recov,0.15079537349995353,1.8918315035874442,476.6666666666667,1.8918315035874442
487,487,4,recov,0.15079537349995353,1.8918315035874442,476.6666666666667,1.8918315035874442
488,488,5,recov,0.15079537349995353,1.8918315035874442,476.6666666666667,1.8918315035874442
489,489,3,recov,0.15079537349995353,1.8918315035874442,476.6666666666667,1.8918315035874442
490,490,4,recov,0.15079537349995353,1.8918315035874442,476.6666666666667,1.8918315035874442
491,491,5,recov,0.15079537349995353,1.8918315035874442,476.6666666666667,1.8918315035874442
492,492,3,recov,0.15079537349995353,1.8918315035874442,476.6666666666667,1.8918315035874442
493,493,4,recov,0.15079537349995353,1.8918315035874442,476.6666666666667,1.8918315035874442
494,494,5,recov,0.15079537349995353,1.8918315035874442,476.6666666666667,1.8918315035874442
495,495,3,recov,0.15079537349995353,1.8918315035874442,476.6666666666667,1.8918315035874442
496,496,4,recov,0.15079537349995353,1.8918315035874442,476.6666666666667,1.8918315035874442
497,497,5,recov,0.15079537349995353,1.8918315035874442,476.6666666666667,1.8918315035874442
498,498,3,recov,0.15079537349995353,1.8918315035874442,476.6666666666667,1.8918315035874442
499,499,4,recov,0.15079537349995353,1.8918315035874442,476.6666666666667,1.8918315035874442
500,500,5,recov,0.15079537349995353,1.8918315035874442,476.6666666666667,1.8918315035874442
501,501,3,recov,0.15079537349995353,1.8918315035874442,476.6666666666667,1.8918315035874442
502,502,4,recov,0.15079537349995353,1.8918315035874442,476.6666666666667,1.8918315035874442
503,503,5,recov,0.15079537349995353,1.8918315035874442,476.6666666666667,1.8918315035874442
504,504,3,recov,0.15079537349995353,1.8918315035874442,476.6666666666667,1.8918315035874442
505,505,4,recov,0.15079537349995353,1.8918315035874442,476.6666666666667,1.8918315035874442
506,506,5,recov,0.15079537349995353,1.8918315035874442,476.6666666666667,1.8918315035874442
507,507,3,recov,0.15079537349995353,1.8918315035874442,476.6666666666667,1.8918315035874442
508,508,4,recov,0.15079537349995353,1.8918315035874442,476.6666666666667,1.8918315035874442
509,509,5,recov,0.15079537349995353,1.8918315035874442,476.6666666666667,1.8918315035874442
510,510,3,recov,0.15079537349995353,1.8918315035874442,476.6666666666667,1.8918315035874442
511,511,4,recov,0.15079537349995353,1.8918315035874442,476.6666666666667,1.8918315035874442
512,512,5,recov,0.15079537349995353,1.8918315035874442,476.6666666666667,1.8918315035874442
513,513,3,recov,0.15079537349995353,1.8918315035874442,476.6666666666667,1.8918315035874442
514,514,4,recov,0.15079537349995353,1.8918315035874442,476.6666666666667,1.8918315035874442
515,515,5,recov,0.15079537349995353,1.8918315035874442,476.6666666666667,1.8918315035874442
516,516,3,recov,0.15079537349995353,1.8918315035874442,476.6666666666667,1.8918315035874442
517,517,4,recov,0.15079537349995353,1.8918315035874442,476.6666666666667,1.8918315035874442
518,518,5,recov,0.15079537349995353,1.8918315035874442,476.6666666666667,1.8918315035874442
519,519,3,recov,0.15079537349995353,1.8918315035874442,476.6666666666667,1.8918315035874442
520,520,4,recov,0.15079537349995353,1.8918315035874442,476.6666666666667,1.8918315035874442
521,521,5,recov,0.15079537349995353,1.8918315035874442,476.6666666666667,1.8918315035874442
522,522,3,recov,0.15079537349995353,1.8918315035874442,476.6666666666667,1.8918315035874442
523,523,4,recov,0.15079537349995353,1.8918315035874442,476.6666666666667,1.8918315035874442
524,524,5,recov,0.15079537349995353,1.8918315035874442,476.6666666666667,1.8918315035874442
525,525,3,recov,0.15079537349995353,1.8918315035874442,476.6666666666667,1.8918315035874442
526,526,4,recov,0.15079537349995353,1.8918315035874442,476.6666666666667,1.8918315035874442
527,527,5,recov,0.15079537349995353,1.8918315035874442,476.6666666666667,1.8918315035874442
528,528,3,recov,0.15079537349995353,1.8918315035874442,476.6666666666667,1.8918315035874442
529,529,4,recov,0.15079537349995353,1.8918315035874442,476.6666666666667,1.8918315035874442
530,530,5,recov,0.15079537349995353,1.8918315035874442,476.6666666666667,1.8918315035874442
531,531,3,recov,0.15079537349995353,1.8918315035874442,476.6666666666667,1.8918315035874442
532,532,4,recov,0.15079537349995353,1.8918315035874442,476.6666666666667,1.8918315035874442
533,533,5,recov,0.15079537349995353,1.8918315035874442,476.6666666666667,1.8918315035874442
534,534,3,recov,0.15079537349995353,1.8918315035874442,476.6666666666667,1.8918315035874442
535,535,4,recov,0.15079537349995353,1.8918315035874442,476.6666666666667,1.8918315035874442
536,536,5,recov,0.15079537349995353,1.8918315035874442,476.6666666666667,1.8918315035874442
537,537,3,recov,0.15079537349995353,1.8918315035874442,476.6666666666667,1.8918315035874442
538,538,4,recov,0.15079537349995353,1.8918315035874442,476.6666666666667,1.8918315035874442
539,539,5,recov,0.15079537349995353,1.8918315035874442,476.6666666666667,1.8918315035874442
540,540,3,recov,0.15079537349995353,1.8918315035874442,476.6666666666667,1.8918315035874442
541,541,4,recov,0.15079537349995353,1.8918315035874442,476.6666666666667,1.8918315035874442
542,542,5,recov,0.15079537349995353,1.8918315035874442,476.6666666666667,1.8918315035874442
543,543,0,fam_r,0.02521008403361345,3.6805112044434196,476.6666666666667,1.8918315035874442
544,544,1,fam_r,0.02521008403361345,3.6805112044434196,476.6666666666667,1.8918315035874442
545,545,2,fam_r,0.02521008403361345,3.6805112044434196,476.6666666666667,1.8918315035874442
546,546,0,fam_r,0.059243697478991615,2.8260958762873516,476.6666666666667,1.8918315035874442
547,547,1,fam_r,0.059243697478991615,2.8260958762873516,476.6666666666667,1.8918315035874442
548,548,2,fam_r,0.059243697478991615,2.8260958762873516,476.6666666666667,1.8918315035874442
549,549,0,fam_r,0.08405420168067229,2.4762934301250823,476.6666666666667,1.8918315035874442
550,550,1,fam_r,0.08405420168067229,2.4762934301250823,476.6666666666667,1.8918315035874442
551,551,2,fam_r,0.08405420168067229,2.4762934301250823,476.6666666666667,1.8918315035874442
552,552,0,fam_r,0.10214105924369751,2.2814004873083107,476.6666666666667,1.8918315035874442
553,553,1,fam_r,0.10214105924369751,2.2814004873083107,476.6666666666667,1.8918315035874442
554,554,2,fam_r,0.10214105924369751,2.2814004873083107,476.6666666666667,1.8918315035874442
555,555,0,fam_r,0.11532637840714291,2.159989097239052,476.6666666666667,1.8918315035874442
556,556,1,fam_r,0.11532637840714291,2.159989097239052,476.6666666666667,1.8918315035874442
557,557,2,fam_r,0.11532637840714291,2.159989097239052,476.6666666666667,1.8918315035874442
