,time_step,stimulus,type,familiarity,novelty,dN,steady
0,0,0,fam,0.06666666666666667,2.70805020110221,0.0,1.1223832068953694
1,1,1,fam,0.008695652173913044,4.74493212836325,0.0,1.1223832068953694
2,2,2,fam,0.004672897196261682,5.365976015021851,0.0,1.1223832068953694
3,3,0,fam,0.31732957277010354,1.1478143834434789,0.0,1.1223832068953694
4,4,1,fam,0.24205462596680669,1.4185918511624225,0.0,1.1223832068953694
5,5,2,fam,0.19602078363565834,1.629534586415912,0.0,1.1223832068953694
6,6,0,fam,0.3234080109376914,1.128840561157394,0.0,1.1223832068953694
7,7,1,fam,0.2795563873928317,1.2745512629319098,0.0,1.1223832068953694
8,8,2,fam,0.24647102005380944,1.4005108581154084,0.0,1.1223832068953694
9,9,0,fam,0.325499562405192,1.122394161711707,0.0,1.1223832068953694
10,10,1,fam,0.29488220064293463,1.2211793222461802,0.0,1.1223832068953694
11,11,2,fam,0.26976145920839434,1.3102171948994896,0.0,1.1223832068953694
12,12,0,fam,0.32655768660715206,1.1191486640737203,0.0,1.1223832068953694
13,13,1,fam,0.3032105191959556,1.193327931897681,0.0,1.1223832068953694
14,14,2,fam,0.28316794196817624,1.2617151228350072,0.0,1.1223832068953694
15,15,0,fam,0.32719633596022624,1.1171948724818128,0.0,1.1223832068953694
16,16,1,fam,0.3084410865611686,1.1762244212600994,0.0,1.1223832068953694
17,17,2,fam,0.29187765004384714,1.2314205712208448,0.0,1.1223832068953694
18,18,0,fam,0.32762352468369976,1.1158901204125748,0.0,1.1223832068953694
19,19,1,fam,0.31202983313205485,1.164656476730865,0.0,1.1223832068953694
20,20,2,fam,0.29798849330904914,1.210700406279118,0.0,1.1223832068953694
21,21,0,fam,0.3279292399790647,1.1149574256425834,0.0,1.1223832068953694
22,22,1,fam,0.31464389312167057,1.1563137776778512,0.0,1.1223832068953694
23,23,2,fam,0.30251087244286495,1.1956380601972536,0.0,1.1223832068953694
24,24,0,fam,0.3281587533565889,1.1142577835542729,0.0,1.1223832068953694
25,25,1,fam,0.31663207568480783,1.1500148237017565,0.0,1.1223832068953694
26,26,2,fam,0.30599150976183004,1.1841979232910527,0.0,1.1223832068953694
27,27,0,fam,0.3283373262223044,1.1137137654689426,0.0,1.1223832068953694
28,28,1,fam,0.3181944927059622,1.1450924708776258,0.0,1.1223832068953694
29,29,2,fam,0.30875205578202225,1.1752167326588063,0.0,1.1223832068953694
30,30,0,fam,0.3284801654385635,1.1132788220628231,0.0,1.1223832068953694
31,31,1,fam,0.3194541646036493,1.1411414752253703,0.0,1.1223832068953694
32,32,2,fam,0.3109941022062884,1.1679813309496394,0.0,1.1223832068953694
33,33,0,fam,0.32859697300959007,1.1129232851998823,0.0,1.1223832068953694
34,34,1,fam,0.32049088273619575,1.1379014500269853,0.0,1.1223832068953694
35,35,2,fam,0.31285041738098834,1.1620301024137116,0.0,1.1223832068953694
36,36,0,fam,0.328694230309331,1.1126273515255547,0.0,1.1223832068953694
37,37,1,fam,0.3213586643385801,1.1351974452175042,0.0,1.1223832068953694
38,38,2,fam,0.3144120072023358,1.1570510283092132,0.0,1.1223832068953694
39,39,0,fam,0.3287764320664357,1.1123772969992096,0.0,1.1223832068953694
40,40,1,fam,0.3220953819144823,1.1329075601756382,0.0,1.1223832068953694
41,41,2,fam,0.3157433386827048,1.1528256147826133,0.0,1.1223832068953694
42,42,0,fam,0.32884679336975564,1.11216331032457,0.0,1.1223832068953694
43,43,1,fam,0.3227283756519719,1.1309442518037336,0.0,1.1223832068953694
44,44,2,fam,0.31689135673183916,1.1491962870912988,0.0,1.1223832068953694
45,45,0,fam,0.32890767480578303,1.11197819128959,0.0,1.1223832068953694
46,46,1,fam,0.3232778767735904,1.1292430259964463,0.0,1.1223832068953694
47,47,2,fam,0.3178910586253551,1.1460465378360358,0.0,1.1223832068953694
48,48,0,fam,0.3289608486633447,1.1118165363212171,0.0,1.1223832068953694
49,49,1,fam,0.3237591771450404,1.1277553199761938,0.0,1.1223832068953694
50,50,2,fam,0.3187690676323447,1.143288364275605,0.0,1.1223832068953694
51,51,0,fam,0.3290076714576318,1.1116742109882132,0.0,1.1223832068953694
52,52,1,fam,0.3241840500131455,1.1264438688761844,0.0,1.1223832068953694
53,53,2,fam,0.3195459963635368,1.1408540519471642,0.0,1.1223832068953694
54,54,0,fam,0.32904919910459657,1.1115479980456011,0.0,1.1223832068953694
55,55,1,fam,0.32456170703231135,1.1252796005700734,0.0,1.1223832068953694
56,56,2,fam,0.3202380524893328,1.1386906457260884,0.0,1.1223832068953694
57,57,0,fam,0.3290862658193897,1.111435356448824,0.0,1.1223832068953694
58,58,1,fam,0.32489945904442524,1.124239501299465,0.0,1.1223832068953694
59,59,2,fam,0.32085815581275595,1.1367561357140845,0.0,1.1223832068953694
60,60,0,fam,0.3291195394039452,1.11133425255603,0.0,1.1223832068953694
61,61,1,fam,0.32520318234998247,1.1233051155323082,0.0,1.1223832068953694
62,62,2,fam,0.32141673180897284,1.1350167678894711,0.0,1.1223832068953694
63,63,0,fam,0.32914956077540886,1.1112430394898956,0.0,1.1223832068953694
64,64,1,fam,0.32547765414525365,1.122461470549527,0.0,1.1223832068953694
65,65,2,fam,0.32192228591829725,1.1334451106466856,0.0,1.1223832068953694
66,66,0,fam_r,0.32917677273838314,1.1111603693562415,0.0,1.1223832068953694
67,67,1,fam_r,0.32572679804207616,1.1216962917853408,0.0,1.1223832068953694
68,68,2,fam_r,0.32238182615299216,1.1320186404317403,0.0,1.1223832068953694
69,69,0,fam_r,0.3292015412675495,1.1110851283324983,0.0,1.1223832068953694
70,70,1,fam_r,0.3259538665881361,1.1209994211627392,0.0,1.1223832068953694
71,71,2,fam_r,0.3228011787887639,1.130718690831041,0.0,1.1223832068953694
72,72,0,fam_r,0.3292241714806264,1.1110163879639263,0.0,1.1223832068953694
73,73,1,fam_r,0.32616157887393904,1.1203623796871143,0.0,1.1223832068953694
74,74,2,fam_r,0.32318522742075856,1.1295296606175564,0.0,1.1223832068953694
75,75,0,fam_r,0.3292449197854177,1.1109533681348307,0.0,1.1223832068953694
76,76,1,fam_r,0.32635222561242433,1.119778034213963,0.0,1.1223832068953694
77,77,2,fam_r,0.3235380962442521,1.1284384092412767,0.0,1.1223832068953694
78,78,0,fam_r,0.32926400322904037,1.110895408575101,0.0,1.1223832068953694
79,79,1,fam_r,0.32652775032144404,1.1192403405498326,0.0,1.1223832068953694
80,80,2,fam_r,0.32386329217381193,1.1274337899657294,0.0,1.1223832068953694
0,0,0,fam,0.06666666666666667,2.70805020110221,73.33333333333334,1.5086576797889706
1,1,1,fam,0.008695652173913044,4.74493212836325,73.33333333333334,1.5086576797889706
2,2,2,fam,0.004672897196261682,5.365976015021851,73.33333333333334,1.5086576797889706
3,3,0,fam,0.31732957277010354,1.1478143834434789,73.33333333333334,1.5086576797889706
4,4,1,fam,0.24205462596680669,1.4185918511624225,73.33333333333334,1.5086576797889706
5,5,2,fam,0.19602078363565834,1.629534586415912,73.33333333333334,1.5086576797889706
6,6,0,fam,0.3234080109376914,1.128840561157394,73.33333333333334,1.5086576797889706
7,7,1,fam,0.2795563873928317,1.2745512629319098,73.33333333333334,1.5086576797889706
8,8,2,fam,0.24647102005380944,1.4005108581154084,73.33333333333334,1.5086576797889706
9,9,0,fam,0.325499562405192,1.122394161711707,73.33333333333334,1.5086576797889706
10,10,1,fam,0.29488220064293463,1.2211793222461802,73.33333333333334,1.5086576797889706
11,11,2,fam,0.26976145920839434,1.3102171948994896,73.33333333333334,1.5086576797889706
12,12,0,fam,0.32655768660715206,1.1191486640737203,73.33333333333334,1.5086576797889706
13,13,1,fam,0.3032105191959556,1.193327931897681,73.33333333333334,1.5086576797889706
14,14,2,fam,0.28316794196817624,1.2617151228350072,73.33333333333334,1.5086576797889706
15,15,0,fam,0.32719633596022624,1.1171948724818128,73.33333333333334,1.5086576797889706
16,16,1,fam,0.3084410865611686,1.1762244212600994,73.33333333333334,1.5086576797889706
17,17,2,fam,0.29187765004384714,1.2314205712208448,73.33333333333334,1.5086576797889706
18,18,0,fam,0.32762352468369976,1.1158901204125748,73.33333333333334,1.5086576797889706
19,19,1,fam,0.31202983313205485,1.164656476730865,73.33333333333334,1.5086576797889706
20,20,2,fam,0.29798849330904914,1.210700406279118,73.33333333333334,1.5086576797889706
21,21,0,fam,0.3279292399790647,1.1149574256425834,73.33333333333334,1.5086576797889706
22,22,1,fam,0.31464389312167057,1.1563137776778512,73.33333333333334,1.5086576797889706
23,23,2,fam,0.30251087244286495,1.1956380601972536,73.33333333333334,1.5086576797889706
24,24,0,fam,0.3281587533565889,1.1142577835542729,73.33333333333334,1.5086576797889706
25,25,1,fam,0.31663207568480783,1.1500148237017565,73.33333333333334,1.5086576797889706
26,26,2,fam,0.30599150976183004,1.1841979232910527,73.33333333333334,1.5086576797889706
27,27,0,fam,0.3283373262223044,1.1137137654689426,73.33333333333334,1.5086576797889706
28,28,1,fam,0.3181944927059622,1.1450924708776258,73.33333333333334,1.5086576797889706
29,29,2,fam,0.30875205578202225,1.1752167326588063,73.33333333333334,1.5086576797889706
30,30,0,fam,0.3284801654385635,1.1132788220628231,73.33333333333334,1.5086576797889706
31,31,1,fam,0.3194541646036493,1.1411414752253703,73.33333333333334,1.5086576797889706
32,32,2,fam,0.3109941022062884,1.1679813309496394,73.33333333333334,1.5086576797889706
33,33,0,fam,0.32859697300959007,1.1129232851998823,73.33333333333334,1.5086576797889706
34,34,1,fam,0.32049088273619575,1.1379014500269853,73.33333333333334,1.5086576797889706
35,35,2,fam,0.31285041738098834,1.1620301024137116,73.33333333333334,1.5086576797889706
36,36,0,fam,0.328694230309331,1.1126273515255547,73.33333333333334,1.5086576797889706
37,37,1,fam,0.3213586643385801,1.1351974452175042,73.33333333333334,1.5086576797889706
38,38,2,fam,0.3144120072023358,1.1570510283092132,73.33333333333334,1.5086576797889706
39,39,0,fam,0.3287764320664357,1.1123772969992096,73.33333333333334,1.5086576797889706
40,40,1,fam,0.3220953819144823,1.1329075601756382,73.33333333333334,1.5086576797889706
41,41,2,fam,0.3157433386827048,1.1528256147826133,73.33333333333334,1.5086576797889706
42,42,0,fam,0.32884679336975564,1.11216331032457,73.33333333333334,1.5086576797889706
43,43,1,fam,0.3227283756519719,1.1309442518037336,73.33333333333334,1.5086576797889706
44,44,2,fam,0.31689135673183916,1.1491962870912988,73.33333333333334,1.5086576797889706
45,45,0,fam,0.32890767480578303,1.11197819128959,73.33333333333334,1.5086576797889706
46,46,1,fam,0.3232778767735904,1.1292430259964463,73.33333333333334,1.5086576797889706
47,47,2,fam,0.3178910586253551,1.1460465378360358,73.33333333333334,1.5086576797889706
48,48,0,fam,0.3289608486633447,1.1118165363212171,73.33333333333334,1.5086576797889706
49,49,1,fam,0.3237591771450404,1.1277553199761938,73.33333333333334,1.5086576797889706
50,50,2,fam,0.3187690676323447,1.143288364275605,73.33333333333334,1.5086576797889706
51,51,0,fam,0.3290076714576318,1.1116742109882132,73.33333333333334,1.5086576797889706
52,52,1,fam,0.3241840500131455,1.1264438688761844,73.33333333333334,1.5086576797889706
53,53,2,fam,0.3195459963635368,1.1408540519471642,73.33333333333334,1.5086576797889706
54,54,0,fam,0.32904919910459657,1.1115479980456011,73.33333333333334,1.5086576797889706
55,55,1,fam,0.32456170703231135,1.1252796005700734,73.33333333333334,1.5086576797889706
56,56,2,fam,0.3202380524893328,1.1386906457260884,73.33333333333334,1.5086576797889706
57,57,0,fam,0.3290862658193897,1.111435356448824,73.33333333333334,1.5086576797889706
58,58,1,fam,0.32489945904442524,1.124239501299465,73.33333333333334,1.5086576797889706
59,59,2,fam,0.32085815581275595,1.1367561357140845,73.33333333333334,1.5086576797889706
60,60,0,fam,0.3291195394039452,1.11133425255603,73.33333333333334,1.5086576797889706
61,61,1,fam,0.32520318234998247,1.1233051155323082,73.33333333333334,1.5086576797889706
62,62,2,fam,0.32141673180897284,1.1350167678894711,73.33333333333334,1.5086576797889706
63,63,0,fam,0.32914956077540886,1.1112430394898956,73.33333333333334,1.5086576797889706
64,64,1,fam,0.32547765414525365,1.122461470549527,73.33333333333334,1.5086576797889706
65,65,2,fam,0.32192228591829725,1.1334451106466856,73.33333333333334,1.5086576797889706
66,66,3,recov,0.00020560779529538514,8.489540110241192,73.33333333333334,1.5086576797889706
67,67,4,recov,0.0002034528993553356,8.500076032670291,73.33333333333334,1.5086576797889706
68,68,5,recov,0.00020136358943921283,8.51039838131669,73.33333333333334,1.5086576797889706
69,69,3,recov,0.019736358053317273,3.925292757777508,73.33333333333334,1.5086576797889706
70,70,4,recov,0.019541652797482816,3.9352070506077492,73.33333333333334,1.5086576797889706
71,71,5,recov,0.019352642214485075,3.9449263202760507,73.33333333333334,1.5086576797889706
72,72,3,recov,0.037580980029904475,3.281257206840196,73.33333333333334,1.5086576797889706
73,73,4,recov,0.03723138470379573,3.290603198563384,73.33333333333334,1.5086576797889706
74,74,5,recov,0.03689163381606198,3.299770479493826,73.33333333333334,1.5086576797889706
75,75,3,recov,0.05394165919805033,2.9198522016759605,73.33333333333334,1.5086576797889706
76,76,4,recov,0.053467736249306,2.928676867755093,73.33333333333334,1.5086576797889706
77,77,5,recov,0.05300668492187442,2.9373372427824065,73.33333333333334,1.5086576797889706
78,78,3,recov,0.06898954391314596,2.6738003233584817,73.33333333333334,1.5086576797889706
79,79,4,recov,0.06841622633735624,2.6821452553332135,73.33333333333334,1.5086576797889706
80,80,5,recov,0.06785795166846406,2.6903387047491103,73.33333333333334,1.5086576797889706
81,81,3,recov,0.08287048231702676,2.4904763439736874,73.33333333333334,1.5086576797889706
82,82,4,recov,0.08221820408764492,2.498378540518598,73.33333333333334,1.5086576797889706
83,83,5,recov,0.0815824851596761,2.5061406827021346,73.33333333333334,1.5086576797889706
84,84,3,recov,0.09570953207996519,2.346437381721962,73.33333333333334,1.5086576797889706
85,85,4,recov,0.09499510647273679,2.3539298995216207,73.33333333333334,1.5086576797889706
86,86,5,recov,0.09429825428619097,2.3612926018556397,73.33333333333334,1.5086576797889706
87,87,3,recov,0.10761453868540224,2.2291995224879804,73.33333333333334,1.5086576797889706
88,88,4,recov,0.10685184654390699,2.236312015720008,73.33333333333334,1.5086576797889706
89,89,5,recov,0.10610735629831167,2.243303902134075,73.33333333333334,1.5086576797889706
90,90,3,recov,0.11867899923805424,2.1313329160347876,73.33333333333334,1.5086576797889706
91,91,4,recov,0.11787953255144124,2.138092086581642,73.33333333333334,1.5086576797889706
92,92,5,recov,0.11709860023625868,2.1447389620258392,73.33333333333334,1.5086576797889706
93,93,3,recov,0.1289843728706819,2.048064022495922,73.33333333333334,1.5086576797889706
94,94,4,recov,0.1281576672037941,2.054493998045337,73.33333333333334,1.5086576797889706
95,95,5,recov,0.1273496016323438,2.060819205693925,73.33333333333334,1.5086576797889706
96,96,3,recov,0.13860195861845098,1.9761490608799268,73.33333333333334,1.5086576797889706
97,97,4,recov,0.13775593944024792,1.9822717143450872,73.33333333333334,1.5086576797889706
98,98,5,recov,0.13692849305350696,1.9882964379311026,73.33333333333334,1.5086576797889706
99,99,3,recov,0.14759443237233083,1.913287088581891,73.33333333333334,1.5086576797889706
100,100,4,recov,0.14673569416196344,1.9191223094417678,73.33333333333334,1.5086576797889706
101,101,5,recov,0.1458953302413812,1.9248658305360007,73.33333333333334,1.5086576797889706
102,102,3,recov,0.15601711299881674,1.8577895790386998,73.33333333333334,1.5086576797889706
103,103,4,recov,0.15515114548561343,1.8633555050301593,73.33333333333334,1.5086576797889706
104,104,5,recov,0.15430325522790944,1.8688354230895445,73.33333333333334,1.5086576797889706
105,105,3,recov,0.16391901171603288,1.8083828041324246,73.33333333333334,1.5086576797889706
106,106,4,recov,0.1630503842599243,1.8136960200496515,73.33333333333334,1.5086576797889706
107,107,5,recov,0.16219946405666624,1.818928441519192,73.33333333333334,1.5086576797889706
108,108,3,recov,0.1713437068128376,1.7640837584276732,73.33333333333334,1.5086576797889706
109,109,4,recov,0.17047621942853594,1.7691594674786344,73.33333333333334,1.5086576797889706
110,110,5,recov,0.16962601636207525,1.7741591690273673,73.33333333333334,1.5086576797889706
111,111,3,recov,0.17833007670995285,1.724119082360499,73.33333333333334,1.5086576797889706
112,112,4,recov,0.17746688435171185,1.7289712545050697,73.33333333333334,1.5086576797889706
113,113,5,recov,0.17662051615717342,1.7337518245294143,73.33333333333334,1.5086576797889706
114,114,3,recov,0.18491291742405458,1.687870281352394,73.33333333333334,1.5086576797889706
115,115,4,recov,0.18405663271479,1.6925117822362734,73.33333333333334,1.5086576797889706
116,116,5,recov,0.1832166871158213,1.697085744013511,73.33333333333334,1.5086576797889706
117,117,3,recov,0.19112346515673387,1.6548356453381639,73.33333333333334,1.5086576797889706
118,118,4,recov,0.1902762436485275,1.6592783487915606,73.33333333333334,1.5086576797889706
119,119,5,recov,0.18944486094482238,1.6636572680674366,73.33333333333334,1.5086576797889706
120,120,3,recov,0.19698984059100005,1.6246031221780186,73.33333333333334,1.5086576797889706
121,121,4,recov,0.1961534517986899,1.6288580087312743,73.33333333333334,1.5086576797889706
122,122,5,recov,0.19533239378775616,1.6330525880450948,73.33333333333334,1.5086576797889706
123,123,3,recov,0.20253742824627377,1.5968305786688632,73.33333333333334,1.5086576797889706
124,124,4,recov,0.20171331503995704,1.6009078221207,73.33333333333334,1.5086576797889706
125,125,5,recov,0.20090402273692184,1.6049279837832116,73.33333333333334,1.5086576797889706
126,126,3,recov,0.20778920170278511,1.5712311665238945,73.33333333333334,1.5086576797889706
127,127,4,recov,0.20697853013296263,1.5751402102604042,73.33333333333334,1.5086576797889706
128,128,5,recov,0.2061821722681008,1.5789951695846445,73.33333333333334,1.5086576797889706
129,129,3,recov,0.21276600349728214,1.5475622922788104,73.33333333333334,1.5086576797889706
130,130,4,recov,0.21196970472414112,1.5513119167662406,73.33333333333334,1.5086576797889706
131,131,5,recov,0.21118721861677367,1.5550102468943168,73.33333333333334,1.5086576797889706
132,132,3,recov,0.21748678689341283,1.5256171802140923,73.33333333333334,1.5086576797889706
133,133,4,recov,0.21670559257402436,1.5292155628631772,73.33333333333334,1.5086576797889706
134,134,5,recov,0.21593771867985295,1.5327652523209077,73.33333333333334,1.5086576797889706
135,135,3,recov,0.22196882545095983,1.5052183328670743,73.33333333333334,1.5086576797889706
136,136,4,recov,0.22120329768584465,1.5086731012812282,73.33333333333334,1.5086576797889706
137,137,5,recov,0.22045060887483034,1.5120816052186101,73.33333333333334,1.5086576797889706
138,138,0,fam_r,0.10336855300510307,2.269454492709035,73.33333333333334,1.5086576797889706
139,139,1,fam_r,0.10302611572371358,2.2727727721753856,73.33333333333334,1.5086576797889706
140,140,2,fam_r,0.10268933042899539,2.276047058106801,73.33333333333334,1.5086576797889706
141,141,0,fam_r,0.11223347600472064,2.1871739702806936,73.33333333333334,1.5086576797889706
142,142,1,fam_r,0.11187619440082879,2.1903624262355823,73.33333333333334,1.5086576797889706
143,143,2,fam_r,0.11152471929125907,2.193509014973809,73.33333333333334,1.5086576797889706
144,144,0,fam_r,0.1206709858166177,2.1146875624047,73.33333333333334,1.5086576797889706
145,145,1,fam_r,0.12030171037770467,2.117752438499043,73.33333333333334,1.5086576797889706
146,146,2,fam_r,0.11993834728192852,2.120777440877078,73.33333333333334,1.5086576797889706
147,147,0,fam_r,0.12870769844585656,2.050211349184898,73.33333333333334,1.5086576797889706
148,148,1,fam_r,0.12832893566618084,2.053158501485861,73.33333333333334,1.5086576797889706
149,149,2,fam_r,0.12795615006451402,2.0560676513766225,73.33333333333334,1.5086576797889706
150,150,0,fam_r,0.13636810780219732,1.9923973746783574,73.33333333333334,1.5086576797889706
151,151,1,fam_r,0.13598206152883438,1.9952323024690006,73.33333333333334,1.5086576797889706
152,152,2,fam_r,0.13560202275126815,1.9980309865423496,73.33333333333334,1.5086576797889706
0,0,0,fam,0.06666666666666667,2.70805020110221,146.66666666666669,1.2503759411587974
1,1,1,fam,0.008695652173913044,4.74493212836325,146.66666666666669,1.2503759411587974
2,2,2,fam,0.004672897196261682,5.365976015021851,146.66666666666669,1.2503759411587974
3,3,0,fam,0.31732957277010354,1.1478143834434789,146.66666666666669,1.2503759411587974
4,4,1,fam,0.24205462596680669,1.4185918511624225,146.66666666666669,1.2503759411587974
5,5,2,fam,0.19602078363565834,1.629534586415912,146.66666666666669,1.2503759411587974
6,6,0,fam,0.3234080109376914,1.128840561157394,146.66666666666669,1.2503759411587974
7,7,1,fam,0.2795563873928317,1.2745512629319098,146.66666666666669,1.2503759411587974
8,8,2,fam,0.24647102005380944,1.4005108581154084,146.66666666666669,1.2503759411587974
9,9,0,fam,0.325499562405192,1.122394161711707,146.66666666666669,1.2503759411587974
10,10,1,fam,0.29488220064293463,1.2211793222461802,146.66666666666669,1.2503759411587974
11,11,2,fam,0.26976145920839434,1.3102171948994896,146.66666666666669,1.2503759411587974
12,12,0,fam,0.32655768660715206,1.1191486640737203,146.66666666666669,1.2503759411587974
13,13,1,fam,0.3032105191959556,1.193327931897681,146.66666666666669,1.2503759411587974
14,14,2,fam,0.28316794196817624,1.2617151228350072,146.66666666666669,1.2503759411587974
15,15,0,fam,0.32719633596022624,1.1171948724818128,146.66666666666669,1.2503759411587974
16,16,1,fam,0.3084410865611686,1.1762244212600994,146.66666666666669,1.2503759411587974
17,17,2,fam,0.29187765004384714,1.2314205712208448,146.66666666666669,1.2503759411587974
18,18,0,fam,0.32762352468369976,1.1158901204125748,146.66666666666669,1.2503759411587974
19,19,1,fam,0.31202983313205485,1.164656476730865,146.66666666666669,1.2503759411587974
20,20,2,fam,0.29798849330904914,1.210700406279118,146.66666666666669,1.2503759411587974
21,21,0,fam,0.3279292399790647,1.1149574256425834,146.66666666666669,1.2503759411587974
22,22,1,fam,0.31464389312167057,1.1563137776778512,146.66666666666669,1.2503759411587974
23,23,2,fam,0.30251087244286495,1.1956380601972536,146.66666666666669,1.2503759411587974
24,24,0,fam,0.3281587533565889,1.1142577835542729,146.66666666666669,1.2503759411587974
25,25,1,fam,0.31663207568480783,1.1500148237017565,146.66666666666669,1.2503759411587974
26,26,2,fam,0.30599150976183004,1.1841979232910527,146.66666666666669,1.2503759411587974
27,27,0,fam,0.3283373262223044,1.1137137654689426,146.66666666666669,1.2503759411587974
28,28,1,fam,0.3181944927059622,1.1450924708776258,146.66666666666669,1.2503759411587974
29,29,2,fam,0.30875205578202225,1.1752167326588063,146.66666666666669,1.2503759411587974
30,30,0,fam,0.3284801654385635,1.1132788220628231,146.66666666666669,1.2503759411587974
31,31,1,fam,0.3194541646036493,1.1411414752253703,146.66666666666669,1.2503759411587974
32,32,2,fam,0.3109941022062884,1.1679813309496394,146.66666666666669,1.2503759411587974
33,33,0,fam,0.32859697300959007,1.1129232851998823,146.66666666666669,1.2503759411587974
34,34,1,fam,0.32049088273619575,1.1379014500269853,146.66666666666669,1.2503759411587974
35,35,2,fam,0.31285041738098834,1.1620301024137116,146.66666666666669,1.2503759411587974
36,36,0,fam,0.328694230309331,1.1126273515255547,146.66666666666669,1.2503759411587974
37,37,1,fam,0.3213586643385801,1.1351974452175042,146.66666666666669,1.2503759411587974
38,38,2,fam,0.3144120072023358,1.1570510283092132,146.66666666666669,1.2503759411587974
39,39,0,fam,0.3287764320664357,1.1123772969992096,146.66666666666669,1.2503759411587974
40,40,1,fam,0.3220953819144823,1.1329075601756382,146.66666666666669,1.2503759411587974
41,41,2,fam,0.3157433386827048,1.1528256147826133,146.66666666666669,1.2503759411587974
42,42,0,fam,0.32884679336975564,1.11216331032457,146.66666666666669,1.2503759411587974
43,43,1,fam,0.3227283756519719,1.1309442518037336,146.66666666666669,1.2503759411587974
44,44,2,fam,0.31689135673183916,1.1491962870912988,146.66666666666669,1.2503759411587974
45,45,0,fam,0.32890767480578303,1.11197819128959,146.66666666666669,1.2503759411587974
46,46,1,fam,0.3232778767735904,1.1292430259964463,146.66666666666669,1.2503759411587974
47,47,2,fam,0.3178910586253551,1.1460465378360358,146.66666666666669,1.2503759411587974
48,48,0,fam,0.3289608486633447,1.1118165363212171,146.66666666666669,1.2503759411587974
49,49,1,fam,0.3237591771450404,1.1277553199761938,146.66666666666669,1.2503759411587974
50,50,2,fam,0.3187690676323447,1.143288364275605,146.66666666666669,1.2503759411587974
51,51,0,fam,0.3290076714576318,1.1116742109882132,146.66666666666669,1.2503759411587974
52,52,1,fam,0.3241840500131455,1.1264438688761844,146.66666666666669,1.2503759411587974
53,53,2,fam,0.3195459963635368,1.1408540519471642,146.66666666666669,1.2503759411587974
54,54,0,fam,0.32904919910459657,1.1115479980456011,146.66666666666669,1.2503759411587974
55,55,1,fam,0.32456170703231135,1.1252796005700734,146.66666666666669,1.2503759411587974
56,56,2,fam,0.3202380524893328,1.1386906457260884,146.66666666666669,1.2503759411587974
57,57,0,fam,0.3290862658193897,1.111435356448824,146.66666666666669,1.2503759411587974
58,58,1,fam,0.32489945904442524,1.124239501299465,146.66666666666669,1.2503759411587974
59,59,2,fam,0.32085815581275595,1.1367561357140845,146.66666666666669,1.2503759411587974
60,60,0,fam,0.3291195394039452,1.11133425255603,146.66666666666669,1.2503759411587974
61,61,1,fam,0.32520318234998247,1.1233051155323082,146.66666666666669,1.2503759411587974
62,62,2,fam,0.32141673180897284,1.1350167678894711,146.66666666666669,1.2503759411587974
63,63,0,fam,0.32914956077540886,1.1112430394898956,146.66666666666669,1.2503759411587974
64,64,1,fam,0.32547765414525365,1.122461470549527,146.66666666666669,1.2503759411587974
65,65,2,fam,0.32192228591829725,1.1334451106466856,146.66666666666669,1.2503759411587974
66,66,3,recov,0.00020560779529538514,8.489540110241192,146.66666666666669,1.2503759411587974
67,67,4,recov,0.0002034528993553356,8.500076032670291,146.66666666666669,1.2503759411587974
68,68,5,recov,0.00020136358943921283,8.51039838131669,146.66666666666669,1.2503759411587974
69,69,3,recov,0.019736358053317273,3.925292757777508,146.66666666666669,1.2503759411587974
70,70,4,recov,0.019541652797482816,3.9352070506077492,146.66666666666669,1.2503759411587974
71,71,5,recov,0.019352642214485075,3.9449263202760507,146.66666666666669,1.2503759411587974
72,72,3,recov,0.037580980029904475,3.281257206840196,146.66666666666669,1.2503759411587974
73,73,4,recov,0.03723138470379573,3.290603198563384,146.66666666666669,1.2503759411587974
74,74,5,recov,0.03689163381606198,3.299770479493826,146.66666666666669,1.2503759411587974
75,75,3,recov,0.05394165919805033,2.9198522016759605,146.66666666666669,1.2503759411587974
76,76,4,recov,0.053467736249306,2.928676867755093,146.66666666666669,1.2503759411587974
77,77,5,recov,0.05300668492187442,2.9373372427824065,146.66666666666669,1.2503759411587974
78,78,3,recov,0.06898954391314596,2.6738003233584817,146.66666666666669,1.2503759411587974
79,79,4,recov,0.06841622633735624,2.6821452553332135,146.66666666666669,1.2503759411587974
80,80,5,recov,0.06785795166846406,2.6903387047491103,146.66666666666669,1.2503759411587974
81,81,3,recov,0.08287048231702676,2.4904763439736874,146.66666666666669,1.2503759411587974
82,82,4,recov,0.08221820408764492,2.498378540518598,146.66666666666669,1.2503759411587974
83,83,5,recov,0.0815824851596761,2.5061406827021346,146.66666666666669,1.2503759411587974
84,84,3,recov,0.09570953207996519,2.346437381721962,146.66666666666669,1.2503759411587974
85,85,4,recov,0.09499510647273679,2.3539298995216207,146.66666666666669,1.2503759411587974
86,86,5,recov,0.09429825428619097,2.3612926018556397,146.66666666666669,1.2503759411587974
87,87,3,recov,0.10761453868540224,2.2291995224879804,146.66666666666669,1.2503759411587974
88,88,4,recov,0.10685184654390699,2.236312015720008,146.66666666666669,1.2503759411587974
89,89,5,recov,0.10610735629831167,2.243303902134075,146.66666666666669,1.2503759411587974
90,90,3,recov,0.11867899923805424,2.1313329160347876,146.66666666666669,1.2503759411587974
91,91,4,recov,0.11787953255144124,2.138092086581642,146.66666666666669,1.2503759411587974
92,92,5,recov,0.11709860023625868,2.1447389620258392,146.66666666666669,1.2503759411587974
93,93,3,recov,0.1289843728706819,2.048064022495922,146.66666666666669,1.2503759411587974
94,94,4,recov,0.1281576672037941,2.054493998045337,146.66666666666669,1.2503759411587974
95,95,5,recov,0.1273496016323438,2.060819205693925,146.66666666666669,1.2503759411587974
96,96,3,recov,0.13860195861845098,1.9761490608799268,146.66666666666669,1.2503759411587974
97,97,4,recov,0.13775593944024792,1.9822717143450872,146.66666666666669,1.2503759411587974
98,98,5,recov,0.13692849305350696,1.9882964379311026,146.66666666666669,1.2503759411587974
99,99,3,recov,0.14759443237233083,1.913287088581891,146.66666666666669,1.2503759411587974
100,100,4,recov,0.14673569416196344,1.9191223094417678,146.66666666666669,1.2503759411587974
101,101,5,recov,0.1458953302413812,1.9248658305360007,146.66666666666669,1.2503759411587974
102,102,3,recov,0.15601711299881674,1.8577895790386998,146.66666666666669,1.2503759411587974
103,103,4,recov,0.15515114548561343,1.8633555050301593,146.66666666666669,1.2503759411587974
104,104,5,recov,0.15430325522790944,1.8688354230895445,146.66666666666669,1.2503759411587974
105,105,3,recov,0.16391901171603288,1.8083828041324246,146.66666666666669,1.2503759411587974
106,106,4,recov,0.1630503842599243,1.8136960200496515,146.66666666666669,1.2503759411587974
107,107,5,recov,0.16219946405666624,1.818928441519192,146.66666666666669,1.2503759411587974
108,108,3,recov,0.1713437068128376,1.7640837584276732,146.66666666666669,1.2503759411587974
109,109,4,recov,0.17047621942853594,1.7691594674786344,146.66666666666669,1.2503759411587974
110,110,5,recov,0.16962601636207525,1.7741591690273673,146.66666666666669,1.2503759411587974
111,111,3,recov,0.17833007670995285,1.724119082360499,146.66666666666669,1.2503759411587974
112,112,4,recov,0.17746688435171185,1.7289712545050697,146.66666666666669,1.2503759411587974
113,113,5,recov,0.17662051615717342,1.7337518245294143,146.66666666666669,1.2503759411587974
114,114,3,recov,0.18491291742405458,1.687870281352394,146.66666666666669,1.2503759411587974
115,115,4,recov,0.18405663271479,1.6925117822362734,146.66666666666669,1.2503759411587974
116,116,5,recov,0.1832166871158213,1.697085744013511,146.66666666666669,1.2503759411587974
117,117,3,recov,0.19112346515673387,1.6548356453381639,146.66666666666669,1.2503759411587974
118,118,4,recov,0.1902762436485275,1.6592783487915606,146.66666666666669,1.2503759411587974
119,119,5,recov,0.18944486094482238,1.6636572680674366,146.66666666666669,1.2503759411587974
120,120,3,recov,0.19698984059100005,1.6246031221780186,146.66666666666669,1.2503759411587974
121,121,4,recov,0.1961534517986899,1.6288580087312743,146.66666666666669,1.2503759411587974
122,122,5,recov,0.19533239378775616,1.6330525880450948,146.66666666666669,1.2503759411587974
123,123,3,recov,0.20253742824627377,1.5968305786688632,146.66666666666669,1.2503759411587974
124,124,4,recov,0.20171331503995704,1.6009078221207,146.66666666666669,1.2503759411587974
125,125,5,recov,0.20090402273692184,1.6049279837832116,146.66666666666669,1.2503759411587974
126,126,3,recov,0.20778920170278511,1.5712311665238945,146.66666666666669,1.2503759411587974
127,127,4,recov,0.20697853013296263,1.5751402102604042,146.66666666666669,1.2503759411587974
128,128,5,recov,0.2061821722681008,1.5789951695846445,146.66666666666669,1.2503759411587974
129,129,3,recov,0.21276600349728214,1.5475622922788104,146.66666666666669,1.2503759411587974
130,130,4,recov,0.21196970472414112,1.5513119167662406,146.66666666666669,1.2503759411587974
131,131,5,recov,0.21118721861677367,1.5550102468943168,146.66666666666669,1.2503759411587974
132,132,3,recov,0.21748678689341283,1.5256171802140923,146.66666666666669,1.2503759411587974
133,133,4,recov,0.21670559257402436,1.5292155628631772,146.66666666666669,1.2503759411587974
134,134,5,recov,0.21593771867985295,1.5327652523209077,146.66666666666669,1.2503759411587974
135,135,3,recov,0.22196882545095983,1.5052183328670743,146.66666666666669,1.2503759411587974
136,136,4,recov,0.22120329768584465,1.5086731012812282,146.66666666666669,1.2503759411587974
137,137,5,recov,0.22045060887483034,1.5120816052186101,146.66666666666669,1.2503759411587974
138,138,3,recov,0.22622789528892503,1.4862124015555365,146.66666666666669,1.2503759411587974
139,139,4,recov,0.22547845202803907,1.4895306810218873,146.66666666666669,1.2503759411587974
140,140,5,recov,0.2247413784580473,1.4928049669533023,146.66666666666669,1.2503759411587974
141,141,3,recov,0.23027843410515,1.4684661191579138,146.66666666666669,1.2503759411587974
142,142,4,recov,0.22954537075179426,1.4716545751128023,146.66666666666669,1.2503759411587974
143,143,5,recov,0.22882422104905098,1.474801163851029,146.66666666666669,1.2503759411587974
144,144,3,recov,0.2341336803387431,1.4518630432458293,146.66666666666669,1.2503759411587974
145,145,4,recov,0.23341718815972995,1.454927919340172,146.66666666666669,1.2503759411587974
146,146,5,recov,0.23271216749268547,1.457952921718207,146.66666666666669,1.2503759411587974
147,147,3,recov,0.23780579530928278,1.4363009245039813,146.66666666666669,1.2503759411587974
148,148,4,recov,0.23710597715433201,1.4392480768049445,146.66666666666669,1.2503759411587974
149,149,5,recov,0.23641720268664532,1.4421572266957055,146.66666666666669,1.2503759411587974
150,150,3,recov,0.24130597071378096,1.4216895627128887,146.66666666666669,1.2503759411587974
151,151,4,recov,0.24062285446148682,1.424524490503532,146.66666666666669,1.2503759411587974
152,152,5,recov,0.23995036858771845,1.4273231745768808,146.66666666666669,1.2503759411587974
153,153,3,recov,0.2446445234892627,1.4079490465812956,146.66666666666669,1.2503759411587974
154,154,4,recov,0.2439780735670952,1.410676920156743,146.66666666666669,1.2503759411587974
155,155,5,recov,0.2433218552675806,1.413370204753586,146.66666666666669,1.2503759411587974
156,156,3,recov,0.24783097974021445,1.3950082984721404,146.66666666666669,1.2503759411587974
157,157,4,recov,0.24718110700877333,1.3976339842774033,146.66666666666669,1.2503759411587974
158,158,5,recov,0.24654108160508786,1.400226639730041,146.66666666666669,1.2503759411587974
159,159,3,recov,0.2508741491738975,1.3828038633057753,146.66666666666669,1.2503759411587974
160,160,4,recov,0.2502407194185732,1.3853319467149485,146.66666666666669,1.2503759411587974
161,161,5,recov,0.24961676696566754,1.3878284693998075,146.66666666666669,1.2503759411587974
162,162,3,recov,0.25378219127294227,1.3712788945130847,146.66666666666669,1.2503759411587974
163,163,4,recov,0.2531650325073059,1.3737137005109366,146.66666666666669,1.2503759411587974
164,164,5,recov,0.25255699502093637,1.3761183328830997,146.66666666666669,1.2503759411587974
165,165,3,recov,0.25656267425597595,1.3603823001405861,146.66666666666669,1.2503759411587974
166,166,4,recov,0.2559615830090723,1.3627279121344704,146.66666666666669,1.2503759411587974
167,167,5,recov,0.25536927069610293,1.3650446609619862,146.66666666666669,1.2503759411587974
168,168,3,recov,0.259222627727057,1.3500680199845996,146.66666666666669,1.2503759411587974
169,169,4,recov,0.2586373744600744,1.352328296946231,146.66666666666669,1.2503759411587974
170,170,5,recov,0.25806057109340946,1.3545609499351963,146.66666666666669,1.2503759411587974
171,171,3,recov,0.2617685897883762,1.3402944105943435,146.66666666666669,1.2503759411587974
172,172,4,recov,0.2611989235639237,1.3424730027065623,146.66666666666669,1.2503759411587974
173,173,5,recov,0.2606373911222923,1.3446251436847425,146.66666666666669,1.2503759411587974
174,174,3,recov,0.2642066492839502,1.331023719595357,146.66666666666669,1.2503759411587974
175,175,4,recov,0.26365230179258586,1.333124082557951,146.66666666666669,1.2503759411587974
176,176,5,recov,0.2631057844673844,1.3351991053646348,146.66666666666669,1.2503759411587974
177,177,3,recov,0.2665424837515696,1.322221634379302,146.66666666666669,1.2503759411587974
178,178,4,recov,0.26600317278464863,1.3242470425097361,146.66666666666669,1.2503759411587974
179,179,5,recov,0.2654714004409304,1.3262481637221661,146.66666666666669,1.2503759411587974
180,180,3,recov,0.2687813935833561,1.3138568930289924,146.66666666666669,1.2503759411587974
181,181,4,recov,0.26825682602818074,1.315810451278103,146.66666666666669,1.2503759411587974
182,182,5,recov,0.2677395171941685,1.3177407218897428,146.66666666666669,1.2503759411587974
183,183,3,recov,0.2709283328297147,1.3059009475795922,146.66666666666669,1.2503759411587974
184,184,4,recov,0.2704182072519423,1.3077856025685735,146.66666666666669,1.2503759411587974
185,185,5,recov,0.26991507170071355,1.3096479187213725,146.66666666666669,1.2503759411587974
186,186,3,recov,0.2729879370254084,1.298327671493555,146.66666666666669,1.2503759411587974
187,187,4,recov,0.2724919458943635,1.3001462216665955,146.66666666666669,1.2503759411587974
188,188,5,recov,0.27200268687229345,1.3019433345279676,146.66666666666669,1.2503759411587974
189,189,3,recov,0.27496454836842726,1.2911131046497226,146.66666666666669,1.2503759411587974
190,190,4,recov,0.27448237997307634,1.2928682096262074,146.66666666666669,1.2503759411587974
191,191,5,recov,0.27400669612193707,1.2946027344914495,146.66666666666669,1.2503759411587974
192,192,3,recov,0.2768622385410172,1.2842352302932067,146.66666666666669,1.2503759411587974
193,193,4,recov,0.2763935786376791,1.285929419494241,146.66666666666669,1.2503759411587974
194,194,5,recov,0.2759311656507645,1.2876038441863638,146.66666666666669,1.2503759411587974
195,195,3,recov,0.2786848294266484,1.277673779321142,146.66666666666669,1.2503759411587974
196,196,4,recov,0.2782293626538179,1.279309459937135,146.66666666666669,1.2503759411587974
197,197,5,recov,0.27777991470090785,1.2809261525683864,146.66666666666669,1.2503759411587974
198,198,3,recov,0.2804359119459597,1.2714100580354575,146.66666666666669,1.2503759411587974
199,199,4,recov,0.2799933230367747,1.272989522394448,146.66666666666669,1.2503759411587974
200,200,5,recov,0.27955653398800784,1.2745507385470474,146.66666666666669,1.2503759411587974
201,201,3,recov,0.2821188632081032,1.2654267961125512,146.66666666666669,1.2503759411587974
202,202,4,recov,0.2816888380268421,1.2669522285027304,146.66666666666669,1.2503759411587974
203,203,5,recov,0.2812644025015118,1.2684601178803736,146.66666666666669,1.2503759411587974
204,204,3,recov,0.2837368621508216,1.2597080120484954,146.66666666666669,1.2503759411587974
205,205,4,recov,0.28331908857627075,1.2611814950429077,146.66666666666669,1.2503759411587974
206,206,5,recov,0.28290670283908653,1.2626381076393327,146.66666666666669,1.2503759411587974
207,207,3,recov,0.2852929038225016,1.254238893758653,146.66666666666669,1.2503759411587974
208,208,4,recov,0.28488707249799355,1.2556624140851953,146.66666666666669,1.2503759411587974
209,209,5,recov,0.284486435222368,1.257069705911436,146.66666666666669,1.2503759411587974
210,210,3,recov,0.2867898124419487,1.2490056923591617,146.66666666666669,1.2503759411587974
211,211,4,recov,0.28639561740925973,1.2503811463546988,146.66666666666669,1.2503759411587974
212,212,5,recov,0.28600643032461687,1.2517409847625314,146.66666666666669,1.2503759411587974
213,213,0,fam_r,0.041424917933880936,3.1838726967485775,146.66666666666669,1.2503759411587974
214,214,1,fam_r,0.04136989256541974,3.1852018954321855,146.66666666666669,1.2503759411587974
215,215,2,fam_r,0.04131556125822938,3.1865160640675927,146.66666666666669,1.2503759411587974
216,216,0,fam_r,0.051084091823462255,2.97428214485028,146.66666666666669,1.2503759411587974
217,217,1,fam_r,0.05101850756546494,2.9755668186472213,146.66666666666669,1.2503759411587974
218,218,2,fam_r,0.05095374482245026,2.9768370220644362,146.66666666666669,1.2503759411587974
219,219,0,fam_r,0.060383991677895876,2.8070312476156962,146.66666666666669,1.2503759411587974
220,220,1,fam_r,0.06030905318617886,2.8082730507607154,146.66666666666669,1.2503759411587974
221,221,2,fam_r,0.060235047076008914,2.809500918724506,146.66666666666669,1.2503759411587974
222,222,0,fam_r,0.06934029938517625,2.6687290210943115,146.66666666666669,1.2503759411587974
223,223,1,fam_r,0.06925710528807562,2.6699295357401467,146.66666666666669,1.2503759411587974
224,224,2,fam_r,0.06917493954576355,2.67111662724139,146.66666666666669,1.2503759411587974
225,225,0,fam_r,0.07796786025182996,2.5514585852611336,146.66666666666669,1.2503759411587974
226,226,1,fam_r,0.07787741233687978,2.552619325315714,146.66666666666669,1.2503759411587974
227,227,2,fam_r,0.07778807537789231,2.5537671323229976,146.66666666666669,1.2503759411587974
0,0,0,fam,0.06666666666666667,2.70805020110221,220.0,1.1711307202606214
1,1,1,fam,0.008695652173913044,4.74493212836325,220.0,1.1711307202606214
2,2,2,fam,0.004672897196261682,5.365976015021851,220.0,1.1711307202606214
3,3,0,fam,0.31732957277010354,1.1478143834434789,220.0,1.1711307202606214
4,4,1,fam,0.24205462596680669,1.4185918511624225,220.0,1.1711307202606214
5,5,2,fam,0.19602078363565834,1.629534586415912,220.0,1.1711307202606214
6,6,0,fam,0.3234080109376914,1.128840561157394,220.0,1.1711307202606214
7,7,1,fam,0.2795563873928317,1.2745512629319098,220.0,1.1711307202606214
8,8,2,fam,0.24647102005380944,1.4005108581154084,220.0,1.1711307202606214
9,9,0,fam,0.325499562405192,1.122394161711707,220.0,1.1711307202606214
10,10,1,fam,0.29488220064293463,1.2211793222461802,220.0,1.1711307202606214
11,11,2,fam,0.26976145920839434,1.3102171948994896,220.0,1.1711307202606214
12,12,0,fam,0.32655768660715206,1.1191486640737203,220.0,1.1711307202606214
13,13,1,fam,0.3032105191959556,1.193327931897681,220.0,1.1711307202606214
14,14,2,fam,0.28316794196817624,1.2617151228350072,220.0,1.1711307202606214
15,15,0,fam,0.32719633596022624,1.1171948724818128,220.0,1.1711307202606214
16,16,1,fam,0.3084410865611686,1.1762244212600994,220.0,1.1711307202606214
17,17,2,fam,0.29187765004384714,1.2314205712208448,220.0,1.1711307202606214
18,18,0,fam,0.32762352468369976,1.1158901204125748,220.0,1.1711307202606214
19,19,1,fam,0.31202983313205485,1.164656476730865,220.0,1.1711307202606214
20,20,2,fam,0.29798849330904914,1.210700406279118,220.0,1.1711307202606214
21,21,0,fam,0.3279292399790647,1.1149574256425834,220.0,1.1711307202606214
22,22,1,fam,0.31464389312167057,1.1563137776778512,220.0,1.1711307202606214
23,23,2,fam,0.30251087244286495,1.1956380601972536,220.0,1.1711307202606214
24,24,0,fam,0.3281587533565889,1.1142577835542729,220.0,1.1711307202606214
25,25,1,fam,0.31663207568480783,1.1500148237017565,220.0,1.1711307202606214
26,26,2,fam,0.30599150976183004,1.1841979232910527,220.0,1.1711307202606214
27,27,0,fam,0.3283373262223044,1.1137137654689426,220.0,1.1711307202606214
28,28,1,fam,0.3181944927059622,1.1450924708776258,220.0,1.1711307202606214
29,29,2,fam,0.30875205578202225,1.1752167326588063,220.0,1.1711307202606214
30,30,0,fam,0.3284801654385635,1.1132788220628231,220.0,1.1711307202606214
31,31,1,fam,0.3194541646036493,1.1411414752253703,220.0,1.1711307202606214
32,32,2,fam,0.3109941022062884,1.1679813309496394,220.0,1.1711307202606214
33,33,0,fam,0.32859697300959007,1.1129232851998823,220.0,1.1711307202606214
34,34,1,fam,0.32049088273619575,1.1379014500269853,220.0,1.1711307202606214
35,35,2,fam,0.31285041738098834,1.1620301024137116,220.0,1.1711307202606214
36,36,0,fam,0.328694230309331,1.1126273515255547,220.0,1.1711307202606214
37,37,1,fam,0.3213586643385801,1.1351974452175042,220.0,1.1711307202606214
38,38,2,fam,0.3144120072023358,1.1570510283092132,220.0,1.1711307202606214
39,39,0,fam,0.3287764320664357,1.1123772969992096,220.0,1.1711307202606214
40,40,1,fam,0.3220953819144823,1.1329075601756382,220.0,1.1711307202606214
41,41,2,fam,0.3157433386827048,1.1528256147826133,220.0,1.1711307202606214
42,42,0,fam,0.32884679336975564,1.11216331032457,220.0,1.1711307202606214
43,43,1,fam,0.3227283756519719,1.1309442518037336,220.0,1.1711307202606214
44,44,2,fam,0.31689135673183916,1.1491962870912988,220.0,1.1711307202606214
45,45,0,fam,0.32890767480578303,1.11197819128959,220.0,1.1711307202606214
46,46,1,fam,0.3232778767735904,1.1292430259964463,220.0,1.1711307202606214
47,47,2,fam,0.3178910586253551,1.1460465378360358,220.0,1.1711307202606214
48,48,0,fam,0.3289608486633447,1.1118165363212171,220.0,1.1711307202606214
49,49,1,fam,0.3237591771450404,1.1277553199761938,220.0,1.1711307202606214
50,50,2,fam,0.3187690676323447,1.143288364275605,220.0,1.1711307202606214
51,51,0,fam,0.3290076714576318,1.1116742109882132,220.0,1.1711307202606214
52,52,1,fam,0.3241840500131455,1.1264438688761844,220.0,1.1711307202606214
53,53,2,fam,0.3195459963635368,1.1408540519471642,220.0,1.1711307202606214
54,54,0,fam,0.32904919910459657,1.1115479980456011,220.0,1.1711307202606214
55,55,1,fam,0.32456170703231135,1.1252796005700734,220.0,1.1711307202606214
56,56,2,fam,0.3202380524893328,1.1386906457260884,220.0,1.1711307202606214
57,57,0,fam,0.3290862658193897,1.111435356448824,220.0,1.1711307202606214
58,58,1,fam,0.32489945904442524,1.124239501299465,220.0,1.1711307202606214
59,59,2,fam,0.32085815581275595,1.1367561357140845,220.0,1.1711307202606214
60,60,0,fam,0.3291195394039452,1.11133425255603,220.0,1.1711307202606214
61,61,1,fam,0.32520318234998247,1.1233051155323082,220.0,1.1711307202606214
62,62,2,fam,0.32141673180897284,1.1350167678894711,220.0,1.1711307202606214
63,63,0,fam,0.32914956077540886,1.1112430394898956,220.0,1.1711307202606214
64,64,1,fam,0.32547765414525365,1.122461470549527,220.0,1.1711307202606214
65,65,2,fam,0.32192228591829725,1.1334451106466856,220.0,1.1711307202606214
66,66,3,recov,0.00020560779529538514,8.489540110241192,220.0,1.1711307202606214
67,67,4,recov,0.0002034528993553356,8.500076032670291,220.0,1.1711307202606214
68,68,5,recov,0.00020136358943921283,8.51039838131669,220.0,1.1711307202606214
69,69,3,recov,0.019736358053317273,3.925292757777508,220.0,1.1711307202606214
70,70,4,recov,0.019541652797482816,3.9352070506077492,220.0,1.1711307202606214
71,71,5,recov,0.019352642214485075,3.9449263202760507,220.0,1.1711307202606214
72,72,3,recov,0.037580980029904475,3.281257206840196,220.0,1.1711307202606214
73,73,4,recov,0.03723138470379573,3.290603198563384,220.0,1.1711307202606214
74,74,5,recov,0.03689163381606198,3.299770479493826,220.0,1.1711307202606214
75,75,3,recov,0.05394165919805033,2.9198522016759605,220.0,1.1711307202606214
76,76,4,recov,0.053467736249306,2.928676867755093,220.0,1.1711307202606214
77,77,5,recov,0.05300668492187442,2.9373372427824065,220.0,1.1711307202606214
78,78,3,recov,0.06898954391314596,2.6738003233584817,220.0,1.1711307202606214
79,79,4,recov,0.06841622633735624,2.6821452553332135,220.0,1.1711307202606214
80,80,5,recov,0.06785795166846406,2.6903387047491103,220.0,1.1711307202606214
81,81,3,recov,0.08287048231702676,2.4904763439736874,220.0,1.1711307202606214
82,82,4,recov,0.08221820408764492,2.498378540518598,220.0,1.1711307202606214
83,83,5,recov,0.0815824851596761,2.5061406827021346,220.0,1.1711307202606214
84,84,3,recov,0.09570953207996519,2.346437381721962,220.0,1.1711307202606214
85,85,4,recov,0.09499510647273679,2.3539298995216207,220.0,1.1711307202606214
86,86,5,recov,0.09429825428619097,2.3612926018556397,220.0,1.1711307202606214
87,87,3,recov,0.10761453868540224,2.2291995224879804,220.0,1.1711307202606214
88,88,4,recov,0.10685184654390699,2.236312015720008,220.0,1.1711307202606214
89,89,5,recov,0.10610735629831167,2.243303902134075,220.0,1.1711307202606214
90,90,3,recov,0.11867899923805424,2.1313329160347876,220.0,1.1711307202606214
91,91,4,recov,0.11787953255144124,2.138092086581642,220.0,1.1711307202606214
92,92,5,recov,0.11709860023625868,2.1447389620258392,220.0,1.1711307202606214
93,93,3,recov,0.1289843728706819,2.048064022495922,220.0,1.1711307202606214
94,94,4,recov,0.1281576672037941,2.054493998045337,220.0,1.1711307202606214
95,95,5,recov,0.1273496016323438,2.060819205693925,220.0,1.1711307202606214
96,96,3,recov,0.13860195861845098,1.9761490608799268,220.0,1.1711307202606214
97,97,4,recov,0.13775593944024792,1.9822717143450872,220.0,1.1711307202606214
98,98,5,recov,0.13692849305350696,1.9882964379311026,220.0,1.1711307202606214
99,99,3,recov,0.14759443237233083,1.913287088581891,220.0,1.1711307202606214
100,100,4,recov,0.14673569416196344,1.9191223094417678,220.0,1.1711307202606214
101,101,5,recov,0.1458953302413812,1.9248658305360007,220.0,1.1711307202606214
102,102,3,recov,0.15601711299881674,1.8577895790386998,220.0,1.1711307202606214
103,103,4,recov,0.15515114548561343,1.8633555050301593,220.0,1.1711307202606214
104,104,5,recov,0.15430325522790944,1.8688354230895445,220.0,1.1711307202606214
105,105,3,recov,0.16391901171603288,1.8083828041324246,220.0,1.1711307202606214
106,106,4,recov,0.1630503842599243,1.8136960200496515,220.0,1.1711307202606214
107,107,5,recov,0.16219946405666624,1.818928441519192,220.0,1.1711307202606214
108,108,3,recov,0.1713437068128376,1.7640837584276732,220.0,1.1711307202606214
109,109,4,recov,0.17047621942853594,1.7691594674786344,220.0,1.1711307202606214
110,110,5,recov,0.16962601636207525,1.7741591690273673,220.0,1.1711307202606214
111,111,3,recov,0.17833007670995285,1.724119082360499,220.0,1.1711307202606214
112,112,4,recov,0.17746688435171185,1.7289712545050697,220.0,1.1711307202606214
113,113,5,recov,0.17662051615717342,1.7337518245294143,220.0,1.1711307202606214
114,114,3,recov,0.18491291742405458,1.687870281352394,220.0,1.1711307202606214
115,115,4,recov,0.18405663271479,1.6925117822362734,220.0,1.1711307202606214
116,116,5,recov,0.1832166871158213,1.697085744013511,220.0,1.1711307202606214
117,117,3,recov,0.19112346515673387,1.6548356453381639,220.0,1.1711307202606214
118,118,4,recov,0.1902762436485275,1.6592783487915606,220.0,1.1711307202606214
119,119,5,recov,0.18944486094482238,1.6636572680674366,220.0,1.1711307202606214
120,120,3,recov,0.19698984059100005,1.6246031221780186,220.0,1.1711307202606214
121,121,4,recov,0.1961534517986899,1.6288580087312743,220.0,1.1711307202606214
122,122,5,recov,0.19533239378775616,1.6330525880450948,220.0,1.1711307202606214
123,123,3,recov,0.20253742824627377,1.5968305786688632,220.0,1.1711307202606214
124,124,4,recov,0.20171331503995704,1.6009078221207,220.0,1.1711307202606214
125,125,5,recov,0.20090402273692184,1.6049279837832116,220.0,1.1711307202606214
126,126,3,recov,0.20778920170278511,1.5712311665238945,220.0,1.1711307202606214
127,127,4,recov,0.20697853013296263,1.5751402102604042,220.0,1.1711307202606214
128,128,5,recov,0.2061821722681008,1.5789951695846445,220.0,1.1711307202606214
129,129,3,recov,0.21276600349728214,1.5475622922788104,220.0,1.1711307202606214
130,130,4,recov,0.21196970472414112,1.5513119167662406,220.0,1.1711307202606214
131,131,5,recov,0.21118721861677367,1.5550102468943168,220.0,1.1711307202606214
132,132,3,recov,0.21748678689341283,1.5256171802140923,220.0,1.1711307202606214
133,133,4,recov,0.21670559257402436,1.5292155628631772,220.0,1.1711307202606214
134,134,5,recov,0.21593771867985295,1.5327652523209077,220.0,1.1711307202606214
135,135,3,recov,0.22196882545095983,1.5052183328670743,220.0,1.1711307202606214
136,136,4,recov,0.22120329768584465,1.5086731012812282,220.0,1.1711307202606214
137,137,5,recov,0.22045060887483034,1.5120816052186101,220.0,1.1711307202606214
138,138,3,recov,0.22622789528892503,1.4862124015555365,220.0,1.1711307202606214
139,139,4,recov,0.22547845202803907,1.4895306810218873,220.0,1.1711307202606214
140,140,5,recov,0.2247413784580473,1.4928049669533023,220.0,1.1711307202606214
141,141,3,recov,0.23027843410515,1.4684661191579138,220.0,1.1711307202606214
142,142,4,recov,0.22954537075179426,1.4716545751128023,220.0,1.1711307202606214
143,143,5,recov,0.22882422104905098,1.474801163851029,220.0,1.1711307202606214
144,144,3,recov,0.2341336803387431,1.4518630432458293,220.0,1.1711307202606214
145,145,4,recov,0.23341718815972995,1.454927919340172,220.0,1.1711307202606214
146,146,5,recov,0.23271216749268547,1.457952921718207,220.0,1.1711307202606214
147,147,3,recov,0.23780579530928278,1.4363009245039813,220.0,1.1711307202606214
148,148,4,recov,0.23710597715433201,1.4392480768049445,220.0,1.1711307202606214
149,149,5,recov,0.23641720268664532,1.4421572266957055,220.0,1.1711307202606214
150,150,3,recov,0.24130597071378096,1.4216895627128887,220.0,1.1711307202606214
151,151,4,recov,0.24062285446148682,1.424524490503532,220.0,1.1711307202606214
152,152,5,recov,0.23995036858771845,1.4273231745768808,220.0,1.1711307202606214
153,153,3,recov,0.2446445234892627,1.4079490465812956,220.0,1.1711307202606214
154,154,4,recov,0.2439780735670952,1.410676920156743,220.0,1.1711307202606214
155,155,5,recov,0.2433218552675806,1.413370204753586,220.0,1.1711307202606214
156,156,3,recov,0.24783097974021445,1.3950082984721404,220.0,1.1711307202606214
157,157,4,recov,0.24718110700877333,1.3976339842774033,220.0,1.1711307202606214
158,158,5,recov,0.24654108160508786,1.400226639730041,220.0,1.1711307202606214
159,159,3,recov,0.2508741491738975,1.3828038633057753,220.0,1.1711307202606214
160,160,4,recov,0.2502407194185732,1.3853319467149485,220.0,1.1711307202606214
161,161,5,recov,0.24961676696566754,1.3878284693998075,220.0,1.1711307202606214
162,162,3,recov,0.25378219127294227,1.3712788945130847,220.0,1.1711307202606214
163,163,4,recov,0.2531650325073059,1.3737137005109366,220.0,1.1711307202606214
164,164,5,recov,0.25255699502093637,1.3761183328830997,220.0,1.1711307202606214
165,165,3,recov,0.25656267425597595,1.3603823001405861,220.0,1.1711307202606214
166,166,4,recov,0.2559615830090723,1.3627279121344704,220.0,1.1711307202606214
167,167,5,recov,0.25536927069610293,1.3650446609619862,220.0,1.1711307202606214
168,168,3,recov,0.259222627727057,1.3500680199845996,220.0,1.1711307202606214
169,169,4,recov,0.2586373744600744,1.352328296946231,220.0,1.1711307202606214
170,170,5,recov,0.25806057109340946,1.3545609499351963,220.0,1.1711307202606214
171,171,3,recov,0.2617685897883762,1.3402944105943435,220.0,1.1711307202606214
172,172,4,recov,0.2611989235639237,1.3424730027065623,220.0,1.1711307202606214
173,173,5,recov,0.2606373911222923,1.3446251436847425,220.0,1.1711307202606214
174,174,3,recov,0.2642066492839502,1.331023719595357,220.0,1.1711307202606214
175,175,4,recov,0.26365230179258586,1.333124082557951,220.0,1.1711307202606214
176,176,5,recov,0.2631057844673844,1.3351991053646348,220.0,1.1711307202606214
177,177,3,recov,0.2665424837515696,1.322221634379302,220.0,1.1711307202606214
178,178,4,recov,0.26600317278464863,1.3242470425097361,220.0,1.1711307202606214
179,179,5,recov,0.2654714004409304,1.3262481637221661,220.0,1.1711307202606214
180,180,3,recov,0.2687813935833561,1.3138568930289924,220.0,1.1711307202606214
181,181,4,recov,0.26825682602818074,1.315810451278103,220.0,1.1711307202606214
182,182,5,recov,0.2677395171941685,1.3177407218897428,220.0,1.1711307202606214
183,183,3,recov,0.2709283328297147,1.3059009475795922,220.0,1.1711307202606214
184,184,4,recov,0.2704182072519423,1.3077856025685735,220.0,1.1711307202606214
185,185,5,recov,0.26991507170071355,1.3096479187213725,220.0,1.1711307202606214
186,186,3,recov,0.2729879370254084,1.298327671493555,220.0,1.1711307202606214
187,187,4,recov,0.2724919458943635,1.3001462216665955,220.0,1.1711307202606214
188,188,5,recov,0.27200268687229345,1.3019433345279676,220.0,1.1711307202606214
189,189,3,recov,0.27496454836842726,1.2911131046497226,220.0,1.1711307202606214
190,190,4,recov,0.27448237997307634,1.2928682096262074,220.0,1.1711307202606214
191,191,5,recov,0.27400669612193707,1.2946027344914495,220.0,1.1711307202606214
192,192,3,recov,0.2768622385410172,1.2842352302932067,220.0,1.1711307202606214
193,193,4,recov,0.2763935786376791,1.285929419494241,220.0,1.1711307202606214
194,194,5,recov,0.2759311656507645,1.2876038441863638,220.0,1.1711307202606214
195,195,3,recov,0.2786848294266484,1.277673779321142,220.0,1.1711307202606214
196,196,4,recov,0.2782293626538179,1.279309459937135,220.0,1.1711307202606214
197,197,5,recov,0.27777991470090785,1.2809261525683864,220.0,1.1711307202606214
198,198,3,recov,0.2804359119459597,1.2714100580354575,220.0,1.1711307202606214
199,199,4,recov,0.2799933230367747,1.272989522394448,220.0,1.1711307202606214
200,200,5,recov,0.27955653398800784,1.2745507385470474,220.0,1.1711307202606214
201,201,3,recov,0.2821188632081032,1.2654267961125512,220.0,1.1711307202606214
202,202,4,recov,0.2816888380268421,1.2669522285027304,220.0,1.1711307202606214
203,203,5,recov,0.2812644025015118,1.2684601178803736,220.0,1.1711307202606214
204,204,3,recov,0.2837368621508216,1.2597080120484954,220.0,1.1711307202606214
205,205,4,recov,0.28331908857627075,1.2611814950429077,220.0,1.1711307202606214
206,206,5,recov,0.28290670283908653,1.2626381076393327,220.0,1.1711307202606214
207,207,3,recov,0.2852929038225016,1.254238893758653,220.0,1.1711307202606214
208,208,4,recov,0.28488707249799355,1.2556624140851953,220.0,1.1711307202606214
209,209,5,recov,0.284486435222368,1.257069705911436,220.0,1.1711307202606214
210,210,3,recov,0.2867898124419487,1.2490056923591617,220.0,1.1711307202606214
211,211,4,recov,0.28639561740925973,1.2503811463546988,220.0,1.1711307202606214
212,212,5,recov,0.28600643032461687,1.2517409847625314,220.0,1.1711307202606214
213,213,3,recov,0.2882302533563396,1.2439956274481148,220.0,1.1711307202606214
214,214,4,recov,0.28784739258838565,1.2453248261317227,220.0,1.1711307202606214
215,215,5,recov,0.2874693610262796,1.2466389947671297,220.0,1.1711307202606214
216,216,3,recov,0.28961674400443144,1.2391968024470943,220.0,1.1711307202606214
217,217,4,recov,0.2892449198497657,1.2404814762440353,220.0,1.1711307202606214
218,218,5,recov,0.288877753201692,1.2417516796612502,220.0,1.1711307202606214
219,219,3,recov,0.29095166398037997,1.2345981287675085,220.0,1.1711307202606214
220,220,4,recov,0.29059058353082057,1.2358399319125277,220.0,1.1711307202606214
221,221,5,recov,0.29023399562895547,1.2370677998763184,220.0,1.1711307202606214
222,222,3,recov,0.29223726428321445,1.2301892577378915,220.0,1.1711307202606214
223,223,4,recov,0.29188663967448375,1.2313897723837264,220.0,1.1711307202606214
224,224,5,recov,0.29154034910516136,1.2325768638849692,220.0,1.1711307202606214
225,225,3,recov,0.2934756758279492,1.2259605193734553,220.0,1.1711307202606214
226,226,4,recov,0.29313522448195234,1.2271212594280356,220.0,1.1711307202606214
227,227,5,recov,0.2927989548404542,1.2282690664353193,220.0,1.1711307202606214
228,228,3,recov,0.29466891728631806,1.2219028671922758,220.0,1.1711307202606214
229,229,4,recov,0.29433836210260134,1.2230252819059373,220.0,1.1711307202606214
230,230,5,recov,0.2940118421967586,1.2241352328738444,220.0,1.1711307202606214
231,231,3,recov,0.29581890231805685,1.2180078283872118,220.0,1.1711307202606214
232,232,4,recov,0.29549797182104137,1.2190933057093138,220.0,1.1711307202606214
233,233,5,recov,0.2951809358302168,1.220166768862177,220.0,1.1711307202606214
234,234,3,recov,0.2969274462474117,1.214267458752043,220.0,1.1711307202606214
235,235,4,recov,0.2966158746951764,1.2153173284746406,220.0,1.1711307202606214
236,236,5,recov,0.29630806229038303,1.2163556148828807,220.0,1.1711307202606214
237,237,3,recov,0.29799627223401853,1.2106743018367914,220.0,1.1711307202606214
238,238,4,recov,0.2976937996936904,1.211689838541456,220.0,1.1711307202606214
239,239,5,recov,0.2973949561238923,1.212694205006116,220.0,1.1711307202606214
240,240,3,recov,0.2990270169823813,1.2072213518728643,220.0,1.1711307202606214
241,241,4,recov,0.29873338937656724,1.208203777695341,220.0,1.1711307202606214
242,242,5,recov,0.2984432655255927,1.2091754294550627,220.0,1.1711307202606214
243,243,3,recov,0.30002123602981456,1.2039020200651522,220.0,1.1711307202606214
244,244,4,recov,0.2997362051579631,1.2048525072912737,220.0,1.1711307202606214
245,245,5,recov,0.29945455757591966,1.2057926005647455,220.0,1.1711307202606214
246,246,3,recov,0.3009804086488231,1.2007101038969858,220.0,1.1711307202606214
247,247,4,recov,0.3007037321869304,1.2016297774021223,220.0,1.1711307202606214
248,248,5,recov,0.30043032309953677,1.2025394217779217,220.0,1.1711307202606214
249,249,3,recov,0.3019059423964277,1.1976397591360368,220.0,1.1711307202606214
250,250,4,recov,0.3016373838780822,1.1985296986793268,220.0,1.1711307202606214
251,251,5,recov,0.3013719811769218,1.1994099593640797,220.0,1.1711307202606214
252,252,3,recov,0.3027991773398495,1.1946854742658315,220.0,1.1711307202606214
253,253,4,recov,0.3025385061212469,1.195546716649503,220.0,1.1711307202606214
254,254,5,recov,0.3022808833375822,1.1963986165843767,220.0,1.1711307202606214
255,255,3,recov,0.3036613899851953,1.191842047099346,220.0,1.1711307202606214
256,256,4,recov,0.3034083811964352,1.1926755882025923,220.0,1.1711307202606214
257,257,5,recov,0.30315831746090405,1.193500110057325,220.0,1.1711307202606214
258,258,3,recov,0.3044937969333114,1.1891045633588577,220.0,1.1711307202606214
259,259,4,recov,0.3042482314180051,1.1899113600549613,220.0,1.1711307202606214
260,260,5,recov,0.3040055114082426,1.1907094481078782,220.0,1.1711307202606214
261,261,3,recov,0.30529755828474864,1.1864683770304156,220.0,1.1711307202606214
262,262,4,recov,0.30505922252972156,1.1872493489951175,220.0,1.1711307202606214
263,263,5,recov,0.30482363640770316,1.1880219109069126,220.0,1.1711307202606214
264,264,3,recov,0.3060737808137871,1.1839290923224637,220.0,1.1711307202606214
265,265,4,recov,0.3058424668704427,1.1846851237409388,220.0,1.1711307202606214
266,266,5,recov,0.3056138102111282,1.1854330322293902,220.0,1.1711307202606214
267,267,3,recov,0.3068235209296756,1.1814825470767103,220.0,1.1711307202606214
268,268,4,recov,0.30659902632839636,1.1822144882559356,220.0,1.1711307202606214
269,269,5,recov,0.3063771000410656,1.18293858267815,220.0,1.1711307202606214
270,270,3,recov,0.30754778744162764,1.1791247974956385,220.0,1.1711307202606214
271,271,4,recov,0.3073299151004207,1.17983346638841,220.0,1.1711307202606214
272,272,5,recov,0.3071145253439219,1.1805345542366958,220.0,1.1711307202606214
273,273,3,recov,0.3082475441426591,1.1768521040654174,220.0,1.1711307202606214
274,274,4,recov,0.30803610227110695,1.1775382877117917,220.0,1.1711307202606214
275,275,5,recov,0.3078270603640922,1.1782171460287865,220.0,1.1711307202606214
276,276,3,recov,0.3089237122260431,1.1746609185656176,220.0,1.1711307202606214
277,277,4,recov,0.30871851422548824,1.1753253744571242,220.0,1.1711307202606214
278,278,5,recov,0.3085156365525791,1.1759827511753742,220.0,1.1711307202606214
279,279,3,recov,0.3095771725469705,1.1725478720683373,220.0,1.1711307202606214
280,280,4,recov,0.309378036907749,1.17319132943989,220.0,1.1711307202606214
281,281,5,recov,0.30918114482246095,1.1738279446506998,220.0,1.1711307202606214
282,282,3,recov,0.310208767740933,1.1705097638392277,220.0,1.1711307202606214
283,283,4,recov,0.31001551793736937,1.1711329248933162,220.0,1.1711307202606214
284,284,5,recov,0.309824437662521,1.17174947204932,220.0,1.1711307202606214
285,285,0,fam_r,0.01885726137597373,3.9708572203813146,220.0,1.1711307202606214
286,286,1,fam_r,0.018845883678114125,3.971460761448706,220.0,1.1711307202606214
287,287,2,fam_r,0.018834633273573057,3.9720579085042944,220.0,1.1711307202606214
288,288,0,fam_r,0.028626139920430022,3.5534349953528563,220.0,1.1711307202606214
289,289,1,fam_r,0.028609410752401945,3.5540195679937345,220.0,1.1711307202606214
290,290,2,fam_r,0.028592868125710286,3.5545979584871654,220.0,1.1711307202606214
291,291,0,fam_r,0.038071502731461176,3.2682892365151437,220.0,1.1711307202606214
292,292,1,fam_r,0.0380499515285204,3.2688554685643365,220.0,1.1711307202606214
293,293,2,fam_r,0.03802863985843681,3.269415722645084,220.0,1.1711307202606214
294,294,0,fam_r,0.04720507455684885,3.0532538803719613,220.0,1.1711307202606214
295,295,1,fam_r,0.04717918983534463,3.053802376931634,220.0,1.1711307202606214
296,296,2,fam_r,0.04715359190906471,3.0543450923362867,220.0,1.1711307202606214
297,297,0,fam_r,0.056038092951111895,2.8817235882295584,220.0,1.1711307202606214
298,298,1,fam_r,0.0560083253343185,2.882254932612525,220.0,1.1711307202606214
299,299,2,fam_r,0.05597888652982969,2.8827806855922966,220.0,1.1711307202606214
0,0,0,fam,0.06666666666666667,2.70805020110221,293.33333333333337,1.137334851478168
1,1,1,fam,0.008695652173913044,4.74493212836325,293.33333333333337,1.137334851478168
2,2,2,fam,0.004672897196261682,5.365976015021851,293.33333333333337,1.137334851478168
3,3,0,fam,0.31732957277010354,1.1478143834434789,293.33333333333337,1.137334851478168
4,4,1,fam,0.24205462596680669,1.4185918511624225,293.33333333333337,1.137334851478168
5,5,2,fam,0.19602078363565834,1.629534586415912,293.33333333333337,1.137334851478168
6,6,0,fam,0.3234080109376914,1.128840561157394,293.33333333333337,1.137334851478168
7,7,1,fam,0.2795563873928317,1.2745512629319098,293.33333333333337,1.137334851478168
8,8,2,fam,0.24647102005380944,1.4005108581154084,293.33333333333337,1.137334851478168
9,9,0,fam,0.325499562405192,1.122394161711707,293.33333333333337,1.137334851478168
10,10,1,fam,0.29488220064293463,1.2211793222461802,293.33333333333337,1.137334851478168
11,11,2,fam,0.26976145920839434,1.3102171948994896,293.33333333333337,1.137334851478168
12,12,0,fam,0.32655768660715206,1.1191486640737203,293.33333333333337,1.137334851478168
13,13,1,fam,0.3032105191959556,1.193327931897681,293.33333333333337,1.137334851478168
14,14,2,fam,0.28316794196817624,1.2617151228350072,293.33333333333337,1.137334851478168
15,15,0,fam,0.32719633596022624,1.1171948724818128,293.33333333333337,1.137334851478168
16,16,1,fam,0.3084410865611686,1.1762244212600994,293.33333333333337,1.137334851478168
17,17,2,fam,0.29187765004384714,1.2314205712208448,293.33333333333337,1.137334851478168
18,18,0,fam,0.32762352468369976,1.1158901204125748,293.33333333333337,1.137334851478168
19,19,1,fam,0.31202983313205485,1.164656476730865,293.33333333333337,1.137334851478168
20,20,2,fam,0.29798849330904914,1.210700406279118,293.33333333333337,1.137334851478168
21,21,0,fam,0.3279292399790647,1.1149574256425834,293.33333333333337,1.137334851478168
22,22,1,fam,0.31464389312167057,1.1563137776778512,293.33333333333337,1.137334851478168
23,23,2,fam,0.30251087244286495,1.1956380601972536,293.33333333333337,1.137334851478168
24,24,0,fam,0.3281587533565889,1.1142577835542729,293.33333333333337,1.137334851478168
25,25,1,fam,0.31663207568480783,1.1500148237017565,293.33333333333337,1.137334851478168
26,26,2,fam,0.30599150976183004,1.1841979232910527,293.33333333333337,1.137334851478168
27,27,0,fam,0.3283373262223044,1.1137137654689426,293.33333333333337,1.137334851478168
28,28,1,fam,0.3181944927059622,1.1450924708776258,293.33333333333337,1.137334851478168
29,29,2,fam,0.30875205578202225,1.1752167326588063,293.33333333333337,1.137334851478168
30,30,0,fam,0.3284801654385635,1.1132788220628231,293.33333333333337,1.137334851478168
31,31,1,fam,0.3194541646036493,1.1411414752253703,293.33333333333337,1.137334851478168
32,32,2,fam,0.3109941022062884,1.1679813309496394,293.33333333333337,1.137334851478168
33,33,0,fam,0.32859697300959007,1.1129232851998823,293.33333333333337,1.137334851478168
34,34,1,fam,0.32049088273619575,1.1379014500269853,293.33333333333337,1.137334851478168
35,35,2,fam,0.31285041738098834,1.1620301024137116,293.33333333333337,1.137334851478168
36,36,0,fam,0.328694230309331,1.1126273515255547,293.33333333333337,1.137334851478168
37,37,1,fam,0.3213586643385801,1.1351974452175042,293.33333333333337,1.137334851478168
38,38,2,fam,0.3144120072023358,1.1570510283092132,293.33333333333337,1.137334851478168
39,39,0,fam,0.3287764320664357,1.1123772969992096,293.33333333333337,1.137334851478168
40,40,1,fam,0.3220953819144823,1.1329075601756382,293.33333333333337,1.137334851478168
41,41,2,fam,0.3157433386827048,1.1528256147826133,293.33333333333337,1.137334851478168
42,42,0,fam,0.32884679336975564,1.11216331032457,293.33333333333337,1.137334851478168
43,43,1,fam,0.3227283756519719,1.1309442518037336,293.33333333333337,1.137334851478168
44,44,2,fam,0.31689135673183916,1.1491962870912988,293.33333333333337,1.137334851478168
45,45,0,fam,0.32890767480578303,1.11197819128959,293.33333333333337,1.137334851478168
46,46,1,fam,0.3232778767735904,1.1292430259964463,293.33333333333337,1.137334851478168
47,47,2,fam,0.3178910586253551,1.1460465378360358,293.33333333333337,1.137334851478168
48,48,0,fam,0.3289608486633447,1.1118165363212171,293.33333333333337,1.137334851478168
49,49,1,fam,0.3237591771450404,1.1277553199761938,293.33333333333337,1.137334851478168
50,50,2,fam,0.3187690676323447,1.143288364275605,293.33333333333337,1.137334851478168
51,51,0,fam,0.3290076714576318,1.1116742109882132,293.33333333333337,1.137334851478168
52,52,1,fam,0.3241840500131455,1.1264438688761844,293.33333333333337,1.137334851478168
53,53,2,fam,0.3195459963635368,1.1408540519471642,293.33333333333337,1.137334851478168
54,54,0,fam,0.32904919910459657,1.1115479980456011,293.33333333333337,1.137334851478168
55,55,1,fam,0.32456170703231135,1.1252796005700734,293.33333333333337,1.137334851478168
56,56,2,fam,0.3202380524893328,1.1386906457260884,293.33333333333337,1.137334851478168
57,57,0,fam,0.3290862658193897,1.111435356448824,293.33333333333337,1.137334851478168
58,58,1,fam,0.32489945904442524,1.124239501299465,293.33333333333337,1.137334851478168
59,59,2,fam,0.32085815581275595,1.1367561357140845,293.33333333333337,1.137334851478168
60,60,0,fam,0.3291195394039452,1.11133425255603,293.33333333333337,1.137334851478168
61,61,1,fam,0.32520318234998247,1.1233051155323082,293.33333333333337,1.137334851478168
62,62,2,fam,0.32141673180897284,1.1350167678894711,293.33333333333337,1.137334851478168
63,63,0,fam,0.32914956077540886,1.1112430394898956,293.33333333333337,1.137334851478168
64,64,1,fam,0.32547765414525365,1.122461470549527,293.33333333333337,1.137334851478168
65,65,2,fam,0.32192228591829725,1.1334451106466856,293.33333333333337,1.137334851478168
66,66,3,recov,0.00020560779529538514,8.489540110241192,293.33333333333337,1.137334851478168
67,67,4,recov,0.0002034528993553356,8.500076032670291,293.33333333333337,1.137334851478168
68,68,5,recov,0.00020136358943921283,8.51039838131669,293.33333333333337,1.137334851478168
69,69,3,recov,0.019736358053317273,3.925292757777508,293.33333333333337,1.137334851478168
70,70,4,recov,0.019541652797482816,3.9352070506077492,293.33333333333337,1.137334851478168
71,71,5,recov,0.019352642214485075,3.9449263202760507,293.33333333333337,1.137334851478168
72,72,3,recov,0.037580980029904475,3.281257206840196,293.33333333333337,1.137334851478168
73,73,4,recov,0.03723138470379573,3.290603198563384,293.33333333333337,1.137334851478168
74,74,5,recov,0.03689163381606198,3.299770479493826,293.33333333333337,1.137334851478168
75,75,3,recov,0.05394165919805033,2.9198522016759605,293.33333333333337,1.137334851478168
76,76,4,recov,0.053467736249306,2.928676867755093,293.33333333333337,1.137334851478168
77,77,5,recov,0.05300668492187442,2.9373372427824065,293.33333333333337,1.137334851478168
78,78,3,recov,0.06898954391314596,2.6738003233584817,293.33333333333337,1.137334851478168
79,79,4,recov,0.06841622633735624,2.6821452553332135,293.33333333333337,1.137334851478168
80,80,5,recov,0.06785795166846406,2.6903387047491103,293.33333333333337,1.137334851478168
81,81,3,recov,0.08287048231702676,2.4904763439736874,293.33333333333337,1.137334851478168
82,82,4,recov,0.08221820408764492,2.498378540518598,293.33333333333337,1.137334851478168
83,83,5,recov,0.0815824851596761,2.5061406827021346,293.33333333333337,1.137334851478168
84,84,3,recov,0.09570953207996519,2.346437381721962,293.33333333333337,1.137334851478168
85,85,4,recov,0.09499510647273679,2.3539298995216207,293.33333333333337,1.137334851478168
86,86,5,recov,0.09429825428619097,2.3612926018556397,293.33333333333337,1.137334851478168
87,87,3,recov,0.10761453868540224,2.2291995224879804,293.33333333333337,1.137334851478168
88,88,4,recov,0.10685184654390699,2.236312015720008,293.33333333333337,1.137334851478168
89,89,5,recov,0.10610735629831167,2.243303902134075,293.33333333333337,1.137334851478168
90,90,3,recov,0.11867899923805424,2.1313329160347876,293.33333333333337,1.137334851478168
91,91,4,recov,0.11787953255144124,2.138092086581642,293.33333333333337,1.137334851478168
92,92,5,recov,0.11709860023625868,2.1447389620258392,293.33333333333337,1.137334851478168
93,93,3,recov,0.1289843728706819,2.048064022495922,293.33333333333337,1.137334851478168
94,94,4,recov,0.1281576672037941,2.054493998045337,293.33333333333337,1.137334851478168
95,95,5,recov,0.1273496016323438,2.060819205693925,293.33333333333337,1.137334851478168
96,96,3,recov,0.13860195861845098,1.9761490608799268,293.33333333333337,1.137334851478168
97,97,4,recov,0.13775593944024792,1.9822717143450872,293.33333333333337,1.137334851478168
98,98,5,recov,0.13692849305350696,1.9882964379311026,293.33333333333337,1.137334851478168
99,99,3,recov,0.14759443237233083,1.913287088581891,293.33333333333337,1.137334851478168
100,100,4,recov,0.14673569416196344,1.9191223094417678,293.33333333333337,1.137334851478168
101,101,5,recov,0.1458953302413812,1.9248658305360007,293.33333333333337,1.137334851478168
102,102,3,recov,0.15601711299881674,1.8577895790386998,293.33333333333337,1.137334851478168
103,103,4,recov,0.15515114548561343,1.8633555050301593,293.33333333333337,1.137334851478168
104,104,5,recov,0.15430325522790944,1.8688354230895445,293.33333333333337,1.137334851478168
105,105,3,recov,0.16391901171603288,1.8083828041324246,293.33333333333337,1.137334851478168
106,106,4,recov,0.1630503842599243,1.8136960200496515,293.33333333333337,1.137334851478168
107,107,5,recov,0.16219946405666624,1.818928441519192,293.33333333333337,1.137334851478168
108,108,3,recov,0.1713437068128376,1.7640837584276732,293.33333333333337,1.137334851478168
109,109,4,recov,0.17047621942853594,1.7691594674786344,293.33333333333337,1.137334851478168
110,110,5,recov,0.16962601636207525,1.7741591690273673,293.33333333333337,1.137334851478168
111,111,3,recov,0.17833007670995285,1.724119082360499,293.33333333333337,1.137334851478168
112,112,4,recov,0.17746688435171185,1.7289712545050697,293.33333333333337,1.137334851478168
113,113,5,recov,0.17662051615717342,1.7337518245294143,293.33333333333337,1.137334851478168
114,114,3,recov,0.18491291742405458,1.687870281352394,293.33333333333337,1.137334851478168
115,115,4,recov,0.18405663271479,1.6925117822362734,293.33333333333337,1.137334851478168
116,116,5,recov,0.1832166871158213,1.697085744013511,293.33333333333337,1.137334851478168
117,117,3,recov,0.19112346515673387,1.6548356453381639,293.33333333333337,1.137334851478168
118,118,4,recov,0.1902762436485275,1.6592783487915606,293.33333333333337,1.137334851478168
119,119,5,recov,0.18944486094482238,1.6636572680674366,293.33333333333337,1.137334851478168
120,120,3,recov,0.19698984059100005,1.6246031221780186,293.33333333333337,1.137334851478168
121,121,4,recov,0.1961534517986899,1.6288580087312743,293.33333333333337,1.137334851478168
122,122,5,recov,0.19533239378775616,1.6330525880450948,293.33333333333337,1.137334851478168
123,123,3,recov,0.20253742824627377,1.5968305786688632,293.33333333333337,1.137334851478168
124,124,4,recov,0.20171331503995704,1.6009078221207,293.33333333333337,1.137334851478168
125,125,5,recov,0.20090402273692184,1.6049279837832116,293.33333333333337,1.137334851478168
126,126,3,recov,0.20778920170278511,1.5712311665238945,293.33333333333337,1.137334851478168
127,127,4,recov,0.20697853013296263,1.5751402102604042,293.33333333333337,1.137334851478168
128,128,5,recov,0.2061821722681008,1.5789951695846445,293.33333333333337,1.137334851478168
129,129,3,recov,0.21276600349728214,1.5475622922788104,293.33333333333337,1.137334851478168
130,130,4,recov,0.21196970472414112,1.5513119167662406,293.33333333333337,1.137334851478168
131,131,5,recov,0.21118721861677367,1.5550102468943168,293.33333333333337,1.137334851478168
132,132,3,recov,0.21748678689341283,1.5256171802140923,293.33333333333337,1.137334851478168
133,133,4,recov,0.21670559257402436,1.5292155628631772,293.33333333333337,1.137334851478168
134,134,5,recov,0.21593771867985295,1.5327652523209077,293.33333333333337,1.137334851478168
135,135,3,recov,0.22196882545095983,1.5052183328670743,293.33333333333337,1.137334851478168
136,136,4,recov,0.22120329768584465,1.5086731012812282,293.33333333333337,1.137334851478168
137,137,5,recov,0.22045060887483034,1.5120816052186101,293.33333333333337,1.137334851478168
138,138,3,recov,0.22622789528892503,1.4862124015555365,293.33333333333337,1.137334851478168
139,139,4,recov,0.22547845202803907,1.4895306810218873,293.33333333333337,1.137334851478168
140,140,5,recov,0.2247413784580473,1.4928049669533023,293.33333333333337,1.137334851478168
141,141,3,recov,0.23027843410515,1.4684661191579138,293.33333333333337,1.137334851478168
142,142,4,recov,0.22954537075179426,1.4716545751128023,293.33333333333337,1.137334851478168
143,143,5,recov,0.22882422104905098,1.474801163851029,293.33333333333337,1.137334851478168
144,144,3,recov,0.2341336803387431,1.4518630432458293,293.33333333333337,1.137334851478168
145,145,4,recov,0.23341718815972995,1.454927919340172,293.33333333333337,1.137334851478168
146,146,5,recov,0.23271216749268547,1.457952921718207,293.33333333333337,1.137334851478168
147,147,3,recov,0.23780579530928278,1.4363009245039813,293.33333333333337,1.137334851478168
148,148,4,recov,0.23710597715433201,1.4392480768049445,293.33333333333337,1.137334851478168
149,149,5,recov,0.23641720268664532,1.4421572266957055,293.33333333333337,1.137334851478168
150,150,3,recov,0.24130597071378096,1.4216895627128887,293.33333333333337,1.137334851478168
151,151,4,recov,0.24062285446148682,1.424524490503532,293.33333333333337,1.137334851478168
152,152,5,recov,0.23995036858771845,1.4273231745768808,293.33333333333337,1.137334851478168
153,153,3,recov,0.2446445234892627,1.4079490465812956,293.33333333333337,1.137334851478168
154,154,4,recov,0.2439780735670952,1.410676920156743,293.33333333333337,1.137334851478168
155,155,5,recov,0.2433218552675806,1.413370204753586,293.33333333333337,1.137334851478168
156,156,3,recov,0.24783097974021445,1.3950082984721404,293.33333333333337,1.137334851478168
157,157,4,recov,0.24718110700877333,1.3976339842774033,293.33333333333337,1.137334851478168
158,158,5,recov,0.24654108160508786,1.400226639730041,293.33333333333337,1.137334851478168
159,159,3,recov,0.2508741491738975,1.3828038633057753,293.33333333333337,1.137334851478168
160,160,4,recov,0.2502407194185732,1.3853319467149485,293.33333333333337,1.137334851478168
161,161,5,recov,0.24961676696566754,1.3878284693998075,293.33333333333337,1.137334851478168
162,162,3,recov,0.25378219127294227,1.3712788945130847,293.33333333333337,1.137334851478168
163,163,4,recov,0.2531650325073059,1.3737137005109366,293.33333333333337,1.137334851478168
164,164,5,recov,0.25255699502093637,1.3761183328830997,293.33333333333337,1.137334851478168
165,165,3,recov,0.25656267425597595,1.3603823001405861,293.33333333333337,1.137334851478168
166,166,4,recov,0.2559615830090723,1.3627279121344704,293.33333333333337,1.137334851478168
167,167,5,recov,0.25536927069610293,1.3650446609619862,293.33333333333337,1.137334851478168
168,168,3,recov,0.259222627727057,1.3500680199845996,293.33333333333337,1.137334851478168
169,169,4,recov,0.2586373744600744,1.352328296946231,293.33333333333337,1.137334851478168
170,170,5,recov,0.25806057109340946,1.3545609499351963,293.33333333333337,1.137334851478168
171,171,3,recov,0.2617685897883762,1.3402944105943435,293.33333333333337,1.137334851478168
172,172,4,recov,0.2611989235639237,1.3424730027065623,293.33333333333337,1.137334851478168
173,173,5,recov,0.2606373911222923,1.3446251436847425,293.33333333333337,1.137334851478168
174,174,3,recov,0.2642066492839502,1.331023719595357,293.33333333333337,1.137334851478168
175,175,4,recov,0.26365230179258586,1.333124082557951,293.33333333333337,1.137334851478168
176,176,5,recov,0.2631057844673844,1.3351991053646348,293.33333333333337,1.137334851478168
177,177,3,recov,0.2665424837515696,1.322221634379302,293.33333333333337,1.137334851478168
178,178,4,recov,0.26600317278464863,1.3242470425097361,293.33333333333337,1.137334851478168
179,179,5,recov,0.2654714004409304,1.3262481637221661,293.33333333333337,1.137334851478168
180,180,3,recov,0.2687813935833561,1.3138568930289924,293.33333333333337,1.137334851478168
181,181,4,recov,0.26825682602818074,1.315810451278103,293.33333333333337,1.137334851478168
182,182,5,recov,0.2677395171941685,1.3177407218897428,293.33333333333337,1.137334851478168
183,183,3,recov,0.2709283328297147,1.3059009475795922,293.33333333333337,1.137334851478168
184,184,4,recov,0.2704182072519423,1.3077856025685735,293.33333333333337,1.137334851478168
185,185,5,recov,0.26991507170071355,1.3096479187213725,293.33333333333337,1.137334851478168
186,186,3,recov,0.2729879370254084,1.298327671493555,293.33333333333337,1.137334851478168
187,187,4,recov,0.2724919458943635,1.3001462216665955,293.33333333333337,1.137334851478168
188,188,5,recov,0.27200268687229345,1.3019433345279676,293.33333333333337,1.137334851478168
189,189,3,recov,0.27496454836842726,1.2911131046497226,293.33333333333337,1.137334851478168
190,190,4,recov,0.27448237997307634,1.2928682096262074,293.33333333333337,1.137334851478168
191,191,5,recov,0.27400669612193707,1.2946027344914495,293.33333333333337,1.137334851478168
192,192,3,recov,0.2768622385410172,1.2842352302932067,293.33333333333337,1.137334851478168
193,193,4,recov,0.2763935786376791,1.285929419494241,293.33333333333337,1.137334851478168
194,194,5,recov,0.2759311656507645,1.2876038441863638,293.33333333333337,1.137334851478168
195,195,3,recov,0.2786848294266484,1.277673779321142,293.33333333333337,1.137334851478168
196,196,4,recov,0.2782293626538179,1.279309459937135,293.33333333333337,1.137334851478168
197,197,5,recov,0.27777991470090785,1.2809261525683864,293.33333333333337,1.137334851478168
198,198,3,recov,0.2804359119459597,1.2714100580354575,293.33333333333337,1.137334851478168
199,199,4,recov,0.2799933230367747,1.272989522394448,293.33333333333337,1.137334851478168
200,200,5,recov,0.27955653398800784,1.2745507385470474,293.33333333333337,1.137334851478168
201,201,3,recov,0.2821188632081032,1.2654267961125512,293.33333333333337,1.137334851478168
202,202,4,recov,0.2816888380268421,1.2669522285027304,293.33333333333337,1.137334851478168
203,203,5,recov,0.2812644025015118,1.2684601178803736,293.33333333333337,1.137334851478168
204,204,3,recov,0.2837368621508216,1.2597080120484954,293.33333333333337,1.137334851478168
205,205,4,recov,0.28331908857627075,1.2611814950429077,293.33333333333337,1.137334851478168
206,206,5,recov,0.28290670283908653,1.2626381076393327,293.33333333333337,1.137334851478168
207,207,3,recov,0.2852929038225016,1.254238893758653,293.33333333333337,1.137334851478168
208,208,4,recov,0.28488707249799355,1.2556624140851953,293.33333333333337,1.137334851478168
209,209,5,recov,0.284486435222368,1.257069705911436,293.33333333333337,1.137334851478168
210,210,3,recov,0.2867898124419487,1.2490056923591617,293.33333333333337,1.137334851478168
211,211,4,recov,0.28639561740925973,1.2503811463546988,293.33333333333337,1.137334851478168
212,212,5,recov,0.28600643032461687,1.2517409847625314,293.33333333333337,1.137334851478168
213,213,3,recov,0.2882302533563396,1.2439956274481148,293.33333333333337,1.137334851478168
214,214,4,recov,0.28784739258838565,1.2453248261317227,293.33333333333337,1.137334851478168
215,215,5,recov,0.2874693610262796,1.2466389947671297,293.33333333333337,1.137334851478168
216,216,3,recov,0.28961674400443144,1.2391968024470943,293.33333333333337,1.137334851478168
217,217,4,recov,0.2892449198497657,1.2404814762440353,293.33333333333337,1.137334851478168
218,218,5,recov,0.288877753201692,1.2417516796612502,293.33333333333337,1.137334851478168
219,219,3,recov,0.29095166398037997,1.2345981287675085,293.33333333333337,1.137334851478168
220,220,4,recov,0.29059058353082057,1.2358399319125277,293.33333333333337,1.137334851478168
221,221,5,recov,0.29023399562895547,1.2370677998763184,293.33333333333337,1.137334851478168
222,222,3,recov,0.29223726428321445,1.2301892577378915,293.33333333333337,1.137334851478168
223,223,4,recov,0.29188663967448375,1.2313897723837264,293.33333333333337,1.137334851478168
224,224,5,recov,0.29154034910516136,1.2325768638849692,293.33333333333337,1.137334851478168
225,225,3,recov,0.2934756758279492,1.2259605193734553,293.33333333333337,1.137334851478168
226,226,4,recov,0.29313522448195234,1.2271212594280356,293.33333333333337,1.137334851478168
227,227,5,recov,0.2927989548404542,1.2282690664353193,293.33333333333337,1.137334851478168
228,228,3,recov,0.29466891728631806,1.2219028671922758,293.33333333333337,1.137334851478168
229,229,4,recov,0.29433836210260134,1.2230252819059373,293.33333333333337,1.137334851478168
230,230,5,recov,0.2940118421967586,1.2241352328738444,293.33333333333337,1.137334851478168
231,231,3,recov,0.29581890231805685,1.2180078283872118,293.33333333333337,1.137334851478168
232,232,4,recov,0.29549797182104137,1.2190933057093138,293.33333333333337,1.137334851478168
233,233,5,recov,0.2951809358302168,1.220166768862177,293.33333333333337,1.137334851478168
234,234,3,recov,0.2969274462474117,1.214267458752043,293.33333333333337,1.137334851478168
235,235,4,recov,0.2966158746951764,1.2153173284746406,293.33333333333337,1.137334851478168
236,236,5,recov,0.29630806229038303,1.2163556148828807,293.33333333333337,1.137334851478168
237,237,3,recov,0.29799627223401853,1.2106743018367914,293.33333333333337,1.137334851478168
238,238,4,recov,0.2976937996936904,1.211689838541456,293.33333333333337,1.137334851478168
239,239,5,recov,0.2973949561238923,1.212694205006116,293.33333333333337,1.137334851478168
240,240,3,recov,0.2990270169823813,1.2072213518728643,293.33333333333337,1.137334851478168
241,241,4,recov,0.29873338937656724,1.208203777695341,293.33333333333337,1.137334851478168
242,242,5,recov,0.2984432655255927,1.2091754294550627,293.33333333333337,1.137334851478168
243,243,3,recov,0.30002123602981456,1.2039020200651522,293.33333333333337,1.137334851478168
244,244,4,recov,0.2997362051579631,1.2048525072912737,293.33333333333337,1.137334851478168
245,245,5,recov,0.29945455757591966,1.2057926005647455,293.33333333333337,1.137334851478168
246,246,3,recov,0.3009804086488231,1.2007101038969858,293.33333333333337,1.137334851478168
247,247,4,recov,0.3007037321869304,1.2016297774021223,293.33333333333337,1.137334851478168
248,248,5,recov,0.30043032309953677,1.2025394217779217,293.33333333333337,1.137334851478168
249,249,3,recov,0.3019059423964277,1.1976397591360368,293.33333333333337,1.137334851478168
250,250,4,recov,0.3016373838780822,1.1985296986793268,293.33333333333337,1.137334851478168
251,251,5,recov,0.3013719811769218,1.1994099593640797,293.33333333333337,1.137334851478168
252,252,3,recov,0.3027991773398495,1.1946854742658315,293.33333333333337,1.137334851478168
253,253,4,recov,0.3025385061212469,1.195546716649503,293.33333333333337,1.137334851478168
254,254,5,recov,0.3022808833375822,1.1963986165843767,293.33333333333337,1.137334851478168
255,255,3,recov,0.3036613899851953,1.191842047099346,293.33333333333337,1.137334851478168
256,256,4,recov,0.3034083811964352,1.1926755882025923,293.33333333333337,1.137334851478168
257,257,5,recov,0.30315831746090405,1.193500110057325,293.33333333333337,1.137334851478168
258,258,3,recov,0.3044937969333114,1.1891045633588577,293.33333333333337,1.137334851478168
259,259,4,recov,0.3042482314180051,1.1899113600549613,293.33333333333337,1.137334851478168
260,260,5,recov,0.3040055114082426,1.1907094481078782,293.33333333333337,1.137334851478168
261,261,3,recov,0.30529755828474864,1.1864683770304156,293.33333333333337,1.137334851478168
262,262,4,recov,0.30505922252972156,1.1872493489951175,293.33333333333337,1.137334851478168
263,263,5,recov,0.30482363640770316,1.1880219109069126,293.33333333333337,1.137334851478168
264,264,3,recov,0.3060737808137871,1.1839290923224637,293.33333333333337,1.137334851478168
265,265,4,recov,0.3058424668704427,1.1846851237409388,293.33333333333337,1.137334851478168
266,266,5,recov,0.3056138102111282,1.1854330322293902,293.33333333333337,1.137334851478168
267,267,3,recov,0.3068235209296756,1.1814825470767103,293.33333333333337,1.137334851478168
268,268,4,recov,0.30659902632839636,1.1822144882559356,293.33333333333337,1.137334851478168
269,269,5,recov,0.3063771000410656,1.18293858267815,293.33333333333337,1.137334851478168
270,270,3,recov,0.30754778744162764,1.1791247974956385,293.33333333333337,1.137334851478168
271,271,4,recov,0.3073299151004207,1.17983346638841,293.33333333333337,1.137334851478168
272,272,5,recov,0.3071145253439219,1.1805345542366958,293.33333333333337,1.137334851478168
273,273,3,recov,0.3082475441426591,1.1768521040654174,293.33333333333337,1.137334851478168
274,274,4,recov,0.30803610227110695,1.1775382877117917,293.33333333333337,1.137334851478168
275,275,5,recov,0.3078270603640922,1.1782171460287865,293.33333333333337,1.137334851478168
276,276,3,recov,0.3089237122260431,1.1746609185656176,293.33333333333337,1.137334851478168
277,277,4,recov,0.30871851422548824,1.1753253744571242,293.33333333333337,1.137334851478168
278,278,5,recov,0.3085156365525791,1.1759827511753742,293.33333333333337,1.137334851478168
279,279,3,recov,0.3095771725469705,1.1725478720683373,293.33333333333337,1.137334851478168
280,280,4,recov,0.309378036907749,1.17319132943989,293.33333333333337,1.137334851478168
281,281,5,recov,0.30918114482246095,1.1738279446506998,293.33333333333337,1.137334851478168
282,282,3,recov,0.310208767740933,1.1705097638392277,293.33333333333337,1.137334851478168
283,283,4,recov,0.31001551793736937,1.1711329248933162,293.33333333333337,1.137334851478168
284,284,5,recov,0.309824437662521,1.17174947204932,293.33333333333337,1.137334851478168
285,285,3,recov,0.3108193042093764,1.168543551061695,293.33333333333337,1.137334851478168
286,286,4,recov,0.3106317685931637,1.1691470921290865,293.33333333333337,1.137334851478168
287,287,5,recov,0.3104463311194071,1.169744239184675,293.33333333333337,1.137334851478168
288,288,3,recov,0.3114095539822906,1.1666463393133504,293.33333333333337,1.137334851478168
289,289,4,recov,0.31122756567479964,1.1672309119542288,293.33333333333337,1.137334851478168
290,290,5,recov,0.311047606657829,1.1678093024476595,293.33333333333337,1.137334851478168
291,291,3,recov,0.3119802564666067,1.1648153737307012,293.33333333333337,1.137334851478168
292,292,4,recov,0.3118036532505989,1.165381605779894,293.33333333333337,1.137334851478168
293,293,5,recov,0.3116290129075237,1.165941859860642,293.33333333333337,1.137334851478168
294,294,3,recov,0.31253212008854625,1.1630480308042754,293.33333333333337,1.137334851478168
295,295,4,recov,0.31236074429970234,1.163596527363948,293.33333333333337,1.137334851478168
296,296,5,recov,0.31219126730500973,1.1641392427686008,293.33333333333337,1.137334851478168
297,297,3,recov,0.31306582383740894,1.1613418107518585,293.33333333333337,1.137334851478168
298,298,4,recov,0.3128995222560323,1.1618731551348251,293.33333333333337,1.137334851478168
299,299,5,recov,0.31273505763750725,1.1623989081145962,293.33333333333337,1.137334851478168
300,300,3,recov,0.31358201871768676,1.1596943304224683,293.33333333333337,1.137334851478168
301,301,4,recov,0.31342064246089,1.1602090850490492,293.33333333333337,1.137334851478168
302,302,5,recov,0.3132610434958145,1.1607184312517624,293.33333333333337,1.137334851478168
303,303,3,recov,0.3140813291158449,1.15810331668809,293.33333333333337,1.137334851478168
304,304,4,recov,0.3139247335304876,1.1586020239392365,293.33333333333337,1.137334851478168
305,305,5,recov,0.31376985764239623,1.1590954992484468,293.33333333333337,1.137334851478168
306,306,3,recov,0.31456435408761346,1.1565666002841457,293.33333333333337,1.137334851478168
307,307,4,recov,0.31441239864422044,1.1570497833133735,293.33333333333337,1.137334851478168
308,308,5,recov,0.3142621073004506,1.1575279046471059,293.33333333333337,1.137334851478168
309,309,3,recov,0.3150316685711794,1.1550821100632218,293.33333333333337,1.137334851478168
310,310,4,recov,0.31488421675903494,1.1555502735697203,293.33333333333337,1.137334851478168
311,311,5,recov,0.31473837536927884,1.1560135396411344,293.33333333333337,1.137334851478168
312,312,3,recov,0.3154838245312527,1.153647867629757,293.33333333333337,1.137334851478168
313,313,4,recov,0.31534074375483817,1.154101498594882,293.33333333333337,1.137334851478168
314,314,5,recov,0.3151992215708705,1.1545503906370258,293.33333333333337,1.137334851478168
315,315,3,recov,0.31592135203860205,1.152261982326265,293.33333333333337,1.137334851478168
316,316,4,recov,0.315782513515517,1.1527015507154779,293.33333333333337,1.137334851478168
317,317,5,recov,0.31564518353224874,1.1531365331721413,293.33333333333337,1.137334851478168
318,318,3,recov,0.3163447602893082,1.1509226465442461,293.33333333333337,1.137334851478168
319,319,4,recov,0.3162100389497924,1.1513486059764246,293.33333333333337,1.137334851478168
320,320,5,recov,0.3160767778077757,1.151770127160982,293.33333333333337,1.137334851478168
321,321,3,recov,0.3167545385676634,1.1496281313352747,293.33333333333337,1.137334851478168
322,322,4,recov,0.31662381295581826,1.150040919721196,293.33333333333337,1.137334851478168
323,323,5,recov,0.3164945008453078,1.1504494124451934,293.33333333333337,1.137334851478168
324,324,3,recov,0.31715115715635844,1.1483767822998425,293.33333333333337,1.137334851478168
325,325,4,recov,0.3170243093331461,1.1487768224515253,293.33333333333337,1.137334851478168
326,326,5,recov,0.31689882989980384,1.1491727046246636,293.33333333333337,1.137334851478168
327,327,3,recov,0.31753506819732574,1.1471670157334557,293.33333333333337,1.137334851478168
328,328,4,recov,0.31741198364541034,1.1475547159459378,293.33333333333337,1.137334851478168
329,329,5,recov,0.3172902238977242,1.1479383911489944,293.33333333333337,1.137334851478168
330,330,3,recov,0.31790670650636565,1.1459973150111948,293.33333333333337,1.137334851478168
331,331,4,recov,0.31778727403684676,1.1463730696182215,293.33333333333337,1.137334851478168
332,332,5,recov,0.3176691242553197,1.1467449276503574,293.33333333333337,1.137334851478168
333,333,3,recov,0.3182664903444569,1.1448662271935062,293.33333333333337,1.137334851478168
334,334,4,recov,0.3181506020055321,1.145230417098519,293.33333333333337,1.137334851478168
335,335,5,recov,0.31803595565368586,1.1455908345003236,293.33333333333337,1.137334851478168
336,336,3,recov,0.31861482214844244,1.1437723598374205,293.33333333333337,1.137334851478168
337,337,4,recov,0.3185023731360271,1.1441253530211402,293.33333333333337,1.137334851478168
338,338,5,recov,0.3183911267732535,1.144474693574689,293.33333333333337,1.137334851478168
339,339,3,recov,0.3189520892235948,1.1427143779986646,293.33333333333337,1.137334851478168
340,340,4,recov,0.31884297779391607,1.1430565300044913,293.33333333333337,1.137334851478168
341,341,5,recov,0.3187350309901982,1.1433951452116098,293.33333333333337,1.137334851478168
342,342,3,recov,0.3192786644003858,1.1416910014113144,293.33333333333337,1.137334851478168
343,343,4,recov,0.3191727917845603,1.1420226558096882,293.33333333333337,1.137334851478168
344,344,5,recov,0.31906804703707997,1.1423508853495408,293.33333333333337,1.137334851478168
345,345,3,recov,0.31959490665762613,1.1407010018326946,293.33333333333337,1.137334851478168
346,346,4,recov,0.3194921769782241,1.1410224906654916,293.33333333333337,1.137334851478168
347,347,5,recov,0.3193905396298616,1.1413406628325506,293.33333333333337,1.137334851478168
348,348,3,recov,0.3199011617139896,1.1397432005422001,293.33333333333337,1.137334851478168
349,349,4,recov,0.3198014819035805,1.1400548447481773,293.33333333333337,1.137334851478168
350,350,5,recov,0.31970286006330795,1.1403632768715655,293.33333333333337,1.137334851478168
351,351,3,recov,0.32019776258979854,1.138816465983603,293.33333333333337,1.137334851478168
352,352,4,recov,0.3201010423114704,1.1391185758058404,293.33333333333337,1.137334851478168
353,353,5,recov,0.3200053467766333,1.1394175746509743,293.33333333333337,1.137334851478168
354,354,3,recov,0.3204850301408214,1.1379197115412072,293.33333333333337,1.137334851478168
355,355,4,recov,0.3203911817106578,1.1382125869174466,293.33333333333337,1.137334851478168
356,356,5,recov,0.32029832589113594,1.138502449070862,293.33333333333337,1.137334851478168
357,357,3,recov,0.3207632735657138,1.13705189344096,293.33333333333337,1.137334851478168
358,358,4,recov,0.3206722118772123,1.137335824377679,293.33333333333337,1.137334851478168
359,359,5,recov,0.32058211172144474,1.137616836615865,293.33333333333337,1.137334851478168
360,360,0,fam_r,0.008653447982676907,4.749797426748401,293.33333333333337,1.137334851478168
361,361,1,fam_r,0.008651066302421913,4.750072693679422,293.33333333333337,1.137334851478168
362,362,2,fam_r,0.008648709730033188,4.750345133322441,293.33333333333337,1.137334851478168
363,363,0,fam_r,0.01844014367285267,3.9932252695145913,293.33333333333337,1.137334851478168
364,364,1,fam_r,0.018435223132157636,3.9934921436449695,293.33333333333337,1.137334851478168
365,365,2,fam_r,0.018430354382907622,3.993756278895602,293.33333333333337,1.137334851478168
366,366,0,fam_r,0.0279208904756564,3.578380107769328,293.33333333333337,1.137334851478168
367,367,1,fam_r,0.027913667057484107,3.578638851405231,293.33333333333337,1.137334851478168
368,368,2,fam_r,0.02790651955421795,3.5788949416743283,293.33333333333337,1.137334851478168
369,369,0,fam_r,0.037105703382279455,3.293984591203412,293.33333333333337,1.137334851478168
370,370,1,fam_r,0.03709639595830036,3.294235458068652,293.33333333333337,1.137334851478168
371,371,2,fam_r,0.03708718620687654,3.294483754287366,293.33333333333337,1.137334851478168
372,372,0,fam_r,0.04600424257074887,3.07902165694706,293.33333333333337,1.137334851478168
373,373,1,fam_r,0.04599305406474802,3.0792648924869117,293.33333333333337,1.137334851478168
374,374,2,fam_r,0.045981982803378195,3.079505637406409,293.33333333333337,1.137334851478168
0,0,0,fam,0.06666666666666667,2.70805020110221,366.6666666666667,1.1229178227543521
1,1,1,fam,0.008695652173913044,4.74493212836325,366.6666666666667,1.1229178227543521
2,2,2,fam,0.004672897196261682,5.365976015021851,366.6666666666667,1.1229178227543521
3,3,0,fam,0.31732957277010354,1.1478143834434789,366.6666666666667,1.1229178227543521
4,4,1,fam,0.24205462596680669,1.4185918511624225,366.6666666666667,1.1229178227543521
5,5,2,fam,0.19602078363565834,1.629534586415912,366.6666666666667,1.1229178227543521
6,6,0,fam,0.3234080109376914,1.128840561157394,366.6666666666667,1.1229178227543521
7,7,1,fam,0.2795563873928317,1.2745512629319098,366.6666666666667,1.1229178227543521
8,8,2,fam,0.24647102005380944,1.4005108581154084,366.6666666666667,1.1229178227543521
9,9,0,fam,0.325499562405192,1.122394161711707,366.6666666666667,1.1229178227543521
10,10,1,fam,0.29488220064293463,1.2211793222461802,366.6666666666667,1.1229178227543521
11,11,2,fam,0.26976145920839434,1.3102171948994896,366.6666666666667,1.1229178227543521
12,12,0,fam,0.32655768660715206,1.1191486640737203,366.6666666666667,1.1229178227543521
13,13,1,fam,0.3032105191959556,1.193327931897681,366.6666666666667,1.1229178227543521
14,14,2,fam,0.28316794196817624,1.2617151228350072,366.6666666666667,1.1229178227543521
15,15,0,fam,0.32719633596022624,1.1171948724818128,366.6666666666667,1.1229178227543521
16,16,1,fam,0.3084410865611686,1.1762244212600994,366.6666666666667,1.1229178227543521
17,17,2,fam,0.29187765004384714,1.2314205712208448,366.6666666666667,1.1229178227543521
18,18,0,fam,0.32762352468369976,1.1158901204125748,366.6666666666667,1.1229178227543521
19,19,1,fam,0.31202983313205485,1.164656476730865,366.6666666666667,1.1229178227543521
20,20,2,fam,0.29798849330904914,1.210700406279118,366.6666666666667,1.1229178227543521
21,21,0,fam,0.3279292399790647,1.1149574256425834,366.6666666666667,1.1229178227543521
22,22,1,fam,0.31464389312167057,1.1563137776778512,366.6666666666667,1.1229178227543521
23,23,2,fam,0.30251087244286495,1.1956380601972536,366.6666666666667,1.1229178227543521
24,24,0,fam,0.3281587533565889,1.1142577835542729,366.6666666666667,1.1229178227543521
25,25,1,fam,0.31663207568480783,1.1500148237017565,366.6666666666667,1.1229178227543521
26,26,2,fam,0.30599150976183004,1.1841979232910527,366.6666666666667,1.1229178227543521
27,27,0,fam,0.3283373262223044,1.1137137654689426,366.6666666666667,1.1229178227543521
28,28,1,fam,0.3181944927059622,1.1450924708776258,366.6666666666667,1.1229178227543521
29,29,2,fam,0.30875205578202225,1.1752167326588063,366.6666666666667,1.1229178227543521
30,30,0,fam,0.3284801654385635,1.1132788220628231,366.6666666666667,1.1229178227543521
31,31,1,fam,0.3194541646036493,1.1411414752253703,366.6666666666667,1.1229178227543521
32,32,2,fam,0.3109941022062884,1.1679813309496394,366.6666666666667,1.1229178227543521
33,33,0,fam,0.32859697300959007,1.1129232851998823,366.6666666666667,1.1229178227543521
34,34,1,fam,0.32049088273619575,1.1379014500269853,366.6666666666667,1.1229178227543521
35,35,2,fam,0.31285041738098834,1.1620301024137116,366.6666666666667,1.1229178227543521
36,36,0,fam,0.328694230309331,1.1126273515255547,366.6666666666667,1.1229178227543521
37,37,1,fam,0.3213586643385801,1.1351974452175042,366.6666666666667,1.1229178227543521
38,38,2,fam,0.3144120072023358,1.1570510283092132,366.6666666666667,1.1229178227543521
39,39,0,fam,0.3287764320664357,1.1123772969992096,366.6666666666667,1.1229178227543521
40,40,1,fam,0.3220953819144823,1.1329075601756382,366.6666666666667,1.1229178227543521
41,41,2,fam,0.3157433386827048,1.1528256147826133,366.6666666666667,1.1229178227543521
42,42,0,fam,0.32884679336975564,1.11216331032457,366.6666666666667,1.1229178227543521
43,43,1,fam,0.3227283756519719,1.1309442518037336,366.6666666666667,1.1229178227543521
44,44,2,fam,0.31689135673183916,1.1491962870912988,366.6666666666667,1.1229178227543521
45,45,0,fam,0.32890767480578303,1.11197819128959,366.6666666666667,1.1229178227543521
46,46,1,fam,0.3232778767735904,1.1292430259964463,366.6666666666667,1.1229178227543521
47,47,2,fam,0.3178910586253551,1.1460465378360358,366.6666666666667,1.1229178227543521
48,48,0,fam,0.3289608486633447,1.1118165363212171,366.6666666666667,1.1229178227543521
49,49,1,fam,0.3237591771450404,1.1277553199761938,366.6666666666667,1.1229178227543521
50,50,2,fam,0.3187690676323447,1.143288364275605,366.6666666666667,1.1229178227543521
51,51,0,fam,0.3290076714576318,1.1116742109882132,366.6666666666667,1.1229178227543521
52,52,1,fam,0.3241840500131455,1.1264438688761844,366.6666666666667,1.1229178227543521
53,53,2,fam,0.3195459963635368,1.1408540519471642,366.6666666666667,1.1229178227543521
54,54,0,fam,0.32904919910459657,1.1115479980456011,366.6666666666667,1.1229178227543521
55,55,1,fam,0.32456170703231135,1.1252796005700734,366.6666666666667,1.1229178227543521
56,56,2,fam,0.3202380524893328,1.1386906457260884,366.6666666666667,1.1229178227543521
57,57,0,fam,0.3290862658193897,1.111435356448824,366.6666666666667,1.1229178227543521
58,58,1,fam,0.32489945904442524,1.124239501299465,366.6666666666667,1.1229178227543521
59,59,2,fam,0.32085815581275595,1.1367561357140845,366.6666666666667,1.1229178227543521
60,60,0,fam,0.3291195394039452,1.11133425255603,366.6666666666667,1.1229178227543521
61,61,1,fam,0.32520318234998247,1.1233051155323082,366.6666666666667,1.1229178227543521
62,62,2,fam,0.32141673180897284,1.1350167678894711,366.6666666666667,1.1229178227543521
63,63,0,fam,0.32914956077540886,1.1112430394898956,366.6666666666667,1.1229178227543521
64,64,1,fam,0.32547765414525365,1.122461470549527,366.6666666666667,1.1229178227543521
65,65,2,fam,0.32192228591829725,1.1334451106466856,366.6666666666667,1.1229178227543521
66,66,3,recov,0.00020560779529538514,8.489540110241192,366.6666666666667,1.1229178227543521
67,67,4,recov,0.0002034528993553356,8.500076032670291,366.6666666666667,1.1229178227543521
68,68,5,recov,0.00020136358943921283,8.51039838131669,366.6666666666667,1.1229178227543521
69,69,3,recov,0.019736358053317273,3.925292757777508,366.6666666666667,1.1229178227543521
70,70,4,recov,0.019541652797482816,3.9352070506077492,366.6666666666667,1.1229178227543521
71,71,5,recov,0.019352642214485075,3.9449263202760507,366.6666666666667,1.1229178227543521
72,72,3,recov,0.037580980029904475,3.281257206840196,366.6666666666667,1.1229178227543521
73,73,4,recov,0.03723138470379573,3.290603198563384,366.6666666666667,1.1229178227543521
74,74,5,recov,0.03689163381606198,3.299770479493826,366.6666666666667,1.1229178227543521
75,75,3,recov,0.05394165919805033,2.9198522016759605,366.6666666666667,1.1229178227543521
76,76,4,recov,0.053467736249306,2.928676867755093,366.6666666666667,1.1229178227543521
77,77,5,recov,0.05300668492187442,2.9373372427824065,366.6666666666667,1.1229178227543521
78,78,3,recov,0.06898954391314596,2.6738003233584817,366.6666666666667,1.1229178227543521
79,79,4,recov,0.06841622633735624,2.6821452553332135,366.6666666666667,1.1229178227543521
80,80,5,recov,0.06785795166846406,2.6903387047491103,366.6666666666667,1.1229178227543521
81,81,3,recov,0.08287048231702676,2.4904763439736874,366.6666666666667,1.1229178227543521
82,82,4,recov,0.08221820408764492,2.498378540518598,366.6666666666667,1.1229178227543521
83,83,5,recov,0.0815824851596761,2.5061406827021346,366.6666666666667,1.1229178227543521
84,84,3,recov,0.09570953207996519,2.346437381721962,366.6666666666667,1.1229178227543521
85,85,4,recov,0.09499510647273679,2.3539298995216207,366.6666666666667,1.1229178227543521
86,86,5,recov,0.09429825428619097,2.3612926018556397,366.6666666666667,1.1229178227543521
87,87,3,recov,0.10761453868540224,2.2291995224879804,366.6666666666667,1.1229178227543521
88,88,4,recov,0.10685184654390699,2.236312015720008,366.6666666666667,1.1229178227543521
89,89,5,recov,0.10610735629831167,2.243303902134075,366.6666666666667,1.1229178227543521
90,90,3,recov,0.11867899923805424,2.1313329160347876,366.6666666666667,1.1229178227543521
91,91,4,recov,0.11787953255144124,2.138092086581642,366.6666666666667,1.1229178227543521
92,92,5,recov,0.11709860023625868,2.1447389620258392,366.6666666666667,1.1229178227543521
93,93,3,recov,0.1289843728706819,2.048064022495922,366.6666666666667,1.1229178227543521
94,94,4,recov,0.1281576672037941,2.054493998045337,366.6666666666667,1.1229178227543521
95,95,5,recov,0.1273496016323438,2.060819205693925,366.6666666666667,1.1229178227543521
96,96,3,recov,0.13860195861845098,1.9761490608799268,366.6666666666667,1.1229178227543521
97,97,4,recov,0.13775593944024792,1.9822717143450872,366.6666666666667,1.1229178227543521
98,98,5,recov,0.13692849305350696,1.9882964379311026,366.6666666666667,1.1229178227543521
99,99,3,recov,0.14759443237233083,1.913287088581891,366.6666666666667,1.1229178227543521
100,100,4,recov,0.14673569416196344,1.9191223094417678,366.6666666666667,1.1229178227543521
101,101,5,recov,0.1458953302413812,1.9248658305360007,366.6666666666667,1.1229178227543521
102,102,3,recov,0.15601711299881674,1.8577895790386998,366.6666666666667,1.1229178227543521
103,103,4,recov,0.15515114548561343,1.8633555050301593,366.6666666666667,1.1229178227543521
104,104,5,recov,0.15430325522790944,1.8688354230895445,366.6666666666667,1.1229178227543521
105,105,3,recov,0.16391901171603288,1.8083828041324246,366.6666666666667,1.1229178227543521
106,106,4,recov,0.1630503842599243,1.8136960200496515,366.6666666666667,1.1229178227543521
107,107,5,recov,0.16219946405666624,1.818928441519192,366.6666666666667,1.1229178227543521
108,108,3,recov,0.1713437068128376,1.7640837584276732,366.6666666666667,1.1229178227543521
109,109,4,recov,0.17047621942853594,1.7691594674786344,366.6666666666667,1.1229178227543521
110,110,5,recov,0.16962601636207525,1.7741591690273673,366.6666666666667,1.1229178227543521
111,111,3,recov,0.17833007670995285,1.724119082360499,366.6666666666667,1.1229178227543521
112,112,4,recov,0.17746688435171185,1.7289712545050697,366.6666666666667,1.1229178227543521
113,113,5,recov,0.17662051615717342,1.7337518245294143,366.6666666666667,1.1229178227543521
114,114,3,recov,0.18491291742405458,1.687870281352394,366.6666666666667,1.1229178227543521
115,115,4,recov,0.18405663271479,1.6925117822362734,366.6666666666667,1.1229178227543521
116,116,5,recov,0.1832166871158213,1.697085744013511,366.6666666666667,1.1229178227543521
117,117,3,recov,0.19112346515673387,1.6548356453381639,366.6666666666667,1.1229178227543521
118,118,4,recov,0.1902762436485275,1.6592783487915606,366.6666666666667,1.1229178227543521
119,119,5,recov,0.18944486094482238,1.6636572680674366,366.6666666666667,1.1229178227543521
120,120,3,recov,0.19698984059100005,1.6246031221780186,366.6666666666667,1.1229178227543521
121,121,4,recov,0.1961534517986899,1.6288580087312743,366.6666666666667,1.1229178227543521
122,122,5,recov,0.19533239378775616,1.6330525880450948,366.6666666666667,1.1229178227543521
123,123,3,recov,0.20253742824627377,1.5968305786688632,366.6666666666667,1.1229178227543521
124,124,4,recov,0.20171331503995704,1.6009078221207,366.6666666666667,1.1229178227543521
125,125,5,recov,0.20090402273692184,1.6049279837832116,366.6666666666667,1.1229178227543521
126,126,3,recov,0.20778920170278511,1.5712311665238945,366.6666666666667,1.1229178227543521
127,127,4,recov,0.20697853013296263,1.5751402102604042,366.6666666666667,1.1229178227543521
128,128,5,recov,0.2061821722681008,1.5789951695846445,366.6666666666667,1.1229178227543521
129,129,3,recov,0.21276600349728214,1.5475622922788104,366.6666666666667,1.1229178227543521
130,130,4,recov,0.21196970472414112,1.5513119167662406,366.6666666666667,1.1229178227543521
131,131,5,recov,0.21118721861677367,1.5550102468943168,366.6666666666667,1.1229178227543521
132,132,3,recov,0.21748678689341283,1.5256171802140923,366.6666666666667,1.1229178227543521
133,133,4,recov,0.21670559257402436,1.5292155628631772,366.6666666666667,1.1229178227543521
134,134,5,recov,0.21593771867985295,1.5327652523209077,366.6666666666667,1.1229178227543521
135,135,3,recov,0.22196882545095983,1.5052183328670743,366.6666666666667,1.1229178227543521
136,136,4,recov,0.22120329768584465,1.5086731012812282,366.6666666666667,1.1229178227543521
137,137,5,recov,0.22045060887483034,1.5120816052186101,366.6666666666667,1.1229178227543521
138,138,3,recov,0.22622789528892503,1.4862124015555365,366.6666666666667,1.1229178227543521
139,139,4,recov,0.22547845202803907,1.4895306810218873,366.6666666666667,1.1229178227543521
140,140,5,recov,0.2247413784580473,1.4928049669533023,366.6666666666667,1.1229178227543521
141,141,3,recov,0.23027843410515,1.4684661191579138,366.6666666666667,1.1229178227543521
142,142,4,recov,0.22954537075179426,1.4716545751128023,366.6666666666667,1.1229178227543521
143,143,5,recov,0.22882422104905098,1.474801163851029,366.6666666666667,1.1229178227543521
144,144,3,recov,0.2341336803387431,1.4518630432458293,366.6666666666667,1.1229178227543521
145,145,4,recov,0.23341718815972995,1.454927919340172,366.6666666666667,1.1229178227543521
146,146,5,recov,0.23271216749268547,1.457952921718207,366.6666666666667,1.1229178227543521
147,147,3,recov,0.23780579530928278,1.4363009245039813,366.6666666666667,1.1229178227543521
148,148,4,recov,0.23710597715433201,1.4392480768049445,366.6666666666667,1.1229178227543521
149,149,5,recov,0.23641720268664532,1.4421572266957055,366.6666666666667,1.1229178227543521
150,150,3,recov,0.24130597071378096,1.4216895627128887,366.6666666666667,1.1229178227543521
151,151,4,recov,0.24062285446148682,1.424524490503532,366.6666666666667,1.1229178227543521
152,152,5,recov,0.23995036858771845,1.4273231745768808,366.6666666666667,1.1229178227543521
153,153,3,recov,0.2446445234892627,1.4079490465812956,366.6666666666667,1.1229178227543521
154,154,4,recov,0.2439780735670952,1.410676920156743,366.6666666666667,1.1229178227543521
155,155,5,recov,0.2433218552675806,1.413370204753586,366.6666666666667,1.1229178227543521
156,156,3,recov,0.24783097974021445,1.3950082984721404,366.6666666666667,1.1229178227543521
157,157,4,recov,0.24718110700877333,1.3976339842774033,366.6666666666667,1.1229178227543521
158,158,5,recov,0.24654108160508786,1.400226639730041,366.6666666666667,1.1229178227543521
159,159,3,recov,0.2508741491738975,1.3828038633057753,366.6666666666667,1.1229178227543521
160,160,4,recov,0.2502407194185732,1.3853319467149485,366.6666666666667,1.1229178227543521
161,161,5,recov,0.24961676696566754,1.3878284693998075,366.6666666666667,1.1229178227543521
162,162,3,recov,0.25378219127294227,1.3712788945130847,366.6666666666667,1.1229178227543521
163,163,4,recov,0.2531650325073059,1.3737137005109366,366.6666666666667,1.1229178227543521
164,164,5,recov,0.25255699502093637,1.3761183328830997,366.6666666666667,1.1229178227543521
165,165,3,recov,0.25656267425597595,1.3603823001405861,366.6666666666667,1.1229178227543521
166,166,4,recov,0.2559615830090723,1.3627279121344704,366.6666666666667,1.1229178227543521
167,167,5,recov,0.25536927069610293,1.3650446609619862,366.6666666666667,1.1229178227543521
168,168,3,recov,0.259222627727057,1.3500680199845996,366.6666666666667,1.1229178227543521
169,169,4,recov,0.2586373744600744,1.352328296946231,366.6666666666667,1.1229178227543521
170,170,5,recov,0.25806057109340946,1.3545609499351963,366.6666666666667,1.1229178227543521
171,171,3,recov,0.2617685897883762,1.3402944105943435,366.6666666666667,1.1229178227543521
172,172,4,recov,0.2611989235639237,1.3424730027065623,366.6666666666667,1.1229178227543521
173,173,5,recov,0.2606373911222923,1.3446251436847425,366.6666666666667,1.1229178227543521
174,174,3,recov,0.2642066492839502,1.331023719595357,366.6666666666667,1.1229178227543521
175,175,4,recov,0.26365230179258586,1.333124082557951,366.6666666666667,1.1229178227543521
176,176,5,recov,0.2631057844673844,1.3351991053646348,366.6666666666667,1.1229178227543521
177,177,3,recov,0.2665424837515696,1.322221634379302,366.6666666666667,1.1229178227543521
178,178,4,recov,0.26600317278464863,1.3242470425097361,366.6666666666667,1.1229178227543521
179,179,5,recov,0.2654714004409304,1.3262481637221661,366.6666666666667,1.1229178227543521
180,180,3,recov,0.2687813935833561,1.3138568930289924,366.6666666666667,1.1229178227543521
181,181,4,recov,0.26825682602818074,1.315810451278103,366.6666666666667,1.1229178227543521
182,182,5,recov,0.2677395171941685,1.3177407218897428,366.6666666666667,1.1229178227543521
183,183,3,recov,0.2709283328297147,1.3059009475795922,366.6666666666667,1.1229178227543521
184,184,4,recov,0.2704182072519423,1.3077856025685735,366.6666666666667,1.1229178227543521
185,185,5,recov,0.26991507170071355,1.3096479187213725,366.6666666666667,1.1229178227543521
186,186,3,recov,0.2729879370254084,1.298327671493555,366.6666666666667,1.1229178227543521
187,187,4,recov,0.2724919458943635,1.3001462216665955,366.6666666666667,1.1229178227543521
188,188,5,recov,0.27200268687229345,1.3019433345279676,366.6666666666667,1.1229178227543521
189,189,3,recov,0.27496454836842726,1.2911131046497226,366.6666666666667,1.1229178227543521
190,190,4,recov,0.27448237997307634,1.2928682096262074,366.6666666666667,1.1229178227543521
191,191,5,recov,0.27400669612193707,1.2946027344914495,366.6666666666667,1.1229178227543521
192,192,3,recov,0.2768622385410172,1.2842352302932067,366.6666666666667,1.1229178227543521
193,193,4,recov,0.2763935786376791,1.285929419494241,366.6666666666667,1.1229178227543521
194,194,5,recov,0.2759311656507645,1.2876038441863638,366.6666666666667,1.1229178227543521
195,195,3,recov,0.2786848294266484,1.277673779321142,366.6666666666667,1.1229178227543521
196,196,4,recov,0.2782293626538179,1.279309459937135,366.6666666666667,1.1229178227543521
197,197,5,recov,0.27777991470090785,1.2809261525683864,366.6666666666667,1.1229178227543521
198,198,3,recov,0.2804359119459597,1.2714100580354575,366.6666666666667,1.1229178227543521
199,199,4,recov,0.2799933230367747,1.272989522394448,366.6666666666667,1.1229178227543521
200,200,5,recov,0.27955653398800784,1.2745507385470474,366.6666666666667,1.1229178227543521
201,201,3,recov,0.2821188632081032,1.2654267961125512,366.6666666666667,1.1229178227543521
202,202,4,recov,0.2816888380268421,1.2669522285027304,366.6666666666667,1.1229178227543521
203,203,5,recov,0.2812644025015118,1.2684601178803736,366.6666666666667,1.1229178227543521
204,204,3,recov,0.2837368621508216,1.2597080120484954,366.6666666666667,1.1229178227543521
205,205,4,recov,0.28331908857627075,1.2611814950429077,366.6666666666667,1.1229178227543521
206,206,5,recov,0.28290670283908653,1.2626381076393327,366.6666666666667,1.1229178227543521
207,207,3,recov,0.2852929038225016,1.254238893758653,366.6666666666667,1.1229178227543521
208,208,4,recov,0.28488707249799355,1.2556624140851953,366.6666666666667,1.1229178227543521
209,209,5,recov,0.284486435222368,1.257069705911436,366.6666666666667,1.1229178227543521
210,210,3,recov,0.2867898124419487,1.2490056923591617,366.6666666666667,1.1229178227543521
211,211,4,recov,0.28639561740925973,1.2503811463546988,366.6666666666667,1.1229178227543521
212,212,5,recov,0.28600643032461687,1.2517409847625314,366.6666666666667,1.1229178227543521
213,213,3,recov,0.2882302533563396,1.2439956274481148,366.6666666666667,1.1229178227543521
214,214,4,recov,0.28784739258838565,1.2453248261317227,366.6666666666667,1.1229178227543521
215,215,5,recov,0.2874693610262796,1.2466389947671297,366.6666666666667,1.1229178227543521
216,216,3,recov,0.28961674400443144,1.2391968024470943,366.6666666666667,1.1229178227543521
217,217,4,recov,0.2892449198497657,1.2404814762440353,366.6666666666667,1.1229178227543521
218,218,5,recov,0.288877753201692,1.2417516796612502,366.6666666666667,1.1229178227543521
219,219,3,recov,0.29095166398037997,1.2345981287675085,366.6666666666667,1.1229178227543521
220,220,4,recov,0.29059058353082057,1.2358399319125277,366.6666666666667,1.1229178227543521
221,221,5,recov,0.29023399562895547,1.2370677998763184,366.6666666666667,1.1229178227543521
222,222,3,recov,0.29223726428321445,1.2301892577378915,366.6666666666667,1.1229178227543521
223,223,4,recov,0.29188663967448375,1.2313897723837264,366.6666666666667,1.1229178227543521
224,224,5,recov,0.29154034910516136,1.2325768638849692,366.6666666666667,1.1229178227543521
225,225,3,recov,0.2934756758279492,1.2259605193734553,366.6666666666667,1.1229178227543521
226,226,4,recov,0.29313522448195234,1.2271212594280356,366.6666666666667,1.1229178227543521
227,227,5,recov,0.2927989548404542,1.2282690664353193,366.6666666666667,1.1229178227543521
228,228,3,recov,0.29466891728631806,1.2219028671922758,366.6666666666667,1.1229178227543521
229,229,4,recov,0.29433836210260134,1.2230252819059373,366.6666666666667,1.1229178227543521
230,230,5,recov,0.2940118421967586,1.2241352328738444,366.6666666666667,1.1229178227543521
231,231,3,recov,0.29581890231805685,1.2180078283872118,366.6666666666667,1.1229178227543521
232,232,4,recov,0.29549797182104137,1.2190933057093138,366.6666666666667,1.1229178227543521
233,233,5,recov,0.2951809358302168,1.220166768862177,366.6666666666667,1.1229178227543521
234,234,3,recov,0.2969274462474117,1.214267458752043,366.6666666666667,1.1229178227543521
235,235,4,recov,0.2966158746951764,1.2153173284746406,366.6666666666667,1.1229178227543521
236,236,5,recov,0.29630806229038303,1.2163556148828807,366.6666666666667,1.1229178227543521
237,237,3,recov,0.29799627223401853,1.2106743018367914,366.6666666666667,1.1229178227543521
238,238,4,recov,0.2976937996936904,1.211689838541456,366.6666666666667,1.1229178227543521
239,239,5,recov,0.2973949561238923,1.212694205006116,366.6666666666667,1.1229178227543521
240,240,3,recov,0.2990270169823813,1.2072213518728643,366.6666666666667,1.1229178227543521
241,241,4,recov,0.29873338937656724,1.208203777695341,366.6666666666667,1.1229178227543521
242,242,5,recov,0.2984432655255927,1.2091754294550627,366.6666666666667,1.1229178227543521
243,243,3,recov,0.30002123602981456,1.2039020200651522,366.6666666666667,1.1229178227543521
244,244,4,recov,0.2997362051579631,1.2048525072912737,366.6666666666667,1.1229178227543521
245,245,5,recov,0.29945455757591966,1.2057926005647455,366.6666666666667,1.1229178227543521
246,246,3,recov,0.3009804086488231,1.2007101038969858,366.6666666666667,1.1229178227543521
247,247,4,recov,0.3007037321869304,1.2016297774021223,366.6666666666667,1.1229178227543521
248,248,5,recov,0.30043032309953677,1.2025394217779217,366.6666666666667,1.1229178227543521
249,249,3,recov,0.3019059423964277,1.1976397591360368,366.6666666666667,1.1229178227543521
250,250,4,recov,0.3016373838780822,1.1985296986793268,366.6666666666667,1.1229178227543521
251,251,5,recov,0.3013719811769218,1.1994099593640797,366.6666666666667,1.1229178227543521
252,252,3,recov,0.3027991773398495,1.1946854742658315,366.6666666666667,1.1229178227543521
253,253,4,recov,0.3025385061212469,1.195546716649503,366.6666666666667,1.1229178227543521
254,254,5,recov,0.3022808833375822,1.1963986165843767,366.6666666666667,1.1229178227543521
255,255,3,recov,0.3036613899851953,1.191842047099346,366.6666666666667,1.1229178227543521
256,256,4,recov,0.3034083811964352,1.1926755882025923,366.6666666666667,1.1229178227543521
257,257,5,recov,0.30315831746090405,1.193500110057325,366.6666666666667,1.1229178227543521
258,258,3,recov,0.3044937969333114,1.1891045633588577,366.6666666666667,1.1229178227543521
259,259,4,recov,0.3042482314180051,1.1899113600549613,366.6666666666667,1.1229178227543521
260,260,5,recov,0.3040055114082426,1.1907094481078782,366.6666666666667,1.1229178227543521
261,261,3,recov,0.30529755828474864,1.1864683770304156,366.6666666666667,1.1229178227543521
262,262,4,recov,0.30505922252972156,1.1872493489951175,366.6666666666667,1.1229178227543521
263,263,5,recov,0.30482363640770316,1.1880219109069126,366.6666666666667,1.1229178227543521
264,264,3,recov,0.3060737808137871,1.1839290923224637,366.6666666666667,1.1229178227543521
265,265,4,recov,0.3058424668704427,1.1846851237409388,366.6666666666667,1.1229178227543521
266,266,5,recov,0.3056138102111282,1.1854330322293902,366.6666666666667,1.1229178227543521
267,267,3,recov,0.3068235209296756,1.1814825470767103,366.6666666666667,1.1229178227543521
268,268,4,recov,0.30659902632839636,1.1822144882559356,366.6666666666667,1.1229178227543521
269,269,5,recov,0.3063771000410656,1.18293858267815,366.6666666666667,1.1229178227543521
270,270,3,recov,0.30754778744162764,1.1791247974956385,366.6666666666667,1.1229178227543521
271,271,4,recov,0.3073299151004207,1.17983346638841,366.6666666666667,1.1229178227543521
272,272,5,recov,0.3071145253439219,1.1805345542366958,366.6666666666667,1.1229178227543521
273,273,3,recov,0.3082475441426591,1.1768521040654174,366.6666666666667,1.1229178227543521
274,274,4,recov,0.30803610227110695,1.1775382877117917,366.6666666666667,1.1229178227543521
275,275,5,recov,0.3078270603640922,1.1782171460287865,366.6666666666667,1.1229178227543521
276,276,3,recov,0.3089237122260431,1.1746609185656176,366.6666666666667,1.1229178227543521
277,277,4,recov,0.30871851422548824,1.1753253744571242,366.6666666666667,1.1229178227543521
278,278,5,recov,0.3085156365525791,1.1759827511753742,366.6666666666667,1.1229178227543521
279,279,3,recov,0.3095771725469705,1.1725478720683373,366.6666666666667,1.1229178227543521
280,280,4,recov,0.309378036907749,1.17319132943989,366.6666666666667,1.1229178227543521
281,281,5,recov,0.30918114482246095,1.1738279446506998,366.6666666666667,1.1229178227543521
282,282,3,recov,0.310208767740933,1.1705097638392277,366.6666666666667,1.1229178227543521
283,283,4,recov,0.31001551793736937,1.1711329248933162,366.6666666666667,1.1229178227543521
284,284,5,recov,0.309824437662521,1.17174947204932,366.6666666666667,1.1229178227543521
285,285,3,recov,0.3108193042093764,1.168543551061695,366.6666666666667,1.1229178227543521
286,286,4,recov,0.3106317685931637,1.1691470921290865,366.6666666666667,1.1229178227543521
287,287,5,recov,0.3104463311194071,1.169744239184675,366.6666666666667,1.1229178227543521
288,288,3,recov,0.3114095539822906,1.1666463393133504,366.6666666666667,1.1229178227543521
289,289,4,recov,0.31122756567479964,1.1672309119542288,366.6666666666667,1.1229178227543521
290,290,5,recov,0.311047606657829,1.1678093024476595,366.6666666666667,1.1229178227543521
291,291,3,recov,0.3119802564666067,1.1648153737307012,366.6666666666667,1.1229178227543521
292,292,4,recov,0.3118036532505989,1.165381605779894,366.6666666666667,1.1229178227543521
293,293,5,recov,0.3116290129075237,1.165941859860642,366.6666666666667,1.1229178227543521
294,294,3,recov,0.31253212008854625,1.1630480308042754,366.6666666666667,1.1229178227543521
295,295,4,recov,0.31236074429970234,1.163596527363948,366.6666666666667,1.1229178227543521
296,296,5,recov,0.31219126730500973,1.1641392427686008,366.6666666666667,1.1229178227543521
297,297,3,recov,0.31306582383740894,1.1613418107518585,366.6666666666667,1.1229178227543521
298,298,4,recov,0.3128995222560323,1.1618731551348251,366.6666666666667,1.1229178227543521
299,299,5,recov,0.31273505763750725,1.1623989081145962,366.6666666666667,1.1229178227543521
300,300,3,recov,0.31358201871768676,1.1596943304224683,366.6666666666667,1.1229178227543521
301,301,4,recov,0.31342064246089,1.1602090850490492,366.6666666666667,1.1229178227543521
302,302,5,recov,0.3132610434958145,1.1607184312517624,366.6666666666667,1.1229178227543521
303,303,3,recov,0.3140813291158449,1.15810331668809,366.6666666666667,1.1229178227543521
304,304,4,recov,0.3139247335304876,1.1586020239392365,366.6666666666667,1.1229178227543521
305,305,5,recov,0.31376985764239623,1.1590954992484468,366.6666666666667,1.1229178227543521
306,306,3,recov,0.31456435408761346,1.1565666002841457,366.6666666666667,1.1229178227543521
307,307,4,recov,0.31441239864422044,1.1570497833133735,366.6666666666667,1.1229178227543521
308,308,5,recov,0.3142621073004506,1.1575279046471059,366.6666666666667,1.1229178227543521
309,309,3,recov,0.3150316685711794,1.1550821100632218,366.6666666666667,1.1229178227543521
310,310,4,recov,0.31488421675903494,1.1555502735697203,366.6666666666667,1.1229178227543521
311,311,5,recov,0.31473837536927884,1.1560135396411344,366.6666666666667,1.1229178227543521
312,312,3,recov,0.3154838245312527,1.153647867629757,366.6666666666667,1.1229178227543521
313,313,4,recov,0.31534074375483817,1.154101498594882,366.6666666666667,1.1229178227543521
314,314,5,recov,0.3151992215708705,1.1545503906370258,366.6666666666667,1.1229178227543521
315,315,3,recov,0.31592135203860205,1.152261982326265,366.6666666666667,1.1229178227543521
316,316,4,recov,0.315782513515517,1.1527015507154779,366.6666666666667,1.1229178227543521
317,317,5,recov,0.31564518353224874,1.1531365331721413,366.6666666666667,1.1229178227543521
318,318,3,recov,0.3163447602893082,1.1509226465442461,366.6666666666667,1.1229178227543521
319,319,4,recov,0.3162100389497924,1.1513486059764246,366.6666666666667,1.1229178227543521
320,320,5,recov,0.3160767778077757,1.151770127160982,366.6666666666667,1.1229178227543521
321,321,3,recov,0.3167545385676634,1.1496281313352747,366.6666666666667,1.1229178227543521
322,322,4,recov,0.31662381295581826,1.150040919721196,366.6666666666667,1.1229178227543521
323,323,5,recov,0.3164945008453078,1.1504494124451934,366.6666666666667,1.1229178227543521
324,324,3,recov,0.31715115715635844,1.1483767822998425,366.6666666666667,1.1229178227543521
325,325,4,recov,0.3170243093331461,1.1487768224515253,366.6666666666667,1.1229178227543521
326,326,5,recov,0.31689882989980384,1.1491727046246636,366.6666666666667,1.1229178227543521
327,327,3,recov,0.31753506819732574,1.1471670157334557,366.6666666666667,1.1229178227543521
328,328,4,recov,0.31741198364541034,1.1475547159459378,366.6666666666667,1.1229178227543521
329,329,5,recov,0.3172902238977242,1.1479383911489944,366.6666666666667,1.1229178227543521
330,330,3,recov,0.31790670650636565,1.1459973150111948,366.6666666666667,1.1229178227543521
331,331,4,recov,0.31778727403684676,1.1463730696182215,366.6666666666667,1.1229178227543521
332,332,5,recov,0.3176691242553197,1.1467449276503574,366.6666666666667,1.1229178227543521
333,333,3,recov,0.3182664903444569,1.1448662271935062,366.6666666666667,1.1229178227543521
334,334,4,recov,0.3181506020055321,1.145230417098519,366.6666666666667,1.1229178227543521
335,335,5,recov,0.31803595565368586,1.1455908345003236,366.6666666666667,1.1229178227543521
336,336,3,recov,0.31861482214844244,1.1437723598374205,366.6666666666667,1.1229178227543521
337,337,4,recov,0.3185023731360271,1.1441253530211402,366.6666666666667,1.1229178227543521
338,338,5,recov,0.3183911267732535,1.144474693574689,366.6666666666667,1.1229178227543521
339,339,3,recov,0.3189520892235948,1.1427143779986646,366.6666666666667,1.1229178227543521
340,340,4,recov,0.31884297779391607,1.1430565300044913,366.6666666666667,1.1229178227543521
341,341,5,recov,0.3187350309901982,1.1433951452116098,366.6666666666667,1.1229178227543521
342,342,3,recov,0.3192786644003858,1.1416910014113144,366.6666666666667,1.1229178227543521
343,343,4,recov,0.3191727917845603,1.1420226558096882,366.6666666666667,1.1229178227543521
344,344,5,recov,0.31906804703707997,1.1423508853495408,366.6666666666667,1.1229178227543521
345,345,3,recov,0.31959490665762613,1.1407010018326946,366.6666666666667,1.1229178227543521
346,346,4,recov,0.3194921769782241,1.1410224906654916,366.6666666666667,1.1229178227543521
347,347,5,recov,0.3193905396298616,1.1413406628325506,366.6666666666667,1.1229178227543521
348,348,3,recov,0.3199011617139896,1.1397432005422001,366.6666666666667,1.1229178227543521
349,349,4,recov,0.3198014819035805,1.1400548447481773,366.6666666666667,1.1229178227543521
350,350,5,recov,0.31970286006330795,1.1403632768715655,366.6666666666667,1.1229178227543521
351,351,3,recov,0.32019776258979854,1.138816465983603,366.6666666666667,1.1229178227543521
352,352,4,recov,0.3201010423114704,1.1391185758058404,366.6666666666667,1.1229178227543521
353,353,5,recov,0.3200053467766333,1.1394175746509743,366.6666666666667,1.1229178227543521
354,354,3,recov,0.3204850301408214,1.1379197115412072,366.6666666666667,1.1229178227543521
355,355,4,recov,0.3203911817106578,1.1382125869174466,366.6666666666667,1.1229178227543521
356,356,5,recov,0.32029832589113594,1.138502449070862,366.6666666666667,1.1229178227543521
357,357,3,recov,0.3207632735657138,1.13705189344096,366.6666666666667,1.1229178227543521
358,358,4,recov,0.3206722118772123,1.137335824377679,366.6666666666667,1.1229178227543521
359,359,5,recov,0.32058211172144474,1.137616836615865,366.6666666666667,1.1229178227543521
360,360,3,recov,0.3210327908886268,1.136212008768294,366.6666666666667,1.1229178227543521
361,361,4,recov,0.3209444333390355,1.136487275699315,366.6666666666667,1.1229178227543521
362,362,5,recov,0.3208570072618928,1.1367597153423348,366.6666666666667,1.1229178227543521
363,363,3,recov,0.32129386941840443,1.135399093595101,366.6666666666667,1.1229178227543521
364,364,4,recov,0.3212081358369538,1.1356659677254795,366.6666666666667,1.1229178227543521
365,365,5,recov,0.3211233046494361,1.1359301029761115,366.6666666666667,1.1229178227543521
366,366,3,recov,0.3215467861857006,1.1346122212087915,366.6666666666667,1.1229178227543521
367,367,4,recov,0.32146359876370195,1.1348709648446949,366.6666666666667,1.1229178227543521
368,368,5,recov,0.3213812856044391,1.1351270551137917,366.6666666666667,1.1229178227543521
369,369,3,recov,0.3217918083592572,1.133850500436926,366.6666666666667,1.1229178227543521
370,370,4,recov,0.32171109158203987,1.1341013673021663,366.6666666666667,1.1229178227543521
371,371,5,recov,0.3216312218505682,1.1343496635208803,366.6666666666667,1.1229178227543521
372,372,3,recov,0.3220291936425072,1.133113074061367,366.6666666666667,1.1229178227543521
373,373,4,recov,0.3219508742231628,1.1333563096012187,366.6666666666667,1.1229178227543521
374,374,5,recov,0.32187337551495027,1.1335970545207161,366.6666666666667,1.1229178227543521
375,375,3,recov,0.3222591906515901,1.1323991173163461,366.6666666666667,1.1229178227543521
376,376,4,recov,0.3221831974664917,1.132634958989246,366.6666666666667,1.1229178227543521
377,377,5,recov,0.32210799950968205,1.1328683874684926,366.6666666666667,1.1229178227543521
378,378,3,recov,0.322482039275799,1.1317078364652413,366.6666666666667,1.1229178227543521
379,379,4,recov,0.32240830330186193,1.1319365140229287,366.6666666666667,1.1229178227543521
380,380,5,recov,0.3223353378957073,1.1321628533050987,366.6666666666667,1.1229178227543521
381,381,3,recov,0.32269797102141556,1.1310384674512215,366.6666666666667,1.1229178227543521
382,382,4,recov,0.32262642527506513,1.1312602032078554,366.6666666666667,1.1229178227543521
383,383,5,recov,0.3225556262300148,1.1314796731858852,366.6666666666667,1.1229178227543521
384,384,3,recov,0.32290720933982653,1.1303902746172672,366.6666666666667,1.1229178227543521
385,385,4,recov,0.32283778881763786,1.1306052837080203,366.6666666666667,1.1229178227543521
386,386,5,recov,0.3227690918970515,1.1308180971798023,366.6666666666667,1.1229178227543521
387,387,3,recov,0.3231099699407635,1.1297625494913788,366.6666666666667,1.1229178227543521
388,388,4,recov,0.3230426115617378,1.1299710401209855,366.6666666666667,1.1229178227543521
389,389,5,recov,0.32297595442518834,1.130177403034671,366.6666666666667,1.1229178227543521
390,390,3,recov,0.3233064610914538,1.1291546096330796,366.6666666666667,1.1229178227543521
391,391,4,recov,0.32324110364089464,1.1293567833147908,366.6666666666667,1.1229178227543521
392,392,5,recov,0.323176425789029,1.129556895004641,366.6666666666667,1.1229178227543521
393,393,3,recov,0.3234968839024219,1.1285657975375838,366.6666666666667,1.1229178227543521
394,394,4,recov,0.3234334679773765,1.1287618493229552,366.6666666666667,1.1229178227543521
395,395,5,recov,0.32337071069829826,1.128955902736165,366.6666666666667,1.1229178227543521
396,396,3,recov,0.32368143260063886,1.1279954795942497,366.6666666666667,1.1229178227543521
397,397,4,recov,0.32361990055686707,1.1281855982941664,366.6666666666667,1.1229178227543521
398,398,5,recov,0.32355900687400846,1.1283737802090563,366.6666666666667,1.1229178227543521
399,399,3,recov,0.32386029479067213,1.127443045096159,366.6666666666667,1.1229178227543521
400,400,4,recov,0.32380059069110745,1.127627413493486,366.6666666666667,1.1229178227543521
401,401,5,recov,0.32374150531255524,1.1278099047294405,366.6666666666667,1.1229178227543521
402,402,3,recov,0.3240336517044517,1.1269079052978805,366.6666666666667,1.1229178227543521
403,403,4,recov,0.32397572126911883,1.1270867003520981,366.6666666666667,1.1229178227543521
404,404,5,recov,0.32391839053836063,1.1272636759716108,366.6666666666667,1.1229178227543521
405,405,3,recov,0.32420167844023046,1.1263894925186684,366.6666666666667,1.1229178227543521
406,406,4,recov,0.3241454689975828,1.1265628855628442,366.6666666666667,1.1229178227543521
407,407,5,recov,0.32408984084563963,1.1267345150660046,366.6666666666667,1.1229178227543521
408,408,3,recov,0.32436454419128463,1.1258872592885234,366.6666666666667,1.1229178227543521
409,409,4,recov,0.3243100046309271,1.1260554162189444,366.6666666666667,1.1229178227543521
410,410,5,recov,0.32425602852983826,1.1262218637306969,366.6666666666667,1.1229178227543521
411,411,3,recov,0.32452241246486657,1.1254006775347145,366.6666666666667,1.1229178227543521
412,412,4,recov,0.3244694931916282,1.1255637589934953,366.6666666666667,1.1229178227543521
413,413,5,recov,0.3244171201092548,1.1257251834439728,366.6666666666667,1.1229178227543521
414,414,3,recov,0.32467544129189335,1.124929237806516,366.6666666666667,1.1229178227543521
415,415,4,recov,0.3246240941812155,1.1250873993574788,366.6666666666667,1.1229178227543521
416,416,5,recov,0.3245732765373301,1.1252439546557018,366.6666666666667,1.1229178227543521
417,417,3,recov,0.3248237834278283,1.1244724485360489,366.6666666666667,1.1229178227543521
418,418,4,recov,0.32477396178243395,1.1246258408341578,366.6666666666667,1.1229178227543521
419,419,5,recov,0.3247246534060631,1.1247776760353807,366.6666666666667,1.1229178227543521
420,420,3,recov,0.32496758654518343,1.1240298353332643,366.6666666666667,1.1229178227543521
421,421,4,recov,0.3249192450529945,1.1241786042878812,366.6666666666667,1.1229178227543521
422,422,5,recov,0.32487140114098184,1.1243258637548477,366.6666666666667,1.1229178227543521
423,423,3,recov,0.3251069934180509,1.123600940313212,366.6666666666667,1.1229178227543521
424,424,4,recov,0.3250600881113202,1.1237452272454316,366.6666666666667,1.1229178227543521
425,425,5,recov,0.32501366518807856,1.1238880508037892,366.6666666666667,1.1229178227543521
426,426,3,recov,0.32524214209904473,1.1231853214538685,366.6666666666667,1.1229178227543521
427,427,4,recov,0.3251966303146698,1.1233252632481756,366.6666666666667,1.1229178227543521
428,428,5,recov,0.32515158619309115,1.1234637863362915,366.6666666666667,1.1229178227543521
429,429,3,recov,0.32537316608901495,1.1227825519828998,366.6666666666667,1.1229178227543521
430,430,4,recov,0.325329006430003,1.1229182812333764,366.6666666666667,1.1229178227543521
431,431,5,recov,0.32528530017349505,1.1230526350467804,366.6666666666667,1.1229178227543521
432,432,0,fam_r,0.0041902754899422285,5.474988797819933,366.6666666666667,1.1229178227543521
433,433,1,fam_r,0.004189723896799406,5.475120442971243,366.6666666666667,1.1229178227543521
434,434,2,fam_r,0.004189177962617905,5.475250754601915,366.6666666666667,1.1229178227543521
435,435,0,fam_r,0.01397852002646621,4.270233411409449,366.6666666666667,1.1229178227543521
436,436,1,fam_r,0.013976735286325185,4.2703610968928025,366.6666666666667,1.1229178227543521
437,437,2,fam_r,0.013974968842457214,4.270487489463516,366.6666666666667,1.1229178227543521
438,438,0,fam_r,0.023468732309210597,3.752086283819958,366.6666666666667,1.1229178227543521
439,439,1,fam_r,0.02346582597201247,3.7522101301842694,366.6666666666667,1.1229178227543521
440,440,2,fam_r,0.0234629494071719,3.752332722978176,366.6666666666667,1.1229178227543521
441,441,0,fam_r,0.032670199896800124,3.421291934722431,366.6666666666667,1.1229178227543521
442,442,1,fam_r,0.032666275656155416,3.4214120587608403,366.6666666666667,1.1229178227543521
443,443,2,fam_r,0.0326623915864475,3.421530967346502,366.6666666666667,1.1229178227543521
444,444,0,fam_r,0.04159190831309308,3.179849642339268,366.6666666666667,1.1229178227543521
445,445,1,fam_r,0.04158706251953023,3.179966157211232,366.6666666666667,1.1229178227543521
446,446,2,fam_r,0.04158226629604222,3.1800814935632653,366.6666666666667,1.1229178227543521
0,0,0,fam,0.06666666666666667,2.70805020110221,476.6666666666667,1.1141041863286523
1,1,1,fam,0.008695652173913044,4.74493212836325,476.6666666666667,1.1141041863286523
2,2,2,fam,0.004672897196261682,5.365976015021851,476.6666666666667,1.1141041863286523
3,3,0,fam,0.31732957277010354,1.1478143834434789,476.6666666666667,1.1141041863286523
4,4,1,fam,0.24205462596680669,1.4185918511624225,476.6666666666667,1.1141041863286523
5,5,2,fam,0.19602078363565834,1.629534586415912,476.6666666666667,1.1141041863286523
6,6,0,fam,0.3234080109376914,1.128840561157394,476.6666666666667,1.1141041863286523
7,7,1,fam,0.2795563873928317,1.2745512629319098,476.6666666666667,1.1141041863286523
8,8,2,fam,0.24647102005380944,1.4005108581154084,476.6666666666667,1.1141041863286523
9,9,0,fam,0.325499562405192,1.122394161711707,476.6666666666667,1.1141041863286523
10,10,1,fam,0.29488220064293463,1.2211793222461802,476.6666666666667,1.1141041863286523
11,11,2,fam,0.26976145920839434,1.3102171948994896,476.6666666666667,1.1141041863286523
12,12,0,fam,0.32655768660715206,1.1191486640737203,476.6666666666667,1.1141041863286523
13,13,1,fam,0.3032105191959556,1.193327931897681,476.6666666666667,1.1141041863286523
14,14,2,fam,0.28316794196817624,1.2617151228350072,476.6666666666667,1.1141041863286523
15,15,0,fam,0.32719633596022624,1.1171948724818128,476.6666666666667,1.1141041863286523
16,16,1,fam,0.3084410865611686,1.1762244212600994,476.6666666666667,1.1141041863286523
17,17,2,fam,0.29187765004384714,1.2314205712208448,476.6666666666667,1.1141041863286523
18,18,0,fam,0.32762352468369976,1.1158901204125748,476.6666666666667,1.1141041863286523
19,19,1,fam,0.31202983313205485,1.164656476730865,476.6666666666667,1.1141041863286523
20,20,2,fam,0.29798849330904914,1.210700406279118,476.6666666666667,1.1141041863286523
21,21,0,fam,0.3279292399790647,1.1149574256425834,476.6666666666667,1.1141041863286523
22,22,1,fam,0.31464389312167057,1.1563137776778512,476.6666666666667,1.1141041863286523
23,23,2,fam,0.30251087244286495,1.1956380601972536,476.6666666666667,1.1141041863286523
24,24,0,fam,0.3281587533565889,1.1142577835542729,476.6666666666667,1.1141041863286523
25,25,1,fam,0.31663207568480783,1.1500148237017565,476.6666666666667,1.1141041863286523
26,26,2,fam,0.30599150976183004,1.1841979232910527,476.6666666666667,1.1141041863286523
27,27,0,fam,0.3283373262223044,1.1137137654689426,476.6666666666667,1.1141041863286523
28,28,1,fam,0.3181944927059622,1.1450924708776258,476.6666666666667,1.1141041863286523
29,29,2,fam,0.30875205578202225,1.1752167326588063,476.6666666666667,1.1141041863286523
30,30,0,fam,0.3284801654385635,1.1132788220628231,476.6666666666667,1.1141041863286523
31,31,1,fam,0.3194541646036493,1.1411414752253703,476.6666666666667,1.1141041863286523
32,32,2,fam,0.3109941022062884,1.1679813309496394,476.6666666666667,1.1141041863286523
33,33,0,fam,0.32859697300959007,1.1129232851998823,476.6666666666667,1.1141041863286523
34,34,1,fam,0.32049088273619575,1.1379014500269853,476.6666666666667,1.1141041863286523
35,35,2,fam,0.31285041738098834,1.1620301024137116,476.6666666666667,1.1141041863286523
36,36,0,fam,0.328694230309331,1.1126273515255547,476.6666666666667,1.1141041863286523
37,37,1,fam,0.3213586643385801,1.1351974452175042,476.6666666666667,1.1141041863286523
38,38,2,fam,0.3144120072023358,1.1570510283092132,476.6666666666667,1.1141041863286523
39,39,0,fam,0.3287764320664357,1.1123772969992096,476.6666666666667,1.1141041863286523
40,40,1,fam,0.3220953819144823,1.1329075601756382,476.6666666666667,1.1141041863286523
41,41,2,fam,0.3157433386827048,1.1528256147826133,476.6666666666667,1.1141041863286523
42,42,0,fam,0.32884679336975564,1.11216331032457,476.6666666666667,1.1141041863286523
43,43,1,fam,0.3227283756519719,1.1309442518037336,476.6666666666667,1.1141041863286523
44,44,2,fam,0.31689135673183916,1.1491962870912988,476.6666666666667,1.1141041863286523
45,45,0,fam,0.32890767480578303,1.11197819128959,476.6666666666667,1.1141041863286523
46,46,1,fam,0.3232778767735904,1.1292430259964463,476.6666666666667,1.1141041863286523
47,47,2,fam,0.3178910586253551,1.1460465378360358,476.6666666666667,1.1141041863286523
48,48,0,fam,0.3289608486633447,1.1118165363212171,476.6666666666667,1.1141041863286523
49,49,1,fam,0.3237591771450404,1.1277553199761938,476.6666666666667,1.1141041863286523
50,50,2,fam,0.3187690676323447,1.143288364275605,476.6666666666667,1.1141041863286523
51,51,0,fam,0.3290076714576318,1.1116742109882132,476.6666666666667,1.1141041863286523
52,52,1,fam,0.3241840500131455,1.1264438688761844,476.6666666666667,1.1141041863286523
53,53,2,fam,0.3195459963635368,1.1408540519471642,476.6666666666667,1.1141041863286523
54,54,0,fam,0.32904919910459657,1.1115479980456011,476.6666666666667,1.1141041863286523
55,55,1,fam,0.32456170703231135,1.1252796005700734,476.6666666666667,1.1141041863286523
56,56,2,fam,0.3202380524893328,1.1386906457260884,476.6666666666667,1.1141041863286523
57,57,0,fam,0.3290862658193897,1.111435356448824,476.6666666666667,1.1141041863286523
58,58,1,fam,0.32489945904442524,1.124239501299465,476.6666666666667,1.1141041863286523
59,59,2,fam,0.32085815581275595,1.1367561357140845,476.6666666666667,1.1141041863286523
60,60,0,fam,0.3291195394039452,1.11133425255603,476.6666666666667,1.1141041863286523
61,61,1,fam,0.32520318234998247,1.1233051155323082,476.6666666666667,1.1141041863286523
62,62,2,fam,0.32141673180897284,1.1350167678894711,476.6666666666667,1.1141041863286523
63,63,0,fam,0.32914956077540886,1.1112430394898956,476.6666666666667,1.1141041863286523
64,64,1,fam,0.32547765414525365,1.122461470549527,476.6666666666667,1.1141041863286523
65,65,2,fam,0.32192228591829725,1.1334451106466856,476.6666666666667,1.1141041863286523
66,66,3,recov,0.00020560779529538514,8.489540110241192,476.6666666666667,1.1141041863286523
67,67,4,recov,0.0002034528993553356,8.500076032670291,476.6666666666667,1.1141041863286523
68,68,5,recov,0.00020136358943921283,8.51039838131669,476.6666666666667,1.1141041863286523
69,69,3,recov,0.019736358053317273,3.925292757777508,476.6666666666667,1.1141041863286523
70,70,4,recov,0.019541652797482816,3.9352070506077492,476.6666666666667,1.1141041863286523
71,71,5,recov,0.019352642214485075,3.9449263202760507,476.6666666666667,1.1141041863286523
72,72,3,recov,0.037580980029904475,3.281257206840196,476.6666666666667,1.1141041863286523
73,73,4,recov,0.03723138470379573,3.290603198563384,476.6666666666667,1.1141041863286523
74,74,5,recov,0.03689163381606198,3.299770479493826,476.6666666666667,1.1141041863286523
75,75,3,recov,0.05394165919805033,2.9198522016759605,476.6666666666667,1.1141041863286523
76,76,4,recov,0.053467736249306,2.928676867755093,476.6666666666667,1.1141041863286523
77,77,5,recov,0.05300668492187442,2.9373372427824065,476.6666666666667,1.1141041863286523
78,78,3,recov,0.06898954391314596,2.6738003233584817,476.6666666666667,1.1141041863286523
79,79,4,recov,0.06841622633735624,2.6821452553332135,476.6666666666667,1.1141041863286523
80,80,5,recov,0.06785795166846406,2.6903387047491103,476.6666666666667,1.1141041863286523
81,81,3,recov,0.08287048231702676,2.4904763439736874,476.6666666666667,1.1141041863286523
82,82,4,recov,0.08221820408764492,2.498378540518598,476.6666666666667,1.1141041863286523
83,83,5,recov,0.0815824851596761,2.5061406827021346,476.6666666666667,1.1141041863286523
84,84,3,recov,0.09570953207996519,2.346437381721962,476.6666666666667,1.1141041863286523
85,85,4,recov,0.09499510647273679,2.3539298995216207,476.6666666666667,1.1141041863286523
86,86,5,recov,0.09429825428619097,2.3612926018556397,476.6666666666667,1.1141041863286523
87,87,3,recov,0.10761453868540224,2.2291995224879804,476.6666666666667,1.1141041863286523
88,88,4,recov,0.10685184654390699,2.236312015720008,476.6666666666667,1.1141041863286523
89,89,5,recov,0.10610735629831167,2.243303902134075,476.6666666666667,1.1141041863286523
90,90,3,recov,0.11867899923805424,2.1313329160347876,476.6666666666667,1.1141041863286523
91,91,4,recov,0.11787953255144124,2.138092086581642,476.6666666666667,1.1141041863286523
92,92,5,recov,0.11709860023625868,2.1447389620258392,476.6666666666667,1.1141041863286523
93,93,3,recov,0.1289843728706819,2.048064022495922,476.6666666666667,1.1141041863286523
94,94,4,recov,0.1281576672037941,2.054493998045337,476.6666666666667,1.1141041863286523
95,95,5,recov,0.1273496016323438,2.060819205693925,476.6666666666667,1.1141041863286523
96,96,3,recov,0.13860195861845098,1.9761490608799268,476.6666666666667,1.1141041863286523
97,97,4,recov,0.13775593944024792,1.9822717143450872,476.6666666666667,1.1141041863286523
98,98,5,recov,0.13692849305350696,1.9882964379311026,476.6666666666667,1.1141041863286523
99,99,3,recov,0.14759443237233083,1.913287088581891,476.6666666666667,1.1141041863286523
100,100,4,recov,0.14673569416196344,1.9191223094417678,476.6666666666667,1.1141041863286523
101,101,5,recov,0.1458953302413812,1.9248658305360007,476.6666666666667,1.1141041863286523
102,102,3,recov,0.15601711299881674,1.8577895790386998,476.6666666666667,1.1141041863286523
103,103,4,recov,0.15515114548561343,1.8633555050301593,476.6666666666667,1.1141041863286523
104,104,5,recov,0.15430325522790944,1.8688354230895445,476.6666666666667,1.1141041863286523
105,105,3,recov,0.16391901171603288,1.8083828041324246,476.6666666666667,1.1141041863286523
106,106,4,recov,0.1630503842599243,1.8136960200496515,476.6666666666667,1.1141041863286523
107,107,5,recov,0.16219946405666624,1.818928441519192,476.6666666666667,1.1141041863286523
108,108,3,recov,0.1713437068128376,1.7640837584276732,476.6666666666667,1.1141041863286523
109,109,4,recov,0.17047621942853594,1.7691594674786344,476.6666666666667,1.1141041863286523
110,110,5,recov,0.16962601636207525,1.7741591690273673,476.6666666666667,1.1141041863286523
111,111,3,recov,0.17833007670995285,1.724119082360499,476.6666666666667,1.1141041863286523
112,112,4,recov,0.17746688435171185,1.7289712545050697,476.6666666666667,1.1141041863286523
113,113,5,recov,0.17662051615717342,1.7337518245294143,476.6666666666667,1.1141041863286523
114,114,3,recov,0.18491291742405458,1.687870281352394,476.6666666666667,1.1141041863286523
115,115,4,recov,0.18405663271479,1.6925117822362734,476.6666666666667,1.1141041863286523
116,116,5,recov,0.1832166871158213,1.697085744013511,476.6666666666667,1.1141041863286523
117,117,3,recov,0.19112346515673387,1.6548356453381639,476.6666666666667,1.1141041863286523
118,118,4,recov,0.1902762436485275,1.6592783487915606,476.6666666666667,1.1141041863286523
119,119,5,recov,0.18944486094482238,1.6636572680674366,476.6666666666667,1.1141041863286523
120,120,3,recov,0.19698984059100005,1.6246031221780186,476.6666666666667,1.1141041863286523
121,121,4,recov,0.1961534517986899,1.6288580087312743,476.6666666666667,1.1141041863286523
122,122,5,recov,0.19533239378775616,1.6330525880450948,476.6666666666667,1.1141041863286523
123,123,3,recov,0.20253742824627377,1.5968305786688632,476.6666666666667,1.1141041863286523
124,124,4,recov,0.20171331503995704,1.6009078221207,476.6666666666667,1.1141041863286523
125,125,5,recov,0.20090402273692184,1.6049279837832116,476.6666666666667,1.1141041863286523
126,126,3,recov,0.20778920170278511,1.5712311665238945,476.6666666666667,1.1141041863286523
127,127,4,recov,0.20697853013296263,1.5751402102604042,476.6666666666667,1.1141041863286523
128,128,5,recov,0.2061821722681008,1.5789951695846445,476.6666666666667,1.1141041863286523
129,129,3,recov,0.21276600349728214,1.5475622922788104,476.6666666666667,1.1141041863286523
130,130,4,recov,0.21196970472414112,1.5513119167662406,476.6666666666667,1.1141041863286523
131,131,5,recov,0.21118721861677367,1.5550102468943168,476.6666666666667,1.1141041863286523
132,132,3,recov,0.21748678689341283,1.5256171802140923,476.6666666666667,1.1141041863286523
133,133,4,recov,0.21670559257402436,1.5292155628631772,476.6666666666667,1.1141041863286523
134,134,5,recov,0.21593771867985295,1.5327652523209077,476.6666666666667,1.1141041863286523
135,135,3,recov,0.22196882545095983,1.5052183328670743,476.6666666666667,1.1141041863286523
136,136,4,recov,0.22120329768584465,1.5086731012812282,476.6666666666667,1.1141041863286523
137,137,5,recov,0.22045060887483034,1.5120816052186101,476.6666666666667,1.1141041863286523
138,138,3,recov,0.22622789528892503,1.4862124015555365,476.6666666666667,1.1141041863286523
139,139,4,recov,0.22547845202803907,1.4895306810218873,476.6666666666667,1.1141041863286523
140,140,5,recov,0.2247413784580473,1.4928049669533023,476.6666666666667,1.1141041863286523
141,141,3,recov,0.23027843410515,1.4684661191579138,476.6666666666667,1.1141041863286523
142,142,4,recov,0.22954537075179426,1.4716545751128023,476.6666666666667,1.1141041863286523
143,143,5,recov,0.22882422104905098,1.474801163851029,476.6666666666667,1.1141041863286523
144,144,3,recov,0.2341336803387431,1.4518630432458293,476.6666666666667,1.1141041863286523
145,145,4,recov,0.23341718815972995,1.454927919340172,476.6666666666667,1.1141041863286523
146,146,5,recov,0.23271216749268547,1.457952921718207,476.6666666666667,1.1141041863286523
147,147,3,recov,0.23780579530928278,1.4363009245039813,476.6666666666667,1.1141041863286523
148,148,4,recov,0.23710597715433201,1.4392480768049445,476.6666666666667,1.1141041863286523
149,149,5,recov,0.23641720268664532,1.4421572266957055,476.6666666666667,1.1141041863286523
150,150,3,recov,0.24130597071378096,1.4216895627128887,476.6666666666667,1.1141041863286523
151,151,4,recov,0.24062285446148682,1.424524490503532,476.6666666666667,1.1141041863286523
152,152,5,recov,0.23995036858771845,1.4273231745768808,476.6666666666667,1.1141041863286523
153,153,3,recov,0.2446445234892627,1.4079490465812956,476.6666666666667,1.1141041863286523
154,154,4,recov,0.2439780735670952,1.410676920156743,476.6666666666667,1.1141041863286523
155,155,5,recov,0.2433218552675806,1.413370204753586,476.6666666666667,1.1141041863286523
156,156,3,recov,0.24783097974021445,1.3950082984721404,476.6666666666667,1.1141041863286523
157,157,4,recov,0.24718110700877333,1.3976339842774033,476.6666666666667,1.1141041863286523
158,158,5,recov,0.24654108160508786,1.400226639730041,476.6666666666667,1.1141041863286523
159,159,3,recov,0.2508741491738975,1.3828038633057753,476.6666666666667,1.1141041863286523
160,160,4,recov,0.2502407194185732,1.3853319467149485,476.6666666666667,1.1141041863286523
161,161,5,recov,0.24961676696566754,1.3878284693998075,476.6666666666667,1.1141041863286523
162,162,3,recov,0.25378219127294227,1.3712788945130847,476.6666666666667,1.1141041863286523
163,163,4,recov,0.2531650325073059,1.3737137005109366,476.6666666666667,1.1141041863286523
164,164,5,recov,0.25255699502093637,1.3761183328830997,476.6666666666667,1.1141041863286523
165,165,3,recov,0.25656267425597595,1.3603823001405861,476.6666666666667,1.1141041863286523
166,166,4,recov,0.2559615830090723,1.3627279121344704,476.6666666666667,1.1141041863286523
167,167,5,recov,0.25536927069610293,1.3650446609619862,476.6666666666667,1.1141041863286523
168,168,3,recov,0.259222627727057,1.3500680199845996,476.6666666666667,1.1141041863286523
169,169,4,recov,0.2586373744600744,1.352328296946231,476.6666666666667,1.1141041863286523
170,170,5,recov,0.25806057109340946,1.3545609499351963,476.6666666666667,1.1141041863286523
171,171,3,recov,0.2617685897883762,1.3402944105943435,476.6666666666667,1.1141041863286523
172,172,4,recov,0.2611989235639237,1.3424730027065623,476.6666666666667,1.1141041863286523
173,173,5,recov,0.2606373911222923,1.3446251436847425,476.6666666666667,1.1141041863286523
174,174,3,recov,0.2642066492839502,1.331023719595357,476.6666666666667,1.1141041863286523
175,175,4,recov,0.26365230179258586,1.333124082557951,476.6666666666667,1.1141041863286523
176,176,5,recov,0.2631057844673844,1.3351991053646348,476.6666666666667,1.1141041863286523
177,177,3,recov,0.2665424837515696,1.322221634379302,476.6666666666667,1.1141041863286523
178,178,4,recov,0.26600317278464863,1.3242470425097361,476.6666666666667,1.1141041863286523
179,179,5,recov,0.2654714004409304,1.3262481637221661,476.6666666666667,1.1141041863286523
180,180,3,recov,0.2687813935833561,1.3138568930289924,476.6666666666667,1.1141041863286523
181,181,4,recov,0.26825682602818074,1.315810451278103,476.6666666666667,1.1141041863286523
182,182,5,recov,0.2677395171941685,1.3177407218897428,476.6666666666667,1.1141041863286523
183,183,3,recov,0.2709283328297147,1.3059009475795922,476.6666666666667,1.1141041863286523
184,184,4,recov,0.2704182072519423,1.3077856025685735,476.6666666666667,1.1141041863286523
185,185,5,recov,0.26991507170071355,1.3096479187213725,476.6666666666667,1.1141041863286523
186,186,3,recov,0.2729879370254084,1.298327671493555,476.6666666666667,1.1141041863286523
187,187,4,recov,0.2724919458943635,1.3001462216665955,476.6666666666667,1.1141041863286523
188,188,5,recov,0.27200268687229345,1.3019433345279676,476.6666666666667,1.1141041863286523
189,189,3,recov,0.27496454836842726,1.2911131046497226,476.6666666666667,1.1141041863286523
190,190,4,recov,0.27448237997307634,1.2928682096262074,476.6666666666667,1.1141041863286523
191,191,5,recov,0.27400669612193707,1.2946027344914495,476.6666666666667,1.1141041863286523
192,192,3,recov,0.2768622385410172,1.2842352302932067,476.6666666666667,1.1141041863286523
193,193,4,recov,0.2763935786376791,1.285929419494241,476.6666666666667,1.1141041863286523
194,194,5,recov,0.2759311656507645,1.2876038441863638,476.6666666666667,1.1141041863286523
195,195,3,recov,0.2786848294266484,1.277673779321142,476.6666666666667,1.1141041863286523
196,196,4,recov,0.2782293626538179,1.279309459937135,476.6666666666667,1.1141041863286523
197,197,5,recov,0.27777991470090785,1.2809261525683864,476.6666666666667,1.1141041863286523
198,198,3,recov,0.2804359119459597,1.2714100580354575,476.6666666666667,1.1141041863286523
199,199,4,recov,0.2799933230367747,1.272989522394448,476.6666666666667,1.1141041863286523
200,200,5,recov,0.27955653398800784,1.2745507385470474,476.6666666666667,1.1141041863286523
201,201,3,recov,0.2821188632081032,1.2654267961125512,476.6666666666667,1.1141041863286523
202,202,4,recov,0.2816888380268421,1.2669522285027304,476.6666666666667,1.1141041863286523
203,203,5,recov,0.2812644025015118,1.2684601178803736,476.6666666666667,1.1141041863286523
204,204,3,recov,0.2837368621508216,1.2597080120484954,476.6666666666667,1.1141041863286523
205,205,4,recov,0.28331908857627075,1.2611814950429077,476.6666666666667,1.1141041863286523
206,206,5,recov,0.28290670283908653,1.2626381076393327,476.6666666666667,1.1141041863286523
207,207,3,recov,0.2852929038225016,1.254238893758653,476.6666666666667,1.1141041863286523
208,208,4,recov,0.28488707249799355,1.2556624140851953,476.6666666666667,1.1141041863286523
209,209,5,recov,0.284486435222368,1.257069705911436,476.6666666666667,1.1141041863286523
210,210,3,recov,0.2867898124419487,1.2490056923591617,476.6666666666667,1.1141041863286523
211,211,4,recov,0.28639561740925973,1.2503811463546988,476.6666666666667,1.1141041863286523
212,212,5,recov,0.28600643032461687,1.2517409847625314,476.6666666666667,1.1141041863286523
213,213,3,recov,0.2882302533563396,1.2439956274481148,476.6666666666667,1.1141041863286523
214,214,4,recov,0.28784739258838565,1.2453248261317227,476.6666666666667,1.1141041863286523
215,215,5,recov,0.2874693610262796,1.2466389947671297,476.6666666666667,1.1141041863286523
216,216,3,recov,0.28961674400443144,1.2391968024470943,476.6666666666667,1.1141041863286523
217,217,4,recov,0.2892449198497657,1.2404814762440353,476.6666666666667,1.1141041863286523
218,218,5,recov,0.288877753201692,1.2417516796612502,476.6666666666667,1.1141041863286523
219,219,3,recov,0.29095166398037997,1.2345981287675085,476.6666666666667,1.1141041863286523
220,220,4,recov,0.29059058353082057,1.2358399319125277,476.6666666666667,1.1141041863286523
221,221,5,recov,0.29023399562895547,1.2370677998763184,476.6666666666667,1.1141041863286523
222,222,3,recov,0.29223726428321445,1.2301892577378915,476.6666666666667,1.1141041863286523
223,223,4,recov,0.29188663967448375,1.2313897723837264,476.6666666666667,1.1141041863286523
224,224,5,recov,0.29154034910516136,1.2325768638849692,476.6666666666667,1.1141041863286523
225,225,3,recov,0.2934756758279492,1.2259605193734553,476.6666666666667,1.1141041863286523
226,226,4,recov,0.29313522448195234,1.2271212594280356,476.6666666666667,1.1141041863286523
227,227,5,recov,0.2927989548404542,1.2282690664353193,476.6666666666667,1.1141041863286523
228,228,3,recov,0.29466891728631806,1.2219028671922758,476.6666666666667,1.1141041863286523
229,229,4,recov,0.29433836210260134,1.2230252819059373,476.6666666666667,1.1141041863286523
230,230,5,recov,0.2940118421967586,1.2241352328738444,476.6666666666667,1.1141041863286523
231,231,3,recov,0.29581890231805685,1.2180078283872118,476.6666666666667,1.1141041863286523
232,232,4,recov,0.29549797182104137,1.2190933057093138,476.6666666666667,1.1141041863286523
233,233,5,recov,0.2951809358302168,1.220166768862177,476.6666666666667,1.1141041863286523
234,234,3,recov,0.2969274462474117,1.214267458752043,476.6666666666667,1.1141041863286523
235,235,4,recov,0.2966158746951764,1.2153173284746406,476.6666666666667,1.1141041863286523
236,236,5,recov,0.29630806229038303,1.2163556148828807,476.6666666666667,1.1141041863286523
237,237,3,recov,0.29799627223401853,1.2106743018367914,476.6666666666667,1.1141041863286523
238,238,4,recov,0.2976937996936904,1.211689838541456,476.6666666666667,1.1141041863286523
239,239,5,recov,0.2973949561238923,1.212694205006116,476.6666666666667,1.1141041863286523
240,240,3,recov,0.2990270169823813,1.2072213518728643,476.6666666666667,1.1141041863286523
241,241,4,recov,0.29873338937656724,1.208203777695341,476.6666666666667,1.1141041863286523
242,242,5,recov,0.2984432655255927,1.2091754294550627,476.6666666666667,1.1141041863286523
243,243,3,recov,0.30002123602981456,1.2039020200651522,476.6666666666667,1.1141041863286523
244,244,4,recov,0.2997362051579631,1.2048525072912737,476.6666666666667,1.1141041863286523
245,245,5,recov,0.29945455757591966,1.2057926005647455,476.6666666666667,1.1141041863286523
246,246,3,recov,0.3009804086488231,1.2007101038969858,476.6666666666667,1.1141041863286523
247,247,4,recov,0.3007037321869304,1.2016297774021223,476.6666666666667,1.1141041863286523
248,248,5,recov,0.30043032309953677,1.2025394217779217,476.6666666666667,1.1141041863286523
249,249,3,recov,0.3019059423964277,1.1976397591360368,476.6666666666667,1.1141041863286523
250,250,4,recov,0.3016373838780822,1.1985296986793268,476.6666666666667,1.1141041863286523
251,251,5,recov,0.3013719811769218,1.1994099593640797,476.6666666666667,1.1141041863286523
252,252,3,recov,0.3027991773398495,1.1946854742658315,476.6666666666667,1.1141041863286523
253,253,4,recov,0.3025385061212469,1.195546716649503,476.6666666666667,1.1141041863286523
254,254,5,recov,0.3022808833375822,1.1963986165843767,476.6666666666667,1.1141041863286523
255,255,3,recov,0.3036613899851953,1.191842047099346,476.6666666666667,1.1141041863286523
256,256,4,recov,0.3034083811964352,1.1926755882025923,476.6666666666667,1.1141041863286523
257,257,5,recov,0.30315831746090405,1.193500110057325,476.6666666666667,1.1141041863286523
258,258,3,recov,0.3044937969333114,1.1891045633588577,476.6666666666667,1.1141041863286523
259,259,4,recov,0.3042482314180051,1.1899113600549613,476.6666666666667,1.1141041863286523
260,260,5,recov,0.3040055114082426,1.1907094481078782,476.6666666666667,1.1141041863286523
261,261,3,recov,0.30529755828474864,1.1864683770304156,476.6666666666667,1.1141041863286523
262,262,4,recov,0.30505922252972156,1.1872493489951175,476.6666666666667,1.1141041863286523
263,263,5,recov,0.30482363640770316,1.1880219109069126,476.6666666666667,1.1141041863286523
264,264,3,recov,0.3060737808137871,1.1839290923224637,476.6666666666667,1.1141041863286523
265,265,4,recov,0.3058424668704427,1.1846851237409388,476.6666666666667,1.1141041863286523
266,266,5,recov,0.3056138102111282,1.1854330322293902,476.6666666666667,1.1141041863286523
267,267,3,recov,0.3068235209296756,1.1814825470767103,476.6666666666667,1.1141041863286523
268,268,4,recov,0.30659902632839636,1.1822144882559356,476.6666666666667,1.1141041863286523
269,269,5,recov,0.3063771000410656,1.18293858267815,476.6666666666667,1.1141041863286523
270,270,3,recov,0.30754778744162764,1.1791247974956385,476.6666666666667,1.1141041863286523
271,271,4,recov,0.3073299151004207,1.17983346638841,476.6666666666667,1.1141041863286523
272,272,5,recov,0.3071145253439219,1.1805345542366958,476.6666666666667,1.1141041863286523
273,273,3,recov,0.3082475441426591,1.1768521040654174,476.6666666666667,1.1141041863286523
274,274,4,recov,0.30803610227110695,1.1775382877117917,476.6666666666667,1.1141041863286523
275,275,5,recov,0.3078270603640922,1.1782171460287865,476.6666666666667,1.1141041863286523
276,276,3,recov,0.3089237122260431,1.1746609185656176,476.6666666666667,1.1141041863286523
277,277,4,recov,0.30871851422548824,1.1753253744571242,476.6666666666667,1.1141041863286523
278,278,5,recov,0.3085156365525791,1.1759827511753742,476.6666666666667,1.1141041863286523
279,279,3,recov,0.3095771725469705,1.1725478720683373,476.6666666666667,1.1141041863286523
280,280,4,recov,0.309378036907749,1.17319132943989,476.6666666666667,1.1141041863286523
281,281,5,recov,0.30918114482246095,1.1738279446506998,476.6666666666667,1.1141041863286523
282,282,3,recov,0.310208767740933,1.1705097638392277,476.6666666666667,1.1141041863286523
283,283,4,recov,0.31001551793736937,1.1711329248933162,476.6666666666667,1.1141041863286523
284,284,5,recov,0.309824437662521,1.17174947204932,476.6666666666667,1.1141041863286523
285,285,3,recov,0.3108193042093764,1.168543551061695,476.6666666666667,1.1141041863286523
286,286,4,recov,0.3106317685931637,1.1691470921290865,476.6666666666667,1.1141041863286523
287,287,5,recov,0.3104463311194071,1.169744239184675,476.6666666666667,1.1141041863286523
288,288,3,recov,0.3114095539822906,1.1666463393133504,476.6666666666667,1.1141041863286523
289,289,4,recov,0.31122756567479964,1.1672309119542288,476.6666666666667,1.1141041863286523
290,290,5,recov,0.311047606657829,1.1678093024476595,476.6666666666667,1.1141041863286523
291,291,3,recov,0.3119802564666067,1.1648153737307012,476.6666666666667,1.1141041863286523
292,292,4,recov,0.3118036532505989,1.165381605779894,476.6666666666667,1.1141041863286523
293,293,5,recov,0.3116290129075237,1.165941859860642,476.6666666666667,1.1141041863286523
294,294,3,recov,0.31253212008854625,1.1630480308042754,476.6666666666667,1.1141041863286523
295,295,4,recov,0.31236074429970234,1.163596527363948,476.6666666666667,1.1141041863286523
296,296,5,recov,0.31219126730500973,1.1641392427686008,476.6666666666667,1.1141041863286523
297,297,3,recov,0.31306582383740894,1.1613418107518585,476.6666666666667,1.1141041863286523
298,298,4,recov,0.3128995222560323,1.1618731551348251,476.6666666666667,1.1141041863286523
299,299,5,recov,0.31273505763750725,1.1623989081145962,476.6666666666667,1.1141041863286523
300,300,3,recov,0.31358201871768676,1.1596943304224683,476.6666666666667,1.1141041863286523
301,301,4,recov,0.31342064246089,1.1602090850490492,476.6666666666667,1.1141041863286523
302,302,5,recov,0.3132610434958145,1.1607184312517624,476.6666666666667,1.1141041863286523
303,303,3,recov,0.3140813291158449,1.15810331668809,476.6666666666667,1.1141041863286523
304,304,4,recov,0.3139247335304876,1.1586020239392365,476.6666666666667,1.1141041863286523
305,305,5,recov,0.31376985764239623,1.1590954992484468,476.6666666666667,1.1141041863286523
306,306,3,recov,0.31456435408761346,1.1565666002841457,476.6666666666667,1.1141041863286523
307,307,4,recov,0.31441239864422044,1.1570497833133735,476.6666666666667,1.1141041863286523
308,308,5,recov,0.3142621073004506,1.1575279046471059,476.6666666666667,1.1141041863286523
309,309,3,recov,0.3150316685711794,1.1550821100632218,476.6666666666667,1.1141041863286523
310,310,4,recov,0.31488421675903494,1.1555502735697203,476.6666666666667,1.1141041863286523
311,311,5,recov,0.31473837536927884,1.1560135396411344,476.6666666666667,1.1141041863286523
312,312,3,recov,0.3154838245312527,1.153647867629757,476.6666666666667,1.1141041863286523
313,313,4,recov,0.31534074375483817,1.154101498594882,476.6666666666667,1.1141041863286523
314,314,5,recov,0.3151992215708705,1.1545503906370258,476.6666666666667,1.1141041863286523
315,315,3,recov,0.31592135203860205,1.152261982326265,476.6666666666667,1.1141041863286523
316,316,4,recov,0.315782513515517,1.1527015507154779,476.6666666666667,1.1141041863286523
317,317,5,recov,0.31564518353224874,1.1531365331721413,476.6666666666667,1.1141041863286523
318,318,3,recov,0.3163447602893082,1.1509226465442461,476.6666666666667,1.1141041863286523
319,319,4,recov,0.3162100389497924,1.1513486059764246,476.6666666666667,1.1141041863286523
320,320,5,recov,0.3160767778077757,1.151770127160982,476.6666666666667,1.1141041863286523
321,321,3,recov,0.3167545385676634,1.1496281313352747,476.6666666666667,1.1141041863286523
322,322,4,recov,0.31662381295581826,1.150040919721196,476.6666666666667,1.1141041863286523
323,323,5,recov,0.3164945008453078,1.1504494124451934,476.6666666666667,1.1141041863286523
324,324,3,recov,0.31715115715635844,1.1483767822998425,476.6666666666667,1.1141041863286523
325,325,4,recov,0.3170243093331461,1.1487768224515253,476.6666666666667,1.1141041863286523
326,326,5,recov,0.31689882989980384,1.1491727046246636,476.6666666666667,1.1141041863286523
327,327,3,recov,0.31753506819732574,1.1471670157334557,476.6666666666667,1.1141041863286523
328,328,4,recov,0.31741198364541034,1.1475547159459378,476.6666666666667,1.1141041863286523
329,329,5,recov,0.3172902238977242,1.1479383911489944,476.6666666666667,1.1141041863286523
330,330,3,recov,0.31790670650636565,1.1459973150111948,476.6666666666667,1.1141041863286523
331,331,4,recov,0.31778727403684676,1.1463730696182215,476.6666666666667,1.1141041863286523
332,332,5,recov,0.3176691242553197,1.1467449276503574,476.6666666666667,1.1141041863286523
333,333,3,recov,0.3182664903444569,1.1448662271935062,476.6666666666667,1.1141041863286523
334,334,4,recov,0.3181506020055321,1.145230417098519,476.6666666666667,1.1141041863286523
335,335,5,recov,0.31803595565368586,1.1455908345003236,476.6666666666667,1.1141041863286523
336,336,3,recov,0.31861482214844244,1.1437723598374205,476.6666666666667,1.1141041863286523
337,337,4,recov,0.3185023731360271,1.1441253530211402,476.6666666666667,1.1141041863286523
338,338,5,recov,0.3183911267732535,1.144474693574689,476.6666666666667,1.1141041863286523
339,339,3,recov,0.3189520892235948,1.1427143779986646,476.6666666666667,1.1141041863286523
340,340,4,recov,0.31884297779391607,1.1430565300044913,476.6666666666667,1.1141041863286523
341,341,5,recov,0.3187350309901982,1.1433951452116098,476.6666666666667,1.1141041863286523
342,342,3,recov,0.3192786644003858,1.1416910014113144,476.6666666666667,1.1141041863286523
343,343,4,recov,0.3191727917845603,1.1420226558096882,476.6666666666667,1.1141041863286523
344,344,5,recov,0.31906804703707997,1.1423508853495408,476.6666666666667,1.1141041863286523
345,345,3,recov,0.31959490665762613,1.1407010018326946,476.6666666666667,1.1141041863286523
346,346,4,recov,0.3194921769782241,1.1410224906654916,476.6666666666667,1.1141041863286523
347,347,5,recov,0.3193905396298616,1.1413406628325506,476.6666666666667,1.1141041863286523
348,348,3,recov,0.3199011617139896,1.1397432005422001,476.6666666666667,1.1141041863286523
349,349,4,recov,0.3198014819035805,1.1400548447481773,476.6666666666667,1.1141041863286523
350,350,5,recov,0.31970286006330795,1.1403632768715655,476.6666666666667,1.1141041863286523
351,351,3,recov,0.32019776258979854,1.138816465983603,476.6666666666667,1.1141041863286523
352,352,4,recov,0.3201010423114704,1.1391185758058404,476.6666666666667,1.1141041863286523
353,353,5,recov,0.3200053467766333,1.1394175746509743,476.6666666666667,1.1141041863286523
354,354,3,recov,0.3204850301408214,1.1379197115412072,476.6666666666667,1.1141041863286523
355,355,4,recov,0.3203911817106578,1.1382125869174466,476.6666666666667,1.1141041863286523
356,356,5,recov,0.32029832589113594,1.138502449070862,476.6666666666667,1.1141041863286523
357,357,3,recov,0.3207632735657138,1.13705189344096,476.6666666666667,1.1141041863286523
358,358,4,recov,0.3206722118772123,1.137335824377679,476.6666666666667,1.1141041863286523
359,359,5,recov,0.32058211172144474,1.137616836615865,476.6666666666667,1.1141041863286523
360,360,3,recov,0.3210327908886268,1.136212008768294,476.6666666666667,1.1141041863286523
361,361,4,recov,0.3209444333390355,1.136487275699315,476.6666666666667,1.1141041863286523
362,362,5,recov,0.3208570072618928,1.1367597153423348,476.6666666666667,1.1141041863286523
363,363,3,recov,0.32129386941840443,1.135399093595101,476.6666666666667,1.1141041863286523
364,364,4,recov,0.3212081358369538,1.1356659677254795,476.6666666666667,1.1141041863286523
365,365,5,recov,0.3211233046494361,1.1359301029761115,476.6666666666667,1.1141041863286523
366,366,3,recov,0.3215467861857006,1.1346122212087915,476.6666666666667,1.1141041863286523
367,367,4,recov,0.32146359876370195,1.1348709648446949,476.6666666666667,1.1141041863286523
368,368,5,recov,0.3213812856044391,1.1351270551137917,476.6666666666667,1.1141041863286523
369,369,3,recov,0.3217918083592572,1.133850500436926,476.6666666666667,1.1141041863286523
370,370,4,recov,0.32171109158203987,1.1341013673021663,476.6666666666667,1.1141041863286523
371,371,5,recov,0.3216312218505682,1.1343496635208803,476.6666666666667,1.1141041863286523
372,372,3,recov,0.3220291936425072,1.133113074061367,476.6666666666667,1.1141041863286523
373,373,4,recov,0.3219508742231628,1.1333563096012187,476.6666666666667,1.1141041863286523
374,374,5,recov,0.32187337551495027,1.1335970545207161,476.6666666666667,1.1141041863286523
375,375,3,recov,0.3222591906515901,1.1323991173163461,476.6666666666667,1.1141041863286523
376,376,4,recov,0.3221831974664917,1.132634958989246,476.6666666666667,1.1141041863286523
377,377,5,recov,0.32210799950968205,1.1328683874684926,476.6666666666667,1.1141041863286523
378,378,3,recov,0.322482039275799,1.1317078364652413,476.6666666666667,1.1141041863286523
379,379,4,recov,0.32240830330186193,1.1319365140229287,476.6666666666667,1.1141041863286523
380,380,5,recov,0.3223353378957073,1.1321628533050987,476.6666666666667,1.1141041863286523
381,381,3,recov,0.32269797102141556,1.1310384674512215,476.6666666666667,1.1141041863286523
382,382,4,recov,0.32262642527506513,1.1312602032078554,476.6666666666667,1.1141041863286523
383,383,5,recov,0.3225556262300148,1.1314796731858852,476.6666666666667,1.1141041863286523
384,384,3,recov,0.32290720933982653,1.1303902746172672,476.6666666666667,1.1141041863286523
385,385,4,recov,0.32283778881763786,1.1306052837080203,476.6666666666667,1.1141041863286523
386,386,5,recov,0.3227690918970515,1.1308180971798023,476.6666666666667,1.1141041863286523
387,387,3,recov,0.3231099699407635,1.1297625494913788,476.6666666666667,1.1141041863286523
388,388,4,recov,0.3230426115617378,1.1299710401209855,476.6666666666667,1.1141041863286523
389,389,5,recov,0.32297595442518834,1.130177403034671,476.6666666666667,1.1141041863286523
390,390,3,recov,0.3233064610914538,1.1291546096330796,476.6666666666667,1.1141041863286523
391,391,4,recov,0.32324110364089464,1.1293567833147908,476.6666666666667,1.1141041863286523
392,392,5,recov,0.323176425789029,1.129556895004641,476.6666666666667,1.1141041863286523
393,393,3,recov,0.3234968839024219,1.1285657975375838,476.6666666666667,1.1141041863286523
394,394,4,recov,0.3234334679773765,1.1287618493229552,476.6666666666667,1.1141041863286523
395,395,5,recov,0.32337071069829826,1.128955902736165,476.6666666666667,1.1141041863286523
396,396,3,recov,0.32368143260063886,1.1279954795942497,476.6666666666667,1.1141041863286523
397,397,4,recov,0.32361990055686707,1.1281855982941664,476.6666666666667,1.1141041863286523
398,398,5,recov,0.32355900687400846,1.1283737802090563,476.6666666666667,1.1141041863286523
399,399,3,recov,0.32386029479067213,1.127443045096159,476.6666666666667,1.1141041863286523
400,400,4,recov,0.32380059069110745,1.127627413493486,476.6666666666667,1.1141041863286523
401,401,5,recov,0.32374150531255524,1.1278099047294405,476.6666666666667,1.1141041863286523
402,402,3,recov,0.3240336517044517,1.1269079052978805,476.6666666666667,1.1141041863286523
403,403,4,recov,0.32397572126911883,1.1270867003520981,476.6666666666667,1.1141041863286523
404,404,5,recov,0.32391839053836063,1.1272636759716108,476.6666666666667,1.1141041863286523
405,405,3,recov,0.32420167844023046,1.1263894925186684,476.6666666666667,1.1141041863286523
406,406,4,recov,0.3241454689975828,1.1265628855628442,476.6666666666667,1.1141041863286523
407,407,5,recov,0.32408984084563963,1.1267345150660046,476.6666666666667,1.1141041863286523
408,408,3,recov,0.32436454419128463,1.1258872592885234,476.6666666666667,1.1141041863286523
409,409,4,recov,0.3243100046309271,1.1260554162189444,476.6666666666667,1.1141041863286523
410,410,5,recov,0.32425602852983826,1.1262218637306969,476.6666666666667,1.1141041863286523
411,411,3,recov,0.32452241246486657,1.1254006775347145,476.6666666666667,1.1141041863286523
412,412,4,recov,0.3244694931916282,1.1255637589934953,476.6666666666667,1.1141041863286523
413,413,5,recov,0.3244171201092548,1.1257251834439728,476.6666666666667,1.1141041863286523
414,414,3,recov,0.32467544129189335,1.124929237806516,476.6666666666667,1.1141041863286523
415,415,4,recov,0.3246240941812155,1.1250873993574788,476.6666666666667,1.1141041863286523
416,416,5,recov,0.3245732765373301,1.1252439546557018,476.6666666666667,1.1141041863286523
417,417,3,recov,0.3248237834278283,1.1244724485360489,476.6666666666667,1.1141041863286523
418,418,4,recov,0.32477396178243395,1.1246258408341578,476.6666666666667,1.1141041863286523
419,419,5,recov,0.3247246534060631,1.1247776760353807,476.6666666666667,1.1141041863286523
420,420,3,recov,0.32496758654518343,1.1240298353332643,476.6666666666667,1.1141041863286523
421,421,4,recov,0.3249192450529945,1.1241786042878812,476.6666666666667,1.1141041863286523
422,422,5,recov,0.32487140114098184,1.1243258637548477,476.6666666666667,1.1141041863286523
423,423,3,recov,0.3251069934180509,1.123600940313212,476.6666666666667,1.1141041863286523
424,424,4,recov,0.3250600881113202,1.1237452272454316,476.6666666666667,1.1141041863286523
425,425,5,recov,0.32501366518807856,1.1238880508037892,476.6666666666667,1.1141041863286523
426,426,3,recov,0.32524214209904473,1.1231853214538685,476.6666666666667,1.1141041863286523
427,427,4,recov,0.3251966303146698,1.1233252632481756,476.6666666666667,1.1141041863286523
428,428,5,recov,0.32515158619309115,1.1234637863362915,476.6666666666667,1.1141041863286523
429,429,3,recov,0.32537316608901495,1.1227825519828998,476.6666666666667,1.1141041863286523
430,430,4,recov,0.325329006430003,1.1229182812333764,476.6666666666667,1.1141041863286523
431,431,5,recov,0.32528530017349505,1.1230526350467804,476.6666666666667,1.1141041863286523
432,432,3,recov,0.32550019449987727,1.122392219791826,476.6666666666667,1.1141041863286523
433,433,4,recov,0.3254573467979291,1.1225238649431353,476.6666666666667,1.1141041863286523
434,434,5,recov,0.32541493868354876,1.1226541765738078,476.6666666666667,1.1141041863286523
435,435,3,recov,0.32562335221087985,1.1220139268761622,476.6666666666667,1.1141041863286523
436,436,4,recov,0.32558177749006206,1.1221416123595163,476.6666666666667,1.1141041863286523
437,437,5,recov,0.32554062897271596,1.1222680049302294,476.6666666666667,1.1141041863286523
438,438,3,recov,0.3257427600186139,1.121647288800187,476.6666666666667,1.1141041863286523
439,439,4,recov,0.3257024204600903,1.1217711351644981,476.6666666666667,1.1141041863286523
440,440,5,recov,0.32566249413777365,1.1218937279584047,476.6666666666667,1.1141041863286523
441,441,3,recov,0.3258585347810571,1.1212919341850704,476.6666666666667,1.1141041863286523
442,442,4,recov,0.32581939368884916,1.1214120582234797,476.6666666666667,1.1141041863286523
443,443,5,recov,0.3257806532688943,1.1215309668091415,476.6666666666667,1.1141041863286523
444,444,3,recov,0.3259707895559234,1.1209475042191732,476.6666666666667,1.1141041863286523
445,445,4,recov,0.3259328113236717,1.1210640190911372,476.6666666666667,1.1141041863286523
446,446,5,recov,0.32589522158997863,1.1211793554431708,476.6666666666667,1.1141041863286523
447,447,3,recov,0.3260796337335787,1.1206136521893957,476.6666666666667,1.1141041863286523
448,448,4,recov,0.32604278381227697,1.1207266675385064,476.6666666666667,1.1141041863286523
449,449,5,recov,0.3260063105934986,1.1208385401540175,476.6666666666667,1.1141041863286523
450,450,3,recov,0.3261851731647679,1.1202900430325193,476.6666666666667,1.1141041863286523
451,451,4,recov,0.3261494180314429,1.1203996651002233,476.6666666666667,1.1141041863286523
452,452,5,recov,0.3261140281700986,1.1205081791111955,476.6666666666667,1.1141041863286523
453,453,3,recov,0.3262875102833869,1.1199763529055478,476.6666666666667,1.1141041863286523
454,454,4,recov,0.32625281741069617,1.1200826846409242,476.6666666666667,1.1141041863286523
455,455,5,recov,0.3262184787331882,1.120187941922716,476.6666666666667,1.1141041863286523
456,456,3,recov,0.326386744224518,1.1196722687741134,476.6666666666667,1.1141041863286523
457,457,4,recov,0.32635308205124186,1.1197754099398611,476.6666666666667,1.1141041863286523
458,458,5,recov,0.3263197633387476,1.119877509215964,476.6666666666667,1.1141041863286523
459,459,3,recov,0.3264829709379415,1.1193774880180591,476.6666666666667,1.1141041863286523
460,460,4,recov,0.326450308840341,1.1194775352928399,476.6666666666667,1.1141041863286523
461,461,5,recov,0.3264179798005588,1.119576572236037,476.6666666666667,1.1141041863286523
462,462,3,recov,0.3265762832973187,1.1190917180533675,476.6666666666667,1.1141041863286523
463,463,4,recov,0.3265445915613368,1.1191887651306442,476.6666666666667,1.1141041863286523
464,464,5,recov,0.32651322280105927,1.1192848324607083,476.6666666666667,1.1141041863286523
465,465,3,recov,0.3266667712052376,1.118814675969647,476.6666666666667,1.1141041863286523
466,466,4,recov,0.32663602099951916,1.1189088136531469,476.6666666666667,1.1141041863286523
467,467,5,recov,0.3266055839980112,1.1190020012312103,476.6666666666667,1.1141041863286523
468,468,3,recov,0.3267545216942989,1.118546088182434,476.6666666666667,1.1141041863286523
469,469,4,recov,0.3267246850440051,1.1186374044783678,476.6666666666667,1.1141041863286523
470,470,5,recov,0.32669515212716405,1.1187277993980844,476.6666666666667,1.1141041863286523
471,471,3,recov,0.32683961902441255,1.1182856900996088,476.6666666666667,1.1141041863286523
472,472,4,recov,0.326810668785808,1.1183742703057629,476.6666666666667,1.1141041863286523
473,473,5,recov,0.32678201310108285,1.1184619569813872,476.6666666666667,1.1141041863286523
474,474,3,recov,0.32692214477646747,1.118033225801258,476.6666666666667,1.1141041863286523
475,475,4,recov,0.32689405461225685,1.1181191525930816,476.6666666666667,1.1141041863286523
476,476,5,recov,0.3268662501043054,1.1182042128445764,476.6666666666667,1.1141041863286523
477,477,3,recov,0.32700217794252745,1.117788447732362,476.6666666666667,1.1141041863286523
478,478,4,recov,0.3269749222979206,1.1178718012461553,476.6666666666667,1.1141041863286523
479,479,5,recov,0.32694794368498303,1.1179543143814386,476.6666666666667,1.1141041863286523
480,480,3,recov,0.3270797950126991,1.117551116407711,476.6666666666667,1.1141041863286523
481,481,4,recov,0.32705334909218303,1.1176319743210237,476.6666666666667,1.1141041863286523
482,482,5,recov,0.3270271718431515,1.1177120172154613,476.6666666666667,1.1141041863286523
483,483,3,recov,0.3271550700588125,1.1173210001284835,476.6666666666667,1.1141041863286523
484,484,4,recov,0.3271294098036101,1.1173994377378271,476.6666666666667,1.1141041863286523
485,485,5,recov,0.3271040101157739,1.1174770849110705,476.6666666666667,1.1141041863286523
486,486,3,recov,0.32722807481504523,1.1170978747099654,476.6666666666667,1.1141041863286523
487,487,4,recov,0.3272031768812405,1.1171739650059351,476.6666666666667,1.1141041863286523
488,488,5,recov,0.3271785316586877,1.1172492886961998,476.6666666666667,1.1141041863286523
489,489,3,recov,0.32729887875561675,1.1168815232198963,476.6666666666667,1.1141041863286523
490,490,4,recov,0.3272747204929273,1.116955336959797,476.6666666666667,1.1141041863286523
491,491,5,recov,0.32725080732558376,1.1170284071956789,476.6666666666667,1.1141041863286523
492,492,3,recov,0.32736754916967387,1.116671735726969,476.6666666666667,1.1141041863286523
493,493,4,recov,0.32734410860085156,1.116743341505037,476.6666666666667,1.1141041863286523
494,494,5,recov,0.32732090574413847,1.11681422617495,476.6666666666667,1.1141041863286523
495,495,3,recov,0.32743415123348,1.1164683090590335,476.6666666666667,1.1141041863286523
496,496,4,recov,0.32741140703432187,1.116537773374337,476.6666666666667,1.1141041863286523
497,497,5,recov,0.3273888933894143,1.1166065382936623,476.6666666666667,1.1141041863286523
498,498,3,recov,0.32749874808001933,1.1162710465705663,476.6666666666667,1.1141041863286523
499,499,4,recov,0.32747667955997,1.1163384338926745,476.6666666666667,1.1141041863286523
500,500,5,recov,0.3274548346546385,1.1164051428686987,476.6666666666667,1.1141041863286523
501,501,3,recov,0.3275614008661184,1.11607975791901,476.6666666666667,1.1141041863286523
502,502,4,recov,0.32753998794944794,1.1161451307515018,476.6666666666667,1.1141041863286523
503,503,5,recov,0.32751879191946687,1.1162098456462253,476.6666666666667,1.1141041863286523
504,504,3,recov,0.32762216883718487,1.1158942588495866,476.6666666666667,1.1141041863286523
505,505,4,recov,0.3276013920447239,1.1159576777914817,476.6666666666667,1.1141041863286523
506,506,5,recov,0.32758082561582913,1.1160204585823736,476.6666666666667,1.1141041863286523
507,507,3,recov,0.3276811093896584,1.1157143709882227,476.6666666666667,1.1141041863286523
508,508,4,recov,0.32766094982107513,1.115775894793406,476.6666666666667,1.1141041863286523
509,509,5,recov,0.3276409942914557,1.115836799632175,476.6666666666667,1.1141041863286523
510,510,3,recov,0.32773827813126377,1.115539921642235,476.6666666666667,1.1141041863286523
511,511,4,recov,0.3277187174478664,1.1155996072769452,476.6666666666667,1.1141041863286523
512,512,5,recov,0.3276993546711741,1.1156586925463987,476.6666666666667,1.1141041863286523
513,513,3,recov,0.3277937289391518,1.1153707436084481,476.6666666666667,1.1141041863286523
514,514,4,recov,0.32777474934720124,1.1154286463068983,476.6666666666667,1.1141041863286523
515,515,5,recov,0.32775596171606336,1.115485966675955,476.6666666666667,1.1141041863286523
516,516,3,recov,0.3278475140160126,1.1152066749884235,476.6666666666667,1.1141041863286523
517,517,4,recov,0.32782909825052964,1.1152628483066211,476.6666666666667,1.1141041863286523
518,518,5,recov,0.3278108686805494,1.1153184567835424,476.6666666666667,1.1141041863286523
519,519,3,recov,0.32789968394423646,1.1150475590105093,476.6666666666667,1.1141041863286523
520,520,4,recov,0.3278818152532905,1.115102054878332,476.6666666666667,1.1141041863286523
521,521,5,recov,0.32786412716752217,1.1151560028622336,476.6666666666667,1.1141041863286523
522,522,3,recov,0.32795028773820156,1.1148932438584154,476.6666666666667,1.1141041863286523
523,523,4,recov,0.32793294986766464,1.1149461126300102,476.6666666666667,1.1141041863286523
524,524,5,recov,0.32791578718154735,1.1149984499607137,476.6666666666667,1.1141041863286523
525,525,3,recov,0.3279993728947571,1.1147435825060494,476.6666666666667,1.1141041863286523
526,526,4,recov,0.3279825500735112,1.1147948730086092,476.6666666666667,1.1141041863286523
527,527,5,recov,0.32796589718025043,1.1148456480148892,476.6666666666667,1.1141041863286523
528,528,3,recov,0.3280469854419728,1.1145984325583536,476.6666666666667,1.1141041863286523
529,529,4,recov,0.32803066236755585,1.1146481921393263,476.6666666666667,1.1141041863286523
530,530,5,recov,0.32801450412393746,1.1146974516856105,476.6666666666667,1.1141041863286523
531,531,3,recov,0.32809316998621935,1.1144576560978954,476.6666666666667,1.1141041863286523
532,532,4,recov,0.3280773318108977,1.114505930670682,476.6666666666667,1.1141041863286523
533,533,5,recov,0.3280616535235223,1.1145537202022564,476.6666666666667,1.1141041863286523
534,534,3,recov,0.3281379697576429,1.1143211195369798,476.6666666666667,1.1141041863286523
535,535,4,recov,0.32812260207489763,1.114367953625169,476.6666666666667,1.1141041863286523
536,536,5,recov,0.32810738948682366,1.1144143172119367,476.6666666666667,1.1141041863286523
537,537,3,recov,0.3281814266540956,1.114188693475054,476.6666666666667,1.1141041863286523
538,538,4,recov,0.32816651548550946,1.1142341302552474,476.6666666666667,1.1141041863286523
539,539,5,recov,0.32815175476329217,1.1142791106340937,476.6666666666667,1.1141041863286523
540,540,3,recov,0.32822358128357637,1.1140602525612007,476.6666666666667,1.1141041863286523
541,541,4,recov,0.32820911306611117,1.1141043339044734,476.6666666666667,1.1141041863286523
542,542,5,recov,0.32819479078722535,1.114147972520283,476.6666666666667,1.1141041863286523
543,543,0,fam_r,0.0014286150578454691,6.551049795017928,476.6666666666667,1.1141041863286523
544,544,1,fam_r,0.0014285539622688234,6.5510925615299715,476.6666666666667,1.1141041863286523
545,545,2,fam_r,0.0014284934827951815,6.55113489857534,476.6666666666667,1.1141041863286523
546,546,0,fam_r,0.011215911505767317,4.490421838720376,476.6666666666667,1.1141041863286523
547,547,1,fam_r,0.011215446155364173,4.490463329780368,476.6666666666667,1.1141041863286523
548,548,2,fam_r,0.011214985496501165,4.490504404234059,476.6666666666667,1.1141041863286523
549,549,0,fam_r,0.020710139300283086,3.8771318773643784,476.6666666666667,1.1141041863286523
550,550,1,fam_r,0.020709305655292935,3.87717213116262,476.6666666666667,1.1141041863286523
551,551,2,fam_r,0.02070848041286011,3.8772119808267997,476.6666666666667,1.1141041863286523
552,552,0,fam_r,0.029920142753211008,3.509223354723773,476.6666666666667,1.1141041863286523
553,553,1,fam_r,0.029918974287507484,3.509262408298139,476.6666666666667,1.1141041863286523
554,554,2,fam_r,0.029917817596356866,3.5093010698344393,476.6666666666667,1.1141041863286523
555,555,0,fam_r,0.03885449523382364,3.2479315014277415,476.6666666666667,1.1141041863286523
556,556,1,fam_r,0.0388530230932043,3.2479693906989784,476.6666666666667,1.1141041863286523
557,557,2,fam_r,0.038851565783873845,3.2480068996634213,476.6666666666667,1.1141041863286523
