,time_step,stimulus,type,familiarity,novelty,dN,steady
0,0,0,fam,0.06666666666666667,2.70805020110221,0.0,2.221421685886843
1,1,1,fam,0.05454545454545454,2.908720896564361,0.0,2.221421685886843
2,2,2,fam,0.04918032786885246,3.012261575505202,0.0,2.221421685886843
3,3,0,fam,0.10216718266253869,2.2811447617561766,0.0,2.221421685886843
4,4,1,fam,0.09886159376872378,2.3140344497612544,0.0,2.221421685886843
5,5,2,fam,0.09697895850476078,2.3332612466412033,0.0,2.221421685886843
6,6,0,fam,0.1071802143139397,2.2332436153471793,0.0,2.221421685886843
7,7,1,fam,0.10645862866694679,2.239998832525197,0.0,2.221421685886843
8,8,2,fam,0.10603032223468045,2.2440301669593525,0.0,2.221421685886843
9,9,0,fam,0.1081831073099303,2.223930049435651,0.0,2.221421685886843
10,10,1,fam,0.1080270221762738,2.2253738778181837,0.0,2.221421685886843
11,11,2,fam,0.10793358709872478,2.22623917527861,0.0,2.221421685886843
12,12,0,fam,0.10839628833919453,2.221961430976142,0.0,2.221421685886843
13,13,1,fam,0.10836256473359908,2.2222725934074754,0.0,2.221421685886843
14,14,2,fam,0.10834234064057321,2.2224592444022893,0.0,2.221421685886843
15,15,0,fam,0.10844217741567842,2.2215381751021512,0.0,2.221421685886843
16,16,1,fam,0.1084348926983552,2.221605353410325,0.0,2.221421685886843
17,17,2,fam,0.10843052233772653,2.2216456582291317,0.0,2.221421685886843
18,18,0,fam,0.10845208210961521,2.2214468430958054,0.0,2.221421685886843
19,19,1,fam,0.10845050859126244,2.221461352082053,0.0,2.221421685886843
20,20,2,fam,0.10844956450216739,2.2214700573727577,0.0,2.221421685886843
21,21,0,fam,0.10845422118100713,2.221427119635864,0.0,2.221421685886843
22,22,1,fam,0.10845388130013847,2.2214302535055976,0.0,2.221421685886843
23,23,2,fam,0.10845367737263979,2.2214321338227236,0.0,2.221421685886843
24,24,0,fam,0.10845468320445084,2.2214228595669194,0.0,2.221421685886843
25,25,1,fam,0.10845460979014103,2.2214235364794552,0.0,2.221421685886843
26,26,2,fam,0.10845456574160284,2.2214239426267572,0.0,2.221421685886843
27,27,0,fam,0.10845478300076927,2.2214219394012837,0.0,2.221421685886843
28,28,1,fam,0.10845476714327638,2.221422085614236,0.0,2.221421685886843
29,29,2,fam,0.10845475762878287,2.2214221733419977,0.0,2.221421685886843
30,30,0,fam,0.1084548045567393,2.221421740645938,0.0,2.221421685886843
31,31,1,fam,0.10845480113152073,2.2214217722279286,0.0,2.221421685886843
32,32,2,fam,0.1084547990763897,2.2214217911771224,0.0,2.221421685886843
33,33,0,fam,0.10845480921282717,2.2214216977148036,0.0,2.221421685886843
34,34,1,fam,0.10845480847297996,2.2214217045365134,0.0,2.221421685886843
35,35,2,fam,0.10845480802907163,2.221421708629539,0.0,2.221421685886843
36,36,0,fam,0.1084548102185421,2.2214216884416795,0.0,2.221421685886843
37,37,1,fam,0.1084548100587351,2.221421689915169,0.0,2.221421685886843
38,38,2,fam,0.1084548099628509,2.221421690799262,0.0,2.221421685886843
39,39,0,fam,0.10845481043577652,2.2214216864386844,0.0,2.221421685886843
40,40,1,fam,0.1084548104012582,2.2214216867569583,0.0,2.221421685886843
41,41,2,fam,0.10845481038054722,2.2214216869479224,0.0,2.221421685886843
42,42,0,fam,0.10845481048269916,2.2214216860060376,0.0,2.221421685886843
43,43,1,fam,0.1084548104752432,2.221421686074785,0.0,2.221421685886843
44,44,2,fam,0.10845481047076963,2.221421686116033,0.0,2.221421685886843
45,45,0,fam,0.10845481049283442,2.221421685912586,0.0,2.221421685886843
46,46,1,fam,0.10845481049122395,2.2214216859274356,0.0,2.221421685886843
47,47,2,fam,0.10845481049025767,2.221421685936345,0.0,2.221421685886843
48,48,0,fam,0.10845481049502367,2.2214216858924005,0.0,2.221421685886843
49,49,1,fam,0.1084548104946758,2.2214216858956077,0.0,2.221421685886843
50,50,2,fam,0.10845481049446709,2.2214216858975324,0.0,2.221421685886843
51,51,0,fam,0.10845481049549655,2.2214216858880405,0.0,2.221421685886843
52,52,1,fam,0.10845481049542141,2.2214216858887332,0.0,2.221421685886843
53,53,2,fam,0.10845481049537634,2.2214216858891485,0.0,2.221421685886843
54,54,0,fam,0.10845481049559866,2.2214216858870985,0.0,2.221421685886843
55,55,1,fam,0.10845481049558243,2.221421685887248,0.0,2.221421685886843
56,56,2,fam,0.10845481049557269,2.2214216858873383,0.0,2.221421685886843
57,57,0,fam,0.10845481049562074,2.221421685886895,0.0,2.221421685886843
58,58,1,fam,0.10845481049561724,2.2214216858869276,0.0,2.221421685886843
59,59,2,fam,0.10845481049561513,2.2214216858869467,0.0,2.221421685886843
60,60,0,fam,0.10845481049562551,2.221421685886851,0.0,2.221421685886843
61,61,1,fam,0.10845481049562475,2.2214216858868583,0.0,2.221421685886843
62,62,2,fam,0.1084548104956243,2.2214216858868623,0.0,2.221421685886843
63,63,0,fam,0.10845481049562654,2.221421685886842,0.0,2.221421685886843
64,64,1,fam,0.10845481049562637,2.221421685886843,0.0,2.221421685886843
65,65,2,fam,0.10845481049562627,2.221421685886844,0.0,2.221421685886843
66,66,0,fam_r,0.10845481049562676,2.2214216858868396,0.0,2.221421685886843
67,67,1,fam_r,0.10845481049562672,2.22142168588684,0.0,2.221421685886843
68,68,2,fam_r,0.10845481049562669,2.22142168588684,0.0,2.221421685886843
69,69,0,fam_r,0.1084548104956268,2.221421685886839,0.0,2.221421685886843
70,70,1,fam_r,0.10845481049562679,2.221421685886839,0.0,2.221421685886843
71,71,2,fam_r,0.10845481049562679,2.221421685886839,0.0,2.221421685886843
72,72,0,fam_r,0.10845481049562682,2.221421685886839,0.0,2.221421685886843
73,73,1,fam_r,0.10845481049562682,2.221421685886839,0.0,2.221421685886843
74,74,2,fam_r,0.10845481049562682,2.221421685886839,0.0,2.221421685886843
75,75,0,fam_r,0.10845481049562683,2.221421685886839,0.0,2.221421685886843
76,76,1,fam_r,0.10845481049562683,2.221421685886839,0.0,2.221421685886843
77,77,2,fam_r,0.10845481049562683,2.221421685886839,0.0,2.221421685886843
78,78,0,fam_r,0.10845481049562683,2.221421685886839,0.0,2.221421685886843
79,79,1,fam_r,0.10845481049562683,2.221421685886839,0.0,2.221421685886843
80,80,2,fam_r,0.10845481049562683,2.221421685886839,0.0,2.221421685886843
0,0,0,fam,0.06666666666666667,2.70805020110221,73.33333333333334,2.221421685886839
1,1,1,fam,0.05454545454545454,2.908720896564361,73.33333333333334,2.221421685886839
2,2,2,fam,0.04918032786885246,3.012261575505202,73.33333333333334,2.221421685886839
3,3,0,fam,0.10216718266253869,2.2811447617561766,73.33333333333334,2.221421685886839
4,4,1,fam,0.09886159376872378,2.3140344497612544,73.33333333333334,2.221421685886839
5,5,2,fam,0.09697895850476078,2.3332612466412033,73.33333333333334,2.221421685886839
6,6,0,fam,0.1071802143139397,2.2332436153471793,73.33333333333334,2.221421685886839
7,7,1,fam,0.10645862866694679,2.239998832525197,73.33333333333334,2.221421685886839
8,8,2,fam,0.10603032223468045,2.2440301669593525,73.33333333333334,2.221421685886839
9,9,0,fam,0.1081831073099303,2.223930049435651,73.33333333333334,2.221421685886839
10,10,1,fam,0.1080270221762738,2.2253738778181837,73.33333333333334,2.221421685886839
11,11,2,fam,0.10793358709872478,2.22623917527861,73.33333333333334,2.221421685886839
12,12,0,fam,0.10839628833919453,2.221961430976142,73.33333333333334,2.221421685886839
13,13,1,fam,0.10836256473359908,2.2222725934074754,73.33333333333334,2.221421685886839
14,14,2,fam,0.10834234064057321,2.2224592444022893,73.33333333333334,2.221421685886839
15,15,0,fam,0.10844217741567842,2.2215381751021512,73.33333333333334,2.221421685886839
16,16,1,fam,0.1084348926983552,2.221605353410325,73.33333333333334,2.221421685886839
17,17,2,fam,0.10843052233772653,2.2216456582291317,73.33333333333334,2.221421685886839
18,18,0,fam,0.10845208210961521,2.2214468430958054,73.33333333333334,2.221421685886839
19,19,1,fam,0.10845050859126244,2.221461352082053,73.33333333333334,2.221421685886839
20,20,2,fam,0.10844956450216739,2.2214700573727577,73.33333333333334,2.221421685886839
21,21,0,fam,0.10845422118100713,2.221427119635864,73.33333333333334,2.221421685886839
22,22,1,fam,0.10845388130013847,2.2214302535055976,73.33333333333334,2.221421685886839
23,23,2,fam,0.10845367737263979,2.2214321338227236,73.33333333333334,2.221421685886839
24,24,0,fam,0.10845468320445084,2.2214228595669194,73.33333333333334,2.221421685886839
25,25,1,fam,0.10845460979014103,2.2214235364794552,73.33333333333334,2.221421685886839
26,26,2,fam,0.10845456574160284,2.2214239426267572,73.33333333333334,2.221421685886839
27,27,0,fam,0.10845478300076927,2.2214219394012837,73.33333333333334,2.221421685886839
28,28,1,fam,0.10845476714327638,2.221422085614236,73.33333333333334,2.221421685886839
29,29,2,fam,0.10845475762878287,2.2214221733419977,73.33333333333334,2.221421685886839
30,30,0,fam,0.1084548045567393,2.221421740645938,73.33333333333334,2.221421685886839
31,31,1,fam,0.10845480113152073,2.2214217722279286,73.33333333333334,2.221421685886839
32,32,2,fam,0.1084547990763897,2.2214217911771224,73.33333333333334,2.221421685886839
33,33,0,fam,0.10845480921282717,2.2214216977148036,73.33333333333334,2.221421685886839
34,34,1,fam,0.10845480847297996,2.2214217045365134,73.33333333333334,2.221421685886839
35,35,2,fam,0.10845480802907163,2.221421708629539,73.33333333333334,2.221421685886839
36,36,0,fam,0.1084548102185421,2.2214216884416795,73.33333333333334,2.221421685886839
37,37,1,fam,0.1084548100587351,2.221421689915169,73.33333333333334,2.221421685886839
38,38,2,fam,0.1084548099628509,2.221421690799262,73.33333333333334,2.221421685886839
39,39,0,fam,0.10845481043577652,2.2214216864386844,73.33333333333334,2.221421685886839
40,40,1,fam,0.1084548104012582,2.2214216867569583,73.33333333333334,2.221421685886839
41,41,2,fam,0.10845481038054722,2.2214216869479224,73.33333333333334,2.221421685886839
42,42,0,fam,0.10845481048269916,2.2214216860060376,73.33333333333334,2.221421685886839
43,43,1,fam,0.1084548104752432,2.221421686074785,73.33333333333334,2.221421685886839
44,44,2,fam,0.10845481047076963,2.221421686116033,73.33333333333334,2.221421685886839
45,45,0,fam,0.10845481049283442,2.221421685912586,73.33333333333334,2.221421685886839
46,46,1,fam,0.10845481049122395,2.2214216859274356,73.33333333333334,2.221421685886839
47,47,2,fam,0.10845481049025767,2.221421685936345,73.33333333333334,2.221421685886839
48,48,0,fam,0.10845481049502367,2.2214216858924005,73.33333333333334,2.221421685886839
49,49,1,fam,0.1084548104946758,2.2214216858956077,73.33333333333334,2.221421685886839
50,50,2,fam,0.10845481049446709,2.2214216858975324,73.33333333333334,2.221421685886839
51,51,0,fam,0.10845481049549655,2.2214216858880405,73.33333333333334,2.221421685886839
52,52,1,fam,0.10845481049542141,2.2214216858887332,73.33333333333334,2.221421685886839
53,53,2,fam,0.10845481049537634,2.2214216858891485,73.33333333333334,2.221421685886839
54,54,0,fam,0.10845481049559866,2.2214216858870985,73.33333333333334,2.221421685886839
55,55,1,fam,0.10845481049558243,2.221421685887248,73.33333333333334,2.221421685886839
56,56,2,fam,0.10845481049557269,2.2214216858873383,73.33333333333334,2.221421685886839
57,57,0,fam,0.10845481049562074,2.221421685886895,73.33333333333334,2.221421685886839
58,58,1,fam,0.10845481049561724,2.2214216858869276,73.33333333333334,2.221421685886839
59,59,2,fam,0.10845481049561513,2.2214216858869467,73.33333333333334,2.221421685886839
60,60,0,fam,0.10845481049562551,2.221421685886851,73.33333333333334,2.221421685886839
61,61,1,fam,0.10845481049562475,2.2214216858868583,73.33333333333334,2.221421685886839
62,62,2,fam,0.1084548104956243,2.2214216858868623,73.33333333333334,2.221421685886839
63,63,0,fam,0.10845481049562654,2.221421685886842,73.33333333333334,2.221421685886839
64,64,1,fam,0.10845481049562637,2.221421685886843,73.33333333333334,2.221421685886839
65,65,2,fam,0.10845481049562627,2.221421685886844,73.33333333333334,2.221421685886839
66,66,3,recov,0.04285714285714289,3.1498829533812485,73.33333333333334,2.221421685886839
67,67,4,recov,0.04285714285714288,3.149882953381249,73.33333333333334,2.221421685886839
68,68,5,recov,0.042857142857142864,3.149882953381249,73.33333333333334,2.221421685886839
69,69,3,recov,0.09428571428571429,2.361425593016979,73.33333333333334,2.221421685886839
70,70,4,recov,0.09428571428571429,2.361425593016979,73.33333333333334,2.221421685886839
71,71,5,recov,0.09428571428571429,2.361425593016979,73.33333333333334,2.221421685886839
72,72,3,recov,0.10539428571428572,2.250046859579055,73.33333333333334,2.221421685886839
73,73,4,recov,0.10539428571428572,2.250046859579055,73.33333333333334,2.221421685886839
74,74,5,recov,0.10539428571428572,2.250046859579055,73.33333333333334,2.221421685886839
75,75,3,recov,0.10779373714285714,2.2275357191999725,73.33333333333334,2.221421685886839
76,76,4,recov,0.10779373714285714,2.2275357191999725,73.33333333333334,2.221421685886839
77,77,5,recov,0.10779373714285714,2.2275357191999725,73.33333333333334,2.221421685886839
78,78,3,recov,0.10831201865142857,2.222739155588399,73.33333333333334,2.221421685886839
79,79,4,recov,0.10831201865142857,2.222739155588399,73.33333333333334,2.221421685886839
80,80,5,recov,0.10831201865142857,2.222739155588399,73.33333333333334,2.221421685886839
81,81,3,recov,0.10842396745728002,2.221706112411609,73.33333333333334,2.221421685886839
82,82,4,recov,0.10842396745728002,2.221706112411609,73.33333333333334,2.221421685886839
83,83,5,recov,0.10842396745728002,2.221706112411609,73.33333333333334,2.221421685886839
84,84,3,recov,0.10844814839934391,2.2214831151667247,73.33333333333334,2.221421685886839
85,85,4,recov,0.10844814839934391,2.2214831151667247,73.33333333333334,2.221421685886839
86,86,5,recov,0.10844814839934391,2.2214831151667247,73.33333333333334,2.221421685886839
87,87,3,recov,0.10845337148282973,2.2214349542917833,73.33333333333334,2.221421685886839
88,88,4,recov,0.10845337148282973,2.2214349542917833,73.33333333333334,2.221421685886839
89,89,5,recov,0.10845337148282973,2.2214349542917833,73.33333333333334,2.221421685886839
90,90,3,recov,0.10845449966886266,2.2214245518474005,73.33333333333334,2.221421685886839
91,91,4,recov,0.10845449966886266,2.2214245518474005,73.33333333333334,2.221421685886839
92,92,5,recov,0.10845449966886266,2.2214245518474005,73.33333333333334,2.221421685886839
93,93,3,recov,0.10845474335704576,2.221422304933625,73.33333333333334,2.221421685886839
94,94,4,recov,0.10845474335704576,2.221422304933625,73.33333333333334,2.221421685886839
95,95,5,recov,0.10845474335704576,2.221422304933625,73.33333333333334,2.221421685886839
96,96,3,recov,0.10845479599369333,2.2214218196009123,73.33333333333334,2.221421685886839
97,97,4,recov,0.10845479599369333,2.2214218196009123,73.33333333333334,2.221421685886839
98,98,5,recov,0.10845479599369333,2.2214218196009123,73.33333333333334,2.221421685886839
99,99,3,recov,0.10845480736320917,2.2214217147690776,73.33333333333334,2.221421685886839
100,100,4,recov,0.10845480736320917,2.2214217147690776,73.33333333333334,2.221421685886839
101,101,5,recov,0.10845480736320917,2.2214217147690776,73.33333333333334,2.221421685886839
102,102,3,recov,0.10845480981902461,2.2214216921254026,73.33333333333334,2.221421685886839
103,103,4,recov,0.10845480981902461,2.2214216921254026,73.33333333333334,2.221421685886839
104,104,5,recov,0.10845480981902461,2.2214216921254026,73.33333333333334,2.221421685886839
105,105,3,recov,0.10845481034948076,2.2214216872343684,73.33333333333334,2.221421685886839
106,106,4,recov,0.10845481034948076,2.2214216872343684,73.33333333333334,2.221421685886839
107,107,5,recov,0.10845481034948076,2.2214216872343684,73.33333333333334,2.221421685886839
108,108,3,recov,0.10845481046405928,2.2214216861779055,73.33333333333334,2.221421685886839
109,109,4,recov,0.10845481046405928,2.2214216861779055,73.33333333333334,2.221421685886839
110,110,5,recov,0.10845481046405928,2.2214216861779055,73.33333333333334,2.221421685886839
111,111,3,recov,0.10845481048880823,2.2214216859497093,73.33333333333334,2.221421685886839
112,112,4,recov,0.10845481048880823,2.2214216859497093,73.33333333333334,2.221421685886839
113,113,5,recov,0.10845481048880823,2.2214216859497093,73.33333333333334,2.221421685886839
114,114,3,recov,0.10845481049415401,2.221421685900419,73.33333333333334,2.221421685886839
115,115,4,recov,0.10845481049415401,2.221421685900419,73.33333333333334,2.221421685886839
116,116,5,recov,0.10845481049415401,2.221421685900419,73.33333333333334,2.221421685886839
117,117,3,recov,0.10845481049530871,2.221421685889772,73.33333333333334,2.221421685886839
118,118,4,recov,0.10845481049530871,2.221421685889772,73.33333333333334,2.221421685886839
119,119,5,recov,0.10845481049530871,2.221421685889772,73.33333333333334,2.221421685886839
120,120,3,recov,0.1084548104955581,2.221421685887473,73.33333333333334,2.221421685886839
121,121,4,recov,0.1084548104955581,2.221421685887473,73.33333333333334,2.221421685886839
122,122,5,recov,0.1084548104955581,2.221421685887473,73.33333333333334,2.221421685886839
123,123,3,recov,0.108454810495612,2.221421685886976,73.33333333333334,2.221421685886839
124,124,4,recov,0.108454810495612,2.221421685886976,73.33333333333334,2.221421685886839
125,125,5,recov,0.108454810495612,2.221421685886976,73.33333333333334,2.221421685886839
126,126,3,recov,0.10845481049562364,2.2214216858868685,73.33333333333334,2.221421685886839
127,127,4,recov,0.10845481049562364,2.2214216858868685,73.33333333333334,2.221421685886839
128,128,5,recov,0.10845481049562364,2.2214216858868685,73.33333333333334,2.221421685886839
129,129,3,recov,0.10845481049562614,2.2214216858868454,73.33333333333334,2.221421685886839
130,130,4,recov,0.10845481049562614,2.2214216858868454,73.33333333333334,2.221421685886839
131,131,5,recov,0.10845481049562614,2.2214216858868454,73.33333333333334,2.221421685886839
132,132,3,recov,0.10845481049562668,2.2214216858868405,73.33333333333334,2.221421685886839
133,133,4,recov,0.10845481049562668,2.2214216858868405,73.33333333333334,2.221421685886839
134,134,5,recov,0.10845481049562668,2.2214216858868405,73.33333333333334,2.221421685886839
135,135,3,recov,0.10845481049562679,2.221421685886839,73.33333333333334,2.221421685886839
136,136,4,recov,0.10845481049562679,2.221421685886839,73.33333333333334,2.221421685886839
137,137,5,recov,0.10845481049562679,2.221421685886839,73.33333333333334,2.221421685886839
138,138,0,fam_r,0.04285714285714287,3.149882953381249,73.33333333333334,2.221421685886839
139,139,1,fam_r,0.04285714285714287,3.149882953381249,73.33333333333334,2.221421685886839
140,140,2,fam_r,0.04285714285714287,3.149882953381249,73.33333333333334,2.221421685886839
141,141,0,fam_r,0.09428571428571429,2.361425593016979,73.33333333333334,2.221421685886839
142,142,1,fam_r,0.09428571428571429,2.361425593016979,73.33333333333334,2.221421685886839
143,143,2,fam_r,0.09428571428571429,2.361425593016979,73.33333333333334,2.221421685886839
144,144,0,fam_r,0.10539428571428572,2.250046859579055,73.33333333333334,2.221421685886839
145,145,1,fam_r,0.10539428571428572,2.250046859579055,73.33333333333334,2.221421685886839
146,146,2,fam_r,0.10539428571428572,2.250046859579055,73.33333333333334,2.221421685886839
147,147,0,fam_r,0.10779373714285714,2.2275357191999725,73.33333333333334,2.221421685886839
148,148,1,fam_r,0.10779373714285714,2.2275357191999725,73.33333333333334,2.221421685886839
149,149,2,fam_r,0.10779373714285714,2.2275357191999725,73.33333333333334,2.221421685886839
150,150,0,fam_r,0.10831201865142857,2.222739155588399,73.33333333333334,2.221421685886839
151,151,1,fam_r,0.10831201865142857,2.222739155588399,73.33333333333334,2.221421685886839
152,152,2,fam_r,0.10831201865142857,2.222739155588399,73.33333333333334,2.221421685886839
0,0,0,fam,0.06666666666666667,2.70805020110221,146.66666666666669,2.221421685886839
1,1,1,fam,0.05454545454545454,2.908720896564361,146.66666666666669,2.221421685886839
2,2,2,fam,0.04918032786885246,3.012261575505202,146.66666666666669,2.221421685886839
3,3,0,fam,0.10216718266253869,2.2811447617561766,146.66666666666669,2.221421685886839
4,4,1,fam,0.09886159376872378,2.3140344497612544,146.66666666666669,2.221421685886839
5,5,2,fam,0.09697895850476078,2.3332612466412033,146.66666666666669,2.221421685886839
6,6,0,fam,0.1071802143139397,2.2332436153471793,146.66666666666669,2.221421685886839
7,7,1,fam,0.10645862866694679,2.239998832525197,146.66666666666669,2.221421685886839
8,8,2,fam,0.10603032223468045,2.2440301669593525,146.66666666666669,2.221421685886839
9,9,0,fam,0.1081831073099303,2.223930049435651,146.66666666666669,2.221421685886839
10,10,1,fam,0.1080270221762738,2.2253738778181837,146.66666666666669,2.221421685886839
11,11,2,fam,0.10793358709872478,2.22623917527861,146.66666666666669,2.221421685886839
12,12,0,fam,0.10839628833919453,2.221961430976142,146.66666666666669,2.221421685886839
13,13,1,fam,0.10836256473359908,2.2222725934074754,146.66666666666669,2.221421685886839
14,14,2,fam,0.10834234064057321,2.2224592444022893,146.66666666666669,2.221421685886839
15,15,0,fam,0.10844217741567842,2.2215381751021512,146.66666666666669,2.221421685886839
16,16,1,fam,0.1084348926983552,2.221605353410325,146.66666666666669,2.221421685886839
17,17,2,fam,0.10843052233772653,2.2216456582291317,146.66666666666669,2.221421685886839
18,18,0,fam,0.10845208210961521,2.2214468430958054,146.66666666666669,2.221421685886839
19,19,1,fam,0.10845050859126244,2.221461352082053,146.66666666666669,2.221421685886839
20,20,2,fam,0.10844956450216739,2.2214700573727577,146.66666666666669,2.221421685886839
21,21,0,fam,0.10845422118100713,2.221427119635864,146.66666666666669,2.221421685886839
22,22,1,fam,0.10845388130013847,2.2214302535055976,146.66666666666669,2.221421685886839
23,23,2,fam,0.10845367737263979,2.2214321338227236,146.66666666666669,2.221421685886839
24,24,0,fam,0.10845468320445084,2.2214228595669194,146.66666666666669,2.221421685886839
25,25,1,fam,0.10845460979014103,2.2214235364794552,146.66666666666669,2.221421685886839
26,26,2,fam,0.10845456574160284,2.2214239426267572,146.66666666666669,2.221421685886839
27,27,0,fam,0.10845478300076927,2.2214219394012837,146.66666666666669,2.221421685886839
28,28,1,fam,0.10845476714327638,2.221422085614236,146.66666666666669,2.221421685886839
29,29,2,fam,0.10845475762878287,2.2214221733419977,146.66666666666669,2.221421685886839
30,30,0,fam,0.1084548045567393,2.221421740645938,146.66666666666669,2.221421685886839
31,31,1,fam,0.10845480113152073,2.2214217722279286,146.66666666666669,2.221421685886839
32,32,2,fam,0.1084547990763897,2.2214217911771224,146.66666666666669,2.221421685886839
33,33,0,fam,0.10845480921282717,2.2214216977148036,146.66666666666669,2.221421685886839
34,34,1,fam,0.10845480847297996,2.2214217045365134,146.66666666666669,2.221421685886839
35,35,2,fam,0.10845480802907163,2.221421708629539,146.66666666666669,2.221421685886839
36,36,0,fam,0.1084548102185421,2.2214216884416795,146.66666666666669,2.221421685886839
37,37,1,fam,0.1084548100587351,2.221421689915169,146.66666666666669,2.221421685886839
38,38,2,fam,0.1084548099628509,2.221421690799262,146.66666666666669,2.221421685886839
39,39,0,fam,0.10845481043577652,2.2214216864386844,146.66666666666669,2.221421685886839
40,40,1,fam,0.1084548104012582,2.2214216867569583,146.66666666666669,2.221421685886839
41,41,2,fam,0.10845481038054722,2.2214216869479224,146.66666666666669,2.221421685886839
42,42,0,fam,0.10845481048269916,2.2214216860060376,146.66666666666669,2.221421685886839
43,43,1,fam,0.1084548104752432,2.221421686074785,146.66666666666669,2.221421685886839
44,44,2,fam,0.10845481047076963,2.221421686116033,146.66666666666669,2.221421685886839
45,45,0,fam,0.10845481049283442,2.221421685912586,146.66666666666669,2.221421685886839
46,46,1,fam,0.10845481049122395,2.2214216859274356,146.66666666666669,2.221421685886839
47,47,2,fam,0.10845481049025767,2.221421685936345,146.66666666666669,2.221421685886839
48,48,0,fam,0.10845481049502367,2.2214216858924005,146.66666666666669,2.221421685886839
49,49,1,fam,0.1084548104946758,2.2214216858956077,146.66666666666669,2.221421685886839
50,50,2,fam,0.10845481049446709,2.2214216858975324,146.66666666666669,2.221421685886839
51,51,0,fam,0.10845481049549655,2.2214216858880405,146.66666666666669,2.221421685886839
52,52,1,fam,0.10845481049542141,2.2214216858887332,146.66666666666669,2.221421685886839
53,53,2,fam,0.10845481049537634,2.2214216858891485,146.66666666666669,2.221421685886839
54,54,0,fam,0.10845481049559866,2.2214216858870985,146.66666666666669,2.221421685886839
55,55,1,fam,0.10845481049558243,2.221421685887248,146.66666666666669,2.221421685886839
56,56,2,fam,0.10845481049557269,2.2214216858873383,146.66666666666669,2.221421685886839
57,57,0,fam,0.10845481049562074,2.221421685886895,146.66666666666669,2.221421685886839
58,58,1,fam,0.10845481049561724,2.2214216858869276,146.66666666666669,2.221421685886839
59,59,2,fam,0.10845481049561513,2.2214216858869467,146.66666666666669,2.221421685886839
60,60,0,fam,0.10845481049562551,2.221421685886851,146.66666666666669,2.221421685886839
61,61,1,fam,0.10845481049562475,2.2214216858868583,146.66666666666669,2.221421685886839
62,62,2,fam,0.1084548104956243,2.2214216858868623,146.66666666666669,2.221421685886839
63,63,0,fam,0.10845481049562654,2.221421685886842,146.66666666666669,2.221421685886839
64,64,1,fam,0.10845481049562637,2.221421685886843,146.66666666666669,2.221421685886839
65,65,2,fam,0.10845481049562627,2.221421685886844,146.66666666666669,2.221421685886839
66,66,3,recov,0.04285714285714289,3.1498829533812485,146.66666666666669,2.221421685886839
67,67,4,recov,0.04285714285714288,3.149882953381249,146.66666666666669,2.221421685886839
68,68,5,recov,0.042857142857142864,3.149882953381249,146.66666666666669,2.221421685886839
69,69,3,recov,0.09428571428571429,2.361425593016979,146.66666666666669,2.221421685886839
70,70,4,recov,0.09428571428571429,2.361425593016979,146.66666666666669,2.221421685886839
71,71,5,recov,0.09428571428571429,2.361425593016979,146.66666666666669,2.221421685886839
72,72,3,recov,0.10539428571428572,2.250046859579055,146.66666666666669,2.221421685886839
73,73,4,recov,0.10539428571428572,2.250046859579055,146.66666666666669,2.221421685886839
74,74,5,recov,0.10539428571428572,2.250046859579055,146.66666666666669,2.221421685886839
75,75,3,recov,0.10779373714285714,2.2275357191999725,146.66666666666669,2.221421685886839
76,76,4,recov,0.10779373714285714,2.2275357191999725,146.66666666666669,2.221421685886839
77,77,5,recov,0.10779373714285714,2.2275357191999725,146.66666666666669,2.221421685886839
78,78,3,recov,0.10831201865142857,2.222739155588399,146.66666666666669,2.221421685886839
79,79,4,recov,0.10831201865142857,2.222739155588399,146.66666666666669,2.221421685886839
80,80,5,recov,0.10831201865142857,2.222739155588399,146.66666666666669,2.221421685886839
81,81,3,recov,0.10842396745728002,2.221706112411609,146.66666666666669,2.221421685886839
82,82,4,recov,0.10842396745728002,2.221706112411609,146.66666666666669,2.221421685886839
83,83,5,recov,0.10842396745728002,2.221706112411609,146.66666666666669,2.221421685886839
84,84,3,recov,0.10844814839934391,2.2214831151667247,146.66666666666669,2.221421685886839
85,85,4,recov,0.10844814839934391,2.2214831151667247,146.66666666666669,2.221421685886839
86,86,5,recov,0.10844814839934391,2.2214831151667247,146.66666666666669,2.221421685886839
87,87,3,recov,0.10845337148282973,2.2214349542917833,146.66666666666669,2.221421685886839
88,88,4,recov,0.10845337148282973,2.2214349542917833,146.66666666666669,2.221421685886839
89,89,5,recov,0.10845337148282973,2.2214349542917833,146.66666666666669,2.221421685886839
90,90,3,recov,0.10845449966886266,2.2214245518474005,146.66666666666669,2.221421685886839
91,91,4,recov,0.10845449966886266,2.2214245518474005,146.66666666666669,2.221421685886839
92,92,5,recov,0.10845449966886266,2.2214245518474005,146.66666666666669,2.221421685886839
93,93,3,recov,0.10845474335704576,2.221422304933625,146.66666666666669,2.221421685886839
94,94,4,recov,0.10845474335704576,2.221422304933625,146.66666666666669,2.221421685886839
95,95,5,recov,0.10845474335704576,2.221422304933625,146.66666666666669,2.221421685886839
96,96,3,recov,0.10845479599369333,2.2214218196009123,146.66666666666669,2.221421685886839
97,97,4,recov,0.10845479599369333,2.2214218196009123,146.66666666666669,2.221421685886839
98,98,5,recov,0.10845479599369333,2.2214218196009123,146.66666666666669,2.221421685886839
99,99,3,recov,0.10845480736320917,2.2214217147690776,146.66666666666669,2.221421685886839
100,100,4,recov,0.10845480736320917,2.2214217147690776,146.66666666666669,2.221421685886839
101,101,5,recov,0.10845480736320917,2.2214217147690776,146.66666666666669,2.221421685886839
102,102,3,recov,0.10845480981902461,2.2214216921254026,146.66666666666669,2.221421685886839
103,103,4,recov,0.10845480981902461,2.2214216921254026,146.66666666666669,2.221421685886839
104,104,5,recov,0.10845480981902461,2.2214216921254026,146.66666666666669,2.221421685886839
105,105,3,recov,0.10845481034948076,2.2214216872343684,146.66666666666669,2.221421685886839
106,106,4,recov,0.10845481034948076,2.2214216872343684,146.66666666666669,2.221421685886839
107,107,5,recov,0.10845481034948076,2.2214216872343684,146.66666666666669,2.221421685886839
108,108,3,recov,0.10845481046405928,2.2214216861779055,146.66666666666669,2.221421685886839
109,109,4,recov,0.10845481046405928,2.2214216861779055,146.66666666666669,2.221421685886839
110,110,5,recov,0.10845481046405928,2.2214216861779055,146.66666666666669,2.221421685886839
111,111,3,recov,0.10845481048880823,2.2214216859497093,146.66666666666669,2.221421685886839
112,112,4,recov,0.10845481048880823,2.2214216859497093,146.66666666666669,2.221421685886839
113,113,5,recov,0.10845481048880823,2.2214216859497093,146.66666666666669,2.221421685886839
114,114,3,recov,0.10845481049415401,2.221421685900419,146.66666666666669,2.221421685886839
115,115,4,recov,0.10845481049415401,2.221421685900419,146.66666666666669,2.221421685886839
116,116,5,recov,0.10845481049415401,2.221421685900419,146.66666666666669,2.221421685886839
117,117,3,recov,0.10845481049530871,2.221421685889772,146.66666666666669,2.221421685886839
118,118,4,recov,0.10845481049530871,2.221421685889772,146.66666666666669,2.221421685886839
119,119,5,recov,0.10845481049530871,2.221421685889772,146.66666666666669,2.221421685886839
120,120,3,recov,0.1084548104955581,2.221421685887473,146.66666666666669,2.221421685886839
121,121,4,recov,0.1084548104955581,2.221421685887473,146.66666666666669,2.221421685886839
122,122,5,recov,0.1084548104955581,2.221421685887473,146.66666666666669,2.221421685886839
123,123,3,recov,0.108454810495612,2.221421685886976,146.66666666666669,2.221421685886839
124,124,4,recov,0.108454810495612,2.221421685886976,146.66666666666669,2.221421685886839
125,125,5,recov,0.108454810495612,2.221421685886976,146.66666666666669,2.221421685886839
126,126,3,recov,0.10845481049562364,2.2214216858868685,146.66666666666669,2.221421685886839
127,127,4,recov,0.10845481049562364,2.2214216858868685,146.66666666666669,2.221421685886839
128,128,5,recov,0.10845481049562364,2.2214216858868685,146.66666666666669,2.221421685886839
129,129,3,recov,0.10845481049562614,2.2214216858868454,146.66666666666669,2.221421685886839
130,130,4,recov,0.10845481049562614,2.2214216858868454,146.66666666666669,2.221421685886839
131,131,5,recov,0.10845481049562614,2.2214216858868454,146.66666666666669,2.221421685886839
132,132,3,recov,0.10845481049562668,2.2214216858868405,146.66666666666669,2.221421685886839
133,133,4,recov,0.10845481049562668,2.2214216858868405,146.66666666666669,2.221421685886839
134,134,5,recov,0.10845481049562668,2.2214216858868405,146.66666666666669,2.221421685886839
135,135,3,recov,0.10845481049562679,2.221421685886839,146.66666666666669,2.221421685886839
136,136,4,recov,0.10845481049562679,2.221421685886839,146.66666666666669,2.221421685886839
137,137,5,recov,0.10845481049562679,2.221421685886839,146.66666666666669,2.221421685886839
138,138,3,recov,0.10845481049562682,2.221421685886839,146.66666666666669,2.221421685886839
139,139,4,recov,0.10845481049562682,2.221421685886839,146.66666666666669,2.221421685886839
140,140,5,recov,0.10845481049562682,2.221421685886839,146.66666666666669,2.221421685886839
141,141,3,recov,0.10845481049562683,2.221421685886839,146.66666666666669,2.221421685886839
142,142,4,recov,0.10845481049562683,2.221421685886839,146.66666666666669,2.221421685886839
143,143,5,recov,0.10845481049562683,2.221421685886839,146.66666666666669,2.221421685886839
144,144,3,recov,0.10845481049562683,2.221421685886839,146.66666666666669,2.221421685886839
145,145,4,recov,0.10845481049562683,2.221421685886839,146.66666666666669,2.221421685886839
146,146,5,recov,0.10845481049562683,2.221421685886839,146.66666666666669,2.221421685886839
147,147,3,recov,0.10845481049562683,2.221421685886839,146.66666666666669,2.221421685886839
148,148,4,recov,0.10845481049562683,2.221421685886839,146.66666666666669,2.221421685886839
149,149,5,recov,0.10845481049562683,2.221421685886839,146.66666666666669,2.221421685886839
150,150,3,recov,0.10845481049562683,2.221421685886839,146.66666666666669,2.221421685886839
151,151,4,recov,0.10845481049562683,2.221421685886839,146.66666666666669,2.221421685886839
152,152,5,recov,0.10845481049562683,2.221421685886839,146.66666666666669,2.221421685886839
153,153,3,recov,0.10845481049562683,2.221421685886839,146.66666666666669,2.221421685886839
154,154,4,recov,0.10845481049562683,2.221421685886839,146.66666666666669,2.221421685886839
155,155,5,recov,0.10845481049562683,2.221421685886839,146.66666666666669,2.221421685886839
156,156,3,recov,0.10845481049562683,2.221421685886839,146.66666666666669,2.221421685886839
157,157,4,recov,0.10845481049562683,2.221421685886839,146.66666666666669,2.221421685886839
158,158,5,recov,0.10845481049562683,2.221421685886839,146.66666666666669,2.221421685886839
159,159,3,recov,0.10845481049562683,2.221421685886839,146.66666666666669,2.221421685886839
160,160,4,recov,0.10845481049562683,2.221421685886839,146.66666666666669,2.221421685886839
161,161,5,recov,0.10845481049562683,2.221421685886839,146.66666666666669,2.221421685886839
162,162,3,recov,0.10845481049562683,2.221421685886839,146.66666666666669,2.221421685886839
163,163,4,recov,0.10845481049562683,2.221421685886839,146.66666666666669,2.221421685886839
164,164,5,recov,0.10845481049562683,2.221421685886839,146.66666666666669,2.221421685886839
165,165,3,recov,0.10845481049562683,2.221421685886839,146.66666666666669,2.221421685886839
166,166,4,recov,0.10845481049562683,2.221421685886839,146.66666666666669,2.221421685886839
167,167,5,recov,0.10845481049562683,2.221421685886839,146.66666666666669,2.221421685886839
168,168,3,recov,0.10845481049562683,2.221421685886839,146.66666666666669,2.221421685886839
169,169,4,recov,0.10845481049562683,2.221421685886839,146.66666666666669,2.221421685886839
170,170,5,recov,0.10845481049562683,2.221421685886839,146.66666666666669,2.221421685886839
171,171,3,recov,0.10845481049562683,2.221421685886839,146.66666666666669,2.221421685886839
172,172,4,recov,0.10845481049562683,2.221421685886839,146.66666666666669,2.221421685886839
173,173,5,recov,0.10845481049562683,2.221421685886839,146.66666666666669,2.221421685886839
174,174,3,recov,0.10845481049562683,2.221421685886839,146.66666666666669,2.221421685886839
175,175,4,recov,0.10845481049562683,2.221421685886839,146.66666666666669,2.221421685886839
176,176,5,recov,0.10845481049562683,2.221421685886839,146.66666666666669,2.221421685886839
177,177,3,recov,0.10845481049562683,2.221421685886839,146.66666666666669,2.221421685886839
178,178,4,recov,0.10845481049562683,2.221421685886839,146.66666666666669,2.221421685886839
179,179,5,recov,0.10845481049562683,2.221421685886839,146.66666666666669,2.221421685886839
180,180,3,recov,0.10845481049562683,2.221421685886839,146.66666666666669,2.221421685886839
181,181,4,recov,0.10845481049562683,2.221421685886839,146.66666666666669,2.221421685886839
182,182,5,recov,0.10845481049562683,2.221421685886839,146.66666666666669,2.221421685886839
183,183,3,recov,0.10845481049562683,2.221421685886839,146.66666666666669,2.221421685886839
184,184,4,recov,0.10845481049562683,2.221421685886839,146.66666666666669,2.221421685886839
185,185,5,recov,0.10845481049562683,2.221421685886839,146.66666666666669,2.221421685886839
186,186,3,recov,0.10845481049562683,2.221421685886839,146.66666666666669,2.221421685886839
187,187,4,recov,0.10845481049562683,2.221421685886839,146.66666666666669,2.221421685886839
188,188,5,recov,0.10845481049562683,2.221421685886839,146.66666666666669,2.221421685886839
189,189,3,recov,0.10845481049562683,2.221421685886839,146.66666666666669,2.221421685886839
190,190,4,recov,0.10845481049562683,2.221421685886839,146.66666666666669,2.221421685886839
191,191,5,recov,0.10845481049562683,2.221421685886839,146.66666666666669,2.221421685886839
192,192,3,recov,0.10845481049562683,2.221421685886839,146.66666666666669,2.221421685886839
193,193,4,recov,0.10845481049562683,2.221421685886839,146.66666666666669,2.221421685886839
194,194,5,recov,0.10845481049562683,2.221421685886839,146.66666666666669,2.221421685886839
195,195,3,recov,0.10845481049562683,2.221421685886839,146.66666666666669,2.221421685886839
196,196,4,recov,0.10845481049562683,2.221421685886839,146.66666666666669,2.221421685886839
197,197,5,recov,0.10845481049562683,2.221421685886839,146.66666666666669,2.221421685886839
198,198,3,recov,0.10845481049562683,2.221421685886839,146.66666666666669,2.221421685886839
199,199,4,recov,0.10845481049562683,2.221421685886839,146.66666666666669,2.221421685886839
200,200,5,recov,0.10845481049562683,2.221421685886839,146.66666666666669,2.221421685886839
201,201,3,recov,0.10845481049562683,2.221421685886839,146.66666666666669,2.221421685886839
202,202,4,recov,0.10845481049562683,2.221421685886839,146.66666666666669,2.221421685886839
203,203,5,recov,0.10845481049562683,2.221421685886839,146.66666666666669,2.221421685886839
204,204,3,recov,0.10845481049562683,2.221421685886839,146.66666666666669,2.221421685886839
205,205,4,recov,0.10845481049562683,2.221421685886839,146.66666666666669,2.221421685886839
206,206,5,recov,0.10845481049562683,2.221421685886839,146.66666666666669,2.221421685886839
207,207,3,recov,0.10845481049562683,2.221421685886839,146.66666666666669,2.221421685886839
208,208,4,recov,0.10845481049562683,2.221421685886839,146.66666666666669,2.221421685886839
209,209,5,recov,0.10845481049562683,2.221421685886839,146.66666666666669,2.221421685886839
210,210,3,recov,0.10845481049562683,2.221421685886839,146.66666666666669,2.221421685886839
211,211,4,recov,0.10845481049562683,2.221421685886839,146.66666666666669,2.221421685886839
212,212,5,recov,0.10845481049562683,2.221421685886839,146.66666666666669,2.221421685886839
213,213,0,fam_r,0.04285714285714286,3.1498829533812494,146.66666666666669,2.221421685886839
214,214,1,fam_r,0.04285714285714286,3.1498829533812494,146.66666666666669,2.221421685886839
215,215,2,fam_r,0.04285714285714286,3.1498829533812494,146.66666666666669,2.221421685886839
216,216,0,fam_r,0.09428571428571429,2.361425593016979,146.66666666666669,2.221421685886839
217,217,1,fam_r,0.09428571428571429,2.361425593016979,146.66666666666669,2.221421685886839
218,218,2,fam_r,0.09428571428571429,2.361425593016979,146.66666666666669,2.221421685886839
219,219,0,fam_r,0.10539428571428572,2.250046859579055,146.66666666666669,2.221421685886839
220,220,1,fam_r,0.10539428571428572,2.250046859579055,146.66666666666669,2.221421685886839
221,221,2,fam_r,0.10539428571428572,2.250046859579055,146.66666666666669,2.221421685886839
222,222,0,fam_r,0.10779373714285714,2.2275357191999725,146.66666666666669,2.221421685886839
223,223,1,fam_r,0.10779373714285714,2.2275357191999725,146.66666666666669,2.221421685886839
224,224,2,fam_r,0.10779373714285714,2.2275357191999725,146.66666666666669,2.221421685886839
225,225,0,fam_r,0.10831201865142857,2.222739155588399,146.66666666666669,2.221421685886839
226,226,1,fam_r,0.10831201865142857,2.222739155588399,146.66666666666669,2.221421685886839
227,227,2,fam_r,0.10831201865142857,2.222739155588399,146.66666666666669,2.221421685886839
0,0,0,fam,0.06666666666666667,2.70805020110221,220.0,2.221421685886839
1,1,1,fam,0.05454545454545454,2.908720896564361,220.0,2.221421685886839
2,2,2,fam,0.04918032786885246,3.012261575505202,220.0,2.221421685886839
3,3,0,fam,0.10216718266253869,2.2811447617561766,220.0,2.221421685886839
4,4,1,fam,0.09886159376872378,2.3140344497612544,220.0,2.221421685886839
5,5,2,fam,0.09697895850476078,2.3332612466412033,220.0,2.221421685886839
6,6,0,fam,0.1071802143139397,2.2332436153471793,220.0,2.221421685886839
7,7,1,fam,0.10645862866694679,2.239998832525197,220.0,2.221421685886839
8,8,2,fam,0.10603032223468045,2.2440301669593525,220.0,2.221421685886839
9,9,0,fam,0.1081831073099303,2.223930049435651,220.0,2.221421685886839
10,10,1,fam,0.1080270221762738,2.2253738778181837,220.0,2.221421685886839
11,11,2,fam,0.10793358709872478,2.22623917527861,220.0,2.221421685886839
12,12,0,fam,0.10839628833919453,2.221961430976142,220.0,2.221421685886839
13,13,1,fam,0.10836256473359908,2.2222725934074754,220.0,2.221421685886839
14,14,2,fam,0.10834234064057321,2.2224592444022893,220.0,2.221421685886839
15,15,0,fam,0.10844217741567842,2.2215381751021512,220.0,2.221421685886839
16,16,1,fam,0.1084348926983552,2.221605353410325,220.0,2.221421685886839
17,17,2,fam,0.10843052233772653,2.2216456582291317,220.0,2.221421685886839
18,18,0,fam,0.10845208210961521,2.2214468430958054,220.0,2.221421685886839
19,19,1,fam,0.10845050859126244,2.221461352082053,220.0,2.221421685886839
20,20,2,fam,0.10844956450216739,2.2214700573727577,220.0,2.221421685886839
21,21,0,fam,0.10845422118100713,2.221427119635864,220.0,2.221421685886839
22,22,1,fam,0.10845388130013847,2.2214302535055976,220.0,2.221421685886839
23,23,2,fam,0.10845367737263979,2.2214321338227236,220.0,2.221421685886839
24,24,0,fam,0.10845468320445084,2.2214228595669194,220.0,2.221421685886839
25,25,1,fam,0.10845460979014103,2.2214235364794552,220.0,2.221421685886839
26,26,2,fam,0.10845456574160284,2.2214239426267572,220.0,2.221421685886839
27,27,0,fam,0.10845478300076927,2.2214219394012837,220.0,2.221421685886839
28,28,1,fam,0.10845476714327638,2.221422085614236,220.0,2.221421685886839
29,29,2,fam,0.10845475762878287,2.2214221733419977,220.0,2.221421685886839
30,30,0,fam,0.1084548045567393,2.221421740645938,220.0,2.221421685886839
31,31,1,fam,0.10845480113152073,2.2214217722279286,220.0,2.221421685886839
32,32,2,fam,0.1084547990763897,2.2214217911771224,220.0,2.221421685886839
33,33,0,fam,0.10845480921282717,2.2214216977148036,220.0,2.221421685886839
34,34,1,fam,0.10845480847297996,2.2214217045365134,220.0,2.221421685886839
35,35,2,fam,0.10845480802907163,2.221421708629539,220.0,2.221421685886839
36,36,0,fam,0.1084548102185421,2.2214216884416795,220.0,2.221421685886839
37,37,1,fam,0.1084548100587351,2.221421689915169,220.0,2.221421685886839
38,38,2,fam,0.1084548099628509,2.221421690799262,220.0,2.221421685886839
39,39,0,fam,0.10845481043577652,2.2214216864386844,220.0,2.221421685886839
40,40,1,fam,0.1084548104012582,2.2214216867569583,220.0,2.221421685886839
41,41,2,fam,0.10845481038054722,2.2214216869479224,220.0,2.221421685886839
42,42,0,fam,0.10845481048269916,2.2214216860060376,220.0,2.221421685886839
43,43,1,fam,0.1084548104752432,2.221421686074785,220.0,2.221421685886839
44,44,2,fam,0.10845481047076963,2.221421686116033,220.0,2.221421685886839
45,45,0,fam,0.10845481049283442,2.221421685912586,220.0,2.221421685886839
46,46,1,fam,0.10845481049122395,2.2214216859274356,220.0,2.221421685886839
47,47,2,fam,0.10845481049025767,2.221421685936345,220.0,2.221421685886839
48,48,0,fam,0.10845481049502367,2.2214216858924005,220.0,2.221421685886839
49,49,1,fam,0.1084548104946758,2.2214216858956077,220.0,2.221421685886839
50,50,2,fam,0.10845481049446709,2.2214216858975324,220.0,2.221421685886839
51,51,0,fam,0.10845481049549655,2.2214216858880405,220.0,2.221421685886839
52,52,1,fam,0.10845481049542141,2.2214216858887332,220.0,2.221421685886839
53,53,2,fam,0.10845481049537634,2.2214216858891485,220.0,2.221421685886839
54,54,0,fam,0.10845481049559866,2.2214216858870985,220.0,2.221421685886839
55,55,1,fam,0.10845481049558243,2.221421685887248,220.0,2.221421685886839
56,56,2,fam,0.10845481049557269,2.2214216858873383,220.0,2.221421685886839
57,57,0,fam,0.10845481049562074,2.221421685886895,220.0,2.221421685886839
58,58,1,fam,0.10845481049561724,2.2214216858869276,220.0,2.221421685886839
59,59,2,fam,0.10845481049561513,2.2214216858869467,220.0,2.221421685886839
60,60,0,fam,0.10845481049562551,2.221421685886851,220.0,2.221421685886839
61,61,1,fam,0.10845481049562475,2.2214216858868583,220.0,2.221421685886839
62,62,2,fam,0.1084548104956243,2.2214216858868623,220.0,2.221421685886839
63,63,0,fam,0.10845481049562654,2.221421685886842,220.0,2.221421685886839
64,64,1,fam,0.10845481049562637,2.221421685886843,220.0,2.221421685886839
65,65,2,fam,0.10845481049562627,2.221421685886844,220.0,2.221421685886839
66,66,3,recov,0.04285714285714289,3.1498829533812485,220.0,2.221421685886839
67,67,4,recov,0.04285714285714288,3.149882953381249,220.0,2.221421685886839
68,68,5,recov,0.042857142857142864,3.149882953381249,220.0,2.221421685886839
69,69,3,recov,0.09428571428571429,2.361425593016979,220.0,2.221421685886839
70,70,4,recov,0.09428571428571429,2.361425593016979,220.0,2.221421685886839
71,71,5,recov,0.09428571428571429,2.361425593016979,220.0,2.221421685886839
72,72,3,recov,0.10539428571428572,2.250046859579055,220.0,2.221421685886839
73,73,4,recov,0.10539428571428572,2.250046859579055,220.0,2.221421685886839
74,74,5,recov,0.10539428571428572,2.250046859579055,220.0,2.221421685886839
75,75,3,recov,0.10779373714285714,2.2275357191999725,220.0,2.221421685886839
76,76,4,recov,0.10779373714285714,2.2275357191999725,220.0,2.221421685886839
77,77,5,recov,0.10779373714285714,2.2275357191999725,220.0,2.221421685886839
78,78,3,recov,0.10831201865142857,2.222739155588399,220.0,2.221421685886839
79,79,4,recov,0.10831201865142857,2.222739155588399,220.0,2.221421685886839
80,80,5,recov,0.10831201865142857,2.222739155588399,220.0,2.221421685886839
81,81,3,recov,0.10842396745728002,2.221706112411609,220.0,2.221421685886839
82,82,4,recov,0.10842396745728002,2.221706112411609,220.0,2.221421685886839
83,83,5,recov,0.10842396745728002,2.221706112411609,220.0,2.221421685886839
84,84,3,recov,0.10844814839934391,2.2214831151667247,220.0,2.221421685886839
85,85,4,recov,0.10844814839934391,2.2214831151667247,220.0,2.221421685886839
86,86,5,recov,0.10844814839934391,2.2214831151667247,220.0,2.221421685886839
87,87,3,recov,0.10845337148282973,2.2214349542917833,220.0,2.221421685886839
88,88,4,recov,0.10845337148282973,2.2214349542917833,220.0,2.221421685886839
89,89,5,recov,0.10845337148282973,2.2214349542917833,220.0,2.221421685886839
90,90,3,recov,0.10845449966886266,2.2214245518474005,220.0,2.221421685886839
91,91,4,recov,0.10845449966886266,2.2214245518474005,220.0,2.221421685886839
92,92,5,recov,0.10845449966886266,2.2214245518474005,220.0,2.221421685886839
93,93,3,recov,0.10845474335704576,2.221422304933625,220.0,2.221421685886839
94,94,4,recov,0.10845474335704576,2.221422304933625,220.0,2.221421685886839
95,95,5,recov,0.10845474335704576,2.221422304933625,220.0,2.221421685886839
96,96,3,recov,0.10845479599369333,2.2214218196009123,220.0,2.221421685886839
97,97,4,recov,0.10845479599369333,2.2214218196009123,220.0,2.221421685886839
98,98,5,recov,0.10845479599369333,2.2214218196009123,220.0,2.221421685886839
99,99,3,recov,0.10845480736320917,2.2214217147690776,220.0,2.221421685886839
100,100,4,recov,0.10845480736320917,2.2214217147690776,220.0,2.221421685886839
101,101,5,recov,0.10845480736320917,2.2214217147690776,220.0,2.221421685886839
102,102,3,recov,0.10845480981902461,2.2214216921254026,220.0,2.221421685886839
103,103,4,recov,0.10845480981902461,2.2214216921254026,220.0,2.221421685886839
104,104,5,recov,0.10845480981902461,2.2214216921254026,220.0,2.221421685886839
105,105,3,recov,0.10845481034948076,2.2214216872343684,220.0,2.221421685886839
106,106,4,recov,0.10845481034948076,2.2214216872343684,220.0,2.221421685886839
107,107,5,recov,0.10845481034948076,2.2214216872343684,220.0,2.221421685886839
108,108,3,recov,0.10845481046405928,2.2214216861779055,220.0,2.221421685886839
109,109,4,recov,0.10845481046405928,2.2214216861779055,220.0,2.221421685886839
110,110,5,recov,0.10845481046405928,2.2214216861779055,220.0,2.221421685886839
111,111,3,recov,0.10845481048880823,2.2214216859497093,220.0,2.221421685886839
112,112,4,recov,0.10845481048880823,2.2214216859497093,220.0,2.221421685886839
113,113,5,recov,0.10845481048880823,2.2214216859497093,220.0,2.221421685886839
114,114,3,recov,0.10845481049415401,2.221421685900419,220.0,2.221421685886839
115,115,4,recov,0.10845481049415401,2.221421685900419,220.0,2.221421685886839
116,116,5,recov,0.10845481049415401,2.221421685900419,220.0,2.221421685886839
117,117,3,recov,0.10845481049530871,2.221421685889772,220.0,2.221421685886839
118,118,4,recov,0.10845481049530871,2.221421685889772,220.0,2.221421685886839
119,119,5,recov,0.10845481049530871,2.221421685889772,220.0,2.221421685886839
120,120,3,recov,0.1084548104955581,2.221421685887473,220.0,2.221421685886839
121,121,4,recov,0.1084548104955581,2.221421685887473,220.0,2.221421685886839
122,122,5,recov,0.1084548104955581,2.221421685887473,220.0,2.221421685886839
123,123,3,recov,0.108454810495612,2.221421685886976,220.0,2.221421685886839
124,124,4,recov,0.108454810495612,2.221421685886976,220.0,2.221421685886839
125,125,5,recov,0.108454810495612,2.221421685886976,220.0,2.221421685886839
126,126,3,recov,0.10845481049562364,2.2214216858868685,220.0,2.221421685886839
127,127,4,recov,0.10845481049562364,2.2214216858868685,220.0,2.221421685886839
128,128,5,recov,0.10845481049562364,2.2214216858868685,220.0,2.221421685886839
129,129,3,recov,0.10845481049562614,2.2214216858868454,220.0,2.221421685886839
130,130,4,recov,0.10845481049562614,2.2214216858868454,220.0,2.221421685886839
131,131,5,recov,0.10845481049562614,2.2214216858868454,220.0,2.221421685886839
132,132,3,recov,0.10845481049562668,2.2214216858868405,220.0,2.221421685886839
133,133,4,recov,0.10845481049562668,2.2214216858868405,220.0,2.221421685886839
134,134,5,recov,0.10845481049562668,2.2214216858868405,220.0,2.221421685886839
135,135,3,recov,0.10845481049562679,2.221421685886839,220.0,2.221421685886839
136,136,4,recov,0.10845481049562679,2.221421685886839,220.0,2.221421685886839
137,137,5,recov,0.10845481049562679,2.221421685886839,220.0,2.221421685886839
138,138,3,recov,0.10845481049562682,2.221421685886839,220.0,2.221421685886839
139,139,4,recov,0.10845481049562682,2.221421685886839,220.0,2.221421685886839
140,140,5,recov,0.10845481049562682,2.221421685886839,220.0,2.221421685886839
141,141,3,recov,0.10845481049562683,2.221421685886839,220.0,2.221421685886839
142,142,4,recov,0.10845481049562683,2.221421685886839,220.0,2.221421685886839
143,143,5,recov,0.10845481049562683,2.221421685886839,220.0,2.221421685886839
144,144,3,recov,0.10845481049562683,2.221421685886839,220.0,2.221421685886839
145,145,4,recov,0.10845481049562683,2.221421685886839,220.0,2.221421685886839
146,146,5,recov,0.10845481049562683,2.221421685886839,220.0,2.221421685886839
147,147,3,recov,0.10845481049562683,2.221421685886839,220.0,2.221421685886839
148,148,4,recov,0.10845481049562683,2.221421685886839,220.0,2.221421685886839
149,149,5,recov,0.10845481049562683,2.221421685886839,220.0,2.221421685886839
150,150,3,recov,0.10845481049562683,2.221421685886839,220.0,2.221421685886839
151,151,4,recov,0.10845481049562683,2.221421685886839,220.0,2.221421685886839
152,152,5,recov,0.10845481049562683,2.221421685886839,220.0,2.221421685886839
153,153,3,recov,0.10845481049562683,2.221421685886839,220.0,2.221421685886839
154,154,4,recov,0.10845481049562683,2.221421685886839,220.0,2.221421685886839
155,155,5,recov,0.10845481049562683,2.221421685886839,220.0,2.221421685886839
156,156,3,recov,0.10845481049562683,2.221421685886839,220.0,2.221421685886839
157,157,4,recov,0.10845481049562683,2.221421685886839,220.0,2.221421685886839
158,158,5,recov,0.10845481049562683,2.221421685886839,220.0,2.221421685886839
159,159,3,recov,0.10845481049562683,2.221421685886839,220.0,2.221421685886839
160,160,4,recov,0.10845481049562683,2.221421685886839,220.0,2.221421685886839
161,161,5,recov,0.10845481049562683,2.221421685886839,220.0,2.221421685886839
162,162,3,recov,0.10845481049562683,2.221421685886839,220.0,2.221421685886839
163,163,4,recov,0.10845481049562683,2.221421685886839,220.0,2.221421685886839
164,164,5,recov,0.10845481049562683,2.221421685886839,220.0,2.221421685886839
165,165,3,recov,0.10845481049562683,2.221421685886839,220.0,2.221421685886839
166,166,4,recov,0.10845481049562683,2.221421685886839,220.0,2.221421685886839
167,167,5,recov,0.10845481049562683,2.221421685886839,220.0,2.221421685886839
168,168,3,recov,0.10845481049562683,2.221421685886839,220.0,2.221421685886839
169,169,4,recov,0.10845481049562683,2.221421685886839,220.0,2.221421685886839
170,170,5,recov,0.10845481049562683,2.221421685886839,220.0,2.221421685886839
171,171,3,recov,0.10845481049562683,2.221421685886839,220.0,2.221421685886839
172,172,4,recov,0.10845481049562683,2.221421685886839,220.0,2.221421685886839
173,173,5,recov,0.10845481049562683,2.221421685886839,220.0,2.221421685886839
174,174,3,recov,0.10845481049562683,2.221421685886839,220.0,2.221421685886839
175,175,4,recov,0.10845481049562683,2.221421685886839,220.0,2.221421685886839
176,176,5,recov,0.10845481049562683,2.221421685886839,220.0,2.221421685886839
177,177,3,recov,0.10845481049562683,2.221421685886839,220.0,2.221421685886839
178,178,4,recov,0.10845481049562683,2.221421685886839,220.0,2.221421685886839
179,179,5,recov,0.10845481049562683,2.221421685886839,220.0,2.221421685886839
180,180,3,recov,0.10845481049562683,2.221421685886839,220.0,2.221421685886839
181,181,4,recov,0.10845481049562683,2.221421685886839,220.0,2.221421685886839
182,182,5,recov,0.10845481049562683,2.221421685886839,220.0,2.221421685886839
183,183,3,recov,0.10845481049562683,2.221421685886839,220.0,2.221421685886839
184,184,4,recov,0.10845481049562683,2.221421685886839,220.0,2.221421685886839
185,185,5,recov,0.10845481049562683,2.221421685886839,220.0,2.221421685886839
186,186,3,recov,0.10845481049562683,2.221421685886839,220.0,2.221421685886839
187,187,4,recov,0.10845481049562683,2.221421685886839,220.0,2.221421685886839
188,188,5,recov,0.10845481049562683,2.221421685886839,220.0,2.221421685886839
189,189,3,recov,0.10845481049562683,2.221421685886839,220.0,2.221421685886839
190,190,4,recov,0.10845481049562683,2.221421685886839,220.0,2.221421685886839
191,191,5,recov,0.10845481049562683,2.221421685886839,220.0,2.221421685886839
192,192,3,recov,0.10845481049562683,2.221421685886839,220.0,2.221421685886839
193,193,4,recov,0.10845481049562683,2.221421685886839,220.0,2.221421685886839
194,194,5,recov,0.10845481049562683,2.221421685886839,220.0,2.221421685886839
195,195,3,recov,0.10845481049562683,2.221421685886839,220.0,2.221421685886839
196,196,4,recov,0.10845481049562683,2.221421685886839,220.0,2.221421685886839
197,197,5,recov,0.10845481049562683,2.221421685886839,220.0,2.221421685886839
198,198,3,recov,0.10845481049562683,2.221421685886839,220.0,2.221421685886839
199,199,4,recov,0.10845481049562683,2.221421685886839,220.0,2.221421685886839
200,200,5,recov,0.10845481049562683,2.221421685886839,220.0,2.221421685886839
201,201,3,recov,0.10845481049562683,2.221421685886839,220.0,2.221421685886839
202,202,4,recov,0.10845481049562683,2.221421685886839,220.0,2.221421685886839
203,203,5,recov,0.10845481049562683,2.221421685886839,220.0,2.221421685886839
204,204,3,recov,0.10845481049562683,2.221421685886839,220.0,2.221421685886839
205,205,4,recov,0.10845481049562683,2.221421685886839,220.0,2.221421685886839
206,206,5,recov,0.10845481049562683,2.221421685886839,220.0,2.221421685886839
207,207,3,recov,0.10845481049562683,2.221421685886839,220.0,2.221421685886839
208,208,4,recov,0.10845481049562683,2.221421685886839,220.0,2.221421685886839
209,209,5,recov,0.10845481049562683,2.221421685886839,220.0,2.221421685886839
210,210,3,recov,0.10845481049562683,2.221421685886839,220.0,2.221421685886839
211,211,4,recov,0.10845481049562683,2.221421685886839,220.0,2.221421685886839
212,212,5,recov,0.10845481049562683,2.221421685886839,220.0,2.221421685886839
213,213,3,recov,0.10845481049562683,2.221421685886839,220.0,2.221421685886839
214,214,4,recov,0.10845481049562683,2.221421685886839,220.0,2.221421685886839
215,215,5,recov,0.10845481049562683,2.221421685886839,220.0,2.221421685886839
216,216,3,recov,0.10845481049562683,2.221421685886839,220.0,2.221421685886839
217,217,4,recov,0.10845481049562683,2.221421685886839,220.0,2.221421685886839
218,218,5,recov,0.10845481049562683,2.221421685886839,220.0,2.221421685886839
219,219,3,recov,0.10845481049562683,2.221421685886839,220.0,2.221421685886839
220,220,4,recov,0.10845481049562683,2.221421685886839,220.0,2.221421685886839
221,221,5,recov,0.10845481049562683,2.221421685886839,220.0,2.221421685886839
222,222,3,recov,0.10845481049562683,2.221421685886839,220.0,2.221421685886839
223,223,4,recov,0.10845481049562683,2.221421685886839,220.0,2.221421685886839
224,224,5,recov,0.10845481049562683,2.221421685886839,220.0,2.221421685886839
225,225,3,recov,0.10845481049562683,2.221421685886839,220.0,2.221421685886839
226,226,4,recov,0.10845481049562683,2.221421685886839,220.0,2.221421685886839
227,227,5,recov,0.10845481049562683,2.221421685886839,220.0,2.221421685886839
228,228,3,recov,0.10845481049562683,2.221421685886839,220.0,2.221421685886839
229,229,4,recov,0.10845481049562683,2.221421685886839,220.0,2.221421685886839
230,230,5,recov,0.10845481049562683,2.221421685886839,220.0,2.221421685886839
231,231,3,recov,0.10845481049562683,2.221421685886839,220.0,2.221421685886839
232,232,4,recov,0.10845481049562683,2.221421685886839,220.0,2.221421685886839
233,233,5,recov,0.10845481049562683,2.221421685886839,220.0,2.221421685886839
234,234,3,recov,0.10845481049562683,2.221421685886839,220.0,2.221421685886839
235,235,4,recov,0.10845481049562683,2.221421685886839,220.0,2.221421685886839
236,236,5,recov,0.10845481049562683,2.221421685886839,220.0,2.221421685886839
237,237,3,recov,0.10845481049562683,2.221421685886839,220.0,2.221421685886839
238,238,4,recov,0.10845481049562683,2.221421685886839,220.0,2.221421685886839
239,239,5,recov,0.10845481049562683,2.221421685886839,220.0,2.221421685886839
240,240,3,recov,0.10845481049562683,2.221421685886839,220.0,2.221421685886839
241,241,4,recov,0.10845481049562683,2.221421685886839,220.0,2.221421685886839
242,242,5,recov,0.10845481049562683,2.221421685886839,220.0,2.221421685886839
243,243,3,recov,0.10845481049562683,2.221421685886839,220.0,2.221421685886839
244,244,4,recov,0.10845481049562683,2.221421685886839,220.0,2.221421685886839
245,245,5,recov,0.10845481049562683,2.221421685886839,220.0,2.221421685886839
246,246,3,recov,0.10845481049562683,2.221421685886839,220.0,2.221421685886839
247,247,4,recov,0.10845481049562683,2.221421685886839,220.0,2.221421685886839
248,248,5,recov,0.10845481049562683,2.221421685886839,220.0,2.221421685886839
249,249,3,recov,0.10845481049562683,2.221421685886839,220.0,2.221421685886839
250,250,4,recov,0.10845481049562683,2.221421685886839,220.0,2.221421685886839
251,251,5,recov,0.10845481049562683,2.221421685886839,220.0,2.221421685886839
252,252,3,recov,0.10845481049562683,2.221421685886839,220.0,2.221421685886839
253,253,4,recov,0.10845481049562683,2.221421685886839,220.0,2.221421685886839
254,254,5,recov,0.10845481049562683,2.221421685886839,220.0,2.221421685886839
255,255,3,recov,0.10845481049562683,2.221421685886839,220.0,2.221421685886839
256,256,4,recov,0.10845481049562683,2.221421685886839,220.0,2.221421685886839
257,257,5,recov,0.10845481049562683,2.221421685886839,220.0,2.221421685886839
258,258,3,recov,0.10845481049562683,2.221421685886839,220.0,2.221421685886839
259,259,4,recov,0.10845481049562683,2.221421685886839,220.0,2.221421685886839
260,260,5,recov,0.10845481049562683,2.221421685886839,220.0,2.221421685886839
261,261,3,recov,0.10845481049562683,2.221421685886839,220.0,2.221421685886839
262,262,4,recov,0.10845481049562683,2.221421685886839,220.0,2.221421685886839
263,263,5,recov,0.10845481049562683,2.221421685886839,220.0,2.221421685886839
264,264,3,recov,0.10845481049562683,2.221421685886839,220.0,2.221421685886839
265,265,4,recov,0.10845481049562683,2.221421685886839,220.0,2.221421685886839
266,266,5,recov,0.10845481049562683,2.221421685886839,220.0,2.221421685886839
267,267,3,recov,0.10845481049562683,2.221421685886839,220.0,2.221421685886839
268,268,4,recov,0.10845481049562683,2.221421685886839,220.0,2.221421685886839
269,269,5,recov,0.10845481049562683,2.221421685886839,220.0,2.221421685886839
270,270,3,recov,0.10845481049562683,2.221421685886839,220.0,2.221421685886839
271,271,4,recov,0.10845481049562683,2.221421685886839,220.0,2.221421685886839
272,272,5,recov,0.10845481049562683,2.221421685886839,220.0,2.221421685886839
273,273,3,recov,0.10845481049562683,2.221421685886839,220.0,2.221421685886839
274,274,4,recov,0.10845481049562683,2.221421685886839,220.0,2.221421685886839
275,275,5,recov,0.10845481049562683,2.221421685886839,220.0,2.221421685886839
276,276,3,recov,0.10845481049562683,2.221421685886839,220.0,2.221421685886839
277,277,4,recov,0.10845481049562683,2.221421685886839,220.0,2.221421685886839
278,278,5,recov,0.10845481049562683,2.221421685886839,220.0,2.221421685886839
279,279,3,recov,0.10845481049562683,2.221421685886839,220.0,2.221421685886839
280,280,4,recov,0.10845481049562683,2.221421685886839,220.0,2.221421685886839
281,281,5,recov,0.10845481049562683,2.221421685886839,220.0,2.221421685886839
282,282,3,recov,0.10845481049562683,2.221421685886839,220.0,2.221421685886839
283,283,4,recov,0.10845481049562683,2.221421685886839,220.0,2.221421685886839
284,284,5,recov,0.10845481049562683,2.221421685886839,220.0,2.221421685886839
285,285,0,fam_r,0.04285714285714286,3.1498829533812494,220.0,2.221421685886839
286,286,1,fam_r,0.04285714285714286,3.1498829533812494,220.0,2.221421685886839
287,287,2,fam_r,0.04285714285714286,3.1498829533812494,220.0,2.221421685886839
288,288,0,fam_r,0.09428571428571429,2.361425593016979,220.0,2.221421685886839
289,289,1,fam_r,0.09428571428571429,2.361425593016979,220.0,2.221421685886839
290,290,2,fam_r,0.09428571428571429,2.361425593016979,220.0,2.221421685886839
291,291,0,fam_r,0.10539428571428572,2.250046859579055,220.0,2.221421685886839
292,292,1,fam_r,0.10539428571428572,2.250046859579055,220.0,2.221421685886839
293,293,2,fam_r,0.10539428571428572,2.250046859579055,220.0,2.221421685886839
294,294,0,fam_r,0.10779373714285714,2.2275357191999725,220.0,2.221421685886839
295,295,1,fam_r,0.10779373714285714,2.2275357191999725,220.0,2.221421685886839
296,296,2,fam_r,0.10779373714285714,2.2275357191999725,220.0,2.221421685886839
297,297,0,fam_r,0.10831201865142857,2.222739155588399,220.0,2.221421685886839
298,298,1,fam_r,0.10831201865142857,2.222739155588399,220.0,2.221421685886839
299,299,2,fam_r,0.10831201865142857,2.222739155588399,220.0,2.221421685886839
0,0,0,fam,0.06666666666666667,2.70805020110221,293.33333333333337,2.221421685886839
1,1,1,fam,0.05454545454545454,2.908720896564361,293.33333333333337,2.221421685886839
2,2,2,fam,0.04918032786885246,3.012261575505202,293.33333333333337,2.221421685886839
3,3,0,fam,0.10216718266253869,2.2811447617561766,293.33333333333337,2.221421685886839
4,4,1,fam,0.09886159376872378,2.3140344497612544,293.33333333333337,2.221421685886839
5,5,2,fam,0.09697895850476078,2.3332612466412033,293.33333333333337,2.221421685886839
6,6,0,fam,0.1071802143139397,2.2332436153471793,293.33333333333337,2.221421685886839
7,7,1,fam,0.10645862866694679,2.239998832525197,293.33333333333337,2.221421685886839
8,8,2,fam,0.10603032223468045,2.2440301669593525,293.33333333333337,2.221421685886839
9,9,0,fam,0.1081831073099303,2.223930049435651,293.33333333333337,2.221421685886839
10,10,1,fam,0.1080270221762738,2.2253738778181837,293.33333333333337,2.221421685886839
11,11,2,fam,0.10793358709872478,2.22623917527861,293.33333333333337,2.221421685886839
12,12,0,fam,0.10839628833919453,2.221961430976142,293.33333333333337,2.221421685886839
13,13,1,fam,0.10836256473359908,2.2222725934074754,293.33333333333337,2.221421685886839
14,14,2,fam,0.10834234064057321,2.2224592444022893,293.33333333333337,2.221421685886839
15,15,0,fam,0.10844217741567842,2.2215381751021512,293.33333333333337,2.221421685886839
16,16,1,fam,0.1084348926983552,2.221605353410325,293.33333333333337,2.221421685886839
17,17,2,fam,0.10843052233772653,2.2216456582291317,293.33333333333337,2.221421685886839
18,18,0,fam,0.10845208210961521,2.2214468430958054,293.33333333333337,2.221421685886839
19,19,1,fam,0.10845050859126244,2.221461352082053,293.33333333333337,2.221421685886839
20,20,2,fam,0.10844956450216739,2.2214700573727577,293.33333333333337,2.221421685886839
21,21,0,fam,0.10845422118100713,2.221427119635864,293.33333333333337,2.221421685886839
22,22,1,fam,0.10845388130013847,2.2214302535055976,293.33333333333337,2.221421685886839
23,23,2,fam,0.10845367737263979,2.2214321338227236,293.33333333333337,2.221421685886839
24,24,0,fam,0.10845468320445084,2.2214228595669194,293.33333333333337,2.221421685886839
25,25,1,fam,0.10845460979014103,2.2214235364794552,293.33333333333337,2.221421685886839
26,26,2,fam,0.10845456574160284,2.2214239426267572,293.33333333333337,2.221421685886839
27,27,0,fam,0.10845478300076927,2.2214219394012837,293.33333333333337,2.221421685886839
28,28,1,fam,0.10845476714327638,2.221422085614236,293.33333333333337,2.221421685886839
29,29,2,fam,0.10845475762878287,2.2214221733419977,293.33333333333337,2.221421685886839
30,30,0,fam,0.1084548045567393,2.221421740645938,293.33333333333337,2.221421685886839
31,31,1,fam,0.10845480113152073,2.2214217722279286,293.33333333333337,2.221421685886839
32,32,2,fam,0.1084547990763897,2.2214217911771224,293.33333333333337,2.221421685886839
33,33,0,fam,0.10845480921282717,2.2214216977148036,293.33333333333337,2.221421685886839
34,34,1,fam,0.10845480847297996,2.2214217045365134,293.33333333333337,2.221421685886839
35,35,2,fam,0.10845480802907163,2.221421708629539,293.33333333333337,2.221421685886839
36,36,0,fam,0.1084548102185421,2.2214216884416795,293.33333333333337,2.221421685886839
37,37,1,fam,0.1084548100587351,2.221421689915169,293.33333333333337,2.221421685886839
38,38,2,fam,0.1084548099628509,2.221421690799262,293.33333333333337,2.221421685886839
39,39,0,fam,0.10845481043577652,2.2214216864386844,293.33333333333337,2.221421685886839
40,40,1,fam,0.1084548104012582,2.2214216867569583,293.33333333333337,2.221421685886839
41,41,2,fam,0.10845481038054722,2.2214216869479224,293.33333333333337,2.221421685886839
42,42,0,fam,0.10845481048269916,2.2214216860060376,293.33333333333337,2.221421685886839
43,43,1,fam,0.1084548104752432,2.221421686074785,293.33333333333337,2.221421685886839
44,44,2,fam,0.10845481047076963,2.221421686116033,293.33333333333337,2.221421685886839
45,45,0,fam,0.10845481049283442,2.221421685912586,293.33333333333337,2.221421685886839
46,46,1,fam,0.10845481049122395,2.2214216859274356,293.33333333333337,2.221421685886839
47,47,2,fam,0.10845481049025767,2.221421685936345,293.33333333333337,2.221421685886839
48,48,0,fam,0.10845481049502367,2.2214216858924005,293.33333333333337,2.221421685886839
49,49,1,fam,0.1084548104946758,2.2214216858956077,293.33333333333337,2.221421685886839
50,50,2,fam,0.10845481049446709,2.2214216858975324,293.33333333333337,2.221421685886839
51,51,0,fam,0.10845481049549655,2.2214216858880405,293.33333333333337,2.221421685886839
52,52,1,fam,0.10845481049542141,2.2214216858887332,293.33333333333337,2.221421685886839
53,53,2,fam,0.10845481049537634,2.2214216858891485,293.33333333333337,2.221421685886839
54,54,0,fam,0.10845481049559866,2.2214216858870985,293.33333333333337,2.221421685886839
55,55,1,fam,0.10845481049558243,2.221421685887248,293.33333333333337,2.221421685886839
56,56,2,fam,0.10845481049557269,2.2214216858873383,293.33333333333337,2.221421685886839
57,57,0,fam,0.10845481049562074,2.221421685886895,293.33333333333337,2.221421685886839
58,58,1,fam,0.10845481049561724,2.2214216858869276,293.33333333333337,2.221421685886839
59,59,2,fam,0.10845481049561513,2.2214216858869467,293.33333333333337,2.221421685886839
60,60,0,fam,0.10845481049562551,2.221421685886851,293.33333333333337,2.221421685886839
61,61,1,fam,0.10845481049562475,2.2214216858868583,293.33333333333337,2.221421685886839
62,62,2,fam,0.1084548104956243,2.2214216858868623,293.33333333333337,2.221421685886839
63,63,0,fam,0.10845481049562654,2.221421685886842,293.33333333333337,2.221421685886839
64,64,1,fam,0.10845481049562637,2.221421685886843,293.33333333333337,2.221421685886839
65,65,2,fam,0.10845481049562627,2.221421685886844,293.33333333333337,2.221421685886839
66,66,3,recov,0.04285714285714289,3.1498829533812485,293.33333333333337,2.221421685886839
67,67,4,recov,0.04285714285714288,3.149882953381249,293.33333333333337,2.221421685886839
68,68,5,recov,0.042857142857142864,3.149882953381249,293.33333333333337,2.221421685886839
69,69,3,recov,0.09428571428571429,2.361425593016979,293.33333333333337,2.221421685886839
70,70,4,recov,0.09428571428571429,2.361425593016979,293.33333333333337,2.221421685886839
71,71,5,recov,0.09428571428571429,2.361425593016979,293.33333333333337,2.221421685886839
72,72,3,recov,0.10539428571428572,2.250046859579055,293.33333333333337,2.221421685886839
73,73,4,recov,0.10539428571428572,2.250046859579055,293.33333333333337,2.221421685886839
74,74,5,recov,0.10539428571428572,2.250046859579055,293.33333333333337,2.221421685886839
75,75,3,recov,0.10779373714285714,2.2275357191999725,293.33333333333337,2.221421685886839
76,76,4,recov,0.10779373714285714,2.2275357191999725,293.33333333333337,2.221421685886839
77,77,5,recov,0.10779373714285714,2.2275357191999725,293.33333333333337,2.221421685886839
78,78,3,recov,0.10831201865142857,2.222739155588399,293.33333333333337,2.221421685886839
79,79,4,recov,0.10831201865142857,2.222739155588399,293.33333333333337,2.221421685886839
80,80,5,recov,0.10831201865142857,2.222739155588399,293.33333333333337,2.221421685886839
81,81,3,recov,0.10842396745728002,2.221706112411609,293.33333333333337,2.221421685886839
82,82,4,recov,0.10842396745728002,2.221706112411609,293.33333333333337,2.221421685886839
83,83,5,recov,0.10842396745728002,2.221706112411609,293.33333333333337,2.221421685886839
84,84,3,recov,0.10844814839934391,2.2214831151667247,293.33333333333337,2.221421685886839
85,85,4,recov,0.10844814839934391,2.2214831151667247,293.33333333333337,2.221421685886839
86,86,5,recov,0.10844814839934391,2.2214831151667247,293.33333333333337,2.221421685886839
87,87,3,recov,0.10845337148282973,2.2214349542917833,293.33333333333337,2.221421685886839
88,88,4,recov,0.10845337148282973,2.2214349542917833,293.33333333333337,2.221421685886839
89,89,5,recov,0.10845337148282973,2.2214349542917833,293.33333333333337,2.221421685886839
90,90,3,recov,0.10845449966886266,2.2214245518474005,293.33333333333337,2.221421685886839
91,91,4,recov,0.10845449966886266,2.2214245518474005,293.33333333333337,2.221421685886839
92,92,5,recov,0.10845449966886266,2.2214245518474005,293.33333333333337,2.221421685886839
93,93,3,recov,0.10845474335704576,2.221422304933625,293.33333333333337,2.221421685886839
94,94,4,recov,0.10845474335704576,2.221422304933625,293.33333333333337,2.221421685886839
95,95,5,recov,0.10845474335704576,2.221422304933625,293.33333333333337,2.221421685886839
96,96,3,recov,0.10845479599369333,2.2214218196009123,293.33333333333337,2.221421685886839
97,97,4,recov,0.10845479599369333,2.2214218196009123,293.33333333333337,2.221421685886839
98,98,5,recov,0.10845479599369333,2.2214218196009123,293.33333333333337,2.221421685886839
99,99,3,recov,0.10845480736320917,2.2214217147690776,293.33333333333337,2.221421685886839
100,100,4,recov,0.10845480736320917,2.2214217147690776,293.33333333333337,2.221421685886839
101,101,5,recov,0.10845480736320917,2.2214217147690776,293.33333333333337,2.221421685886839
102,102,3,recov,0.10845480981902461,2.2214216921254026,293.33333333333337,2.221421685886839
103,103,4,recov,0.10845480981902461,2.2214216921254026,293.33333333333337,2.221421685886839
104,104,5,recov,0.10845480981902461,2.2214216921254026,293.33333333333337,2.221421685886839
105,105,3,recov,0.10845481034948076,2.2214216872343684,293.33333333333337,2.221421685886839
106,106,4,recov,0.10845481034948076,2.2214216872343684,293.33333333333337,2.221421685886839
107,107,5,recov,0.10845481034948076,2.2214216872343684,293.33333333333337,2.221421685886839
108,108,3,recov,0.10845481046405928,2.2214216861779055,293.33333333333337,2.221421685886839
109,109,4,recov,0.10845481046405928,2.2214216861779055,293.33333333333337,2.221421685886839
110,110,5,recov,0.10845481046405928,2.2214216861779055,293.33333333333337,2.221421685886839
111,111,3,recov,0.10845481048880823,2.2214216859497093,293.33333333333337,2.221421685886839
112,112,4,recov,0.10845481048880823,2.2214216859497093,293.33333333333337,2.221421685886839
113,113,5,recov,0.10845481048880823,2.2214216859497093,293.33333333333337,2.221421685886839
114,114,3,recov,0.10845481049415401,2.221421685900419,293.33333333333337,2.221421685886839
115,115,4,recov,0.10845481049415401,2.221421685900419,293.33333333333337,2.221421685886839
116,116,5,recov,0.10845481049415401,2.221421685900419,293.33333333333337,2.221421685886839
117,117,3,recov,0.10845481049530871,2.221421685889772,293.33333333333337,2.221421685886839
118,118,4,recov,0.10845481049530871,2.221421685889772,293.33333333333337,2.221421685886839
119,119,5,recov,0.10845481049530871,2.221421685889772,293.33333333333337,2.221421685886839
120,120,3,recov,0.1084548104955581,2.221421685887473,293.33333333333337,2.221421685886839
121,121,4,recov,0.1084548104955581,2.221421685887473,293.33333333333337,2.221421685886839
122,122,5,recov,0.1084548104955581,2.221421685887473,293.33333333333337,2.221421685886839
123,123,3,recov,0.108454810495612,2.221421685886976,293.33333333333337,2.221421685886839
124,124,4,recov,0.108454810495612,2.221421685886976,293.33333333333337,2.221421685886839
125,125,5,recov,0.108454810495612,2.221421685886976,293.33333333333337,2.221421685886839
126,126,3,recov,0.10845481049562364,2.2214216858868685,293.33333333333337,2.221421685886839
127,127,4,recov,0.10845481049562364,2.2214216858868685,293.33333333333337,2.221421685886839
128,128,5,recov,0.10845481049562364,2.2214216858868685,293.33333333333337,2.221421685886839
129,129,3,recov,0.10845481049562614,2.2214216858868454,293.33333333333337,2.221421685886839
130,130,4,recov,0.10845481049562614,2.2214216858868454,293.33333333333337,2.221421685886839
131,131,5,recov,0.10845481049562614,2.2214216858868454,293.33333333333337,2.221421685886839
132,132,3,recov,0.10845481049562668,2.2214216858868405,293.33333333333337,2.221421685886839
133,133,4,recov,0.10845481049562668,2.2214216858868405,293.33333333333337,2.221421685886839
134,134,5,recov,0.10845481049562668,2.2214216858868405,293.33333333333337,2.221421685886839
135,135,3,recov,0.10845481049562679,2.221421685886839,293.33333333333337,2.221421685886839
136,136,4,recov,0.10845481049562679,2.221421685886839,293.33333333333337,2.221421685886839
137,137,5,recov,0.10845481049562679,2.221421685886839,293.33333333333337,2.221421685886839
138,138,3,recov,0.10845481049562682,2.221421685886839,293.33333333333337,2.221421685886839
139,139,4,recov,0.10845481049562682,2.221421685886839,293.33333333333337,2.221421685886839
140,140,5,recov,0.10845481049562682,2.221421685886839,293.33333333333337,2.221421685886839
141,141,3,recov,0.10845481049562683,2.221421685886839,293.33333333333337,2.221421685886839
142,142,4,recov,0.10845481049562683,2.221421685886839,293.33333333333337,2.221421685886839
143,143,5,recov,0.10845481049562683,2.221421685886839,293.33333333333337,2.221421685886839
144,144,3,recov,0.10845481049562683,2.221421685886839,293.33333333333337,2.221421685886839
145,145,4,recov,0.10845481049562683,2.221421685886839,293.33333333333337,2.221421685886839
146,146,5,recov,0.10845481049562683,2.221421685886839,293.33333333333337,2.221421685886839
147,147,3,recov,0.10845481049562683,2.221421685886839,293.33333333333337,2.221421685886839
148,148,4,recov,0.10845481049562683,2.221421685886839,293.33333333333337,2.221421685886839
149,149,5,recov,0.10845481049562683,2.221421685886839,293.33333333333337,2.221421685886839
150,150,3,recov,0.10845481049562683,2.221421685886839,293.33333333333337,2.221421685886839
151,151,4,recov,0.10845481049562683,2.221421685886839,293.33333333333337,2.221421685886839
152,152,5,recov,0.10845481049562683,2.221421685886839,293.33333333333337,2.221421685886839
153,153,3,recov,0.10845481049562683,2.221421685886839,293.33333333333337,2.221421685886839
154,154,4,recov,0.10845481049562683,2.221421685886839,293.33333333333337,2.221421685886839
155,155,5,recov,0.10845481049562683,2.221421685886839,293.33333333333337,2.221421685886839
156,156,3,recov,0.10845481049562683,2.221421685886839,293.33333333333337,2.221421685886839
157,157,4,recov,0.10845481049562683,2.221421685886839,293.33333333333337,2.221421685886839
158,158,5,recov,0.10845481049562683,2.221421685886839,293.33333333333337,2.221421685886839
159,159,3,recov,0.10845481049562683,2.221421685886839,293.33333333333337,2.221421685886839
160,160,4,recov,0.10845481049562683,2.221421685886839,293.33333333333337,2.221421685886839
161,161,5,recov,0.10845481049562683,2.221421685886839,293.33333333333337,2.221421685886839
162,162,3,recov,0.10845481049562683,2.221421685886839,293.33333333333337,2.221421685886839
163,163,4,recov,0.10845481049562683,2.221421685886839,293.33333333333337,2.221421685886839
164,164,5,recov,0.10845481049562683,2.221421685886839,293.33333333333337,2.221421685886839
165,165,3,recov,0.10845481049562683,2.221421685886839,293.33333333333337,2.221421685886839
166,166,4,recov,0.10845481049562683,2.221421685886839,293.33333333333337,2.221421685886839
167,167,5,recov,0.10845481049562683,2.221421685886839,293.33333333333337,2.221421685886839
168,168,3,recov,0.10845481049562683,2.221421685886839,293.33333333333337,2.221421685886839
169,169,4,recov,0.10845481049562683,2.221421685886839,293.33333333333337,2.221421685886839
170,170,5,recov,0.10845481049562683,2.221421685886839,293.33333333333337,2.221421685886839
171,171,3,recov,0.10845481049562683,2.221421685886839,293.33333333333337,2.221421685886839
172,172,4,recov,0.10845481049562683,2.221421685886839,293.33333333333337,2.221421685886839
173,173,5,recov,0.10845481049562683,2.221421685886839,293.33333333333337,2.221421685886839
174,174,3,recov,0.10845481049562683,2.221421685886839,293.33333333333337,2.221421685886839
175,175,4,recov,0.10845481049562683,2.221421685886839,293.33333333333337,2.221421685886839
176,176,5,recov,0.10845481049562683,2.221421685886839,293.33333333333337,2.221421685886839
177,177,3,recov,0.10845481049562683,2.221421685886839,293.33333333333337,2.221421685886839
178,178,4,recov,0.10845481049562683,2.221421685886839,293.33333333333337,2.221421685886839
179,179,5,recov,0.10845481049562683,2.221421685886839,293.33333333333337,2.221421685886839
180,180,3,recov,0.10845481049562683,2.221421685886839,293.33333333333337,2.221421685886839
181,181,4,recov,0.10845481049562683,2.221421685886839,293.33333333333337,2.221421685886839
182,182,5,recov,0.10845481049562683,2.221421685886839,293.33333333333337,2.221421685886839
183,183,3,recov,0.10845481049562683,2.221421685886839,293.33333333333337,2.221421685886839
184,184,4,recov,0.10845481049562683,2.221421685886839,293.33333333333337,2.221421685886839
185,185,5,recov,0.10845481049562683,2.221421685886839,293.33333333333337,2.221421685886839
186,186,3,recov,0.10845481049562683,2.221421685886839,293.33333333333337,2.221421685886839
187,187,4,recov,0.10845481049562683,2.221421685886839,293.33333333333337,2.221421685886839
188,188,5,recov,0.10845481049562683,2.221421685886839,293.33333333333337,2.221421685886839
189,189,3,recov,0.10845481049562683,2.221421685886839,293.33333333333337,2.221421685886839
190,190,4,recov,0.10845481049562683,2.221421685886839,293.33333333333337,2.221421685886839
191,191,5,recov,0.10845481049562683,2.221421685886839,293.33333333333337,2.221421685886839
192,192,3,recov,0.10845481049562683,2.221421685886839,293.33333333333337,2.221421685886839
193,193,4,recov,0.10845481049562683,2.221421685886839,293.33333333333337,2.221421685886839
194,194,5,recov,0.10845481049562683,2.221421685886839,293.33333333333337,2.221421685886839
195,195,3,recov,0.10845481049562683,2.221421685886839,293.33333333333337,2.221421685886839
196,196,4,recov,0.10845481049562683,2.221421685886839,293.33333333333337,2.221421685886839
197,197,5,recov,0.10845481049562683,2.221421685886839,293.33333333333337,2.221421685886839
198,198,3,recov,0.10845481049562683,2.221421685886839,293.33333333333337,2.221421685886839
199,199,4,recov,0.10845481049562683,2.221421685886839,293.33333333333337,2.221421685886839
200,200,5,recov,0.10845481049562683,2.221421685886839,293.33333333333337,2.221421685886839
201,201,3,recov,0.10845481049562683,2.221421685886839,293.33333333333337,2.221421685886839
202,202,4,recov,0.10845481049562683,2.221421685886839,293.33333333333337,2.221421685886839
203,203,5,recov,0.10845481049562683,2.221421685886839,293.33333333333337,2.221421685886839
204,204,3,recov,0.10845481049562683,2.221421685886839,293.33333333333337,2.221421685886839
205,205,4,recov,0.10845481049562683,2.221421685886839,293.33333333333337,2.221421685886839
206,206,5,recov,0.10845481049562683,2.221421685886839,293.33333333333337,2.221421685886839
207,207,3,recov,0.10845481049562683,2.221421685886839,293.33333333333337,2.221421685886839
208,208,4,recov,0.10845481049562683,2.221421685886839,293.33333333333337,2.221421685886839
209,209,5,recov,0.10845481049562683,2.221421685886839,293.33333333333337,2.221421685886839
210,210,3,recov,0.10845481049562683,2.221421685886839,293.33333333333337,2.221421685886839
211,211,4,recov,0.10845481049562683,2.221421685886839,293.33333333333337,2.221421685886839
212,212,5,recov,0.10845481049562683,2.221421685886839,293.33333333333337,2.221421685886839
213,213,3,recov,0.10845481049562683,2.221421685886839,293.33333333333337,2.221421685886839
214,214,4,recov,0.10845481049562683,2.221421685886839,293.33333333333337,2.221421685886839
215,215,5,recov,0.10845481049562683,2.221421685886839,293.33333333333337,2.221421685886839
216,216,3,recov,0.10845481049562683,2.221421685886839,293.33333333333337,2.221421685886839
217,217,4,recov,0.10845481049562683,2.221421685886839,293.33333333333337,2.221421685886839
218,218,5,recov,0.10845481049562683,2.221421685886839,293.33333333333337,2.221421685886839
219,219,3,recov,0.10845481049562683,2.221421685886839,293.33333333333337,2.221421685886839
220,220,4,recov,0.10845481049562683,2.221421685886839,293.33333333333337,2.221421685886839
221,221,5,recov,0.10845481049562683,2.221421685886839,293.33333333333337,2.221421685886839
222,222,3,recov,0.10845481049562683,2.221421685886839,293.33333333333337,2.221421685886839
223,223,4,recov,0.10845481049562683,2.221421685886839,293.33333333333337,2.221421685886839
224,224,5,recov,0.10845481049562683,2.221421685886839,293.33333333333337,2.221421685886839
225,225,3,recov,0.10845481049562683,2.221421685886839,293.33333333333337,2.221421685886839
226,226,4,recov,0.10845481049562683,2.221421685886839,293.33333333333337,2.221421685886839
227,227,5,recov,0.10845481049562683,2.221421685886839,293.33333333333337,2.221421685886839
228,228,3,recov,0.10845481049562683,2.221421685886839,293.33333333333337,2.221421685886839
229,229,4,recov,0.10845481049562683,2.221421685886839,293.33333333333337,2.221421685886839
230,230,5,recov,0.10845481049562683,2.221421685886839,293.33333333333337,2.221421685886839
231,231,3,recov,0.10845481049562683,2.221421685886839,293.33333333333337,2.221421685886839
232,232,4,recov,0.10845481049562683,2.221421685886839,293.33333333333337,2.221421685886839
233,233,5,recov,0.10845481049562683,2.221421685886839,293.33333333333337,2.221421685886839
234,234,3,recov,0.10845481049562683,2.221421685886839,293.33333333333337,2.221421685886839
235,235,4,recov,0.10845481049562683,2.221421685886839,293.33333333333337,2.221421685886839
236,236,5,recov,0.10845481049562683,2.221421685886839,293.33333333333337,2.221421685886839
237,237,3,recov,0.10845481049562683,2.221421685886839,293.33333333333337,2.221421685886839
238,238,4,recov,0.10845481049562683,2.221421685886839,293.33333333333337,2.221421685886839
239,239,5,recov,0.10845481049562683,2.221421685886839,293.33333333333337,2.221421685886839
240,240,3,recov,0.10845481049562683,2.221421685886839,293.33333333333337,2.221421685886839
241,241,4,recov,0.10845481049562683,2.221421685886839,293.33333333333337,2.221421685886839
242,242,5,recov,0.10845481049562683,2.221421685886839,293.33333333333337,2.221421685886839
243,243,3,recov,0.10845481049562683,2.221421685886839,293.33333333333337,2.221421685886839
244,244,4,recov,0.10845481049562683,2.221421685886839,293.33333333333337,2.221421685886839
245,245,5,recov,0.10845481049562683,2.221421685886839,293.33333333333337,2.221421685886839
246,246,3,recov,0.10845481049562683,2.221421685886839,293.33333333333337,2.221421685886839
247,247,4,recov,0.10845481049562683,2.221421685886839,293.33333333333337,2.221421685886839
248,248,5,recov,0.10845481049562683,2.221421685886839,293.33333333333337,2.221421685886839
249,249,3,recov,0.10845481049562683,2.221421685886839,293.33333333333337,2.221421685886839
250,250,4,recov,0.10845481049562683,2.221421685886839,293.33333333333337,2.221421685886839
251,251,5,recov,0.10845481049562683,2.221421685886839,293.33333333333337,2.221421685886839
252,252,3,recov,0.10845481049562683,2.221421685886839,293.33333333333337,2.221421685886839
253,253,4,recov,0.10845481049562683,2.221421685886839,293.33333333333337,2.221421685886839
254,254,5,recov,0.10845481049562683,2.221421685886839,293.33333333333337,2.221421685886839
255,255,3,recov,0.10845481049562683,2.221421685886839,293.33333333333337,2.221421685886839
256,256,4,recov,0.10845481049562683,2.221421685886839,293.33333333333337,2.221421685886839
257,257,5,recov,0.10845481049562683,2.221421685886839,293.33333333333337,2.221421685886839
258,258,3,recov,0.10845481049562683,2.221421685886839,293.33333333333337,2.221421685886839
259,259,4,recov,0.10845481049562683,2.221421685886839,293.33333333333337,2.221421685886839
260,260,5,recov,0.10845481049562683,2.221421685886839,293.33333333333337,2.221421685886839
261,261,3,recov,0.10845481049562683,2.221421685886839,293.33333333333337,2.221421685886839
262,262,4,recov,0.10845481049562683,2.221421685886839,293.33333333333337,2.221421685886839
263,263,5,recov,0.10845481049562683,2.221421685886839,293.33333333333337,2.221421685886839
264,264,3,recov,0.10845481049562683,2.221421685886839,293.33333333333337,2.221421685886839
265,265,4,recov,0.10845481049562683,2.221421685886839,293.33333333333337,2.221421685886839
266,266,5,recov,0.10845481049562683,2.221421685886839,293.33333333333337,2.221421685886839
267,267,3,recov,0.10845481049562683,2.221421685886839,293.33333333333337,2.221421685886839
268,268,4,recov,0.10845481049562683,2.221421685886839,293.33333333333337,2.221421685886839
269,269,5,recov,0.10845481049562683,2.221421685886839,293.33333333333337,2.221421685886839
270,270,3,recov,0.10845481049562683,2.221421685886839,293.33333333333337,2.221421685886839
271,271,4,recov,0.10845481049562683,2.221421685886839,293.33333333333337,2.221421685886839
272,272,5,recov,0.10845481049562683,2.221421685886839,293.33333333333337,2.221421685886839
273,273,3,recov,0.10845481049562683,2.221421685886839,293.33333333333337,2.221421685886839
274,274,4,recov,0.10845481049562683,2.221421685886839,293.33333333333337,2.221421685886839
275,275,5,recov,0.10845481049562683,2.221421685886839,293.33333333333337,2.221421685886839
276,276,3,recov,0.10845481049562683,2.221421685886839,293.33333333333337,2.221421685886839
277,277,4,recov,0.10845481049562683,2.221421685886839,293.33333333333337,2.221421685886839
278,278,5,recov,0.10845481049562683,2.221421685886839,293.33333333333337,2.221421685886839
279,279,3,recov,0.10845481049562683,2.221421685886839,293.33333333333337,2.221421685886839
280,280,4,recov,0.10845481049562683,2.221421685886839,293.33333333333337,2.221421685886839
281,281,5,recov,0.10845481049562683,2.221421685886839,293.33333333333337,2.221421685886839
282,282,3,recov,0.10845481049562683,2.221421685886839,293.33333333333337,2.221421685886839
283,283,4,recov,0.10845481049562683,2.221421685886839,293.33333333333337,2.221421685886839
284,284,5,recov,0.10845481049562683,2.221421685886839,293.33333333333337,2.221421685886839
285,285,3,recov,0.10845481049562683,2.221421685886839,293.33333333333337,2.221421685886839
286,286,4,recov,0.10845481049562683,2.221421685886839,293.33333333333337,2.221421685886839
287,287,5,recov,0.10845481049562683,2.221421685886839,293.33333333333337,2.221421685886839
288,288,3,recov,0.10845481049562683,2.221421685886839,293.33333333333337,2.221421685886839
289,289,4,recov,0.10845481049562683,2.221421685886839,293.33333333333337,2.221421685886839
290,290,5,recov,0.10845481049562683,2.221421685886839,293.33333333333337,2.221421685886839
291,291,3,recov,0.10845481049562683,2.221421685886839,293.33333333333337,2.221421685886839
292,292,4,recov,0.10845481049562683,2.221421685886839,293.33333333333337,2.221421685886839
293,293,5,recov,0.10845481049562683,2.221421685886839,293.33333333333337,2.221421685886839
294,294,3,recov,0.10845481049562683,2.221421685886839,293.33333333333337,2.221421685886839
295,295,4,recov,0.10845481049562683,2.221421685886839,293.33333333333337,2.221421685886839
296,296,5,recov,0.10845481049562683,2.221421685886839,293.33333333333337,2.221421685886839
297,297,3,recov,0.10845481049562683,2.221421685886839,293.33333333333337,2.221421685886839
298,298,4,recov,0.10845481049562683,2.221421685886839,293.33333333333337,2.221421685886839
299,299,5,recov,0.10845481049562683,2.221421685886839,293.33333333333337,2.221421685886839
300,300,3,recov,0.10845481049562683,2.221421685886839,293.33333333333337,2.221421685886839
301,301,4,recov,0.10845481049562683,2.221421685886839,293.33333333333337,2.221421685886839
302,302,5,recov,0.10845481049562683,2.221421685886839,293.33333333333337,2.221421685886839
303,303,3,recov,0.10845481049562683,2.221421685886839,293.33333333333337,2.221421685886839
304,304,4,recov,0.10845481049562683,2.221421685886839,293.33333333333337,2.221421685886839
305,305,5,recov,0.10845481049562683,2.221421685886839,293.33333333333337,2.221421685886839
306,306,3,recov,0.10845481049562683,2.221421685886839,293.33333333333337,2.221421685886839
307,307,4,recov,0.10845481049562683,2.221421685886839,293.33333333333337,2.221421685886839
308,308,5,recov,0.10845481049562683,2.221421685886839,293.33333333333337,2.221421685886839
309,309,3,recov,0.10845481049562683,2.221421685886839,293.33333333333337,2.221421685886839
310,310,4,recov,0.10845481049562683,2.221421685886839,293.33333333333337,2.221421685886839
311,311,5,recov,0.10845481049562683,2.221421685886839,293.33333333333337,2.221421685886839
312,312,3,recov,0.10845481049562683,2.221421685886839,293.33333333333337,2.221421685886839
313,313,4,recov,0.10845481049562683,2.221421685886839,293.33333333333337,2.221421685886839
314,314,5,recov,0.10845481049562683,2.221421685886839,293.33333333333337,2.221421685886839
315,315,3,recov,0.10845481049562683,2.221421685886839,293.33333333333337,2.221421685886839
316,316,4,recov,0.10845481049562683,2.221421685886839,293.33333333333337,2.221421685886839
317,317,5,recov,0.10845481049562683,2.221421685886839,293.33333333333337,2.221421685886839
318,318,3,recov,0.10845481049562683,2.221421685886839,293.33333333333337,2.221421685886839
319,319,4,recov,0.10845481049562683,2.221421685886839,293.33333333333337,2.221421685886839
320,320,5,recov,0.10845481049562683,2.221421685886839,293.33333333333337,2.221421685886839
321,321,3,recov,0.10845481049562683,2.221421685886839,293.33333333333337,2.221421685886839
322,322,4,recov,0.10845481049562683,2.221421685886839,293.33333333333337,2.221421685886839
323,323,5,recov,0.10845481049562683,2.221421685886839,293.33333333333337,2.221421685886839
324,324,3,recov,0.10845481049562683,2.221421685886839,293.33333333333337,2.221421685886839
325,325,4,recov,0.10845481049562683,2.221421685886839,293.33333333333337,2.221421685886839
326,326,5,recov,0.10845481049562683,2.221421685886839,293.33333333333337,2.221421685886839
327,327,3,recov,0.10845481049562683,2.221421685886839,293.33333333333337,2.221421685886839
328,328,4,recov,0.10845481049562683,2.221421685886839,293.33333333333337,2.221421685886839
329,329,5,recov,0.10845481049562683,2.221421685886839,293.33333333333337,2.221421685886839
330,330,3,recov,0.10845481049562683,2.221421685886839,293.33333333333337,2.221421685886839
331,331,4,recov,0.10845481049562683,2.221421685886839,293.33333333333337,2.221421685886839
332,332,5,recov,0.10845481049562683,2.221421685886839,293.33333333333337,2.221421685886839
333,333,3,recov,0.10845481049562683,2.221421685886839,293.33333333333337,2.221421685886839
334,334,4,recov,0.10845481049562683,2.221421685886839,293.33333333333337,2.221421685886839
335,335,5,recov,0.10845481049562683,2.221421685886839,293.33333333333337,2.221421685886839
336,336,3,recov,0.10845481049562683,2.221421685886839,293.33333333333337,2.221421685886839
337,337,4,recov,0.10845481049562683,2.221421685886839,293.33333333333337,2.221421685886839
338,338,5,recov,0.10845481049562683,2.221421685886839,293.33333333333337,2.221421685886839
339,339,3,recov,0.10845481049562683,2.221421685886839,293.33333333333337,2.221421685886839
340,340,4,recov,0.10845481049562683,2.221421685886839,293.33333333333337,2.221421685886839
341,341,5,recov,0.10845481049562683,2.221421685886839,293.33333333333337,2.221421685886839
342,342,3,recov,0.10845481049562683,2.221421685886839,293.33333333333337,2.221421685886839
343,343,4,recov,0.10845481049562683,2.221421685886839,293.33333333333337,2.221421685886839
344,344,5,recov,0.10845481049562683,2.221421685886839,293.33333333333337,2.221421685886839
345,345,3,recov,0.10845481049562683,2.221421685886839,293.33333333333337,2.221421685886839
346,346,4,recov,0.10845481049562683,2.221421685886839,293.33333333333337,2.221421685886839
347,347,5,recov,0.10845481049562683,2.221421685886839,293.33333333333337,2.221421685886839
348,348,3,recov,0.10845481049562683,2.221421685886839,293.33333333333337,2.221421685886839
349,349,4,recov,0.10845481049562683,2.221421685886839,293.33333333333337,2.221421685886839
350,350,5,recov,0.10845481049562683,2.221421685886839,293.33333333333337,2.221421685886839
351,351,3,recov,0.10845481049562683,2.221421685886839,293.33333333333337,2.221421685886839
352,352,4,recov,0.10845481049562683,2.221421685886839,293.33333333333337,2.221421685886839
353,353,5,recov,0.10845481049562683,2.221421685886839,293.33333333333337,2.221421685886839
354,354,3,recov,0.10845481049562683,2.221421685886839,293.33333333333337,2.221421685886839
355,355,4,recov,0.10845481049562683,2.221421685886839,293.33333333333337,2.221421685886839
356,356,5,recov,0.10845481049562683,2.221421685886839,293.33333333333337,2.221421685886839
357,357,3,recov,0.10845481049562683,2.221421685886839,293.33333333333337,2.221421685886839
358,358,4,recov,0.10845481049562683,2.221421685886839,293.33333333333337,2.221421685886839
359,359,5,recov,0.10845481049562683,2.221421685886839,293.33333333333337,2.221421685886839
360,360,0,fam_r,0.04285714285714286,3.1498829533812494,293.33333333333337,2.221421685886839
361,361,1,fam_r,0.04285714285714286,3.1498829533812494,293.33333333333337,2.221421685886839
362,362,2,fam_r,0.04285714285714286,3.1498829533812494,293.33333333333337,2.221421685886839
363,363,0,fam_r,0.09428571428571429,2.361425593016979,293.33333333333337,2.221421685886839
364,364,1,fam_r,0.09428571428571429,2.361425593016979,293.33333333333337,2.221421685886839
365,365,2,fam_r,0.09428571428571429,2.361425593016979,293.33333333333337,2.221421685886839
366,366,0,fam_r,0.10539428571428572,2.250046859579055,293.33333333333337,2.221421685886839
367,367,1,fam_r,0.10539428571428572,2.250046859579055,293.33333333333337,2.221421685886839
368,368,2,fam_r,0.10539428571428572,2.250046859579055,293.33333333333337,2.221421685886839
369,369,0,fam_r,0.10779373714285714,2.2275357191999725,293.33333333333337,2.221421685886839
370,370,1,fam_r,0.10779373714285714,2.2275357191999725,293.33333333333337,2.221421685886839
371,371,2,fam_r,0.10779373714285714,2.2275357191999725,293.33333333333337,2.221421685886839
372,372,0,fam_r,0.10831201865142857,2.222739155588399,293.33333333333337,2.221421685886839
373,373,1,fam_r,0.10831201865142857,2.222739155588399,293.33333333333337,2.221421685886839
374,374,2,fam_r,0.10831201865142857,2.222739155588399,293.33333333333337,2.221421685886839
0,0,0,fam,0.06666666666666667,2.70805020110221,366.6666666666667,2.221421685886839
1,1,1,fam,0.05454545454545454,2.908720896564361,366.6666666666667,2.221421685886839
2,2,2,fam,0.04918032786885246,3.012261575505202,366.6666666666667,2.221421685886839
3,3,0,fam,0.10216718266253869,2.2811447617561766,366.6666666666667,2.221421685886839
4,4,1,fam,0.09886159376872378,2.3140344497612544,366.6666666666667,2.221421685886839
5,5,2,fam,0.09697895850476078,2.3332612466412033,366.6666666666667,2.221421685886839
6,6,0,fam,0.1071802143139397,2.2332436153471793,366.6666666666667,2.221421685886839
7,7,1,fam,0.10645862866694679,2.239998832525197,366.6666666666667,2.221421685886839
8,8,2,fam,0.10603032223468045,2.2440301669593525,366.6666666666667,2.221421685886839
9,9,0,fam,0.1081831073099303,2.223930049435651,366.6666666666667,2.221421685886839
10,10,1,fam,0.1080270221762738,2.2253738778181837,366.6666666666667,2.221421685886839
11,11,2,fam,0.10793358709872478,2.22623917527861,366.6666666666667,2.221421685886839
12,12,0,fam,0.10839628833919453,2.221961430976142,366.6666666666667,2.221421685886839
13,13,1,fam,0.10836256473359908,2.2222725934074754,366.6666666666667,2.221421685886839
14,14,2,fam,0.10834234064057321,2.2224592444022893,366.6666666666667,2.221421685886839
15,15,0,fam,0.10844217741567842,2.2215381751021512,366.6666666666667,2.221421685886839
16,16,1,fam,0.1084348926983552,2.221605353410325,366.6666666666667,2.221421685886839
17,17,2,fam,0.10843052233772653,2.2216456582291317,366.6666666666667,2.221421685886839
18,18,0,fam,0.10845208210961521,2.2214468430958054,366.6666666666667,2.221421685886839
19,19,1,fam,0.10845050859126244,2.221461352082053,366.6666666666667,2.221421685886839
20,20,2,fam,0.10844956450216739,2.2214700573727577,366.6666666666667,2.221421685886839
21,21,0,fam,0.10845422118100713,2.221427119635864,366.6666666666667,2.221421685886839
22,22,1,fam,0.10845388130013847,2.2214302535055976,366.6666666666667,2.221421685886839
23,23,2,fam,0.10845367737263979,2.2214321338227236,366.6666666666667,2.221421685886839
24,24,0,fam,0.10845468320445084,2.2214228595669194,366.6666666666667,2.221421685886839
25,25,1,fam,0.10845460979014103,2.2214235364794552,366.6666666666667,2.221421685886839
26,26,2,fam,0.10845456574160284,2.2214239426267572,366.6666666666667,2.221421685886839
27,27,0,fam,0.10845478300076927,2.2214219394012837,366.6666666666667,2.221421685886839
28,28,1,fam,0.10845476714327638,2.221422085614236,366.6666666666667,2.221421685886839
29,29,2,fam,0.10845475762878287,2.2214221733419977,366.6666666666667,2.221421685886839
30,30,0,fam,0.1084548045567393,2.221421740645938,366.6666666666667,2.221421685886839
31,31,1,fam,0.10845480113152073,2.2214217722279286,366.6666666666667,2.221421685886839
32,32,2,fam,0.1084547990763897,2.2214217911771224,366.6666666666667,2.221421685886839
33,33,0,fam,0.10845480921282717,2.2214216977148036,366.6666666666667,2.221421685886839
34,34,1,fam,0.10845480847297996,2.2214217045365134,366.6666666666667,2.221421685886839
35,35,2,fam,0.10845480802907163,2.221421708629539,366.6666666666667,2.221421685886839
36,36,0,fam,0.1084548102185421,2.2214216884416795,366.6666666666667,2.221421685886839
37,37,1,fam,0.1084548100587351,2.221421689915169,366.6666666666667,2.221421685886839
38,38,2,fam,0.1084548099628509,2.221421690799262,366.6666666666667,2.221421685886839
39,39,0,fam,0.10845481043577652,2.2214216864386844,366.6666666666667,2.221421685886839
40,40,1,fam,0.1084548104012582,2.2214216867569583,366.6666666666667,2.221421685886839
41,41,2,fam,0.10845481038054722,2.2214216869479224,366.6666666666667,2.221421685886839
42,42,0,fam,0.10845481048269916,2.2214216860060376,366.6666666666667,2.221421685886839
43,43,1,fam,0.1084548104752432,2.221421686074785,366.6666666666667,2.221421685886839
44,44,2,fam,0.10845481047076963,2.221421686116033,366.6666666666667,2.221421685886839
45,45,0,fam,0.10845481049283442,2.221421685912586,366.6666666666667,2.221421685886839
46,46,1,fam,0.10845481049122395,2.2214216859274356,366.6666666666667,2.221421685886839
47,47,2,fam,0.10845481049025767,2.221421685936345,366.6666666666667,2.221421685886839
48,48,0,fam,0.10845481049502367,2.2214216858924005,366.6666666666667,2.221421685886839
49,49,1,fam,0.1084548104946758,2.2214216858956077,366.6666666666667,2.221421685886839
50,50,2,fam,0.10845481049446709,2.2214216858975324,366.6666666666667,2.221421685886839
51,51,0,fam,0.10845481049549655,2.2214216858880405,366.6666666666667,2.221421685886839
52,52,1,fam,0.10845481049542141,2.2214216858887332,366.6666666666667,2.221421685886839
53,53,2,fam,0.10845481049537634,2.2214216858891485,366.6666666666667,2.221421685886839
54,54,0,fam,0.10845481049559866,2.2214216858870985,366.6666666666667,2.221421685886839
55,55,1,fam,0.10845481049558243,2.221421685887248,366.6666666666667,2.221421685886839
56,56,2,fam,0.10845481049557269,2.2214216858873383,366.6666666666667,2.221421685886839
57,57,0,fam,0.10845481049562074,2.221421685886895,366.6666666666667,2.221421685886839
58,58,1,fam,0.10845481049561724,2.2214216858869276,366.6666666666667,2.221421685886839
59,59,2,fam,0.10845481049561513,2.2214216858869467,366.6666666666667,2.221421685886839
60,60,0,fam,0.10845481049562551,2.221421685886851,366.6666666666667,2.221421685886839
61,61,1,fam,0.10845481049562475,2.2214216858868583,366.6666666666667,2.221421685886839
62,62,2,fam,0.1084548104956243,2.2214216858868623,366.6666666666667,2.221421685886839
63,63,0,fam,0.10845481049562654,2.221421685886842,366.6666666666667,2.221421685886839
64,64,1,fam,0.10845481049562637,2.221421685886843,366.6666666666667,2.221421685886839
65,65,2,fam,0.10845481049562627,2.221421685886844,366.6666666666667,2.221421685886839
66,66,3,recov,0.04285714285714289,3.1498829533812485,366.6666666666667,2.221421685886839
67,67,4,recov,0.04285714285714288,3.149882953381249,366.6666666666667,2.221421685886839
68,68,5,recov,0.042857142857142864,3.149882953381249,366.6666666666667,2.221421685886839
69,69,3,recov,0.09428571428571429,2.361425593016979,366.6666666666667,2.221421685886839
70,70,4,recov,0.09428571428571429,2.361425593016979,366.6666666666667,2.221421685886839
71,71,5,recov,0.09428571428571429,2.361425593016979,366.6666666666667,2.221421685886839
72,72,3,recov,0.10539428571428572,2.250046859579055,366.6666666666667,2.221421685886839
73,73,4,recov,0.10539428571428572,2.250046859579055,366.6666666666667,2.221421685886839
74,74,5,recov,0.10539428571428572,2.250046859579055,366.6666666666667,2.221421685886839
75,75,3,recov,0.10779373714285714,2.2275357191999725,366.6666666666667,2.221421685886839
76,76,4,recov,0.10779373714285714,2.2275357191999725,366.6666666666667,2.221421685886839
77,77,5,recov,0.10779373714285714,2.2275357191999725,366.6666666666667,2.221421685886839
78,78,3,recov,0.10831201865142857,2.222739155588399,366.6666666666667,2.221421685886839
79,79,4,recov,0.10831201865142857,2.222739155588399,366.6666666666667,2.221421685886839
80,80,5,recov,0.10831201865142857,2.222739155588399,366.6666666666667,2.221421685886839
81,81,3,recov,0.10842396745728002,2.221706112411609,366.6666666666667,2.221421685886839
82,82,4,recov,0.10842396745728002,2.221706112411609,366.6666666666667,2.221421685886839
83,83,5,recov,0.10842396745728002,2.221706112411609,366.6666666666667,2.221421685886839
84,84,3,recov,0.10844814839934391,2.2214831151667247,366.6666666666667,2.221421685886839
85,85,4,recov,0.10844814839934391,2.2214831151667247,366.6666666666667,2.221421685886839
86,86,5,recov,0.10844814839934391,2.2214831151667247,366.6666666666667,2.221421685886839
87,87,3,recov,0.10845337148282973,2.2214349542917833,366.6666666666667,2.221421685886839
88,88,4,recov,0.10845337148282973,2.2214349542917833,366.6666666666667,2.221421685886839
89,89,5,recov,0.10845337148282973,2.2214349542917833,366.6666666666667,2.221421685886839
90,90,3,recov,0.10845449966886266,2.2214245518474005,366.6666666666667,2.221421685886839
91,91,4,recov,0.10845449966886266,2.2214245518474005,366.6666666666667,2.221421685886839
92,92,5,recov,0.10845449966886266,2.2214245518474005,366.6666666666667,2.221421685886839
93,93,3,recov,0.10845474335704576,2.221422304933625,366.6666666666667,2.221421685886839
94,94,4,recov,0.10845474335704576,2.221422304933625,366.6666666666667,2.221421685886839
95,95,5,recov,0.10845474335704576,2.221422304933625,366.6666666666667,2.221421685886839
96,96,3,recov,0.10845479599369333,2.2214218196009123,366.6666666666667,2.221421685886839
97,97,4,recov,0.10845479599369333,2.2214218196009123,366.6666666666667,2.221421685886839
98,98,5,recov,0.10845479599369333,2.2214218196009123,366.6666666666667,2.221421685886839
99,99,3,recov,0.10845480736320917,2.2214217147690776,366.6666666666667,2.221421685886839
100,100,4,recov,0.10845480736320917,2.2214217147690776,366.6666666666667,2.221421685886839
101,101,5,recov,0.10845480736320917,2.2214217147690776,366.6666666666667,2.221421685886839
102,102,3,recov,0.10845480981902461,2.2214216921254026,366.6666666666667,2.221421685886839
103,103,4,recov,0.10845480981902461,2.2214216921254026,366.6666666666667,2.221421685886839
104,104,5,recov,0.10845480981902461,2.2214216921254026,366.6666666666667,2.221421685886839
105,105,3,recov,0.10845481034948076,2.2214216872343684,366.6666666666667,2.221421685886839
106,106,4,recov,0.10845481034948076,2.2214216872343684,366.6666666666667,2.221421685886839
107,107,5,recov,0.10845481034948076,2.2214216872343684,366.6666666666667,2.221421685886839
108,108,3,recov,0.10845481046405928,2.2214216861779055,366.6666666666667,2.221421685886839
109,109,4,recov,0.10845481046405928,2.2214216861779055,366.6666666666667,2.221421685886839
110,110,5,recov,0.10845481046405928,2.2214216861779055,366.6666666666667,2.221421685886839
111,111,3,recov,0.10845481048880823,2.2214216859497093,366.6666666666667,2.221421685886839
112,112,4,recov,0.10845481048880823,2.2214216859497093,366.6666666666667,2.221421685886839
113,113,5,recov,0.10845481048880823,2.2214216859497093,366.6666666666667,2.221421685886839
114,114,3,recov,0.10845481049415401,2.221421685900419,366.6666666666667,2.221421685886839
115,115,4,recov,0.10845481049415401,2.221421685900419,366.6666666666667,2.221421685886839
116,116,5,recov,0.10845481049415401,2.221421685900419,366.6666666666667,2.221421685886839
117,117,3,recov,0.10845481049530871,2.221421685889772,366.6666666666667,2.221421685886839
118,118,4,recov,0.10845481049530871,2.221421685889772,366.6666666666667,2.221421685886839
119,119,5,recov,0.10845481049530871,2.221421685889772,366.6666666666667,2.221421685886839
120,120,3,recov,0.1084548104955581,2.221421685887473,366.6666666666667,2.221421685886839
121,121,4,recov,0.1084548104955581,2.221421685887473,366.6666666666667,2.221421685886839
122,122,5,recov,0.1084548104955581,2.221421685887473,366.6666666666667,2.221421685886839
123,123,3,recov,0.108454810495612,2.221421685886976,366.6666666666667,2.221421685886839
124,124,4,recov,0.108454810495612,2.221421685886976,366.6666666666667,2.221421685886839
125,125,5,recov,0.108454810495612,2.221421685886976,366.6666666666667,2.221421685886839
126,126,3,recov,0.10845481049562364,2.2214216858868685,366.6666666666667,2.221421685886839
127,127,4,recov,0.10845481049562364,2.2214216858868685,366.6666666666667,2.221421685886839
128,128,5,recov,0.10845481049562364,2.2214216858868685,366.6666666666667,2.221421685886839
129,129,3,recov,0.10845481049562614,2.2214216858868454,366.6666666666667,2.221421685886839
130,130,4,recov,0.10845481049562614,2.2214216858868454,366.6666666666667,2.221421685886839
131,131,5,recov,0.10845481049562614,2.2214216858868454,366.6666666666667,2.221421685886839
132,132,3,recov,0.10845481049562668,2.2214216858868405,366.6666666666667,2.221421685886839
133,133,4,recov,0.10845481049562668,2.2214216858868405,366.6666666666667,2.221421685886839
134,134,5,recov,0.10845481049562668,2.2214216858868405,366.6666666666667,2.221421685886839
135,135,3,recov,0.10845481049562679,2.221421685886839,366.6666666666667,2.221421685886839
136,136,4,recov,0.10845481049562679,2.221421685886839,366.6666666666667,2.221421685886839
137,137,5,recov,0.10845481049562679,2.221421685886839,366.6666666666667,2.221421685886839
138,138,3,recov,0.10845481049562682,2.221421685886839,366.6666666666667,2.221421685886839
139,139,4,recov,0.10845481049562682,2.221421685886839,366.6666666666667,2.221421685886839
140,140,5,recov,0.10845481049562682,2.221421685886839,366.6666666666667,2.221421685886839
141,141,3,recov,0.10845481049562683,2.221421685886839,366.6666666666667,2.221421685886839
142,142,4,recov,0.10845481049562683,2.221421685886839,366.6666666666667,2.221421685886839
143,143,5,recov,0.10845481049562683,2.221421685886839,366.6666666666667,2.221421685886839
144,144,3,recov,0.10845481049562683,2.221421685886839,366.6666666666667,2.221421685886839
145,145,4,recov,0.10845481049562683,2.221421685886839,366.6666666666667,2.221421685886839
146,146,5,recov,0.10845481049562683,2.221421685886839,366.6666666666667,2.221421685886839
147,147,3,recov,0.10845481049562683,2.221421685886839,366.6666666666667,2.221421685886839
148,148,4,recov,0.10845481049562683,2.221421685886839,366.6666666666667,2.221421685886839
149,149,5,recov,0.10845481049562683,2.221421685886839,366.6666666666667,2.221421685886839
150,150,3,recov,0.10845481049562683,2.221421685886839,366.6666666666667,2.221421685886839
151,151,4,recov,0.10845481049562683,2.221421685886839,366.6666666666667,2.221421685886839
152,152,5,recov,0.10845481049562683,2.221421685886839,366.6666666666667,2.221421685886839
153,153,3,recov,0.10845481049562683,2.221421685886839,366.6666666666667,2.221421685886839
154,154,4,recov,0.10845481049562683,2.221421685886839,366.6666666666667,2.221421685886839
155,155,5,recov,0.10845481049562683,2.221421685886839,366.6666666666667,2.221421685886839
156,156,3,recov,0.10845481049562683,2.221421685886839,366.6666666666667,2.221421685886839
157,157,4,recov,0.10845481049562683,2.221421685886839,366.6666666666667,2.221421685886839
158,158,5,recov,0.10845481049562683,2.221421685886839,366.6666666666667,2.221421685886839
159,159,3,recov,0.10845481049562683,2.221421685886839,366.6666666666667,2.221421685886839
160,160,4,recov,0.10845481049562683,2.221421685886839,366.6666666666667,2.221421685886839
161,161,5,recov,0.10845481049562683,2.221421685886839,366.6666666666667,2.221421685886839
162,162,3,recov,0.10845481049562683,2.221421685886839,366.6666666666667,2.221421685886839
163,163,4,recov,0.10845481049562683,2.221421685886839,366.6666666666667,2.221421685886839
164,164,5,recov,0.10845481049562683,2.221421685886839,366.6666666666667,2.221421685886839
165,165,3,recov,0.10845481049562683,2.221421685886839,366.6666666666667,2.221421685886839
166,166,4,recov,0.10845481049562683,2.221421685886839,366.6666666666667,2.221421685886839
167,167,5,recov,0.10845481049562683,2.221421685886839,366.6666666666667,2.221421685886839
168,168,3,recov,0.10845481049562683,2.221421685886839,366.6666666666667,2.221421685886839
169,169,4,recov,0.10845481049562683,2.221421685886839,366.6666666666667,2.221421685886839
170,170,5,recov,0.10845481049562683,2.221421685886839,366.6666666666667,2.221421685886839
171,171,3,recov,0.10845481049562683,2.221421685886839,366.6666666666667,2.221421685886839
172,172,4,recov,0.10845481049562683,2.221421685886839,366.6666666666667,2.221421685886839
173,173,5,recov,0.10845481049562683,2.221421685886839,366.6666666666667,2.221421685886839
174,174,3,recov,0.10845481049562683,2.221421685886839,366.6666666666667,2.221421685886839
175,175,4,recov,0.10845481049562683,2.221421685886839,366.6666666666667,2.221421685886839
176,176,5,recov,0.10845481049562683,2.221421685886839,366.6666666666667,2.221421685886839
177,177,3,recov,0.10845481049562683,2.221421685886839,366.6666666666667,2.221421685886839
178,178,4,recov,0.10845481049562683,2.221421685886839,366.6666666666667,2.221421685886839
179,179,5,recov,0.10845481049562683,2.221421685886839,366.6666666666667,2.221421685886839
180,180,3,recov,0.10845481049562683,2.221421685886839,366.6666666666667,2.221421685886839
181,181,4,recov,0.10845481049562683,2.221421685886839,366.6666666666667,2.221421685886839
182,182,5,recov,0.10845481049562683,2.221421685886839,366.6666666666667,2.221421685886839
183,183,3,recov,0.10845481049562683,2.221421685886839,366.6666666666667,2.221421685886839
184,184,4,recov,0.10845481049562683,2.221421685886839,366.6666666666667,2.221421685886839
185,185,5,recov,0.10845481049562683,2.221421685886839,366.6666666666667,2.221421685886839
186,186,3,recov,0.10845481049562683,2.221421685886839,366.6666666666667,2.221421685886839
187,187,4,recov,0.10845481049562683,2.221421685886839,366.6666666666667,2.221421685886839
188,188,5,recov,0.10845481049562683,2.221421685886839,366.6666666666667,2.221421685886839
189,189,3,recov,0.10845481049562683,2.221421685886839,366.6666666666667,2.221421685886839
190,190,4,recov,0.10845481049562683,2.221421685886839,366.6666666666667,2.221421685886839
191,191,5,recov,0.10845481049562683,2.221421685886839,366.6666666666667,2.221421685886839
192,192,3,recov,0.10845481049562683,2.221421685886839,366.6666666666667,2.221421685886839
193,193,4,recov,0.10845481049562683,2.221421685886839,366.6666666666667,2.221421685886839
194,194,5,recov,0.10845481049562683,2.221421685886839,366.6666666666667,2.221421685886839
195,195,3,recov,0.10845481049562683,2.221421685886839,366.6666666666667,2.221421685886839
196,196,4,recov,0.10845481049562683,2.221421685886839,366.6666666666667,2.221421685886839
197,197,5,recov,0.10845481049562683,2.221421685886839,366.6666666666667,2.221421685886839
198,198,3,recov,0.10845481049562683,2.221421685886839,366.6666666666667,2.221421685886839
199,199,4,recov,0.10845481049562683,2.221421685886839,366.6666666666667,2.221421685886839
200,200,5,recov,0.10845481049562683,2.221421685886839,366.6666666666667,2.221421685886839
201,201,3,recov,0.10845481049562683,2.221421685886839,366.6666666666667,2.221421685886839
202,202,4,recov,0.10845481049562683,2.221421685886839,366.6666666666667,2.221421685886839
203,203,5,recov,0.10845481049562683,2.221421685886839,366.6666666666667,2.221421685886839
204,204,3,recov,0.10845481049562683,2.221421685886839,366.6666666666667,2.221421685886839
205,205,4,recov,0.10845481049562683,2.221421685886839,366.6666666666667,2.221421685886839
206,206,5,recov,0.10845481049562683,2.221421685886839,366.6666666666667,2.221421685886839
207,207,3,recov,0.10845481049562683,2.221421685886839,366.6666666666667,2.221421685886839
208,208,4,recov,0.10845481049562683,2.221421685886839,366.6666666666667,2.221421685886839
209,209,5,recov,0.10845481049562683,2.221421685886839,366.6666666666667,2.221421685886839
210,210,3,recov,0.10845481049562683,2.221421685886839,366.6666666666667,2.221421685886839
211,211,4,recov,0.10845481049562683,2.221421685886839,366.6666666666667,2.221421685886839
212,212,5,recov,0.10845481049562683,2.221421685886839,366.6666666666667,2.221421685886839
213,213,3,recov,0.10845481049562683,2.221421685886839,366.6666666666667,2.221421685886839
214,214,4,recov,0.10845481049562683,2.221421685886839,366.6666666666667,2.221421685886839
215,215,5,recov,0.10845481049562683,2.221421685886839,366.6666666666667,2.221421685886839
216,216,3,recov,0.10845481049562683,2.221421685886839,366.6666666666667,2.221421685886839
217,217,4,recov,0.10845481049562683,2.221421685886839,366.6666666666667,2.221421685886839
218,218,5,recov,0.10845481049562683,2.221421685886839,366.6666666666667,2.221421685886839
219,219,3,recov,0.10845481049562683,2.221421685886839,366.6666666666667,2.221421685886839
220,220,4,recov,0.10845481049562683,2.221421685886839,366.6666666666667,2.221421685886839
221,221,5,recov,0.10845481049562683,2.221421685886839,366.6666666666667,2.221421685886839
222,222,3,recov,0.10845481049562683,2.221421685886839,366.6666666666667,2.221421685886839
223,223,4,recov,0.10845481049562683,2.221421685886839,366.6666666666667,2.221421685886839
224,224,5,recov,0.10845481049562683,2.221421685886839,366.6666666666667,2.221421685886839
225,225,3,recov,0.10845481049562683,2.221421685886839,366.6666666666667,2.221421685886839
226,226,4,recov,0.10845481049562683,2.221421685886839,366.6666666666667,2.221421685886839
227,227,5,recov,0.10845481049562683,2.221421685886839,366.6666666666667,2.221421685886839
228,228,3,recov,0.10845481049562683,2.221421685886839,366.6666666666667,2.221421685886839
229,229,4,recov,0.10845481049562683,2.221421685886839,366.6666666666667,2.221421685886839
230,230,5,recov,0.10845481049562683,2.221421685886839,366.6666666666667,2.221421685886839
231,231,3,recov,0.10845481049562683,2.221421685886839,366.6666666666667,2.221421685886839
232,232,4,recov,0.10845481049562683,2.221421685886839,366.6666666666667,2.221421685886839
233,233,5,recov,0.10845481049562683,2.221421685886839,366.6666666666667,2.221421685886839
234,234,3,recov,0.10845481049562683,2.221421685886839,366.6666666666667,2.221421685886839
235,235,4,recov,0.10845481049562683,2.221421685886839,366.6666666666667,2.221421685886839
236,236,5,recov,0.10845481049562683,2.221421685886839,366.6666666666667,2.221421685886839
237,237,3,recov,0.10845481049562683,2.221421685886839,366.6666666666667,2.221421685886839
238,238,4,recov,0.10845481049562683,2.221421685886839,366.6666666666667,2.221421685886839
239,239,5,recov,0.10845481049562683,2.221421685886839,366.6666666666667,2.221421685886839
240,240,3,recov,0.10845481049562683,2.221421685886839,366.6666666666667,2.221421685886839
241,241,4,recov,0.10845481049562683,2.221421685886839,366.6666666666667,2.221421685886839
242,242,5,recov,0.10845481049562683,2.221421685886839,366.6666666666667,2.221421685886839
243,243,3,recov,0.10845481049562683,2.221421685886839,366.6666666666667,2.221421685886839
244,244,4,recov,0.10845481049562683,2.221421685886839,366.6666666666667,2.221421685886839
245,245,5,recov,0.10845481049562683,2.221421685886839,366.6666666666667,2.221421685886839
246,246,3,recov,0.10845481049562683,2.221421685886839,366.6666666666667,2.221421685886839
247,247,4,recov,0.10845481049562683,2.221421685886839,366.6666666666667,2.221421685886839
248,248,5,recov,0.10845481049562683,2.221421685886839,366.6666666666667,2.221421685886839
249,249,3,recov,0.10845481049562683,2.221421685886839,366.6666666666667,2.221421685886839
250,250,4,recov,0.10845481049562683,2.221421685886839,366.6666666666667,2.221421685886839
251,251,5,recov,0.10845481049562683,2.221421685886839,366.6666666666667,2.221421685886839
252,252,3,recov,0.10845481049562683,2.221421685886839,366.6666666666667,2.221421685886839
253,253,4,recov,0.10845481049562683,2.221421685886839,366.6666666666667,2.221421685886839
254,254,5,recov,0.10845481049562683,2.221421685886839,366.6666666666667,2.221421685886839
255,255,3,recov,0.10845481049562683,2.221421685886839,366.6666666666667,2.221421685886839
256,256,4,recov,0.10845481049562683,2.221421685886839,366.6666666666667,2.221421685886839
257,257,5,recov,0.10845481049562683,2.221421685886839,366.6666666666667,2.221421685886839
258,258,3,recov,0.10845481049562683,2.221421685886839,366.6666666666667,2.221421685886839
259,259,4,recov,0.10845481049562683,2.221421685886839,366.6666666666667,2.221421685886839
260,260,5,recov,0.10845481049562683,2.221421685886839,366.6666666666667,2.221421685886839
261,261,3,recov,0.10845481049562683,2.221421685886839,366.6666666666667,2.221421685886839
262,262,4,recov,0.10845481049562683,2.221421685886839,366.6666666666667,2.221421685886839
263,263,5,recov,0.10845481049562683,2.221421685886839,366.6666666666667,2.221421685886839
264,264,3,recov,0.10845481049562683,2.221421685886839,366.6666666666667,2.221421685886839
265,265,4,recov,0.10845481049562683,2.221421685886839,366.6666666666667,2.221421685886839
266,266,5,recov,0.10845481049562683,2.221421685886839,366.6666666666667,2.221421685886839
267,267,3,recov,0.10845481049562683,2.221421685886839,366.6666666666667,2.221421685886839
268,268,4,recov,0.10845481049562683,2.221421685886839,366.6666666666667,2.221421685886839
269,269,5,recov,0.10845481049562683,2.221421685886839,366.6666666666667,2.221421685886839
270,270,3,recov,0.10845481049562683,2.221421685886839,366.6666666666667,2.221421685886839
271,271,4,recov,0.10845481049562683,2.221421685886839,366.6666666666667,2.221421685886839
272,272,5,recov,0.10845481049562683,2.221421685886839,366.6666666666667,2.221421685886839
273,273,3,recov,0.10845481049562683,2.221421685886839,366.6666666666667,2.221421685886839
274,274,4,recov,0.10845481049562683,2.221421685886839,366.6666666666667,2.221421685886839
275,275,5,recov,0.10845481049562683,2.221421685886839,366.6666666666667,2.221421685886839
276,276,3,recov,0.10845481049562683,2.221421685886839,366.6666666666667,2.221421685886839
277,277,4,recov,0.10845481049562683,2.221421685886839,366.6666666666667,2.221421685886839
278,278,5,recov,0.10845481049562683,2.221421685886839,366.6666666666667,2.221421685886839
279,279,3,recov,0.10845481049562683,2.221421685886839,366.6666666666667,2.221421685886839
280,280,4,recov,0.10845481049562683,2.221421685886839,366.6666666666667,2.221421685886839
281,281,5,recov,0.10845481049562683,2.221421685886839,366.6666666666667,2.221421685886839
282,282,3,recov,0.10845481049562683,2.221421685886839,366.6666666666667,2.221421685886839
283,283,4,recov,0.10845481049562683,2.221421685886839,366.6666666666667,2.221421685886839
284,284,5,recov,0.10845481049562683,2.221421685886839,366.6666666666667,2.221421685886839
285,285,3,recov,0.10845481049562683,2.221421685886839,366.6666666666667,2.221421685886839
286,286,4,recov,0.10845481049562683,2.221421685886839,366.6666666666667,2.221421685886839
287,287,5,recov,0.10845481049562683,2.221421685886839,366.6666666666667,2.221421685886839
288,288,3,recov,0.10845481049562683,2.221421685886839,366.6666666666667,2.221421685886839
289,289,4,recov,0.10845481049562683,2.221421685886839,366.6666666666667,2.221421685886839
290,290,5,recov,0.10845481049562683,2.221421685886839,366.6666666666667,2.221421685886839
291,291,3,recov,0.10845481049562683,2.221421685886839,366.6666666666667,2.221421685886839
292,292,4,recov,0.10845481049562683,2.221421685886839,366.6666666666667,2.221421685886839
293,293,5,recov,0.10845481049562683,2.221421685886839,366.6666666666667,2.221421685886839
294,294,3,recov,0.10845481049562683,2.221421685886839,366.6666666666667,2.221421685886839
295,295,4,recov,0.10845481049562683,2.221421685886839,366.6666666666667,2.221421685886839
296,296,5,recov,0.10845481049562683,2.221421685886839,366.6666666666667,2.221421685886839
297,297,3,recov,0.10845481049562683,2.221421685886839,366.6666666666667,2.221421685886839
298,298,4,recov,0.10845481049562683,2.221421685886839,366.6666666666667,2.221421685886839
299,299,5,recov,0.10845481049562683,2.221421685886839,366.6666666666667,2.221421685886839
300,300,3,recov,0.10845481049562683,2.221421685886839,366.6666666666667,2.221421685886839
301,301,4,recov,0.10845481049562683,2.221421685886839,366.6666666666667,2.221421685886839
302,302,5,recov,0.10845481049562683,2.221421685886839,366.6666666666667,2.221421685886839
303,303,3,recov,0.10845481049562683,2.221421685886839,366.6666666666667,2.221421685886839
304,304,4,recov,0.10845481049562683,2.221421685886839,366.6666666666667,2.221421685886839
305,305,5,recov,0.10845481049562683,2.221421685886839,366.6666666666667,2.221421685886839
306,306,3,recov,0.10845481049562683,2.221421685886839,366.6666666666667,2.221421685886839
307,307,4,recov,0.10845481049562683,2.221421685886839,366.6666666666667,2.221421685886839
308,308,5,recov,0.10845481049562683,2.221421685886839,366.6666666666667,2.221421685886839
309,309,3,recov,0.10845481049562683,2.221421685886839,366.6666666666667,2.221421685886839
310,310,4,recov,0.10845481049562683,2.221421685886839,366.6666666666667,2.221421685886839
311,311,5,recov,0.10845481049562683,2.221421685886839,366.6666666666667,2.221421685886839
312,312,3,recov,0.10845481049562683,2.221421685886839,366.6666666666667,2.221421685886839
313,313,4,recov,0.10845481049562683,2.221421685886839,366.6666666666667,2.221421685886839
314,314,5,recov,0.10845481049562683,2.221421685886839,366.6666666666667,2.221421685886839
315,315,3,recov,0.10845481049562683,2.221421685886839,366.6666666666667,2.221421685886839
316,316,4,recov,0.10845481049562683,2.221421685886839,366.6666666666667,2.221421685886839
317,317,5,recov,0.10845481049562683,2.221421685886839,366.6666666666667,2.221421685886839
318,318,3,recov,0.10845481049562683,2.221421685886839,366.6666666666667,2.221421685886839
319,319,4,recov,0.10845481049562683,2.221421685886839,366.6666666666667,2.221421685886839
320,320,5,recov,0.10845481049562683,2.221421685886839,366.6666666666667,2.221421685886839
321,321,3,recov,0.10845481049562683,2.221421685886839,366.6666666666667,2.221421685886839
322,322,4,recov,0.10845481049562683,2.221421685886839,366.6666666666667,2.221421685886839
323,323,5,recov,0.10845481049562683,2.221421685886839,366.6666666666667,2.221421685886839
324,324,3,recov,0.10845481049562683,2.221421685886839,366.6666666666667,2.221421685886839
325,325,4,recov,0.10845481049562683,2.221421685886839,366.6666666666667,2.221421685886839
326,326,5,recov,0.10845481049562683,2.221421685886839,366.6666666666667,2.221421685886839
327,327,3,recov,0.10845481049562683,2.221421685886839,366.6666666666667,2.221421685886839
328,328,4,recov,0.10845481049562683,2.221421685886839,366.6666666666667,2.221421685886839
329,329,5,recov,0.10845481049562683,2.221421685886839,366.6666666666667,2.221421685886839
330,330,3,recov,0.10845481049562683,2.221421685886839,366.6666666666667,2.221421685886839
331,331,4,recov,0.10845481049562683,2.221421685886839,366.6666666666667,2.221421685886839
332,332,5,recov,0.10845481049562683,2.221421685886839,366.6666666666667,2.221421685886839
333,333,3,recov,0.10845481049562683,2.221421685886839,366.6666666666667,2.221421685886839
334,334,4,recov,0.10845481049562683,2.221421685886839,366.6666666666667,2.221421685886839
335,335,5,recov,0.10845481049562683,2.221421685886839,366.6666666666667,2.221421685886839
336,336,3,recov,0.10845481049562683,2.221421685886839,366.6666666666667,2.221421685886839
337,337,4,recov,0.10845481049562683,2.221421685886839,366.6666666666667,2.221421685886839
338,338,5,recov,0.10845481049562683,2.221421685886839,366.6666666666667,2.221421685886839
339,339,3,recov,0.10845481049562683,2.221421685886839,366.6666666666667,2.221421685886839
340,340,4,recov,0.10845481049562683,2.221421685886839,366.6666666666667,2.221421685886839
341,341,5,recov,0.10845481049562683,2.221421685886839,366.6666666666667,2.221421685886839
342,342,3,recov,0.10845481049562683,2.221421685886839,366.6666666666667,2.221421685886839
343,343,4,recov,0.10845481049562683,2.221421685886839,366.6666666666667,2.221421685886839
344,344,5,recov,0.10845481049562683,2.221421685886839,366.6666666666667,2.221421685886839
345,345,3,recov,0.10845481049562683,2.221421685886839,366.6666666666667,2.221421685886839
346,346,4,recov,0.10845481049562683,2.221421685886839,366.6666666666667,2.221421685886839
347,347,5,recov,0.10845481049562683,2.221421685886839,366.6666666666667,2.221421685886839
348,348,3,recov,0.10845481049562683,2.221421685886839,366.6666666666667,2.221421685886839
349,349,4,recov,0.10845481049562683,2.221421685886839,366.6666666666667,2.221421685886839
350,350,5,recov,0.10845481049562683,2.221421685886839,366.6666666666667,2.221421685886839
351,351,3,recov,0.10845481049562683,2.221421685886839,366.6666666666667,2.221421685886839
352,352,4,recov,0.10845481049562683,2.221421685886839,366.6666666666667,2.221421685886839
353,353,5,recov,0.10845481049562683,2.221421685886839,366.6666666666667,2.221421685886839
354,354,3,recov,0.10845481049562683,2.221421685886839,366.6666666666667,2.221421685886839
355,355,4,recov,0.10845481049562683,2.221421685886839,366.6666666666667,2.221421685886839
356,356,5,recov,0.10845481049562683,2.221421685886839,366.6666666666667,2.221421685886839
357,357,3,recov,0.10845481049562683,2.221421685886839,366.6666666666667,2.221421685886839
358,358,4,recov,0.10845481049562683,2.221421685886839,366.6666666666667,2.221421685886839
359,359,5,recov,0.10845481049562683,2.221421685886839,366.6666666666667,2.221421685886839
360,360,3,recov,0.10845481049562683,2.221421685886839,366.6666666666667,2.221421685886839
361,361,4,recov,0.10845481049562683,2.221421685886839,366.6666666666667,2.221421685886839
362,362,5,recov,0.10845481049562683,2.221421685886839,366.6666666666667,2.221421685886839
363,363,3,recov,0.10845481049562683,2.221421685886839,366.6666666666667,2.221421685886839
364,364,4,recov,0.10845481049562683,2.221421685886839,366.6666666666667,2.221421685886839
365,365,5,recov,0.10845481049562683,2.221421685886839,366.6666666666667,2.221421685886839
366,366,3,recov,0.10845481049562683,2.221421685886839,366.6666666666667,2.221421685886839
367,367,4,recov,0.10845481049562683,2.221421685886839,366.6666666666667,2.221421685886839
368,368,5,recov,0.10845481049562683,2.221421685886839,366.6666666666667,2.221421685886839
369,369,3,recov,0.10845481049562683,2.221421685886839,366.6666666666667,2.221421685886839
370,370,4,recov,0.10845481049562683,2.221421685886839,366.6666666666667,2.221421685886839
371,371,5,recov,0.10845481049562683,2.221421685886839,366.6666666666667,2.221421685886839
372,372,3,recov,0.10845481049562683,2.221421685886839,366.6666666666667,2.221421685886839
373,373,4,recov,0.10845481049562683,2.221421685886839,366.6666666666667,2.221421685886839
374,374,5,recov,0.10845481049562683,2.221421685886839,366.6666666666667,2.221421685886839
375,375,3,recov,0.10845481049562683,2.221421685886839,366.6666666666667,2.221421685886839
376,376,4,recov,0.10845481049562683,2.221421685886839,366.6666666666667,2.221421685886839
377,377,5,recov,0.10845481049562683,2.221421685886839,366.6666666666667,2.221421685886839
378,378,3,recov,0.10845481049562683,2.221421685886839,366.6666666666667,2.221421685886839
379,379,4,recov,0.10845481049562683,2.221421685886839,366.6666666666667,2.221421685886839
380,380,5,recov,0.10845481049562683,2.221421685886839,366.6666666666667,2.221421685886839
381,381,3,recov,0.10845481049562683,2.221421685886839,366.6666666666667,2.221421685886839
382,382,4,recov,0.10845481049562683,2.221421685886839,366.6666666666667,2.221421685886839
383,383,5,recov,0.10845481049562683,2.221421685886839,366.6666666666667,2.221421685886839
384,384,3,recov,0.10845481049562683,2.221421685886839,366.6666666666667,2.221421685886839
385,385,4,recov,0.10845481049562683,2.221421685886839,366.6666666666667,2.221421685886839
386,386,5,recov,0.10845481049562683,2.221421685886839,366.6666666666667,2.221421685886839
387,387,3,recov,0.10845481049562683,2.221421685886839,366.6666666666667,2.221421685886839
388,388,4,recov,0.10845481049562683,2.221421685886839,366.6666666666667,2.221421685886839
389,389,5,recov,0.10845481049562683,2.221421685886839,366.6666666666667,2.221421685886839
390,390,3,recov,0.10845481049562683,2.221421685886839,366.6666666666667,2.221421685886839
391,391,4,recov,0.10845481049562683,2.221421685886839,366.6666666666667,2.221421685886839
392,392,5,recov,0.10845481049562683,2.221421685886839,366.6666666666667,2.221421685886839
393,393,3,recov,0.10845481049562683,2.221421685886839,366.6666666666667,2.221421685886839
394,394,4,recov,0.10845481049562683,2.221421685886839,366.6666666666667,2.221421685886839
395,395,5,recov,0.10845481049562683,2.221421685886839,366.6666666666667,2.221421685886839
396,396,3,recov,0.10845481049562683,2.221421685886839,366.6666666666667,2.221421685886839
397,397,4,recov,0.10845481049562683,2.221421685886839,366.6666666666667,2.221421685886839
398,398,5,recov,0.10845481049562683,2.221421685886839,366.6666666666667,2.221421685886839
399,399,3,recov,0.10845481049562683,2.221421685886839,366.6666666666667,2.221421685886839
400,400,4,recov,0.10845481049562683,2.221421685886839,366.6666666666667,2.221421685886839
401,401,5,recov,0.10845481049562683,2.221421685886839,366.6666666666667,2.221421685886839
402,402,3,recov,0.10845481049562683,2.221421685886839,366.6666666666667,2.221421685886839
403,403,4,recov,0.10845481049562683,2.221421685886839,366.6666666666667,2.221421685886839
404,404,5,recov,0.10845481049562683,2.221421685886839,366.6666666666667,2.221421685886839
405,405,3,recov,0.10845481049562683,2.221421685886839,366.6666666666667,2.221421685886839
406,406,4,recov,0.10845481049562683,2.221421685886839,366.6666666666667,2.221421685886839
407,407,5,recov,0.10845481049562683,2.221421685886839,366.6666666666667,2.221421685886839
408,408,3,recov,0.10845481049562683,2.221421685886839,366.6666666666667,2.221421685886839
409,409,4,recov,0.10845481049562683,2.221421685886839,366.6666666666667,2.221421685886839
410,410,5,recov,0.10845481049562683,2.221421685886839,366.6666666666667,2.221421685886839
411,411,3,recov,0.10845481049562683,2.221421685886839,366.6666666666667,2.221421685886839
412,412,4,recov,0.10845481049562683,2.221421685886839,366.6666666666667,2.221421685886839
413,413,5,recov,0.10845481049562683,2.221421685886839,366.6666666666667,2.221421685886839
414,414,3,recov,0.10845481049562683,2.221421685886839,366.6666666666667,2.221421685886839
415,415,4,recov,0.10845481049562683,2.221421685886839,366.6666666666667,2.221421685886839
416,416,5,recov,0.10845481049562683,2.221421685886839,366.6666666666667,2.221421685886839
417,417,3,recov,0.10845481049562683,2.221421685886839,366.6666666666667,2.221421685886839
418,418,4,recov,0.10845481049562683,2.221421685886839,366.6666666666667,2.221421685886839
419,419,5,recov,0.10845481049562683,2.221421685886839,366.6666666666667,2.221421685886839
420,420,3,recov,0.10845481049562683,2.221421685886839,366.6666666666667,2.221421685886839
421,421,4,recov,0.10845481049562683,2.221421685886839,366.6666666666667,2.221421685886839
422,422,5,recov,0.10845481049562683,2.221421685886839,366.6666666666667,2.221421685886839
423,423,3,recov,0.10845481049562683,2.221421685886839,366.6666666666667,2.221421685886839
424,424,4,recov,0.10845481049562683,2.221421685886839,366.6666666666667,2.221421685886839
425,425,5,recov,0.10845481049562683,2.221421685886839,366.6666666666667,2.221421685886839
426,426,3,recov,0.10845481049562683,2.221421685886839,366.6666666666667,2.221421685886839
427,427,4,recov,0.10845481049562683,2.221421685886839,366.6666666666667,2.221421685886839
428,428,5,recov,0.10845481049562683,2.221421685886839,366.6666666666667,2.221421685886839
429,429,3,recov,0.10845481049562683,2.221421685886839,366.6666666666667,2.221421685886839
430,430,4,recov,0.10845481049562683,2.221421685886839,366.6666666666667,2.221421685886839
431,431,5,recov,0.10845481049562683,2.221421685886839,366.6666666666667,2.221421685886839
432,432,0,fam_r,0.04285714285714286,3.1498829533812494,366.6666666666667,2.221421685886839
433,433,1,fam_r,0.04285714285714286,3.1498829533812494,366.6666666666667,2.221421685886839
434,434,2,fam_r,0.04285714285714286,3.1498829533812494,366.6666666666667,2.221421685886839
435,435,0,fam_r,0.09428571428571429,2.361425593016979,366.6666666666667,2.221421685886839
436,436,1,fam_r,0.09428571428571429,2.361425593016979,366.6666666666667,2.221421685886839
437,437,2,fam_r,0.09428571428571429,2.361425593016979,366.6666666666667,2.221421685886839
438,438,0,fam_r,0.10539428571428572,2.250046859579055,366.6666666666667,2.221421685886839
439,439,1,fam_r,0.10539428571428572,2.250046859579055,366.6666666666667,2.221421685886839
440,440,2,fam_r,0.10539428571428572,2.250046859579055,366.6666666666667,2.221421685886839
441,441,0,fam_r,0.10779373714285714,2.2275357191999725,366.6666666666667,2.221421685886839
442,442,1,fam_r,0.10779373714285714,2.2275357191999725,366.6666666666667,2.221421685886839
443,443,2,fam_r,0.10779373714285714,2.2275357191999725,366.6666666666667,2.221421685886839
444,444,0,fam_r,0.10831201865142857,2.222739155588399,366.6666666666667,2.221421685886839
445,445,1,fam_r,0.10831201865142857,2.222739155588399,366.6666666666667,2.221421685886839
446,446,2,fam_r,0.10831201865142857,2.222739155588399,366.6666666666667,2.221421685886839
0,0,0,fam,0.06666666666666667,2.70805020110221,476.6666666666667,2.221421685886839
1,1,1,fam,0.05454545454545454,2.908720896564361,476.6666666666667,2.221421685886839
2,2,2,fam,0.04918032786885246,3.012261575505202,476.6666666666667,2.221421685886839
3,3,0,fam,0.10216718266253869,2.2811447617561766,476.6666666666667,2.221421685886839
4,4,1,fam,0.09886159376872378,2.3140344497612544,476.6666666666667,2.221421685886839
5,5,2,fam,0.09697895850476078,2.3332612466412033,476.6666666666667,2.221421685886839
6,6,0,fam,0.1071802143139397,2.2332436153471793,476.6666666666667,2.221421685886839
7,7,1,fam,0.10645862866694679,2.239998832525197,476.6666666666667,2.221421685886839
8,8,2,fam,0.10603032223468045,2.2440301669593525,476.6666666666667,2.221421685886839
9,9,0,fam,0.1081831073099303,2.223930049435651,476.6666666666667,2.221421685886839
10,10,1,fam,0.1080270221762738,2.2253738778181837,476.6666666666667,2.221421685886839
11,11,2,fam,0.10793358709872478,2.22623917527861,476.6666666666667,2.221421685886839
12,12,0,fam,0.10839628833919453,2.221961430976142,476.6666666666667,2.221421685886839
13,13,1,fam,0.10836256473359908,2.2222725934074754,476.6666666666667,2.221421685886839
14,14,2,fam,0.10834234064057321,2.2224592444022893,476.6666666666667,2.221421685886839
15,15,0,fam,0.10844217741567842,2.2215381751021512,476.6666666666667,2.221421685886839
16,16,1,fam,0.1084348926983552,2.221605353410325,476.6666666666667,2.221421685886839
17,17,2,fam,0.10843052233772653,2.2216456582291317,476.6666666666667,2.221421685886839
18,18,0,fam,0.10845208210961521,2.2214468430958054,476.6666666666667,2.221421685886839
19,19,1,fam,0.10845050859126244,2.221461352082053,476.6666666666667,2.221421685886839
20,20,2,fam,0.10844956450216739,2.2214700573727577,476.6666666666667,2.221421685886839
21,21,0,fam,0.10845422118100713,2.221427119635864,476.6666666666667,2.221421685886839
22,22,1,fam,0.10845388130013847,2.2214302535055976,476.6666666666667,2.221421685886839
23,23,2,fam,0.10845367737263979,2.2214321338227236,476.6666666666667,2.221421685886839
24,24,0,fam,0.10845468320445084,2.2214228595669194,476.6666666666667,2.221421685886839
25,25,1,fam,0.10845460979014103,2.2214235364794552,476.6666666666667,2.221421685886839
26,26,2,fam,0.10845456574160284,2.2214239426267572,476.6666666666667,2.221421685886839
27,27,0,fam,0.10845478300076927,2.2214219394012837,476.6666666666667,2.221421685886839
28,28,1,fam,0.10845476714327638,2.221422085614236,476.6666666666667,2.221421685886839
29,29,2,fam,0.10845475762878287,2.2214221733419977,476.6666666666667,2.221421685886839
30,30,0,fam,0.1084548045567393,2.221421740645938,476.6666666666667,2.221421685886839
31,31,1,fam,0.10845480113152073,2.2214217722279286,476.6666666666667,2.221421685886839
32,32,2,fam,0.1084547990763897,2.2214217911771224,476.6666666666667,2.221421685886839
33,33,0,fam,0.10845480921282717,2.2214216977148036,476.6666666666667,2.221421685886839
34,34,1,fam,0.10845480847297996,2.2214217045365134,476.6666666666667,2.221421685886839
35,35,2,fam,0.10845480802907163,2.221421708629539,476.6666666666667,2.221421685886839
36,36,0,fam,0.1084548102185421,2.2214216884416795,476.6666666666667,2.221421685886839
37,37,1,fam,0.1084548100587351,2.221421689915169,476.6666666666667,2.221421685886839
38,38,2,fam,0.1084548099628509,2.221421690799262,476.6666666666667,2.221421685886839
39,39,0,fam,0.10845481043577652,2.2214216864386844,476.6666666666667,2.221421685886839
40,40,1,fam,0.1084548104012582,2.2214216867569583,476.6666666666667,2.221421685886839
41,41,2,fam,0.10845481038054722,2.2214216869479224,476.6666666666667,2.221421685886839
42,42,0,fam,0.10845481048269916,2.2214216860060376,476.6666666666667,2.221421685886839
43,43,1,fam,0.1084548104752432,2.221421686074785,476.6666666666667,2.221421685886839
44,44,2,fam,0.10845481047076963,2.221421686116033,476.6666666666667,2.221421685886839
45,45,0,fam,0.10845481049283442,2.221421685912586,476.6666666666667,2.221421685886839
46,46,1,fam,0.10845481049122395,2.2214216859274356,476.6666666666667,2.221421685886839
47,47,2,fam,0.10845481049025767,2.221421685936345,476.6666666666667,2.221421685886839
48,48,0,fam,0.10845481049502367,2.2214216858924005,476.6666666666667,2.221421685886839
49,49,1,fam,0.1084548104946758,2.2214216858956077,476.6666666666667,2.221421685886839
50,50,2,fam,0.10845481049446709,2.2214216858975324,476.6666666666667,2.221421685886839
51,51,0,fam,0.10845481049549655,2.2214216858880405,476.6666666666667,2.221421685886839
52,52,1,fam,0.10845481049542141,2.2214216858887332,476.6666666666667,2.221421685886839
53,53,2,fam,0.10845481049537634,2.2214216858891485,476.6666666666667,2.221421685886839
54,54,0,fam,0.10845481049559866,2.2214216858870985,476.6666666666667,2.221421685886839
55,55,1,fam,0.10845481049558243,2.221421685887248,476.6666666666667,2.221421685886839
56,56,2,fam,0.10845481049557269,2.2214216858873383,476.6666666666667,2.221421685886839
57,57,0,fam,0.10845481049562074,2.221421685886895,476.6666666666667,2.221421685886839
58,58,1,fam,0.10845481049561724,2.2214216858869276,476.6666666666667,2.221421685886839
59,59,2,fam,0.10845481049561513,2.2214216858869467,476.6666666666667,2.221421685886839
60,60,0,fam,0.10845481049562551,2.221421685886851,476.6666666666667,2.221421685886839
61,61,1,fam,0.10845481049562475,2.2214216858868583,476.6666666666667,2.221421685886839
62,62,2,fam,0.1084548104956243,2.2214216858868623,476.6666666666667,2.221421685886839
63,63,0,fam,0.10845481049562654,2.221421685886842,476.6666666666667,2.221421685886839
64,64,1,fam,0.10845481049562637,2.221421685886843,476.6666666666667,2.221421685886839
65,65,2,fam,0.10845481049562627,2.221421685886844,476.6666666666667,2.221421685886839
66,66,3,recov,0.04285714285714289,3.1498829533812485,476.6666666666667,2.221421685886839
67,67,4,recov,0.04285714285714288,3.149882953381249,476.6666666666667,2.221421685886839
68,68,5,recov,0.042857142857142864,3.149882953381249,476.6666666666667,2.221421685886839
69,69,3,recov,0.09428571428571429,2.361425593016979,476.6666666666667,2.221421685886839
70,70,4,recov,0.09428571428571429,2.361425593016979,476.6666666666667,2.221421685886839
71,71,5,recov,0.09428571428571429,2.361425593016979,476.6666666666667,2.221421685886839
72,72,3,recov,0.10539428571428572,2.250046859579055,476.6666666666667,2.221421685886839
73,73,4,recov,0.10539428571428572,2.250046859579055,476.6666666666667,2.221421685886839
74,74,5,recov,0.10539428571428572,2.250046859579055,476.6666666666667,2.221421685886839
75,75,3,recov,0.10779373714285714,2.2275357191999725,476.6666666666667,2.221421685886839
76,76,4,recov,0.10779373714285714,2.2275357191999725,476.6666666666667,2.221421685886839
77,77,5,recov,0.10779373714285714,2.2275357191999725,476.6666666666667,2.221421685886839
78,78,3,recov,0.10831201865142857,2.222739155588399,476.6666666666667,2.221421685886839
79,79,4,recov,0.10831201865142857,2.222739155588399,476.6666666666667,2.221421685886839
80,80,5,recov,0.10831201865142857,2.222739155588399,476.6666666666667,2.221421685886839
81,81,3,recov,0.10842396745728002,2.221706112411609,476.6666666666667,2.221421685886839
82,82,4,recov,0.10842396745728002,2.221706112411609,476.6666666666667,2.221421685886839
83,83,5,recov,0.10842396745728002,2.221706112411609,476.6666666666667,2.221421685886839
84,84,3,recov,0.10844814839934391,2.2214831151667247,476.6666666666667,2.221421685886839
85,85,4,recov,0.10844814839934391,2.2214831151667247,476.6666666666667,2.221421685886839
86,86,5,recov,0.10844814839934391,2.2214831151667247,476.6666666666667,2.221421685886839
87,87,3,recov,0.10845337148282973,2.2214349542917833,476.6666666666667,2.221421685886839
88,88,4,recov,0.10845337148282973,2.2214349542917833,476.6666666666667,2.221421685886839
89,89,5,recov,0.10845337148282973,2.2214349542917833,476.6666666666667,2.221421685886839
90,90,3,recov,0.10845449966886266,2.2214245518474005,476.6666666666667,2.221421685886839
91,91,4,recov,0.10845449966886266,2.2214245518474005,476.6666666666667,2.221421685886839
92,92,5,recov,0.10845449966886266,2.2214245518474005,476.6666666666667,2.221421685886839
93,93,3,recov,0.10845474335704576,2.221422304933625,476.6666666666667,2.221421685886839
94,94,4,recov,0.10845474335704576,2.221422304933625,476.6666666666667,2.221421685886839
95,95,5,recov,0.10845474335704576,2.221422304933625,476.6666666666667,2.221421685886839
96,96,3,recov,0.10845479599369333,2.2214218196009123,476.6666666666667,2.221421685886839
97,97,4,recov,0.10845479599369333,2.2214218196009123,476.6666666666667,2.221421685886839
98,98,5,recov,0.10845479599369333,2.2214218196009123,476.6666666666667,2.221421685886839
99,99,3,recov,0.10845480736320917,2.2214217147690776,476.6666666666667,2.221421685886839
100,100,4,recov,0.10845480736320917,2.2214217147690776,476.6666666666667,2.221421685886839
101,101,5,recov,0.10845480736320917,2.2214217147690776,476.6666666666667,2.221421685886839
102,102,3,recov,0.10845480981902461,2.2214216921254026,476.6666666666667,2.221421685886839
103,103,4,recov,0.10845480981902461,2.2214216921254026,476.6666666666667,2.221421685886839
104,104,5,recov,0.10845480981902461,2.2214216921254026,476.6666666666667,2.221421685886839
105,105,3,recov,0.10845481034948076,2.2214216872343684,476.6666666666667,2.221421685886839
106,106,4,recov,0.10845481034948076,2.2214216872343684,476.6666666666667,2.221421685886839
107,107,5,recov,0.10845481034948076,2.2214216872343684,476.6666666666667,2.221421685886839
108,108,3,recov,0.10845481046405928,2.2214216861779055,476.6666666666667,2.221421685886839
109,109,4,recov,0.10845481046405928,2.2214216861779055,476.6666666666667,2.221421685886839
110,110,5,recov,0.10845481046405928,2.2214216861779055,476.6666666666667,2.221421685886839
111,111,3,recov,0.10845481048880823,2.2214216859497093,476.6666666666667,2.221421685886839
112,112,4,recov,0.10845481048880823,2.2214216859497093,476.6666666666667,2.221421685886839
113,113,5,recov,0.10845481048880823,2.2214216859497093,476.6666666666667,2.221421685886839
114,114,3,recov,0.10845481049415401,2.221421685900419,476.6666666666667,2.221421685886839
115,115,4,recov,0.10845481049415401,2.221421685900419,476.6666666666667,2.221421685886839
116,116,5,recov,0.10845481049415401,2.221421685900419,476.6666666666667,2.221421685886839
117,117,3,recov,0.10845481049530871,2.221421685889772,476.6666666666667,2.221421685886839
118,118,4,recov,0.10845481049530871,2.221421685889772,476.6666666666667,2.221421685886839
119,119,5,recov,0.10845481049530871,2.221421685889772,476.6666666666667,2.221421685886839
120,120,3,recov,0.1084548104955581,2.221421685887473,476.6666666666667,2.221421685886839
121,121,4,recov,0.1084548104955581,2.221421685887473,476.6666666666667,2.221421685886839
122,122,5,recov,0.1084548104955581,2.221421685887473,476.6666666666667,2.221421685886839
123,123,3,recov,0.108454810495612,2.221421685886976,476.6666666666667,2.221421685886839
124,124,4,recov,0.108454810495612,2.221421685886976,476.6666666666667,2.221421685886839
125,125,5,recov,0.108454810495612,2.221421685886976,476.6666666666667,2.221421685886839
126,126,3,recov,0.10845481049562364,2.2214216858868685,476.6666666666667,2.221421685886839
127,127,4,recov,0.10845481049562364,2.2214216858868685,476.6666666666667,2.221421685886839
128,128,5,recov,0.10845481049562364,2.2214216858868685,476.6666666666667,2.221421685886839
129,129,3,recov,0.10845481049562614,2.2214216858868454,476.6666666666667,2.221421685886839
130,130,4,recov,0.10845481049562614,2.2214216858868454,476.6666666666667,2.221421685886839
131,131,5,recov,0.10845481049562614,2.2214216858868454,476.6666666666667,2.221421685886839
132,132,3,recov,0.10845481049562668,2.2214216858868405,476.6666666666667,2.221421685886839
133,133,4,recov,0.10845481049562668,2.2214216858868405,476.6666666666667,2.221421685886839
134,134,5,recov,0.10845481049562668,2.2214216858868405,476.6666666666667,2.221421685886839
135,135,3,recov,0.10845481049562679,2.221421685886839,476.6666666666667,2.221421685886839
136,136,4,recov,0.10845481049562679,2.221421685886839,476.6666666666667,2.221421685886839
137,137,5,recov,0.10845481049562679,2.221421685886839,476.6666666666667,2.221421685886839
138,138,3,recov,0.10845481049562682,2.221421685886839,476.6666666666667,2.221421685886839
139,139,4,recov,0.10845481049562682,2.221421685886839,476.6666666666667,2.221421685886839
140,140,5,recov,0.10845481049562682,2.221421685886839,476.6666666666667,2.221421685886839
141,141,3,recov,0.10845481049562683,2.221421685886839,476.6666666666667,2.221421685886839
142,142,4,recov,0.10845481049562683,2.221421685886839,476.6666666666667,2.221421685886839
143,143,5,recov,0.10845481049562683,2.221421685886839,476.6666666666667,2.221421685886839
144,144,3,recov,0.10845481049562683,2.221421685886839,476.6666666666667,2.221421685886839
145,145,4,recov,0.10845481049562683,2.221421685886839,476.6666666666667,2.221421685886839
146,146,5,recov,0.10845481049562683,2.221421685886839,476.6666666666667,2.221421685886839
147,147,3,recov,0.10845481049562683,2.221421685886839,476.6666666666667,2.221421685886839
148,148,4,recov,0.10845481049562683,2.221421685886839,476.6666666666667,2.221421685886839
149,149,5,recov,0.10845481049562683,2.221421685886839,476.6666666666667,2.221421685886839
150,150,3,recov,0.10845481049562683,2.221421685886839,476.6666666666667,2.221421685886839
151,151,4,recov,0.10845481049562683,2.221421685886839,476.6666666666667,2.221421685886839
152,152,5,recov,0.10845481049562683,2.221421685886839,476.6666666666667,2.221421685886839
153,153,3,recov,0.10845481049562683,2.221421685886839,476.6666666666667,2.221421685886839
154,154,4,recov,0.10845481049562683,2.221421685886839,476.6666666666667,2.221421685886839
155,155,5,recov,0.10845481049562683,2.221421685886839,476.6666666666667,2.221421685886839
156,156,3,recov,0.10845481049562683,2.221421685886839,476.6666666666667,2.221421685886839
157,157,4,recov,0.10845481049562683,2.221421685886839,476.6666666666667,2.221421685886839
158,158,5,recov,0.10845481049562683,2.221421685886839,476.6666666666667,2.221421685886839
159,159,3,recov,0.10845481049562683,2.221421685886839,476.6666666666667,2.221421685886839
160,160,4,recov,0.10845481049562683,2.221421685886839,476.6666666666667,2.221421685886839
161,161,5,recov,0.10845481049562683,2.221421685886839,476.6666666666667,2.221421685886839
162,162,3,recov,0.10845481049562683,2.221421685886839,476.6666666666667,2.221421685886839
163,163,4,recov,0.10845481049562683,2.221421685886839,476.6666666666667,2.221421685886839
164,164,5,recov,0.10845481049562683,2.221421685886839,476.6666666666667,2.221421685886839
165,165,3,recov,0.10845481049562683,2.221421685886839,476.6666666666667,2.221421685886839
166,166,4,recov,0.10845481049562683,2.221421685886839,476.6666666666667,2.221421685886839
167,167,5,recov,0.10845481049562683,2.221421685886839,476.6666666666667,2.221421685886839
168,168,3,recov,0.10845481049562683,2.221421685886839,476.6666666666667,2.221421685886839
169,169,4,recov,0.10845481049562683,2.221421685886839,476.6666666666667,2.221421685886839
170,170,5,recov,0.10845481049562683,2.221421685886839,476.6666666666667,2.221421685886839
171,171,3,recov,0.10845481049562683,2.221421685886839,476.6666666666667,2.221421685886839
172,172,4,recov,0.10845481049562683,2.221421685886839,476.6666666666667,2.221421685886839
173,173,5,recov,0.10845481049562683,2.221421685886839,476.6666666666667,2.221421685886839
174,174,3,recov,0.10845481049562683,2.221421685886839,476.6666666666667,2.221421685886839
175,175,4,recov,0.10845481049562683,2.221421685886839,476.6666666666667,2.221421685886839
176,176,5,recov,0.10845481049562683,2.221421685886839,476.6666666666667,2.221421685886839
177,177,3,recov,0.10845481049562683,2.221421685886839,476.6666666666667,2.221421685886839
178,178,4,recov,0.10845481049562683,2.221421685886839,476.6666666666667,2.221421685886839
179,179,5,recov,0.10845481049562683,2.221421685886839,476.6666666666667,2.221421685886839
180,180,3,recov,0.10845481049562683,2.221421685886839,476.6666666666667,2.221421685886839
181,181,4,recov,0.10845481049562683,2.221421685886839,476.6666666666667,2.221421685886839
182,182,5,recov,0.10845481049562683,2.221421685886839,476.6666666666667,2.221421685886839
183,183,3,recov,0.10845481049562683,2.221421685886839,476.6666666666667,2.221421685886839
184,184,4,recov,0.10845481049562683,2.221421685886839,476.6666666666667,2.221421685886839
185,185,5,recov,0.10845481049562683,2.221421685886839,476.6666666666667,2.221421685886839
186,186,3,recov,0.10845481049562683,2.221421685886839,476.6666666666667,2.221421685886839
187,187,4,recov,0.10845481049562683,2.221421685886839,476.6666666666667,2.221421685886839
188,188,5,recov,0.10845481049562683,2.221421685886839,476.6666666666667,2.221421685886839
189,189,3,recov,0.10845481049562683,2.221421685886839,476.6666666666667,2.221421685886839
190,190,4,recov,0.10845481049562683,2.221421685886839,476.6666666666667,2.221421685886839
191,191,5,recov,0.10845481049562683,2.221421685886839,476.6666666666667,2.221421685886839
192,192,3,recov,0.10845481049562683,2.221421685886839,476.6666666666667,2.221421685886839
193,193,4,recov,0.10845481049562683,2.221421685886839,476.6666666666667,2.221421685886839
194,194,5,recov,0.10845481049562683,2.221421685886839,476.6666666666667,2.221421685886839
195,195,3,recov,0.10845481049562683,2.221421685886839,476.6666666666667,2.221421685886839
196,196,4,recov,0.10845481049562683,2.221421685886839,476.6666666666667,2.221421685886839
197,197,5,recov,0.10845481049562683,2.221421685886839,476.6666666666667,2.221421685886839
198,198,3,recov,0.10845481049562683,2.221421685886839,476.6666666666667,2.221421685886839
199,199,4,recov,0.10845481049562683,2.221421685886839,476.6666666666667,2.221421685886839
200,200,5,recov,0.10845481049562683,2.221421685886839,476.6666666666667,2.221421685886839
201,201,3,recov,0.10845481049562683,2.221421685886839,476.6666666666667,2.221421685886839
202,202,4,recov,0.10845481049562683,2.221421685886839,476.6666666666667,2.221421685886839
203,203,5,recov,0.10845481049562683,2.221421685886839,476.6666666666667,2.221421685886839
204,204,3,recov,0.10845481049562683,2.221421685886839,476.6666666666667,2.221421685886839
205,205,4,recov,0.10845481049562683,2.221421685886839,476.6666666666667,2.221421685886839
206,206,5,recov,0.10845481049562683,2.221421685886839,476.6666666666667,2.221421685886839
207,207,3,recov,0.10845481049562683,2.221421685886839,476.6666666666667,2.221421685886839
208,208,4,recov,0.10845481049562683,2.221421685886839,476.6666666666667,2.221421685886839
209,209,5,recov,0.10845481049562683,2.221421685886839,476.6666666666667,2.221421685886839
210,210,3,recov,0.10845481049562683,2.221421685886839,476.6666666666667,2.221421685886839
211,211,4,recov,0.10845481049562683,2.221421685886839,476.6666666666667,2.221421685886839
212,212,5,recov,0.10845481049562683,2.221421685886839,476.6666666666667,2.221421685886839
213,213,3,recov,0.10845481049562683,2.221421685886839,476.6666666666667,2.221421685886839
214,214,4,recov,0.10845481049562683,2.221421685886839,476.6666666666667,2.221421685886839
215,215,5,recov,0.10845481049562683,2.221421685886839,476.6666666666667,2.221421685886839
216,216,3,recov,0.10845481049562683,2.221421685886839,476.6666666666667,2.221421685886839
217,217,4,recov,0.10845481049562683,2.221421685886839,476.6666666666667,2.221421685886839
218,218,5,recov,0.10845481049562683,2.221421685886839,476.6666666666667,2.221421685886839
219,219,3,recov,0.10845481049562683,2.221421685886839,476.6666666666667,2.221421685886839
220,220,4,recov,0.10845481049562683,2.221421685886839,476.6666666666667,2.221421685886839
221,221,5,recov,0.10845481049562683,2.221421685886839,476.6666666666667,2.221421685886839
222,222,3,recov,0.10845481049562683,2.221421685886839,476.6666666666667,2.221421685886839
223,223,4,recov,0.10845481049562683,2.221421685886839,476.6666666666667,2.221421685886839
224,224,5,recov,0.10845481049562683,2.221421685886839,476.6666666666667,2.221421685886839
225,225,3,recov,0.10845481049562683,2.221421685886839,476.6666666666667,2.221421685886839
226,226,4,recov,0.10845481049562683,2.221421685886839,476.6666666666667,2.221421685886839
227,227,5,recov,0.10845481049562683,2.221421685886839,476.6666666666667,2.221421685886839
228,228,3,recov,0.10845481049562683,2.221421685886839,476.6666666666667,2.221421685886839
229,229,4,recov,0.10845481049562683,2.221421685886839,476.6666666666667,2.221421685886839
230,230,5,recov,0.10845481049562683,2.221421685886839,476.6666666666667,2.221421685886839
231,231,3,recov,0.10845481049562683,2.221421685886839,476.6666666666667,2.221421685886839
232,232,4,recov,0.10845481049562683,2.221421685886839,476.6666666666667,2.221421685886839
233,233,5,recov,0.10845481049562683,2.221421685886839,476.6666666666667,2.221421685886839
234,234,3,recov,0.10845481049562683,2.221421685886839,476.6666666666667,2.221421685886839
235,235,4,recov,0.10845481049562683,2.221421685886839,476.6666666666667,2.221421685886839
236,236,5,recov,0.10845481049562683,2.221421685886839,476.6666666666667,2.221421685886839
237,237,3,recov,0.10845481049562683,2.221421685886839,476.6666666666667,2.221421685886839
238,238,4,recov,0.10845481049562683,2.221421685886839,476.6666666666667,2.221421685886839
239,239,5,recov,0.10845481049562683,2.221421685886839,476.6666666666667,2.221421685886839
240,240,3,recov,0.10845481049562683,2.221421685886839,476.6666666666667,2.221421685886839
241,241,4,recov,0.10845481049562683,2.221421685886839,476.6666666666667,2.221421685886839
242,242,5,recov,0.10845481049562683,2.221421685886839,476.6666666666667,2.221421685886839
243,243,3,recov,0.10845481049562683,2.221421685886839,476.6666666666667,2.221421685886839
244,244,4,recov,0.10845481049562683,2.221421685886839,476.6666666666667,2.221421685886839
245,245,5,recov,0.10845481049562683,2.221421685886839,476.6666666666667,2.221421685886839
246,246,3,recov,0.10845481049562683,2.221421685886839,476.6666666666667,2.221421685886839
247,247,4,recov,0.10845481049562683,2.221421685886839,476.6666666666667,2.221421685886839
248,248,5,recov,0.10845481049562683,2.221421685886839,476.6666666666667,2.221421685886839
249,249,3,recov,0.10845481049562683,2.221421685886839,476.6666666666667,2.221421685886839
250,250,4,recov,0.10845481049562683,2.221421685886839,476.6666666666667,2.221421685886839
251,251,5,recov,0.10845481049562683,2.221421685886839,476.6666666666667,2.221421685886839
252,252,3,recov,0.10845481049562683,2.221421685886839,476.6666666666667,2.221421685886839
253,253,4,recov,0.10845481049562683,2.221421685886839,476.6666666666667,2.221421685886839
254,254,5,recov,0.10845481049562683,2.221421685886839,476.6666666666667,2.221421685886839
255,255,3,recov,0.10845481049562683,2.221421685886839,476.6666666666667,2.221421685886839
256,256,4,recov,0.10845481049562683,2.221421685886839,476.6666666666667,2.221421685886839
257,257,5,recov,0.10845481049562683,2.221421685886839,476.6666666666667,2.221421685886839
258,258,3,recov,0.10845481049562683,2.221421685886839,476.6666666666667,2.221421685886839
259,259,4,recov,0.10845481049562683,2.221421685886839,476.6666666666667,2.221421685886839
260,260,5,recov,0.10845481049562683,2.221421685886839,476.6666666666667,2.221421685886839
261,261,3,recov,0.10845481049562683,2.221421685886839,476.6666666666667,2.221421685886839
262,262,4,recov,0.10845481049562683,2.221421685886839,476.6666666666667,2.221421685886839
263,263,5,recov,0.10845481049562683,2.221421685886839,476.6666666666667,2.221421685886839
264,264,3,recov,0.10845481049562683,2.221421685886839,476.6666666666667,2.221421685886839
265,265,4,recov,0.10845481049562683,2.221421685886839,476.6666666666667,2.221421685886839
266,266,5,recov,0.10845481049562683,2.221421685886839,476.6666666666667,2.221421685886839
267,267,3,recov,0.10845481049562683,2.221421685886839,476.6666666666667,2.221421685886839
268,268,4,recov,0.10845481049562683,2.221421685886839,476.6666666666667,2.221421685886839
269,269,5,recov,0.10845481049562683,2.221421685886839,476.6666666666667,2.221421685886839
270,270,3,recov,0.10845481049562683,2.221421685886839,476.6666666666667,2.221421685886839
271,271,4,recov,0.10845481049562683,2.221421685886839,476.6666666666667,2.221421685886839
272,272,5,recov,0.10845481049562683,2.221421685886839,476.6666666666667,2.221421685886839
273,273,3,recov,0.10845481049562683,2.221421685886839,476.6666666666667,2.221421685886839
274,274,4,recov,0.10845481049562683,2.221421685886839,476.6666666666667,2.221421685886839
275,275,5,recov,0.10845481049562683,2.221421685886839,476.6666666666667,2.221421685886839
276,276,3,recov,0.10845481049562683,2.221421685886839,476.6666666666667,2.221421685886839
277,277,4,recov,0.10845481049562683,2.221421685886839,476.6666666666667,2.221421685886839
278,278,5,recov,0.10845481049562683,2.221421685886839,476.6666666666667,2.221421685886839
279,279,3,recov,0.10845481049562683,2.221421685886839,476.6666666666667,2.221421685886839
280,280,4,recov,0.10845481049562683,2.221421685886839,476.6666666666667,2.221421685886839
281,281,5,recov,0.10845481049562683,2.221421685886839,476.6666666666667,2.221421685886839
282,282,3,recov,0.10845481049562683,2.221421685886839,476.6666666666667,2.221421685886839
283,283,4,recov,0.10845481049562683,2.221421685886839,476.6666666666667,2.221421685886839
284,284,5,recov,0.10845481049562683,2.221421685886839,476.6666666666667,2.221421685886839
285,285,3,recov,0.10845481049562683,2.221421685886839,476.6666666666667,2.221421685886839
286,286,4,recov,0.10845481049562683,2.221421685886839,476.6666666666667,2.221421685886839
287,287,5,recov,0.10845481049562683,2.221421685886839,476.6666666666667,2.221421685886839
288,288,3,recov,0.10845481049562683,2.221421685886839,476.6666666666667,2.221421685886839
289,289,4,recov,0.10845481049562683,2.221421685886839,476.6666666666667,2.221421685886839
290,290,5,recov,0.10845481049562683,2.221421685886839,476.6666666666667,2.221421685886839
291,291,3,recov,0.10845481049562683,2.221421685886839,476.6666666666667,2.221421685886839
292,292,4,recov,0.10845481049562683,2.221421685886839,476.6666666666667,2.221421685886839
293,293,5,recov,0.10845481049562683,2.221421685886839,476.6666666666667,2.221421685886839
294,294,3,recov,0.10845481049562683,2.221421685886839,476.6666666666667,2.221421685886839
295,295,4,recov,0.10845481049562683,2.221421685886839,476.6666666666667,2.221421685886839
296,296,5,recov,0.10845481049562683,2.221421685886839,476.6666666666667,2.221421685886839
297,297,3,recov,0.10845481049562683,2.221421685886839,476.6666666666667,2.221421685886839
298,298,4,recov,0.10845481049562683,2.221421685886839,476.6666666666667,2.221421685886839
299,299,5,recov,0.10845481049562683,2.221421685886839,476.6666666666667,2.221421685886839
300,300,3,recov,0.10845481049562683,2.221421685886839,476.6666666666667,2.221421685886839
301,301,4,recov,0.10845481049562683,2.221421685886839,476.6666666666667,2.221421685886839
302,302,5,recov,0.10845481049562683,2.221421685886839,476.6666666666667,2.221421685886839
303,303,3,recov,0.10845481049562683,2.221421685886839,476.6666666666667,2.221421685886839
304,304,4,recov,0.10845481049562683,2.221421685886839,476.6666666666667,2.221421685886839
305,305,5,recov,0.10845481049562683,2.221421685886839,476.6666666666667,2.221421685886839
306,306,3,recov,0.10845481049562683,2.221421685886839,476.6666666666667,2.221421685886839
307,307,4,recov,0.10845481049562683,2.221421685886839,476.6666666666667,2.221421685886839
308,308,5,recov,0.10845481049562683,2.221421685886839,476.6666666666667,2.221421685886839
309,309,3,recov,0.10845481049562683,2.221421685886839,476.6666666666667,2.221421685886839
310,310,4,recov,0.10845481049562683,2.221421685886839,476.6666666666667,2.221421685886839
311,311,5,recov,0.10845481049562683,2.221421685886839,476.6666666666667,2.221421685886839
312,312,3,recov,0.10845481049562683,2.221421685886839,476.6666666666667,2.221421685886839
313,313,4,recov,0.10845481049562683,2.221421685886839,476.6666666666667,2.221421685886839
314,314,5,recov,0.10845481049562683,2.221421685886839,476.6666666666667,2.221421685886839
315,315,3,recov,0.10845481049562683,2.221421685886839,476.6666666666667,2.221421685886839
316,316,4,recov,0.10845481049562683,2.221421685886839,476.6666666666667,2.221421685886839
317,317,5,recov,0.10845481049562683,2.221421685886839,476.6666666666667,2.221421685886839
318,318,3,recov,0.10845481049562683,2.221421685886839,476.6666666666667,2.221421685886839
319,319,4,recov,0.10845481049562683,2.221421685886839,476.6666666666667,2.221421685886839
320,320,5,recov,0.10845481049562683,2.221421685886839,476.6666666666667,2.221421685886839
321,321,3,recov,0.10845481049562683,2.221421685886839,476.6666666666667,2.221421685886839
322,322,4,recov,0.10845481049562683,2.221421685886839,476.6666666666667,2.221421685886839
323,323,5,recov,0.10845481049562683,2.221421685886839,476.6666666666667,2.221421685886839
324,324,3,recov,0.10845481049562683,2.221421685886839,476.6666666666667,2.221421685886839
325,325,4,recov,0.10845481049562683,2.221421685886839,476.6666666666667,2.221421685886839
326,326,5,recov,0.10845481049562683,2.221421685886839,476.6666666666667,2.221421685886839
327,327,3,recov,0.10845481049562683,2.221421685886839,476.6666666666667,2.221421685886839
328,328,4,recov,0.10845481049562683,2.221421685886839,476.6666666666667,2.221421685886839
329,329,5,recov,0.10845481049562683,2.221421685886839,476.6666666666667,2.221421685886839
330,330,3,recov,0.10845481049562683,2.221421685886839,476.6666666666667,2.221421685886839
331,331,4,recov,0.10845481049562683,2.221421685886839,476.6666666666667,2.221421685886839
332,332,5,recov,0.10845481049562683,2.221421685886839,476.6666666666667,2.221421685886839
333,333,3,recov,0.10845481049562683,2.221421685886839,476.6666666666667,2.221421685886839
334,334,4,recov,0.10845481049562683,2.221421685886839,476.6666666666667,2.221421685886839
335,335,5,recov,0.10845481049562683,2.221421685886839,476.6666666666667,2.221421685886839
336,336,3,recov,0.10845481049562683,2.221421685886839,476.6666666666667,2.221421685886839
337,337,4,recov,0.10845481049562683,2.221421685886839,476.6666666666667,2.221421685886839
338,338,5,recov,0.10845481049562683,2.221421685886839,476.6666666666667,2.221421685886839
339,339,3,recov,0.10845481049562683,2.221421685886839,476.6666666666667,2.221421685886839
340,340,4,recov,0.10845481049562683,2.221421685886839,476.6666666666667,2.221421685886839
341,341,5,recov,0.10845481049562683,2.221421685886839,476.6666666666667,2.221421685886839
342,342,3,recov,0.10845481049562683,2.221421685886839,476.6666666666667,2.221421685886839
343,343,4,recov,0.10845481049562683,2.221421685886839,476.6666666666667,2.221421685886839
344,344,5,recov,0.10845481049562683,2.221421685886839,476.6666666666667,2.221421685886839
345,345,3,recov,0.10845481049562683,2.221421685886839,476.6666666666667,2.221421685886839
346,346,4,recov,0.10845481049562683,2.221421685886839,476.6666666666667,2.221421685886839
347,347,5,recov,0.10845481049562683,2.221421685886839,476.6666666666667,2.221421685886839
348,348,3,recov,0.10845481049562683,2.221421685886839,476.6666666666667,2.221421685886839
349,349,4,recov,0.10845481049562683,2.221421685886839,476.6666666666667,2.221421685886839
350,350,5,recov,0.10845481049562683,2.221421685886839,476.6666666666667,2.221421685886839
351,351,3,recov,0.10845481049562683,2.221421685886839,476.6666666666667,2.221421685886839
352,352,4,recov,0.10845481049562683,2.221421685886839,476.6666666666667,2.221421685886839
353,353,5,recov,0.10845481049562683,2.221421685886839,476.6666666666667,2.221421685886839
354,354,3,recov,0.10845481049562683,2.221421685886839,476.6666666666667,2.221421685886839
355,355,4,recov,0.10845481049562683,2.221421685886839,476.6666666666667,2.221421685886839
356,356,5,recov,0.10845481049562683,2.221421685886839,476.6666666666667,2.221421685886839
357,357,3,recov,0.10845481049562683,2.221421685886839,476.6666666666667,2.221421685886839
358,358,4,recov,0.10845481049562683,2.221421685886839,476.6666666666667,2.221421685886839
359,359,5,recov,0.10845481049562683,2.221421685886839,476.6666666666667,2.221421685886839
360,360,3,recov,0.10845481049562683,2.221421685886839,476.6666666666667,2.221421685886839
361,361,4,recov,0.10845481049562683,2.221421685886839,476.6666666666667,2.221421685886839
362,362,5,recov,0.10845481049562683,2.221421685886839,476.6666666666667,2.221421685886839
363,363,3,recov,0.10845481049562683,2.221421685886839,476.6666666666667,2.221421685886839
364,364,4,recov,0.10845481049562683,2.221421685886839,476.6666666666667,2.221421685886839
365,365,5,recov,0.10845481049562683,2.221421685886839,476.6666666666667,2.221421685886839
366,366,3,recov,0.10845481049562683,2.221421685886839,476.6666666666667,2.221421685886839
367,367,4,recov,0.10845481049562683,2.221421685886839,476.6666666666667,2.221421685886839
368,368,5,recov,0.10845481049562683,2.221421685886839,476.6666666666667,2.221421685886839
369,369,3,recov,0.10845481049562683,2.221421685886839,476.6666666666667,2.221421685886839
370,370,4,recov,0.10845481049562683,2.221421685886839,476.6666666666667,2.221421685886839
371,371,5,recov,0.10845481049562683,2.221421685886839,476.6666666666667,2.221421685886839
372,372,3,recov,0.10845481049562683,2.221421685886839,476.6666666666667,2.221421685886839
373,373,4,recov,0.10845481049562683,2.221421685886839,476.6666666666667,2.221421685886839
374,374,5,recov,0.10845481049562683,2.221421685886839,476.6666666666667,2.221421685886839
375,375,3,recov,0.10845481049562683,2.221421685886839,476.6666666666667,2.221421685886839
376,376,4,recov,0.10845481049562683,2.221421685886839,476.6666666666667,2.221421685886839
377,377,5,recov,0.10845481049562683,2.221421685886839,476.6666666666667,2.221421685886839
378,378,3,recov,0.10845481049562683,2.221421685886839,476.6666666666667,2.221421685886839
379,379,4,recov,0.10845481049562683,2.221421685886839,476.6666666666667,2.221421685886839
380,380,5,recov,0.10845481049562683,2.221421685886839,476.6666666666667,2.221421685886839
381,381,3,recov,0.10845481049562683,2.221421685886839,476.6666666666667,2.221421685886839
382,382,4,recov,0.10845481049562683,2.221421685886839,476.6666666666667,2.221421685886839
383,383,5,recov,0.10845481049562683,2.221421685886839,476.6666666666667,2.221421685886839
384,384,3,recov,0.10845481049562683,2.221421685886839,476.6666666666667,2.221421685886839
385,385,4,recov,0.10845481049562683,2.221421685886839,476.6666666666667,2.221421685886839
386,386,5,recov,0.10845481049562683,2.221421685886839,476.6666666666667,2.221421685886839
387,387,3,recov,0.10845481049562683,2.221421685886839,476.6666666666667,2.221421685886839
388,388,4,recov,0.10845481049562683,2.221421685886839,476.6666666666667,2.221421685886839
389,389,5,recov,0.10845481049562683,2.221421685886839,476.6666666666667,2.221421685886839
390,390,3,recov,0.10845481049562683,2.221421685886839,476.6666666666667,2.221421685886839
391,391,4,recov,0.10845481049562683,2.221421685886839,476.6666666666667,2.221421685886839
392,392,5,recov,0.10845481049562683,2.221421685886839,476.6666666666667,2.221421685886839
393,393,3,recov,0.10845481049562683,2.221421685886839,476.6666666666667,2.221421685886839
394,394,4,recov,0.10845481049562683,2.221421685886839,476.6666666666667,2.221421685886839
395,395,5,recov,0.10845481049562683,2.221421685886839,476.6666666666667,2.221421685886839
396,396,3,recov,0.10845481049562683,2.221421685886839,476.6666666666667,2.221421685886839
397,397,4,recov,0.10845481049562683,2.221421685886839,476.6666666666667,2.221421685886839
398,398,5,recov,0.10845481049562683,2.221421685886839,476.6666666666667,2.221421685886839
399,399,3,recov,0.10845481049562683,2.221421685886839,476.6666666666667,2.221421685886839
400,400,4,recov,0.10845481049562683,2.221421685886839,476.6666666666667,2.221421685886839
401,401,5,recov,0.10845481049562683,2.221421685886839,476.6666666666667,2.221421685886839
402,402,3,recov,0.10845481049562683,2.221421685886839,476.6666666666667,2.221421685886839
403,403,4,recov,0.10845481049562683,2.221421685886839,476.6666666666667,2.221421685886839
404,404,5,recov,0.10845481049562683,2.221421685886839,476.6666666666667,2.221421685886839
405,405,3,recov,0.10845481049562683,2.221421685886839,476.6666666666667,2.221421685886839
406,406,4,recov,0.10845481049562683,2.221421685886839,476.6666666666667,2.221421685886839
407,407,5,recov,0.10845481049562683,2.221421685886839,476.6666666666667,2.221421685886839
408,408,3,recov,0.10845481049562683,2.221421685886839,476.6666666666667,2.221421685886839
409,409,4,recov,0.10845481049562683,2.221421685886839,476.6666666666667,2.221421685886839
410,410,5,recov,0.10845481049562683,2.221421685886839,476.6666666666667,2.221421685886839
411,411,3,recov,0.10845481049562683,2.221421685886839,476.6666666666667,2.221421685886839
412,412,4,recov,0.10845481049562683,2.221421685886839,476.6666666666667,2.221421685886839
413,413,5,recov,0.10845481049562683,2.221421685886839,476.6666666666667,2.221421685886839
414,414,3,recov,0.10845481049562683,2.221421685886839,476.6666666666667,2.221421685886839
415,415,4,recov,0.10845481049562683,2.221421685886839,476.6666666666667,2.221421685886839
416,416,5,recov,0.10845481049562683,2.221421685886839,476.6666666666667,2.221421685886839
417,417,3,recov,0.10845481049562683,2.221421685886839,476.6666666666667,2.221421685886839
418,418,4,recov,0.10845481049562683,2.221421685886839,476.6666666666667,2.221421685886839
419,419,5,recov,0.10845481049562683,2.221421685886839,476.6666666666667,2.221421685886839
420,420,3,recov,0.10845481049562683,2.221421685886839,476.6666666666667,2.221421685886839
421,421,4,recov,0.10845481049562683,2.221421685886839,476.6666666666667,2.221421685886839
422,422,5,recov,0.10845481049562683,2.221421685886839,476.6666666666667,2.221421685886839
423,423,3,recov,0.10845481049562683,2.221421685886839,476.6666666666667,2.221421685886839
424,424,4,recov,0.10845481049562683,2.221421685886839,476.6666666666667,2.221421685886839
425,425,5,recov,0.10845481049562683,2.221421685886839,476.6666666666667,2.221421685886839
426,426,3,recov,0.10845481049562683,2.221421685886839,476.6666666666667,2.221421685886839
427,427,4,recov,0.10845481049562683,2.221421685886839,476.6666666666667,2.221421685886839
428,428,5,recov,0.10845481049562683,2.221421685886839,476.6666666666667,2.221421685886839
429,429,3,recov,0.10845481049562683,2.221421685886839,476.6666666666667,2.221421685886839
430,430,4,recov,0.10845481049562683,2.221421685886839,476.6666666666667,2.221421685886839
431,431,5,recov,0.10845481049562683,2.221421685886839,476.6666666666667,2.221421685886839
432,432,3,recov,0.10845481049562683,2.221421685886839,476.6666666666667,2.221421685886839
433,433,4,recov,0.10845481049562683,2.221421685886839,476.6666666666667,2.221421685886839
434,434,5,recov,0.10845481049562683,2.221421685886839,476.6666666666667,2.221421685886839
435,435,3,recov,0.10845481049562683,2.221421685886839,476.6666666666667,2.221421685886839
436,436,4,recov,0.10845481049562683,2.221421685886839,476.6666666666667,2.221421685886839
437,437,5,recov,0.10845481049562683,2.221421685886839,476.6666666666667,2.221421685886839
438,438,3,recov,0.10845481049562683,2.221421685886839,476.6666666666667,2.221421685886839
439,439,4,recov,0.10845481049562683,2.221421685886839,476.6666666666667,2.221421685886839
440,440,5,recov,0.10845481049562683,2.221421685886839,476.6666666666667,2.221421685886839
441,441,3,recov,0.10845481049562683,2.221421685886839,476.6666666666667,2.221421685886839
442,442,4,recov,0.10845481049562683,2.221421685886839,476.6666666666667,2.221421685886839
443,443,5,recov,0.10845481049562683,2.221421685886839,476.6666666666667,2.221421685886839
444,444,3,recov,0.10845481049562683,2.221421685886839,476.6666666666667,2.221421685886839
445,445,4,recov,0.10845481049562683,2.221421685886839,476.6666666666667,2.221421685886839
446,446,5,recov,0.10845481049562683,2.221421685886839,476.6666666666667,2.221421685886839
447,447,3,recov,0.10845481049562683,2.221421685886839,476.6666666666667,2.221421685886839
448,448,4,recov,0.10845481049562683,2.221421685886839,476.6666666666667,2.221421685886839
449,449,5,recov,0.10845481049562683,2.221421685886839,476.6666666666667,2.221421685886839
450,450,3,recov,0.10845481049562683,2.221421685886839,476.6666666666667,2.221421685886839
451,451,4,recov,0.10845481049562683,2.221421685886839,476.6666666666667,2.221421685886839
452,452,5,recov,0.10845481049562683,2.221421685886839,476.6666666666667,2.221421685886839
453,453,3,recov,0.10845481049562683,2.221421685886839,476.6666666666667,2.221421685886839
454,454,4,recov,0.10845481049562683,2.221421685886839,476.6666666666667,2.221421685886839
455,455,5,recov,0.10845481049562683,2.221421685886839,476.6666666666667,2.221421685886839
456,456,3,recov,0.10845481049562683,2.221421685886839,476.6666666666667,2.221421685886839
457,457,4,recov,0.10845481049562683,2.221421685886839,476.6666666666667,2.221421685886839
458,458,5,recov,0.10845481049562683,2.221421685886839,476.6666666666667,2.221421685886839
459,459,3,recov,0.10845481049562683,2.221421685886839,476.6666666666667,2.221421685886839
460,460,4,recov,0.10845481049562683,2.221421685886839,476.6666666666667,2.221421685886839
461,461,5,recov,0.10845481049562683,2.221421685886839,476.6666666666667,2.221421685886839
462,462,3,recov,0.10845481049562683,2.221421685886839,476.6666666666667,2.221421685886839
463,463,4,recov,0.10845481049562683,2.221421685886839,476.6666666666667,2.221421685886839
464,464,5,recov,0.10845481049562683,2.221421685886839,476.6666666666667,2.221421685886839
465,465,3,recov,0.10845481049562683,2.221421685886839,476.6666666666667,2.221421685886839
466,466,4,recov,0.10845481049562683,2.221421685886839,476.6666666666667,2.221421685886839
467,467,5,recov,0.10845481049562683,2.221421685886839,476.6666666666667,2.221421685886839
468,468,3,recov,0.10845481049562683,2.221421685886839,476.6666666666667,2.221421685886839
469,469,4,recov,0.10845481049562683,2.221421685886839,476.6666666666667,2.221421685886839
470,470,5,recov,0.10845481049562683,2.221421685886839,476.6666666666667,2.221421685886839
471,471,3,recov,0.10845481049562683,2.221421685886839,476.6666666666667,2.221421685886839
472,472,4,recov,0.10845481049562683,2.221421685886839,476.6666666666667,2.221421685886839
473,473,5,recov,0.10845481049562683,2.221421685886839,476.6666666666667,2.221421685886839
474,474,3,recov,0.10845481049562683,2.221421685886839,476.6666666666667,2.221421685886839
475,475,4,recov,0.10845481049562683,2.221421685886839,476.6666666666667,2.221421685886839
476,476,5,recov,0.10845481049562683,2.221421685886839,476.6666666666667,2.221421685886839
477,477,3,recov,0.10845481049562683,2.221421685886839,476.6666666666667,2.221421685886839
478,478,4,recov,0.10845481049562683,2.221421685886839,476.6666666666667,2.221421685886839
479,479,5,recov,0.10845481049562683,2.221421685886839,476.6666666666667,2.221421685886839
480,480,3,recov,0.10845481049562683,2.221421685886839,476.6666666666667,2.221421685886839
481,481,4,recov,0.10845481049562683,2.221421685886839,476.6666666666667,2.221421685886839
482,482,5,recov,0.10845481049562683,2.221421685886839,476.6666666666667,2.221421685886839
483,483,3,recov,0.10845481049562683,2.221421685886839,476.6666666666667,2.221421685886839
484,484,4,recov,0.10845481049562683,2.221421685886839,476.6666666666667,2.221421685886839
485,485,5,recov,0.10845481049562683,2.221421685886839,476.6666666666667,2.221421685886839
486,486,3,recov,0.10845481049562683,2.221421685886839,476.6666666666667,2.221421685886839
487,487,4,recov,0.10845481049562683,2.221421685886839,476.6666666666667,2.221421685886839
488,488,5,recov,0.10845481049562683,2.221421685886839,476.6666666666667,2.221421685886839
489,489,3,recov,0.10845481049562683,2.221421685886839,476.6666666666667,2.221421685886839
490,490,4,recov,0.10845481049562683,2.221421685886839,476.6666666666667,2.221421685886839
491,491,5,recov,0.10845481049562683,2.221421685886839,476.6666666666667,2.221421685886839
492,492,3,recov,0.10845481049562683,2.221421685886839,476.6666666666667,2.221421685886839
493,493,4,recov,0.10845481049562683,2.221421685886839,476.6666666666667,2.221421685886839
494,494,5,recov,0.10845481049562683,2.221421685886839,476.6666666666667,2.221421685886839
495,495,3,recov,0.10845481049562683,2.221421685886839,476.6666666666667,2.221421685886839
496,496,4,recov,0.10845481049562683,2.221421685886839,476.6666666666667,2.221421685886839
497,497,5,recov,0.10845481049562683,2.221421685886839,476.6666666666667,2.221421685886839
498,498,3,recov,0.10845481049562683,2.221421685886839,476.6666666666667,2.221421685886839
499,499,4,recov,0.10845481049562683,2.221421685886839,476.6666666666667,2.221421685886839
500,500,5,recov,0.10845481049562683,2.221421685886839,476.6666666666667,2.221421685886839
501,501,3,recov,0.10845481049562683,2.221421685886839,476.6666666666667,2.221421685886839
502,502,4,recov,0.10845481049562683,2.221421685886839,476.6666666666667,2.221421685886839
503,503,5,recov,0.10845481049562683,2.221421685886839,476.6666666666667,2.221421685886839
504,504,3,recov,0.10845481049562683,2.221421685886839,476.6666666666667,2.221421685886839
505,505,4,recov,0.10845481049562683,2.221421685886839,476.6666666666667,2.221421685886839
506,506,5,recov,0.10845481049562683,2.221421685886839,476.6666666666667,2.221421685886839
507,507,3,recov,0.10845481049562683,2.221421685886839,476.6666666666667,2.221421685886839
508,508,4,recov,0.10845481049562683,2.221421685886839,476.6666666666667,2.221421685886839
509,509,5,recov,0.10845481049562683,2.221421685886839,476.6666666666667,2.221421685886839
510,510,3,recov,0.10845481049562683,2.221421685886839,476.6666666666667,2.221421685886839
511,511,4,recov,0.10845481049562683,2.221421685886839,476.6666666666667,2.221421685886839
512,512,5,recov,0.10845481049562683,2.221421685886839,476.6666666666667,2.221421685886839
513,513,3,recov,0.10845481049562683,2.221421685886839,476.6666666666667,2.221421685886839
514,514,4,recov,0.10845481049562683,2.221421685886839,476.6666666666667,2.221421685886839
515,515,5,recov,0.10845481049562683,2.221421685886839,476.6666666666667,2.221421685886839
516,516,3,recov,0.10845481049562683,2.221421685886839,476.6666666666667,2.221421685886839
517,517,4,recov,0.10845481049562683,2.221421685886839,476.6666666666667,2.221421685886839
518,518,5,recov,0.10845481049562683,2.221421685886839,476.6666666666667,2.221421685886839
519,519,3,recov,0.10845481049562683,2.221421685886839,476.6666666666667,2.221421685886839
520,520,4,recov,0.10845481049562683,2.221421685886839,476.6666666666667,2.221421685886839
521,521,5,recov,0.10845481049562683,2.221421685886839,476.6666666666667,2.221421685886839
522,522,3,recov,0.10845481049562683,2.221421685886839,476.6666666666667,2.221421685886839
523,523,4,recov,0.10845481049562683,2.221421685886839,476.6666666666667,2.221421685886839
524,524,5,recov,0.10845481049562683,2.221421685886839,476.6666666666667,2.221421685886839
525,525,3,recov,0.10845481049562683,2.221421685886839,476.6666666666667,2.221421685886839
526,526,4,recov,0.10845481049562683,2.221421685886839,476.6666666666667,2.221421685886839
527,527,5,recov,0.10845481049562683,2.221421685886839,476.6666666666667,2.221421685886839
528,528,3,recov,0.10845481049562683,2.221421685886839,476.6666666666667,2.221421685886839
529,529,4,recov,0.10845481049562683,2.221421685886839,476.6666666666667,2.221421685886839
530,530,5,recov,0.10845481049562683,2.221421685886839,476.6666666666667,2.221421685886839
531,531,3,recov,0.10845481049562683,2.221421685886839,476.6666666666667,2.221421685886839
532,532,4,recov,0.10845481049562683,2.221421685886839,476.6666666666667,2.221421685886839
533,533,5,recov,0.10845481049562683,2.221421685886839,476.6666666666667,2.221421685886839
534,534,3,recov,0.10845481049562683,2.221421685886839,476.6666666666667,2.221421685886839
535,535,4,recov,0.10845481049562683,2.221421685886839,476.6666666666667,2.221421685886839
536,536,5,recov,0.10845481049562683,2.221421685886839,476.6666666666667,2.221421685886839
537,537,3,recov,0.10845481049562683,2.221421685886839,476.6666666666667,2.221421685886839
538,538,4,recov,0.10845481049562683,2.221421685886839,476.6666666666667,2.221421685886839
539,539,5,recov,0.10845481049562683,2.221421685886839,476.6666666666667,2.221421685886839
540,540,3,recov,0.10845481049562683,2.221421685886839,476.6666666666667,2.221421685886839
541,541,4,recov,0.10845481049562683,2.221421685886839,476.6666666666667,2.221421685886839
542,542,5,recov,0.10845481049562683,2.221421685886839,476.6666666666667,2.221421685886839
543,543,0,fam_r,0.04285714285714286,3.1498829533812494,476.6666666666667,2.221421685886839
544,544,1,fam_r,0.04285714285714286,3.1498829533812494,476.6666666666667,2.221421685886839
545,545,2,fam_r,0.04285714285714286,3.1498829533812494,476.6666666666667,2.221421685886839
546,546,0,fam_r,0.09428571428571429,2.361425593016979,476.6666666666667,2.221421685886839
547,547,1,fam_r,0.09428571428571429,2.361425593016979,476.6666666666667,2.221421685886839
548,548,2,fam_r,0.09428571428571429,2.361425593016979,476.6666666666667,2.221421685886839
549,549,0,fam_r,0.10539428571428572,2.250046859579055,476.6666666666667,2.221421685886839
550,550,1,fam_r,0.10539428571428572,2.250046859579055,476.6666666666667,2.221421685886839
551,551,2,fam_r,0.10539428571428572,2.250046859579055,476.6666666666667,2.221421685886839
552,552,0,fam_r,0.10779373714285714,2.2275357191999725,476.6666666666667,2.221421685886839
553,553,1,fam_r,0.10779373714285714,2.2275357191999725,476.6666666666667,2.221421685886839
554,554,2,fam_r,0.10779373714285714,2.2275357191999725,476.6666666666667,2.221421685886839
555,555,0,fam_r,0.10831201865142857,2.222739155588399,476.6666666666667,2.221421685886839
556,556,1,fam_r,0.10831201865142857,2.222739155588399,476.6666666666667,2.221421685886839
557,557,2,fam_r,0.10831201865142857,2.222739155588399,476.6666666666667,2.221421685886839
