,time_step,stimulus,type,familiarity,novelty,dN,steady
0,0,0,fam,0.015873015873015872,4.143134726391533,0.0,1.3500443668515283
1,1,1,fam,0.0009407337723424271,6.968850378341948,0.0,1.3500443668515283
2,2,2,fam,0.0005367686527106817,7.529943370601589,0.0,1.3500443668515283
3,3,0,fam,0.2560926887734718,1.3622158345111044,0.0,1.3500443668515283
4,4,1,fam,0.21260364842454396,1.5483256522406157,0.0,1.3500443668515283
5,5,2,fam,0.1871751445424283,1.6757104986342006,0.0,1.3500443668515283
6,6,0,fam,0.25815770678094385,1.35418461421504,0.0,1.3500443668515283
7,7,1,fam,0.24129987265919092,1.4217148340794672,0.0,1.3500443668515283
8,8,2,fam,0.22932009437567777,1.472636459396262,0.0,1.3500443668515283
9,9,0,fam,0.25876026787571593,1.3518532525784297,0.0,1.3500443668515283
10,10,1,fam,0.25108699683644553,1.38195579896057,0.0,1.3500443668515283
11,11,2,fam,0.2452684488775364,1.4054019585849222,0.0,1.3500443668515283
12,12,0,fam,0.25900555754514976,1.3509057598095315,0.0,1.3500443668515283
13,13,1,fam,0.255288290934085,1.365361819734445,0.0,1.3500443668515283
14,14,2,fam,0.25239043027562463,1.3767780639481915,0.0,1.3500443668515283
15,15,0,fam,0.25911842104209326,1.3504700976769417,0.0,1.3500443668515283
16,16,1,fam,0.25726624048092905,1.357643775139462,0.0,1.3500443668515283
17,17,2,fam,0.25580345237021623,1.3633458935632774,0.0,1.3500443668515283
18,18,0,fam,0.25917326115246003,1.3502584789593146,0.0,1.3500443668515283
19,19,1,fam,0.25823779645869294,1.3538744268571379,0.0,1.3500443668515283
20,20,2,fam,0.2574942728404974,1.3567578005218162,0.0,1.3500443668515283
21,21,0,fam,0.2592006128055287,1.3501529502879515,0.0,1.3500443668515283
22,22,1,fam,0.2587249556187086,1.3519897289663878,0.0,1.3500443668515283
23,23,2,fam,0.258345684966812,1.353456726665138,0.0,1.3500443668515283
24,24,0,fam,0.25921443216456613,1.3500996364068256,0.0,1.3500443668515283
25,25,1,fam,0.2589717520055842,1.351036288846191,0.0,1.3500443668515283
26,26,2,fam,0.25877793480232303,1.3517849796411952,0.0,1.3500443668515283
27,27,0,fam,0.2592214600092076,1.3500725246857894,0.0,1.3500443668515283
28,28,1,fam,0.2590974310606805,1.3505511063197266,0.0,1.3500443668515283
29,29,2,fam,0.25899829332419777,1.350933806786172,0.0,1.3500443668515283
30,30,0,fam,0.2592250458686595,1.3500586915924564,0.0,1.3500443668515283
31,31,1,fam,0.25916160142363853,1.35030346813394,0.0,1.3500443668515283
32,32,2,fam,0.2591108682232928,1.3504992462370768,0.0,1.3500443668515283
33,33,0,fam,0.2592268785920285,1.3500516216085967,0.0,1.3500443668515283
34,34,1,fam,0.2591944103180851,1.3501768798673928,0.0,1.3500443668515283
35,35,2,fam,0.259168441554341,1.3502770751791209,0.0,1.3500443668515283
36,36,0,fam,0.25922781609967416,1.3500480050625214,0.0,1.3500443668515283
37,37,1,fam,0.25921119634663814,1.3501121196551453,0.0,1.3500443668515283
38,38,2,fam,0.25919790207850035,1.350163408369719,0.0,1.3500443668515283
39,39,0,fam,0.25922829588186147,1.3500461542513293,0.0,1.3500443668515283
40,40,1,fam,0.2592197876173473,1.350078976301543,0.0,1.3500443668515283
41,41,2,fam,0.25921298140785143,1.3501052331660892,0.0,1.3500443668515283
42,42,0,fam,0.2592285414722484,1.3500452068614244,0.0,1.3500443668515283
43,43,1,fam,0.2592241855157657,1.3500620105399703,0.0,1.3500443668515283
44,44,2,fam,0.25922070085597965,1.3500754532795083,0.0,1.3500443668515283
45,45,0,fam,0.25922866719930193,1.3500447218568707,0.0,1.3500443668515283
46,46,1,fam,0.2592264370216521,1.3500533250228217,0.0,1.3500443668515283
47,47,2,fam,0.2592246529071606,1.3500602075022923,0.0,1.3500443668515283
48,48,0,fam,0.25922873156756293,1.3500444735500237,0.0,1.3500443668515283
49,49,1,fam,0.25922758973549787,1.3500488782877738,0.0,1.3500443668515283
50,50,2,fam,0.2592266762770881,1.3500524020640048,0.0,1.3500443668515283
51,51,0,fam,0.2592287645230666,1.3500443464209768,0.0,1.3500443668515283
52,52,1,fam,0.2592281799100014,1.3500466016248909,0.0,1.3500443668515283
53,53,2,fam,0.2592277122214478,1.3500484057843603,0.0,1.3500443668515283
54,54,0,fam,0.2592287813960102,1.350044281331969,0.0,1.3500443668515283
55,55,1,fam,0.259228482075419,1.3500454359906549,0.0,1.3500443668515283
56,56,2,fam,0.2592282426194437,1.3500463597166434,0.0,1.3500443668515283
57,57,0,fam,0.2592287900348854,1.350044248006676,0.0,1.3500443668515283
58,58,1,fam,0.259228636783083,1.3500448391904243,0.0,1.3500443668515283
59,59,2,fam,0.2592285141817716,1.350045312137171,0.0,1.3500443668515283
60,60,0,fam,0.25922879445797076,1.3500442309441991,0.0,1.3500443668515283
61,61,1,fam,0.2592287159931371,1.3500445336298852,0.0,1.3500443668515283
62,62,2,fam,0.25922865322130445,1.350044775778368,0.0,1.3500443668515283
63,63,0,fam,0.2592287967225854,1.3500442222082303,0.0,1.3500443668515283
64,64,1,fam,0.259228756548614,1.3500443771831985,0.0,1.3500443668515283
65,65,2,fam,0.25922872440944583,1.3500445011631559,0.0,1.3500443668515283
66,66,0,fam_r,0.25922879788206693,1.3500442177354188,0.0,1.3500443668515283
67,67,1,fam_r,0.2592287773129997,1.3500442970825757,0.0,1.3500443668515283
68,68,2,fam_r,0.25922876085774826,1.3500443605602965,0.0,1.3500443668515283
69,69,0,fam_r,0.2592287984757211,1.350044215445341,0.0,1.3500443668515283
70,70,1,fam_r,0.25922878794436033,1.350044256071078,0.0,1.3500443668515283
71,71,2,fam_r,0.25922877951927226,1.3500442885716666,0.0,1.3500443668515283
72,72,0,fam_r,0.259228798779672,1.3500442142728213,0.0,1.3500443668515283
73,73,1,fam_r,0.2592287933876156,1.350044235073197,0.0,1.3500443668515283
74,74,2,fam_r,0.25922878907397073,1.350044251713497,0.0,1.3500443668515283
75,75,0,fam_r,0.25922879893529466,1.3500442136724917,0.0,1.3500443668515283
76,76,1,fam_r,0.25922879617456196,1.3500442243222834,0.0,1.3500443668515283
77,77,2,fam_r,0.25922879396597587,1.3500442328421167,0.0,1.3500443668515283
78,78,0,fam_r,0.2592287990149736,1.3500442133651227,0.0,1.3500443668515283
79,79,1,fam_r,0.2592287976014785,1.3500442188178159,0.0,1.3500443668515283
80,80,2,fam_r,0.2592287964706824,1.3500442231799703,0.0,1.3500443668515283
0,0,0,fam,0.015873015873015872,4.143134726391533,73.33333333333334,1.350044418573944
1,1,1,fam,0.0009407337723424271,6.968850378341948,73.33333333333334,1.350044418573944
2,2,2,fam,0.0005367686527106817,7.529943370601589,73.33333333333334,1.350044418573944
3,3,0,fam,0.2560926887734718,1.3622158345111044,73.33333333333334,1.350044418573944
4,4,1,fam,0.21260364842454396,1.5483256522406157,73.33333333333334,1.350044418573944
5,5,2,fam,0.1871751445424283,1.6757104986342006,73.33333333333334,1.350044418573944
6,6,0,fam,0.25815770678094385,1.35418461421504,73.33333333333334,1.350044418573944
7,7,1,fam,0.24129987265919092,1.4217148340794672,73.33333333333334,1.350044418573944
8,8,2,fam,0.22932009437567777,1.472636459396262,73.33333333333334,1.350044418573944
9,9,0,fam,0.25876026787571593,1.3518532525784297,73.33333333333334,1.350044418573944
10,10,1,fam,0.25108699683644553,1.38195579896057,73.33333333333334,1.350044418573944
11,11,2,fam,0.2452684488775364,1.4054019585849222,73.33333333333334,1.350044418573944
12,12,0,fam,0.25900555754514976,1.3509057598095315,73.33333333333334,1.350044418573944
13,13,1,fam,0.255288290934085,1.365361819734445,73.33333333333334,1.350044418573944
14,14,2,fam,0.25239043027562463,1.3767780639481915,73.33333333333334,1.350044418573944
15,15,0,fam,0.25911842104209326,1.3504700976769417,73.33333333333334,1.350044418573944
16,16,1,fam,0.25726624048092905,1.357643775139462,73.33333333333334,1.350044418573944
17,17,2,fam,0.25580345237021623,1.3633458935632774,73.33333333333334,1.350044418573944
18,18,0,fam,0.25917326115246003,1.3502584789593146,73.33333333333334,1.350044418573944
19,19,1,fam,0.25823779645869294,1.3538744268571379,73.33333333333334,1.350044418573944
20,20,2,fam,0.2574942728404974,1.3567578005218162,73.33333333333334,1.350044418573944
21,21,0,fam,0.2592006128055287,1.3501529502879515,73.33333333333334,1.350044418573944
22,22,1,fam,0.2587249556187086,1.3519897289663878,73.33333333333334,1.350044418573944
23,23,2,fam,0.258345684966812,1.353456726665138,73.33333333333334,1.350044418573944
24,24,0,fam,0.25921443216456613,1.3500996364068256,73.33333333333334,1.350044418573944
25,25,1,fam,0.2589717520055842,1.351036288846191,73.33333333333334,1.350044418573944
26,26,2,fam,0.25877793480232303,1.3517849796411952,73.33333333333334,1.350044418573944
27,27,0,fam,0.2592214600092076,1.3500725246857894,73.33333333333334,1.350044418573944
28,28,1,fam,0.2590974310606805,1.3505511063197266,73.33333333333334,1.350044418573944
29,29,2,fam,0.25899829332419777,1.350933806786172,73.33333333333334,1.350044418573944
30,30,0,fam,0.2592250458686595,1.3500586915924564,73.33333333333334,1.350044418573944
31,31,1,fam,0.25916160142363853,1.35030346813394,73.33333333333334,1.350044418573944
32,32,2,fam,0.2591108682232928,1.3504992462370768,73.33333333333334,1.350044418573944
33,33,0,fam,0.2592268785920285,1.3500516216085967,73.33333333333334,1.350044418573944
34,34,1,fam,0.2591944103180851,1.3501768798673928,73.33333333333334,1.350044418573944
35,35,2,fam,0.259168441554341,1.3502770751791209,73.33333333333334,1.350044418573944
36,36,0,fam,0.25922781609967416,1.3500480050625214,73.33333333333334,1.350044418573944
37,37,1,fam,0.25921119634663814,1.3501121196551453,73.33333333333334,1.350044418573944
38,38,2,fam,0.25919790207850035,1.350163408369719,73.33333333333334,1.350044418573944
39,39,0,fam,0.25922829588186147,1.3500461542513293,73.33333333333334,1.350044418573944
40,40,1,fam,0.2592197876173473,1.350078976301543,73.33333333333334,1.350044418573944
41,41,2,fam,0.25921298140785143,1.3501052331660892,73.33333333333334,1.350044418573944
42,42,0,fam,0.2592285414722484,1.3500452068614244,73.33333333333334,1.350044418573944
43,43,1,fam,0.2592241855157657,1.3500620105399703,73.33333333333334,1.350044418573944
44,44,2,fam,0.25922070085597965,1.3500754532795083,73.33333333333334,1.350044418573944
45,45,0,fam,0.25922866719930193,1.3500447218568707,73.33333333333334,1.350044418573944
46,46,1,fam,0.2592264370216521,1.3500533250228217,73.33333333333334,1.350044418573944
47,47,2,fam,0.2592246529071606,1.3500602075022923,73.33333333333334,1.350044418573944
48,48,0,fam,0.25922873156756293,1.3500444735500237,73.33333333333334,1.350044418573944
49,49,1,fam,0.25922758973549787,1.3500488782877738,73.33333333333334,1.350044418573944
50,50,2,fam,0.2592266762770881,1.3500524020640048,73.33333333333334,1.350044418573944
51,51,0,fam,0.2592287645230666,1.3500443464209768,73.33333333333334,1.350044418573944
52,52,1,fam,0.2592281799100014,1.3500466016248909,73.33333333333334,1.350044418573944
53,53,2,fam,0.2592277122214478,1.3500484057843603,73.33333333333334,1.350044418573944
54,54,0,fam,0.2592287813960102,1.350044281331969,73.33333333333334,1.350044418573944
55,55,1,fam,0.259228482075419,1.3500454359906549,73.33333333333334,1.350044418573944
56,56,2,fam,0.2592282426194437,1.3500463597166434,73.33333333333334,1.350044418573944
57,57,0,fam,0.2592287900348854,1.350044248006676,73.33333333333334,1.350044418573944
58,58,1,fam,0.259228636783083,1.3500448391904243,73.33333333333334,1.350044418573944
59,59,2,fam,0.2592285141817716,1.350045312137171,73.33333333333334,1.350044418573944
60,60,0,fam,0.25922879445797076,1.3500442309441991,73.33333333333334,1.350044418573944
61,61,1,fam,0.2592287159931371,1.3500445336298852,73.33333333333334,1.350044418573944
62,62,2,fam,0.25922865322130445,1.350044775778368,73.33333333333334,1.350044418573944
63,63,0,fam,0.2592287967225854,1.3500442222082303,73.33333333333334,1.350044418573944
64,64,1,fam,0.259228756548614,1.3500443771831985,73.33333333333334,1.350044418573944
65,65,2,fam,0.25922872440944583,1.3500445011631559,73.33333333333334,1.350044418573944
66,66,3,recov,0.00019751143526284797,8.529714075234189,73.33333333333334,1.350044418573944
67,67,4,recov,0.00019751141959087782,8.529714154581345,73.33333333333334,1.350044418573944
68,68,5,recov,0.00019751140705330343,8.529714218059066,73.33333333333334,1.350044418573944
69,69,3,recov,0.12660480549190015,2.0666848119205694,73.33333333333334,1.350044418573944
70,70,4,recov,0.1266048003484867,2.066684852546307,73.33333333333334,1.350044418573944
71,71,5,recov,0.12660479623375623,2.0666848850468953,73.33333333333334,1.350044418573944
72,72,3,recov,0.1913253211030101,1.6537800479757347,73.33333333333334,1.350044418573944
73,73,4,recov,0.19132531712337159,1.6537800687761104,73.33333333333334,1.350044418573944
74,74,5,recov,0.19132531393966087,1.6537800854164106,73.33333333333334,1.350044418573944
75,75,3,recov,0.2244622201293491,1.4940478704630393,73.33333333333334,1.350044418573944
76,76,4,recov,0.22446221773887326,1.4940478811128308,73.33333333333334,1.350044418573944
77,77,5,recov,0.2244622158264926,1.4940478896326643,73.33333333333334,1.350044418573944
78,78,3,recov,0.24142831112888394,1.4211826982852984,73.33333333333334,1.350044418573944
79,79,4,recov,0.24142830981244942,1.4211827037379918,73.33333333333334,1.350044418573944
80,80,5,recov,0.2414283087593018,1.4211827081001465,73.33333333333334,1.350044418573944
81,81,3,recov,0.2501149493793471,1.3858346692769894,73.33333333333334,1.350044418573944
82,82,4,recov,0.2501149486810814,1.3858346720687684,73.33333333333334,1.350044418573944
83,83,5,recov,0.250114948122469,1.3858346743021912,73.33333333333334,1.350044418573944
84,84,3,recov,0.25456250807411496,1.3682088618558927,73.33333333333334,1.350044418573944
85,85,4,recov,0.2545625077102457,1.3682088632852836,73.33333333333334,1.350044418573944
86,86,5,recov,0.2545625074191502,1.3682088644287962,73.33333333333334,1.350044418573944
87,87,3,recov,0.25683965810238224,1.3593032872268442,73.33333333333334,1.350044418573944
88,88,4,recov,0.25683965791441465,1.3593032879586924,73.33333333333334,1.350044418573944
89,89,5,recov,0.25683965776404055,1.359303288544171,73.33333333333334,1.350044418573944
90,90,3,recov,0.2580055589107067,1.3547741481271052,73.33333333333334,1.350044418573944
91,91,4,recov,0.2580055588140304,1.3547741485018112,73.33333333333334,1.350044418573944
92,92,5,recov,0.25800555873668946,1.354774148801576,73.33333333333334,1.350044418573944
93,93,3,recov,0.2586025001229572,1.3524631447755795,73.33333333333334,1.350044418573944
94,94,4,recov,0.25860250007334445,1.352463144967429,73.33333333333334,1.350044418573944
95,95,5,recov,0.2586025000336542,1.3524631451209088,73.33333333333334,1.350044418573944
96,96,3,recov,0.2589081340232069,1.3512819750928038,73.33333333333334,1.350044418573944
97,97,4,recov,0.2589081339977752,1.3512819751910305,73.33333333333334,1.350044418573944
98,98,5,recov,0.25890813397742973,1.3512819752696124,73.33333333333334,1.350044418573944
99,99,3,recov,0.259064618580024,1.3506777558137337,73.33333333333334,1.350044418573944
100,100,4,recov,0.2590646185669951,1.350677755864026,73.33333333333334,1.350044418573944
101,101,5,recov,0.2590646185565719,1.3506777559042598,73.33333333333334,1.350044418573944
102,102,3,recov,0.2591447386730853,1.3503685367979894,73.33333333333334,1.350044418573944
103,103,4,recov,0.2591447386664124,1.350368536823739,73.33333333333334,1.350044418573944
104,104,5,recov,0.25914473866107407,1.3503685368443388,73.33333333333334,1.350044418573944
105,105,3,recov,0.2591857601607251,1.350210253664669,73.33333333333334,1.350044418573944
106,106,4,recov,0.25918576015730804,1.3502102536778529,73.33333333333334,1.350044418573944
107,107,5,recov,0.2591857601545744,1.3502102536884,73.33333333333334,1.350044418573944
108,108,3,recov,0.2592067631623947,1.350129222396909,73.33333333333334,1.350044418573944
109,109,4,recov,0.25920676316064506,1.350129222403659,73.33333333333334,1.350044418573944
110,110,5,recov,0.2592067631592453,1.350129222409059,73.33333333333334,1.350044418573944
111,111,3,recov,0.25921751669924903,1.3500877369292192,73.33333333333334,1.350044418573944
112,112,4,recov,0.25921751669835313,1.3500877369326754,73.33333333333334,1.350044418573944
113,113,5,recov,0.25921751669763643,1.3500877369354403,73.33333333333334,1.350044418573944
114,114,3,recov,0.2592230225101183,1.350066497035912,73.33333333333334,1.350044418573944
115,115,4,recov,0.2592230225096596,1.3500664970376814,73.33333333333334,1.350044418573944
116,116,5,recov,0.2592230225092927,1.350066497039097,73.33333333333334,1.350044418573944
117,117,3,recov,0.2592258414852833,1.3500556223851574,73.33333333333334,1.350044418573944
118,118,4,recov,0.25922584148504846,1.3500556223860634,73.33333333333334,1.350044418573944
119,119,5,recov,0.25922584148486055,1.3500556223867883,73.33333333333334,1.350044418573944
120,120,3,recov,0.2592272848005677,1.3500500546097454,73.33333333333334,1.350044418573944
121,121,4,recov,0.2592272848004475,1.3500500546102092,73.33333333333334,1.350044418573944
122,122,5,recov,0.2592272848003513,1.3500500546105803,73.33333333333334,1.350044418573944
123,123,3,recov,0.25922802377799337,1.3500472039207336,73.33333333333334,1.350044418573944
124,124,4,recov,0.2592280237779318,1.350047203920971,73.33333333333334,1.350044418573944
125,125,5,recov,0.2592280237778825,1.3500472039211613,73.33333333333334,1.350044418573944
126,126,3,recov,0.25922840213443527,1.3500457443711051,73.33333333333334,1.350044418573944
127,127,4,recov,0.2592284021344038,1.3500457443712266,73.33333333333334,1.350044418573944
128,128,5,recov,0.25922840213437853,1.350045744371324,73.33333333333334,1.350044418573944
129,129,3,recov,0.2592285958529335,1.3500449970825201,73.33333333333334,1.350044418573944
130,130,4,recov,0.2592285958529174,1.350044997082582,73.33333333333334,1.350044418573944
131,131,5,recov,0.2592285958529045,1.350044997082632,73.33333333333334,1.350044418573944
132,132,3,recov,0.2592286950368046,1.3500446144709806,73.33333333333334,1.350044418573944
133,133,4,recov,0.2592286950367964,1.3500446144710123,73.33333333333334,1.350044418573944
134,134,5,recov,0.25922869503678975,1.3500446144710379,73.33333333333334,1.350044418573944
135,135,3,recov,0.2592287458189467,1.3500444185739287,73.33333333333334,1.350044418573944
136,136,4,recov,0.25922874581894245,1.350044418573945,73.33333333333334,1.350044418573944
137,137,5,recov,0.25922874581893907,1.3500444185739582,73.33333333333334,1.350044418573944
138,138,0,fam_r,0.00019753863607059708,8.529576367081395,73.33333333333334,1.350044418573944
139,139,1,fam_r,0.0001975386360705954,8.529576367081404,73.33333333333334,1.350044418573944
140,140,2,fam_r,0.0001975386360705941,8.529576367081411,73.33333333333334,1.350044418573944
141,141,0,fam_r,0.12660479374177352,2.0666849047300575,73.33333333333334,1.350044418573944
142,142,1,fam_r,0.126604793741773,2.0666849047300615,73.33333333333334,1.350044418573944
143,143,2,fam_r,0.12660479374177255,2.066684904730065,73.33333333333334,1.350044418573944
144,144,0,fam_r,0.19132530835589143,1.6537801146010984,73.33333333333334,1.350044418573944
145,145,1,fam_r,0.19132530835589104,1.6537801146011004,73.33333333333334,1.350044418573944
146,146,2,fam_r,0.1913253083558907,1.6537801146011022,73.33333333333334,1.350044418573944
147,147,0,fam_r,0.22446221183831927,1.4940479074003465,73.33333333333334,1.350044418573944
148,148,1,fam_r,0.22446221183831905,1.4940479074003477,73.33333333333334,1.350044418573944
149,149,2,fam_r,0.22446221183831883,1.4940479074003485,73.33333333333334,1.350044418573944
150,150,0,fam_r,0.24142830642132226,1.4211827177840959,73.33333333333334,1.350044418573944
151,151,1,fam_r,0.24142830642132213,1.4211827177840963,73.33333333333334,1.350044418573944
152,152,2,fam_r,0.24142830642132204,1.4211827177840968,73.33333333333334,1.350044418573944
0,0,0,fam,0.015873015873015872,4.143134726391533,146.66666666666669,1.3500442130426478
1,1,1,fam,0.0009407337723424271,6.968850378341948,146.66666666666669,1.3500442130426478
2,2,2,fam,0.0005367686527106817,7.529943370601589,146.66666666666669,1.3500442130426478
3,3,0,fam,0.2560926887734718,1.3622158345111044,146.66666666666669,1.3500442130426478
4,4,1,fam,0.21260364842454396,1.5483256522406157,146.66666666666669,1.3500442130426478
5,5,2,fam,0.1871751445424283,1.6757104986342006,146.66666666666669,1.3500442130426478
6,6,0,fam,0.25815770678094385,1.35418461421504,146.66666666666669,1.3500442130426478
7,7,1,fam,0.24129987265919092,1.4217148340794672,146.66666666666669,1.3500442130426478
8,8,2,fam,0.22932009437567777,1.472636459396262,146.66666666666669,1.3500442130426478
9,9,0,fam,0.25876026787571593,1.3518532525784297,146.66666666666669,1.3500442130426478
10,10,1,fam,0.25108699683644553,1.38195579896057,146.66666666666669,1.3500442130426478
11,11,2,fam,0.2452684488775364,1.4054019585849222,146.66666666666669,1.3500442130426478
12,12,0,fam,0.25900555754514976,1.3509057598095315,146.66666666666669,1.3500442130426478
13,13,1,fam,0.255288290934085,1.365361819734445,146.66666666666669,1.3500442130426478
14,14,2,fam,0.25239043027562463,1.3767780639481915,146.66666666666669,1.3500442130426478
15,15,0,fam,0.25911842104209326,1.3504700976769417,146.66666666666669,1.3500442130426478
16,16,1,fam,0.25726624048092905,1.357643775139462,146.66666666666669,1.3500442130426478
17,17,2,fam,0.25580345237021623,1.3633458935632774,146.66666666666669,1.3500442130426478
18,18,0,fam,0.25917326115246003,1.3502584789593146,146.66666666666669,1.3500442130426478
19,19,1,fam,0.25823779645869294,1.3538744268571379,146.66666666666669,1.3500442130426478
20,20,2,fam,0.2574942728404974,1.3567578005218162,146.66666666666669,1.3500442130426478
21,21,0,fam,0.2592006128055287,1.3501529502879515,146.66666666666669,1.3500442130426478
22,22,1,fam,0.2587249556187086,1.3519897289663878,146.66666666666669,1.3500442130426478
23,23,2,fam,0.258345684966812,1.353456726665138,146.66666666666669,1.3500442130426478
24,24,0,fam,0.25921443216456613,1.3500996364068256,146.66666666666669,1.3500442130426478
25,25,1,fam,0.2589717520055842,1.351036288846191,146.66666666666669,1.3500442130426478
26,26,2,fam,0.25877793480232303,1.3517849796411952,146.66666666666669,1.3500442130426478
27,27,0,fam,0.2592214600092076,1.3500725246857894,146.66666666666669,1.3500442130426478
28,28,1,fam,0.2590974310606805,1.3505511063197266,146.66666666666669,1.3500442130426478
29,29,2,fam,0.25899829332419777,1.350933806786172,146.66666666666669,1.3500442130426478
30,30,0,fam,0.2592250458686595,1.3500586915924564,146.66666666666669,1.3500442130426478
31,31,1,fam,0.25916160142363853,1.35030346813394,146.66666666666669,1.3500442130426478
32,32,2,fam,0.2591108682232928,1.3504992462370768,146.66666666666669,1.3500442130426478
33,33,0,fam,0.2592268785920285,1.3500516216085967,146.66666666666669,1.3500442130426478
34,34,1,fam,0.2591944103180851,1.3501768798673928,146.66666666666669,1.3500442130426478
35,35,2,fam,0.259168441554341,1.3502770751791209,146.66666666666669,1.3500442130426478
36,36,0,fam,0.25922781609967416,1.3500480050625214,146.66666666666669,1.3500442130426478
37,37,1,fam,0.25921119634663814,1.3501121196551453,146.66666666666669,1.3500442130426478
38,38,2,fam,0.25919790207850035,1.350163408369719,146.66666666666669,1.3500442130426478
39,39,0,fam,0.25922829588186147,1.3500461542513293,146.66666666666669,1.3500442130426478
40,40,1,fam,0.2592197876173473,1.350078976301543,146.66666666666669,1.3500442130426478
41,41,2,fam,0.25921298140785143,1.3501052331660892,146.66666666666669,1.3500442130426478
42,42,0,fam,0.2592285414722484,1.3500452068614244,146.66666666666669,1.3500442130426478
43,43,1,fam,0.2592241855157657,1.3500620105399703,146.66666666666669,1.3500442130426478
44,44,2,fam,0.25922070085597965,1.3500754532795083,146.66666666666669,1.3500442130426478
45,45,0,fam,0.25922866719930193,1.3500447218568707,146.66666666666669,1.3500442130426478
46,46,1,fam,0.2592264370216521,1.3500533250228217,146.66666666666669,1.3500442130426478
47,47,2,fam,0.2592246529071606,1.3500602075022923,146.66666666666669,1.3500442130426478
48,48,0,fam,0.25922873156756293,1.3500444735500237,146.66666666666669,1.3500442130426478
49,49,1,fam,0.25922758973549787,1.3500488782877738,146.66666666666669,1.3500442130426478
50,50,2,fam,0.2592266762770881,1.3500524020640048,146.66666666666669,1.3500442130426478
51,51,0,fam,0.2592287645230666,1.3500443464209768,146.66666666666669,1.3500442130426478
52,52,1,fam,0.2592281799100014,1.3500466016248909,146.66666666666669,1.3500442130426478
53,53,2,fam,0.2592277122214478,1.3500484057843603,146.66666666666669,1.3500442130426478
54,54,0,fam,0.2592287813960102,1.350044281331969,146.66666666666669,1.3500442130426478
55,55,1,fam,0.259228482075419,1.3500454359906549,146.66666666666669,1.3500442130426478
56,56,2,fam,0.2592282426194437,1.3500463597166434,146.66666666666669,1.3500442130426478
57,57,0,fam,0.2592287900348854,1.350044248006676,146.66666666666669,1.3500442130426478
58,58,1,fam,0.259228636783083,1.3500448391904243,146.66666666666669,1.3500442130426478
59,59,2,fam,0.2592285141817716,1.350045312137171,146.66666666666669,1.3500442130426478
60,60,0,fam,0.25922879445797076,1.3500442309441991,146.66666666666669,1.3500442130426478
61,61,1,fam,0.2592287159931371,1.3500445336298852,146.66666666666669,1.3500442130426478
62,62,2,fam,0.25922865322130445,1.350044775778368,146.66666666666669,1.3500442130426478
63,63,0,fam,0.2592287967225854,1.3500442222082303,146.66666666666669,1.3500442130426478
64,64,1,fam,0.259228756548614,1.3500443771831985,146.66666666666669,1.3500442130426478
65,65,2,fam,0.25922872440944583,1.3500445011631559,146.66666666666669,1.3500442130426478
66,66,3,recov,0.00019751143526284797,8.529714075234189,146.66666666666669,1.3500442130426478
67,67,4,recov,0.00019751141959087782,8.529714154581345,146.66666666666669,1.3500442130426478
68,68,5,recov,0.00019751140705330343,8.529714218059066,146.66666666666669,1.3500442130426478
69,69,3,recov,0.12660480549190015,2.0666848119205694,146.66666666666669,1.3500442130426478
70,70,4,recov,0.1266048003484867,2.066684852546307,146.66666666666669,1.3500442130426478
71,71,5,recov,0.12660479623375623,2.0666848850468953,146.66666666666669,1.3500442130426478
72,72,3,recov,0.1913253211030101,1.6537800479757347,146.66666666666669,1.3500442130426478
73,73,4,recov,0.19132531712337159,1.6537800687761104,146.66666666666669,1.3500442130426478
74,74,5,recov,0.19132531393966087,1.6537800854164106,146.66666666666669,1.3500442130426478
75,75,3,recov,0.2244622201293491,1.4940478704630393,146.66666666666669,1.3500442130426478
76,76,4,recov,0.22446221773887326,1.4940478811128308,146.66666666666669,1.3500442130426478
77,77,5,recov,0.2244622158264926,1.4940478896326643,146.66666666666669,1.3500442130426478
78,78,3,recov,0.24142831112888394,1.4211826982852984,146.66666666666669,1.3500442130426478
79,79,4,recov,0.24142830981244942,1.4211827037379918,146.66666666666669,1.3500442130426478
80,80,5,recov,0.2414283087593018,1.4211827081001465,146.66666666666669,1.3500442130426478
81,81,3,recov,0.2501149493793471,1.3858346692769894,146.66666666666669,1.3500442130426478
82,82,4,recov,0.2501149486810814,1.3858346720687684,146.66666666666669,1.3500442130426478
83,83,5,recov,0.250114948122469,1.3858346743021912,146.66666666666669,1.3500442130426478
84,84,3,recov,0.25456250807411496,1.3682088618558927,146.66666666666669,1.3500442130426478
85,85,4,recov,0.2545625077102457,1.3682088632852836,146.66666666666669,1.3500442130426478
86,86,5,recov,0.2545625074191502,1.3682088644287962,146.66666666666669,1.3500442130426478
87,87,3,recov,0.25683965810238224,1.3593032872268442,146.66666666666669,1.3500442130426478
88,88,4,recov,0.25683965791441465,1.3593032879586924,146.66666666666669,1.3500442130426478
89,89,5,recov,0.25683965776404055,1.359303288544171,146.66666666666669,1.3500442130426478
90,90,3,recov,0.2580055589107067,1.3547741481271052,146.66666666666669,1.3500442130426478
91,91,4,recov,0.2580055588140304,1.3547741485018112,146.66666666666669,1.3500442130426478
92,92,5,recov,0.25800555873668946,1.354774148801576,146.66666666666669,1.3500442130426478
93,93,3,recov,0.2586025001229572,1.3524631447755795,146.66666666666669,1.3500442130426478
94,94,4,recov,0.25860250007334445,1.352463144967429,146.66666666666669,1.3500442130426478
95,95,5,recov,0.2586025000336542,1.3524631451209088,146.66666666666669,1.3500442130426478
96,96,3,recov,0.2589081340232069,1.3512819750928038,146.66666666666669,1.3500442130426478
97,97,4,recov,0.2589081339977752,1.3512819751910305,146.66666666666669,1.3500442130426478
98,98,5,recov,0.25890813397742973,1.3512819752696124,146.66666666666669,1.3500442130426478
99,99,3,recov,0.259064618580024,1.3506777558137337,146.66666666666669,1.3500442130426478
100,100,4,recov,0.2590646185669951,1.350677755864026,146.66666666666669,1.3500442130426478
101,101,5,recov,0.2590646185565719,1.3506777559042598,146.66666666666669,1.3500442130426478
102,102,3,recov,0.2591447386730853,1.3503685367979894,146.66666666666669,1.3500442130426478
103,103,4,recov,0.2591447386664124,1.350368536823739,146.66666666666669,1.3500442130426478
104,104,5,recov,0.25914473866107407,1.3503685368443388,146.66666666666669,1.3500442130426478
105,105,3,recov,0.2591857601607251,1.350210253664669,146.66666666666669,1.3500442130426478
106,106,4,recov,0.25918576015730804,1.3502102536778529,146.66666666666669,1.3500442130426478
107,107,5,recov,0.2591857601545744,1.3502102536884,146.66666666666669,1.3500442130426478
108,108,3,recov,0.2592067631623947,1.350129222396909,146.66666666666669,1.3500442130426478
109,109,4,recov,0.25920676316064506,1.350129222403659,146.66666666666669,1.3500442130426478
110,110,5,recov,0.2592067631592453,1.350129222409059,146.66666666666669,1.3500442130426478
111,111,3,recov,0.25921751669924903,1.3500877369292192,146.66666666666669,1.3500442130426478
112,112,4,recov,0.25921751669835313,1.3500877369326754,146.66666666666669,1.3500442130426478
113,113,5,recov,0.25921751669763643,1.3500877369354403,146.66666666666669,1.3500442130426478
114,114,3,recov,0.2592230225101183,1.350066497035912,146.66666666666669,1.3500442130426478
115,115,4,recov,0.2592230225096596,1.3500664970376814,146.66666666666669,1.3500442130426478
116,116,5,recov,0.2592230225092927,1.350066497039097,146.66666666666669,1.3500442130426478
117,117,3,recov,0.2592258414852833,1.3500556223851574,146.66666666666669,1.3500442130426478
118,118,4,recov,0.25922584148504846,1.3500556223860634,146.66666666666669,1.3500442130426478
119,119,5,recov,0.25922584148486055,1.3500556223867883,146.66666666666669,1.3500442130426478
120,120,3,recov,0.2592272848005677,1.3500500546097454,146.66666666666669,1.3500442130426478
121,121,4,recov,0.2592272848004475,1.3500500546102092,146.66666666666669,1.3500442130426478
122,122,5,recov,0.2592272848003513,1.3500500546105803,146.66666666666669,1.3500442130426478
123,123,3,recov,0.25922802377799337,1.3500472039207336,146.66666666666669,1.3500442130426478
124,124,4,recov,0.2592280237779318,1.350047203920971,146.66666666666669,1.3500442130426478
125,125,5,recov,0.2592280237778825,1.3500472039211613,146.66666666666669,1.3500442130426478
126,126,3,recov,0.25922840213443527,1.3500457443711051,146.66666666666669,1.3500442130426478
127,127,4,recov,0.2592284021344038,1.3500457443712266,146.66666666666669,1.3500442130426478
128,128,5,recov,0.25922840213437853,1.350045744371324,146.66666666666669,1.3500442130426478
129,129,3,recov,0.2592285958529335,1.3500449970825201,146.66666666666669,1.3500442130426478
130,130,4,recov,0.2592285958529174,1.350044997082582,146.66666666666669,1.3500442130426478
131,131,5,recov,0.2592285958529045,1.350044997082632,146.66666666666669,1.3500442130426478
132,132,3,recov,0.2592286950368046,1.3500446144709806,146.66666666666669,1.3500442130426478
133,133,4,recov,0.2592286950367964,1.3500446144710123,146.66666666666669,1.3500442130426478
134,134,5,recov,0.25922869503678975,1.3500446144710379,146.66666666666669,1.3500442130426478
135,135,3,recov,0.2592287458189467,1.3500444185739287,146.66666666666669,1.3500442130426478
136,136,4,recov,0.25922874581894245,1.350044418573945,146.66666666666669,1.3500442130426478
137,137,5,recov,0.25922874581893907,1.3500444185739582,146.66666666666669,1.3500442130426478
138,138,3,recov,0.2592287718194034,1.350044318274653,146.66666666666669,1.3500442130426478
139,139,4,recov,0.25922877181940124,1.3500443182746615,146.66666666666669,1.3500442130426478
140,140,5,recov,0.2592287718193995,1.3500443182746682,146.66666666666669,1.3500442130426478
141,141,3,recov,0.2592287851316372,1.350044266921428,146.66666666666669,1.3500442130426478
142,142,4,recov,0.2592287851316361,1.3500442669214323,146.66666666666669,1.3500442130426478
143,143,5,recov,0.2592287851316352,1.3500442669214359,146.66666666666669,1.3500442130426478
144,144,3,recov,0.2592287919475009,1.350044240628578,146.66666666666669,1.3500442130426478
145,145,4,recov,0.25922879194750037,1.35004424062858,146.66666666666669,1.3500442130426478
146,146,5,recov,0.2592287919474999,1.3500442406285817,146.66666666666669,1.3500442130426478
147,147,3,recov,0.25922879543722316,1.3500442271666389,146.66666666666669,1.3500442130426478
148,148,4,recov,0.2592287954372229,1.3500442271666397,146.66666666666669,1.3500442130426478
149,149,5,recov,0.25922879543722266,1.3500442271666406,146.66666666666669,1.3500442130426478
150,150,3,recov,0.259228797223961,1.3500442202741256,146.66666666666669,1.3500442130426478
151,151,4,recov,0.25922879722396086,1.3500442202741263,146.66666666666669,1.3500442130426478
152,152,5,recov,0.2592287972239608,1.3500442202741265,146.66666666666669,1.3500442130426478
153,153,3,recov,0.2592287981387708,1.350044216745159,146.66666666666669,1.3500442130426478
154,154,4,recov,0.25922879813877076,1.3500442167451592,146.66666666666669,1.3500442130426478
155,155,5,recov,0.25922879813877064,1.3500442167451596,146.66666666666669,1.3500442130426478
156,156,3,recov,0.2592287986071534,1.350044214938328,146.66666666666669,1.3500442130426478
157,157,4,recov,0.25922879860715337,1.3500442149383283,146.66666666666669,1.3500442130426478
158,158,5,recov,0.25922879860715337,1.3500442149383283,146.66666666666669,1.3500442130426478
159,159,3,recov,0.2592287988469653,1.3500442140132307,146.66666666666669,1.3500442130426478
160,160,4,recov,0.2592287988469653,1.3500442140132307,146.66666666666669,1.3500442130426478
161,161,5,recov,0.2592287988469653,1.3500442140132307,146.66666666666669,1.3500442130426478
162,162,3,recov,0.259228798969749,1.350044213539581,146.66666666666669,1.3500442130426478
163,163,4,recov,0.259228798969749,1.350044213539581,146.66666666666669,1.3500442130426478
164,164,5,recov,0.259228798969749,1.350044213539581,146.66666666666669,1.3500442130426478
165,165,3,recov,0.25922879903261425,1.350044213297072,146.66666666666669,1.3500442130426478
166,166,4,recov,0.25922879903261425,1.350044213297072,146.66666666666669,1.3500442130426478
167,167,5,recov,0.25922879903261425,1.350044213297072,146.66666666666669,1.3500442130426478
168,168,3,recov,0.25922879906480123,1.3500442131729078,146.66666666666669,1.3500442130426478
169,169,4,recov,0.25922879906480123,1.3500442131729078,146.66666666666669,1.3500442130426478
170,170,5,recov,0.25922879906480123,1.3500442131729078,146.66666666666669,1.3500442130426478
171,171,3,recov,0.25922879908128105,1.3500442131093353,146.66666666666669,1.3500442130426478
172,172,4,recov,0.25922879908128105,1.3500442131093353,146.66666666666669,1.3500442130426478
173,173,5,recov,0.25922879908128105,1.3500442131093353,146.66666666666669,1.3500442130426478
174,174,3,recov,0.2592287990897187,1.3500442130767862,146.66666666666669,1.3500442130426478
175,175,4,recov,0.2592287990897187,1.3500442130767862,146.66666666666669,1.3500442130426478
176,176,5,recov,0.2592287990897187,1.3500442130767862,146.66666666666669,1.3500442130426478
177,177,3,recov,0.25922879909403873,1.3500442130601213,146.66666666666669,1.3500442130426478
178,178,4,recov,0.25922879909403873,1.3500442130601213,146.66666666666669,1.3500442130426478
179,179,5,recov,0.25922879909403873,1.3500442130601213,146.66666666666669,1.3500442130426478
180,180,3,recov,0.25922879909625063,1.3500442130515886,146.66666666666669,1.3500442130426478
181,181,4,recov,0.25922879909625063,1.3500442130515886,146.66666666666669,1.3500442130426478
182,182,5,recov,0.25922879909625063,1.3500442130515886,146.66666666666669,1.3500442130426478
183,183,3,recov,0.2592287990973831,1.3500442130472199,146.66666666666669,1.3500442130426478
184,184,4,recov,0.2592287990973831,1.3500442130472199,146.66666666666669,1.3500442130426478
185,185,5,recov,0.2592287990973831,1.3500442130472199,146.66666666666669,1.3500442130426478
186,186,3,recov,0.259228799097963,1.350044213044983,146.66666666666669,1.3500442130426478
187,187,4,recov,0.259228799097963,1.350044213044983,146.66666666666669,1.3500442130426478
188,188,5,recov,0.259228799097963,1.350044213044983,146.66666666666669,1.3500442130426478
189,189,3,recov,0.2592287990982598,1.3500442130438381,146.66666666666669,1.3500442130426478
190,190,4,recov,0.2592287990982598,1.3500442130438381,146.66666666666669,1.3500442130426478
191,191,5,recov,0.2592287990982598,1.3500442130438381,146.66666666666669,1.3500442130426478
192,192,3,recov,0.25922879909841184,1.3500442130432515,146.66666666666669,1.3500442130426478
193,193,4,recov,0.25922879909841184,1.3500442130432515,146.66666666666669,1.3500442130426478
194,194,5,recov,0.25922879909841184,1.3500442130432515,146.66666666666669,1.3500442130426478
195,195,3,recov,0.25922879909848967,1.3500442130429513,146.66666666666669,1.3500442130426478
196,196,4,recov,0.25922879909848967,1.3500442130429513,146.66666666666669,1.3500442130426478
197,197,5,recov,0.25922879909848967,1.3500442130429513,146.66666666666669,1.3500442130426478
198,198,3,recov,0.2592287990985295,1.3500442130427976,146.66666666666669,1.3500442130426478
199,199,4,recov,0.2592287990985295,1.3500442130427976,146.66666666666669,1.3500442130426478
200,200,5,recov,0.2592287990985295,1.3500442130427976,146.66666666666669,1.3500442130426478
201,201,3,recov,0.2592287990985499,1.350044213042719,146.66666666666669,1.3500442130426478
202,202,4,recov,0.2592287990985499,1.350044213042719,146.66666666666669,1.3500442130426478
203,203,5,recov,0.2592287990985499,1.350044213042719,146.66666666666669,1.3500442130426478
204,204,3,recov,0.2592287990985604,1.3500442130426784,146.66666666666669,1.3500442130426478
205,205,4,recov,0.2592287990985604,1.3500442130426784,146.66666666666669,1.3500442130426478
206,206,5,recov,0.2592287990985604,1.3500442130426784,146.66666666666669,1.3500442130426478
207,207,3,recov,0.2592287990985657,1.350044213042658,146.66666666666669,1.3500442130426478
208,208,4,recov,0.2592287990985657,1.350044213042658,146.66666666666669,1.3500442130426478
209,209,5,recov,0.2592287990985657,1.350044213042658,146.66666666666669,1.3500442130426478
210,210,3,recov,0.25922879909856844,1.3500442130426475,146.66666666666669,1.3500442130426478
211,211,4,recov,0.25922879909856844,1.3500442130426475,146.66666666666669,1.3500442130426478
212,212,5,recov,0.25922879909856844,1.3500442130426475,146.66666666666669,1.3500442130426478
213,213,0,fam_r,0.0001975113569044929,8.529714471962462,146.66666666666669,1.3500442130426478
214,214,1,fam_r,0.0001975113569044929,8.529714471962462,146.66666666666669,1.3500442130426478
215,215,2,fam_r,0.0001975113569044929,8.529714471962462,146.66666666666669,1.3500442130426478
216,216,0,fam_r,0.12660477977483786,2.0666850150492326,146.66666666666669,1.3500442130426478
217,217,1,fam_r,0.12660477977483786,2.0666850150492326,146.66666666666669,1.3500442130426478
218,218,2,fam_r,0.12660477977483786,2.0666850150492326,146.66666666666669,1.3500442130426478
219,219,0,fam_r,0.1913253012048198,1.6537801519776054,146.66666666666669,1.3500442130426478
220,220,1,fam_r,0.1913253012048198,1.6537801519776054,146.66666666666669,1.3500442130426478
221,221,2,fam_r,0.1913253012048198,1.6537801519776054,146.66666666666669,1.3500442130426478
222,222,0,fam_r,0.22446220817697052,1.4940479237119955,146.66666666666669,1.3500442130426478
223,223,1,fam_r,0.22446220817697052,1.4940479237119955,146.66666666666669,1.3500442130426478
224,224,2,fam_r,0.22446220817697052,1.4940479237119955,146.66666666666669,1.3500442130426478
225,225,0,fam_r,0.2414283045467117,1.4211827255487637,146.66666666666669,1.3500442130426478
226,226,1,fam_r,0.2414283045467117,1.4211827255487637,146.66666666666669,1.3500442130426478
227,227,2,fam_r,0.2414283045467117,1.4211827255487637,146.66666666666669,1.3500442130426478
0,0,0,fam,0.015873015873015872,4.143134726391533,220.0,1.3500442130426364
1,1,1,fam,0.0009407337723424271,6.968850378341948,220.0,1.3500442130426364
2,2,2,fam,0.0005367686527106817,7.529943370601589,220.0,1.3500442130426364
3,3,0,fam,0.2560926887734718,1.3622158345111044,220.0,1.3500442130426364
4,4,1,fam,0.21260364842454396,1.5483256522406157,220.0,1.3500442130426364
5,5,2,fam,0.1871751445424283,1.6757104986342006,220.0,1.3500442130426364
6,6,0,fam,0.25815770678094385,1.35418461421504,220.0,1.3500442130426364
7,7,1,fam,0.24129987265919092,1.4217148340794672,220.0,1.3500442130426364
8,8,2,fam,0.22932009437567777,1.472636459396262,220.0,1.3500442130426364
9,9,0,fam,0.25876026787571593,1.3518532525784297,220.0,1.3500442130426364
10,10,1,fam,0.25108699683644553,1.38195579896057,220.0,1.3500442130426364
11,11,2,fam,0.2452684488775364,1.4054019585849222,220.0,1.3500442130426364
12,12,0,fam,0.25900555754514976,1.3509057598095315,220.0,1.3500442130426364
13,13,1,fam,0.255288290934085,1.365361819734445,220.0,1.3500442130426364
14,14,2,fam,0.25239043027562463,1.3767780639481915,220.0,1.3500442130426364
15,15,0,fam,0.25911842104209326,1.3504700976769417,220.0,1.3500442130426364
16,16,1,fam,0.25726624048092905,1.357643775139462,220.0,1.3500442130426364
17,17,2,fam,0.25580345237021623,1.3633458935632774,220.0,1.3500442130426364
18,18,0,fam,0.25917326115246003,1.3502584789593146,220.0,1.3500442130426364
19,19,1,fam,0.25823779645869294,1.3538744268571379,220.0,1.3500442130426364
20,20,2,fam,0.2574942728404974,1.3567578005218162,220.0,1.3500442130426364
21,21,0,fam,0.2592006128055287,1.3501529502879515,220.0,1.3500442130426364
22,22,1,fam,0.2587249556187086,1.3519897289663878,220.0,1.3500442130426364
23,23,2,fam,0.258345684966812,1.353456726665138,220.0,1.3500442130426364
24,24,0,fam,0.25921443216456613,1.3500996364068256,220.0,1.3500442130426364
25,25,1,fam,0.2589717520055842,1.351036288846191,220.0,1.3500442130426364
26,26,2,fam,0.25877793480232303,1.3517849796411952,220.0,1.3500442130426364
27,27,0,fam,0.2592214600092076,1.3500725246857894,220.0,1.3500442130426364
28,28,1,fam,0.2590974310606805,1.3505511063197266,220.0,1.3500442130426364
29,29,2,fam,0.25899829332419777,1.350933806786172,220.0,1.3500442130426364
30,30,0,fam,0.2592250458686595,1.3500586915924564,220.0,1.3500442130426364
31,31,1,fam,0.25916160142363853,1.35030346813394,220.0,1.3500442130426364
32,32,2,fam,0.2591108682232928,1.3504992462370768,220.0,1.3500442130426364
33,33,0,fam,0.2592268785920285,1.3500516216085967,220.0,1.3500442130426364
34,34,1,fam,0.2591944103180851,1.3501768798673928,220.0,1.3500442130426364
35,35,2,fam,0.259168441554341,1.3502770751791209,220.0,1.3500442130426364
36,36,0,fam,0.25922781609967416,1.3500480050625214,220.0,1.3500442130426364
37,37,1,fam,0.25921119634663814,1.3501121196551453,220.0,1.3500442130426364
38,38,2,fam,0.25919790207850035,1.350163408369719,220.0,1.3500442130426364
39,39,0,fam,0.25922829588186147,1.3500461542513293,220.0,1.3500442130426364
40,40,1,fam,0.2592197876173473,1.350078976301543,220.0,1.3500442130426364
41,41,2,fam,0.25921298140785143,1.3501052331660892,220.0,1.3500442130426364
42,42,0,fam,0.2592285414722484,1.3500452068614244,220.0,1.3500442130426364
43,43,1,fam,0.2592241855157657,1.3500620105399703,220.0,1.3500442130426364
44,44,2,fam,0.25922070085597965,1.3500754532795083,220.0,1.3500442130426364
45,45,0,fam,0.25922866719930193,1.3500447218568707,220.0,1.3500442130426364
46,46,1,fam,0.2592264370216521,1.3500533250228217,220.0,1.3500442130426364
47,47,2,fam,0.2592246529071606,1.3500602075022923,220.0,1.3500442130426364
48,48,0,fam,0.25922873156756293,1.3500444735500237,220.0,1.3500442130426364
49,49,1,fam,0.25922758973549787,1.3500488782877738,220.0,1.3500442130426364
50,50,2,fam,0.2592266762770881,1.3500524020640048,220.0,1.3500442130426364
51,51,0,fam,0.2592287645230666,1.3500443464209768,220.0,1.3500442130426364
52,52,1,fam,0.2592281799100014,1.3500466016248909,220.0,1.3500442130426364
53,53,2,fam,0.2592277122214478,1.3500484057843603,220.0,1.3500442130426364
54,54,0,fam,0.2592287813960102,1.350044281331969,220.0,1.3500442130426364
55,55,1,fam,0.259228482075419,1.3500454359906549,220.0,1.3500442130426364
56,56,2,fam,0.2592282426194437,1.3500463597166434,220.0,1.3500442130426364
57,57,0,fam,0.2592287900348854,1.350044248006676,220.0,1.3500442130426364
58,58,1,fam,0.259228636783083,1.3500448391904243,220.0,1.3500442130426364
59,59,2,fam,0.2592285141817716,1.350045312137171,220.0,1.3500442130426364
60,60,0,fam,0.25922879445797076,1.3500442309441991,220.0,1.3500442130426364
61,61,1,fam,0.2592287159931371,1.3500445336298852,220.0,1.3500442130426364
62,62,2,fam,0.25922865322130445,1.350044775778368,220.0,1.3500442130426364
63,63,0,fam,0.2592287967225854,1.3500442222082303,220.0,1.3500442130426364
64,64,1,fam,0.259228756548614,1.3500443771831985,220.0,1.3500442130426364
65,65,2,fam,0.25922872440944583,1.3500445011631559,220.0,1.3500442130426364
66,66,3,recov,0.00019751143526284797,8.529714075234189,220.0,1.3500442130426364
67,67,4,recov,0.00019751141959087782,8.529714154581345,220.0,1.3500442130426364
68,68,5,recov,0.00019751140705330343,8.529714218059066,220.0,1.3500442130426364
69,69,3,recov,0.12660480549190015,2.0666848119205694,220.0,1.3500442130426364
70,70,4,recov,0.1266048003484867,2.066684852546307,220.0,1.3500442130426364
71,71,5,recov,0.12660479623375623,2.0666848850468953,220.0,1.3500442130426364
72,72,3,recov,0.1913253211030101,1.6537800479757347,220.0,1.3500442130426364
73,73,4,recov,0.19132531712337159,1.6537800687761104,220.0,1.3500442130426364
74,74,5,recov,0.19132531393966087,1.6537800854164106,220.0,1.3500442130426364
75,75,3,recov,0.2244622201293491,1.4940478704630393,220.0,1.3500442130426364
76,76,4,recov,0.22446221773887326,1.4940478811128308,220.0,1.3500442130426364
77,77,5,recov,0.2244622158264926,1.4940478896326643,220.0,1.3500442130426364
78,78,3,recov,0.24142831112888394,1.4211826982852984,220.0,1.3500442130426364
79,79,4,recov,0.24142830981244942,1.4211827037379918,220.0,1.3500442130426364
80,80,5,recov,0.2414283087593018,1.4211827081001465,220.0,1.3500442130426364
81,81,3,recov,0.2501149493793471,1.3858346692769894,220.0,1.3500442130426364
82,82,4,recov,0.2501149486810814,1.3858346720687684,220.0,1.3500442130426364
83,83,5,recov,0.250114948122469,1.3858346743021912,220.0,1.3500442130426364
84,84,3,recov,0.25456250807411496,1.3682088618558927,220.0,1.3500442130426364
85,85,4,recov,0.2545625077102457,1.3682088632852836,220.0,1.3500442130426364
86,86,5,recov,0.2545625074191502,1.3682088644287962,220.0,1.3500442130426364
87,87,3,recov,0.25683965810238224,1.3593032872268442,220.0,1.3500442130426364
88,88,4,recov,0.25683965791441465,1.3593032879586924,220.0,1.3500442130426364
89,89,5,recov,0.25683965776404055,1.359303288544171,220.0,1.3500442130426364
90,90,3,recov,0.2580055589107067,1.3547741481271052,220.0,1.3500442130426364
91,91,4,recov,0.2580055588140304,1.3547741485018112,220.0,1.3500442130426364
92,92,5,recov,0.25800555873668946,1.354774148801576,220.0,1.3500442130426364
93,93,3,recov,0.2586025001229572,1.3524631447755795,220.0,1.3500442130426364
94,94,4,recov,0.25860250007334445,1.352463144967429,220.0,1.3500442130426364
95,95,5,recov,0.2586025000336542,1.3524631451209088,220.0,1.3500442130426364
96,96,3,recov,0.2589081340232069,1.3512819750928038,220.0,1.3500442130426364
97,97,4,recov,0.2589081339977752,1.3512819751910305,220.0,1.3500442130426364
98,98,5,recov,0.25890813397742973,1.3512819752696124,220.0,1.3500442130426364
99,99,3,recov,0.259064618580024,1.3506777558137337,220.0,1.3500442130426364
100,100,4,recov,0.2590646185669951,1.350677755864026,220.0,1.3500442130426364
101,101,5,recov,0.2590646185565719,1.3506777559042598,220.0,1.3500442130426364
102,102,3,recov,0.2591447386730853,1.3503685367979894,220.0,1.3500442130426364
103,103,4,recov,0.2591447386664124,1.350368536823739,220.0,1.3500442130426364
104,104,5,recov,0.25914473866107407,1.3503685368443388,220.0,1.3500442130426364
105,105,3,recov,0.2591857601607251,1.350210253664669,220.0,1.3500442130426364
106,106,4,recov,0.25918576015730804,1.3502102536778529,220.0,1.3500442130426364
107,107,5,recov,0.2591857601545744,1.3502102536884,220.0,1.3500442130426364
108,108,3,recov,0.2592067631623947,1.350129222396909,220.0,1.3500442130426364
109,109,4,recov,0.25920676316064506,1.350129222403659,220.0,1.3500442130426364
110,110,5,recov,0.2592067631592453,1.350129222409059,220.0,1.3500442130426364
111,111,3,recov,0.25921751669924903,1.3500877369292192,220.0,1.3500442130426364
112,112,4,recov,0.25921751669835313,1.3500877369326754,220.0,1.3500442130426364
113,113,5,recov,0.25921751669763643,1.3500877369354403,220.0,1.3500442130426364
114,114,3,recov,0.2592230225101183,1.350066497035912,220.0,1.3500442130426364
115,115,4,recov,0.2592230225096596,1.3500664970376814,220.0,1.3500442130426364
116,116,5,recov,0.2592230225092927,1.350066497039097,220.0,1.3500442130426364
117,117,3,recov,0.2592258414852833,1.3500556223851574,220.0,1.3500442130426364
118,118,4,recov,0.25922584148504846,1.3500556223860634,220.0,1.3500442130426364
119,119,5,recov,0.25922584148486055,1.3500556223867883,220.0,1.3500442130426364
120,120,3,recov,0.2592272848005677,1.3500500546097454,220.0,1.3500442130426364
121,121,4,recov,0.2592272848004475,1.3500500546102092,220.0,1.3500442130426364
122,122,5,recov,0.2592272848003513,1.3500500546105803,220.0,1.3500442130426364
123,123,3,recov,0.25922802377799337,1.3500472039207336,220.0,1.3500442130426364
124,124,4,recov,0.2592280237779318,1.350047203920971,220.0,1.3500442130426364
125,125,5,recov,0.2592280237778825,1.3500472039211613,220.0,1.3500442130426364
126,126,3,recov,0.25922840213443527,1.3500457443711051,220.0,1.3500442130426364
127,127,4,recov,0.2592284021344038,1.3500457443712266,220.0,1.3500442130426364
128,128,5,recov,0.25922840213437853,1.350045744371324,220.0,1.3500442130426364
129,129,3,recov,0.2592285958529335,1.3500449970825201,220.0,1.3500442130426364
130,130,4,recov,0.2592285958529174,1.350044997082582,220.0,1.3500442130426364
131,131,5,recov,0.2592285958529045,1.350044997082632,220.0,1.3500442130426364
132,132,3,recov,0.2592286950368046,1.3500446144709806,220.0,1.3500442130426364
133,133,4,recov,0.2592286950367964,1.3500446144710123,220.0,1.3500442130426364
134,134,5,recov,0.25922869503678975,1.3500446144710379,220.0,1.3500442130426364
135,135,3,recov,0.2592287458189467,1.3500444185739287,220.0,1.3500442130426364
136,136,4,recov,0.25922874581894245,1.350044418573945,220.0,1.3500442130426364
137,137,5,recov,0.25922874581893907,1.3500444185739582,220.0,1.3500442130426364
138,138,3,recov,0.2592287718194034,1.350044318274653,220.0,1.3500442130426364
139,139,4,recov,0.25922877181940124,1.3500443182746615,220.0,1.3500442130426364
140,140,5,recov,0.2592287718193995,1.3500443182746682,220.0,1.3500442130426364
141,141,3,recov,0.2592287851316372,1.350044266921428,220.0,1.3500442130426364
142,142,4,recov,0.2592287851316361,1.3500442669214323,220.0,1.3500442130426364
143,143,5,recov,0.2592287851316352,1.3500442669214359,220.0,1.3500442130426364
144,144,3,recov,0.2592287919475009,1.350044240628578,220.0,1.3500442130426364
145,145,4,recov,0.25922879194750037,1.35004424062858,220.0,1.3500442130426364
146,146,5,recov,0.2592287919474999,1.3500442406285817,220.0,1.3500442130426364
147,147,3,recov,0.25922879543722316,1.3500442271666389,220.0,1.3500442130426364
148,148,4,recov,0.2592287954372229,1.3500442271666397,220.0,1.3500442130426364
149,149,5,recov,0.25922879543722266,1.3500442271666406,220.0,1.3500442130426364
150,150,3,recov,0.259228797223961,1.3500442202741256,220.0,1.3500442130426364
151,151,4,recov,0.25922879722396086,1.3500442202741263,220.0,1.3500442130426364
152,152,5,recov,0.2592287972239608,1.3500442202741265,220.0,1.3500442130426364
153,153,3,recov,0.2592287981387708,1.350044216745159,220.0,1.3500442130426364
154,154,4,recov,0.25922879813877076,1.3500442167451592,220.0,1.3500442130426364
155,155,5,recov,0.25922879813877064,1.3500442167451596,220.0,1.3500442130426364
156,156,3,recov,0.2592287986071534,1.350044214938328,220.0,1.3500442130426364
157,157,4,recov,0.25922879860715337,1.3500442149383283,220.0,1.3500442130426364
158,158,5,recov,0.25922879860715337,1.3500442149383283,220.0,1.3500442130426364
159,159,3,recov,0.2592287988469653,1.3500442140132307,220.0,1.3500442130426364
160,160,4,recov,0.2592287988469653,1.3500442140132307,220.0,1.3500442130426364
161,161,5,recov,0.2592287988469653,1.3500442140132307,220.0,1.3500442130426364
162,162,3,recov,0.259228798969749,1.350044213539581,220.0,1.3500442130426364
163,163,4,recov,0.259228798969749,1.350044213539581,220.0,1.3500442130426364
164,164,5,recov,0.259228798969749,1.350044213539581,220.0,1.3500442130426364
165,165,3,recov,0.25922879903261425,1.350044213297072,220.0,1.3500442130426364
166,166,4,recov,0.25922879903261425,1.350044213297072,220.0,1.3500442130426364
167,167,5,recov,0.25922879903261425,1.350044213297072,220.0,1.3500442130426364
168,168,3,recov,0.25922879906480123,1.3500442131729078,220.0,1.3500442130426364
169,169,4,recov,0.25922879906480123,1.3500442131729078,220.0,1.3500442130426364
170,170,5,recov,0.25922879906480123,1.3500442131729078,220.0,1.3500442130426364
171,171,3,recov,0.25922879908128105,1.3500442131093353,220.0,1.3500442130426364
172,172,4,recov,0.25922879908128105,1.3500442131093353,220.0,1.3500442130426364
173,173,5,recov,0.25922879908128105,1.3500442131093353,220.0,1.3500442130426364
174,174,3,recov,0.2592287990897187,1.3500442130767862,220.0,1.3500442130426364
175,175,4,recov,0.2592287990897187,1.3500442130767862,220.0,1.3500442130426364
176,176,5,recov,0.2592287990897187,1.3500442130767862,220.0,1.3500442130426364
177,177,3,recov,0.25922879909403873,1.3500442130601213,220.0,1.3500442130426364
178,178,4,recov,0.25922879909403873,1.3500442130601213,220.0,1.3500442130426364
179,179,5,recov,0.25922879909403873,1.3500442130601213,220.0,1.3500442130426364
180,180,3,recov,0.25922879909625063,1.3500442130515886,220.0,1.3500442130426364
181,181,4,recov,0.25922879909625063,1.3500442130515886,220.0,1.3500442130426364
182,182,5,recov,0.25922879909625063,1.3500442130515886,220.0,1.3500442130426364
183,183,3,recov,0.2592287990973831,1.3500442130472199,220.0,1.3500442130426364
184,184,4,recov,0.2592287990973831,1.3500442130472199,220.0,1.3500442130426364
185,185,5,recov,0.2592287990973831,1.3500442130472199,220.0,1.3500442130426364
186,186,3,recov,0.259228799097963,1.350044213044983,220.0,1.3500442130426364
187,187,4,recov,0.259228799097963,1.350044213044983,220.0,1.3500442130426364
188,188,5,recov,0.259228799097963,1.350044213044983,220.0,1.3500442130426364
189,189,3,recov,0.2592287990982598,1.3500442130438381,220.0,1.3500442130426364
190,190,4,recov,0.2592287990982598,1.3500442130438381,220.0,1.3500442130426364
191,191,5,recov,0.2592287990982598,1.3500442130438381,220.0,1.3500442130426364
192,192,3,recov,0.25922879909841184,1.3500442130432515,220.0,1.3500442130426364
193,193,4,recov,0.25922879909841184,1.3500442130432515,220.0,1.3500442130426364
194,194,5,recov,0.25922879909841184,1.3500442130432515,220.0,1.3500442130426364
195,195,3,recov,0.25922879909848967,1.3500442130429513,220.0,1.3500442130426364
196,196,4,recov,0.25922879909848967,1.3500442130429513,220.0,1.3500442130426364
197,197,5,recov,0.25922879909848967,1.3500442130429513,220.0,1.3500442130426364
198,198,3,recov,0.2592287990985295,1.3500442130427976,220.0,1.3500442130426364
199,199,4,recov,0.2592287990985295,1.3500442130427976,220.0,1.3500442130426364
200,200,5,recov,0.2592287990985295,1.3500442130427976,220.0,1.3500442130426364
201,201,3,recov,0.2592287990985499,1.350044213042719,220.0,1.3500442130426364
202,202,4,recov,0.2592287990985499,1.350044213042719,220.0,1.3500442130426364
203,203,5,recov,0.2592287990985499,1.350044213042719,220.0,1.3500442130426364
204,204,3,recov,0.2592287990985604,1.3500442130426784,220.0,1.3500442130426364
205,205,4,recov,0.2592287990985604,1.3500442130426784,220.0,1.3500442130426364
206,206,5,recov,0.2592287990985604,1.3500442130426784,220.0,1.3500442130426364
207,207,3,recov,0.2592287990985657,1.350044213042658,220.0,1.3500442130426364
208,208,4,recov,0.2592287990985657,1.350044213042658,220.0,1.3500442130426364
209,209,5,recov,0.2592287990985657,1.350044213042658,220.0,1.3500442130426364
210,210,3,recov,0.25922879909856844,1.3500442130426475,220.0,1.3500442130426364
211,211,4,recov,0.25922879909856844,1.3500442130426475,220.0,1.3500442130426364
212,212,5,recov,0.25922879909856844,1.3500442130426475,220.0,1.3500442130426364
213,213,3,recov,0.25922879909856983,1.350044213042642,220.0,1.3500442130426364
214,214,4,recov,0.25922879909856983,1.350044213042642,220.0,1.3500442130426364
215,215,5,recov,0.25922879909856983,1.350044213042642,220.0,1.3500442130426364
216,216,3,recov,0.25922879909857055,1.3500442130426393,220.0,1.3500442130426364
217,217,4,recov,0.25922879909857055,1.3500442130426393,220.0,1.3500442130426364
218,218,5,recov,0.25922879909857055,1.3500442130426393,220.0,1.3500442130426364
219,219,3,recov,0.25922879909857094,1.3500442130426378,220.0,1.3500442130426364
220,220,4,recov,0.25922879909857094,1.3500442130426378,220.0,1.3500442130426364
221,221,5,recov,0.25922879909857094,1.3500442130426378,220.0,1.3500442130426364
222,222,3,recov,0.25922879909857116,1.3500442130426369,220.0,1.3500442130426364
223,223,4,recov,0.25922879909857116,1.3500442130426369,220.0,1.3500442130426364
224,224,5,recov,0.25922879909857116,1.3500442130426369,220.0,1.3500442130426364
225,225,3,recov,0.2592287990985712,1.3500442130426367,220.0,1.3500442130426364
226,226,4,recov,0.2592287990985712,1.3500442130426367,220.0,1.3500442130426364
227,227,5,recov,0.2592287990985712,1.3500442130426367,220.0,1.3500442130426364
228,228,3,recov,0.25922879909857127,1.3500442130426364,220.0,1.3500442130426364
229,229,4,recov,0.25922879909857127,1.3500442130426364,220.0,1.3500442130426364
230,230,5,recov,0.25922879909857127,1.3500442130426364,220.0,1.3500442130426364
231,231,3,recov,0.25922879909857127,1.3500442130426364,220.0,1.3500442130426364
232,232,4,recov,0.25922879909857127,1.3500442130426364,220.0,1.3500442130426364
233,233,5,recov,0.25922879909857127,1.3500442130426364,220.0,1.3500442130426364
234,234,3,recov,0.25922879909857127,1.3500442130426364,220.0,1.3500442130426364
235,235,4,recov,0.25922879909857127,1.3500442130426364,220.0,1.3500442130426364
236,236,5,recov,0.25922879909857127,1.3500442130426364,220.0,1.3500442130426364
237,237,3,recov,0.25922879909857127,1.3500442130426364,220.0,1.3500442130426364
238,238,4,recov,0.25922879909857127,1.3500442130426364,220.0,1.3500442130426364
239,239,5,recov,0.25922879909857127,1.3500442130426364,220.0,1.3500442130426364
240,240,3,recov,0.25922879909857127,1.3500442130426364,220.0,1.3500442130426364
241,241,4,recov,0.25922879909857127,1.3500442130426364,220.0,1.3500442130426364
242,242,5,recov,0.25922879909857127,1.3500442130426364,220.0,1.3500442130426364
243,243,3,recov,0.25922879909857127,1.3500442130426364,220.0,1.3500442130426364
244,244,4,recov,0.25922879909857127,1.3500442130426364,220.0,1.3500442130426364
245,245,5,recov,0.25922879909857127,1.3500442130426364,220.0,1.3500442130426364
246,246,3,recov,0.25922879909857127,1.3500442130426364,220.0,1.3500442130426364
247,247,4,recov,0.25922879909857127,1.3500442130426364,220.0,1.3500442130426364
248,248,5,recov,0.25922879909857127,1.3500442130426364,220.0,1.3500442130426364
249,249,3,recov,0.25922879909857127,1.3500442130426364,220.0,1.3500442130426364
250,250,4,recov,0.25922879909857127,1.3500442130426364,220.0,1.3500442130426364
251,251,5,recov,0.25922879909857127,1.3500442130426364,220.0,1.3500442130426364
252,252,3,recov,0.25922879909857127,1.3500442130426364,220.0,1.3500442130426364
253,253,4,recov,0.25922879909857127,1.3500442130426364,220.0,1.3500442130426364
254,254,5,recov,0.25922879909857127,1.3500442130426364,220.0,1.3500442130426364
255,255,3,recov,0.25922879909857127,1.3500442130426364,220.0,1.3500442130426364
256,256,4,recov,0.25922879909857127,1.3500442130426364,220.0,1.3500442130426364
257,257,5,recov,0.25922879909857127,1.3500442130426364,220.0,1.3500442130426364
258,258,3,recov,0.25922879909857127,1.3500442130426364,220.0,1.3500442130426364
259,259,4,recov,0.25922879909857127,1.3500442130426364,220.0,1.3500442130426364
260,260,5,recov,0.25922879909857127,1.3500442130426364,220.0,1.3500442130426364
261,261,3,recov,0.25922879909857127,1.3500442130426364,220.0,1.3500442130426364
262,262,4,recov,0.25922879909857127,1.3500442130426364,220.0,1.3500442130426364
263,263,5,recov,0.25922879909857127,1.3500442130426364,220.0,1.3500442130426364
264,264,3,recov,0.25922879909857127,1.3500442130426364,220.0,1.3500442130426364
265,265,4,recov,0.25922879909857127,1.3500442130426364,220.0,1.3500442130426364
266,266,5,recov,0.25922879909857127,1.3500442130426364,220.0,1.3500442130426364
267,267,3,recov,0.25922879909857127,1.3500442130426364,220.0,1.3500442130426364
268,268,4,recov,0.25922879909857127,1.3500442130426364,220.0,1.3500442130426364
269,269,5,recov,0.25922879909857127,1.3500442130426364,220.0,1.3500442130426364
270,270,3,recov,0.25922879909857127,1.3500442130426364,220.0,1.3500442130426364
271,271,4,recov,0.25922879909857127,1.3500442130426364,220.0,1.3500442130426364
272,272,5,recov,0.25922879909857127,1.3500442130426364,220.0,1.3500442130426364
273,273,3,recov,0.25922879909857127,1.3500442130426364,220.0,1.3500442130426364
274,274,4,recov,0.25922879909857127,1.3500442130426364,220.0,1.3500442130426364
275,275,5,recov,0.25922879909857127,1.3500442130426364,220.0,1.3500442130426364
276,276,3,recov,0.25922879909857127,1.3500442130426364,220.0,1.3500442130426364
277,277,4,recov,0.25922879909857127,1.3500442130426364,220.0,1.3500442130426364
278,278,5,recov,0.25922879909857127,1.3500442130426364,220.0,1.3500442130426364
279,279,3,recov,0.25922879909857127,1.3500442130426364,220.0,1.3500442130426364
280,280,4,recov,0.25922879909857127,1.3500442130426364,220.0,1.3500442130426364
281,281,5,recov,0.25922879909857127,1.3500442130426364,220.0,1.3500442130426364
282,282,3,recov,0.25922879909857127,1.3500442130426364,220.0,1.3500442130426364
283,283,4,recov,0.25922879909857127,1.3500442130426364,220.0,1.3500442130426364
284,284,5,recov,0.25922879909857127,1.3500442130426364,220.0,1.3500442130426364
285,285,0,fam_r,0.00019751135690302202,8.529714471969909,220.0,1.3500442130426364
286,286,1,fam_r,0.00019751135690302202,8.529714471969909,220.0,1.3500442130426364
287,287,2,fam_r,0.00019751135690302202,8.529714471969909,220.0,1.3500442130426364
288,288,0,fam_r,0.12660477977483714,2.0666850150492384,220.0,1.3500442130426364
289,289,1,fam_r,0.12660477977483714,2.0666850150492384,220.0,1.3500442130426364
290,290,2,fam_r,0.12660477977483714,2.0666850150492384,220.0,1.3500442130426364
291,291,0,fam_r,0.1913253012048194,1.6537801519776076,220.0,1.3500442130426364
292,292,1,fam_r,0.1913253012048194,1.6537801519776076,220.0,1.3500442130426364
293,293,2,fam_r,0.1913253012048194,1.6537801519776076,220.0,1.3500442130426364
294,294,0,fam_r,0.2244622081769703,1.4940479237119964,220.0,1.3500442130426364
295,295,1,fam_r,0.2244622081769703,1.4940479237119964,220.0,1.3500442130426364
296,296,2,fam_r,0.2244622081769703,1.4940479237119964,220.0,1.3500442130426364
297,297,0,fam_r,0.2414283045467116,1.421182725548764,220.0,1.3500442130426364
298,298,1,fam_r,0.2414283045467116,1.421182725548764,220.0,1.3500442130426364
299,299,2,fam_r,0.2414283045467116,1.421182725548764,220.0,1.3500442130426364
0,0,0,fam,0.015873015873015872,4.143134726391533,293.33333333333337,1.3500442130426364
1,1,1,fam,0.0009407337723424271,6.968850378341948,293.33333333333337,1.3500442130426364
2,2,2,fam,0.0005367686527106817,7.529943370601589,293.33333333333337,1.3500442130426364
3,3,0,fam,0.2560926887734718,1.3622158345111044,293.33333333333337,1.3500442130426364
4,4,1,fam,0.21260364842454396,1.5483256522406157,293.33333333333337,1.3500442130426364
5,5,2,fam,0.1871751445424283,1.6757104986342006,293.33333333333337,1.3500442130426364
6,6,0,fam,0.25815770678094385,1.35418461421504,293.33333333333337,1.3500442130426364
7,7,1,fam,0.24129987265919092,1.4217148340794672,293.33333333333337,1.3500442130426364
8,8,2,fam,0.22932009437567777,1.472636459396262,293.33333333333337,1.3500442130426364
9,9,0,fam,0.25876026787571593,1.3518532525784297,293.33333333333337,1.3500442130426364
10,10,1,fam,0.25108699683644553,1.38195579896057,293.33333333333337,1.3500442130426364
11,11,2,fam,0.2452684488775364,1.4054019585849222,293.33333333333337,1.3500442130426364
12,12,0,fam,0.25900555754514976,1.3509057598095315,293.33333333333337,1.3500442130426364
13,13,1,fam,0.255288290934085,1.365361819734445,293.33333333333337,1.3500442130426364
14,14,2,fam,0.25239043027562463,1.3767780639481915,293.33333333333337,1.3500442130426364
15,15,0,fam,0.25911842104209326,1.3504700976769417,293.33333333333337,1.3500442130426364
16,16,1,fam,0.25726624048092905,1.357643775139462,293.33333333333337,1.3500442130426364
17,17,2,fam,0.25580345237021623,1.3633458935632774,293.33333333333337,1.3500442130426364
18,18,0,fam,0.25917326115246003,1.3502584789593146,293.33333333333337,1.3500442130426364
19,19,1,fam,0.25823779645869294,1.3538744268571379,293.33333333333337,1.3500442130426364
20,20,2,fam,0.2574942728404974,1.3567578005218162,293.33333333333337,1.3500442130426364
21,21,0,fam,0.2592006128055287,1.3501529502879515,293.33333333333337,1.3500442130426364
22,22,1,fam,0.2587249556187086,1.3519897289663878,293.33333333333337,1.3500442130426364
23,23,2,fam,0.258345684966812,1.353456726665138,293.33333333333337,1.3500442130426364
24,24,0,fam,0.25921443216456613,1.3500996364068256,293.33333333333337,1.3500442130426364
25,25,1,fam,0.2589717520055842,1.351036288846191,293.33333333333337,1.3500442130426364
26,26,2,fam,0.25877793480232303,1.3517849796411952,293.33333333333337,1.3500442130426364
27,27,0,fam,0.2592214600092076,1.3500725246857894,293.33333333333337,1.3500442130426364
28,28,1,fam,0.2590974310606805,1.3505511063197266,293.33333333333337,1.3500442130426364
29,29,2,fam,0.25899829332419777,1.350933806786172,293.33333333333337,1.3500442130426364
30,30,0,fam,0.2592250458686595,1.3500586915924564,293.33333333333337,1.3500442130426364
31,31,1,fam,0.25916160142363853,1.35030346813394,293.33333333333337,1.3500442130426364
32,32,2,fam,0.2591108682232928,1.3504992462370768,293.33333333333337,1.3500442130426364
33,33,0,fam,0.2592268785920285,1.3500516216085967,293.33333333333337,1.3500442130426364
34,34,1,fam,0.2591944103180851,1.3501768798673928,293.33333333333337,1.3500442130426364
35,35,2,fam,0.259168441554341,1.3502770751791209,293.33333333333337,1.3500442130426364
36,36,0,fam,0.25922781609967416,1.3500480050625214,293.33333333333337,1.3500442130426364
37,37,1,fam,0.25921119634663814,1.3501121196551453,293.33333333333337,1.3500442130426364
38,38,2,fam,0.25919790207850035,1.350163408369719,293.33333333333337,1.3500442130426364
39,39,0,fam,0.25922829588186147,1.3500461542513293,293.33333333333337,1.3500442130426364
40,40,1,fam,0.2592197876173473,1.350078976301543,293.33333333333337,1.3500442130426364
41,41,2,fam,0.25921298140785143,1.3501052331660892,293.33333333333337,1.3500442130426364
42,42,0,fam,0.2592285414722484,1.3500452068614244,293.33333333333337,1.3500442130426364
43,43,1,fam,0.2592241855157657,1.3500620105399703,293.33333333333337,1.3500442130426364
44,44,2,fam,0.25922070085597965,1.3500754532795083,293.33333333333337,1.3500442130426364
45,45,0,fam,0.25922866719930193,1.3500447218568707,293.33333333333337,1.3500442130426364
46,46,1,fam,0.2592264370216521,1.3500533250228217,293.33333333333337,1.3500442130426364
47,47,2,fam,0.2592246529071606,1.3500602075022923,293.33333333333337,1.3500442130426364
48,48,0,fam,0.25922873156756293,1.3500444735500237,293.33333333333337,1.3500442130426364
49,49,1,fam,0.25922758973549787,1.3500488782877738,293.33333333333337,1.3500442130426364
50,50,2,fam,0.2592266762770881,1.3500524020640048,293.33333333333337,1.3500442130426364
51,51,0,fam,0.2592287645230666,1.3500443464209768,293.33333333333337,1.3500442130426364
52,52,1,fam,0.2592281799100014,1.3500466016248909,293.33333333333337,1.3500442130426364
53,53,2,fam,0.2592277122214478,1.3500484057843603,293.33333333333337,1.3500442130426364
54,54,0,fam,0.2592287813960102,1.350044281331969,293.33333333333337,1.3500442130426364
55,55,1,fam,0.259228482075419,1.3500454359906549,293.33333333333337,1.3500442130426364
56,56,2,fam,0.2592282426194437,1.3500463597166434,293.33333333333337,1.3500442130426364
57,57,0,fam,0.2592287900348854,1.350044248006676,293.33333333333337,1.3500442130426364
58,58,1,fam,0.259228636783083,1.3500448391904243,293.33333333333337,1.3500442130426364
59,59,2,fam,0.2592285141817716,1.350045312137171,293.33333333333337,1.3500442130426364
60,60,0,fam,0.25922879445797076,1.3500442309441991,293.33333333333337,1.3500442130426364
61,61,1,fam,0.2592287159931371,1.3500445336298852,293.33333333333337,1.3500442130426364
62,62,2,fam,0.25922865322130445,1.350044775778368,293.33333333333337,1.3500442130426364
63,63,0,fam,0.2592287967225854,1.3500442222082303,293.33333333333337,1.3500442130426364
64,64,1,fam,0.259228756548614,1.3500443771831985,293.33333333333337,1.3500442130426364
65,65,2,fam,0.25922872440944583,1.3500445011631559,293.33333333333337,1.3500442130426364
66,66,3,recov,0.00019751143526284797,8.529714075234189,293.33333333333337,1.3500442130426364
67,67,4,recov,0.00019751141959087782,8.529714154581345,293.33333333333337,1.3500442130426364
68,68,5,recov,0.00019751140705330343,8.529714218059066,293.33333333333337,1.3500442130426364
69,69,3,recov,0.12660480549190015,2.0666848119205694,293.33333333333337,1.3500442130426364
70,70,4,recov,0.1266048003484867,2.066684852546307,293.33333333333337,1.3500442130426364
71,71,5,recov,0.12660479623375623,2.0666848850468953,293.33333333333337,1.3500442130426364
72,72,3,recov,0.1913253211030101,1.6537800479757347,293.33333333333337,1.3500442130426364
73,73,4,recov,0.19132531712337159,1.6537800687761104,293.33333333333337,1.3500442130426364
74,74,5,recov,0.19132531393966087,1.6537800854164106,293.33333333333337,1.3500442130426364
75,75,3,recov,0.2244622201293491,1.4940478704630393,293.33333333333337,1.3500442130426364
76,76,4,recov,0.22446221773887326,1.4940478811128308,293.33333333333337,1.3500442130426364
77,77,5,recov,0.2244622158264926,1.4940478896326643,293.33333333333337,1.3500442130426364
78,78,3,recov,0.24142831112888394,1.4211826982852984,293.33333333333337,1.3500442130426364
79,79,4,recov,0.24142830981244942,1.4211827037379918,293.33333333333337,1.3500442130426364
80,80,5,recov,0.2414283087593018,1.4211827081001465,293.33333333333337,1.3500442130426364
81,81,3,recov,0.2501149493793471,1.3858346692769894,293.33333333333337,1.3500442130426364
82,82,4,recov,0.2501149486810814,1.3858346720687684,293.33333333333337,1.3500442130426364
83,83,5,recov,0.250114948122469,1.3858346743021912,293.33333333333337,1.3500442130426364
84,84,3,recov,0.25456250807411496,1.3682088618558927,293.33333333333337,1.3500442130426364
85,85,4,recov,0.2545625077102457,1.3682088632852836,293.33333333333337,1.3500442130426364
86,86,5,recov,0.2545625074191502,1.3682088644287962,293.33333333333337,1.3500442130426364
87,87,3,recov,0.25683965810238224,1.3593032872268442,293.33333333333337,1.3500442130426364
88,88,4,recov,0.25683965791441465,1.3593032879586924,293.33333333333337,1.3500442130426364
89,89,5,recov,0.25683965776404055,1.359303288544171,293.33333333333337,1.3500442130426364
90,90,3,recov,0.2580055589107067,1.3547741481271052,293.33333333333337,1.3500442130426364
91,91,4,recov,0.2580055588140304,1.3547741485018112,293.33333333333337,1.3500442130426364
92,92,5,recov,0.25800555873668946,1.354774148801576,293.33333333333337,1.3500442130426364
93,93,3,recov,0.2586025001229572,1.3524631447755795,293.33333333333337,1.3500442130426364
94,94,4,recov,0.25860250007334445,1.352463144967429,293.33333333333337,1.3500442130426364
95,95,5,recov,0.2586025000336542,1.3524631451209088,293.33333333333337,1.3500442130426364
96,96,3,recov,0.2589081340232069,1.3512819750928038,293.33333333333337,1.3500442130426364
97,97,4,recov,0.2589081339977752,1.3512819751910305,293.33333333333337,1.3500442130426364
98,98,5,recov,0.25890813397742973,1.3512819752696124,293.33333333333337,1.3500442130426364
99,99,3,recov,0.259064618580024,1.3506777558137337,293.33333333333337,1.3500442130426364
100,100,4,recov,0.2590646185669951,1.350677755864026,293.33333333333337,1.3500442130426364
101,101,5,recov,0.2590646185565719,1.3506777559042598,293.33333333333337,1.3500442130426364
102,102,3,recov,0.2591447386730853,1.3503685367979894,293.33333333333337,1.3500442130426364
103,103,4,recov,0.2591447386664124,1.350368536823739,293.33333333333337,1.3500442130426364
104,104,5,recov,0.25914473866107407,1.3503685368443388,293.33333333333337,1.3500442130426364
105,105,3,recov,0.2591857601607251,1.350210253664669,293.33333333333337,1.3500442130426364
106,106,4,recov,0.25918576015730804,1.3502102536778529,293.33333333333337,1.3500442130426364
107,107,5,recov,0.2591857601545744,1.3502102536884,293.33333333333337,1.3500442130426364
108,108,3,recov,0.2592067631623947,1.350129222396909,293.33333333333337,1.3500442130426364
109,109,4,recov,0.25920676316064506,1.350129222403659,293.33333333333337,1.3500442130426364
110,110,5,recov,0.2592067631592453,1.350129222409059,293.33333333333337,1.3500442130426364
111,111,3,recov,0.25921751669924903,1.3500877369292192,293.33333333333337,1.3500442130426364
112,112,4,recov,0.25921751669835313,1.3500877369326754,293.33333333333337,1.3500442130426364
113,113,5,recov,0.25921751669763643,1.3500877369354403,293.33333333333337,1.3500442130426364
114,114,3,recov,0.2592230225101183,1.350066497035912,293.33333333333337,1.3500442130426364
115,115,4,recov,0.2592230225096596,1.3500664970376814,293.33333333333337,1.3500442130426364
116,116,5,recov,0.2592230225092927,1.350066497039097,293.33333333333337,1.3500442130426364
117,117,3,recov,0.2592258414852833,1.3500556223851574,293.33333333333337,1.3500442130426364
118,118,4,recov,0.25922584148504846,1.3500556223860634,293.33333333333337,1.3500442130426364
119,119,5,recov,0.25922584148486055,1.3500556223867883,293.33333333333337,1.3500442130426364
120,120,3,recov,0.2592272848005677,1.3500500546097454,293.33333333333337,1.3500442130426364
121,121,4,recov,0.2592272848004475,1.3500500546102092,293.33333333333337,1.3500442130426364
122,122,5,recov,0.2592272848003513,1.3500500546105803,293.33333333333337,1.3500442130426364
123,123,3,recov,0.25922802377799337,1.3500472039207336,293.33333333333337,1.3500442130426364
124,124,4,recov,0.2592280237779318,1.350047203920971,293.33333333333337,1.3500442130426364
125,125,5,recov,0.2592280237778825,1.3500472039211613,293.33333333333337,1.3500442130426364
126,126,3,recov,0.25922840213443527,1.3500457443711051,293.33333333333337,1.3500442130426364
127,127,4,recov,0.2592284021344038,1.3500457443712266,293.33333333333337,1.3500442130426364
128,128,5,recov,0.25922840213437853,1.350045744371324,293.33333333333337,1.3500442130426364
129,129,3,recov,0.2592285958529335,1.3500449970825201,293.33333333333337,1.3500442130426364
130,130,4,recov,0.2592285958529174,1.350044997082582,293.33333333333337,1.3500442130426364
131,131,5,recov,0.2592285958529045,1.350044997082632,293.33333333333337,1.3500442130426364
132,132,3,recov,0.2592286950368046,1.3500446144709806,293.33333333333337,1.3500442130426364
133,133,4,recov,0.2592286950367964,1.3500446144710123,293.33333333333337,1.3500442130426364
134,134,5,recov,0.25922869503678975,1.3500446144710379,293.33333333333337,1.3500442130426364
135,135,3,recov,0.2592287458189467,1.3500444185739287,293.33333333333337,1.3500442130426364
136,136,4,recov,0.25922874581894245,1.350044418573945,293.33333333333337,1.3500442130426364
137,137,5,recov,0.25922874581893907,1.3500444185739582,293.33333333333337,1.3500442130426364
138,138,3,recov,0.2592287718194034,1.350044318274653,293.33333333333337,1.3500442130426364
139,139,4,recov,0.25922877181940124,1.3500443182746615,293.33333333333337,1.3500442130426364
140,140,5,recov,0.2592287718193995,1.3500443182746682,293.33333333333337,1.3500442130426364
141,141,3,recov,0.2592287851316372,1.350044266921428,293.33333333333337,1.3500442130426364
142,142,4,recov,0.2592287851316361,1.3500442669214323,293.33333333333337,1.3500442130426364
143,143,5,recov,0.2592287851316352,1.3500442669214359,293.33333333333337,1.3500442130426364
144,144,3,recov,0.2592287919475009,1.350044240628578,293.33333333333337,1.3500442130426364
145,145,4,recov,0.25922879194750037,1.35004424062858,293.33333333333337,1.3500442130426364
146,146,5,recov,0.2592287919474999,1.3500442406285817,293.33333333333337,1.3500442130426364
147,147,3,recov,0.25922879543722316,1.3500442271666389,293.33333333333337,1.3500442130426364
148,148,4,recov,0.2592287954372229,1.3500442271666397,293.33333333333337,1.3500442130426364
149,149,5,recov,0.25922879543722266,1.3500442271666406,293.33333333333337,1.3500442130426364
150,150,3,recov,0.259228797223961,1.3500442202741256,293.33333333333337,1.3500442130426364
151,151,4,recov,0.25922879722396086,1.3500442202741263,293.33333333333337,1.3500442130426364
152,152,5,recov,0.2592287972239608,1.3500442202741265,293.33333333333337,1.3500442130426364
153,153,3,recov,0.2592287981387708,1.350044216745159,293.33333333333337,1.3500442130426364
154,154,4,recov,0.25922879813877076,1.3500442167451592,293.33333333333337,1.3500442130426364
155,155,5,recov,0.25922879813877064,1.3500442167451596,293.33333333333337,1.3500442130426364
156,156,3,recov,0.2592287986071534,1.350044214938328,293.33333333333337,1.3500442130426364
157,157,4,recov,0.25922879860715337,1.3500442149383283,293.33333333333337,1.3500442130426364
158,158,5,recov,0.25922879860715337,1.3500442149383283,293.33333333333337,1.3500442130426364
159,159,3,recov,0.2592287988469653,1.3500442140132307,293.33333333333337,1.3500442130426364
160,160,4,recov,0.2592287988469653,1.3500442140132307,293.33333333333337,1.3500442130426364
161,161,5,recov,0.2592287988469653,1.3500442140132307,293.33333333333337,1.3500442130426364
162,162,3,recov,0.259228798969749,1.350044213539581,293.33333333333337,1.3500442130426364
163,163,4,recov,0.259228798969749,1.350044213539581,293.33333333333337,1.3500442130426364
164,164,5,recov,0.259228798969749,1.350044213539581,293.33333333333337,1.3500442130426364
165,165,3,recov,0.25922879903261425,1.350044213297072,293.33333333333337,1.3500442130426364
166,166,4,recov,0.25922879903261425,1.350044213297072,293.33333333333337,1.3500442130426364
167,167,5,recov,0.25922879903261425,1.350044213297072,293.33333333333337,1.3500442130426364
168,168,3,recov,0.25922879906480123,1.3500442131729078,293.33333333333337,1.3500442130426364
169,169,4,recov,0.25922879906480123,1.3500442131729078,293.33333333333337,1.3500442130426364
170,170,5,recov,0.25922879906480123,1.3500442131729078,293.33333333333337,1.3500442130426364
171,171,3,recov,0.25922879908128105,1.3500442131093353,293.33333333333337,1.3500442130426364
172,172,4,recov,0.25922879908128105,1.3500442131093353,293.33333333333337,1.3500442130426364
173,173,5,recov,0.25922879908128105,1.3500442131093353,293.33333333333337,1.3500442130426364
174,174,3,recov,0.2592287990897187,1.3500442130767862,293.33333333333337,1.3500442130426364
175,175,4,recov,0.2592287990897187,1.3500442130767862,293.33333333333337,1.3500442130426364
176,176,5,recov,0.2592287990897187,1.3500442130767862,293.33333333333337,1.3500442130426364
177,177,3,recov,0.25922879909403873,1.3500442130601213,293.33333333333337,1.3500442130426364
178,178,4,recov,0.25922879909403873,1.3500442130601213,293.33333333333337,1.3500442130426364
179,179,5,recov,0.25922879909403873,1.3500442130601213,293.33333333333337,1.3500442130426364
180,180,3,recov,0.25922879909625063,1.3500442130515886,293.33333333333337,1.3500442130426364
181,181,4,recov,0.25922879909625063,1.3500442130515886,293.33333333333337,1.3500442130426364
182,182,5,recov,0.25922879909625063,1.3500442130515886,293.33333333333337,1.3500442130426364
183,183,3,recov,0.2592287990973831,1.3500442130472199,293.33333333333337,1.3500442130426364
184,184,4,recov,0.2592287990973831,1.3500442130472199,293.33333333333337,1.3500442130426364
185,185,5,recov,0.2592287990973831,1.3500442130472199,293.33333333333337,1.3500442130426364
186,186,3,recov,0.259228799097963,1.350044213044983,293.33333333333337,1.3500442130426364
187,187,4,recov,0.259228799097963,1.350044213044983,293.33333333333337,1.3500442130426364
188,188,5,recov,0.259228799097963,1.350044213044983,293.33333333333337,1.3500442130426364
189,189,3,recov,0.2592287990982598,1.3500442130438381,293.33333333333337,1.3500442130426364
190,190,4,recov,0.2592287990982598,1.3500442130438381,293.33333333333337,1.3500442130426364
191,191,5,recov,0.2592287990982598,1.3500442130438381,293.33333333333337,1.3500442130426364
192,192,3,recov,0.25922879909841184,1.3500442130432515,293.33333333333337,1.3500442130426364
193,193,4,recov,0.25922879909841184,1.3500442130432515,293.33333333333337,1.3500442130426364
194,194,5,recov,0.25922879909841184,1.3500442130432515,293.33333333333337,1.3500442130426364
195,195,3,recov,0.25922879909848967,1.3500442130429513,293.33333333333337,1.3500442130426364
196,196,4,recov,0.25922879909848967,1.3500442130429513,293.33333333333337,1.3500442130426364
197,197,5,recov,0.25922879909848967,1.3500442130429513,293.33333333333337,1.3500442130426364
198,198,3,recov,0.2592287990985295,1.3500442130427976,293.33333333333337,1.3500442130426364
199,199,4,recov,0.2592287990985295,1.3500442130427976,293.33333333333337,1.3500442130426364
200,200,5,recov,0.2592287990985295,1.3500442130427976,293.33333333333337,1.3500442130426364
201,201,3,recov,0.2592287990985499,1.350044213042719,293.33333333333337,1.3500442130426364
202,202,4,recov,0.2592287990985499,1.350044213042719,293.33333333333337,1.3500442130426364
203,203,5,recov,0.2592287990985499,1.350044213042719,293.33333333333337,1.3500442130426364
204,204,3,recov,0.2592287990985604,1.3500442130426784,293.33333333333337,1.3500442130426364
205,205,4,recov,0.2592287990985604,1.3500442130426784,293.33333333333337,1.3500442130426364
206,206,5,recov,0.2592287990985604,1.3500442130426784,293.33333333333337,1.3500442130426364
207,207,3,recov,0.2592287990985657,1.350044213042658,293.33333333333337,1.3500442130426364
208,208,4,recov,0.2592287990985657,1.350044213042658,293.33333333333337,1.3500442130426364
209,209,5,recov,0.2592287990985657,1.350044213042658,293.33333333333337,1.3500442130426364
210,210,3,recov,0.25922879909856844,1.3500442130426475,293.33333333333337,1.3500442130426364
211,211,4,recov,0.25922879909856844,1.3500442130426475,293.33333333333337,1.3500442130426364
212,212,5,recov,0.25922879909856844,1.3500442130426475,293.33333333333337,1.3500442130426364
213,213,3,recov,0.25922879909856983,1.350044213042642,293.33333333333337,1.3500442130426364
214,214,4,recov,0.25922879909856983,1.350044213042642,293.33333333333337,1.3500442130426364
215,215,5,recov,0.25922879909856983,1.350044213042642,293.33333333333337,1.3500442130426364
216,216,3,recov,0.25922879909857055,1.3500442130426393,293.33333333333337,1.3500442130426364
217,217,4,recov,0.25922879909857055,1.3500442130426393,293.33333333333337,1.3500442130426364
218,218,5,recov,0.25922879909857055,1.3500442130426393,293.33333333333337,1.3500442130426364
219,219,3,recov,0.25922879909857094,1.3500442130426378,293.33333333333337,1.3500442130426364
220,220,4,recov,0.25922879909857094,1.3500442130426378,293.33333333333337,1.3500442130426364
221,221,5,recov,0.25922879909857094,1.3500442130426378,293.33333333333337,1.3500442130426364
222,222,3,recov,0.25922879909857116,1.3500442130426369,293.33333333333337,1.3500442130426364
223,223,4,recov,0.25922879909857116,1.3500442130426369,293.33333333333337,1.3500442130426364
224,224,5,recov,0.25922879909857116,1.3500442130426369,293.33333333333337,1.3500442130426364
225,225,3,recov,0.2592287990985712,1.3500442130426367,293.33333333333337,1.3500442130426364
226,226,4,recov,0.2592287990985712,1.3500442130426367,293.33333333333337,1.3500442130426364
227,227,5,recov,0.2592287990985712,1.3500442130426367,293.33333333333337,1.3500442130426364
228,228,3,recov,0.25922879909857127,1.3500442130426364,293.33333333333337,1.3500442130426364
229,229,4,recov,0.25922879909857127,1.3500442130426364,293.33333333333337,1.3500442130426364
230,230,5,recov,0.25922879909857127,1.3500442130426364,293.33333333333337,1.3500442130426364
231,231,3,recov,0.25922879909857127,1.3500442130426364,293.33333333333337,1.3500442130426364
232,232,4,recov,0.25922879909857127,1.3500442130426364,293.33333333333337,1.3500442130426364
233,233,5,recov,0.25922879909857127,1.3500442130426364,293.33333333333337,1.3500442130426364
234,234,3,recov,0.25922879909857127,1.3500442130426364,293.33333333333337,1.3500442130426364
235,235,4,recov,0.25922879909857127,1.3500442130426364,293.33333333333337,1.3500442130426364
236,236,5,recov,0.25922879909857127,1.3500442130426364,293.33333333333337,1.3500442130426364
237,237,3,recov,0.25922879909857127,1.3500442130426364,293.33333333333337,1.3500442130426364
238,238,4,recov,0.25922879909857127,1.3500442130426364,293.33333333333337,1.3500442130426364
239,239,5,recov,0.25922879909857127,1.3500442130426364,293.33333333333337,1.3500442130426364
240,240,3,recov,0.25922879909857127,1.3500442130426364,293.33333333333337,1.3500442130426364
241,241,4,recov,0.25922879909857127,1.3500442130426364,293.33333333333337,1.3500442130426364
242,242,5,recov,0.25922879909857127,1.3500442130426364,293.33333333333337,1.3500442130426364
243,243,3,recov,0.25922879909857127,1.3500442130426364,293.33333333333337,1.3500442130426364
244,244,4,recov,0.25922879909857127,1.3500442130426364,293.33333333333337,1.3500442130426364
245,245,5,recov,0.25922879909857127,1.3500442130426364,293.33333333333337,1.3500442130426364
246,246,3,recov,0.25922879909857127,1.3500442130426364,293.33333333333337,1.3500442130426364
247,247,4,recov,0.25922879909857127,1.3500442130426364,293.33333333333337,1.3500442130426364
248,248,5,recov,0.25922879909857127,1.3500442130426364,293.33333333333337,1.3500442130426364
249,249,3,recov,0.25922879909857127,1.3500442130426364,293.33333333333337,1.3500442130426364
250,250,4,recov,0.25922879909857127,1.3500442130426364,293.33333333333337,1.3500442130426364
251,251,5,recov,0.25922879909857127,1.3500442130426364,293.33333333333337,1.3500442130426364
252,252,3,recov,0.25922879909857127,1.3500442130426364,293.33333333333337,1.3500442130426364
253,253,4,recov,0.25922879909857127,1.3500442130426364,293.33333333333337,1.3500442130426364
254,254,5,recov,0.25922879909857127,1.3500442130426364,293.33333333333337,1.3500442130426364
255,255,3,recov,0.25922879909857127,1.3500442130426364,293.33333333333337,1.3500442130426364
256,256,4,recov,0.25922879909857127,1.3500442130426364,293.33333333333337,1.3500442130426364
257,257,5,recov,0.25922879909857127,1.3500442130426364,293.33333333333337,1.3500442130426364
258,258,3,recov,0.25922879909857127,1.3500442130426364,293.33333333333337,1.3500442130426364
259,259,4,recov,0.25922879909857127,1.3500442130426364,293.33333333333337,1.3500442130426364
260,260,5,recov,0.25922879909857127,1.3500442130426364,293.33333333333337,1.3500442130426364
261,261,3,recov,0.25922879909857127,1.3500442130426364,293.33333333333337,1.3500442130426364
262,262,4,recov,0.25922879909857127,1.3500442130426364,293.33333333333337,1.3500442130426364
263,263,5,recov,0.25922879909857127,1.3500442130426364,293.33333333333337,1.3500442130426364
264,264,3,recov,0.25922879909857127,1.3500442130426364,293.33333333333337,1.3500442130426364
265,265,4,recov,0.25922879909857127,1.3500442130426364,293.33333333333337,1.3500442130426364
266,266,5,recov,0.25922879909857127,1.3500442130426364,293.33333333333337,1.3500442130426364
267,267,3,recov,0.25922879909857127,1.3500442130426364,293.33333333333337,1.3500442130426364
268,268,4,recov,0.25922879909857127,1.3500442130426364,293.33333333333337,1.3500442130426364
269,269,5,recov,0.25922879909857127,1.3500442130426364,293.33333333333337,1.3500442130426364
270,270,3,recov,0.25922879909857127,1.3500442130426364,293.33333333333337,1.3500442130426364
271,271,4,recov,0.25922879909857127,1.3500442130426364,293.33333333333337,1.3500442130426364
272,272,5,recov,0.25922879909857127,1.3500442130426364,293.33333333333337,1.3500442130426364
273,273,3,recov,0.25922879909857127,1.3500442130426364,293.33333333333337,1.3500442130426364
274,274,4,recov,0.25922879909857127,1.3500442130426364,293.33333333333337,1.3500442130426364
275,275,5,recov,0.25922879909857127,1.3500442130426364,293.33333333333337,1.3500442130426364
276,276,3,recov,0.25922879909857127,1.3500442130426364,293.33333333333337,1.3500442130426364
277,277,4,recov,0.25922879909857127,1.3500442130426364,293.33333333333337,1.3500442130426364
278,278,5,recov,0.25922879909857127,1.3500442130426364,293.33333333333337,1.3500442130426364
279,279,3,recov,0.25922879909857127,1.3500442130426364,293.33333333333337,1.3500442130426364
280,280,4,recov,0.25922879909857127,1.3500442130426364,293.33333333333337,1.3500442130426364
281,281,5,recov,0.25922879909857127,1.3500442130426364,293.33333333333337,1.3500442130426364
282,282,3,recov,0.25922879909857127,1.3500442130426364,293.33333333333337,1.3500442130426364
283,283,4,recov,0.25922879909857127,1.3500442130426364,293.33333333333337,1.3500442130426364
284,284,5,recov,0.25922879909857127,1.3500442130426364,293.33333333333337,1.3500442130426364
285,285,3,recov,0.25922879909857127,1.3500442130426364,293.33333333333337,1.3500442130426364
286,286,4,recov,0.25922879909857127,1.3500442130426364,293.33333333333337,1.3500442130426364
287,287,5,recov,0.25922879909857127,1.3500442130426364,293.33333333333337,1.3500442130426364
288,288,3,recov,0.25922879909857127,1.3500442130426364,293.33333333333337,1.3500442130426364
289,289,4,recov,0.25922879909857127,1.3500442130426364,293.33333333333337,1.3500442130426364
290,290,5,recov,0.25922879909857127,1.3500442130426364,293.33333333333337,1.3500442130426364
291,291,3,recov,0.25922879909857127,1.3500442130426364,293.33333333333337,1.3500442130426364
292,292,4,recov,0.25922879909857127,1.3500442130426364,293.33333333333337,1.3500442130426364
293,293,5,recov,0.25922879909857127,1.3500442130426364,293.33333333333337,1.3500442130426364
294,294,3,recov,0.25922879909857127,1.3500442130426364,293.33333333333337,1.3500442130426364
295,295,4,recov,0.25922879909857127,1.3500442130426364,293.33333333333337,1.3500442130426364
296,296,5,recov,0.25922879909857127,1.3500442130426364,293.33333333333337,1.3500442130426364
297,297,3,recov,0.25922879909857127,1.3500442130426364,293.33333333333337,1.3500442130426364
298,298,4,recov,0.25922879909857127,1.3500442130426364,293.33333333333337,1.3500442130426364
299,299,5,recov,0.25922879909857127,1.3500442130426364,293.33333333333337,1.3500442130426364
300,300,3,recov,0.25922879909857127,1.3500442130426364,293.33333333333337,1.3500442130426364
301,301,4,recov,0.25922879909857127,1.3500442130426364,293.33333333333337,1.3500442130426364
302,302,5,recov,0.25922879909857127,1.3500442130426364,293.33333333333337,1.3500442130426364
303,303,3,recov,0.25922879909857127,1.3500442130426364,293.33333333333337,1.3500442130426364
304,304,4,recov,0.25922879909857127,1.3500442130426364,293.33333333333337,1.3500442130426364
305,305,5,recov,0.25922879909857127,1.3500442130426364,293.33333333333337,1.3500442130426364
306,306,3,recov,0.25922879909857127,1.3500442130426364,293.33333333333337,1.3500442130426364
307,307,4,recov,0.25922879909857127,1.3500442130426364,293.33333333333337,1.3500442130426364
308,308,5,recov,0.25922879909857127,1.3500442130426364,293.33333333333337,1.3500442130426364
309,309,3,recov,0.25922879909857127,1.3500442130426364,293.33333333333337,1.3500442130426364
310,310,4,recov,0.25922879909857127,1.3500442130426364,293.33333333333337,1.3500442130426364
311,311,5,recov,0.25922879909857127,1.3500442130426364,293.33333333333337,1.3500442130426364
312,312,3,recov,0.25922879909857127,1.3500442130426364,293.33333333333337,1.3500442130426364
313,313,4,recov,0.25922879909857127,1.3500442130426364,293.33333333333337,1.3500442130426364
314,314,5,recov,0.25922879909857127,1.3500442130426364,293.33333333333337,1.3500442130426364
315,315,3,recov,0.25922879909857127,1.3500442130426364,293.33333333333337,1.3500442130426364
316,316,4,recov,0.25922879909857127,1.3500442130426364,293.33333333333337,1.3500442130426364
317,317,5,recov,0.25922879909857127,1.3500442130426364,293.33333333333337,1.3500442130426364
318,318,3,recov,0.25922879909857127,1.3500442130426364,293.33333333333337,1.3500442130426364
319,319,4,recov,0.25922879909857127,1.3500442130426364,293.33333333333337,1.3500442130426364
320,320,5,recov,0.25922879909857127,1.3500442130426364,293.33333333333337,1.3500442130426364
321,321,3,recov,0.25922879909857127,1.3500442130426364,293.33333333333337,1.3500442130426364
322,322,4,recov,0.25922879909857127,1.3500442130426364,293.33333333333337,1.3500442130426364
323,323,5,recov,0.25922879909857127,1.3500442130426364,293.33333333333337,1.3500442130426364
324,324,3,recov,0.25922879909857127,1.3500442130426364,293.33333333333337,1.3500442130426364
325,325,4,recov,0.25922879909857127,1.3500442130426364,293.33333333333337,1.3500442130426364
326,326,5,recov,0.25922879909857127,1.3500442130426364,293.33333333333337,1.3500442130426364
327,327,3,recov,0.25922879909857127,1.3500442130426364,293.33333333333337,1.3500442130426364
328,328,4,recov,0.25922879909857127,1.3500442130426364,293.33333333333337,1.3500442130426364
329,329,5,recov,0.25922879909857127,1.3500442130426364,293.33333333333337,1.3500442130426364
330,330,3,recov,0.25922879909857127,1.3500442130426364,293.33333333333337,1.3500442130426364
331,331,4,recov,0.25922879909857127,1.3500442130426364,293.33333333333337,1.3500442130426364
332,332,5,recov,0.25922879909857127,1.3500442130426364,293.33333333333337,1.3500442130426364
333,333,3,recov,0.25922879909857127,1.3500442130426364,293.33333333333337,1.3500442130426364
334,334,4,recov,0.25922879909857127,1.3500442130426364,293.33333333333337,1.3500442130426364
335,335,5,recov,0.25922879909857127,1.3500442130426364,293.33333333333337,1.3500442130426364
336,336,3,recov,0.25922879909857127,1.3500442130426364,293.33333333333337,1.3500442130426364
337,337,4,recov,0.25922879909857127,1.3500442130426364,293.33333333333337,1.3500442130426364
338,338,5,recov,0.25922879909857127,1.3500442130426364,293.33333333333337,1.3500442130426364
339,339,3,recov,0.25922879909857127,1.3500442130426364,293.33333333333337,1.3500442130426364
340,340,4,recov,0.25922879909857127,1.3500442130426364,293.33333333333337,1.3500442130426364
341,341,5,recov,0.25922879909857127,1.3500442130426364,293.33333333333337,1.3500442130426364
342,342,3,recov,0.25922879909857127,1.3500442130426364,293.33333333333337,1.3500442130426364
343,343,4,recov,0.25922879909857127,1.3500442130426364,293.33333333333337,1.3500442130426364
344,344,5,recov,0.25922879909857127,1.3500442130426364,293.33333333333337,1.3500442130426364
345,345,3,recov,0.25922879909857127,1.3500442130426364,293.33333333333337,1.3500442130426364
346,346,4,recov,0.25922879909857127,1.3500442130426364,293.33333333333337,1.3500442130426364
347,347,5,recov,0.25922879909857127,1.3500442130426364,293.33333333333337,1.3500442130426364
348,348,3,recov,0.25922879909857127,1.3500442130426364,293.33333333333337,1.3500442130426364
349,349,4,recov,0.25922879909857127,1.3500442130426364,293.33333333333337,1.3500442130426364
350,350,5,recov,0.25922879909857127,1.3500442130426364,293.33333333333337,1.3500442130426364
351,351,3,recov,0.25922879909857127,1.3500442130426364,293.33333333333337,1.3500442130426364
352,352,4,recov,0.25922879909857127,1.3500442130426364,293.33333333333337,1.3500442130426364
353,353,5,recov,0.25922879909857127,1.3500442130426364,293.33333333333337,1.3500442130426364
354,354,3,recov,0.25922879909857127,1.3500442130426364,293.33333333333337,1.3500442130426364
355,355,4,recov,0.25922879909857127,1.3500442130426364,293.33333333333337,1.3500442130426364
356,356,5,recov,0.25922879909857127,1.3500442130426364,293.33333333333337,1.3500442130426364
357,357,3,recov,0.25922879909857127,1.3500442130426364,293.33333333333337,1.3500442130426364
358,358,4,recov,0.25922879909857127,1.3500442130426364,293.33333333333337,1.3500442130426364
359,359,5,recov,0.25922879909857127,1.3500442130426364,293.33333333333337,1.3500442130426364
360,360,0,fam_r,0.00019751135690302202,8.529714471969909,293.33333333333337,1.3500442130426364
361,361,1,fam_r,0.00019751135690302202,8.529714471969909,293.33333333333337,1.3500442130426364
362,362,2,fam_r,0.00019751135690302202,8.529714471969909,293.33333333333337,1.3500442130426364
363,363,0,fam_r,0.12660477977483714,2.0666850150492384,293.33333333333337,1.3500442130426364
364,364,1,fam_r,0.12660477977483714,2.0666850150492384,293.33333333333337,1.3500442130426364
365,365,2,fam_r,0.12660477977483714,2.0666850150492384,293.33333333333337,1.3500442130426364
366,366,0,fam_r,0.1913253012048194,1.6537801519776076,293.33333333333337,1.3500442130426364
367,367,1,fam_r,0.1913253012048194,1.6537801519776076,293.33333333333337,1.3500442130426364
368,368,2,fam_r,0.1913253012048194,1.6537801519776076,293.33333333333337,1.3500442130426364
369,369,0,fam_r,0.2244622081769703,1.4940479237119964,293.33333333333337,1.3500442130426364
370,370,1,fam_r,0.2244622081769703,1.4940479237119964,293.33333333333337,1.3500442130426364
371,371,2,fam_r,0.2244622081769703,1.4940479237119964,293.33333333333337,1.3500442130426364
372,372,0,fam_r,0.2414283045467116,1.421182725548764,293.33333333333337,1.3500442130426364
373,373,1,fam_r,0.2414283045467116,1.421182725548764,293.33333333333337,1.3500442130426364
374,374,2,fam_r,0.2414283045467116,1.421182725548764,293.33333333333337,1.3500442130426364
0,0,0,fam,0.015873015873015872,4.143134726391533,366.6666666666667,1.3500442130426364
1,1,1,fam,0.0009407337723424271,6.968850378341948,366.6666666666667,1.3500442130426364
2,2,2,fam,0.0005367686527106817,7.529943370601589,366.6666666666667,1.3500442130426364
3,3,0,fam,0.2560926887734718,1.3622158345111044,366.6666666666667,1.3500442130426364
4,4,1,fam,0.21260364842454396,1.5483256522406157,366.6666666666667,1.3500442130426364
5,5,2,fam,0.1871751445424283,1.6757104986342006,366.6666666666667,1.3500442130426364
6,6,0,fam,0.25815770678094385,1.35418461421504,366.6666666666667,1.3500442130426364
7,7,1,fam,0.24129987265919092,1.4217148340794672,366.6666666666667,1.3500442130426364
8,8,2,fam,0.22932009437567777,1.472636459396262,366.6666666666667,1.3500442130426364
9,9,0,fam,0.25876026787571593,1.3518532525784297,366.6666666666667,1.3500442130426364
10,10,1,fam,0.25108699683644553,1.38195579896057,366.6666666666667,1.3500442130426364
11,11,2,fam,0.2452684488775364,1.4054019585849222,366.6666666666667,1.3500442130426364
12,12,0,fam,0.25900555754514976,1.3509057598095315,366.6666666666667,1.3500442130426364
13,13,1,fam,0.255288290934085,1.365361819734445,366.6666666666667,1.3500442130426364
14,14,2,fam,0.25239043027562463,1.3767780639481915,366.6666666666667,1.3500442130426364
15,15,0,fam,0.25911842104209326,1.3504700976769417,366.6666666666667,1.3500442130426364
16,16,1,fam,0.25726624048092905,1.357643775139462,366.6666666666667,1.3500442130426364
17,17,2,fam,0.25580345237021623,1.3633458935632774,366.6666666666667,1.3500442130426364
18,18,0,fam,0.25917326115246003,1.3502584789593146,366.6666666666667,1.3500442130426364
19,19,1,fam,0.25823779645869294,1.3538744268571379,366.6666666666667,1.3500442130426364
20,20,2,fam,0.2574942728404974,1.3567578005218162,366.6666666666667,1.3500442130426364
21,21,0,fam,0.2592006128055287,1.3501529502879515,366.6666666666667,1.3500442130426364
22,22,1,fam,0.2587249556187086,1.3519897289663878,366.6666666666667,1.3500442130426364
23,23,2,fam,0.258345684966812,1.353456726665138,366.6666666666667,1.3500442130426364
24,24,0,fam,0.25921443216456613,1.3500996364068256,366.6666666666667,1.3500442130426364
25,25,1,fam,0.2589717520055842,1.351036288846191,366.6666666666667,1.3500442130426364
26,26,2,fam,0.25877793480232303,1.3517849796411952,366.6666666666667,1.3500442130426364
27,27,0,fam,0.2592214600092076,1.3500725246857894,366.6666666666667,1.3500442130426364
28,28,1,fam,0.2590974310606805,1.3505511063197266,366.6666666666667,1.3500442130426364
29,29,2,fam,0.25899829332419777,1.350933806786172,366.6666666666667,1.3500442130426364
30,30,0,fam,0.2592250458686595,1.3500586915924564,366.6666666666667,1.3500442130426364
31,31,1,fam,0.25916160142363853,1.35030346813394,366.6666666666667,1.3500442130426364
32,32,2,fam,0.2591108682232928,1.3504992462370768,366.6666666666667,1.3500442130426364
33,33,0,fam,0.2592268785920285,1.3500516216085967,366.6666666666667,1.3500442130426364
34,34,1,fam,0.2591944103180851,1.3501768798673928,366.6666666666667,1.3500442130426364
35,35,2,fam,0.259168441554341,1.3502770751791209,366.6666666666667,1.3500442130426364
36,36,0,fam,0.25922781609967416,1.3500480050625214,366.6666666666667,1.3500442130426364
37,37,1,fam,0.25921119634663814,1.3501121196551453,366.6666666666667,1.3500442130426364
38,38,2,fam,0.25919790207850035,1.350163408369719,366.6666666666667,1.3500442130426364
39,39,0,fam,0.25922829588186147,1.3500461542513293,366.6666666666667,1.3500442130426364
40,40,1,fam,0.2592197876173473,1.350078976301543,366.6666666666667,1.3500442130426364
41,41,2,fam,0.25921298140785143,1.3501052331660892,366.6666666666667,1.3500442130426364
42,42,0,fam,0.2592285414722484,1.3500452068614244,366.6666666666667,1.3500442130426364
43,43,1,fam,0.2592241855157657,1.3500620105399703,366.6666666666667,1.3500442130426364
44,44,2,fam,0.25922070085597965,1.3500754532795083,366.6666666666667,1.3500442130426364
45,45,0,fam,0.25922866719930193,1.3500447218568707,366.6666666666667,1.3500442130426364
46,46,1,fam,0.2592264370216521,1.3500533250228217,366.6666666666667,1.3500442130426364
47,47,2,fam,0.2592246529071606,1.3500602075022923,366.6666666666667,1.3500442130426364
48,48,0,fam,0.25922873156756293,1.3500444735500237,366.6666666666667,1.3500442130426364
49,49,1,fam,0.25922758973549787,1.3500488782877738,366.6666666666667,1.3500442130426364
50,50,2,fam,0.2592266762770881,1.3500524020640048,366.6666666666667,1.3500442130426364
51,51,0,fam,0.2592287645230666,1.3500443464209768,366.6666666666667,1.3500442130426364
52,52,1,fam,0.2592281799100014,1.3500466016248909,366.6666666666667,1.3500442130426364
53,53,2,fam,0.2592277122214478,1.3500484057843603,366.6666666666667,1.3500442130426364
54,54,0,fam,0.2592287813960102,1.350044281331969,366.6666666666667,1.3500442130426364
55,55,1,fam,0.259228482075419,1.3500454359906549,366.6666666666667,1.3500442130426364
56,56,2,fam,0.2592282426194437,1.3500463597166434,366.6666666666667,1.3500442130426364
57,57,0,fam,0.2592287900348854,1.350044248006676,366.6666666666667,1.3500442130426364
58,58,1,fam,0.259228636783083,1.3500448391904243,366.6666666666667,1.3500442130426364
59,59,2,fam,0.2592285141817716,1.350045312137171,366.6666666666667,1.3500442130426364
60,60,0,fam,0.25922879445797076,1.3500442309441991,366.6666666666667,1.3500442130426364
61,61,1,fam,0.2592287159931371,1.3500445336298852,366.6666666666667,1.3500442130426364
62,62,2,fam,0.25922865322130445,1.350044775778368,366.6666666666667,1.3500442130426364
63,63,0,fam,0.2592287967225854,1.3500442222082303,366.6666666666667,1.3500442130426364
64,64,1,fam,0.259228756548614,1.3500443771831985,366.6666666666667,1.3500442130426364
65,65,2,fam,0.25922872440944583,1.3500445011631559,366.6666666666667,1.3500442130426364
66,66,3,recov,0.00019751143526284797,8.529714075234189,366.6666666666667,1.3500442130426364
67,67,4,recov,0.00019751141959087782,8.529714154581345,366.6666666666667,1.3500442130426364
68,68,5,recov,0.00019751140705330343,8.529714218059066,366.6666666666667,1.3500442130426364
69,69,3,recov,0.12660480549190015,2.0666848119205694,366.6666666666667,1.3500442130426364
70,70,4,recov,0.1266048003484867,2.066684852546307,366.6666666666667,1.3500442130426364
71,71,5,recov,0.12660479623375623,2.0666848850468953,366.6666666666667,1.3500442130426364
72,72,3,recov,0.1913253211030101,1.6537800479757347,366.6666666666667,1.3500442130426364
73,73,4,recov,0.19132531712337159,1.6537800687761104,366.6666666666667,1.3500442130426364
74,74,5,recov,0.19132531393966087,1.6537800854164106,366.6666666666667,1.3500442130426364
75,75,3,recov,0.2244622201293491,1.4940478704630393,366.6666666666667,1.3500442130426364
76,76,4,recov,0.22446221773887326,1.4940478811128308,366.6666666666667,1.3500442130426364
77,77,5,recov,0.2244622158264926,1.4940478896326643,366.6666666666667,1.3500442130426364
78,78,3,recov,0.24142831112888394,1.4211826982852984,366.6666666666667,1.3500442130426364
79,79,4,recov,0.24142830981244942,1.4211827037379918,366.6666666666667,1.3500442130426364
80,80,5,recov,0.2414283087593018,1.4211827081001465,366.6666666666667,1.3500442130426364
81,81,3,recov,0.2501149493793471,1.3858346692769894,366.6666666666667,1.3500442130426364
82,82,4,recov,0.2501149486810814,1.3858346720687684,366.6666666666667,1.3500442130426364
83,83,5,recov,0.250114948122469,1.3858346743021912,366.6666666666667,1.3500442130426364
84,84,3,recov,0.25456250807411496,1.3682088618558927,366.6666666666667,1.3500442130426364
85,85,4,recov,0.2545625077102457,1.3682088632852836,366.6666666666667,1.3500442130426364
86,86,5,recov,0.2545625074191502,1.3682088644287962,366.6666666666667,1.3500442130426364
87,87,3,recov,0.25683965810238224,1.3593032872268442,366.6666666666667,1.3500442130426364
88,88,4,recov,0.25683965791441465,1.3593032879586924,366.6666666666667,1.3500442130426364
89,89,5,recov,0.25683965776404055,1.359303288544171,366.6666666666667,1.3500442130426364
90,90,3,recov,0.2580055589107067,1.3547741481271052,366.6666666666667,1.3500442130426364
91,91,4,recov,0.2580055588140304,1.3547741485018112,366.6666666666667,1.3500442130426364
92,92,5,recov,0.25800555873668946,1.354774148801576,366.6666666666667,1.3500442130426364
93,93,3,recov,0.2586025001229572,1.3524631447755795,366.6666666666667,1.3500442130426364
94,94,4,recov,0.25860250007334445,1.352463144967429,366.6666666666667,1.3500442130426364
95,95,5,recov,0.2586025000336542,1.3524631451209088,366.6666666666667,1.3500442130426364
96,96,3,recov,0.2589081340232069,1.3512819750928038,366.6666666666667,1.3500442130426364
97,97,4,recov,0.2589081339977752,1.3512819751910305,366.6666666666667,1.3500442130426364
98,98,5,recov,0.25890813397742973,1.3512819752696124,366.6666666666667,1.3500442130426364
99,99,3,recov,0.259064618580024,1.3506777558137337,366.6666666666667,1.3500442130426364
100,100,4,recov,0.2590646185669951,1.350677755864026,366.6666666666667,1.3500442130426364
101,101,5,recov,0.2590646185565719,1.3506777559042598,366.6666666666667,1.3500442130426364
102,102,3,recov,0.2591447386730853,1.3503685367979894,366.6666666666667,1.3500442130426364
103,103,4,recov,0.2591447386664124,1.350368536823739,366.6666666666667,1.3500442130426364
104,104,5,recov,0.25914473866107407,1.3503685368443388,366.6666666666667,1.3500442130426364
105,105,3,recov,0.2591857601607251,1.350210253664669,366.6666666666667,1.3500442130426364
106,106,4,recov,0.25918576015730804,1.3502102536778529,366.6666666666667,1.3500442130426364
107,107,5,recov,0.2591857601545744,1.3502102536884,366.6666666666667,1.3500442130426364
108,108,3,recov,0.2592067631623947,1.350129222396909,366.6666666666667,1.3500442130426364
109,109,4,recov,0.25920676316064506,1.350129222403659,366.6666666666667,1.3500442130426364
110,110,5,recov,0.2592067631592453,1.350129222409059,366.6666666666667,1.3500442130426364
111,111,3,recov,0.25921751669924903,1.3500877369292192,366.6666666666667,1.3500442130426364
112,112,4,recov,0.25921751669835313,1.3500877369326754,366.6666666666667,1.3500442130426364
113,113,5,recov,0.25921751669763643,1.3500877369354403,366.6666666666667,1.3500442130426364
114,114,3,recov,0.2592230225101183,1.350066497035912,366.6666666666667,1.3500442130426364
115,115,4,recov,0.2592230225096596,1.3500664970376814,366.6666666666667,1.3500442130426364
116,116,5,recov,0.2592230225092927,1.350066497039097,366.6666666666667,1.3500442130426364
117,117,3,recov,0.2592258414852833,1.3500556223851574,366.6666666666667,1.3500442130426364
118,118,4,recov,0.25922584148504846,1.3500556223860634,366.6666666666667,1.3500442130426364
119,119,5,recov,0.25922584148486055,1.3500556223867883,366.6666666666667,1.3500442130426364
120,120,3,recov,0.2592272848005677,1.3500500546097454,366.6666666666667,1.3500442130426364
121,121,4,recov,0.2592272848004475,1.3500500546102092,366.6666666666667,1.3500442130426364
122,122,5,recov,0.2592272848003513,1.3500500546105803,366.6666666666667,1.3500442130426364
123,123,3,recov,0.25922802377799337,1.3500472039207336,366.6666666666667,1.3500442130426364
124,124,4,recov,0.2592280237779318,1.350047203920971,366.6666666666667,1.3500442130426364
125,125,5,recov,0.2592280237778825,1.3500472039211613,366.6666666666667,1.3500442130426364
126,126,3,recov,0.25922840213443527,1.3500457443711051,366.6666666666667,1.3500442130426364
127,127,4,recov,0.2592284021344038,1.3500457443712266,366.6666666666667,1.3500442130426364
128,128,5,recov,0.25922840213437853,1.350045744371324,366.6666666666667,1.3500442130426364
129,129,3,recov,0.2592285958529335,1.3500449970825201,366.6666666666667,1.3500442130426364
130,130,4,recov,0.2592285958529174,1.350044997082582,366.6666666666667,1.3500442130426364
131,131,5,recov,0.2592285958529045,1.350044997082632,366.6666666666667,1.3500442130426364
132,132,3,recov,0.2592286950368046,1.3500446144709806,366.6666666666667,1.3500442130426364
133,133,4,recov,0.2592286950367964,1.3500446144710123,366.6666666666667,1.3500442130426364
134,134,5,recov,0.25922869503678975,1.3500446144710379,366.6666666666667,1.3500442130426364
135,135,3,recov,0.2592287458189467,1.3500444185739287,366.6666666666667,1.3500442130426364
136,136,4,recov,0.25922874581894245,1.350044418573945,366.6666666666667,1.3500442130426364
137,137,5,recov,0.25922874581893907,1.3500444185739582,366.6666666666667,1.3500442130426364
138,138,3,recov,0.2592287718194034,1.350044318274653,366.6666666666667,1.3500442130426364
139,139,4,recov,0.25922877181940124,1.3500443182746615,366.6666666666667,1.3500442130426364
140,140,5,recov,0.2592287718193995,1.3500443182746682,366.6666666666667,1.3500442130426364
141,141,3,recov,0.2592287851316372,1.350044266921428,366.6666666666667,1.3500442130426364
142,142,4,recov,0.2592287851316361,1.3500442669214323,366.6666666666667,1.3500442130426364
143,143,5,recov,0.2592287851316352,1.3500442669214359,366.6666666666667,1.3500442130426364
144,144,3,recov,0.2592287919475009,1.350044240628578,366.6666666666667,1.3500442130426364
145,145,4,recov,0.25922879194750037,1.35004424062858,366.6666666666667,1.3500442130426364
146,146,5,recov,0.2592287919474999,1.3500442406285817,366.6666666666667,1.3500442130426364
147,147,3,recov,0.25922879543722316,1.3500442271666389,366.6666666666667,1.3500442130426364
148,148,4,recov,0.2592287954372229,1.3500442271666397,366.6666666666667,1.3500442130426364
149,149,5,recov,0.25922879543722266,1.3500442271666406,366.6666666666667,1.3500442130426364
150,150,3,recov,0.259228797223961,1.3500442202741256,366.6666666666667,1.3500442130426364
151,151,4,recov,0.25922879722396086,1.3500442202741263,366.6666666666667,1.3500442130426364
152,152,5,recov,0.2592287972239608,1.3500442202741265,366.6666666666667,1.3500442130426364
153,153,3,recov,0.2592287981387708,1.350044216745159,366.6666666666667,1.3500442130426364
154,154,4,recov,0.25922879813877076,1.3500442167451592,366.6666666666667,1.3500442130426364
155,155,5,recov,0.25922879813877064,1.3500442167451596,366.6666666666667,1.3500442130426364
156,156,3,recov,0.2592287986071534,1.350044214938328,366.6666666666667,1.3500442130426364
157,157,4,recov,0.25922879860715337,1.3500442149383283,366.6666666666667,1.3500442130426364
158,158,5,recov,0.25922879860715337,1.3500442149383283,366.6666666666667,1.3500442130426364
159,159,3,recov,0.2592287988469653,1.3500442140132307,366.6666666666667,1.3500442130426364
160,160,4,recov,0.2592287988469653,1.3500442140132307,366.6666666666667,1.3500442130426364
161,161,5,recov,0.2592287988469653,1.3500442140132307,366.6666666666667,1.3500442130426364
162,162,3,recov,0.259228798969749,1.350044213539581,366.6666666666667,1.3500442130426364
163,163,4,recov,0.259228798969749,1.350044213539581,366.6666666666667,1.3500442130426364
164,164,5,recov,0.259228798969749,1.350044213539581,366.6666666666667,1.3500442130426364
165,165,3,recov,0.25922879903261425,1.350044213297072,366.6666666666667,1.3500442130426364
166,166,4,recov,0.25922879903261425,1.350044213297072,366.6666666666667,1.3500442130426364
167,167,5,recov,0.25922879903261425,1.350044213297072,366.6666666666667,1.3500442130426364
168,168,3,recov,0.25922879906480123,1.3500442131729078,366.6666666666667,1.3500442130426364
169,169,4,recov,0.25922879906480123,1.3500442131729078,366.6666666666667,1.3500442130426364
170,170,5,recov,0.25922879906480123,1.3500442131729078,366.6666666666667,1.3500442130426364
171,171,3,recov,0.25922879908128105,1.3500442131093353,366.6666666666667,1.3500442130426364
172,172,4,recov,0.25922879908128105,1.3500442131093353,366.6666666666667,1.3500442130426364
173,173,5,recov,0.25922879908128105,1.3500442131093353,366.6666666666667,1.3500442130426364
174,174,3,recov,0.2592287990897187,1.3500442130767862,366.6666666666667,1.3500442130426364
175,175,4,recov,0.2592287990897187,1.3500442130767862,366.6666666666667,1.3500442130426364
176,176,5,recov,0.2592287990897187,1.3500442130767862,366.6666666666667,1.3500442130426364
177,177,3,recov,0.25922879909403873,1.3500442130601213,366.6666666666667,1.3500442130426364
178,178,4,recov,0.25922879909403873,1.3500442130601213,366.6666666666667,1.3500442130426364
179,179,5,recov,0.25922879909403873,1.3500442130601213,366.6666666666667,1.3500442130426364
180,180,3,recov,0.25922879909625063,1.3500442130515886,366.6666666666667,1.3500442130426364
181,181,4,recov,0.25922879909625063,1.3500442130515886,366.6666666666667,1.3500442130426364
182,182,5,recov,0.25922879909625063,1.3500442130515886,366.6666666666667,1.3500442130426364
183,183,3,recov,0.2592287990973831,1.3500442130472199,366.6666666666667,1.3500442130426364
184,184,4,recov,0.2592287990973831,1.3500442130472199,366.6666666666667,1.3500442130426364
185,185,5,recov,0.2592287990973831,1.3500442130472199,366.6666666666667,1.3500442130426364
186,186,3,recov,0.259228799097963,1.350044213044983,366.6666666666667,1.3500442130426364
187,187,4,recov,0.259228799097963,1.350044213044983,366.6666666666667,1.3500442130426364
188,188,5,recov,0.259228799097963,1.350044213044983,366.6666666666667,1.3500442130426364
189,189,3,recov,0.2592287990982598,1.3500442130438381,366.6666666666667,1.3500442130426364
190,190,4,recov,0.2592287990982598,1.3500442130438381,366.6666666666667,1.3500442130426364
191,191,5,recov,0.2592287990982598,1.3500442130438381,366.6666666666667,1.3500442130426364
192,192,3,recov,0.25922879909841184,1.3500442130432515,366.6666666666667,1.3500442130426364
193,193,4,recov,0.25922879909841184,1.3500442130432515,366.6666666666667,1.3500442130426364
194,194,5,recov,0.25922879909841184,1.3500442130432515,366.6666666666667,1.3500442130426364
195,195,3,recov,0.25922879909848967,1.3500442130429513,366.6666666666667,1.3500442130426364
196,196,4,recov,0.25922879909848967,1.3500442130429513,366.6666666666667,1.3500442130426364
197,197,5,recov,0.25922879909848967,1.3500442130429513,366.6666666666667,1.3500442130426364
198,198,3,recov,0.2592287990985295,1.3500442130427976,366.6666666666667,1.3500442130426364
199,199,4,recov,0.2592287990985295,1.3500442130427976,366.6666666666667,1.3500442130426364
200,200,5,recov,0.2592287990985295,1.3500442130427976,366.6666666666667,1.3500442130426364
201,201,3,recov,0.2592287990985499,1.350044213042719,366.6666666666667,1.3500442130426364
202,202,4,recov,0.2592287990985499,1.350044213042719,366.6666666666667,1.3500442130426364
203,203,5,recov,0.2592287990985499,1.350044213042719,366.6666666666667,1.3500442130426364
204,204,3,recov,0.2592287990985604,1.3500442130426784,366.6666666666667,1.3500442130426364
205,205,4,recov,0.2592287990985604,1.3500442130426784,366.6666666666667,1.3500442130426364
206,206,5,recov,0.2592287990985604,1.3500442130426784,366.6666666666667,1.3500442130426364
207,207,3,recov,0.2592287990985657,1.350044213042658,366.6666666666667,1.3500442130426364
208,208,4,recov,0.2592287990985657,1.350044213042658,366.6666666666667,1.3500442130426364
209,209,5,recov,0.2592287990985657,1.350044213042658,366.6666666666667,1.3500442130426364
210,210,3,recov,0.25922879909856844,1.3500442130426475,366.6666666666667,1.3500442130426364
211,211,4,recov,0.25922879909856844,1.3500442130426475,366.6666666666667,1.3500442130426364
212,212,5,recov,0.25922879909856844,1.3500442130426475,366.6666666666667,1.3500442130426364
213,213,3,recov,0.25922879909856983,1.350044213042642,366.6666666666667,1.3500442130426364
214,214,4,recov,0.25922879909856983,1.350044213042642,366.6666666666667,1.3500442130426364
215,215,5,recov,0.25922879909856983,1.350044213042642,366.6666666666667,1.3500442130426364
216,216,3,recov,0.25922879909857055,1.3500442130426393,366.6666666666667,1.3500442130426364
217,217,4,recov,0.25922879909857055,1.3500442130426393,366.6666666666667,1.3500442130426364
218,218,5,recov,0.25922879909857055,1.3500442130426393,366.6666666666667,1.3500442130426364
219,219,3,recov,0.25922879909857094,1.3500442130426378,366.6666666666667,1.3500442130426364
220,220,4,recov,0.25922879909857094,1.3500442130426378,366.6666666666667,1.3500442130426364
221,221,5,recov,0.25922879909857094,1.3500442130426378,366.6666666666667,1.3500442130426364
222,222,3,recov,0.25922879909857116,1.3500442130426369,366.6666666666667,1.3500442130426364
223,223,4,recov,0.25922879909857116,1.3500442130426369,366.6666666666667,1.3500442130426364
224,224,5,recov,0.25922879909857116,1.3500442130426369,366.6666666666667,1.3500442130426364
225,225,3,recov,0.2592287990985712,1.3500442130426367,366.6666666666667,1.3500442130426364
226,226,4,recov,0.2592287990985712,1.3500442130426367,366.6666666666667,1.3500442130426364
227,227,5,recov,0.2592287990985712,1.3500442130426367,366.6666666666667,1.3500442130426364
228,228,3,recov,0.25922879909857127,1.3500442130426364,366.6666666666667,1.3500442130426364
229,229,4,recov,0.25922879909857127,1.3500442130426364,366.6666666666667,1.3500442130426364
230,230,5,recov,0.25922879909857127,1.3500442130426364,366.6666666666667,1.3500442130426364
231,231,3,recov,0.25922879909857127,1.3500442130426364,366.6666666666667,1.3500442130426364
232,232,4,recov,0.25922879909857127,1.3500442130426364,366.6666666666667,1.3500442130426364
233,233,5,recov,0.25922879909857127,1.3500442130426364,366.6666666666667,1.3500442130426364
234,234,3,recov,0.25922879909857127,1.3500442130426364,366.6666666666667,1.3500442130426364
235,235,4,recov,0.25922879909857127,1.3500442130426364,366.6666666666667,1.3500442130426364
236,236,5,recov,0.25922879909857127,1.3500442130426364,366.6666666666667,1.3500442130426364
237,237,3,recov,0.25922879909857127,1.3500442130426364,366.6666666666667,1.3500442130426364
238,238,4,recov,0.25922879909857127,1.3500442130426364,366.6666666666667,1.3500442130426364
239,239,5,recov,0.25922879909857127,1.3500442130426364,366.6666666666667,1.3500442130426364
240,240,3,recov,0.25922879909857127,1.3500442130426364,366.6666666666667,1.3500442130426364
241,241,4,recov,0.25922879909857127,1.3500442130426364,366.6666666666667,1.3500442130426364
242,242,5,recov,0.25922879909857127,1.3500442130426364,366.6666666666667,1.3500442130426364
243,243,3,recov,0.25922879909857127,1.3500442130426364,366.6666666666667,1.3500442130426364
244,244,4,recov,0.25922879909857127,1.3500442130426364,366.6666666666667,1.3500442130426364
245,245,5,recov,0.25922879909857127,1.3500442130426364,366.6666666666667,1.3500442130426364
246,246,3,recov,0.25922879909857127,1.3500442130426364,366.6666666666667,1.3500442130426364
247,247,4,recov,0.25922879909857127,1.3500442130426364,366.6666666666667,1.3500442130426364
248,248,5,recov,0.25922879909857127,1.3500442130426364,366.6666666666667,1.3500442130426364
249,249,3,recov,0.25922879909857127,1.3500442130426364,366.6666666666667,1.3500442130426364
250,250,4,recov,0.25922879909857127,1.3500442130426364,366.6666666666667,1.3500442130426364
251,251,5,recov,0.25922879909857127,1.3500442130426364,366.6666666666667,1.3500442130426364
252,252,3,recov,0.25922879909857127,1.3500442130426364,366.6666666666667,1.3500442130426364
253,253,4,recov,0.25922879909857127,1.3500442130426364,366.6666666666667,1.3500442130426364
254,254,5,recov,0.25922879909857127,1.3500442130426364,366.6666666666667,1.3500442130426364
255,255,3,recov,0.25922879909857127,1.3500442130426364,366.6666666666667,1.3500442130426364
256,256,4,recov,0.25922879909857127,1.3500442130426364,366.6666666666667,1.3500442130426364
257,257,5,recov,0.25922879909857127,1.3500442130426364,366.6666666666667,1.3500442130426364
258,258,3,recov,0.25922879909857127,1.3500442130426364,366.6666666666667,1.3500442130426364
259,259,4,recov,0.25922879909857127,1.3500442130426364,366.6666666666667,1.3500442130426364
260,260,5,recov,0.25922879909857127,1.3500442130426364,366.6666666666667,1.3500442130426364
261,261,3,recov,0.25922879909857127,1.3500442130426364,366.6666666666667,1.3500442130426364
262,262,4,recov,0.25922879909857127,1.3500442130426364,366.6666666666667,1.3500442130426364
263,263,5,recov,0.25922879909857127,1.3500442130426364,366.6666666666667,1.3500442130426364
264,264,3,recov,0.25922879909857127,1.3500442130426364,366.6666666666667,1.3500442130426364
265,265,4,recov,0.25922879909857127,1.3500442130426364,366.6666666666667,1.3500442130426364
266,266,5,recov,0.25922879909857127,1.3500442130426364,366.6666666666667,1.3500442130426364
267,267,3,recov,0.25922879909857127,1.3500442130426364,366.6666666666667,1.3500442130426364
268,268,4,recov,0.25922879909857127,1.3500442130426364,366.6666666666667,1.3500442130426364
269,269,5,recov,0.25922879909857127,1.3500442130426364,366.6666666666667,1.3500442130426364
270,270,3,recov,0.25922879909857127,1.3500442130426364,366.6666666666667,1.3500442130426364
271,271,4,recov,0.25922879909857127,1.3500442130426364,366.6666666666667,1.3500442130426364
272,272,5,recov,0.25922879909857127,1.3500442130426364,366.6666666666667,1.3500442130426364
273,273,3,recov,0.25922879909857127,1.3500442130426364,366.6666666666667,1.3500442130426364
274,274,4,recov,0.25922879909857127,1.3500442130426364,366.6666666666667,1.3500442130426364
275,275,5,recov,0.25922879909857127,1.3500442130426364,366.6666666666667,1.3500442130426364
276,276,3,recov,0.25922879909857127,1.3500442130426364,366.6666666666667,1.3500442130426364
277,277,4,recov,0.25922879909857127,1.3500442130426364,366.6666666666667,1.3500442130426364
278,278,5,recov,0.25922879909857127,1.3500442130426364,366.6666666666667,1.3500442130426364
279,279,3,recov,0.25922879909857127,1.3500442130426364,366.6666666666667,1.3500442130426364
280,280,4,recov,0.25922879909857127,1.3500442130426364,366.6666666666667,1.3500442130426364
281,281,5,recov,0.25922879909857127,1.3500442130426364,366.6666666666667,1.3500442130426364
282,282,3,recov,0.25922879909857127,1.3500442130426364,366.6666666666667,1.3500442130426364
283,283,4,recov,0.25922879909857127,1.3500442130426364,366.6666666666667,1.3500442130426364
284,284,5,recov,0.25922879909857127,1.3500442130426364,366.6666666666667,1.3500442130426364
285,285,3,recov,0.25922879909857127,1.3500442130426364,366.6666666666667,1.3500442130426364
286,286,4,recov,0.25922879909857127,1.3500442130426364,366.6666666666667,1.3500442130426364
287,287,5,recov,0.25922879909857127,1.3500442130426364,366.6666666666667,1.3500442130426364
288,288,3,recov,0.25922879909857127,1.3500442130426364,366.6666666666667,1.3500442130426364
289,289,4,recov,0.25922879909857127,1.3500442130426364,366.6666666666667,1.3500442130426364
290,290,5,recov,0.25922879909857127,1.3500442130426364,366.6666666666667,1.3500442130426364
291,291,3,recov,0.25922879909857127,1.3500442130426364,366.6666666666667,1.3500442130426364
292,292,4,recov,0.25922879909857127,1.3500442130426364,366.6666666666667,1.3500442130426364
293,293,5,recov,0.25922879909857127,1.3500442130426364,366.6666666666667,1.3500442130426364
294,294,3,recov,0.25922879909857127,1.3500442130426364,366.6666666666667,1.3500442130426364
295,295,4,recov,0.25922879909857127,1.3500442130426364,366.6666666666667,1.3500442130426364
296,296,5,recov,0.25922879909857127,1.3500442130426364,366.6666666666667,1.3500442130426364
297,297,3,recov,0.25922879909857127,1.3500442130426364,366.6666666666667,1.3500442130426364
298,298,4,recov,0.25922879909857127,1.3500442130426364,366.6666666666667,1.3500442130426364
299,299,5,recov,0.25922879909857127,1.3500442130426364,366.6666666666667,1.3500442130426364
300,300,3,recov,0.25922879909857127,1.3500442130426364,366.6666666666667,1.3500442130426364
301,301,4,recov,0.25922879909857127,1.3500442130426364,366.6666666666667,1.3500442130426364
302,302,5,recov,0.25922879909857127,1.3500442130426364,366.6666666666667,1.3500442130426364
303,303,3,recov,0.25922879909857127,1.3500442130426364,366.6666666666667,1.3500442130426364
304,304,4,recov,0.25922879909857127,1.3500442130426364,366.6666666666667,1.3500442130426364
305,305,5,recov,0.25922879909857127,1.3500442130426364,366.6666666666667,1.3500442130426364
306,306,3,recov,0.25922879909857127,1.3500442130426364,366.6666666666667,1.3500442130426364
307,307,4,recov,0.25922879909857127,1.3500442130426364,366.6666666666667,1.3500442130426364
308,308,5,recov,0.25922879909857127,1.3500442130426364,366.6666666666667,1.3500442130426364
309,309,3,recov,0.25922879909857127,1.3500442130426364,366.6666666666667,1.3500442130426364
310,310,4,recov,0.25922879909857127,1.3500442130426364,366.6666666666667,1.3500442130426364
311,311,5,recov,0.25922879909857127,1.3500442130426364,366.6666666666667,1.3500442130426364
312,312,3,recov,0.25922879909857127,1.3500442130426364,366.6666666666667,1.3500442130426364
313,313,4,recov,0.25922879909857127,1.3500442130426364,366.6666666666667,1.3500442130426364
314,314,5,recov,0.25922879909857127,1.3500442130426364,366.6666666666667,1.3500442130426364
315,315,3,recov,0.25922879909857127,1.3500442130426364,366.6666666666667,1.3500442130426364
316,316,4,recov,0.25922879909857127,1.3500442130426364,366.6666666666667,1.3500442130426364
317,317,5,recov,0.25922879909857127,1.3500442130426364,366.6666666666667,1.3500442130426364
318,318,3,recov,0.25922879909857127,1.3500442130426364,366.6666666666667,1.3500442130426364
319,319,4,recov,0.25922879909857127,1.3500442130426364,366.6666666666667,1.3500442130426364
320,320,5,recov,0.25922879909857127,1.3500442130426364,366.6666666666667,1.3500442130426364
321,321,3,recov,0.25922879909857127,1.3500442130426364,366.6666666666667,1.3500442130426364
322,322,4,recov,0.25922879909857127,1.3500442130426364,366.6666666666667,1.3500442130426364
323,323,5,recov,0.25922879909857127,1.3500442130426364,366.6666666666667,1.3500442130426364
324,324,3,recov,0.25922879909857127,1.3500442130426364,366.6666666666667,1.3500442130426364
325,325,4,recov,0.25922879909857127,1.3500442130426364,366.6666666666667,1.3500442130426364
326,326,5,recov,0.25922879909857127,1.3500442130426364,366.6666666666667,1.3500442130426364
327,327,3,recov,0.25922879909857127,1.3500442130426364,366.6666666666667,1.3500442130426364
328,328,4,recov,0.25922879909857127,1.3500442130426364,366.6666666666667,1.3500442130426364
329,329,5,recov,0.25922879909857127,1.3500442130426364,366.6666666666667,1.3500442130426364
330,330,3,recov,0.25922879909857127,1.3500442130426364,366.6666666666667,1.3500442130426364
331,331,4,recov,0.25922879909857127,1.3500442130426364,366.6666666666667,1.3500442130426364
332,332,5,recov,0.25922879909857127,1.3500442130426364,366.6666666666667,1.3500442130426364
333,333,3,recov,0.25922879909857127,1.3500442130426364,366.6666666666667,1.3500442130426364
334,334,4,recov,0.25922879909857127,1.3500442130426364,366.6666666666667,1.3500442130426364
335,335,5,recov,0.25922879909857127,1.3500442130426364,366.6666666666667,1.3500442130426364
336,336,3,recov,0.25922879909857127,1.3500442130426364,366.6666666666667,1.3500442130426364
337,337,4,recov,0.25922879909857127,1.3500442130426364,366.6666666666667,1.3500442130426364
338,338,5,recov,0.25922879909857127,1.3500442130426364,366.6666666666667,1.3500442130426364
339,339,3,recov,0.25922879909857127,1.3500442130426364,366.6666666666667,1.3500442130426364
340,340,4,recov,0.25922879909857127,1.3500442130426364,366.6666666666667,1.3500442130426364
341,341,5,recov,0.25922879909857127,1.3500442130426364,366.6666666666667,1.3500442130426364
342,342,3,recov,0.25922879909857127,1.3500442130426364,366.6666666666667,1.3500442130426364
343,343,4,recov,0.25922879909857127,1.3500442130426364,366.6666666666667,1.3500442130426364
344,344,5,recov,0.25922879909857127,1.3500442130426364,366.6666666666667,1.3500442130426364
345,345,3,recov,0.25922879909857127,1.3500442130426364,366.6666666666667,1.3500442130426364
346,346,4,recov,0.25922879909857127,1.3500442130426364,366.6666666666667,1.3500442130426364
347,347,5,recov,0.25922879909857127,1.3500442130426364,366.6666666666667,1.3500442130426364
348,348,3,recov,0.25922879909857127,1.3500442130426364,366.6666666666667,1.3500442130426364
349,349,4,recov,0.25922879909857127,1.3500442130426364,366.6666666666667,1.3500442130426364
350,350,5,recov,0.25922879909857127,1.3500442130426364,366.6666666666667,1.3500442130426364
351,351,3,recov,0.25922879909857127,1.3500442130426364,366.6666666666667,1.3500442130426364
352,352,4,recov,0.25922879909857127,1.3500442130426364,366.6666666666667,1.3500442130426364
353,353,5,recov,0.25922879909857127,1.3500442130426364,366.6666666666667,1.3500442130426364
354,354,3,recov,0.25922879909857127,1.3500442130426364,366.6666666666667,1.3500442130426364
355,355,4,recov,0.25922879909857127,1.3500442130426364,366.6666666666667,1.3500442130426364
356,356,5,recov,0.25922879909857127,1.3500442130426364,366.6666666666667,1.3500442130426364
357,357,3,recov,0.25922879909857127,1.3500442130426364,366.6666666666667,1.3500442130426364
358,358,4,recov,0.25922879909857127,1.3500442130426364,366.6666666666667,1.3500442130426364
359,359,5,recov,0.25922879909857127,1.3500442130426364,366.6666666666667,1.3500442130426364
360,360,3,recov,0.25922879909857127,1.3500442130426364,366.6666666666667,1.3500442130426364
361,361,4,recov,0.25922879909857127,1.3500442130426364,366.6666666666667,1.3500442130426364
362,362,5,recov,0.25922879909857127,1.3500442130426364,366.6666666666667,1.3500442130426364
363,363,3,recov,0.25922879909857127,1.3500442130426364,366.6666666666667,1.3500442130426364
364,364,4,recov,0.25922879909857127,1.3500442130426364,366.6666666666667,1.3500442130426364
365,365,5,recov,0.25922879909857127,1.3500442130426364,366.6666666666667,1.3500442130426364
366,366,3,recov,0.25922879909857127,1.3500442130426364,366.6666666666667,1.3500442130426364
367,367,4,recov,0.25922879909857127,1.3500442130426364,366.6666666666667,1.3500442130426364
368,368,5,recov,0.25922879909857127,1.3500442130426364,366.6666666666667,1.3500442130426364
369,369,3,recov,0.25922879909857127,1.3500442130426364,366.6666666666667,1.3500442130426364
370,370,4,recov,0.25922879909857127,1.3500442130426364,366.6666666666667,1.3500442130426364
371,371,5,recov,0.25922879909857127,1.3500442130426364,366.6666666666667,1.3500442130426364
372,372,3,recov,0.25922879909857127,1.3500442130426364,366.6666666666667,1.3500442130426364
373,373,4,recov,0.25922879909857127,1.3500442130426364,366.6666666666667,1.3500442130426364
374,374,5,recov,0.25922879909857127,1.3500442130426364,366.6666666666667,1.3500442130426364
375,375,3,recov,0.25922879909857127,1.3500442130426364,366.6666666666667,1.3500442130426364
376,376,4,recov,0.25922879909857127,1.3500442130426364,366.6666666666667,1.3500442130426364
377,377,5,recov,0.25922879909857127,1.3500442130426364,366.6666666666667,1.3500442130426364
378,378,3,recov,0.25922879909857127,1.3500442130426364,366.6666666666667,1.3500442130426364
379,379,4,recov,0.25922879909857127,1.3500442130426364,366.6666666666667,1.3500442130426364
380,380,5,recov,0.25922879909857127,1.3500442130426364,366.6666666666667,1.3500442130426364
381,381,3,recov,0.25922879909857127,1.3500442130426364,366.6666666666667,1.3500442130426364
382,382,4,recov,0.25922879909857127,1.3500442130426364,366.6666666666667,1.3500442130426364
383,383,5,recov,0.25922879909857127,1.3500442130426364,366.6666666666667,1.3500442130426364
384,384,3,recov,0.25922879909857127,1.3500442130426364,366.6666666666667,1.3500442130426364
385,385,4,recov,0.25922879909857127,1.3500442130426364,366.6666666666667,1.3500442130426364
386,386,5,recov,0.25922879909857127,1.3500442130426364,366.6666666666667,1.3500442130426364
387,387,3,recov,0.25922879909857127,1.3500442130426364,366.6666666666667,1.3500442130426364
388,388,4,recov,0.25922879909857127,1.3500442130426364,366.6666666666667,1.3500442130426364
389,389,5,recov,0.25922879909857127,1.3500442130426364,366.6666666666667,1.3500442130426364
390,390,3,recov,0.25922879909857127,1.3500442130426364,366.6666666666667,1.3500442130426364
391,391,4,recov,0.25922879909857127,1.3500442130426364,366.6666666666667,1.3500442130426364
392,392,5,recov,0.25922879909857127,1.3500442130426364,366.6666666666667,1.3500442130426364
393,393,3,recov,0.25922879909857127,1.3500442130426364,366.6666666666667,1.3500442130426364
394,394,4,recov,0.25922879909857127,1.3500442130426364,366.6666666666667,1.3500442130426364
395,395,5,recov,0.25922879909857127,1.3500442130426364,366.6666666666667,1.3500442130426364
396,396,3,recov,0.25922879909857127,1.3500442130426364,366.6666666666667,1.3500442130426364
397,397,4,recov,0.25922879909857127,1.3500442130426364,366.6666666666667,1.3500442130426364
398,398,5,recov,0.25922879909857127,1.3500442130426364,366.6666666666667,1.3500442130426364
399,399,3,recov,0.25922879909857127,1.3500442130426364,366.6666666666667,1.3500442130426364
400,400,4,recov,0.25922879909857127,1.3500442130426364,366.6666666666667,1.3500442130426364
401,401,5,recov,0.25922879909857127,1.3500442130426364,366.6666666666667,1.3500442130426364
402,402,3,recov,0.25922879909857127,1.3500442130426364,366.6666666666667,1.3500442130426364
403,403,4,recov,0.25922879909857127,1.3500442130426364,366.6666666666667,1.3500442130426364
404,404,5,recov,0.25922879909857127,1.3500442130426364,366.6666666666667,1.3500442130426364
405,405,3,recov,0.25922879909857127,1.3500442130426364,366.6666666666667,1.3500442130426364
406,406,4,recov,0.25922879909857127,1.3500442130426364,366.6666666666667,1.3500442130426364
407,407,5,recov,0.25922879909857127,1.3500442130426364,366.6666666666667,1.3500442130426364
408,408,3,recov,0.25922879909857127,1.3500442130426364,366.6666666666667,1.3500442130426364
409,409,4,recov,0.25922879909857127,1.3500442130426364,366.6666666666667,1.3500442130426364
410,410,5,recov,0.25922879909857127,1.3500442130426364,366.6666666666667,1.3500442130426364
411,411,3,recov,0.25922879909857127,1.3500442130426364,366.6666666666667,1.3500442130426364
412,412,4,recov,0.25922879909857127,1.3500442130426364,366.6666666666667,1.3500442130426364
413,413,5,recov,0.25922879909857127,1.3500442130426364,366.6666666666667,1.3500442130426364
414,414,3,recov,0.25922879909857127,1.3500442130426364,366.6666666666667,1.3500442130426364
415,415,4,recov,0.25922879909857127,1.3500442130426364,366.6666666666667,1.3500442130426364
416,416,5,recov,0.25922879909857127,1.3500442130426364,366.6666666666667,1.3500442130426364
417,417,3,recov,0.25922879909857127,1.3500442130426364,366.6666666666667,1.3500442130426364
418,418,4,recov,0.25922879909857127,1.3500442130426364,366.6666666666667,1.3500442130426364
419,419,5,recov,0.25922879909857127,1.3500442130426364,366.6666666666667,1.3500442130426364
420,420,3,recov,0.25922879909857127,1.3500442130426364,366.6666666666667,1.3500442130426364
421,421,4,recov,0.25922879909857127,1.3500442130426364,366.6666666666667,1.3500442130426364
422,422,5,recov,0.25922879909857127,1.3500442130426364,366.6666666666667,1.3500442130426364
423,423,3,recov,0.25922879909857127,1.3500442130426364,366.6666666666667,1.3500442130426364
424,424,4,recov,0.25922879909857127,1.3500442130426364,366.6666666666667,1.3500442130426364
425,425,5,recov,0.25922879909857127,1.3500442130426364,366.6666666666667,1.3500442130426364
426,426,3,recov,0.25922879909857127,1.3500442130426364,366.6666666666667,1.3500442130426364
427,427,4,recov,0.25922879909857127,1.3500442130426364,366.6666666666667,1.3500442130426364
428,428,5,recov,0.25922879909857127,1.3500442130426364,366.6666666666667,1.3500442130426364
429,429,3,recov,0.25922879909857127,1.3500442130426364,366.6666666666667,1.3500442130426364
430,430,4,recov,0.25922879909857127,1.3500442130426364,366.6666666666667,1.3500442130426364
431,431,5,recov,0.25922879909857127,1.3500442130426364,366.6666666666667,1.3500442130426364
432,432,0,fam_r,0.00019751135690302202,8.529714471969909,366.6666666666667,1.3500442130426364
433,433,1,fam_r,0.00019751135690302202,8.529714471969909,366.6666666666667,1.3500442130426364
434,434,2,fam_r,0.00019751135690302202,8.529714471969909,366.6666666666667,1.3500442130426364
435,435,0,fam_r,0.12660477977483714,2.0666850150492384,366.6666666666667,1.3500442130426364
436,436,1,fam_r,0.12660477977483714,2.0666850150492384,366.6666666666667,1.3500442130426364
437,437,2,fam_r,0.12660477977483714,2.0666850150492384,366.6666666666667,1.3500442130426364
438,438,0,fam_r,0.1913253012048194,1.6537801519776076,366.6666666666667,1.3500442130426364
439,439,1,fam_r,0.1913253012048194,1.6537801519776076,366.6666666666667,1.3500442130426364
440,440,2,fam_r,0.1913253012048194,1.6537801519776076,366.6666666666667,1.3500442130426364
441,441,0,fam_r,0.2244622081769703,1.4940479237119964,366.6666666666667,1.3500442130426364
442,442,1,fam_r,0.2244622081769703,1.4940479237119964,366.6666666666667,1.3500442130426364
443,443,2,fam_r,0.2244622081769703,1.4940479237119964,366.6666666666667,1.3500442130426364
444,444,0,fam_r,0.2414283045467116,1.421182725548764,366.6666666666667,1.3500442130426364
445,445,1,fam_r,0.2414283045467116,1.421182725548764,366.6666666666667,1.3500442130426364
446,446,2,fam_r,0.2414283045467116,1.421182725548764,366.6666666666667,1.3500442130426364
0,0,0,fam,0.015873015873015872,4.143134726391533,476.6666666666667,1.3500442130426364
1,1,1,fam,0.0009407337723424271,6.968850378341948,476.6666666666667,1.3500442130426364
2,2,2,fam,0.0005367686527106817,7.529943370601589,476.6666666666667,1.3500442130426364
3,3,0,fam,0.2560926887734718,1.3622158345111044,476.6666666666667,1.3500442130426364
4,4,1,fam,0.21260364842454396,1.5483256522406157,476.6666666666667,1.3500442130426364
5,5,2,fam,0.1871751445424283,1.6757104986342006,476.6666666666667,1.3500442130426364
6,6,0,fam,0.25815770678094385,1.35418461421504,476.6666666666667,1.3500442130426364
7,7,1,fam,0.24129987265919092,1.4217148340794672,476.6666666666667,1.3500442130426364
8,8,2,fam,0.22932009437567777,1.472636459396262,476.6666666666667,1.3500442130426364
9,9,0,fam,0.25876026787571593,1.3518532525784297,476.6666666666667,1.3500442130426364
10,10,1,fam,0.25108699683644553,1.38195579896057,476.6666666666667,1.3500442130426364
11,11,2,fam,0.2452684488775364,1.4054019585849222,476.6666666666667,1.3500442130426364
12,12,0,fam,0.25900555754514976,1.3509057598095315,476.6666666666667,1.3500442130426364
13,13,1,fam,0.255288290934085,1.365361819734445,476.6666666666667,1.3500442130426364
14,14,2,fam,0.25239043027562463,1.3767780639481915,476.6666666666667,1.3500442130426364
15,15,0,fam,0.25911842104209326,1.3504700976769417,476.6666666666667,1.3500442130426364
16,16,1,fam,0.25726624048092905,1.357643775139462,476.6666666666667,1.3500442130426364
17,17,2,fam,0.25580345237021623,1.3633458935632774,476.6666666666667,1.3500442130426364
18,18,0,fam,0.25917326115246003,1.3502584789593146,476.6666666666667,1.3500442130426364
19,19,1,fam,0.25823779645869294,1.3538744268571379,476.6666666666667,1.3500442130426364
20,20,2,fam,0.2574942728404974,1.3567578005218162,476.6666666666667,1.3500442130426364
21,21,0,fam,0.2592006128055287,1.3501529502879515,476.6666666666667,1.3500442130426364
22,22,1,fam,0.2587249556187086,1.3519897289663878,476.6666666666667,1.3500442130426364
23,23,2,fam,0.258345684966812,1.353456726665138,476.6666666666667,1.3500442130426364
24,24,0,fam,0.25921443216456613,1.3500996364068256,476.6666666666667,1.3500442130426364
25,25,1,fam,0.2589717520055842,1.351036288846191,476.6666666666667,1.3500442130426364
26,26,2,fam,0.25877793480232303,1.3517849796411952,476.6666666666667,1.3500442130426364
27,27,0,fam,0.2592214600092076,1.3500725246857894,476.6666666666667,1.3500442130426364
28,28,1,fam,0.2590974310606805,1.3505511063197266,476.6666666666667,1.3500442130426364
29,29,2,fam,0.25899829332419777,1.350933806786172,476.6666666666667,1.3500442130426364
30,30,0,fam,0.2592250458686595,1.3500586915924564,476.6666666666667,1.3500442130426364
31,31,1,fam,0.25916160142363853,1.35030346813394,476.6666666666667,1.3500442130426364
32,32,2,fam,0.2591108682232928,1.3504992462370768,476.6666666666667,1.3500442130426364
33,33,0,fam,0.2592268785920285,1.3500516216085967,476.6666666666667,1.3500442130426364
34,34,1,fam,0.2591944103180851,1.3501768798673928,476.6666666666667,1.3500442130426364
35,35,2,fam,0.259168441554341,1.3502770751791209,476.6666666666667,1.3500442130426364
36,36,0,fam,0.25922781609967416,1.3500480050625214,476.6666666666667,1.3500442130426364
37,37,1,fam,0.25921119634663814,1.3501121196551453,476.6666666666667,1.3500442130426364
38,38,2,fam,0.25919790207850035,1.350163408369719,476.6666666666667,1.3500442130426364
39,39,0,fam,0.25922829588186147,1.3500461542513293,476.6666666666667,1.3500442130426364
40,40,1,fam,0.2592197876173473,1.350078976301543,476.6666666666667,1.3500442130426364
41,41,2,fam,0.25921298140785143,1.3501052331660892,476.6666666666667,1.3500442130426364
42,42,0,fam,0.2592285414722484,1.3500452068614244,476.6666666666667,1.3500442130426364
43,43,1,fam,0.2592241855157657,1.3500620105399703,476.6666666666667,1.3500442130426364
44,44,2,fam,0.25922070085597965,1.3500754532795083,476.6666666666667,1.3500442130426364
45,45,0,fam,0.25922866719930193,1.3500447218568707,476.6666666666667,1.3500442130426364
46,46,1,fam,0.2592264370216521,1.3500533250228217,476.6666666666667,1.3500442130426364
47,47,2,fam,0.2592246529071606,1.3500602075022923,476.6666666666667,1.3500442130426364
48,48,0,fam,0.25922873156756293,1.3500444735500237,476.6666666666667,1.3500442130426364
49,49,1,fam,0.25922758973549787,1.3500488782877738,476.6666666666667,1.3500442130426364
50,50,2,fam,0.2592266762770881,1.3500524020640048,476.6666666666667,1.3500442130426364
51,51,0,fam,0.2592287645230666,1.3500443464209768,476.6666666666667,1.3500442130426364
52,52,1,fam,0.2592281799100014,1.3500466016248909,476.6666666666667,1.3500442130426364
53,53,2,fam,0.2592277122214478,1.3500484057843603,476.6666666666667,1.3500442130426364
54,54,0,fam,0.2592287813960102,1.350044281331969,476.6666666666667,1.3500442130426364
55,55,1,fam,0.259228482075419,1.3500454359906549,476.6666666666667,1.3500442130426364
56,56,2,fam,0.2592282426194437,1.3500463597166434,476.6666666666667,1.3500442130426364
57,57,0,fam,0.2592287900348854,1.350044248006676,476.6666666666667,1.3500442130426364
58,58,1,fam,0.259228636783083,1.3500448391904243,476.6666666666667,1.3500442130426364
59,59,2,fam,0.2592285141817716,1.350045312137171,476.6666666666667,1.3500442130426364
60,60,0,fam,0.25922879445797076,1.3500442309441991,476.6666666666667,1.3500442130426364
61,61,1,fam,0.2592287159931371,1.3500445336298852,476.6666666666667,1.3500442130426364
62,62,2,fam,0.25922865322130445,1.350044775778368,476.6666666666667,1.3500442130426364
63,63,0,fam,0.2592287967225854,1.3500442222082303,476.6666666666667,1.3500442130426364
64,64,1,fam,0.259228756548614,1.3500443771831985,476.6666666666667,1.3500442130426364
65,65,2,fam,0.25922872440944583,1.3500445011631559,476.6666666666667,1.3500442130426364
66,66,3,recov,0.00019751143526284797,8.529714075234189,476.6666666666667,1.3500442130426364
67,67,4,recov,0.00019751141959087782,8.529714154581345,476.6666666666667,1.3500442130426364
68,68,5,recov,0.00019751140705330343,8.529714218059066,476.6666666666667,1.3500442130426364
69,69,3,recov,0.12660480549190015,2.0666848119205694,476.6666666666667,1.3500442130426364
70,70,4,recov,0.1266048003484867,2.066684852546307,476.6666666666667,1.3500442130426364
71,71,5,recov,0.12660479623375623,2.0666848850468953,476.6666666666667,1.3500442130426364
72,72,3,recov,0.1913253211030101,1.6537800479757347,476.6666666666667,1.3500442130426364
73,73,4,recov,0.19132531712337159,1.6537800687761104,476.6666666666667,1.3500442130426364
74,74,5,recov,0.19132531393966087,1.6537800854164106,476.6666666666667,1.3500442130426364
75,75,3,recov,0.2244622201293491,1.4940478704630393,476.6666666666667,1.3500442130426364
76,76,4,recov,0.22446221773887326,1.4940478811128308,476.6666666666667,1.3500442130426364
77,77,5,recov,0.2244622158264926,1.4940478896326643,476.6666666666667,1.3500442130426364
78,78,3,recov,0.24142831112888394,1.4211826982852984,476.6666666666667,1.3500442130426364
79,79,4,recov,0.24142830981244942,1.4211827037379918,476.6666666666667,1.3500442130426364
80,80,5,recov,0.2414283087593018,1.4211827081001465,476.6666666666667,1.3500442130426364
81,81,3,recov,0.2501149493793471,1.3858346692769894,476.6666666666667,1.3500442130426364
82,82,4,recov,0.2501149486810814,1.3858346720687684,476.6666666666667,1.3500442130426364
83,83,5,recov,0.250114948122469,1.3858346743021912,476.6666666666667,1.3500442130426364
84,84,3,recov,0.25456250807411496,1.3682088618558927,476.6666666666667,1.3500442130426364
85,85,4,recov,0.2545625077102457,1.3682088632852836,476.6666666666667,1.3500442130426364
86,86,5,recov,0.2545625074191502,1.3682088644287962,476.6666666666667,1.3500442130426364
87,87,3,recov,0.25683965810238224,1.3593032872268442,476.6666666666667,1.3500442130426364
88,88,4,recov,0.25683965791441465,1.3593032879586924,476.6666666666667,1.3500442130426364
89,89,5,recov,0.25683965776404055,1.359303288544171,476.6666666666667,1.3500442130426364
90,90,3,recov,0.2580055589107067,1.3547741481271052,476.6666666666667,1.3500442130426364
91,91,4,recov,0.2580055588140304,1.3547741485018112,476.6666666666667,1.3500442130426364
92,92,5,recov,0.25800555873668946,1.354774148801576,476.6666666666667,1.3500442130426364
93,93,3,recov,0.2586025001229572,1.3524631447755795,476.6666666666667,1.3500442130426364
94,94,4,recov,0.25860250007334445,1.352463144967429,476.6666666666667,1.3500442130426364
95,95,5,recov,0.2586025000336542,1.3524631451209088,476.6666666666667,1.3500442130426364
96,96,3,recov,0.2589081340232069,1.3512819750928038,476.6666666666667,1.3500442130426364
97,97,4,recov,0.2589081339977752,1.3512819751910305,476.6666666666667,1.3500442130426364
98,98,5,recov,0.25890813397742973,1.3512819752696124,476.6666666666667,1.3500442130426364
99,99,3,recov,0.259064618580024,1.3506777558137337,476.6666666666667,1.3500442130426364
100,100,4,recov,0.2590646185669951,1.350677755864026,476.6666666666667,1.3500442130426364
101,101,5,recov,0.2590646185565719,1.3506777559042598,476.6666666666667,1.3500442130426364
102,102,3,recov,0.2591447386730853,1.3503685367979894,476.6666666666667,1.3500442130426364
103,103,4,recov,0.2591447386664124,1.350368536823739,476.6666666666667,1.3500442130426364
104,104,5,recov,0.25914473866107407,1.3503685368443388,476.6666666666667,1.3500442130426364
105,105,3,recov,0.2591857601607251,1.350210253664669,476.6666666666667,1.3500442130426364
106,106,4,recov,0.25918576015730804,1.3502102536778529,476.6666666666667,1.3500442130426364
107,107,5,recov,0.2591857601545744,1.3502102536884,476.6666666666667,1.3500442130426364
108,108,3,recov,0.2592067631623947,1.350129222396909,476.6666666666667,1.3500442130426364
109,109,4,recov,0.25920676316064506,1.350129222403659,476.6666666666667,1.3500442130426364
110,110,5,recov,0.2592067631592453,1.350129222409059,476.6666666666667,1.3500442130426364
111,111,3,recov,0.25921751669924903,1.3500877369292192,476.6666666666667,1.3500442130426364
112,112,4,recov,0.25921751669835313,1.3500877369326754,476.6666666666667,1.3500442130426364
113,113,5,recov,0.25921751669763643,1.3500877369354403,476.6666666666667,1.3500442130426364
114,114,3,recov,0.2592230225101183,1.350066497035912,476.6666666666667,1.3500442130426364
115,115,4,recov,0.2592230225096596,1.3500664970376814,476.6666666666667,1.3500442130426364
116,116,5,recov,0.2592230225092927,1.350066497039097,476.6666666666667,1.3500442130426364
117,117,3,recov,0.2592258414852833,1.3500556223851574,476.6666666666667,1.3500442130426364
118,118,4,recov,0.25922584148504846,1.3500556223860634,476.6666666666667,1.3500442130426364
119,119,5,recov,0.25922584148486055,1.3500556223867883,476.6666666666667,1.3500442130426364
120,120,3,recov,0.2592272848005677,1.3500500546097454,476.6666666666667,1.3500442130426364
121,121,4,recov,0.2592272848004475,1.3500500546102092,476.6666666666667,1.3500442130426364
122,122,5,recov,0.2592272848003513,1.3500500546105803,476.6666666666667,1.3500442130426364
123,123,3,recov,0.25922802377799337,1.3500472039207336,476.6666666666667,1.3500442130426364
124,124,4,recov,0.2592280237779318,1.350047203920971,476.6666666666667,1.3500442130426364
125,125,5,recov,0.2592280237778825,1.3500472039211613,476.6666666666667,1.3500442130426364
126,126,3,recov,0.25922840213443527,1.3500457443711051,476.6666666666667,1.3500442130426364
127,127,4,recov,0.2592284021344038,1.3500457443712266,476.6666666666667,1.3500442130426364
128,128,5,recov,0.25922840213437853,1.350045744371324,476.6666666666667,1.3500442130426364
129,129,3,recov,0.2592285958529335,1.3500449970825201,476.6666666666667,1.3500442130426364
130,130,4,recov,0.2592285958529174,1.350044997082582,476.6666666666667,1.3500442130426364
131,131,5,recov,0.2592285958529045,1.350044997082632,476.6666666666667,1.3500442130426364
132,132,3,recov,0.2592286950368046,1.3500446144709806,476.6666666666667,1.3500442130426364
133,133,4,recov,0.2592286950367964,1.3500446144710123,476.6666666666667,1.3500442130426364
134,134,5,recov,0.25922869503678975,1.3500446144710379,476.6666666666667,1.3500442130426364
135,135,3,recov,0.2592287458189467,1.3500444185739287,476.6666666666667,1.3500442130426364
136,136,4,recov,0.25922874581894245,1.350044418573945,476.6666666666667,1.3500442130426364
137,137,5,recov,0.25922874581893907,1.3500444185739582,476.6666666666667,1.3500442130426364
138,138,3,recov,0.2592287718194034,1.350044318274653,476.6666666666667,1.3500442130426364
139,139,4,recov,0.25922877181940124,1.3500443182746615,476.6666666666667,1.3500442130426364
140,140,5,recov,0.2592287718193995,1.3500443182746682,476.6666666666667,1.3500442130426364
141,141,3,recov,0.2592287851316372,1.350044266921428,476.6666666666667,1.3500442130426364
142,142,4,recov,0.2592287851316361,1.3500442669214323,476.6666666666667,1.3500442130426364
143,143,5,recov,0.2592287851316352,1.3500442669214359,476.6666666666667,1.3500442130426364
144,144,3,recov,0.2592287919475009,1.350044240628578,476.6666666666667,1.3500442130426364
145,145,4,recov,0.25922879194750037,1.35004424062858,476.6666666666667,1.3500442130426364
146,146,5,recov,0.2592287919474999,1.3500442406285817,476.6666666666667,1.3500442130426364
147,147,3,recov,0.25922879543722316,1.3500442271666389,476.6666666666667,1.3500442130426364
148,148,4,recov,0.2592287954372229,1.3500442271666397,476.6666666666667,1.3500442130426364
149,149,5,recov,0.25922879543722266,1.3500442271666406,476.6666666666667,1.3500442130426364
150,150,3,recov,0.259228797223961,1.3500442202741256,476.6666666666667,1.3500442130426364
151,151,4,recov,0.25922879722396086,1.3500442202741263,476.6666666666667,1.3500442130426364
152,152,5,recov,0.2592287972239608,1.3500442202741265,476.6666666666667,1.3500442130426364
153,153,3,recov,0.2592287981387708,1.350044216745159,476.6666666666667,1.3500442130426364
154,154,4,recov,0.25922879813877076,1.3500442167451592,476.6666666666667,1.3500442130426364
155,155,5,recov,0.25922879813877064,1.3500442167451596,476.6666666666667,1.3500442130426364
156,156,3,recov,0.2592287986071534,1.350044214938328,476.6666666666667,1.3500442130426364
157,157,4,recov,0.25922879860715337,1.3500442149383283,476.6666666666667,1.3500442130426364
158,158,5,recov,0.25922879860715337,1.3500442149383283,476.6666666666667,1.3500442130426364
159,159,3,recov,0.2592287988469653,1.3500442140132307,476.6666666666667,1.3500442130426364
160,160,4,recov,0.2592287988469653,1.3500442140132307,476.6666666666667,1.3500442130426364
161,161,5,recov,0.2592287988469653,1.3500442140132307,476.6666666666667,1.3500442130426364
162,162,3,recov,0.259228798969749,1.350044213539581,476.6666666666667,1.3500442130426364
163,163,4,recov,0.259228798969749,1.350044213539581,476.6666666666667,1.3500442130426364
164,164,5,recov,0.259228798969749,1.350044213539581,476.6666666666667,1.3500442130426364
165,165,3,recov,0.25922879903261425,1.350044213297072,476.6666666666667,1.3500442130426364
166,166,4,recov,0.25922879903261425,1.350044213297072,476.6666666666667,1.3500442130426364
167,167,5,recov,0.25922879903261425,1.350044213297072,476.6666666666667,1.3500442130426364
168,168,3,recov,0.25922879906480123,1.3500442131729078,476.6666666666667,1.3500442130426364
169,169,4,recov,0.25922879906480123,1.3500442131729078,476.6666666666667,1.3500442130426364
170,170,5,recov,0.25922879906480123,1.3500442131729078,476.6666666666667,1.3500442130426364
171,171,3,recov,0.25922879908128105,1.3500442131093353,476.6666666666667,1.3500442130426364
172,172,4,recov,0.25922879908128105,1.3500442131093353,476.6666666666667,1.3500442130426364
173,173,5,recov,0.25922879908128105,1.3500442131093353,476.6666666666667,1.3500442130426364
174,174,3,recov,0.2592287990897187,1.3500442130767862,476.6666666666667,1.3500442130426364
175,175,4,recov,0.2592287990897187,1.3500442130767862,476.6666666666667,1.3500442130426364
176,176,5,recov,0.2592287990897187,1.3500442130767862,476.6666666666667,1.3500442130426364
177,177,3,recov,0.25922879909403873,1.3500442130601213,476.6666666666667,1.3500442130426364
178,178,4,recov,0.25922879909403873,1.3500442130601213,476.6666666666667,1.3500442130426364
179,179,5,recov,0.25922879909403873,1.3500442130601213,476.6666666666667,1.3500442130426364
180,180,3,recov,0.25922879909625063,1.3500442130515886,476.6666666666667,1.3500442130426364
181,181,4,recov,0.25922879909625063,1.3500442130515886,476.6666666666667,1.3500442130426364
182,182,5,recov,0.25922879909625063,1.3500442130515886,476.6666666666667,1.3500442130426364
183,183,3,recov,0.2592287990973831,1.3500442130472199,476.6666666666667,1.3500442130426364
184,184,4,recov,0.2592287990973831,1.3500442130472199,476.6666666666667,1.3500442130426364
185,185,5,recov,0.2592287990973831,1.3500442130472199,476.6666666666667,1.3500442130426364
186,186,3,recov,0.259228799097963,1.350044213044983,476.6666666666667,1.3500442130426364
187,187,4,recov,0.259228799097963,1.350044213044983,476.6666666666667,1.3500442130426364
188,188,5,recov,0.259228799097963,1.350044213044983,476.6666666666667,1.3500442130426364
189,189,3,recov,0.2592287990982598,1.3500442130438381,476.6666666666667,1.3500442130426364
190,190,4,recov,0.2592287990982598,1.3500442130438381,476.6666666666667,1.3500442130426364
191,191,5,recov,0.2592287990982598,1.3500442130438381,476.6666666666667,1.3500442130426364
192,192,3,recov,0.25922879909841184,1.3500442130432515,476.6666666666667,1.3500442130426364
193,193,4,recov,0.25922879909841184,1.3500442130432515,476.6666666666667,1.3500442130426364
194,194,5,recov,0.25922879909841184,1.3500442130432515,476.6666666666667,1.3500442130426364
195,195,3,recov,0.25922879909848967,1.3500442130429513,476.6666666666667,1.3500442130426364
196,196,4,recov,0.25922879909848967,1.3500442130429513,476.6666666666667,1.3500442130426364
197,197,5,recov,0.25922879909848967,1.3500442130429513,476.6666666666667,1.3500442130426364
198,198,3,recov,0.2592287990985295,1.3500442130427976,476.6666666666667,1.3500442130426364
199,199,4,recov,0.2592287990985295,1.3500442130427976,476.6666666666667,1.3500442130426364
200,200,5,recov,0.2592287990985295,1.3500442130427976,476.6666666666667,1.3500442130426364
201,201,3,recov,0.2592287990985499,1.350044213042719,476.6666666666667,1.3500442130426364
202,202,4,recov,0.2592287990985499,1.350044213042719,476.6666666666667,1.3500442130426364
203,203,5,recov,0.2592287990985499,1.350044213042719,476.6666666666667,1.3500442130426364
204,204,3,recov,0.2592287990985604,1.3500442130426784,476.6666666666667,1.3500442130426364
205,205,4,recov,0.2592287990985604,1.3500442130426784,476.6666666666667,1.3500442130426364
206,206,5,recov,0.2592287990985604,1.3500442130426784,476.6666666666667,1.3500442130426364
207,207,3,recov,0.2592287990985657,1.350044213042658,476.6666666666667,1.3500442130426364
208,208,4,recov,0.2592287990985657,1.350044213042658,476.6666666666667,1.3500442130426364
209,209,5,recov,0.2592287990985657,1.350044213042658,476.6666666666667,1.3500442130426364
210,210,3,recov,0.25922879909856844,1.3500442130426475,476.6666666666667,1.3500442130426364
211,211,4,recov,0.25922879909856844,1.3500442130426475,476.6666666666667,1.3500442130426364
212,212,5,recov,0.25922879909856844,1.3500442130426475,476.6666666666667,1.3500442130426364
213,213,3,recov,0.25922879909856983,1.350044213042642,476.6666666666667,1.3500442130426364
214,214,4,recov,0.25922879909856983,1.350044213042642,476.6666666666667,1.3500442130426364
215,215,5,recov,0.25922879909856983,1.350044213042642,476.6666666666667,1.3500442130426364
216,216,3,recov,0.25922879909857055,1.3500442130426393,476.6666666666667,1.3500442130426364
217,217,4,recov,0.25922879909857055,1.3500442130426393,476.6666666666667,1.3500442130426364
218,218,5,recov,0.25922879909857055,1.3500442130426393,476.6666666666667,1.3500442130426364
219,219,3,recov,0.25922879909857094,1.3500442130426378,476.6666666666667,1.3500442130426364
220,220,4,recov,0.25922879909857094,1.3500442130426378,476.6666666666667,1.3500442130426364
221,221,5,recov,0.25922879909857094,1.3500442130426378,476.6666666666667,1.3500442130426364
222,222,3,recov,0.25922879909857116,1.3500442130426369,476.6666666666667,1.3500442130426364
223,223,4,recov,0.25922879909857116,1.3500442130426369,476.6666666666667,1.3500442130426364
224,224,5,recov,0.25922879909857116,1.3500442130426369,476.6666666666667,1.3500442130426364
225,225,3,recov,0.2592287990985712,1.3500442130426367,476.6666666666667,1.3500442130426364
226,226,4,recov,0.2592287990985712,1.3500442130426367,476.6666666666667,1.3500442130426364
227,227,5,recov,0.2592287990985712,1.3500442130426367,476.6666666666667,1.3500442130426364
228,228,3,recov,0.25922879909857127,1.3500442130426364,476.6666666666667,1.3500442130426364
229,229,4,recov,0.25922879909857127,1.3500442130426364,476.6666666666667,1.3500442130426364
230,230,5,recov,0.25922879909857127,1.3500442130426364,476.6666666666667,1.3500442130426364
231,231,3,recov,0.25922879909857127,1.3500442130426364,476.6666666666667,1.3500442130426364
232,232,4,recov,0.25922879909857127,1.3500442130426364,476.6666666666667,1.3500442130426364
233,233,5,recov,0.25922879909857127,1.3500442130426364,476.6666666666667,1.3500442130426364
234,234,3,recov,0.25922879909857127,1.3500442130426364,476.6666666666667,1.3500442130426364
235,235,4,recov,0.25922879909857127,1.3500442130426364,476.6666666666667,1.3500442130426364
236,236,5,recov,0.25922879909857127,1.3500442130426364,476.6666666666667,1.3500442130426364
237,237,3,recov,0.25922879909857127,1.3500442130426364,476.6666666666667,1.3500442130426364
238,238,4,recov,0.25922879909857127,1.3500442130426364,476.6666666666667,1.3500442130426364
239,239,5,recov,0.25922879909857127,1.3500442130426364,476.6666666666667,1.3500442130426364
240,240,3,recov,0.25922879909857127,1.3500442130426364,476.6666666666667,1.3500442130426364
241,241,4,recov,0.25922879909857127,1.3500442130426364,476.6666666666667,1.3500442130426364
242,242,5,recov,0.25922879909857127,1.3500442130426364,476.6666666666667,1.3500442130426364
243,243,3,recov,0.25922879909857127,1.3500442130426364,476.6666666666667,1.3500442130426364
244,244,4,recov,0.25922879909857127,1.3500442130426364,476.6666666666667,1.3500442130426364
245,245,5,recov,0.25922879909857127,1.3500442130426364,476.6666666666667,1.3500442130426364
246,246,3,recov,0.25922879909857127,1.3500442130426364,476.6666666666667,1.3500442130426364
247,247,4,recov,0.25922879909857127,1.3500442130426364,476.6666666666667,1.3500442130426364
248,248,5,recov,0.25922879909857127,1.3500442130426364,476.6666666666667,1.3500442130426364
249,249,3,recov,0.25922879909857127,1.3500442130426364,476.6666666666667,1.3500442130426364
250,250,4,recov,0.25922879909857127,1.3500442130426364,476.6666666666667,1.3500442130426364
251,251,5,recov,0.25922879909857127,1.3500442130426364,476.6666666666667,1.3500442130426364
252,252,3,recov,0.25922879909857127,1.3500442130426364,476.6666666666667,1.3500442130426364
253,253,4,recov,0.25922879909857127,1.3500442130426364,476.6666666666667,1.3500442130426364
254,254,5,recov,0.25922879909857127,1.3500442130426364,476.6666666666667,1.3500442130426364
255,255,3,recov,0.25922879909857127,1.3500442130426364,476.6666666666667,1.3500442130426364
256,256,4,recov,0.25922879909857127,1.3500442130426364,476.6666666666667,1.3500442130426364
257,257,5,recov,0.25922879909857127,1.3500442130426364,476.6666666666667,1.3500442130426364
258,258,3,recov,0.25922879909857127,1.3500442130426364,476.6666666666667,1.3500442130426364
259,259,4,recov,0.25922879909857127,1.3500442130426364,476.6666666666667,1.3500442130426364
260,260,5,recov,0.25922879909857127,1.3500442130426364,476.6666666666667,1.3500442130426364
261,261,3,recov,0.25922879909857127,1.3500442130426364,476.6666666666667,1.3500442130426364
262,262,4,recov,0.25922879909857127,1.3500442130426364,476.6666666666667,1.3500442130426364
263,263,5,recov,0.25922879909857127,1.3500442130426364,476.6666666666667,1.3500442130426364
264,264,3,recov,0.25922879909857127,1.3500442130426364,476.6666666666667,1.3500442130426364
265,265,4,recov,0.25922879909857127,1.3500442130426364,476.6666666666667,1.3500442130426364
266,266,5,recov,0.25922879909857127,1.3500442130426364,476.6666666666667,1.3500442130426364
267,267,3,recov,0.25922879909857127,1.3500442130426364,476.6666666666667,1.3500442130426364
268,268,4,recov,0.25922879909857127,1.3500442130426364,476.6666666666667,1.3500442130426364
269,269,5,recov,0.25922879909857127,1.3500442130426364,476.6666666666667,1.3500442130426364
270,270,3,recov,0.25922879909857127,1.3500442130426364,476.6666666666667,1.3500442130426364
271,271,4,recov,0.25922879909857127,1.3500442130426364,476.6666666666667,1.3500442130426364
272,272,5,recov,0.25922879909857127,1.3500442130426364,476.6666666666667,1.3500442130426364
273,273,3,recov,0.25922879909857127,1.3500442130426364,476.6666666666667,1.3500442130426364
274,274,4,recov,0.25922879909857127,1.3500442130426364,476.6666666666667,1.3500442130426364
275,275,5,recov,0.25922879909857127,1.3500442130426364,476.6666666666667,1.3500442130426364
276,276,3,recov,0.25922879909857127,1.3500442130426364,476.6666666666667,1.3500442130426364
277,277,4,recov,0.25922879909857127,1.3500442130426364,476.6666666666667,1.3500442130426364
278,278,5,recov,0.25922879909857127,1.3500442130426364,476.6666666666667,1.3500442130426364
279,279,3,recov,0.25922879909857127,1.3500442130426364,476.6666666666667,1.3500442130426364
280,280,4,recov,0.25922879909857127,1.3500442130426364,476.6666666666667,1.3500442130426364
281,281,5,recov,0.25922879909857127,1.3500442130426364,476.6666666666667,1.3500442130426364
282,282,3,recov,0.25922879909857127,1.3500442130426364,476.6666666666667,1.3500442130426364
283,283,4,recov,0.25922879909857127,1.3500442130426364,476.6666666666667,1.3500442130426364
284,284,5,recov,0.25922879909857127,1.3500442130426364,476.6666666666667,1.3500442130426364
285,285,3,recov,0.25922879909857127,1.3500442130426364,476.6666666666667,1.3500442130426364
286,286,4,recov,0.25922879909857127,1.3500442130426364,476.6666666666667,1.3500442130426364
287,287,5,recov,0.25922879909857127,1.3500442130426364,476.6666666666667,1.3500442130426364
288,288,3,recov,0.25922879909857127,1.3500442130426364,476.6666666666667,1.3500442130426364
289,289,4,recov,0.25922879909857127,1.3500442130426364,476.6666666666667,1.3500442130426364
290,290,5,recov,0.25922879909857127,1.3500442130426364,476.6666666666667,1.3500442130426364
291,291,3,recov,0.25922879909857127,1.3500442130426364,476.6666666666667,1.3500442130426364
292,292,4,recov,0.25922879909857127,1.3500442130426364,476.6666666666667,1.3500442130426364
293,293,5,recov,0.25922879909857127,1.3500442130426364,476.6666666666667,1.3500442130426364
294,294,3,recov,0.25922879909857127,1.3500442130426364,476.6666666666667,1.3500442130426364
295,295,4,recov,0.25922879909857127,1.3500442130426364,476.6666666666667,1.3500442130426364
296,296,5,recov,0.25922879909857127,1.3500442130426364,476.6666666666667,1.3500442130426364
297,297,3,recov,0.25922879909857127,1.3500442130426364,476.6666666666667,1.3500442130426364
298,298,4,recov,0.25922879909857127,1.3500442130426364,476.6666666666667,1.3500442130426364
299,299,5,recov,0.25922879909857127,1.3500442130426364,476.6666666666667,1.3500442130426364
300,300,3,recov,0.25922879909857127,1.3500442130426364,476.6666666666667,1.3500442130426364
301,301,4,recov,0.25922879909857127,1.3500442130426364,476.6666666666667,1.3500442130426364
302,302,5,recov,0.25922879909857127,1.3500442130426364,476.6666666666667,1.3500442130426364
303,303,3,recov,0.25922879909857127,1.3500442130426364,476.6666666666667,1.3500442130426364
304,304,4,recov,0.25922879909857127,1.3500442130426364,476.6666666666667,1.3500442130426364
305,305,5,recov,0.25922879909857127,1.3500442130426364,476.6666666666667,1.3500442130426364
306,306,3,recov,0.25922879909857127,1.3500442130426364,476.6666666666667,1.3500442130426364
307,307,4,recov,0.25922879909857127,1.3500442130426364,476.6666666666667,1.3500442130426364
308,308,5,recov,0.25922879909857127,1.3500442130426364,476.6666666666667,1.3500442130426364
309,309,3,recov,0.25922879909857127,1.3500442130426364,476.6666666666667,1.3500442130426364
310,310,4,recov,0.25922879909857127,1.3500442130426364,476.6666666666667,1.3500442130426364
311,311,5,recov,0.25922879909857127,1.3500442130426364,476.6666666666667,1.3500442130426364
312,312,3,recov,0.25922879909857127,1.3500442130426364,476.6666666666667,1.3500442130426364
313,313,4,recov,0.25922879909857127,1.3500442130426364,476.6666666666667,1.3500442130426364
314,314,5,recov,0.25922879909857127,1.3500442130426364,476.6666666666667,1.3500442130426364
315,315,3,recov,0.25922879909857127,1.3500442130426364,476.6666666666667,1.3500442130426364
316,316,4,recov,0.25922879909857127,1.3500442130426364,476.6666666666667,1.3500442130426364
317,317,5,recov,0.25922879909857127,1.3500442130426364,476.6666666666667,1.3500442130426364
318,318,3,recov,0.25922879909857127,1.3500442130426364,476.6666666666667,1.3500442130426364
319,319,4,recov,0.25922879909857127,1.3500442130426364,476.6666666666667,1.3500442130426364
320,320,5,recov,0.25922879909857127,1.3500442130426364,476.6666666666667,1.3500442130426364
321,321,3,recov,0.25922879909857127,1.3500442130426364,476.6666666666667,1.3500442130426364
322,322,4,recov,0.25922879909857127,1.3500442130426364,476.6666666666667,1.3500442130426364
323,323,5,recov,0.25922879909857127,1.3500442130426364,476.6666666666667,1.3500442130426364
324,324,3,recov,0.25922879909857127,1.3500442130426364,476.6666666666667,1.3500442130426364
325,325,4,recov,0.25922879909857127,1.3500442130426364,476.6666666666667,1.3500442130426364
326,326,5,recov,0.25922879909857127,1.3500442130426364,476.6666666666667,1.3500442130426364
327,327,3,recov,0.25922879909857127,1.3500442130426364,476.6666666666667,1.3500442130426364
328,328,4,recov,0.25922879909857127,1.3500442130426364,476.6666666666667,1.3500442130426364
329,329,5,recov,0.25922879909857127,1.3500442130426364,476.6666666666667,1.3500442130426364
330,330,3,recov,0.25922879909857127,1.3500442130426364,476.6666666666667,1.3500442130426364
331,331,4,recov,0.25922879909857127,1.3500442130426364,476.6666666666667,1.3500442130426364
332,332,5,recov,0.25922879909857127,1.3500442130426364,476.6666666666667,1.3500442130426364
333,333,3,recov,0.25922879909857127,1.3500442130426364,476.6666666666667,1.3500442130426364
334,334,4,recov,0.25922879909857127,1.3500442130426364,476.6666666666667,1.3500442130426364
335,335,5,recov,0.25922879909857127,1.3500442130426364,476.6666666666667,1.3500442130426364
336,336,3,recov,0.25922879909857127,1.3500442130426364,476.6666666666667,1.3500442130426364
337,337,4,recov,0.25922879909857127,1.3500442130426364,476.6666666666667,1.3500442130426364
338,338,5,recov,0.25922879909857127,1.3500442130426364,476.6666666666667,1.3500442130426364
339,339,3,recov,0.25922879909857127,1.3500442130426364,476.6666666666667,1.3500442130426364
340,340,4,recov,0.25922879909857127,1.3500442130426364,476.6666666666667,1.3500442130426364
341,341,5,recov,0.25922879909857127,1.3500442130426364,476.6666666666667,1.3500442130426364
342,342,3,recov,0.25922879909857127,1.3500442130426364,476.6666666666667,1.3500442130426364
343,343,4,recov,0.25922879909857127,1.3500442130426364,476.6666666666667,1.3500442130426364
344,344,5,recov,0.25922879909857127,1.3500442130426364,476.6666666666667,1.3500442130426364
345,345,3,recov,0.25922879909857127,1.3500442130426364,476.6666666666667,1.3500442130426364
346,346,4,recov,0.25922879909857127,1.3500442130426364,476.6666666666667,1.3500442130426364
347,347,5,recov,0.25922879909857127,1.3500442130426364,476.6666666666667,1.3500442130426364
348,348,3,recov,0.25922879909857127,1.3500442130426364,476.6666666666667,1.3500442130426364
349,349,4,recov,0.25922879909857127,1.3500442130426364,476.6666666666667,1.3500442130426364
350,350,5,recov,0.25922879909857127,1.3500442130426364,476.6666666666667,1.3500442130426364
351,351,3,recov,0.25922879909857127,1.3500442130426364,476.6666666666667,1.3500442130426364
352,352,4,recov,0.25922879909857127,1.3500442130426364,476.6666666666667,1.3500442130426364
353,353,5,recov,0.25922879909857127,1.3500442130426364,476.6666666666667,1.3500442130426364
354,354,3,recov,0.25922879909857127,1.3500442130426364,476.6666666666667,1.3500442130426364
355,355,4,recov,0.25922879909857127,1.3500442130426364,476.6666666666667,1.3500442130426364
356,356,5,recov,0.25922879909857127,1.3500442130426364,476.6666666666667,1.3500442130426364
357,357,3,recov,0.25922879909857127,1.3500442130426364,476.6666666666667,1.3500442130426364
358,358,4,recov,0.25922879909857127,1.3500442130426364,476.6666666666667,1.3500442130426364
359,359,5,recov,0.25922879909857127,1.3500442130426364,476.6666666666667,1.3500442130426364
360,360,3,recov,0.25922879909857127,1.3500442130426364,476.6666666666667,1.3500442130426364
361,361,4,recov,0.25922879909857127,1.3500442130426364,476.6666666666667,1.3500442130426364
362,362,5,recov,0.25922879909857127,1.3500442130426364,476.6666666666667,1.3500442130426364
363,363,3,recov,0.25922879909857127,1.3500442130426364,476.6666666666667,1.3500442130426364
364,364,4,recov,0.25922879909857127,1.3500442130426364,476.6666666666667,1.3500442130426364
365,365,5,recov,0.25922879909857127,1.3500442130426364,476.6666666666667,1.3500442130426364
366,366,3,recov,0.25922879909857127,1.3500442130426364,476.6666666666667,1.3500442130426364
367,367,4,recov,0.25922879909857127,1.3500442130426364,476.6666666666667,1.3500442130426364
368,368,5,recov,0.25922879909857127,1.3500442130426364,476.6666666666667,1.3500442130426364
369,369,3,recov,0.25922879909857127,1.3500442130426364,476.6666666666667,1.3500442130426364
370,370,4,recov,0.25922879909857127,1.3500442130426364,476.6666666666667,1.3500442130426364
371,371,5,recov,0.25922879909857127,1.3500442130426364,476.6666666666667,1.3500442130426364
372,372,3,recov,0.25922879909857127,1.3500442130426364,476.6666666666667,1.3500442130426364
373,373,4,recov,0.25922879909857127,1.3500442130426364,476.6666666666667,1.3500442130426364
374,374,5,recov,0.25922879909857127,1.3500442130426364,476.6666666666667,1.3500442130426364
375,375,3,recov,0.25922879909857127,1.3500442130426364,476.6666666666667,1.3500442130426364
376,376,4,recov,0.25922879909857127,1.3500442130426364,476.6666666666667,1.3500442130426364
377,377,5,recov,0.25922879909857127,1.3500442130426364,476.6666666666667,1.3500442130426364
378,378,3,recov,0.25922879909857127,1.3500442130426364,476.6666666666667,1.3500442130426364
379,379,4,recov,0.25922879909857127,1.3500442130426364,476.6666666666667,1.3500442130426364
380,380,5,recov,0.25922879909857127,1.3500442130426364,476.6666666666667,1.3500442130426364
381,381,3,recov,0.25922879909857127,1.3500442130426364,476.6666666666667,1.3500442130426364
382,382,4,recov,0.25922879909857127,1.3500442130426364,476.6666666666667,1.3500442130426364
383,383,5,recov,0.25922879909857127,1.3500442130426364,476.6666666666667,1.3500442130426364
384,384,3,recov,0.25922879909857127,1.3500442130426364,476.6666666666667,1.3500442130426364
385,385,4,recov,0.25922879909857127,1.3500442130426364,476.6666666666667,1.3500442130426364
386,386,5,recov,0.25922879909857127,1.3500442130426364,476.6666666666667,1.3500442130426364
387,387,3,recov,0.25922879909857127,1.3500442130426364,476.6666666666667,1.3500442130426364
388,388,4,recov,0.25922879909857127,1.3500442130426364,476.6666666666667,1.3500442130426364
389,389,5,recov,0.25922879909857127,1.3500442130426364,476.6666666666667,1.3500442130426364
390,390,3,recov,0.25922879909857127,1.3500442130426364,476.6666666666667,1.3500442130426364
391,391,4,recov,0.25922879909857127,1.3500442130426364,476.6666666666667,1.3500442130426364
392,392,5,recov,0.25922879909857127,1.3500442130426364,476.6666666666667,1.3500442130426364
393,393,3,recov,0.25922879909857127,1.3500442130426364,476.6666666666667,1.3500442130426364
394,394,4,recov,0.25922879909857127,1.3500442130426364,476.6666666666667,1.3500442130426364
395,395,5,recov,0.25922879909857127,1.3500442130426364,476.6666666666667,1.3500442130426364
396,396,3,recov,0.25922879909857127,1.3500442130426364,476.6666666666667,1.3500442130426364
397,397,4,recov,0.25922879909857127,1.3500442130426364,476.6666666666667,1.3500442130426364
398,398,5,recov,0.25922879909857127,1.3500442130426364,476.6666666666667,1.3500442130426364
399,399,3,recov,0.25922879909857127,1.3500442130426364,476.6666666666667,1.3500442130426364
400,400,4,recov,0.25922879909857127,1.3500442130426364,476.6666666666667,1.3500442130426364
401,401,5,recov,0.25922879909857127,1.3500442130426364,476.6666666666667,1.3500442130426364
402,402,3,recov,0.25922879909857127,1.3500442130426364,476.6666666666667,1.3500442130426364
403,403,4,recov,0.25922879909857127,1.3500442130426364,476.6666666666667,1.3500442130426364
404,404,5,recov,0.25922879909857127,1.3500442130426364,476.6666666666667,1.3500442130426364
405,405,3,recov,0.25922879909857127,1.3500442130426364,476.6666666666667,1.3500442130426364
406,406,4,recov,0.25922879909857127,1.3500442130426364,476.6666666666667,1.3500442130426364
407,407,5,recov,0.25922879909857127,1.3500442130426364,476.6666666666667,1.3500442130426364
408,408,3,recov,0.25922879909857127,1.3500442130426364,476.6666666666667,1.3500442130426364
409,409,4,recov,0.25922879909857127,1.3500442130426364,476.6666666666667,1.3500442130426364
410,410,5,recov,0.25922879909857127,1.3500442130426364,476.6666666666667,1.3500442130426364
411,411,3,recov,0.25922879909857127,1.3500442130426364,476.6666666666667,1.3500442130426364
412,412,4,recov,0.25922879909857127,1.3500442130426364,476.6666666666667,1.3500442130426364
413,413,5,recov,0.25922879909857127,1.3500442130426364,476.6666666666667,1.3500442130426364
414,414,3,recov,0.25922879909857127,1.3500442130426364,476.6666666666667,1.3500442130426364
415,415,4,recov,0.25922879909857127,1.3500442130426364,476.6666666666667,1.3500442130426364
416,416,5,recov,0.25922879909857127,1.3500442130426364,476.6666666666667,1.3500442130426364
417,417,3,recov,0.25922879909857127,1.3500442130426364,476.6666666666667,1.3500442130426364
418,418,4,recov,0.25922879909857127,1.3500442130426364,476.6666666666667,1.3500442130426364
419,419,5,recov,0.25922879909857127,1.3500442130426364,476.6666666666667,1.3500442130426364
420,420,3,recov,0.25922879909857127,1.3500442130426364,476.6666666666667,1.3500442130426364
421,421,4,recov,0.25922879909857127,1.3500442130426364,476.6666666666667,1.3500442130426364
422,422,5,recov,0.25922879909857127,1.3500442130426364,476.6666666666667,1.3500442130426364
423,423,3,recov,0.25922879909857127,1.3500442130426364,476.6666666666667,1.3500442130426364
424,424,4,recov,0.25922879909857127,1.3500442130426364,476.6666666666667,1.3500442130426364
425,425,5,recov,0.25922879909857127,1.3500442130426364,476.6666666666667,1.3500442130426364
426,426,3,recov,0.25922879909857127,1.3500442130426364,476.6666666666667,1.3500442130426364
427,427,4,recov,0.25922879909857127,1.3500442130426364,476.6666666666667,1.3500442130426364
428,428,5,recov,0.25922879909857127,1.3500442130426364,476.6666666666667,1.3500442130426364
429,429,3,recov,0.25922879909857127,1.3500442130426364,476.6666666666667,1.3500442130426364
430,430,4,recov,0.25922879909857127,1.3500442130426364,476.6666666666667,1.3500442130426364
431,431,5,recov,0.25922879909857127,1.3500442130426364,476.6666666666667,1.3500442130426364
432,432,3,recov,0.25922879909857127,1.3500442130426364,476.6666666666667,1.3500442130426364
433,433,4,recov,0.25922879909857127,1.3500442130426364,476.6666666666667,1.3500442130426364
434,434,5,recov,0.25922879909857127,1.3500442130426364,476.6666666666667,1.3500442130426364
435,435,3,recov,0.25922879909857127,1.3500442130426364,476.6666666666667,1.3500442130426364
436,436,4,recov,0.25922879909857127,1.3500442130426364,476.6666666666667,1.3500442130426364
437,437,5,recov,0.25922879909857127,1.3500442130426364,476.6666666666667,1.3500442130426364
438,438,3,recov,0.25922879909857127,1.3500442130426364,476.6666666666667,1.3500442130426364
439,439,4,recov,0.25922879909857127,1.3500442130426364,476.6666666666667,1.3500442130426364
440,440,5,recov,0.25922879909857127,1.3500442130426364,476.6666666666667,1.3500442130426364
441,441,3,recov,0.25922879909857127,1.3500442130426364,476.6666666666667,1.3500442130426364
442,442,4,recov,0.25922879909857127,1.3500442130426364,476.6666666666667,1.3500442130426364
443,443,5,recov,0.25922879909857127,1.3500442130426364,476.6666666666667,1.3500442130426364
444,444,3,recov,0.25922879909857127,1.3500442130426364,476.6666666666667,1.3500442130426364
445,445,4,recov,0.25922879909857127,1.3500442130426364,476.6666666666667,1.3500442130426364
446,446,5,recov,0.25922879909857127,1.3500442130426364,476.6666666666667,1.3500442130426364
447,447,3,recov,0.25922879909857127,1.3500442130426364,476.6666666666667,1.3500442130426364
448,448,4,recov,0.25922879909857127,1.3500442130426364,476.6666666666667,1.3500442130426364
449,449,5,recov,0.25922879909857127,1.3500442130426364,476.6666666666667,1.3500442130426364
450,450,3,recov,0.25922879909857127,1.3500442130426364,476.6666666666667,1.3500442130426364
451,451,4,recov,0.25922879909857127,1.3500442130426364,476.6666666666667,1.3500442130426364
452,452,5,recov,0.25922879909857127,1.3500442130426364,476.6666666666667,1.3500442130426364
453,453,3,recov,0.25922879909857127,1.3500442130426364,476.6666666666667,1.3500442130426364
454,454,4,recov,0.25922879909857127,1.3500442130426364,476.6666666666667,1.3500442130426364
455,455,5,recov,0.25922879909857127,1.3500442130426364,476.6666666666667,1.3500442130426364
456,456,3,recov,0.25922879909857127,1.3500442130426364,476.6666666666667,1.3500442130426364
457,457,4,recov,0.25922879909857127,1.3500442130426364,476.6666666666667,1.3500442130426364
458,458,5,recov,0.25922879909857127,1.3500442130426364,476.6666666666667,1.3500442130426364
459,459,3,recov,0.25922879909857127,1.3500442130426364,476.6666666666667,1.3500442130426364
460,460,4,recov,0.25922879909857127,1.3500442130426364,476.6666666666667,1.3500442130426364
461,461,5,recov,0.25922879909857127,1.3500442130426364,476.6666666666667,1.3500442130426364
462,462,3,recov,0.25922879909857127,1.3500442130426364,476.6666666666667,1.3500442130426364
463,463,4,recov,0.25922879909857127,1.3500442130426364,476.6666666666667,1.3500442130426364
464,464,5,recov,0.25922879909857127,1.3500442130426364,476.6666666666667,1.3500442130426364
465,465,3,recov,0.25922879909857127,1.3500442130426364,476.6666666666667,1.3500442130426364
466,466,4,recov,0.25922879909857127,1.3500442130426364,476.6666666666667,1.3500442130426364
467,467,5,recov,0.25922879909857127,1.3500442130426364,476.6666666666667,1.3500442130426364
468,468,3,recov,0.25922879909857127,1.3500442130426364,476.6666666666667,1.3500442130426364
469,469,4,recov,0.25922879909857127,1.3500442130426364,476.6666666666667,1.3500442130426364
470,470,5,recov,0.25922879909857127,1.3500442130426364,476.6666666666667,1.3500442130426364
471,471,3,recov,0.25922879909857127,1.3500442130426364,476.6666666666667,1.3500442130426364
472,472,4,recov,0.25922879909857127,1.3500442130426364,476.6666666666667,1.3500442130426364
473,473,5,recov,0.25922879909857127,1.3500442130426364,476.6666666666667,1.3500442130426364
474,474,3,recov,0.25922879909857127,1.3500442130426364,476.6666666666667,1.3500442130426364
475,475,4,recov,0.25922879909857127,1.3500442130426364,476.6666666666667,1.3500442130426364
476,476,5,recov,0.25922879909857127,1.3500442130426364,476.6666666666667,1.3500442130426364
477,477,3,recov,0.25922879909857127,1.3500442130426364,476.6666666666667,1.3500442130426364
478,478,4,recov,0.25922879909857127,1.3500442130426364,476.6666666666667,1.3500442130426364
479,479,5,recov,0.25922879909857127,1.3500442130426364,476.6666666666667,1.3500442130426364
480,480,3,recov,0.25922879909857127,1.3500442130426364,476.6666666666667,1.3500442130426364
481,481,4,recov,0.25922879909857127,1.3500442130426364,476.6666666666667,1.3500442130426364
482,482,5,recov,0.25922879909857127,1.3500442130426364,476.6666666666667,1.3500442130426364
483,483,3,recov,0.25922879909857127,1.3500442130426364,476.6666666666667,1.3500442130426364
484,484,4,recov,0.25922879909857127,1.3500442130426364,476.6666666666667,1.3500442130426364
485,485,5,recov,0.25922879909857127,1.3500442130426364,476.6666666666667,1.3500442130426364
486,486,3,recov,0.25922879909857127,1.3500442130426364,476.6666666666667,1.3500442130426364
487,487,4,recov,0.25922879909857127,1.3500442130426364,476.6666666666667,1.3500442130426364
488,488,5,recov,0.25922879909857127,1.3500442130426364,476.6666666666667,1.3500442130426364
489,489,3,recov,0.25922879909857127,1.3500442130426364,476.6666666666667,1.3500442130426364
490,490,4,recov,0.25922879909857127,1.3500442130426364,476.6666666666667,1.3500442130426364
491,491,5,recov,0.25922879909857127,1.3500442130426364,476.6666666666667,1.3500442130426364
492,492,3,recov,0.25922879909857127,1.3500442130426364,476.6666666666667,1.3500442130426364
493,493,4,recov,0.25922879909857127,1.3500442130426364,476.6666666666667,1.3500442130426364
494,494,5,recov,0.25922879909857127,1.3500442130426364,476.6666666666667,1.3500442130426364
495,495,3,recov,0.25922879909857127,1.3500442130426364,476.6666666666667,1.3500442130426364
496,496,4,recov,0.25922879909857127,1.3500442130426364,476.6666666666667,1.3500442130426364
497,497,5,recov,0.25922879909857127,1.3500442130426364,476.6666666666667,1.3500442130426364
498,498,3,recov,0.25922879909857127,1.3500442130426364,476.6666666666667,1.3500442130426364
499,499,4,recov,0.25922879909857127,1.3500442130426364,476.6666666666667,1.3500442130426364
500,500,5,recov,0.25922879909857127,1.3500442130426364,476.6666666666667,1.3500442130426364
501,501,3,recov,0.25922879909857127,1.3500442130426364,476.6666666666667,1.3500442130426364
502,502,4,recov,0.25922879909857127,1.3500442130426364,476.6666666666667,1.3500442130426364
503,503,5,recov,0.25922879909857127,1.3500442130426364,476.6666666666667,1.3500442130426364
504,504,3,recov,0.25922879909857127,1.3500442130426364,476.6666666666667,1.3500442130426364
505,505,4,recov,0.25922879909857127,1.3500442130426364,476.6666666666667,1.3500442130426364
506,506,5,recov,0.25922879909857127,1.3500442130426364,476.6666666666667,1.3500442130426364
507,507,3,recov,0.25922879909857127,1.3500442130426364,476.6666666666667,1.3500442130426364
508,508,4,recov,0.25922879909857127,1.3500442130426364,476.6666666666667,1.3500442130426364
509,509,5,recov,0.25922879909857127,1.3500442130426364,476.6666666666667,1.3500442130426364
510,510,3,recov,0.25922879909857127,1.3500442130426364,476.6666666666667,1.3500442130426364
511,511,4,recov,0.25922879909857127,1.3500442130426364,476.6666666666667,1.3500442130426364
512,512,5,recov,0.25922879909857127,1.3500442130426364,476.6666666666667,1.3500442130426364
513,513,3,recov,0.25922879909857127,1.3500442130426364,476.6666666666667,1.3500442130426364
514,514,4,recov,0.25922879909857127,1.3500442130426364,476.6666666666667,1.3500442130426364
515,515,5,recov,0.25922879909857127,1.3500442130426364,476.6666666666667,1.3500442130426364
516,516,3,recov,0.25922879909857127,1.3500442130426364,476.6666666666667,1.3500442130426364
517,517,4,recov,0.25922879909857127,1.3500442130426364,476.6666666666667,1.3500442130426364
518,518,5,recov,0.25922879909857127,1.3500442130426364,476.6666666666667,1.3500442130426364
519,519,3,recov,0.25922879909857127,1.3500442130426364,476.6666666666667,1.3500442130426364
520,520,4,recov,0.25922879909857127,1.3500442130426364,476.6666666666667,1.3500442130426364
521,521,5,recov,0.25922879909857127,1.3500442130426364,476.6666666666667,1.3500442130426364
522,522,3,recov,0.25922879909857127,1.3500442130426364,476.6666666666667,1.3500442130426364
523,523,4,recov,0.25922879909857127,1.3500442130426364,476.6666666666667,1.3500442130426364
524,524,5,recov,0.25922879909857127,1.3500442130426364,476.6666666666667,1.3500442130426364
525,525,3,recov,0.25922879909857127,1.3500442130426364,476.6666666666667,1.3500442130426364
526,526,4,recov,0.25922879909857127,1.3500442130426364,476.6666666666667,1.3500442130426364
527,527,5,recov,0.25922879909857127,1.3500442130426364,476.6666666666667,1.3500442130426364
528,528,3,recov,0.25922879909857127,1.3500442130426364,476.6666666666667,1.3500442130426364
529,529,4,recov,0.25922879909857127,1.3500442130426364,476.6666666666667,1.3500442130426364
530,530,5,recov,0.25922879909857127,1.3500442130426364,476.6666666666667,1.3500442130426364
531,531,3,recov,0.25922879909857127,1.3500442130426364,476.6666666666667,1.3500442130426364
532,532,4,recov,0.25922879909857127,1.3500442130426364,476.6666666666667,1.3500442130426364
533,533,5,recov,0.25922879909857127,1.3500442130426364,476.6666666666667,1.3500442130426364
534,534,3,recov,0.25922879909857127,1.3500442130426364,476.6666666666667,1.3500442130426364
535,535,4,recov,0.25922879909857127,1.3500442130426364,476.6666666666667,1.3500442130426364
536,536,5,recov,0.25922879909857127,1.3500442130426364,476.6666666666667,1.3500442130426364
537,537,3,recov,0.25922879909857127,1.3500442130426364,476.6666666666667,1.3500442130426364
538,538,4,recov,0.25922879909857127,1.3500442130426364,476.6666666666667,1.3500442130426364
539,539,5,recov,0.25922879909857127,1.3500442130426364,476.6666666666667,1.3500442130426364
540,540,3,recov,0.25922879909857127,1.3500442130426364,476.6666666666667,1.3500442130426364
541,541,4,recov,0.25922879909857127,1.3500442130426364,476.6666666666667,1.3500442130426364
542,542,5,recov,0.25922879909857127,1.3500442130426364,476.6666666666667,1.3500442130426364
543,543,0,fam_r,0.00019751135690302202,8.529714471969909,476.6666666666667,1.3500442130426364
544,544,1,fam_r,0.00019751135690302202,8.529714471969909,476.6666666666667,1.3500442130426364
545,545,2,fam_r,0.00019751135690302202,8.529714471969909,476.6666666666667,1.3500442130426364
546,546,0,fam_r,0.12660477977483714,2.0666850150492384,476.6666666666667,1.3500442130426364
547,547,1,fam_r,0.12660477977483714,2.0666850150492384,476.6666666666667,1.3500442130426364
548,548,2,fam_r,0.12660477977483714,2.0666850150492384,476.6666666666667,1.3500442130426364
549,549,0,fam_r,0.1913253012048194,1.6537801519776076,476.6666666666667,1.3500442130426364
550,550,1,fam_r,0.1913253012048194,1.6537801519776076,476.6666666666667,1.3500442130426364
551,551,2,fam_r,0.1913253012048194,1.6537801519776076,476.6666666666667,1.3500442130426364
552,552,0,fam_r,0.2244622081769703,1.4940479237119964,476.6666666666667,1.3500442130426364
553,553,1,fam_r,0.2244622081769703,1.4940479237119964,476.6666666666667,1.3500442130426364
554,554,2,fam_r,0.2244622081769703,1.4940479237119964,476.6666666666667,1.3500442130426364
555,555,0,fam_r,0.2414283045467116,1.421182725548764,476.6666666666667,1.3500442130426364
556,556,1,fam_r,0.2414283045467116,1.421182725548764,476.6666666666667,1.3500442130426364
557,557,2,fam_r,0.2414283045467116,1.421182725548764,476.6666666666667,1.3500442130426364
