,time_step,stimulus,type,familiarity,novelty,dN,steady
0,0,0,fam,0.06666666666666667,2.70805020110221,0.0,2.705079691809917
1,1,1,fam,0.0664451827242525,2.7113779911948845,0.0,2.705079691809917
2,2,2,fam,0.06635700066357002,2.712706012638404,0.0,2.705079691809917
3,3,0,fam,0.06685236768802229,2.7052685581403333,0.0,2.705079691809917
4,4,1,fam,0.06683818263798637,2.70548076536148,0.0,2.705079691809917
5,5,2,fam,0.06683251030334533,2.705565635642611,0.0,2.705079691809917
6,6,0,fam,0.06686418715862211,2.7050917741864815,0.0,2.705079691809917
7,7,1,fam,0.06686327927512024,2.7051053523021236,0.0,2.705079691809917
8,8,2,fam,0.06686291612862272,2.705110783496759,0.0,2.705079691809917
9,9,0,fam,0.06686494333836301,2.7050804650612656,0.0,2.705079691809917
10,10,1,fam,0.06686488523365408,2.7050813340477817,0.0,2.705079691809917
11,11,2,fam,0.0668648619917988,2.7050816816421768,0.0,2.705079691809917
12,12,0,fam,0.06686499173277574,2.705079741297918,0.0,2.705079691809917
13,13,1,fam,0.06686498801407369,2.7050797969130027,0.0,2.705079691809917
14,14,2,fam,0.06686498652659298,2.7050798191590353,0.0,2.705079691809917
15,15,0,fam,0.0668649948300137,2.7050796949771483,0.0,2.705079691809917
16,16,1,fam,0.06686499459201677,2.7050796985365135,0.0,2.705079691809917
17,17,2,fam,0.06686499449681799,2.7050796999602595,0.0,2.705079691809917
18,18,0,fam,0.0668649950282369,2.7050796920126197,0.0,2.705079691809917
19,19,1,fam,0.0668649950130051,2.705079692240419,0.0,2.705079691809917
20,20,2,fam,0.06686499500691237,2.7050796923315388,0.0,2.705079691809917
21,21,0,fam,0.06686499504092318,2.7050796918228897,0.0,2.705079691809917
22,22,1,fam,0.06686499503994835,2.705079691837469,0.0,2.705079691809917
23,23,2,fam,0.06686499503955841,2.705079691843301,0.0,2.705079691809917
24,24,0,fam,0.0668649950417351,2.7050796918107474,0.0,2.705079691809917
25,25,1,fam,0.06686499504167272,2.70507969181168,0.0,2.705079691809917
26,26,2,fam,0.06686499504164777,2.7050796918120534,0.0,2.705079691809917
27,27,0,fam,0.06686499504178707,2.7050796918099698,0.0,2.705079691809917
28,28,1,fam,0.06686499504178307,2.7050796918100297,0.0,2.705079691809917
29,29,2,fam,0.06686499504178148,2.7050796918100537,0.0,2.705079691809917
30,30,0,fam,0.0668649950417904,2.70507969180992,0.0,2.705079691809917
31,31,1,fam,0.06686499504179015,2.705079691809924,0.0,2.705079691809917
32,32,2,fam,0.06686499504179004,2.7050796918099254,0.0,2.705079691809917
33,33,0,fam,0.06686499504179061,2.705079691809917,0.0,2.705079691809917
34,34,1,fam,0.0668649950417906,2.7050796918099174,0.0,2.705079691809917
35,35,2,fam,0.0668649950417906,2.7050796918099174,0.0,2.705079691809917
36,36,0,fam,0.06686499504179061,2.705079691809917,0.0,2.705079691809917
37,37,1,fam,0.06686499504179061,2.705079691809917,0.0,2.705079691809917
38,38,2,fam,0.06686499504179061,2.705079691809917,0.0,2.705079691809917
39,39,0,fam,0.06686499504179061,2.705079691809917,0.0,2.705079691809917
40,40,1,fam,0.06686499504179061,2.705079691809917,0.0,2.705079691809917
41,41,2,fam,0.06686499504179061,2.705079691809917,0.0,2.705079691809917
42,42,0,fam,0.06686499504179061,2.705079691809917,0.0,2.705079691809917
43,43,1,fam,0.06686499504179061,2.705079691809917,0.0,2.705079691809917
44,44,2,fam,0.06686499504179061,2.705079691809917,0.0,2.705079691809917
45,45,0,fam,0.06686499504179061,2.705079691809917,0.0,2.705079691809917
46,46,1,fam,0.06686499504179061,2.705079691809917,0.0,2.705079691809917
47,47,2,fam,0.06686499504179061,2.705079691809917,0.0,2.705079691809917
48,48,0,fam,0.06686499504179061,2.705079691809917,0.0,2.705079691809917
49,49,1,fam,0.06686499504179061,2.705079691809917,0.0,2.705079691809917
50,50,2,fam,0.06686499504179061,2.705079691809917,0.0,2.705079691809917
51,51,0,fam,0.06686499504179061,2.705079691809917,0.0,2.705079691809917
52,52,1,fam,0.06686499504179061,2.705079691809917,0.0,2.705079691809917
53,53,2,fam,0.06686499504179061,2.705079691809917,0.0,2.705079691809917
54,54,0,fam,0.06686499504179061,2.705079691809917,0.0,2.705079691809917
55,55,1,fam,0.06686499504179061,2.705079691809917,0.0,2.705079691809917
56,56,2,fam,0.06686499504179061,2.705079691809917,0.0,2.705079691809917
57,57,0,fam,0.06686499504179061,2.705079691809917,0.0,2.705079691809917
58,58,1,fam,0.06686499504179061,2.705079691809917,0.0,2.705079691809917
59,59,2,fam,0.06686499504179061,2.705079691809917,0.0,2.705079691809917
60,60,0,fam,0.06686499504179061,2.705079691809917,0.0,2.705079691809917
61,61,1,fam,0.06686499504179061,2.705079691809917,0.0,2.705079691809917
62,62,2,fam,0.06686499504179061,2.705079691809917,0.0,2.705079691809917
63,63,0,fam,0.06686499504179061,2.705079691809917,0.0,2.705079691809917
64,64,1,fam,0.06686499504179061,2.705079691809917,0.0,2.705079691809917
65,65,2,fam,0.06686499504179061,2.705079691809917,0.0,2.705079691809917
66,66,0,fam_r,0.06686499504179061,2.705079691809917,0.0,2.705079691809917
67,67,1,fam_r,0.06686499504179061,2.705079691809917,0.0,2.705079691809917
68,68,2,fam_r,0.06686499504179061,2.705079691809917,0.0,2.705079691809917
69,69,0,fam_r,0.06686499504179061,2.705079691809917,0.0,2.705079691809917
70,70,1,fam_r,0.06686499504179061,2.705079691809917,0.0,2.705079691809917
71,71,2,fam_r,0.06686499504179061,2.705079691809917,0.0,2.705079691809917
72,72,0,fam_r,0.06686499504179061,2.705079691809917,0.0,2.705079691809917
73,73,1,fam_r,0.06686499504179061,2.705079691809917,0.0,2.705079691809917
74,74,2,fam_r,0.06686499504179061,2.705079691809917,0.0,2.705079691809917
75,75,0,fam_r,0.06686499504179061,2.705079691809917,0.0,2.705079691809917
76,76,1,fam_r,0.06686499504179061,2.705079691809917,0.0,2.705079691809917
77,77,2,fam_r,0.06686499504179061,2.705079691809917,0.0,2.705079691809917
78,78,0,fam_r,0.06686499504179061,2.705079691809917,0.0,2.705079691809917
79,79,1,fam_r,0.06686499504179061,2.705079691809917,0.0,2.705079691809917
80,80,2,fam_r,0.06686499504179061,2.705079691809917,0.0,2.705079691809917
0,0,0,fam,0.06666666666666667,2.70805020110221,73.33333333333334,2.705079691809917
1,1,1,fam,0.0664451827242525,2.7113779911948845,73.33333333333334,2.705079691809917
2,2,2,fam,0.06635700066357002,2.712706012638404,73.33333333333334,2.705079691809917
3,3,0,fam,0.06685236768802229,2.7052685581403333,73.33333333333334,2.705079691809917
4,4,1,fam,0.06683818263798637,2.70548076536148,73.33333333333334,2.705079691809917
5,5,2,fam,0.06683251030334533,2.705565635642611,73.33333333333334,2.705079691809917
6,6,0,fam,0.06686418715862211,2.7050917741864815,73.33333333333334,2.705079691809917
7,7,1,fam,0.06686327927512024,2.7051053523021236,73.33333333333334,2.705079691809917
8,8,2,fam,0.06686291612862272,2.705110783496759,73.33333333333334,2.705079691809917
9,9,0,fam,0.06686494333836301,2.7050804650612656,73.33333333333334,2.705079691809917
10,10,1,fam,0.06686488523365408,2.7050813340477817,73.33333333333334,2.705079691809917
11,11,2,fam,0.0668648619917988,2.7050816816421768,73.33333333333334,2.705079691809917
12,12,0,fam,0.06686499173277574,2.705079741297918,73.33333333333334,2.705079691809917
13,13,1,fam,0.06686498801407369,2.7050797969130027,73.33333333333334,2.705079691809917
14,14,2,fam,0.06686498652659298,2.7050798191590353,73.33333333333334,2.705079691809917
15,15,0,fam,0.0668649948300137,2.7050796949771483,73.33333333333334,2.705079691809917
16,16,1,fam,0.06686499459201677,2.7050796985365135,73.33333333333334,2.705079691809917
17,17,2,fam,0.06686499449681799,2.7050796999602595,73.33333333333334,2.705079691809917
18,18,0,fam,0.0668649950282369,2.7050796920126197,73.33333333333334,2.705079691809917
19,19,1,fam,0.0668649950130051,2.705079692240419,73.33333333333334,2.705079691809917
20,20,2,fam,0.06686499500691237,2.7050796923315388,73.33333333333334,2.705079691809917
21,21,0,fam,0.06686499504092318,2.7050796918228897,73.33333333333334,2.705079691809917
22,22,1,fam,0.06686499503994835,2.705079691837469,73.33333333333334,2.705079691809917
23,23,2,fam,0.06686499503955841,2.705079691843301,73.33333333333334,2.705079691809917
24,24,0,fam,0.0668649950417351,2.7050796918107474,73.33333333333334,2.705079691809917
25,25,1,fam,0.06686499504167272,2.70507969181168,73.33333333333334,2.705079691809917
26,26,2,fam,0.06686499504164777,2.7050796918120534,73.33333333333334,2.705079691809917
27,27,0,fam,0.06686499504178707,2.7050796918099698,73.33333333333334,2.705079691809917
28,28,1,fam,0.06686499504178307,2.7050796918100297,73.33333333333334,2.705079691809917
29,29,2,fam,0.06686499504178148,2.7050796918100537,73.33333333333334,2.705079691809917
30,30,0,fam,0.0668649950417904,2.70507969180992,73.33333333333334,2.705079691809917
31,31,1,fam,0.06686499504179015,2.705079691809924,73.33333333333334,2.705079691809917
32,32,2,fam,0.06686499504179004,2.7050796918099254,73.33333333333334,2.705079691809917
33,33,0,fam,0.06686499504179061,2.705079691809917,73.33333333333334,2.705079691809917
34,34,1,fam,0.0668649950417906,2.7050796918099174,73.33333333333334,2.705079691809917
35,35,2,fam,0.0668649950417906,2.7050796918099174,73.33333333333334,2.705079691809917
36,36,0,fam,0.06686499504179061,2.705079691809917,73.33333333333334,2.705079691809917
37,37,1,fam,0.06686499504179061,2.705079691809917,73.33333333333334,2.705079691809917
38,38,2,fam,0.06686499504179061,2.705079691809917,73.33333333333334,2.705079691809917
39,39,0,fam,0.06686499504179061,2.705079691809917,73.33333333333334,2.705079691809917
40,40,1,fam,0.06686499504179061,2.705079691809917,73.33333333333334,2.705079691809917
41,41,2,fam,0.06686499504179061,2.705079691809917,73.33333333333334,2.705079691809917
42,42,0,fam,0.06686499504179061,2.705079691809917,73.33333333333334,2.705079691809917
43,43,1,fam,0.06686499504179061,2.705079691809917,73.33333333333334,2.705079691809917
44,44,2,fam,0.06686499504179061,2.705079691809917,73.33333333333334,2.705079691809917
45,45,0,fam,0.06686499504179061,2.705079691809917,73.33333333333334,2.705079691809917
46,46,1,fam,0.06686499504179061,2.705079691809917,73.33333333333334,2.705079691809917
47,47,2,fam,0.06686499504179061,2.705079691809917,73.33333333333334,2.705079691809917
48,48,0,fam,0.06686499504179061,2.705079691809917,73.33333333333334,2.705079691809917
49,49,1,fam,0.06686499504179061,2.705079691809917,73.33333333333334,2.705079691809917
50,50,2,fam,0.06686499504179061,2.705079691809917,73.33333333333334,2.705079691809917
51,51,0,fam,0.06686499504179061,2.705079691809917,73.33333333333334,2.705079691809917
52,52,1,fam,0.06686499504179061,2.705079691809917,73.33333333333334,2.705079691809917
53,53,2,fam,0.06686499504179061,2.705079691809917,73.33333333333334,2.705079691809917
54,54,0,fam,0.06686499504179061,2.705079691809917,73.33333333333334,2.705079691809917
55,55,1,fam,0.06686499504179061,2.705079691809917,73.33333333333334,2.705079691809917
56,56,2,fam,0.06686499504179061,2.705079691809917,73.33333333333334,2.705079691809917
57,57,0,fam,0.06686499504179061,2.705079691809917,73.33333333333334,2.705079691809917
58,58,1,fam,0.06686499504179061,2.705079691809917,73.33333333333334,2.705079691809917
59,59,2,fam,0.06686499504179061,2.705079691809917,73.33333333333334,2.705079691809917
60,60,0,fam,0.06686499504179061,2.705079691809917,73.33333333333334,2.705079691809917
61,61,1,fam,0.06686499504179061,2.705079691809917,73.33333333333334,2.705079691809917
62,62,2,fam,0.06686499504179061,2.705079691809917,73.33333333333334,2.705079691809917
63,63,0,fam,0.06686499504179061,2.705079691809917,73.33333333333334,2.705079691809917
64,64,1,fam,0.06686499504179061,2.705079691809917,73.33333333333334,2.705079691809917
65,65,2,fam,0.06686499504179061,2.705079691809917,73.33333333333334,2.705079691809917
66,66,3,recov,0.06629834254143646,2.7135903814778253,73.33333333333334,2.705079691809917
67,67,4,recov,0.06629834254143646,2.7135903814778253,73.33333333333334,2.705079691809917
68,68,5,recov,0.06629834254143646,2.7135903814778253,73.33333333333334,2.705079691809917
69,69,3,recov,0.06682872928176795,2.705622211828649,73.33333333333334,2.705079691809917
70,70,4,recov,0.06682872928176795,2.705622211828649,73.33333333333334,2.705079691809917
71,71,5,recov,0.06682872928176795,2.705622211828649,73.33333333333334,2.705079691809917
72,72,3,recov,0.06686267403314916,2.7051144042767943,73.33333333333334,2.705079691809917
73,73,4,recov,0.06686267403314916,2.7051144042767943,73.33333333333334,2.705079691809917
74,74,5,recov,0.06686267403314916,2.7051144042767943,73.33333333333334,2.705079691809917
75,75,3,recov,0.06686484649723756,2.7050819133717066,73.33333333333334,2.705079691809917
76,76,4,recov,0.06686484649723756,2.7050819133717066,73.33333333333334,2.705079691809917
77,77,5,recov,0.06686484649723756,2.7050819133717066,73.33333333333334,2.705079691809917
78,78,3,recov,0.06686498553493922,2.7050798339897235,73.33333333333334,2.705079691809917
79,79,4,recov,0.06686498553493922,2.7050798339897235,73.33333333333334,2.705079691809917
80,80,5,recov,0.06686498553493922,2.7050798339897235,73.33333333333334,2.705079691809917
81,81,3,recov,0.06686499443335213,2.705079700909424,73.33333333333334,2.705079691809917
82,82,4,recov,0.06686499443335213,2.705079700909424,73.33333333333334,2.705079691809917
83,83,5,recov,0.06686499443335213,2.705079700909424,73.33333333333334,2.705079691809917
84,84,3,recov,0.06686499500285055,2.7050796923922853,73.33333333333334,2.705079691809917
85,85,4,recov,0.06686499500285055,2.7050796923922853,73.33333333333334,2.705079691809917
86,86,5,recov,0.06686499500285055,2.7050796923922853,73.33333333333334,2.705079691809917
87,87,3,recov,0.06686499503929845,2.7050796918471884,73.33333333333334,2.705079691809917
88,88,4,recov,0.06686499503929845,2.7050796918471884,73.33333333333334,2.705079691809917
89,89,5,recov,0.06686499503929845,2.7050796918471884,73.33333333333334,2.705079691809917
90,90,3,recov,0.06686499504163113,2.705079691812302,73.33333333333334,2.705079691809917
91,91,4,recov,0.06686499504163113,2.705079691812302,73.33333333333334,2.705079691809917
92,92,5,recov,0.06686499504163113,2.705079691812302,73.33333333333334,2.705079691809917
93,93,3,recov,0.06686499504178041,2.7050796918100697,73.33333333333334,2.705079691809917
94,94,4,recov,0.06686499504178041,2.7050796918100697,73.33333333333334,2.705079691809917
95,95,5,recov,0.06686499504178041,2.7050796918100697,73.33333333333334,2.705079691809917
96,96,3,recov,0.06686499504178997,2.7050796918099267,73.33333333333334,2.705079691809917
97,97,4,recov,0.06686499504178997,2.7050796918099267,73.33333333333334,2.705079691809917
98,98,5,recov,0.06686499504178997,2.7050796918099267,73.33333333333334,2.705079691809917
99,99,3,recov,0.06686499504179058,2.7050796918099174,73.33333333333334,2.705079691809917
100,100,4,recov,0.06686499504179058,2.7050796918099174,73.33333333333334,2.705079691809917
101,101,5,recov,0.06686499504179058,2.7050796918099174,73.33333333333334,2.705079691809917
102,102,3,recov,0.06686499504179061,2.705079691809917,73.33333333333334,2.705079691809917
103,103,4,recov,0.06686499504179061,2.705079691809917,73.33333333333334,2.705079691809917
104,104,5,recov,0.06686499504179061,2.705079691809917,73.33333333333334,2.705079691809917
105,105,3,recov,0.06686499504179061,2.705079691809917,73.33333333333334,2.705079691809917
106,106,4,recov,0.06686499504179061,2.705079691809917,73.33333333333334,2.705079691809917
107,107,5,recov,0.06686499504179061,2.705079691809917,73.33333333333334,2.705079691809917
108,108,3,recov,0.06686499504179061,2.705079691809917,73.33333333333334,2.705079691809917
109,109,4,recov,0.06686499504179061,2.705079691809917,73.33333333333334,2.705079691809917
110,110,5,recov,0.06686499504179061,2.705079691809917,73.33333333333334,2.705079691809917
111,111,3,recov,0.06686499504179061,2.705079691809917,73.33333333333334,2.705079691809917
112,112,4,recov,0.06686499504179061,2.705079691809917,73.33333333333334,2.705079691809917
113,113,5,recov,0.06686499504179061,2.705079691809917,73.33333333333334,2.705079691809917
114,114,3,recov,0.06686499504179061,2.705079691809917,73.33333333333334,2.705079691809917
115,115,4,recov,0.06686499504179061,2.705079691809917,73.33333333333334,2.705079691809917
116,116,5,recov,0.06686499504179061,2.705079691809917,73.33333333333334,2.705079691809917
117,117,3,recov,0.06686499504179061,2.705079691809917,73.33333333333334,2.705079691809917
118,118,4,recov,0.06686499504179061,2.705079691809917,73.33333333333334,2.705079691809917
119,119,5,recov,0.06686499504179061,2.705079691809917,73.33333333333334,2.705079691809917
120,120,3,recov,0.06686499504179061,2.705079691809917,73.33333333333334,2.705079691809917
121,121,4,recov,0.06686499504179061,2.705079691809917,73.33333333333334,2.705079691809917
122,122,5,recov,0.06686499504179061,2.705079691809917,73.33333333333334,2.705079691809917
123,123,3,recov,0.06686499504179061,2.705079691809917,73.33333333333334,2.705079691809917
124,124,4,recov,0.06686499504179061,2.705079691809917,73.33333333333334,2.705079691809917
125,125,5,recov,0.06686499504179061,2.705079691809917,73.33333333333334,2.705079691809917
126,126,3,recov,0.06686499504179061,2.705079691809917,73.33333333333334,2.705079691809917
127,127,4,recov,0.06686499504179061,2.705079691809917,73.33333333333334,2.705079691809917
128,128,5,recov,0.06686499504179061,2.705079691809917,73.33333333333334,2.705079691809917
129,129,3,recov,0.06686499504179061,2.705079691809917,73.33333333333334,2.705079691809917
130,130,4,recov,0.06686499504179061,2.705079691809917,73.33333333333334,2.705079691809917
131,131,5,recov,0.06686499504179061,2.705079691809917,73.33333333333334,2.705079691809917
132,132,3,recov,0.06686499504179061,2.705079691809917,73.33333333333334,2.705079691809917
133,133,4,recov,0.06686499504179061,2.705079691809917,73.33333333333334,2.705079691809917
134,134,5,recov,0.06686499504179061,2.705079691809917,73.33333333333334,2.705079691809917
135,135,3,recov,0.06686499504179061,2.705079691809917,73.33333333333334,2.705079691809917
136,136,4,recov,0.06686499504179061,2.705079691809917,73.33333333333334,2.705079691809917
137,137,5,recov,0.06686499504179061,2.705079691809917,73.33333333333334,2.705079691809917
138,138,0,fam_r,0.06629834254143646,2.7135903814778253,73.33333333333334,2.705079691809917
139,139,1,fam_r,0.06629834254143646,2.7135903814778253,73.33333333333334,2.705079691809917
140,140,2,fam_r,0.06629834254143646,2.7135903814778253,73.33333333333334,2.705079691809917
141,141,0,fam_r,0.06682872928176795,2.705622211828649,73.33333333333334,2.705079691809917
142,142,1,fam_r,0.06682872928176795,2.705622211828649,73.33333333333334,2.705079691809917
143,143,2,fam_r,0.06682872928176795,2.705622211828649,73.33333333333334,2.705079691809917
144,144,0,fam_r,0.06686267403314916,2.7051144042767943,73.33333333333334,2.705079691809917
145,145,1,fam_r,0.06686267403314916,2.7051144042767943,73.33333333333334,2.705079691809917
146,146,2,fam_r,0.06686267403314916,2.7051144042767943,73.33333333333334,2.705079691809917
147,147,0,fam_r,0.06686484649723756,2.7050819133717066,73.33333333333334,2.705079691809917
148,148,1,fam_r,0.06686484649723756,2.7050819133717066,73.33333333333334,2.705079691809917
149,149,2,fam_r,0.06686484649723756,2.7050819133717066,73.33333333333334,2.705079691809917
150,150,0,fam_r,0.06686498553493922,2.7050798339897235,73.33333333333334,2.705079691809917
151,151,1,fam_r,0.06686498553493922,2.7050798339897235,73.33333333333334,2.705079691809917
152,152,2,fam_r,0.06686498553493922,2.7050798339897235,73.33333333333334,2.705079691809917
0,0,0,fam,0.06666666666666667,2.70805020110221,146.66666666666669,2.705079691809917
1,1,1,fam,0.0664451827242525,2.7113779911948845,146.66666666666669,2.705079691809917
2,2,2,fam,0.06635700066357002,2.712706012638404,146.66666666666669,2.705079691809917
3,3,0,fam,0.06685236768802229,2.7052685581403333,146.66666666666669,2.705079691809917
4,4,1,fam,0.06683818263798637,2.70548076536148,146.66666666666669,2.705079691809917
5,5,2,fam,0.06683251030334533,2.705565635642611,146.66666666666669,2.705079691809917
6,6,0,fam,0.06686418715862211,2.7050917741864815,146.66666666666669,2.705079691809917
7,7,1,fam,0.06686327927512024,2.7051053523021236,146.66666666666669,2.705079691809917
8,8,2,fam,0.06686291612862272,2.705110783496759,146.66666666666669,2.705079691809917
9,9,0,fam,0.06686494333836301,2.7050804650612656,146.66666666666669,2.705079691809917
10,10,1,fam,0.06686488523365408,2.7050813340477817,146.66666666666669,2.705079691809917
11,11,2,fam,0.0668648619917988,2.7050816816421768,146.66666666666669,2.705079691809917
12,12,0,fam,0.06686499173277574,2.705079741297918,146.66666666666669,2.705079691809917
13,13,1,fam,0.06686498801407369,2.7050797969130027,146.66666666666669,2.705079691809917
14,14,2,fam,0.06686498652659298,2.7050798191590353,146.66666666666669,2.705079691809917
15,15,0,fam,0.0668649948300137,2.7050796949771483,146.66666666666669,2.705079691809917
16,16,1,fam,0.06686499459201677,2.7050796985365135,146.66666666666669,2.705079691809917
17,17,2,fam,0.06686499449681799,2.7050796999602595,146.66666666666669,2.705079691809917
18,18,0,fam,0.0668649950282369,2.7050796920126197,146.66666666666669,2.705079691809917
19,19,1,fam,0.0668649950130051,2.705079692240419,146.66666666666669,2.705079691809917
20,20,2,fam,0.06686499500691237,2.7050796923315388,146.66666666666669,2.705079691809917
21,21,0,fam,0.06686499504092318,2.7050796918228897,146.66666666666669,2.705079691809917
22,22,1,fam,0.06686499503994835,2.705079691837469,146.66666666666669,2.705079691809917
23,23,2,fam,0.06686499503955841,2.705079691843301,146.66666666666669,2.705079691809917
24,24,0,fam,0.0668649950417351,2.7050796918107474,146.66666666666669,2.705079691809917
25,25,1,fam,0.06686499504167272,2.70507969181168,146.66666666666669,2.705079691809917
26,26,2,fam,0.06686499504164777,2.7050796918120534,146.66666666666669,2.705079691809917
27,27,0,fam,0.06686499504178707,2.7050796918099698,146.66666666666669,2.705079691809917
28,28,1,fam,0.06686499504178307,2.7050796918100297,146.66666666666669,2.705079691809917
29,29,2,fam,0.06686499504178148,2.7050796918100537,146.66666666666669,2.705079691809917
30,30,0,fam,0.0668649950417904,2.70507969180992,146.66666666666669,2.705079691809917
31,31,1,fam,0.06686499504179015,2.705079691809924,146.66666666666669,2.705079691809917
32,32,2,fam,0.06686499504179004,2.7050796918099254,146.66666666666669,2.705079691809917
33,33,0,fam,0.06686499504179061,2.705079691809917,146.66666666666669,2.705079691809917
34,34,1,fam,0.0668649950417906,2.7050796918099174,146.66666666666669,2.705079691809917
35,35,2,fam,0.0668649950417906,2.7050796918099174,146.66666666666669,2.705079691809917
36,36,0,fam,0.06686499504179061,2.705079691809917,146.66666666666669,2.705079691809917
37,37,1,fam,0.06686499504179061,2.705079691809917,146.66666666666669,2.705079691809917
38,38,2,fam,0.06686499504179061,2.705079691809917,146.66666666666669,2.705079691809917
39,39,0,fam,0.06686499504179061,2.705079691809917,146.66666666666669,2.705079691809917
40,40,1,fam,0.06686499504179061,2.705079691809917,146.66666666666669,2.705079691809917
41,41,2,fam,0.06686499504179061,2.705079691809917,146.66666666666669,2.705079691809917
42,42,0,fam,0.06686499504179061,2.705079691809917,146.66666666666669,2.705079691809917
43,43,1,fam,0.06686499504179061,2.705079691809917,146.66666666666669,2.705079691809917
44,44,2,fam,0.06686499504179061,2.705079691809917,146.66666666666669,2.705079691809917
45,45,0,fam,0.06686499504179061,2.705079691809917,146.66666666666669,2.705079691809917
46,46,1,fam,0.06686499504179061,2.705079691809917,146.66666666666669,2.705079691809917
47,47,2,fam,0.06686499504179061,2.705079691809917,146.66666666666669,2.705079691809917
48,48,0,fam,0.06686499504179061,2.705079691809917,146.66666666666669,2.705079691809917
49,49,1,fam,0.06686499504179061,2.705079691809917,146.66666666666669,2.705079691809917
50,50,2,fam,0.06686499504179061,2.705079691809917,146.66666666666669,2.705079691809917
51,51,0,fam,0.06686499504179061,2.705079691809917,146.66666666666669,2.705079691809917
52,52,1,fam,0.06686499504179061,2.705079691809917,146.66666666666669,2.705079691809917
53,53,2,fam,0.06686499504179061,2.705079691809917,146.66666666666669,2.705079691809917
54,54,0,fam,0.06686499504179061,2.705079691809917,146.66666666666669,2.705079691809917
55,55,1,fam,0.06686499504179061,2.705079691809917,146.66666666666669,2.705079691809917
56,56,2,fam,0.06686499504179061,2.705079691809917,146.66666666666669,2.705079691809917
57,57,0,fam,0.06686499504179061,2.705079691809917,146.66666666666669,2.705079691809917
58,58,1,fam,0.06686499504179061,2.705079691809917,146.66666666666669,2.705079691809917
59,59,2,fam,0.06686499504179061,2.705079691809917,146.66666666666669,2.705079691809917
60,60,0,fam,0.06686499504179061,2.705079691809917,146.66666666666669,2.705079691809917
61,61,1,fam,0.06686499504179061,2.705079691809917,146.66666666666669,2.705079691809917
62,62,2,fam,0.06686499504179061,2.705079691809917,146.66666666666669,2.705079691809917
63,63,0,fam,0.06686499504179061,2.705079691809917,146.66666666666669,2.705079691809917
64,64,1,fam,0.06686499504179061,2.705079691809917,146.66666666666669,2.705079691809917
65,65,2,fam,0.06686499504179061,2.705079691809917,146.66666666666669,2.705079691809917
66,66,3,recov,0.06629834254143646,2.7135903814778253,146.66666666666669,2.705079691809917
67,67,4,recov,0.06629834254143646,2.7135903814778253,146.66666666666669,2.705079691809917
68,68,5,recov,0.06629834254143646,2.7135903814778253,146.66666666666669,2.705079691809917
69,69,3,recov,0.06682872928176795,2.705622211828649,146.66666666666669,2.705079691809917
70,70,4,recov,0.06682872928176795,2.705622211828649,146.66666666666669,2.705079691809917
71,71,5,recov,0.06682872928176795,2.705622211828649,146.66666666666669,2.705079691809917
72,72,3,recov,0.06686267403314916,2.7051144042767943,146.66666666666669,2.705079691809917
73,73,4,recov,0.06686267403314916,2.7051144042767943,146.66666666666669,2.705079691809917
74,74,5,recov,0.06686267403314916,2.7051144042767943,146.66666666666669,2.705079691809917
75,75,3,recov,0.06686484649723756,2.7050819133717066,146.66666666666669,2.705079691809917
76,76,4,recov,0.06686484649723756,2.7050819133717066,146.66666666666669,2.705079691809917
77,77,5,recov,0.06686484649723756,2.7050819133717066,146.66666666666669,2.705079691809917
78,78,3,recov,0.06686498553493922,2.7050798339897235,146.66666666666669,2.705079691809917
79,79,4,recov,0.06686498553493922,2.7050798339897235,146.66666666666669,2.705079691809917
80,80,5,recov,0.06686498553493922,2.7050798339897235,146.66666666666669,2.705079691809917
81,81,3,recov,0.06686499443335213,2.705079700909424,146.66666666666669,2.705079691809917
82,82,4,recov,0.06686499443335213,2.705079700909424,146.66666666666669,2.705079691809917
83,83,5,recov,0.06686499443335213,2.705079700909424,146.66666666666669,2.705079691809917
84,84,3,recov,0.06686499500285055,2.7050796923922853,146.66666666666669,2.705079691809917
85,85,4,recov,0.06686499500285055,2.7050796923922853,146.66666666666669,2.705079691809917
86,86,5,recov,0.06686499500285055,2.7050796923922853,146.66666666666669,2.705079691809917
87,87,3,recov,0.06686499503929845,2.7050796918471884,146.66666666666669,2.705079691809917
88,88,4,recov,0.06686499503929845,2.7050796918471884,146.66666666666669,2.705079691809917
89,89,5,recov,0.06686499503929845,2.7050796918471884,146.66666666666669,2.705079691809917
90,90,3,recov,0.06686499504163113,2.705079691812302,146.66666666666669,2.705079691809917
91,91,4,recov,0.06686499504163113,2.705079691812302,146.66666666666669,2.705079691809917
92,92,5,recov,0.06686499504163113,2.705079691812302,146.66666666666669,2.705079691809917
93,93,3,recov,0.06686499504178041,2.7050796918100697,146.66666666666669,2.705079691809917
94,94,4,recov,0.06686499504178041,2.7050796918100697,146.66666666666669,2.705079691809917
95,95,5,recov,0.06686499504178041,2.7050796918100697,146.66666666666669,2.705079691809917
96,96,3,recov,0.06686499504178997,2.7050796918099267,146.66666666666669,2.705079691809917
97,97,4,recov,0.06686499504178997,2.7050796918099267,146.66666666666669,2.705079691809917
98,98,5,recov,0.06686499504178997,2.7050796918099267,146.66666666666669,2.705079691809917
99,99,3,recov,0.06686499504179058,2.7050796918099174,146.66666666666669,2.705079691809917
100,100,4,recov,0.06686499504179058,2.7050796918099174,146.66666666666669,2.705079691809917
101,101,5,recov,0.06686499504179058,2.7050796918099174,146.66666666666669,2.705079691809917
102,102,3,recov,0.06686499504179061,2.705079691809917,146.66666666666669,2.705079691809917
103,103,4,recov,0.06686499504179061,2.705079691809917,146.66666666666669,2.705079691809917
104,104,5,recov,0.06686499504179061,2.705079691809917,146.66666666666669,2.705079691809917
105,105,3,recov,0.06686499504179061,2.705079691809917,146.66666666666669,2.705079691809917
106,106,4,recov,0.06686499504179061,2.705079691809917,146.66666666666669,2.705079691809917
107,107,5,recov,0.06686499504179061,2.705079691809917,146.66666666666669,2.705079691809917
108,108,3,recov,0.06686499504179061,2.705079691809917,146.66666666666669,2.705079691809917
109,109,4,recov,0.06686499504179061,2.705079691809917,146.66666666666669,2.705079691809917
110,110,5,recov,0.06686499504179061,2.705079691809917,146.66666666666669,2.705079691809917
111,111,3,recov,0.06686499504179061,2.705079691809917,146.66666666666669,2.705079691809917
112,112,4,recov,0.06686499504179061,2.705079691809917,146.66666666666669,2.705079691809917
113,113,5,recov,0.06686499504179061,2.705079691809917,146.66666666666669,2.705079691809917
114,114,3,recov,0.06686499504179061,2.705079691809917,146.66666666666669,2.705079691809917
115,115,4,recov,0.06686499504179061,2.705079691809917,146.66666666666669,2.705079691809917
116,116,5,recov,0.06686499504179061,2.705079691809917,146.66666666666669,2.705079691809917
117,117,3,recov,0.06686499504179061,2.705079691809917,146.66666666666669,2.705079691809917
118,118,4,recov,0.06686499504179061,2.705079691809917,146.66666666666669,2.705079691809917
119,119,5,recov,0.06686499504179061,2.705079691809917,146.66666666666669,2.705079691809917
120,120,3,recov,0.06686499504179061,2.705079691809917,146.66666666666669,2.705079691809917
121,121,4,recov,0.06686499504179061,2.705079691809917,146.66666666666669,2.705079691809917
122,122,5,recov,0.06686499504179061,2.705079691809917,146.66666666666669,2.705079691809917
123,123,3,recov,0.06686499504179061,2.705079691809917,146.66666666666669,2.705079691809917
124,124,4,recov,0.06686499504179061,2.705079691809917,146.66666666666669,2.705079691809917
125,125,5,recov,0.06686499504179061,2.705079691809917,146.66666666666669,2.705079691809917
126,126,3,recov,0.06686499504179061,2.705079691809917,146.66666666666669,2.705079691809917
127,127,4,recov,0.06686499504179061,2.705079691809917,146.66666666666669,2.705079691809917
128,128,5,recov,0.06686499504179061,2.705079691809917,146.66666666666669,2.705079691809917
129,129,3,recov,0.06686499504179061,2.705079691809917,146.66666666666669,2.705079691809917
130,130,4,recov,0.06686499504179061,2.705079691809917,146.66666666666669,2.705079691809917
131,131,5,recov,0.06686499504179061,2.705079691809917,146.66666666666669,2.705079691809917
132,132,3,recov,0.06686499504179061,2.705079691809917,146.66666666666669,2.705079691809917
133,133,4,recov,0.06686499504179061,2.705079691809917,146.66666666666669,2.705079691809917
134,134,5,recov,0.06686499504179061,2.705079691809917,146.66666666666669,2.705079691809917
135,135,3,recov,0.06686499504179061,2.705079691809917,146.66666666666669,2.705079691809917
136,136,4,recov,0.06686499504179061,2.705079691809917,146.66666666666669,2.705079691809917
137,137,5,recov,0.06686499504179061,2.705079691809917,146.66666666666669,2.705079691809917
138,138,3,recov,0.06686499504179061,2.705079691809917,146.66666666666669,2.705079691809917
139,139,4,recov,0.06686499504179061,2.705079691809917,146.66666666666669,2.705079691809917
140,140,5,recov,0.06686499504179061,2.705079691809917,146.66666666666669,2.705079691809917
141,141,3,recov,0.06686499504179061,2.705079691809917,146.66666666666669,2.705079691809917
142,142,4,recov,0.06686499504179061,2.705079691809917,146.66666666666669,2.705079691809917
143,143,5,recov,0.06686499504179061,2.705079691809917,146.66666666666669,2.705079691809917
144,144,3,recov,0.06686499504179061,2.705079691809917,146.66666666666669,2.705079691809917
145,145,4,recov,0.06686499504179061,2.705079691809917,146.66666666666669,2.705079691809917
146,146,5,recov,0.06686499504179061,2.705079691809917,146.66666666666669,2.705079691809917
147,147,3,recov,0.06686499504179061,2.705079691809917,146.66666666666669,2.705079691809917
148,148,4,recov,0.06686499504179061,2.705079691809917,146.66666666666669,2.705079691809917
149,149,5,recov,0.06686499504179061,2.705079691809917,146.66666666666669,2.705079691809917
150,150,3,recov,0.06686499504179061,2.705079691809917,146.66666666666669,2.705079691809917
151,151,4,recov,0.06686499504179061,2.705079691809917,146.66666666666669,2.705079691809917
152,152,5,recov,0.06686499504179061,2.705079691809917,146.66666666666669,2.705079691809917
153,153,3,recov,0.06686499504179061,2.705079691809917,146.66666666666669,2.705079691809917
154,154,4,recov,0.06686499504179061,2.705079691809917,146.66666666666669,2.705079691809917
155,155,5,recov,0.06686499504179061,2.705079691809917,146.66666666666669,2.705079691809917
156,156,3,recov,0.06686499504179061,2.705079691809917,146.66666666666669,2.705079691809917
157,157,4,recov,0.06686499504179061,2.705079691809917,146.66666666666669,2.705079691809917
158,158,5,recov,0.06686499504179061,2.705079691809917,146.66666666666669,2.705079691809917
159,159,3,recov,0.06686499504179061,2.705079691809917,146.66666666666669,2.705079691809917
160,160,4,recov,0.06686499504179061,2.705079691809917,146.66666666666669,2.705079691809917
161,161,5,recov,0.06686499504179061,2.705079691809917,146.66666666666669,2.705079691809917
162,162,3,recov,0.06686499504179061,2.705079691809917,146.66666666666669,2.705079691809917
163,163,4,recov,0.06686499504179061,2.705079691809917,146.66666666666669,2.705079691809917
164,164,5,recov,0.06686499504179061,2.705079691809917,146.66666666666669,2.705079691809917
165,165,3,recov,0.06686499504179061,2.705079691809917,146.66666666666669,2.705079691809917
166,166,4,recov,0.06686499504179061,2.705079691809917,146.66666666666669,2.705079691809917
167,167,5,recov,0.06686499504179061,2.705079691809917,146.66666666666669,2.705079691809917
168,168,3,recov,0.06686499504179061,2.705079691809917,146.66666666666669,2.705079691809917
169,169,4,recov,0.06686499504179061,2.705079691809917,146.66666666666669,2.705079691809917
170,170,5,recov,0.06686499504179061,2.705079691809917,146.66666666666669,2.705079691809917
171,171,3,recov,0.06686499504179061,2.705079691809917,146.66666666666669,2.705079691809917
172,172,4,recov,0.06686499504179061,2.705079691809917,146.66666666666669,2.705079691809917
173,173,5,recov,0.06686499504179061,2.705079691809917,146.66666666666669,2.705079691809917
174,174,3,recov,0.06686499504179061,2.705079691809917,146.66666666666669,2.705079691809917
175,175,4,recov,0.06686499504179061,2.705079691809917,146.66666666666669,2.705079691809917
176,176,5,recov,0.06686499504179061,2.705079691809917,146.66666666666669,2.705079691809917
177,177,3,recov,0.06686499504179061,2.705079691809917,146.66666666666669,2.705079691809917
178,178,4,recov,0.06686499504179061,2.705079691809917,146.66666666666669,2.705079691809917
179,179,5,recov,0.06686499504179061,2.705079691809917,146.66666666666669,2.705079691809917
180,180,3,recov,0.06686499504179061,2.705079691809917,146.66666666666669,2.705079691809917
181,181,4,recov,0.06686499504179061,2.705079691809917,146.66666666666669,2.705079691809917
182,182,5,recov,0.06686499504179061,2.705079691809917,146.66666666666669,2.705079691809917
183,183,3,recov,0.06686499504179061,2.705079691809917,146.66666666666669,2.705079691809917
184,184,4,recov,0.06686499504179061,2.705079691809917,146.66666666666669,2.705079691809917
185,185,5,recov,0.06686499504179061,2.705079691809917,146.66666666666669,2.705079691809917
186,186,3,recov,0.06686499504179061,2.705079691809917,146.66666666666669,2.705079691809917
187,187,4,recov,0.06686499504179061,2.705079691809917,146.66666666666669,2.705079691809917
188,188,5,recov,0.06686499504179061,2.705079691809917,146.66666666666669,2.705079691809917
189,189,3,recov,0.06686499504179061,2.705079691809917,146.66666666666669,2.705079691809917
190,190,4,recov,0.06686499504179061,2.705079691809917,146.66666666666669,2.705079691809917
191,191,5,recov,0.06686499504179061,2.705079691809917,146.66666666666669,2.705079691809917
192,192,3,recov,0.06686499504179061,2.705079691809917,146.66666666666669,2.705079691809917
193,193,4,recov,0.06686499504179061,2.705079691809917,146.66666666666669,2.705079691809917
194,194,5,recov,0.06686499504179061,2.705079691809917,146.66666666666669,2.705079691809917
195,195,3,recov,0.06686499504179061,2.705079691809917,146.66666666666669,2.705079691809917
196,196,4,recov,0.06686499504179061,2.705079691809917,146.66666666666669,2.705079691809917
197,197,5,recov,0.06686499504179061,2.705079691809917,146.66666666666669,2.705079691809917
198,198,3,recov,0.06686499504179061,2.705079691809917,146.66666666666669,2.705079691809917
199,199,4,recov,0.06686499504179061,2.705079691809917,146.66666666666669,2.705079691809917
200,200,5,recov,0.06686499504179061,2.705079691809917,146.66666666666669,2.705079691809917
201,201,3,recov,0.06686499504179061,2.705079691809917,146.66666666666669,2.705079691809917
202,202,4,recov,0.06686499504179061,2.705079691809917,146.66666666666669,2.705079691809917
203,203,5,recov,0.06686499504179061,2.705079691809917,146.66666666666669,2.705079691809917
204,204,3,recov,0.06686499504179061,2.705079691809917,146.66666666666669,2.705079691809917
205,205,4,recov,0.06686499504179061,2.705079691809917,146.66666666666669,2.705079691809917
206,206,5,recov,0.06686499504179061,2.705079691809917,146.66666666666669,2.705079691809917
207,207,3,recov,0.06686499504179061,2.705079691809917,146.66666666666669,2.705079691809917
208,208,4,recov,0.06686499504179061,2.705079691809917,146.66666666666669,2.705079691809917
209,209,5,recov,0.06686499504179061,2.705079691809917,146.66666666666669,2.705079691809917
210,210,3,recov,0.06686499504179061,2.705079691809917,146.66666666666669,2.705079691809917
211,211,4,recov,0.06686499504179061,2.705079691809917,146.66666666666669,2.705079691809917
212,212,5,recov,0.06686499504179061,2.705079691809917,146.66666666666669,2.705079691809917
213,213,0,fam_r,0.06629834254143646,2.7135903814778253,146.66666666666669,2.705079691809917
214,214,1,fam_r,0.06629834254143646,2.7135903814778253,146.66666666666669,2.705079691809917
215,215,2,fam_r,0.06629834254143646,2.7135903814778253,146.66666666666669,2.705079691809917
216,216,0,fam_r,0.06682872928176795,2.705622211828649,146.66666666666669,2.705079691809917
217,217,1,fam_r,0.06682872928176795,2.705622211828649,146.66666666666669,2.705079691809917
218,218,2,fam_r,0.06682872928176795,2.705622211828649,146.66666666666669,2.705079691809917
219,219,0,fam_r,0.06686267403314916,2.7051144042767943,146.66666666666669,2.705079691809917
220,220,1,fam_r,0.06686267403314916,2.7051144042767943,146.66666666666669,2.705079691809917
221,221,2,fam_r,0.06686267403314916,2.7051144042767943,146.66666666666669,2.705079691809917
222,222,0,fam_r,0.06686484649723756,2.7050819133717066,146.66666666666669,2.705079691809917
223,223,1,fam_r,0.06686484649723756,2.7050819133717066,146.66666666666669,2.705079691809917
224,224,2,fam_r,0.06686484649723756,2.7050819133717066,146.66666666666669,2.705079691809917
225,225,0,fam_r,0.06686498553493922,2.7050798339897235,146.66666666666669,2.705079691809917
226,226,1,fam_r,0.06686498553493922,2.7050798339897235,146.66666666666669,2.705079691809917
227,227,2,fam_r,0.06686498553493922,2.7050798339897235,146.66666666666669,2.705079691809917
0,0,0,fam,0.06666666666666667,2.70805020110221,220.0,2.705079691809917
1,1,1,fam,0.0664451827242525,2.7113779911948845,220.0,2.705079691809917
2,2,2,fam,0.06635700066357002,2.712706012638404,220.0,2.705079691809917
3,3,0,fam,0.06685236768802229,2.7052685581403333,220.0,2.705079691809917
4,4,1,fam,0.06683818263798637,2.70548076536148,220.0,2.705079691809917
5,5,2,fam,0.06683251030334533,2.705565635642611,220.0,2.705079691809917
6,6,0,fam,0.06686418715862211,2.7050917741864815,220.0,2.705079691809917
7,7,1,fam,0.06686327927512024,2.7051053523021236,220.0,2.705079691809917
8,8,2,fam,0.06686291612862272,2.705110783496759,220.0,2.705079691809917
9,9,0,fam,0.06686494333836301,2.7050804650612656,220.0,2.705079691809917
10,10,1,fam,0.06686488523365408,2.7050813340477817,220.0,2.705079691809917
11,11,2,fam,0.0668648619917988,2.7050816816421768,220.0,2.705079691809917
12,12,0,fam,0.06686499173277574,2.705079741297918,220.0,2.705079691809917
13,13,1,fam,0.06686498801407369,2.7050797969130027,220.0,2.705079691809917
14,14,2,fam,0.06686498652659298,2.7050798191590353,220.0,2.705079691809917
15,15,0,fam,0.0668649948300137,2.7050796949771483,220.0,2.705079691809917
16,16,1,fam,0.06686499459201677,2.7050796985365135,220.0,2.705079691809917
17,17,2,fam,0.06686499449681799,2.7050796999602595,220.0,2.705079691809917
18,18,0,fam,0.0668649950282369,2.7050796920126197,220.0,2.705079691809917
19,19,1,fam,0.0668649950130051,2.705079692240419,220.0,2.705079691809917
20,20,2,fam,0.06686499500691237,2.7050796923315388,220.0,2.705079691809917
21,21,0,fam,0.06686499504092318,2.7050796918228897,220.0,2.705079691809917
22,22,1,fam,0.06686499503994835,2.705079691837469,220.0,2.705079691809917
23,23,2,fam,0.06686499503955841,2.705079691843301,220.0,2.705079691809917
24,24,0,fam,0.0668649950417351,2.7050796918107474,220.0,2.705079691809917
25,25,1,fam,0.06686499504167272,2.70507969181168,220.0,2.705079691809917
26,26,2,fam,0.06686499504164777,2.7050796918120534,220.0,2.705079691809917
27,27,0,fam,0.06686499504178707,2.7050796918099698,220.0,2.705079691809917
28,28,1,fam,0.06686499504178307,2.7050796918100297,220.0,2.705079691809917
29,29,2,fam,0.06686499504178148,2.7050796918100537,220.0,2.705079691809917
30,30,0,fam,0.0668649950417904,2.70507969180992,220.0,2.705079691809917
31,31,1,fam,0.06686499504179015,2.705079691809924,220.0,2.705079691809917
32,32,2,fam,0.06686499504179004,2.7050796918099254,220.0,2.705079691809917
33,33,0,fam,0.06686499504179061,2.705079691809917,220.0,2.705079691809917
34,34,1,fam,0.0668649950417906,2.7050796918099174,220.0,2.705079691809917
35,35,2,fam,0.0668649950417906,2.7050796918099174,220.0,2.705079691809917
36,36,0,fam,0.06686499504179061,2.705079691809917,220.0,2.705079691809917
37,37,1,fam,0.06686499504179061,2.705079691809917,220.0,2.705079691809917
38,38,2,fam,0.06686499504179061,2.705079691809917,220.0,2.705079691809917
39,39,0,fam,0.06686499504179061,2.705079691809917,220.0,2.705079691809917
40,40,1,fam,0.06686499504179061,2.705079691809917,220.0,2.705079691809917
41,41,2,fam,0.06686499504179061,2.705079691809917,220.0,2.705079691809917
42,42,0,fam,0.06686499504179061,2.705079691809917,220.0,2.705079691809917
43,43,1,fam,0.06686499504179061,2.705079691809917,220.0,2.705079691809917
44,44,2,fam,0.06686499504179061,2.705079691809917,220.0,2.705079691809917
45,45,0,fam,0.06686499504179061,2.705079691809917,220.0,2.705079691809917
46,46,1,fam,0.06686499504179061,2.705079691809917,220.0,2.705079691809917
47,47,2,fam,0.06686499504179061,2.705079691809917,220.0,2.705079691809917
48,48,0,fam,0.06686499504179061,2.705079691809917,220.0,2.705079691809917
49,49,1,fam,0.06686499504179061,2.705079691809917,220.0,2.705079691809917
50,50,2,fam,0.06686499504179061,2.705079691809917,220.0,2.705079691809917
51,51,0,fam,0.06686499504179061,2.705079691809917,220.0,2.705079691809917
52,52,1,fam,0.06686499504179061,2.705079691809917,220.0,2.705079691809917
53,53,2,fam,0.06686499504179061,2.705079691809917,220.0,2.705079691809917
54,54,0,fam,0.06686499504179061,2.705079691809917,220.0,2.705079691809917
55,55,1,fam,0.06686499504179061,2.705079691809917,220.0,2.705079691809917
56,56,2,fam,0.06686499504179061,2.705079691809917,220.0,2.705079691809917
57,57,0,fam,0.06686499504179061,2.705079691809917,220.0,2.705079691809917
58,58,1,fam,0.06686499504179061,2.705079691809917,220.0,2.705079691809917
59,59,2,fam,0.06686499504179061,2.705079691809917,220.0,2.705079691809917
60,60,0,fam,0.06686499504179061,2.705079691809917,220.0,2.705079691809917
61,61,1,fam,0.06686499504179061,2.705079691809917,220.0,2.705079691809917
62,62,2,fam,0.06686499504179061,2.705079691809917,220.0,2.705079691809917
63,63,0,fam,0.06686499504179061,2.705079691809917,220.0,2.705079691809917
64,64,1,fam,0.06686499504179061,2.705079691809917,220.0,2.705079691809917
65,65,2,fam,0.06686499504179061,2.705079691809917,220.0,2.705079691809917
66,66,3,recov,0.06629834254143646,2.7135903814778253,220.0,2.705079691809917
67,67,4,recov,0.06629834254143646,2.7135903814778253,220.0,2.705079691809917
68,68,5,recov,0.06629834254143646,2.7135903814778253,220.0,2.705079691809917
69,69,3,recov,0.06682872928176795,2.705622211828649,220.0,2.705079691809917
70,70,4,recov,0.06682872928176795,2.705622211828649,220.0,2.705079691809917
71,71,5,recov,0.06682872928176795,2.705622211828649,220.0,2.705079691809917
72,72,3,recov,0.06686267403314916,2.7051144042767943,220.0,2.705079691809917
73,73,4,recov,0.06686267403314916,2.7051144042767943,220.0,2.705079691809917
74,74,5,recov,0.06686267403314916,2.7051144042767943,220.0,2.705079691809917
75,75,3,recov,0.06686484649723756,2.7050819133717066,220.0,2.705079691809917
76,76,4,recov,0.06686484649723756,2.7050819133717066,220.0,2.705079691809917
77,77,5,recov,0.06686484649723756,2.7050819133717066,220.0,2.705079691809917
78,78,3,recov,0.06686498553493922,2.7050798339897235,220.0,2.705079691809917
79,79,4,recov,0.06686498553493922,2.7050798339897235,220.0,2.705079691809917
80,80,5,recov,0.06686498553493922,2.7050798339897235,220.0,2.705079691809917
81,81,3,recov,0.06686499443335213,2.705079700909424,220.0,2.705079691809917
82,82,4,recov,0.06686499443335213,2.705079700909424,220.0,2.705079691809917
83,83,5,recov,0.06686499443335213,2.705079700909424,220.0,2.705079691809917
84,84,3,recov,0.06686499500285055,2.7050796923922853,220.0,2.705079691809917
85,85,4,recov,0.06686499500285055,2.7050796923922853,220.0,2.705079691809917
86,86,5,recov,0.06686499500285055,2.7050796923922853,220.0,2.705079691809917
87,87,3,recov,0.06686499503929845,2.7050796918471884,220.0,2.705079691809917
88,88,4,recov,0.06686499503929845,2.7050796918471884,220.0,2.705079691809917
89,89,5,recov,0.06686499503929845,2.7050796918471884,220.0,2.705079691809917
90,90,3,recov,0.06686499504163113,2.705079691812302,220.0,2.705079691809917
91,91,4,recov,0.06686499504163113,2.705079691812302,220.0,2.705079691809917
92,92,5,recov,0.06686499504163113,2.705079691812302,220.0,2.705079691809917
93,93,3,recov,0.06686499504178041,2.7050796918100697,220.0,2.705079691809917
94,94,4,recov,0.06686499504178041,2.7050796918100697,220.0,2.705079691809917
95,95,5,recov,0.06686499504178041,2.7050796918100697,220.0,2.705079691809917
96,96,3,recov,0.06686499504178997,2.7050796918099267,220.0,2.705079691809917
97,97,4,recov,0.06686499504178997,2.7050796918099267,220.0,2.705079691809917
98,98,5,recov,0.06686499504178997,2.7050796918099267,220.0,2.705079691809917
99,99,3,recov,0.06686499504179058,2.7050796918099174,220.0,2.705079691809917
100,100,4,recov,0.06686499504179058,2.7050796918099174,220.0,2.705079691809917
101,101,5,recov,0.06686499504179058,2.7050796918099174,220.0,2.705079691809917
102,102,3,recov,0.06686499504179061,2.705079691809917,220.0,2.705079691809917
103,103,4,recov,0.06686499504179061,2.705079691809917,220.0,2.705079691809917
104,104,5,recov,0.06686499504179061,2.705079691809917,220.0,2.705079691809917
105,105,3,recov,0.06686499504179061,2.705079691809917,220.0,2.705079691809917
106,106,4,recov,0.06686499504179061,2.705079691809917,220.0,2.705079691809917
107,107,5,recov,0.06686499504179061,2.705079691809917,220.0,2.705079691809917
108,108,3,recov,0.06686499504179061,2.705079691809917,220.0,2.705079691809917
109,109,4,recov,0.06686499504179061,2.705079691809917,220.0,2.705079691809917
110,110,5,recov,0.06686499504179061,2.705079691809917,220.0,2.705079691809917
111,111,3,recov,0.06686499504179061,2.705079691809917,220.0,2.705079691809917
112,112,4,recov,0.06686499504179061,2.705079691809917,220.0,2.705079691809917
113,113,5,recov,0.06686499504179061,2.705079691809917,220.0,2.705079691809917
114,114,3,recov,0.06686499504179061,2.705079691809917,220.0,2.705079691809917
115,115,4,recov,0.06686499504179061,2.705079691809917,220.0,2.705079691809917
116,116,5,recov,0.06686499504179061,2.705079691809917,220.0,2.705079691809917
117,117,3,recov,0.06686499504179061,2.705079691809917,220.0,2.705079691809917
118,118,4,recov,0.06686499504179061,2.705079691809917,220.0,2.705079691809917
119,119,5,recov,0.06686499504179061,2.705079691809917,220.0,2.705079691809917
120,120,3,recov,0.06686499504179061,2.705079691809917,220.0,2.705079691809917
121,121,4,recov,0.06686499504179061,2.705079691809917,220.0,2.705079691809917
122,122,5,recov,0.06686499504179061,2.705079691809917,220.0,2.705079691809917
123,123,3,recov,0.06686499504179061,2.705079691809917,220.0,2.705079691809917
124,124,4,recov,0.06686499504179061,2.705079691809917,220.0,2.705079691809917
125,125,5,recov,0.06686499504179061,2.705079691809917,220.0,2.705079691809917
126,126,3,recov,0.06686499504179061,2.705079691809917,220.0,2.705079691809917
127,127,4,recov,0.06686499504179061,2.705079691809917,220.0,2.705079691809917
128,128,5,recov,0.06686499504179061,2.705079691809917,220.0,2.705079691809917
129,129,3,recov,0.06686499504179061,2.705079691809917,220.0,2.705079691809917
130,130,4,recov,0.06686499504179061,2.705079691809917,220.0,2.705079691809917
131,131,5,recov,0.06686499504179061,2.705079691809917,220.0,2.705079691809917
132,132,3,recov,0.06686499504179061,2.705079691809917,220.0,2.705079691809917
133,133,4,recov,0.06686499504179061,2.705079691809917,220.0,2.705079691809917
134,134,5,recov,0.06686499504179061,2.705079691809917,220.0,2.705079691809917
135,135,3,recov,0.06686499504179061,2.705079691809917,220.0,2.705079691809917
136,136,4,recov,0.06686499504179061,2.705079691809917,220.0,2.705079691809917
137,137,5,recov,0.06686499504179061,2.705079691809917,220.0,2.705079691809917
138,138,3,recov,0.06686499504179061,2.705079691809917,220.0,2.705079691809917
139,139,4,recov,0.06686499504179061,2.705079691809917,220.0,2.705079691809917
140,140,5,recov,0.06686499504179061,2.705079691809917,220.0,2.705079691809917
141,141,3,recov,0.06686499504179061,2.705079691809917,220.0,2.705079691809917
142,142,4,recov,0.06686499504179061,2.705079691809917,220.0,2.705079691809917
143,143,5,recov,0.06686499504179061,2.705079691809917,220.0,2.705079691809917
144,144,3,recov,0.06686499504179061,2.705079691809917,220.0,2.705079691809917
145,145,4,recov,0.06686499504179061,2.705079691809917,220.0,2.705079691809917
146,146,5,recov,0.06686499504179061,2.705079691809917,220.0,2.705079691809917
147,147,3,recov,0.06686499504179061,2.705079691809917,220.0,2.705079691809917
148,148,4,recov,0.06686499504179061,2.705079691809917,220.0,2.705079691809917
149,149,5,recov,0.06686499504179061,2.705079691809917,220.0,2.705079691809917
150,150,3,recov,0.06686499504179061,2.705079691809917,220.0,2.705079691809917
151,151,4,recov,0.06686499504179061,2.705079691809917,220.0,2.705079691809917
152,152,5,recov,0.06686499504179061,2.705079691809917,220.0,2.705079691809917
153,153,3,recov,0.06686499504179061,2.705079691809917,220.0,2.705079691809917
154,154,4,recov,0.06686499504179061,2.705079691809917,220.0,2.705079691809917
155,155,5,recov,0.06686499504179061,2.705079691809917,220.0,2.705079691809917
156,156,3,recov,0.06686499504179061,2.705079691809917,220.0,2.705079691809917
157,157,4,recov,0.06686499504179061,2.705079691809917,220.0,2.705079691809917
158,158,5,recov,0.06686499504179061,2.705079691809917,220.0,2.705079691809917
159,159,3,recov,0.06686499504179061,2.705079691809917,220.0,2.705079691809917
160,160,4,recov,0.06686499504179061,2.705079691809917,220.0,2.705079691809917
161,161,5,recov,0.06686499504179061,2.705079691809917,220.0,2.705079691809917
162,162,3,recov,0.06686499504179061,2.705079691809917,220.0,2.705079691809917
163,163,4,recov,0.06686499504179061,2.705079691809917,220.0,2.705079691809917
164,164,5,recov,0.06686499504179061,2.705079691809917,220.0,2.705079691809917
165,165,3,recov,0.06686499504179061,2.705079691809917,220.0,2.705079691809917
166,166,4,recov,0.06686499504179061,2.705079691809917,220.0,2.705079691809917
167,167,5,recov,0.06686499504179061,2.705079691809917,220.0,2.705079691809917
168,168,3,recov,0.06686499504179061,2.705079691809917,220.0,2.705079691809917
169,169,4,recov,0.06686499504179061,2.705079691809917,220.0,2.705079691809917
170,170,5,recov,0.06686499504179061,2.705079691809917,220.0,2.705079691809917
171,171,3,recov,0.06686499504179061,2.705079691809917,220.0,2.705079691809917
172,172,4,recov,0.06686499504179061,2.705079691809917,220.0,2.705079691809917
173,173,5,recov,0.06686499504179061,2.705079691809917,220.0,2.705079691809917
174,174,3,recov,0.06686499504179061,2.705079691809917,220.0,2.705079691809917
175,175,4,recov,0.06686499504179061,2.705079691809917,220.0,2.705079691809917
176,176,5,recov,0.06686499504179061,2.705079691809917,220.0,2.705079691809917
177,177,3,recov,0.06686499504179061,2.705079691809917,220.0,2.705079691809917
178,178,4,recov,0.06686499504179061,2.705079691809917,220.0,2.705079691809917
179,179,5,recov,0.06686499504179061,2.705079691809917,220.0,2.705079691809917
180,180,3,recov,0.06686499504179061,2.705079691809917,220.0,2.705079691809917
181,181,4,recov,0.06686499504179061,2.705079691809917,220.0,2.705079691809917
182,182,5,recov,0.06686499504179061,2.705079691809917,220.0,2.705079691809917
183,183,3,recov,0.06686499504179061,2.705079691809917,220.0,2.705079691809917
184,184,4,recov,0.06686499504179061,2.705079691809917,220.0,2.705079691809917
185,185,5,recov,0.06686499504179061,2.705079691809917,220.0,2.705079691809917
186,186,3,recov,0.06686499504179061,2.705079691809917,220.0,2.705079691809917
187,187,4,recov,0.06686499504179061,2.705079691809917,220.0,2.705079691809917
188,188,5,recov,0.06686499504179061,2.705079691809917,220.0,2.705079691809917
189,189,3,recov,0.06686499504179061,2.705079691809917,220.0,2.705079691809917
190,190,4,recov,0.06686499504179061,2.705079691809917,220.0,2.705079691809917
191,191,5,recov,0.06686499504179061,2.705079691809917,220.0,2.705079691809917
192,192,3,recov,0.06686499504179061,2.705079691809917,220.0,2.705079691809917
193,193,4,recov,0.06686499504179061,2.705079691809917,220.0,2.705079691809917
194,194,5,recov,0.06686499504179061,2.705079691809917,220.0,2.705079691809917
195,195,3,recov,0.06686499504179061,2.705079691809917,220.0,2.705079691809917
196,196,4,recov,0.06686499504179061,2.705079691809917,220.0,2.705079691809917
197,197,5,recov,0.06686499504179061,2.705079691809917,220.0,2.705079691809917
198,198,3,recov,0.06686499504179061,2.705079691809917,220.0,2.705079691809917
199,199,4,recov,0.06686499504179061,2.705079691809917,220.0,2.705079691809917
200,200,5,recov,0.06686499504179061,2.705079691809917,220.0,2.705079691809917
201,201,3,recov,0.06686499504179061,2.705079691809917,220.0,2.705079691809917
202,202,4,recov,0.06686499504179061,2.705079691809917,220.0,2.705079691809917
203,203,5,recov,0.06686499504179061,2.705079691809917,220.0,2.705079691809917
204,204,3,recov,0.06686499504179061,2.705079691809917,220.0,2.705079691809917
205,205,4,recov,0.06686499504179061,2.705079691809917,220.0,2.705079691809917
206,206,5,recov,0.06686499504179061,2.705079691809917,220.0,2.705079691809917
207,207,3,recov,0.06686499504179061,2.705079691809917,220.0,2.705079691809917
208,208,4,recov,0.06686499504179061,2.705079691809917,220.0,2.705079691809917
209,209,5,recov,0.06686499504179061,2.705079691809917,220.0,2.705079691809917
210,210,3,recov,0.06686499504179061,2.705079691809917,220.0,2.705079691809917
211,211,4,recov,0.06686499504179061,2.705079691809917,220.0,2.705079691809917
212,212,5,recov,0.06686499504179061,2.705079691809917,220.0,2.705079691809917
213,213,3,recov,0.06686499504179061,2.705079691809917,220.0,2.705079691809917
214,214,4,recov,0.06686499504179061,2.705079691809917,220.0,2.705079691809917
215,215,5,recov,0.06686499504179061,2.705079691809917,220.0,2.705079691809917
216,216,3,recov,0.06686499504179061,2.705079691809917,220.0,2.705079691809917
217,217,4,recov,0.06686499504179061,2.705079691809917,220.0,2.705079691809917
218,218,5,recov,0.06686499504179061,2.705079691809917,220.0,2.705079691809917
219,219,3,recov,0.06686499504179061,2.705079691809917,220.0,2.705079691809917
220,220,4,recov,0.06686499504179061,2.705079691809917,220.0,2.705079691809917
221,221,5,recov,0.06686499504179061,2.705079691809917,220.0,2.705079691809917
222,222,3,recov,0.06686499504179061,2.705079691809917,220.0,2.705079691809917
223,223,4,recov,0.06686499504179061,2.705079691809917,220.0,2.705079691809917
224,224,5,recov,0.06686499504179061,2.705079691809917,220.0,2.705079691809917
225,225,3,recov,0.06686499504179061,2.705079691809917,220.0,2.705079691809917
226,226,4,recov,0.06686499504179061,2.705079691809917,220.0,2.705079691809917
227,227,5,recov,0.06686499504179061,2.705079691809917,220.0,2.705079691809917
228,228,3,recov,0.06686499504179061,2.705079691809917,220.0,2.705079691809917
229,229,4,recov,0.06686499504179061,2.705079691809917,220.0,2.705079691809917
230,230,5,recov,0.06686499504179061,2.705079691809917,220.0,2.705079691809917
231,231,3,recov,0.06686499504179061,2.705079691809917,220.0,2.705079691809917
232,232,4,recov,0.06686499504179061,2.705079691809917,220.0,2.705079691809917
233,233,5,recov,0.06686499504179061,2.705079691809917,220.0,2.705079691809917
234,234,3,recov,0.06686499504179061,2.705079691809917,220.0,2.705079691809917
235,235,4,recov,0.06686499504179061,2.705079691809917,220.0,2.705079691809917
236,236,5,recov,0.06686499504179061,2.705079691809917,220.0,2.705079691809917
237,237,3,recov,0.06686499504179061,2.705079691809917,220.0,2.705079691809917
238,238,4,recov,0.06686499504179061,2.705079691809917,220.0,2.705079691809917
239,239,5,recov,0.06686499504179061,2.705079691809917,220.0,2.705079691809917
240,240,3,recov,0.06686499504179061,2.705079691809917,220.0,2.705079691809917
241,241,4,recov,0.06686499504179061,2.705079691809917,220.0,2.705079691809917
242,242,5,recov,0.06686499504179061,2.705079691809917,220.0,2.705079691809917
243,243,3,recov,0.06686499504179061,2.705079691809917,220.0,2.705079691809917
244,244,4,recov,0.06686499504179061,2.705079691809917,220.0,2.705079691809917
245,245,5,recov,0.06686499504179061,2.705079691809917,220.0,2.705079691809917
246,246,3,recov,0.06686499504179061,2.705079691809917,220.0,2.705079691809917
247,247,4,recov,0.06686499504179061,2.705079691809917,220.0,2.705079691809917
248,248,5,recov,0.06686499504179061,2.705079691809917,220.0,2.705079691809917
249,249,3,recov,0.06686499504179061,2.705079691809917,220.0,2.705079691809917
250,250,4,recov,0.06686499504179061,2.705079691809917,220.0,2.705079691809917
251,251,5,recov,0.06686499504179061,2.705079691809917,220.0,2.705079691809917
252,252,3,recov,0.06686499504179061,2.705079691809917,220.0,2.705079691809917
253,253,4,recov,0.06686499504179061,2.705079691809917,220.0,2.705079691809917
254,254,5,recov,0.06686499504179061,2.705079691809917,220.0,2.705079691809917
255,255,3,recov,0.06686499504179061,2.705079691809917,220.0,2.705079691809917
256,256,4,recov,0.06686499504179061,2.705079691809917,220.0,2.705079691809917
257,257,5,recov,0.06686499504179061,2.705079691809917,220.0,2.705079691809917
258,258,3,recov,0.06686499504179061,2.705079691809917,220.0,2.705079691809917
259,259,4,recov,0.06686499504179061,2.705079691809917,220.0,2.705079691809917
260,260,5,recov,0.06686499504179061,2.705079691809917,220.0,2.705079691809917
261,261,3,recov,0.06686499504179061,2.705079691809917,220.0,2.705079691809917
262,262,4,recov,0.06686499504179061,2.705079691809917,220.0,2.705079691809917
263,263,5,recov,0.06686499504179061,2.705079691809917,220.0,2.705079691809917
264,264,3,recov,0.06686499504179061,2.705079691809917,220.0,2.705079691809917
265,265,4,recov,0.06686499504179061,2.705079691809917,220.0,2.705079691809917
266,266,5,recov,0.06686499504179061,2.705079691809917,220.0,2.705079691809917
267,267,3,recov,0.06686499504179061,2.705079691809917,220.0,2.705079691809917
268,268,4,recov,0.06686499504179061,2.705079691809917,220.0,2.705079691809917
269,269,5,recov,0.06686499504179061,2.705079691809917,220.0,2.705079691809917
270,270,3,recov,0.06686499504179061,2.705079691809917,220.0,2.705079691809917
271,271,4,recov,0.06686499504179061,2.705079691809917,220.0,2.705079691809917
272,272,5,recov,0.06686499504179061,2.705079691809917,220.0,2.705079691809917
273,273,3,recov,0.06686499504179061,2.705079691809917,220.0,2.705079691809917
274,274,4,recov,0.06686499504179061,2.705079691809917,220.0,2.705079691809917
275,275,5,recov,0.06686499504179061,2.705079691809917,220.0,2.705079691809917
276,276,3,recov,0.06686499504179061,2.705079691809917,220.0,2.705079691809917
277,277,4,recov,0.06686499504179061,2.705079691809917,220.0,2.705079691809917
278,278,5,recov,0.06686499504179061,2.705079691809917,220.0,2.705079691809917
279,279,3,recov,0.06686499504179061,2.705079691809917,220.0,2.705079691809917
280,280,4,recov,0.06686499504179061,2.705079691809917,220.0,2.705079691809917
281,281,5,recov,0.06686499504179061,2.705079691809917,220.0,2.705079691809917
282,282,3,recov,0.06686499504179061,2.705079691809917,220.0,2.705079691809917
283,283,4,recov,0.06686499504179061,2.705079691809917,220.0,2.705079691809917
284,284,5,recov,0.06686499504179061,2.705079691809917,220.0,2.705079691809917
285,285,0,fam_r,0.06629834254143646,2.7135903814778253,220.0,2.705079691809917
286,286,1,fam_r,0.06629834254143646,2.7135903814778253,220.0,2.705079691809917
287,287,2,fam_r,0.06629834254143646,2.7135903814778253,220.0,2.705079691809917
288,288,0,fam_r,0.06682872928176795,2.705622211828649,220.0,2.705079691809917
289,289,1,fam_r,0.06682872928176795,2.705622211828649,220.0,2.705079691809917
290,290,2,fam_r,0.06682872928176795,2.705622211828649,220.0,2.705079691809917
291,291,0,fam_r,0.06686267403314916,2.7051144042767943,220.0,2.705079691809917
292,292,1,fam_r,0.06686267403314916,2.7051144042767943,220.0,2.705079691809917
293,293,2,fam_r,0.06686267403314916,2.7051144042767943,220.0,2.705079691809917
294,294,0,fam_r,0.06686484649723756,2.7050819133717066,220.0,2.705079691809917
295,295,1,fam_r,0.06686484649723756,2.7050819133717066,220.0,2.705079691809917
296,296,2,fam_r,0.06686484649723756,2.7050819133717066,220.0,2.705079691809917
297,297,0,fam_r,0.06686498553493922,2.7050798339897235,220.0,2.705079691809917
298,298,1,fam_r,0.06686498553493922,2.7050798339897235,220.0,2.705079691809917
299,299,2,fam_r,0.06686498553493922,2.7050798339897235,220.0,2.705079691809917
0,0,0,fam,0.06666666666666667,2.70805020110221,293.33333333333337,2.705079691809917
1,1,1,fam,0.0664451827242525,2.7113779911948845,293.33333333333337,2.705079691809917
2,2,2,fam,0.06635700066357002,2.712706012638404,293.33333333333337,2.705079691809917
3,3,0,fam,0.06685236768802229,2.7052685581403333,293.33333333333337,2.705079691809917
4,4,1,fam,0.06683818263798637,2.70548076536148,293.33333333333337,2.705079691809917
5,5,2,fam,0.06683251030334533,2.705565635642611,293.33333333333337,2.705079691809917
6,6,0,fam,0.06686418715862211,2.7050917741864815,293.33333333333337,2.705079691809917
7,7,1,fam,0.06686327927512024,2.7051053523021236,293.33333333333337,2.705079691809917
8,8,2,fam,0.06686291612862272,2.705110783496759,293.33333333333337,2.705079691809917
9,9,0,fam,0.06686494333836301,2.7050804650612656,293.33333333333337,2.705079691809917
10,10,1,fam,0.06686488523365408,2.7050813340477817,293.33333333333337,2.705079691809917
11,11,2,fam,0.0668648619917988,2.7050816816421768,293.33333333333337,2.705079691809917
12,12,0,fam,0.06686499173277574,2.705079741297918,293.33333333333337,2.705079691809917
13,13,1,fam,0.06686498801407369,2.7050797969130027,293.33333333333337,2.705079691809917
14,14,2,fam,0.06686498652659298,2.7050798191590353,293.33333333333337,2.705079691809917
15,15,0,fam,0.0668649948300137,2.7050796949771483,293.33333333333337,2.705079691809917
16,16,1,fam,0.06686499459201677,2.7050796985365135,293.33333333333337,2.705079691809917
17,17,2,fam,0.06686499449681799,2.7050796999602595,293.33333333333337,2.705079691809917
18,18,0,fam,0.0668649950282369,2.7050796920126197,293.33333333333337,2.705079691809917
19,19,1,fam,0.0668649950130051,2.705079692240419,293.33333333333337,2.705079691809917
20,20,2,fam,0.06686499500691237,2.7050796923315388,293.33333333333337,2.705079691809917
21,21,0,fam,0.06686499504092318,2.7050796918228897,293.33333333333337,2.705079691809917
22,22,1,fam,0.06686499503994835,2.705079691837469,293.33333333333337,2.705079691809917
23,23,2,fam,0.06686499503955841,2.705079691843301,293.33333333333337,2.705079691809917
24,24,0,fam,0.0668649950417351,2.7050796918107474,293.33333333333337,2.705079691809917
25,25,1,fam,0.06686499504167272,2.70507969181168,293.33333333333337,2.705079691809917
26,26,2,fam,0.06686499504164777,2.7050796918120534,293.33333333333337,2.705079691809917
27,27,0,fam,0.06686499504178707,2.7050796918099698,293.33333333333337,2.705079691809917
28,28,1,fam,0.06686499504178307,2.7050796918100297,293.33333333333337,2.705079691809917
29,29,2,fam,0.06686499504178148,2.7050796918100537,293.33333333333337,2.705079691809917
30,30,0,fam,0.0668649950417904,2.70507969180992,293.33333333333337,2.705079691809917
31,31,1,fam,0.06686499504179015,2.705079691809924,293.33333333333337,2.705079691809917
32,32,2,fam,0.06686499504179004,2.7050796918099254,293.33333333333337,2.705079691809917
33,33,0,fam,0.06686499504179061,2.705079691809917,293.33333333333337,2.705079691809917
34,34,1,fam,0.0668649950417906,2.7050796918099174,293.33333333333337,2.705079691809917
35,35,2,fam,0.0668649950417906,2.7050796918099174,293.33333333333337,2.705079691809917
36,36,0,fam,0.06686499504179061,2.705079691809917,293.33333333333337,2.705079691809917
37,37,1,fam,0.06686499504179061,2.705079691809917,293.33333333333337,2.705079691809917
38,38,2,fam,0.06686499504179061,2.705079691809917,293.33333333333337,2.705079691809917
39,39,0,fam,0.06686499504179061,2.705079691809917,293.33333333333337,2.705079691809917
40,40,1,fam,0.06686499504179061,2.705079691809917,293.33333333333337,2.705079691809917
41,41,2,fam,0.06686499504179061,2.705079691809917,293.33333333333337,2.705079691809917
42,42,0,fam,0.06686499504179061,2.705079691809917,293.33333333333337,2.705079691809917
43,43,1,fam,0.06686499504179061,2.705079691809917,293.33333333333337,2.705079691809917
44,44,2,fam,0.06686499504179061,2.705079691809917,293.33333333333337,2.705079691809917
45,45,0,fam,0.06686499504179061,2.705079691809917,293.33333333333337,2.705079691809917
46,46,1,fam,0.06686499504179061,2.705079691809917,293.33333333333337,2.705079691809917
47,47,2,fam,0.06686499504179061,2.705079691809917,293.33333333333337,2.705079691809917
48,48,0,fam,0.06686499504179061,2.705079691809917,293.33333333333337,2.705079691809917
49,49,1,fam,0.06686499504179061,2.705079691809917,293.33333333333337,2.705079691809917
50,50,2,fam,0.06686499504179061,2.705079691809917,293.33333333333337,2.705079691809917
51,51,0,fam,0.06686499504179061,2.705079691809917,293.33333333333337,2.705079691809917
52,52,1,fam,0.06686499504179061,2.705079691809917,293.33333333333337,2.705079691809917
53,53,2,fam,0.06686499504179061,2.705079691809917,293.33333333333337,2.705079691809917
54,54,0,fam,0.06686499504179061,2.705079691809917,293.33333333333337,2.705079691809917
55,55,1,fam,0.06686499504179061,2.705079691809917,293.33333333333337,2.705079691809917
56,56,2,fam,0.06686499504179061,2.705079691809917,293.33333333333337,2.705079691809917
57,57,0,fam,0.06686499504179061,2.705079691809917,293.33333333333337,2.705079691809917
58,58,1,fam,0.06686499504179061,2.705079691809917,293.33333333333337,2.705079691809917
59,59,2,fam,0.06686499504179061,2.705079691809917,293.33333333333337,2.705079691809917
60,60,0,fam,0.06686499504179061,2.705079691809917,293.33333333333337,2.705079691809917
61,61,1,fam,0.06686499504179061,2.705079691809917,293.33333333333337,2.705079691809917
62,62,2,fam,0.06686499504179061,2.705079691809917,293.33333333333337,2.705079691809917
63,63,0,fam,0.06686499504179061,2.705079691809917,293.33333333333337,2.705079691809917
64,64,1,fam,0.06686499504179061,2.705079691809917,293.33333333333337,2.705079691809917
65,65,2,fam,0.06686499504179061,2.705079691809917,293.33333333333337,2.705079691809917
66,66,3,recov,0.06629834254143646,2.7135903814778253,293.33333333333337,2.705079691809917
67,67,4,recov,0.06629834254143646,2.7135903814778253,293.33333333333337,2.705079691809917
68,68,5,recov,0.06629834254143646,2.7135903814778253,293.33333333333337,2.705079691809917
69,69,3,recov,0.06682872928176795,2.705622211828649,293.33333333333337,2.705079691809917
70,70,4,recov,0.06682872928176795,2.705622211828649,293.33333333333337,2.705079691809917
71,71,5,recov,0.06682872928176795,2.705622211828649,293.33333333333337,2.705079691809917
72,72,3,recov,0.06686267403314916,2.7051144042767943,293.33333333333337,2.705079691809917
73,73,4,recov,0.06686267403314916,2.7051144042767943,293.33333333333337,2.705079691809917
74,74,5,recov,0.06686267403314916,2.7051144042767943,293.33333333333337,2.705079691809917
75,75,3,recov,0.06686484649723756,2.7050819133717066,293.33333333333337,2.705079691809917
76,76,4,recov,0.06686484649723756,2.7050819133717066,293.33333333333337,2.705079691809917
77,77,5,recov,0.06686484649723756,2.7050819133717066,293.33333333333337,2.705079691809917
78,78,3,recov,0.06686498553493922,2.7050798339897235,293.33333333333337,2.705079691809917
79,79,4,recov,0.06686498553493922,2.7050798339897235,293.33333333333337,2.705079691809917
80,80,5,recov,0.06686498553493922,2.7050798339897235,293.33333333333337,2.705079691809917
81,81,3,recov,0.06686499443335213,2.705079700909424,293.33333333333337,2.705079691809917
82,82,4,recov,0.06686499443335213,2.705079700909424,293.33333333333337,2.705079691809917
83,83,5,recov,0.06686499443335213,2.705079700909424,293.33333333333337,2.705079691809917
84,84,3,recov,0.06686499500285055,2.7050796923922853,293.33333333333337,2.705079691809917
85,85,4,recov,0.06686499500285055,2.7050796923922853,293.33333333333337,2.705079691809917
86,86,5,recov,0.06686499500285055,2.7050796923922853,293.33333333333337,2.705079691809917
87,87,3,recov,0.06686499503929845,2.7050796918471884,293.33333333333337,2.705079691809917
88,88,4,recov,0.06686499503929845,2.7050796918471884,293.33333333333337,2.705079691809917
89,89,5,recov,0.06686499503929845,2.7050796918471884,293.33333333333337,2.705079691809917
90,90,3,recov,0.06686499504163113,2.705079691812302,293.33333333333337,2.705079691809917
91,91,4,recov,0.06686499504163113,2.705079691812302,293.33333333333337,2.705079691809917
92,92,5,recov,0.06686499504163113,2.705079691812302,293.33333333333337,2.705079691809917
93,93,3,recov,0.06686499504178041,2.7050796918100697,293.33333333333337,2.705079691809917
94,94,4,recov,0.06686499504178041,2.7050796918100697,293.33333333333337,2.705079691809917
95,95,5,recov,0.06686499504178041,2.7050796918100697,293.33333333333337,2.705079691809917
96,96,3,recov,0.06686499504178997,2.7050796918099267,293.33333333333337,2.705079691809917
97,97,4,recov,0.06686499504178997,2.7050796918099267,293.33333333333337,2.705079691809917
98,98,5,recov,0.06686499504178997,2.7050796918099267,293.33333333333337,2.705079691809917
99,99,3,recov,0.06686499504179058,2.7050796918099174,293.33333333333337,2.705079691809917
100,100,4,recov,0.06686499504179058,2.7050796918099174,293.33333333333337,2.705079691809917
101,101,5,recov,0.06686499504179058,2.7050796918099174,293.33333333333337,2.705079691809917
102,102,3,recov,0.06686499504179061,2.705079691809917,293.33333333333337,2.705079691809917
103,103,4,recov,0.06686499504179061,2.705079691809917,293.33333333333337,2.705079691809917
104,104,5,recov,0.06686499504179061,2.705079691809917,293.33333333333337,2.705079691809917
105,105,3,recov,0.06686499504179061,2.705079691809917,293.33333333333337,2.705079691809917
106,106,4,recov,0.06686499504179061,2.705079691809917,293.33333333333337,2.705079691809917
107,107,5,recov,0.06686499504179061,2.705079691809917,293.33333333333337,2.705079691809917
108,108,3,recov,0.06686499504179061,2.705079691809917,293.33333333333337,2.705079691809917
109,109,4,recov,0.06686499504179061,2.705079691809917,293.33333333333337,2.705079691809917
110,110,5,recov,0.06686499504179061,2.705079691809917,293.33333333333337,2.705079691809917
111,111,3,recov,0.06686499504179061,2.705079691809917,293.33333333333337,2.705079691809917
112,112,4,recov,0.06686499504179061,2.705079691809917,293.33333333333337,2.705079691809917
113,113,5,recov,0.06686499504179061,2.705079691809917,293.33333333333337,2.705079691809917
114,114,3,recov,0.06686499504179061,2.705079691809917,293.33333333333337,2.705079691809917
115,115,4,recov,0.06686499504179061,2.705079691809917,293.33333333333337,2.705079691809917
116,116,5,recov,0.06686499504179061,2.705079691809917,293.33333333333337,2.705079691809917
117,117,3,recov,0.06686499504179061,2.705079691809917,293.33333333333337,2.705079691809917
118,118,4,recov,0.06686499504179061,2.705079691809917,293.33333333333337,2.705079691809917
119,119,5,recov,0.06686499504179061,2.705079691809917,293.33333333333337,2.705079691809917
120,120,3,recov,0.06686499504179061,2.705079691809917,293.33333333333337,2.705079691809917
121,121,4,recov,0.06686499504179061,2.705079691809917,293.33333333333337,2.705079691809917
122,122,5,recov,0.06686499504179061,2.705079691809917,293.33333333333337,2.705079691809917
123,123,3,recov,0.06686499504179061,2.705079691809917,293.33333333333337,2.705079691809917
124,124,4,recov,0.06686499504179061,2.705079691809917,293.33333333333337,2.705079691809917
125,125,5,recov,0.06686499504179061,2.705079691809917,293.33333333333337,2.705079691809917
126,126,3,recov,0.06686499504179061,2.705079691809917,293.33333333333337,2.705079691809917
127,127,4,recov,0.06686499504179061,2.705079691809917,293.33333333333337,2.705079691809917
128,128,5,recov,0.06686499504179061,2.705079691809917,293.33333333333337,2.705079691809917
129,129,3,recov,0.06686499504179061,2.705079691809917,293.33333333333337,2.705079691809917
130,130,4,recov,0.06686499504179061,2.705079691809917,293.33333333333337,2.705079691809917
131,131,5,recov,0.06686499504179061,2.705079691809917,293.33333333333337,2.705079691809917
132,132,3,recov,0.06686499504179061,2.705079691809917,293.33333333333337,2.705079691809917
133,133,4,recov,0.06686499504179061,2.705079691809917,293.33333333333337,2.705079691809917
134,134,5,recov,0.06686499504179061,2.705079691809917,293.33333333333337,2.705079691809917
135,135,3,recov,0.06686499504179061,2.705079691809917,293.33333333333337,2.705079691809917
136,136,4,recov,0.06686499504179061,2.705079691809917,293.33333333333337,2.705079691809917
137,137,5,recov,0.06686499504179061,2.705079691809917,293.33333333333337,2.705079691809917
138,138,3,recov,0.06686499504179061,2.705079691809917,293.33333333333337,2.705079691809917
139,139,4,recov,0.06686499504179061,2.705079691809917,293.33333333333337,2.705079691809917
140,140,5,recov,0.06686499504179061,2.705079691809917,293.33333333333337,2.705079691809917
141,141,3,recov,0.06686499504179061,2.705079691809917,293.33333333333337,2.705079691809917
142,142,4,recov,0.06686499504179061,2.705079691809917,293.33333333333337,2.705079691809917
143,143,5,recov,0.06686499504179061,2.705079691809917,293.33333333333337,2.705079691809917
144,144,3,recov,0.06686499504179061,2.705079691809917,293.33333333333337,2.705079691809917
145,145,4,recov,0.06686499504179061,2.705079691809917,293.33333333333337,2.705079691809917
146,146,5,recov,0.06686499504179061,2.705079691809917,293.33333333333337,2.705079691809917
147,147,3,recov,0.06686499504179061,2.705079691809917,293.33333333333337,2.705079691809917
148,148,4,recov,0.06686499504179061,2.705079691809917,293.33333333333337,2.705079691809917
149,149,5,recov,0.06686499504179061,2.705079691809917,293.33333333333337,2.705079691809917
150,150,3,recov,0.06686499504179061,2.705079691809917,293.33333333333337,2.705079691809917
151,151,4,recov,0.06686499504179061,2.705079691809917,293.33333333333337,2.705079691809917
152,152,5,recov,0.06686499504179061,2.705079691809917,293.33333333333337,2.705079691809917
153,153,3,recov,0.06686499504179061,2.705079691809917,293.33333333333337,2.705079691809917
154,154,4,recov,0.06686499504179061,2.705079691809917,293.33333333333337,2.705079691809917
155,155,5,recov,0.06686499504179061,2.705079691809917,293.33333333333337,2.705079691809917
156,156,3,recov,0.06686499504179061,2.705079691809917,293.33333333333337,2.705079691809917
157,157,4,recov,0.06686499504179061,2.705079691809917,293.33333333333337,2.705079691809917
158,158,5,recov,0.06686499504179061,2.705079691809917,293.33333333333337,2.705079691809917
159,159,3,recov,0.06686499504179061,2.705079691809917,293.33333333333337,2.705079691809917
160,160,4,recov,0.06686499504179061,2.705079691809917,293.33333333333337,2.705079691809917
161,161,5,recov,0.06686499504179061,2.705079691809917,293.33333333333337,2.705079691809917
162,162,3,recov,0.06686499504179061,2.705079691809917,293.33333333333337,2.705079691809917
163,163,4,recov,0.06686499504179061,2.705079691809917,293.33333333333337,2.705079691809917
164,164,5,recov,0.06686499504179061,2.705079691809917,293.33333333333337,2.705079691809917
165,165,3,recov,0.06686499504179061,2.705079691809917,293.33333333333337,2.705079691809917
166,166,4,recov,0.06686499504179061,2.705079691809917,293.33333333333337,2.705079691809917
167,167,5,recov,0.06686499504179061,2.705079691809917,293.33333333333337,2.705079691809917
168,168,3,recov,0.06686499504179061,2.705079691809917,293.33333333333337,2.705079691809917
169,169,4,recov,0.06686499504179061,2.705079691809917,293.33333333333337,2.705079691809917
170,170,5,recov,0.06686499504179061,2.705079691809917,293.33333333333337,2.705079691809917
171,171,3,recov,0.06686499504179061,2.705079691809917,293.33333333333337,2.705079691809917
172,172,4,recov,0.06686499504179061,2.705079691809917,293.33333333333337,2.705079691809917
173,173,5,recov,0.06686499504179061,2.705079691809917,293.33333333333337,2.705079691809917
174,174,3,recov,0.06686499504179061,2.705079691809917,293.33333333333337,2.705079691809917
175,175,4,recov,0.06686499504179061,2.705079691809917,293.33333333333337,2.705079691809917
176,176,5,recov,0.06686499504179061,2.705079691809917,293.33333333333337,2.705079691809917
177,177,3,recov,0.06686499504179061,2.705079691809917,293.33333333333337,2.705079691809917
178,178,4,recov,0.06686499504179061,2.705079691809917,293.33333333333337,2.705079691809917
179,179,5,recov,0.06686499504179061,2.705079691809917,293.33333333333337,2.705079691809917
180,180,3,recov,0.06686499504179061,2.705079691809917,293.33333333333337,2.705079691809917
181,181,4,recov,0.06686499504179061,2.705079691809917,293.33333333333337,2.705079691809917
182,182,5,recov,0.06686499504179061,2.705079691809917,293.33333333333337,2.705079691809917
183,183,3,recov,0.06686499504179061,2.705079691809917,293.33333333333337,2.705079691809917
184,184,4,recov,0.06686499504179061,2.705079691809917,293.33333333333337,2.705079691809917
185,185,5,recov,0.06686499504179061,2.705079691809917,293.33333333333337,2.705079691809917
186,186,3,recov,0.06686499504179061,2.705079691809917,293.33333333333337,2.705079691809917
187,187,4,recov,0.06686499504179061,2.705079691809917,293.33333333333337,2.705079691809917
188,188,5,recov,0.06686499504179061,2.705079691809917,293.33333333333337,2.705079691809917
189,189,3,recov,0.06686499504179061,2.705079691809917,293.33333333333337,2.705079691809917
190,190,4,recov,0.06686499504179061,2.705079691809917,293.33333333333337,2.705079691809917
191,191,5,recov,0.06686499504179061,2.705079691809917,293.33333333333337,2.705079691809917
192,192,3,recov,0.06686499504179061,2.705079691809917,293.33333333333337,2.705079691809917
193,193,4,recov,0.06686499504179061,2.705079691809917,293.33333333333337,2.705079691809917
194,194,5,recov,0.06686499504179061,2.705079691809917,293.33333333333337,2.705079691809917
195,195,3,recov,0.06686499504179061,2.705079691809917,293.33333333333337,2.705079691809917
196,196,4,recov,0.06686499504179061,2.705079691809917,293.33333333333337,2.705079691809917
197,197,5,recov,0.06686499504179061,2.705079691809917,293.33333333333337,2.705079691809917
198,198,3,recov,0.06686499504179061,2.705079691809917,293.33333333333337,2.705079691809917
199,199,4,recov,0.06686499504179061,2.705079691809917,293.33333333333337,2.705079691809917
200,200,5,recov,0.06686499504179061,2.705079691809917,293.33333333333337,2.705079691809917
201,201,3,recov,0.06686499504179061,2.705079691809917,293.33333333333337,2.705079691809917
202,202,4,recov,0.06686499504179061,2.705079691809917,293.33333333333337,2.705079691809917
203,203,5,recov,0.06686499504179061,2.705079691809917,293.33333333333337,2.705079691809917
204,204,3,recov,0.06686499504179061,2.705079691809917,293.33333333333337,2.705079691809917
205,205,4,recov,0.06686499504179061,2.705079691809917,293.33333333333337,2.705079691809917
206,206,5,recov,0.06686499504179061,2.705079691809917,293.33333333333337,2.705079691809917
207,207,3,recov,0.06686499504179061,2.705079691809917,293.33333333333337,2.705079691809917
208,208,4,recov,0.06686499504179061,2.705079691809917,293.33333333333337,2.705079691809917
209,209,5,recov,0.06686499504179061,2.705079691809917,293.33333333333337,2.705079691809917
210,210,3,recov,0.06686499504179061,2.705079691809917,293.33333333333337,2.705079691809917
211,211,4,recov,0.06686499504179061,2.705079691809917,293.33333333333337,2.705079691809917
212,212,5,recov,0.06686499504179061,2.705079691809917,293.33333333333337,2.705079691809917
213,213,3,recov,0.06686499504179061,2.705079691809917,293.33333333333337,2.705079691809917
214,214,4,recov,0.06686499504179061,2.705079691809917,293.33333333333337,2.705079691809917
215,215,5,recov,0.06686499504179061,2.705079691809917,293.33333333333337,2.705079691809917
216,216,3,recov,0.06686499504179061,2.705079691809917,293.33333333333337,2.705079691809917
217,217,4,recov,0.06686499504179061,2.705079691809917,293.33333333333337,2.705079691809917
218,218,5,recov,0.06686499504179061,2.705079691809917,293.33333333333337,2.705079691809917
219,219,3,recov,0.06686499504179061,2.705079691809917,293.33333333333337,2.705079691809917
220,220,4,recov,0.06686499504179061,2.705079691809917,293.33333333333337,2.705079691809917
221,221,5,recov,0.06686499504179061,2.705079691809917,293.33333333333337,2.705079691809917
222,222,3,recov,0.06686499504179061,2.705079691809917,293.33333333333337,2.705079691809917
223,223,4,recov,0.06686499504179061,2.705079691809917,293.33333333333337,2.705079691809917
224,224,5,recov,0.06686499504179061,2.705079691809917,293.33333333333337,2.705079691809917
225,225,3,recov,0.06686499504179061,2.705079691809917,293.33333333333337,2.705079691809917
226,226,4,recov,0.06686499504179061,2.705079691809917,293.33333333333337,2.705079691809917
227,227,5,recov,0.06686499504179061,2.705079691809917,293.33333333333337,2.705079691809917
228,228,3,recov,0.06686499504179061,2.705079691809917,293.33333333333337,2.705079691809917
229,229,4,recov,0.06686499504179061,2.705079691809917,293.33333333333337,2.705079691809917
230,230,5,recov,0.06686499504179061,2.705079691809917,293.33333333333337,2.705079691809917
231,231,3,recov,0.06686499504179061,2.705079691809917,293.33333333333337,2.705079691809917
232,232,4,recov,0.06686499504179061,2.705079691809917,293.33333333333337,2.705079691809917
233,233,5,recov,0.06686499504179061,2.705079691809917,293.33333333333337,2.705079691809917
234,234,3,recov,0.06686499504179061,2.705079691809917,293.33333333333337,2.705079691809917
235,235,4,recov,0.06686499504179061,2.705079691809917,293.33333333333337,2.705079691809917
236,236,5,recov,0.06686499504179061,2.705079691809917,293.33333333333337,2.705079691809917
237,237,3,recov,0.06686499504179061,2.705079691809917,293.33333333333337,2.705079691809917
238,238,4,recov,0.06686499504179061,2.705079691809917,293.33333333333337,2.705079691809917
239,239,5,recov,0.06686499504179061,2.705079691809917,293.33333333333337,2.705079691809917
240,240,3,recov,0.06686499504179061,2.705079691809917,293.33333333333337,2.705079691809917
241,241,4,recov,0.06686499504179061,2.705079691809917,293.33333333333337,2.705079691809917
242,242,5,recov,0.06686499504179061,2.705079691809917,293.33333333333337,2.705079691809917
243,243,3,recov,0.06686499504179061,2.705079691809917,293.33333333333337,2.705079691809917
244,244,4,recov,0.06686499504179061,2.705079691809917,293.33333333333337,2.705079691809917
245,245,5,recov,0.06686499504179061,2.705079691809917,293.33333333333337,2.705079691809917
246,246,3,recov,0.06686499504179061,2.705079691809917,293.33333333333337,2.705079691809917
247,247,4,recov,0.06686499504179061,2.705079691809917,293.33333333333337,2.705079691809917
248,248,5,recov,0.06686499504179061,2.705079691809917,293.33333333333337,2.705079691809917
249,249,3,recov,0.06686499504179061,2.705079691809917,293.33333333333337,2.705079691809917
250,250,4,recov,0.06686499504179061,2.705079691809917,293.33333333333337,2.705079691809917
251,251,5,recov,0.06686499504179061,2.705079691809917,293.33333333333337,2.705079691809917
252,252,3,recov,0.06686499504179061,2.705079691809917,293.33333333333337,2.705079691809917
253,253,4,recov,0.06686499504179061,2.705079691809917,293.33333333333337,2.705079691809917
254,254,5,recov,0.06686499504179061,2.705079691809917,293.33333333333337,2.705079691809917
255,255,3,recov,0.06686499504179061,2.705079691809917,293.33333333333337,2.705079691809917
256,256,4,recov,0.06686499504179061,2.705079691809917,293.33333333333337,2.705079691809917
257,257,5,recov,0.06686499504179061,2.705079691809917,293.33333333333337,2.705079691809917
258,258,3,recov,0.06686499504179061,2.705079691809917,293.33333333333337,2.705079691809917
259,259,4,recov,0.06686499504179061,2.705079691809917,293.33333333333337,2.705079691809917
260,260,5,recov,0.06686499504179061,2.705079691809917,293.33333333333337,2.705079691809917
261,261,3,recov,0.06686499504179061,2.705079691809917,293.33333333333337,2.705079691809917
262,262,4,recov,0.06686499504179061,2.705079691809917,293.33333333333337,2.705079691809917
263,263,5,recov,0.06686499504179061,2.705079691809917,293.33333333333337,2.705079691809917
264,264,3,recov,0.06686499504179061,2.705079691809917,293.33333333333337,2.705079691809917
265,265,4,recov,0.06686499504179061,2.705079691809917,293.33333333333337,2.705079691809917
266,266,5,recov,0.06686499504179061,2.705079691809917,293.33333333333337,2.705079691809917
267,267,3,recov,0.06686499504179061,2.705079691809917,293.33333333333337,2.705079691809917
268,268,4,recov,0.06686499504179061,2.705079691809917,293.33333333333337,2.705079691809917
269,269,5,recov,0.06686499504179061,2.705079691809917,293.33333333333337,2.705079691809917
270,270,3,recov,0.06686499504179061,2.705079691809917,293.33333333333337,2.705079691809917
271,271,4,recov,0.06686499504179061,2.705079691809917,293.33333333333337,2.705079691809917
272,272,5,recov,0.06686499504179061,2.705079691809917,293.33333333333337,2.705079691809917
273,273,3,recov,0.06686499504179061,2.705079691809917,293.33333333333337,2.705079691809917
274,274,4,recov,0.06686499504179061,2.705079691809917,293.33333333333337,2.705079691809917
275,275,5,recov,0.06686499504179061,2.705079691809917,293.33333333333337,2.705079691809917
276,276,3,recov,0.06686499504179061,2.705079691809917,293.33333333333337,2.705079691809917
277,277,4,recov,0.06686499504179061,2.705079691809917,293.33333333333337,2.705079691809917
278,278,5,recov,0.06686499504179061,2.705079691809917,293.33333333333337,2.705079691809917
279,279,3,recov,0.06686499504179061,2.705079691809917,293.33333333333337,2.705079691809917
280,280,4,recov,0.06686499504179061,2.705079691809917,293.33333333333337,2.705079691809917
281,281,5,recov,0.06686499504179061,2.705079691809917,293.33333333333337,2.705079691809917
282,282,3,recov,0.06686499504179061,2.705079691809917,293.33333333333337,2.705079691809917
283,283,4,recov,0.06686499504179061,2.705079691809917,293.33333333333337,2.705079691809917
284,284,5,recov,0.06686499504179061,2.705079691809917,293.33333333333337,2.705079691809917
285,285,3,recov,0.06686499504179061,2.705079691809917,293.33333333333337,2.705079691809917
286,286,4,recov,0.06686499504179061,2.705079691809917,293.33333333333337,2.705079691809917
287,287,5,recov,0.06686499504179061,2.705079691809917,293.33333333333337,2.705079691809917
288,288,3,recov,0.06686499504179061,2.705079691809917,293.33333333333337,2.705079691809917
289,289,4,recov,0.06686499504179061,2.705079691809917,293.33333333333337,2.705079691809917
290,290,5,recov,0.06686499504179061,2.705079691809917,293.33333333333337,2.705079691809917
291,291,3,recov,0.06686499504179061,2.705079691809917,293.33333333333337,2.705079691809917
292,292,4,recov,0.06686499504179061,2.705079691809917,293.33333333333337,2.705079691809917
293,293,5,recov,0.06686499504179061,2.705079691809917,293.33333333333337,2.705079691809917
294,294,3,recov,0.06686499504179061,2.705079691809917,293.33333333333337,2.705079691809917
295,295,4,recov,0.06686499504179061,2.705079691809917,293.33333333333337,2.705079691809917
296,296,5,recov,0.06686499504179061,2.705079691809917,293.33333333333337,2.705079691809917
297,297,3,recov,0.06686499504179061,2.705079691809917,293.33333333333337,2.705079691809917
298,298,4,recov,0.06686499504179061,2.705079691809917,293.33333333333337,2.705079691809917
299,299,5,recov,0.06686499504179061,2.705079691809917,293.33333333333337,2.705079691809917
300,300,3,recov,0.06686499504179061,2.705079691809917,293.33333333333337,2.705079691809917
301,301,4,recov,0.06686499504179061,2.705079691809917,293.33333333333337,2.705079691809917
302,302,5,recov,0.06686499504179061,2.705079691809917,293.33333333333337,2.705079691809917
303,303,3,recov,0.06686499504179061,2.705079691809917,293.33333333333337,2.705079691809917
304,304,4,recov,0.06686499504179061,2.705079691809917,293.33333333333337,2.705079691809917
305,305,5,recov,0.06686499504179061,2.705079691809917,293.33333333333337,2.705079691809917
306,306,3,recov,0.06686499504179061,2.705079691809917,293.33333333333337,2.705079691809917
307,307,4,recov,0.06686499504179061,2.705079691809917,293.33333333333337,2.705079691809917
308,308,5,recov,0.06686499504179061,2.705079691809917,293.33333333333337,2.705079691809917
309,309,3,recov,0.06686499504179061,2.705079691809917,293.33333333333337,2.705079691809917
310,310,4,recov,0.06686499504179061,2.705079691809917,293.33333333333337,2.705079691809917
311,311,5,recov,0.06686499504179061,2.705079691809917,293.33333333333337,2.705079691809917
312,312,3,recov,0.06686499504179061,2.705079691809917,293.33333333333337,2.705079691809917
313,313,4,recov,0.06686499504179061,2.705079691809917,293.33333333333337,2.705079691809917
314,314,5,recov,0.06686499504179061,2.705079691809917,293.33333333333337,2.705079691809917
315,315,3,recov,0.06686499504179061,2.705079691809917,293.33333333333337,2.705079691809917
316,316,4,recov,0.06686499504179061,2.705079691809917,293.33333333333337,2.705079691809917
317,317,5,recov,0.06686499504179061,2.705079691809917,293.33333333333337,2.705079691809917
318,318,3,recov,0.06686499504179061,2.705079691809917,293.33333333333337,2.705079691809917
319,319,4,recov,0.06686499504179061,2.705079691809917,293.33333333333337,2.705079691809917
320,320,5,recov,0.06686499504179061,2.705079691809917,293.33333333333337,2.705079691809917
321,321,3,recov,0.06686499504179061,2.705079691809917,293.33333333333337,2.705079691809917
322,322,4,recov,0.06686499504179061,2.705079691809917,293.33333333333337,2.705079691809917
323,323,5,recov,0.06686499504179061,2.705079691809917,293.33333333333337,2.705079691809917
324,324,3,recov,0.06686499504179061,2.705079691809917,293.33333333333337,2.705079691809917
325,325,4,recov,0.06686499504179061,2.705079691809917,293.33333333333337,2.705079691809917
326,326,5,recov,0.06686499504179061,2.705079691809917,293.33333333333337,2.705079691809917
327,327,3,recov,0.06686499504179061,2.705079691809917,293.33333333333337,2.705079691809917
328,328,4,recov,0.06686499504179061,2.705079691809917,293.33333333333337,2.705079691809917
329,329,5,recov,0.06686499504179061,2.705079691809917,293.33333333333337,2.705079691809917
330,330,3,recov,0.06686499504179061,2.705079691809917,293.33333333333337,2.705079691809917
331,331,4,recov,0.06686499504179061,2.705079691809917,293.33333333333337,2.705079691809917
332,332,5,recov,0.06686499504179061,2.705079691809917,293.33333333333337,2.705079691809917
333,333,3,recov,0.06686499504179061,2.705079691809917,293.33333333333337,2.705079691809917
334,334,4,recov,0.06686499504179061,2.705079691809917,293.33333333333337,2.705079691809917
335,335,5,recov,0.06686499504179061,2.705079691809917,293.33333333333337,2.705079691809917
336,336,3,recov,0.06686499504179061,2.705079691809917,293.33333333333337,2.705079691809917
337,337,4,recov,0.06686499504179061,2.705079691809917,293.33333333333337,2.705079691809917
338,338,5,recov,0.06686499504179061,2.705079691809917,293.33333333333337,2.705079691809917
339,339,3,recov,0.06686499504179061,2.705079691809917,293.33333333333337,2.705079691809917
340,340,4,recov,0.06686499504179061,2.705079691809917,293.33333333333337,2.705079691809917
341,341,5,recov,0.06686499504179061,2.705079691809917,293.33333333333337,2.705079691809917
342,342,3,recov,0.06686499504179061,2.705079691809917,293.33333333333337,2.705079691809917
343,343,4,recov,0.06686499504179061,2.705079691809917,293.33333333333337,2.705079691809917
344,344,5,recov,0.06686499504179061,2.705079691809917,293.33333333333337,2.705079691809917
345,345,3,recov,0.06686499504179061,2.705079691809917,293.33333333333337,2.705079691809917
346,346,4,recov,0.06686499504179061,2.705079691809917,293.33333333333337,2.705079691809917
347,347,5,recov,0.06686499504179061,2.705079691809917,293.33333333333337,2.705079691809917
348,348,3,recov,0.06686499504179061,2.705079691809917,293.33333333333337,2.705079691809917
349,349,4,recov,0.06686499504179061,2.705079691809917,293.33333333333337,2.705079691809917
350,350,5,recov,0.06686499504179061,2.705079691809917,293.33333333333337,2.705079691809917
351,351,3,recov,0.06686499504179061,2.705079691809917,293.33333333333337,2.705079691809917
352,352,4,recov,0.06686499504179061,2.705079691809917,293.33333333333337,2.705079691809917
353,353,5,recov,0.06686499504179061,2.705079691809917,293.33333333333337,2.705079691809917
354,354,3,recov,0.06686499504179061,2.705079691809917,293.33333333333337,2.705079691809917
355,355,4,recov,0.06686499504179061,2.705079691809917,293.33333333333337,2.705079691809917
356,356,5,recov,0.06686499504179061,2.705079691809917,293.33333333333337,2.705079691809917
357,357,3,recov,0.06686499504179061,2.705079691809917,293.33333333333337,2.705079691809917
358,358,4,recov,0.06686499504179061,2.705079691809917,293.33333333333337,2.705079691809917
359,359,5,recov,0.06686499504179061,2.705079691809917,293.33333333333337,2.705079691809917
360,360,0,fam_r,0.06629834254143646,2.7135903814778253,293.33333333333337,2.705079691809917
361,361,1,fam_r,0.06629834254143646,2.7135903814778253,293.33333333333337,2.705079691809917
362,362,2,fam_r,0.06629834254143646,2.7135903814778253,293.33333333333337,2.705079691809917
363,363,0,fam_r,0.06682872928176795,2.705622211828649,293.33333333333337,2.705079691809917
364,364,1,fam_r,0.06682872928176795,2.705622211828649,293.33333333333337,2.705079691809917
365,365,2,fam_r,0.06682872928176795,2.705622211828649,293.33333333333337,2.705079691809917
366,366,0,fam_r,0.06686267403314916,2.7051144042767943,293.33333333333337,2.705079691809917
367,367,1,fam_r,0.06686267403314916,2.7051144042767943,293.33333333333337,2.705079691809917
368,368,2,fam_r,0.06686267403314916,2.7051144042767943,293.33333333333337,2.705079691809917
369,369,0,fam_r,0.06686484649723756,2.7050819133717066,293.33333333333337,2.705079691809917
370,370,1,fam_r,0.06686484649723756,2.7050819133717066,293.33333333333337,2.705079691809917
371,371,2,fam_r,0.06686484649723756,2.7050819133717066,293.33333333333337,2.705079691809917
372,372,0,fam_r,0.06686498553493922,2.7050798339897235,293.33333333333337,2.705079691809917
373,373,1,fam_r,0.06686498553493922,2.7050798339897235,293.33333333333337,2.705079691809917
374,374,2,fam_r,0.06686498553493922,2.7050798339897235,293.33333333333337,2.705079691809917
0,0,0,fam,0.06666666666666667,2.70805020110221,366.6666666666667,2.705079691809917
1,1,1,fam,0.0664451827242525,2.7113779911948845,366.6666666666667,2.705079691809917
2,2,2,fam,0.06635700066357002,2.712706012638404,366.6666666666667,2.705079691809917
3,3,0,fam,0.06685236768802229,2.7052685581403333,366.6666666666667,2.705079691809917
4,4,1,fam,0.06683818263798637,2.70548076536148,366.6666666666667,2.705079691809917
5,5,2,fam,0.06683251030334533,2.705565635642611,366.6666666666667,2.705079691809917
6,6,0,fam,0.06686418715862211,2.7050917741864815,366.6666666666667,2.705079691809917
7,7,1,fam,0.06686327927512024,2.7051053523021236,366.6666666666667,2.705079691809917
8,8,2,fam,0.06686291612862272,2.705110783496759,366.6666666666667,2.705079691809917
9,9,0,fam,0.06686494333836301,2.7050804650612656,366.6666666666667,2.705079691809917
10,10,1,fam,0.06686488523365408,2.7050813340477817,366.6666666666667,2.705079691809917
11,11,2,fam,0.0668648619917988,2.7050816816421768,366.6666666666667,2.705079691809917
12,12,0,fam,0.06686499173277574,2.705079741297918,366.6666666666667,2.705079691809917
13,13,1,fam,0.06686498801407369,2.7050797969130027,366.6666666666667,2.705079691809917
14,14,2,fam,0.06686498652659298,2.7050798191590353,366.6666666666667,2.705079691809917
15,15,0,fam,0.0668649948300137,2.7050796949771483,366.6666666666667,2.705079691809917
16,16,1,fam,0.06686499459201677,2.7050796985365135,366.6666666666667,2.705079691809917
17,17,2,fam,0.06686499449681799,2.7050796999602595,366.6666666666667,2.705079691809917
18,18,0,fam,0.0668649950282369,2.7050796920126197,366.6666666666667,2.705079691809917
19,19,1,fam,0.0668649950130051,2.705079692240419,366.6666666666667,2.705079691809917
20,20,2,fam,0.06686499500691237,2.7050796923315388,366.6666666666667,2.705079691809917
21,21,0,fam,0.06686499504092318,2.7050796918228897,366.6666666666667,2.705079691809917
22,22,1,fam,0.06686499503994835,2.705079691837469,366.6666666666667,2.705079691809917
23,23,2,fam,0.06686499503955841,2.705079691843301,366.6666666666667,2.705079691809917
24,24,0,fam,0.0668649950417351,2.7050796918107474,366.6666666666667,2.705079691809917
25,25,1,fam,0.06686499504167272,2.70507969181168,366.6666666666667,2.705079691809917
26,26,2,fam,0.06686499504164777,2.7050796918120534,366.6666666666667,2.705079691809917
27,27,0,fam,0.06686499504178707,2.7050796918099698,366.6666666666667,2.705079691809917
28,28,1,fam,0.06686499504178307,2.7050796918100297,366.6666666666667,2.705079691809917
29,29,2,fam,0.06686499504178148,2.7050796918100537,366.6666666666667,2.705079691809917
30,30,0,fam,0.0668649950417904,2.70507969180992,366.6666666666667,2.705079691809917
31,31,1,fam,0.06686499504179015,2.705079691809924,366.6666666666667,2.705079691809917
32,32,2,fam,0.06686499504179004,2.7050796918099254,366.6666666666667,2.705079691809917
33,33,0,fam,0.06686499504179061,2.705079691809917,366.6666666666667,2.705079691809917
34,34,1,fam,0.0668649950417906,2.7050796918099174,366.6666666666667,2.705079691809917
35,35,2,fam,0.0668649950417906,2.7050796918099174,366.6666666666667,2.705079691809917
36,36,0,fam,0.06686499504179061,2.705079691809917,366.6666666666667,2.705079691809917
37,37,1,fam,0.06686499504179061,2.705079691809917,366.6666666666667,2.705079691809917
38,38,2,fam,0.06686499504179061,2.705079691809917,366.6666666666667,2.705079691809917
39,39,0,fam,0.06686499504179061,2.705079691809917,366.6666666666667,2.705079691809917
40,40,1,fam,0.06686499504179061,2.705079691809917,366.6666666666667,2.705079691809917
41,41,2,fam,0.06686499504179061,2.705079691809917,366.6666666666667,2.705079691809917
42,42,0,fam,0.06686499504179061,2.705079691809917,366.6666666666667,2.705079691809917
43,43,1,fam,0.06686499504179061,2.705079691809917,366.6666666666667,2.705079691809917
44,44,2,fam,0.06686499504179061,2.705079691809917,366.6666666666667,2.705079691809917
45,45,0,fam,0.06686499504179061,2.705079691809917,366.6666666666667,2.705079691809917
46,46,1,fam,0.06686499504179061,2.705079691809917,366.6666666666667,2.705079691809917
47,47,2,fam,0.06686499504179061,2.705079691809917,366.6666666666667,2.705079691809917
48,48,0,fam,0.06686499504179061,2.705079691809917,366.6666666666667,2.705079691809917
49,49,1,fam,0.06686499504179061,2.705079691809917,366.6666666666667,2.705079691809917
50,50,2,fam,0.06686499504179061,2.705079691809917,366.6666666666667,2.705079691809917
51,51,0,fam,0.06686499504179061,2.705079691809917,366.6666666666667,2.705079691809917
52,52,1,fam,0.06686499504179061,2.705079691809917,366.6666666666667,2.705079691809917
53,53,2,fam,0.06686499504179061,2.705079691809917,366.6666666666667,2.705079691809917
54,54,0,fam,0.06686499504179061,2.705079691809917,366.6666666666667,2.705079691809917
55,55,1,fam,0.06686499504179061,2.705079691809917,366.6666666666667,2.705079691809917
56,56,2,fam,0.06686499504179061,2.705079691809917,366.6666666666667,2.705079691809917
57,57,0,fam,0.06686499504179061,2.705079691809917,366.6666666666667,2.705079691809917
58,58,1,fam,0.06686499504179061,2.705079691809917,366.6666666666667,2.705079691809917
59,59,2,fam,0.06686499504179061,2.705079691809917,366.6666666666667,2.705079691809917
60,60,0,fam,0.06686499504179061,2.705079691809917,366.6666666666667,2.705079691809917
61,61,1,fam,0.06686499504179061,2.705079691809917,366.6666666666667,2.705079691809917
62,62,2,fam,0.06686499504179061,2.705079691809917,366.6666666666667,2.705079691809917
63,63,0,fam,0.06686499504179061,2.705079691809917,366.6666666666667,2.705079691809917
64,64,1,fam,0.06686499504179061,2.705079691809917,366.6666666666667,2.705079691809917
65,65,2,fam,0.06686499504179061,2.705079691809917,366.6666666666667,2.705079691809917
66,66,3,recov,0.06629834254143646,2.7135903814778253,366.6666666666667,2.705079691809917
67,67,4,recov,0.06629834254143646,2.7135903814778253,366.6666666666667,2.705079691809917
68,68,5,recov,0.06629834254143646,2.7135903814778253,366.6666666666667,2.705079691809917
69,69,3,recov,0.06682872928176795,2.705622211828649,366.6666666666667,2.705079691809917
70,70,4,recov,0.06682872928176795,2.705622211828649,366.6666666666667,2.705079691809917
71,71,5,recov,0.06682872928176795,2.705622211828649,366.6666666666667,2.705079691809917
72,72,3,recov,0.06686267403314916,2.7051144042767943,366.6666666666667,2.705079691809917
73,73,4,recov,0.06686267403314916,2.7051144042767943,366.6666666666667,2.705079691809917
74,74,5,recov,0.06686267403314916,2.7051144042767943,366.6666666666667,2.705079691809917
75,75,3,recov,0.06686484649723756,2.7050819133717066,366.6666666666667,2.705079691809917
76,76,4,recov,0.06686484649723756,2.7050819133717066,366.6666666666667,2.705079691809917
77,77,5,recov,0.06686484649723756,2.7050819133717066,366.6666666666667,2.705079691809917
78,78,3,recov,0.06686498553493922,2.7050798339897235,366.6666666666667,2.705079691809917
79,79,4,recov,0.06686498553493922,2.7050798339897235,366.6666666666667,2.705079691809917
80,80,5,recov,0.06686498553493922,2.7050798339897235,366.6666666666667,2.705079691809917
81,81,3,recov,0.06686499443335213,2.705079700909424,366.6666666666667,2.705079691809917
82,82,4,recov,0.06686499443335213,2.705079700909424,366.6666666666667,2.705079691809917
83,83,5,recov,0.06686499443335213,2.705079700909424,366.6666666666667,2.705079691809917
84,84,3,recov,0.06686499500285055,2.7050796923922853,366.6666666666667,2.705079691809917
85,85,4,recov,0.06686499500285055,2.7050796923922853,366.6666666666667,2.705079691809917
86,86,5,recov,0.06686499500285055,2.7050796923922853,366.6666666666667,2.705079691809917
87,87,3,recov,0.06686499503929845,2.7050796918471884,366.6666666666667,2.705079691809917
88,88,4,recov,0.06686499503929845,2.7050796918471884,366.6666666666667,2.705079691809917
89,89,5,recov,0.06686499503929845,2.7050796918471884,366.6666666666667,2.705079691809917
90,90,3,recov,0.06686499504163113,2.705079691812302,366.6666666666667,2.705079691809917
91,91,4,recov,0.06686499504163113,2.705079691812302,366.6666666666667,2.705079691809917
92,92,5,recov,0.06686499504163113,2.705079691812302,366.6666666666667,2.705079691809917
93,93,3,recov,0.06686499504178041,2.7050796918100697,366.6666666666667,2.705079691809917
94,94,4,recov,0.06686499504178041,2.7050796918100697,366.6666666666667,2.705079691809917
95,95,5,recov,0.06686499504178041,2.7050796918100697,366.6666666666667,2.705079691809917
96,96,3,recov,0.06686499504178997,2.7050796918099267,366.6666666666667,2.705079691809917
97,97,4,recov,0.06686499504178997,2.7050796918099267,366.6666666666667,2.705079691809917
98,98,5,recov,0.06686499504178997,2.7050796918099267,366.6666666666667,2.705079691809917
99,99,3,recov,0.06686499504179058,2.7050796918099174,366.6666666666667,2.705079691809917
100,100,4,recov,0.06686499504179058,2.7050796918099174,366.6666666666667,2.705079691809917
101,101,5,recov,0.06686499504179058,2.7050796918099174,366.6666666666667,2.705079691809917
102,102,3,recov,0.06686499504179061,2.705079691809917,366.6666666666667,2.705079691809917
103,103,4,recov,0.06686499504179061,2.705079691809917,366.6666666666667,2.705079691809917
104,104,5,recov,0.06686499504179061,2.705079691809917,366.6666666666667,2.705079691809917
105,105,3,recov,0.06686499504179061,2.705079691809917,366.6666666666667,2.705079691809917
106,106,4,recov,0.06686499504179061,2.705079691809917,366.6666666666667,2.705079691809917
107,107,5,recov,0.06686499504179061,2.705079691809917,366.6666666666667,2.705079691809917
108,108,3,recov,0.06686499504179061,2.705079691809917,366.6666666666667,2.705079691809917
109,109,4,recov,0.06686499504179061,2.705079691809917,366.6666666666667,2.705079691809917
110,110,5,recov,0.06686499504179061,2.705079691809917,366.6666666666667,2.705079691809917
111,111,3,recov,0.06686499504179061,2.705079691809917,366.6666666666667,2.705079691809917
112,112,4,recov,0.06686499504179061,2.705079691809917,366.6666666666667,2.705079691809917
113,113,5,recov,0.06686499504179061,2.705079691809917,366.6666666666667,2.705079691809917
114,114,3,recov,0.06686499504179061,2.705079691809917,366.6666666666667,2.705079691809917
115,115,4,recov,0.06686499504179061,2.705079691809917,366.6666666666667,2.705079691809917
116,116,5,recov,0.06686499504179061,2.705079691809917,366.6666666666667,2.705079691809917
117,117,3,recov,0.06686499504179061,2.705079691809917,366.6666666666667,2.705079691809917
118,118,4,recov,0.06686499504179061,2.705079691809917,366.6666666666667,2.705079691809917
119,119,5,recov,0.06686499504179061,2.705079691809917,366.6666666666667,2.705079691809917
120,120,3,recov,0.06686499504179061,2.705079691809917,366.6666666666667,2.705079691809917
121,121,4,recov,0.06686499504179061,2.705079691809917,366.6666666666667,2.705079691809917
122,122,5,recov,0.06686499504179061,2.705079691809917,366.6666666666667,2.705079691809917
123,123,3,recov,0.06686499504179061,2.705079691809917,366.6666666666667,2.705079691809917
124,124,4,recov,0.06686499504179061,2.705079691809917,366.6666666666667,2.705079691809917
125,125,5,recov,0.06686499504179061,2.705079691809917,366.6666666666667,2.705079691809917
126,126,3,recov,0.06686499504179061,2.705079691809917,366.6666666666667,2.705079691809917
127,127,4,recov,0.06686499504179061,2.705079691809917,366.6666666666667,2.705079691809917
128,128,5,recov,0.06686499504179061,2.705079691809917,366.6666666666667,2.705079691809917
129,129,3,recov,0.06686499504179061,2.705079691809917,366.6666666666667,2.705079691809917
130,130,4,recov,0.06686499504179061,2.705079691809917,366.6666666666667,2.705079691809917
131,131,5,recov,0.06686499504179061,2.705079691809917,366.6666666666667,2.705079691809917
132,132,3,recov,0.06686499504179061,2.705079691809917,366.6666666666667,2.705079691809917
133,133,4,recov,0.06686499504179061,2.705079691809917,366.6666666666667,2.705079691809917
134,134,5,recov,0.06686499504179061,2.705079691809917,366.6666666666667,2.705079691809917
135,135,3,recov,0.06686499504179061,2.705079691809917,366.6666666666667,2.705079691809917
136,136,4,recov,0.06686499504179061,2.705079691809917,366.6666666666667,2.705079691809917
137,137,5,recov,0.06686499504179061,2.705079691809917,366.6666666666667,2.705079691809917
138,138,3,recov,0.06686499504179061,2.705079691809917,366.6666666666667,2.705079691809917
139,139,4,recov,0.06686499504179061,2.705079691809917,366.6666666666667,2.705079691809917
140,140,5,recov,0.06686499504179061,2.705079691809917,366.6666666666667,2.705079691809917
141,141,3,recov,0.06686499504179061,2.705079691809917,366.6666666666667,2.705079691809917
142,142,4,recov,0.06686499504179061,2.705079691809917,366.6666666666667,2.705079691809917
143,143,5,recov,0.06686499504179061,2.705079691809917,366.6666666666667,2.705079691809917
144,144,3,recov,0.06686499504179061,2.705079691809917,366.6666666666667,2.705079691809917
145,145,4,recov,0.06686499504179061,2.705079691809917,366.6666666666667,2.705079691809917
146,146,5,recov,0.06686499504179061,2.705079691809917,366.6666666666667,2.705079691809917
147,147,3,recov,0.06686499504179061,2.705079691809917,366.6666666666667,2.705079691809917
148,148,4,recov,0.06686499504179061,2.705079691809917,366.6666666666667,2.705079691809917
149,149,5,recov,0.06686499504179061,2.705079691809917,366.6666666666667,2.705079691809917
150,150,3,recov,0.06686499504179061,2.705079691809917,366.6666666666667,2.705079691809917
151,151,4,recov,0.06686499504179061,2.705079691809917,366.6666666666667,2.705079691809917
152,152,5,recov,0.06686499504179061,2.705079691809917,366.6666666666667,2.705079691809917
153,153,3,recov,0.06686499504179061,2.705079691809917,366.6666666666667,2.705079691809917
154,154,4,recov,0.06686499504179061,2.705079691809917,366.6666666666667,2.705079691809917
155,155,5,recov,0.06686499504179061,2.705079691809917,366.6666666666667,2.705079691809917
156,156,3,recov,0.06686499504179061,2.705079691809917,366.6666666666667,2.705079691809917
157,157,4,recov,0.06686499504179061,2.705079691809917,366.6666666666667,2.705079691809917
158,158,5,recov,0.06686499504179061,2.705079691809917,366.6666666666667,2.705079691809917
159,159,3,recov,0.06686499504179061,2.705079691809917,366.6666666666667,2.705079691809917
160,160,4,recov,0.06686499504179061,2.705079691809917,366.6666666666667,2.705079691809917
161,161,5,recov,0.06686499504179061,2.705079691809917,366.6666666666667,2.705079691809917
162,162,3,recov,0.06686499504179061,2.705079691809917,366.6666666666667,2.705079691809917
163,163,4,recov,0.06686499504179061,2.705079691809917,366.6666666666667,2.705079691809917
164,164,5,recov,0.06686499504179061,2.705079691809917,366.6666666666667,2.705079691809917
165,165,3,recov,0.06686499504179061,2.705079691809917,366.6666666666667,2.705079691809917
166,166,4,recov,0.06686499504179061,2.705079691809917,366.6666666666667,2.705079691809917
167,167,5,recov,0.06686499504179061,2.705079691809917,366.6666666666667,2.705079691809917
168,168,3,recov,0.06686499504179061,2.705079691809917,366.6666666666667,2.705079691809917
169,169,4,recov,0.06686499504179061,2.705079691809917,366.6666666666667,2.705079691809917
170,170,5,recov,0.06686499504179061,2.705079691809917,366.6666666666667,2.705079691809917
171,171,3,recov,0.06686499504179061,2.705079691809917,366.6666666666667,2.705079691809917
172,172,4,recov,0.06686499504179061,2.705079691809917,366.6666666666667,2.705079691809917
173,173,5,recov,0.06686499504179061,2.705079691809917,366.6666666666667,2.705079691809917
174,174,3,recov,0.06686499504179061,2.705079691809917,366.6666666666667,2.705079691809917
175,175,4,recov,0.06686499504179061,2.705079691809917,366.6666666666667,2.705079691809917
176,176,5,recov,0.06686499504179061,2.705079691809917,366.6666666666667,2.705079691809917
177,177,3,recov,0.06686499504179061,2.705079691809917,366.6666666666667,2.705079691809917
178,178,4,recov,0.06686499504179061,2.705079691809917,366.6666666666667,2.705079691809917
179,179,5,recov,0.06686499504179061,2.705079691809917,366.6666666666667,2.705079691809917
180,180,3,recov,0.06686499504179061,2.705079691809917,366.6666666666667,2.705079691809917
181,181,4,recov,0.06686499504179061,2.705079691809917,366.6666666666667,2.705079691809917
182,182,5,recov,0.06686499504179061,2.705079691809917,366.6666666666667,2.705079691809917
183,183,3,recov,0.06686499504179061,2.705079691809917,366.6666666666667,2.705079691809917
184,184,4,recov,0.06686499504179061,2.705079691809917,366.6666666666667,2.705079691809917
185,185,5,recov,0.06686499504179061,2.705079691809917,366.6666666666667,2.705079691809917
186,186,3,recov,0.06686499504179061,2.705079691809917,366.6666666666667,2.705079691809917
187,187,4,recov,0.06686499504179061,2.705079691809917,366.6666666666667,2.705079691809917
188,188,5,recov,0.06686499504179061,2.705079691809917,366.6666666666667,2.705079691809917
189,189,3,recov,0.06686499504179061,2.705079691809917,366.6666666666667,2.705079691809917
190,190,4,recov,0.06686499504179061,2.705079691809917,366.6666666666667,2.705079691809917
191,191,5,recov,0.06686499504179061,2.705079691809917,366.6666666666667,2.705079691809917
192,192,3,recov,0.06686499504179061,2.705079691809917,366.6666666666667,2.705079691809917
193,193,4,recov,0.06686499504179061,2.705079691809917,366.6666666666667,2.705079691809917
194,194,5,recov,0.06686499504179061,2.705079691809917,366.6666666666667,2.705079691809917
195,195,3,recov,0.06686499504179061,2.705079691809917,366.6666666666667,2.705079691809917
196,196,4,recov,0.06686499504179061,2.705079691809917,366.6666666666667,2.705079691809917
197,197,5,recov,0.06686499504179061,2.705079691809917,366.6666666666667,2.705079691809917
198,198,3,recov,0.06686499504179061,2.705079691809917,366.6666666666667,2.705079691809917
199,199,4,recov,0.06686499504179061,2.705079691809917,366.6666666666667,2.705079691809917
200,200,5,recov,0.06686499504179061,2.705079691809917,366.6666666666667,2.705079691809917
201,201,3,recov,0.06686499504179061,2.705079691809917,366.6666666666667,2.705079691809917
202,202,4,recov,0.06686499504179061,2.705079691809917,366.6666666666667,2.705079691809917
203,203,5,recov,0.06686499504179061,2.705079691809917,366.6666666666667,2.705079691809917
204,204,3,recov,0.06686499504179061,2.705079691809917,366.6666666666667,2.705079691809917
205,205,4,recov,0.06686499504179061,2.705079691809917,366.6666666666667,2.705079691809917
206,206,5,recov,0.06686499504179061,2.705079691809917,366.6666666666667,2.705079691809917
207,207,3,recov,0.06686499504179061,2.705079691809917,366.6666666666667,2.705079691809917
208,208,4,recov,0.06686499504179061,2.705079691809917,366.6666666666667,2.705079691809917
209,209,5,recov,0.06686499504179061,2.705079691809917,366.6666666666667,2.705079691809917
210,210,3,recov,0.06686499504179061,2.705079691809917,366.6666666666667,2.705079691809917
211,211,4,recov,0.06686499504179061,2.705079691809917,366.6666666666667,2.705079691809917
212,212,5,recov,0.06686499504179061,2.705079691809917,366.6666666666667,2.705079691809917
213,213,3,recov,0.06686499504179061,2.705079691809917,366.6666666666667,2.705079691809917
214,214,4,recov,0.06686499504179061,2.705079691809917,366.6666666666667,2.705079691809917
215,215,5,recov,0.06686499504179061,2.705079691809917,366.6666666666667,2.705079691809917
216,216,3,recov,0.06686499504179061,2.705079691809917,366.6666666666667,2.705079691809917
217,217,4,recov,0.06686499504179061,2.705079691809917,366.6666666666667,2.705079691809917
218,218,5,recov,0.06686499504179061,2.705079691809917,366.6666666666667,2.705079691809917
219,219,3,recov,0.06686499504179061,2.705079691809917,366.6666666666667,2.705079691809917
220,220,4,recov,0.06686499504179061,2.705079691809917,366.6666666666667,2.705079691809917
221,221,5,recov,0.06686499504179061,2.705079691809917,366.6666666666667,2.705079691809917
222,222,3,recov,0.06686499504179061,2.705079691809917,366.6666666666667,2.705079691809917
223,223,4,recov,0.06686499504179061,2.705079691809917,366.6666666666667,2.705079691809917
224,224,5,recov,0.06686499504179061,2.705079691809917,366.6666666666667,2.705079691809917
225,225,3,recov,0.06686499504179061,2.705079691809917,366.6666666666667,2.705079691809917
226,226,4,recov,0.06686499504179061,2.705079691809917,366.6666666666667,2.705079691809917
227,227,5,recov,0.06686499504179061,2.705079691809917,366.6666666666667,2.705079691809917
228,228,3,recov,0.06686499504179061,2.705079691809917,366.6666666666667,2.705079691809917
229,229,4,recov,0.06686499504179061,2.705079691809917,366.6666666666667,2.705079691809917
230,230,5,recov,0.06686499504179061,2.705079691809917,366.6666666666667,2.705079691809917
231,231,3,recov,0.06686499504179061,2.705079691809917,366.6666666666667,2.705079691809917
232,232,4,recov,0.06686499504179061,2.705079691809917,366.6666666666667,2.705079691809917
233,233,5,recov,0.06686499504179061,2.705079691809917,366.6666666666667,2.705079691809917
234,234,3,recov,0.06686499504179061,2.705079691809917,366.6666666666667,2.705079691809917
235,235,4,recov,0.06686499504179061,2.705079691809917,366.6666666666667,2.705079691809917
236,236,5,recov,0.06686499504179061,2.705079691809917,366.6666666666667,2.705079691809917
237,237,3,recov,0.06686499504179061,2.705079691809917,366.6666666666667,2.705079691809917
238,238,4,recov,0.06686499504179061,2.705079691809917,366.6666666666667,2.705079691809917
239,239,5,recov,0.06686499504179061,2.705079691809917,366.6666666666667,2.705079691809917
240,240,3,recov,0.06686499504179061,2.705079691809917,366.6666666666667,2.705079691809917
241,241,4,recov,0.06686499504179061,2.705079691809917,366.6666666666667,2.705079691809917
242,242,5,recov,0.06686499504179061,2.705079691809917,366.6666666666667,2.705079691809917
243,243,3,recov,0.06686499504179061,2.705079691809917,366.6666666666667,2.705079691809917
244,244,4,recov,0.06686499504179061,2.705079691809917,366.6666666666667,2.705079691809917
245,245,5,recov,0.06686499504179061,2.705079691809917,366.6666666666667,2.705079691809917
246,246,3,recov,0.06686499504179061,2.705079691809917,366.6666666666667,2.705079691809917
247,247,4,recov,0.06686499504179061,2.705079691809917,366.6666666666667,2.705079691809917
248,248,5,recov,0.06686499504179061,2.705079691809917,366.6666666666667,2.705079691809917
249,249,3,recov,0.06686499504179061,2.705079691809917,366.6666666666667,2.705079691809917
250,250,4,recov,0.06686499504179061,2.705079691809917,366.6666666666667,2.705079691809917
251,251,5,recov,0.06686499504179061,2.705079691809917,366.6666666666667,2.705079691809917
252,252,3,recov,0.06686499504179061,2.705079691809917,366.6666666666667,2.705079691809917
253,253,4,recov,0.06686499504179061,2.705079691809917,366.6666666666667,2.705079691809917
254,254,5,recov,0.06686499504179061,2.705079691809917,366.6666666666667,2.705079691809917
255,255,3,recov,0.06686499504179061,2.705079691809917,366.6666666666667,2.705079691809917
256,256,4,recov,0.06686499504179061,2.705079691809917,366.6666666666667,2.705079691809917
257,257,5,recov,0.06686499504179061,2.705079691809917,366.6666666666667,2.705079691809917
258,258,3,recov,0.06686499504179061,2.705079691809917,366.6666666666667,2.705079691809917
259,259,4,recov,0.06686499504179061,2.705079691809917,366.6666666666667,2.705079691809917
260,260,5,recov,0.06686499504179061,2.705079691809917,366.6666666666667,2.705079691809917
261,261,3,recov,0.06686499504179061,2.705079691809917,366.6666666666667,2.705079691809917
262,262,4,recov,0.06686499504179061,2.705079691809917,366.6666666666667,2.705079691809917
263,263,5,recov,0.06686499504179061,2.705079691809917,366.6666666666667,2.705079691809917
264,264,3,recov,0.06686499504179061,2.705079691809917,366.6666666666667,2.705079691809917
265,265,4,recov,0.06686499504179061,2.705079691809917,366.6666666666667,2.705079691809917
266,266,5,recov,0.06686499504179061,2.705079691809917,366.6666666666667,2.705079691809917
267,267,3,recov,0.06686499504179061,2.705079691809917,366.6666666666667,2.705079691809917
268,268,4,recov,0.06686499504179061,2.705079691809917,366.6666666666667,2.705079691809917
269,269,5,recov,0.06686499504179061,2.705079691809917,366.6666666666667,2.705079691809917
270,270,3,recov,0.06686499504179061,2.705079691809917,366.6666666666667,2.705079691809917
271,271,4,recov,0.06686499504179061,2.705079691809917,366.6666666666667,2.705079691809917
272,272,5,recov,0.06686499504179061,2.705079691809917,366.6666666666667,2.705079691809917
273,273,3,recov,0.06686499504179061,2.705079691809917,366.6666666666667,2.705079691809917
274,274,4,recov,0.06686499504179061,2.705079691809917,366.6666666666667,2.705079691809917
275,275,5,recov,0.06686499504179061,2.705079691809917,366.6666666666667,2.705079691809917
276,276,3,recov,0.06686499504179061,2.705079691809917,366.6666666666667,2.705079691809917
277,277,4,recov,0.06686499504179061,2.705079691809917,366.6666666666667,2.705079691809917
278,278,5,recov,0.06686499504179061,2.705079691809917,366.6666666666667,2.705079691809917
279,279,3,recov,0.06686499504179061,2.705079691809917,366.6666666666667,2.705079691809917
280,280,4,recov,0.06686499504179061,2.705079691809917,366.6666666666667,2.705079691809917
281,281,5,recov,0.06686499504179061,2.705079691809917,366.6666666666667,2.705079691809917
282,282,3,recov,0.06686499504179061,2.705079691809917,366.6666666666667,2.705079691809917
283,283,4,recov,0.06686499504179061,2.705079691809917,366.6666666666667,2.705079691809917
284,284,5,recov,0.06686499504179061,2.705079691809917,366.6666666666667,2.705079691809917
285,285,3,recov,0.06686499504179061,2.705079691809917,366.6666666666667,2.705079691809917
286,286,4,recov,0.06686499504179061,2.705079691809917,366.6666666666667,2.705079691809917
287,287,5,recov,0.06686499504179061,2.705079691809917,366.6666666666667,2.705079691809917
288,288,3,recov,0.06686499504179061,2.705079691809917,366.6666666666667,2.705079691809917
289,289,4,recov,0.06686499504179061,2.705079691809917,366.6666666666667,2.705079691809917
290,290,5,recov,0.06686499504179061,2.705079691809917,366.6666666666667,2.705079691809917
291,291,3,recov,0.06686499504179061,2.705079691809917,366.6666666666667,2.705079691809917
292,292,4,recov,0.06686499504179061,2.705079691809917,366.6666666666667,2.705079691809917
293,293,5,recov,0.06686499504179061,2.705079691809917,366.6666666666667,2.705079691809917
294,294,3,recov,0.06686499504179061,2.705079691809917,366.6666666666667,2.705079691809917
295,295,4,recov,0.06686499504179061,2.705079691809917,366.6666666666667,2.705079691809917
296,296,5,recov,0.06686499504179061,2.705079691809917,366.6666666666667,2.705079691809917
297,297,3,recov,0.06686499504179061,2.705079691809917,366.6666666666667,2.705079691809917
298,298,4,recov,0.06686499504179061,2.705079691809917,366.6666666666667,2.705079691809917
299,299,5,recov,0.06686499504179061,2.705079691809917,366.6666666666667,2.705079691809917
300,300,3,recov,0.06686499504179061,2.705079691809917,366.6666666666667,2.705079691809917
301,301,4,recov,0.06686499504179061,2.705079691809917,366.6666666666667,2.705079691809917
302,302,5,recov,0.06686499504179061,2.705079691809917,366.6666666666667,2.705079691809917
303,303,3,recov,0.06686499504179061,2.705079691809917,366.6666666666667,2.705079691809917
304,304,4,recov,0.06686499504179061,2.705079691809917,366.6666666666667,2.705079691809917
305,305,5,recov,0.06686499504179061,2.705079691809917,366.6666666666667,2.705079691809917
306,306,3,recov,0.06686499504179061,2.705079691809917,366.6666666666667,2.705079691809917
307,307,4,recov,0.06686499504179061,2.705079691809917,366.6666666666667,2.705079691809917
308,308,5,recov,0.06686499504179061,2.705079691809917,366.6666666666667,2.705079691809917
309,309,3,recov,0.06686499504179061,2.705079691809917,366.6666666666667,2.705079691809917
310,310,4,recov,0.06686499504179061,2.705079691809917,366.6666666666667,2.705079691809917
311,311,5,recov,0.06686499504179061,2.705079691809917,366.6666666666667,2.705079691809917
312,312,3,recov,0.06686499504179061,2.705079691809917,366.6666666666667,2.705079691809917
313,313,4,recov,0.06686499504179061,2.705079691809917,366.6666666666667,2.705079691809917
314,314,5,recov,0.06686499504179061,2.705079691809917,366.6666666666667,2.705079691809917
315,315,3,recov,0.06686499504179061,2.705079691809917,366.6666666666667,2.705079691809917
316,316,4,recov,0.06686499504179061,2.705079691809917,366.6666666666667,2.705079691809917
317,317,5,recov,0.06686499504179061,2.705079691809917,366.6666666666667,2.705079691809917
318,318,3,recov,0.06686499504179061,2.705079691809917,366.6666666666667,2.705079691809917
319,319,4,recov,0.06686499504179061,2.705079691809917,366.6666666666667,2.705079691809917
320,320,5,recov,0.06686499504179061,2.705079691809917,366.6666666666667,2.705079691809917
321,321,3,recov,0.06686499504179061,2.705079691809917,366.6666666666667,2.705079691809917
322,322,4,recov,0.06686499504179061,2.705079691809917,366.6666666666667,2.705079691809917
323,323,5,recov,0.06686499504179061,2.705079691809917,366.6666666666667,2.705079691809917
324,324,3,recov,0.06686499504179061,2.705079691809917,366.6666666666667,2.705079691809917
325,325,4,recov,0.06686499504179061,2.705079691809917,366.6666666666667,2.705079691809917
326,326,5,recov,0.06686499504179061,2.705079691809917,366.6666666666667,2.705079691809917
327,327,3,recov,0.06686499504179061,2.705079691809917,366.6666666666667,2.705079691809917
328,328,4,recov,0.06686499504179061,2.705079691809917,366.6666666666667,2.705079691809917
329,329,5,recov,0.06686499504179061,2.705079691809917,366.6666666666667,2.705079691809917
330,330,3,recov,0.06686499504179061,2.705079691809917,366.6666666666667,2.705079691809917
331,331,4,recov,0.06686499504179061,2.705079691809917,366.6666666666667,2.705079691809917
332,332,5,recov,0.06686499504179061,2.705079691809917,366.6666666666667,2.705079691809917
333,333,3,recov,0.06686499504179061,2.705079691809917,366.6666666666667,2.705079691809917
334,334,4,recov,0.06686499504179061,2.705079691809917,366.6666666666667,2.705079691809917
335,335,5,recov,0.06686499504179061,2.705079691809917,366.6666666666667,2.705079691809917
336,336,3,recov,0.06686499504179061,2.705079691809917,366.6666666666667,2.705079691809917
337,337,4,recov,0.06686499504179061,2.705079691809917,366.6666666666667,2.705079691809917
338,338,5,recov,0.06686499504179061,2.705079691809917,366.6666666666667,2.705079691809917
339,339,3,recov,0.06686499504179061,2.705079691809917,366.6666666666667,2.705079691809917
340,340,4,recov,0.06686499504179061,2.705079691809917,366.6666666666667,2.705079691809917
341,341,5,recov,0.06686499504179061,2.705079691809917,366.6666666666667,2.705079691809917
342,342,3,recov,0.06686499504179061,2.705079691809917,366.6666666666667,2.705079691809917
343,343,4,recov,0.06686499504179061,2.705079691809917,366.6666666666667,2.705079691809917
344,344,5,recov,0.06686499504179061,2.705079691809917,366.6666666666667,2.705079691809917
345,345,3,recov,0.06686499504179061,2.705079691809917,366.6666666666667,2.705079691809917
346,346,4,recov,0.06686499504179061,2.705079691809917,366.6666666666667,2.705079691809917
347,347,5,recov,0.06686499504179061,2.705079691809917,366.6666666666667,2.705079691809917
348,348,3,recov,0.06686499504179061,2.705079691809917,366.6666666666667,2.705079691809917
349,349,4,recov,0.06686499504179061,2.705079691809917,366.6666666666667,2.705079691809917
350,350,5,recov,0.06686499504179061,2.705079691809917,366.6666666666667,2.705079691809917
351,351,3,recov,0.06686499504179061,2.705079691809917,366.6666666666667,2.705079691809917
352,352,4,recov,0.06686499504179061,2.705079691809917,366.6666666666667,2.705079691809917
353,353,5,recov,0.06686499504179061,2.705079691809917,366.6666666666667,2.705079691809917
354,354,3,recov,0.06686499504179061,2.705079691809917,366.6666666666667,2.705079691809917
355,355,4,recov,0.06686499504179061,2.705079691809917,366.6666666666667,2.705079691809917
356,356,5,recov,0.06686499504179061,2.705079691809917,366.6666666666667,2.705079691809917
357,357,3,recov,0.06686499504179061,2.705079691809917,366.6666666666667,2.705079691809917
358,358,4,recov,0.06686499504179061,2.705079691809917,366.6666666666667,2.705079691809917
359,359,5,recov,0.06686499504179061,2.705079691809917,366.6666666666667,2.705079691809917
360,360,3,recov,0.06686499504179061,2.705079691809917,366.6666666666667,2.705079691809917
361,361,4,recov,0.06686499504179061,2.705079691809917,366.6666666666667,2.705079691809917
362,362,5,recov,0.06686499504179061,2.705079691809917,366.6666666666667,2.705079691809917
363,363,3,recov,0.06686499504179061,2.705079691809917,366.6666666666667,2.705079691809917
364,364,4,recov,0.06686499504179061,2.705079691809917,366.6666666666667,2.705079691809917
365,365,5,recov,0.06686499504179061,2.705079691809917,366.6666666666667,2.705079691809917
366,366,3,recov,0.06686499504179061,2.705079691809917,366.6666666666667,2.705079691809917
367,367,4,recov,0.06686499504179061,2.705079691809917,366.6666666666667,2.705079691809917
368,368,5,recov,0.06686499504179061,2.705079691809917,366.6666666666667,2.705079691809917
369,369,3,recov,0.06686499504179061,2.705079691809917,366.6666666666667,2.705079691809917
370,370,4,recov,0.06686499504179061,2.705079691809917,366.6666666666667,2.705079691809917
371,371,5,recov,0.06686499504179061,2.705079691809917,366.6666666666667,2.705079691809917
372,372,3,recov,0.06686499504179061,2.705079691809917,366.6666666666667,2.705079691809917
373,373,4,recov,0.06686499504179061,2.705079691809917,366.6666666666667,2.705079691809917
374,374,5,recov,0.06686499504179061,2.705079691809917,366.6666666666667,2.705079691809917
375,375,3,recov,0.06686499504179061,2.705079691809917,366.6666666666667,2.705079691809917
376,376,4,recov,0.06686499504179061,2.705079691809917,366.6666666666667,2.705079691809917
377,377,5,recov,0.06686499504179061,2.705079691809917,366.6666666666667,2.705079691809917
378,378,3,recov,0.06686499504179061,2.705079691809917,366.6666666666667,2.705079691809917
379,379,4,recov,0.06686499504179061,2.705079691809917,366.6666666666667,2.705079691809917
380,380,5,recov,0.06686499504179061,2.705079691809917,366.6666666666667,2.705079691809917
381,381,3,recov,0.06686499504179061,2.705079691809917,366.6666666666667,2.705079691809917
382,382,4,recov,0.06686499504179061,2.705079691809917,366.6666666666667,2.705079691809917
383,383,5,recov,0.06686499504179061,2.705079691809917,366.6666666666667,2.705079691809917
384,384,3,recov,0.06686499504179061,2.705079691809917,366.6666666666667,2.705079691809917
385,385,4,recov,0.06686499504179061,2.705079691809917,366.6666666666667,2.705079691809917
386,386,5,recov,0.06686499504179061,2.705079691809917,366.6666666666667,2.705079691809917
387,387,3,recov,0.06686499504179061,2.705079691809917,366.6666666666667,2.705079691809917
388,388,4,recov,0.06686499504179061,2.705079691809917,366.6666666666667,2.705079691809917
389,389,5,recov,0.06686499504179061,2.705079691809917,366.6666666666667,2.705079691809917
390,390,3,recov,0.06686499504179061,2.705079691809917,366.6666666666667,2.705079691809917
391,391,4,recov,0.06686499504179061,2.705079691809917,366.6666666666667,2.705079691809917
392,392,5,recov,0.06686499504179061,2.705079691809917,366.6666666666667,2.705079691809917
393,393,3,recov,0.06686499504179061,2.705079691809917,366.6666666666667,2.705079691809917
394,394,4,recov,0.06686499504179061,2.705079691809917,366.6666666666667,2.705079691809917
395,395,5,recov,0.06686499504179061,2.705079691809917,366.6666666666667,2.705079691809917
396,396,3,recov,0.06686499504179061,2.705079691809917,366.6666666666667,2.705079691809917
397,397,4,recov,0.06686499504179061,2.705079691809917,366.6666666666667,2.705079691809917
398,398,5,recov,0.06686499504179061,2.705079691809917,366.6666666666667,2.705079691809917
399,399,3,recov,0.06686499504179061,2.705079691809917,366.6666666666667,2.705079691809917
400,400,4,recov,0.06686499504179061,2.705079691809917,366.6666666666667,2.705079691809917
401,401,5,recov,0.06686499504179061,2.705079691809917,366.6666666666667,2.705079691809917
402,402,3,recov,0.06686499504179061,2.705079691809917,366.6666666666667,2.705079691809917
403,403,4,recov,0.06686499504179061,2.705079691809917,366.6666666666667,2.705079691809917
404,404,5,recov,0.06686499504179061,2.705079691809917,366.6666666666667,2.705079691809917
405,405,3,recov,0.06686499504179061,2.705079691809917,366.6666666666667,2.705079691809917
406,406,4,recov,0.06686499504179061,2.705079691809917,366.6666666666667,2.705079691809917
407,407,5,recov,0.06686499504179061,2.705079691809917,366.6666666666667,2.705079691809917
408,408,3,recov,0.06686499504179061,2.705079691809917,366.6666666666667,2.705079691809917
409,409,4,recov,0.06686499504179061,2.705079691809917,366.6666666666667,2.705079691809917
410,410,5,recov,0.06686499504179061,2.705079691809917,366.6666666666667,2.705079691809917
411,411,3,recov,0.06686499504179061,2.705079691809917,366.6666666666667,2.705079691809917
412,412,4,recov,0.06686499504179061,2.705079691809917,366.6666666666667,2.705079691809917
413,413,5,recov,0.06686499504179061,2.705079691809917,366.6666666666667,2.705079691809917
414,414,3,recov,0.06686499504179061,2.705079691809917,366.6666666666667,2.705079691809917
415,415,4,recov,0.06686499504179061,2.705079691809917,366.6666666666667,2.705079691809917
416,416,5,recov,0.06686499504179061,2.705079691809917,366.6666666666667,2.705079691809917
417,417,3,recov,0.06686499504179061,2.705079691809917,366.6666666666667,2.705079691809917
418,418,4,recov,0.06686499504179061,2.705079691809917,366.6666666666667,2.705079691809917
419,419,5,recov,0.06686499504179061,2.705079691809917,366.6666666666667,2.705079691809917
420,420,3,recov,0.06686499504179061,2.705079691809917,366.6666666666667,2.705079691809917
421,421,4,recov,0.06686499504179061,2.705079691809917,366.6666666666667,2.705079691809917
422,422,5,recov,0.06686499504179061,2.705079691809917,366.6666666666667,2.705079691809917
423,423,3,recov,0.06686499504179061,2.705079691809917,366.6666666666667,2.705079691809917
424,424,4,recov,0.06686499504179061,2.705079691809917,366.6666666666667,2.705079691809917
425,425,5,recov,0.06686499504179061,2.705079691809917,366.6666666666667,2.705079691809917
426,426,3,recov,0.06686499504179061,2.705079691809917,366.6666666666667,2.705079691809917
427,427,4,recov,0.06686499504179061,2.705079691809917,366.6666666666667,2.705079691809917
428,428,5,recov,0.06686499504179061,2.705079691809917,366.6666666666667,2.705079691809917
429,429,3,recov,0.06686499504179061,2.705079691809917,366.6666666666667,2.705079691809917
430,430,4,recov,0.06686499504179061,2.705079691809917,366.6666666666667,2.705079691809917
431,431,5,recov,0.06686499504179061,2.705079691809917,366.6666666666667,2.705079691809917
432,432,0,fam_r,0.06629834254143646,2.7135903814778253,366.6666666666667,2.705079691809917
433,433,1,fam_r,0.06629834254143646,2.7135903814778253,366.6666666666667,2.705079691809917
434,434,2,fam_r,0.06629834254143646,2.7135903814778253,366.6666666666667,2.705079691809917
435,435,0,fam_r,0.06682872928176795,2.705622211828649,366.6666666666667,2.705079691809917
436,436,1,fam_r,0.06682872928176795,2.705622211828649,366.6666666666667,2.705079691809917
437,437,2,fam_r,0.06682872928176795,2.705622211828649,366.6666666666667,2.705079691809917
438,438,0,fam_r,0.06686267403314916,2.7051144042767943,366.6666666666667,2.705079691809917
439,439,1,fam_r,0.06686267403314916,2.7051144042767943,366.6666666666667,2.705079691809917
440,440,2,fam_r,0.06686267403314916,2.7051144042767943,366.6666666666667,2.705079691809917
441,441,0,fam_r,0.06686484649723756,2.7050819133717066,366.6666666666667,2.705079691809917
442,442,1,fam_r,0.06686484649723756,2.7050819133717066,366.6666666666667,2.705079691809917
443,443,2,fam_r,0.06686484649723756,2.7050819133717066,366.6666666666667,2.705079691809917
444,444,0,fam_r,0.06686498553493922,2.7050798339897235,366.6666666666667,2.705079691809917
445,445,1,fam_r,0.06686498553493922,2.7050798339897235,366.6666666666667,2.705079691809917
446,446,2,fam_r,0.06686498553493922,2.7050798339897235,366.6666666666667,2.705079691809917
0,0,0,fam,0.06666666666666667,2.70805020110221,476.6666666666667,2.705079691809917
1,1,1,fam,0.0664451827242525,2.7113779911948845,476.6666666666667,2.705079691809917
2,2,2,fam,0.06635700066357002,2.712706012638404,476.6666666666667,2.705079691809917
3,3,0,fam,0.06685236768802229,2.7052685581403333,476.6666666666667,2.705079691809917
4,4,1,fam,0.06683818263798637,2.70548076536148,476.6666666666667,2.705079691809917
5,5,2,fam,0.06683251030334533,2.705565635642611,476.6666666666667,2.705079691809917
6,6,0,fam,0.06686418715862211,2.7050917741864815,476.6666666666667,2.705079691809917
7,7,1,fam,0.06686327927512024,2.7051053523021236,476.6666666666667,2.705079691809917
8,8,2,fam,0.06686291612862272,2.705110783496759,476.6666666666667,2.705079691809917
9,9,0,fam,0.06686494333836301,2.7050804650612656,476.6666666666667,2.705079691809917
10,10,1,fam,0.06686488523365408,2.7050813340477817,476.6666666666667,2.705079691809917
11,11,2,fam,0.0668648619917988,2.7050816816421768,476.6666666666667,2.705079691809917
12,12,0,fam,0.06686499173277574,2.705079741297918,476.6666666666667,2.705079691809917
13,13,1,fam,0.06686498801407369,2.7050797969130027,476.6666666666667,2.705079691809917
14,14,2,fam,0.06686498652659298,2.7050798191590353,476.6666666666667,2.705079691809917
15,15,0,fam,0.0668649948300137,2.7050796949771483,476.6666666666667,2.705079691809917
16,16,1,fam,0.06686499459201677,2.7050796985365135,476.6666666666667,2.705079691809917
17,17,2,fam,0.06686499449681799,2.7050796999602595,476.6666666666667,2.705079691809917
18,18,0,fam,0.0668649950282369,2.7050796920126197,476.6666666666667,2.705079691809917
19,19,1,fam,0.0668649950130051,2.705079692240419,476.6666666666667,2.705079691809917
20,20,2,fam,0.06686499500691237,2.7050796923315388,476.6666666666667,2.705079691809917
21,21,0,fam,0.06686499504092318,2.7050796918228897,476.6666666666667,2.705079691809917
22,22,1,fam,0.06686499503994835,2.705079691837469,476.6666666666667,2.705079691809917
23,23,2,fam,0.06686499503955841,2.705079691843301,476.6666666666667,2.705079691809917
24,24,0,fam,0.0668649950417351,2.7050796918107474,476.6666666666667,2.705079691809917
25,25,1,fam,0.06686499504167272,2.70507969181168,476.6666666666667,2.705079691809917
26,26,2,fam,0.06686499504164777,2.7050796918120534,476.6666666666667,2.705079691809917
27,27,0,fam,0.06686499504178707,2.7050796918099698,476.6666666666667,2.705079691809917
28,28,1,fam,0.06686499504178307,2.7050796918100297,476.6666666666667,2.705079691809917
29,29,2,fam,0.06686499504178148,2.7050796918100537,476.6666666666667,2.705079691809917
30,30,0,fam,0.0668649950417904,2.70507969180992,476.6666666666667,2.705079691809917
31,31,1,fam,0.06686499504179015,2.705079691809924,476.6666666666667,2.705079691809917
32,32,2,fam,0.06686499504179004,2.7050796918099254,476.6666666666667,2.705079691809917
33,33,0,fam,0.06686499504179061,2.705079691809917,476.6666666666667,2.705079691809917
34,34,1,fam,0.0668649950417906,2.7050796918099174,476.6666666666667,2.705079691809917
35,35,2,fam,0.0668649950417906,2.7050796918099174,476.6666666666667,2.705079691809917
36,36,0,fam,0.06686499504179061,2.705079691809917,476.6666666666667,2.705079691809917
37,37,1,fam,0.06686499504179061,2.705079691809917,476.6666666666667,2.705079691809917
38,38,2,fam,0.06686499504179061,2.705079691809917,476.6666666666667,2.705079691809917
39,39,0,fam,0.06686499504179061,2.705079691809917,476.6666666666667,2.705079691809917
40,40,1,fam,0.06686499504179061,2.705079691809917,476.6666666666667,2.705079691809917
41,41,2,fam,0.06686499504179061,2.705079691809917,476.6666666666667,2.705079691809917
42,42,0,fam,0.06686499504179061,2.705079691809917,476.6666666666667,2.705079691809917
43,43,1,fam,0.06686499504179061,2.705079691809917,476.6666666666667,2.705079691809917
44,44,2,fam,0.06686499504179061,2.705079691809917,476.6666666666667,2.705079691809917
45,45,0,fam,0.06686499504179061,2.705079691809917,476.6666666666667,2.705079691809917
46,46,1,fam,0.06686499504179061,2.705079691809917,476.6666666666667,2.705079691809917
47,47,2,fam,0.06686499504179061,2.705079691809917,476.6666666666667,2.705079691809917
48,48,0,fam,0.06686499504179061,2.705079691809917,476.6666666666667,2.705079691809917
49,49,1,fam,0.06686499504179061,2.705079691809917,476.6666666666667,2.705079691809917
50,50,2,fam,0.06686499504179061,2.705079691809917,476.6666666666667,2.705079691809917
51,51,0,fam,0.06686499504179061,2.705079691809917,476.6666666666667,2.705079691809917
52,52,1,fam,0.06686499504179061,2.705079691809917,476.6666666666667,2.705079691809917
53,53,2,fam,0.06686499504179061,2.705079691809917,476.6666666666667,2.705079691809917
54,54,0,fam,0.06686499504179061,2.705079691809917,476.6666666666667,2.705079691809917
55,55,1,fam,0.06686499504179061,2.705079691809917,476.6666666666667,2.705079691809917
56,56,2,fam,0.06686499504179061,2.705079691809917,476.6666666666667,2.705079691809917
57,57,0,fam,0.06686499504179061,2.705079691809917,476.6666666666667,2.705079691809917
58,58,1,fam,0.06686499504179061,2.705079691809917,476.6666666666667,2.705079691809917
59,59,2,fam,0.06686499504179061,2.705079691809917,476.6666666666667,2.705079691809917
60,60,0,fam,0.06686499504179061,2.705079691809917,476.6666666666667,2.705079691809917
61,61,1,fam,0.06686499504179061,2.705079691809917,476.6666666666667,2.705079691809917
62,62,2,fam,0.06686499504179061,2.705079691809917,476.6666666666667,2.705079691809917
63,63,0,fam,0.06686499504179061,2.705079691809917,476.6666666666667,2.705079691809917
64,64,1,fam,0.06686499504179061,2.705079691809917,476.6666666666667,2.705079691809917
65,65,2,fam,0.06686499504179061,2.705079691809917,476.6666666666667,2.705079691809917
66,66,3,recov,0.06629834254143646,2.7135903814778253,476.6666666666667,2.705079691809917
67,67,4,recov,0.06629834254143646,2.7135903814778253,476.6666666666667,2.705079691809917
68,68,5,recov,0.06629834254143646,2.7135903814778253,476.6666666666667,2.705079691809917
69,69,3,recov,0.06682872928176795,2.705622211828649,476.6666666666667,2.705079691809917
70,70,4,recov,0.06682872928176795,2.705622211828649,476.6666666666667,2.705079691809917
71,71,5,recov,0.06682872928176795,2.705622211828649,476.6666666666667,2.705079691809917
72,72,3,recov,0.06686267403314916,2.7051144042767943,476.6666666666667,2.705079691809917
73,73,4,recov,0.06686267403314916,2.7051144042767943,476.6666666666667,2.705079691809917
74,74,5,recov,0.06686267403314916,2.7051144042767943,476.6666666666667,2.705079691809917
75,75,3,recov,0.06686484649723756,2.7050819133717066,476.6666666666667,2.705079691809917
76,76,4,recov,0.06686484649723756,2.7050819133717066,476.6666666666667,2.705079691809917
77,77,5,recov,0.06686484649723756,2.7050819133717066,476.6666666666667,2.705079691809917
78,78,3,recov,0.06686498553493922,2.7050798339897235,476.6666666666667,2.705079691809917
79,79,4,recov,0.06686498553493922,2.7050798339897235,476.6666666666667,2.705079691809917
80,80,5,recov,0.06686498553493922,2.7050798339897235,476.6666666666667,2.705079691809917
81,81,3,recov,0.06686499443335213,2.705079700909424,476.6666666666667,2.705079691809917
82,82,4,recov,0.06686499443335213,2.705079700909424,476.6666666666667,2.705079691809917
83,83,5,recov,0.06686499443335213,2.705079700909424,476.6666666666667,2.705079691809917
84,84,3,recov,0.06686499500285055,2.7050796923922853,476.6666666666667,2.705079691809917
85,85,4,recov,0.06686499500285055,2.7050796923922853,476.6666666666667,2.705079691809917
86,86,5,recov,0.06686499500285055,2.7050796923922853,476.6666666666667,2.705079691809917
87,87,3,recov,0.06686499503929845,2.7050796918471884,476.6666666666667,2.705079691809917
88,88,4,recov,0.06686499503929845,2.7050796918471884,476.6666666666667,2.705079691809917
89,89,5,recov,0.06686499503929845,2.7050796918471884,476.6666666666667,2.705079691809917
90,90,3,recov,0.06686499504163113,2.705079691812302,476.6666666666667,2.705079691809917
91,91,4,recov,0.06686499504163113,2.705079691812302,476.6666666666667,2.705079691809917
92,92,5,recov,0.06686499504163113,2.705079691812302,476.6666666666667,2.705079691809917
93,93,3,recov,0.06686499504178041,2.7050796918100697,476.6666666666667,2.705079691809917
94,94,4,recov,0.06686499504178041,2.7050796918100697,476.6666666666667,2.705079691809917
95,95,5,recov,0.06686499504178041,2.7050796918100697,476.6666666666667,2.705079691809917
96,96,3,recov,0.06686499504178997,2.7050796918099267,476.6666666666667,2.705079691809917
97,97,4,recov,0.06686499504178997,2.7050796918099267,476.6666666666667,2.705079691809917
98,98,5,recov,0.06686499504178997,2.7050796918099267,476.6666666666667,2.705079691809917
99,99,3,recov,0.06686499504179058,2.7050796918099174,476.6666666666667,2.705079691809917
100,100,4,recov,0.06686499504179058,2.7050796918099174,476.6666666666667,2.705079691809917
101,101,5,recov,0.06686499504179058,2.7050796918099174,476.6666666666667,2.705079691809917
102,102,3,recov,0.06686499504179061,2.705079691809917,476.6666666666667,2.705079691809917
103,103,4,recov,0.06686499504179061,2.705079691809917,476.6666666666667,2.705079691809917
104,104,5,recov,0.06686499504179061,2.705079691809917,476.6666666666667,2.705079691809917
105,105,3,recov,0.06686499504179061,2.705079691809917,476.6666666666667,2.705079691809917
106,106,4,recov,0.06686499504179061,2.705079691809917,476.6666666666667,2.705079691809917
107,107,5,recov,0.06686499504179061,2.705079691809917,476.6666666666667,2.705079691809917
108,108,3,recov,0.06686499504179061,2.705079691809917,476.6666666666667,2.705079691809917
109,109,4,recov,0.06686499504179061,2.705079691809917,476.6666666666667,2.705079691809917
110,110,5,recov,0.06686499504179061,2.705079691809917,476.6666666666667,2.705079691809917
111,111,3,recov,0.06686499504179061,2.705079691809917,476.6666666666667,2.705079691809917
112,112,4,recov,0.06686499504179061,2.705079691809917,476.6666666666667,2.705079691809917
113,113,5,recov,0.06686499504179061,2.705079691809917,476.6666666666667,2.705079691809917
114,114,3,recov,0.06686499504179061,2.705079691809917,476.6666666666667,2.705079691809917
115,115,4,recov,0.06686499504179061,2.705079691809917,476.6666666666667,2.705079691809917
116,116,5,recov,0.06686499504179061,2.705079691809917,476.6666666666667,2.705079691809917
117,117,3,recov,0.06686499504179061,2.705079691809917,476.6666666666667,2.705079691809917
118,118,4,recov,0.06686499504179061,2.705079691809917,476.6666666666667,2.705079691809917
119,119,5,recov,0.06686499504179061,2.705079691809917,476.6666666666667,2.705079691809917
120,120,3,recov,0.06686499504179061,2.705079691809917,476.6666666666667,2.705079691809917
121,121,4,recov,0.06686499504179061,2.705079691809917,476.6666666666667,2.705079691809917
122,122,5,recov,0.06686499504179061,2.705079691809917,476.6666666666667,2.705079691809917
123,123,3,recov,0.06686499504179061,2.705079691809917,476.6666666666667,2.705079691809917
124,124,4,recov,0.06686499504179061,2.705079691809917,476.6666666666667,2.705079691809917
125,125,5,recov,0.06686499504179061,2.705079691809917,476.6666666666667,2.705079691809917
126,126,3,recov,0.06686499504179061,2.705079691809917,476.6666666666667,2.705079691809917
127,127,4,recov,0.06686499504179061,2.705079691809917,476.6666666666667,2.705079691809917
128,128,5,recov,0.06686499504179061,2.705079691809917,476.6666666666667,2.705079691809917
129,129,3,recov,0.06686499504179061,2.705079691809917,476.6666666666667,2.705079691809917
130,130,4,recov,0.06686499504179061,2.705079691809917,476.6666666666667,2.705079691809917
131,131,5,recov,0.06686499504179061,2.705079691809917,476.6666666666667,2.705079691809917
132,132,3,recov,0.06686499504179061,2.705079691809917,476.6666666666667,2.705079691809917
133,133,4,recov,0.06686499504179061,2.705079691809917,476.6666666666667,2.705079691809917
134,134,5,recov,0.06686499504179061,2.705079691809917,476.6666666666667,2.705079691809917
135,135,3,recov,0.06686499504179061,2.705079691809917,476.6666666666667,2.705079691809917
136,136,4,recov,0.06686499504179061,2.705079691809917,476.6666666666667,2.705079691809917
137,137,5,recov,0.06686499504179061,2.705079691809917,476.6666666666667,2.705079691809917
138,138,3,recov,0.06686499504179061,2.705079691809917,476.6666666666667,2.705079691809917
139,139,4,recov,0.06686499504179061,2.705079691809917,476.6666666666667,2.705079691809917
140,140,5,recov,0.06686499504179061,2.705079691809917,476.6666666666667,2.705079691809917
141,141,3,recov,0.06686499504179061,2.705079691809917,476.6666666666667,2.705079691809917
142,142,4,recov,0.06686499504179061,2.705079691809917,476.6666666666667,2.705079691809917
143,143,5,recov,0.06686499504179061,2.705079691809917,476.6666666666667,2.705079691809917
144,144,3,recov,0.06686499504179061,2.705079691809917,476.6666666666667,2.705079691809917
145,145,4,recov,0.06686499504179061,2.705079691809917,476.6666666666667,2.705079691809917
146,146,5,recov,0.06686499504179061,2.705079691809917,476.6666666666667,2.705079691809917
147,147,3,recov,0.06686499504179061,2.705079691809917,476.6666666666667,2.705079691809917
148,148,4,recov,0.06686499504179061,2.705079691809917,476.6666666666667,2.705079691809917
149,149,5,recov,0.06686499504179061,2.705079691809917,476.6666666666667,2.705079691809917
150,150,3,recov,0.06686499504179061,2.705079691809917,476.6666666666667,2.705079691809917
151,151,4,recov,0.06686499504179061,2.705079691809917,476.6666666666667,2.705079691809917
152,152,5,recov,0.06686499504179061,2.705079691809917,476.6666666666667,2.705079691809917
153,153,3,recov,0.06686499504179061,2.705079691809917,476.6666666666667,2.705079691809917
154,154,4,recov,0.06686499504179061,2.705079691809917,476.6666666666667,2.705079691809917
155,155,5,recov,0.06686499504179061,2.705079691809917,476.6666666666667,2.705079691809917
156,156,3,recov,0.06686499504179061,2.705079691809917,476.6666666666667,2.705079691809917
157,157,4,recov,0.06686499504179061,2.705079691809917,476.6666666666667,2.705079691809917
158,158,5,recov,0.06686499504179061,2.705079691809917,476.6666666666667,2.705079691809917
159,159,3,recov,0.06686499504179061,2.705079691809917,476.6666666666667,2.705079691809917
160,160,4,recov,0.06686499504179061,2.705079691809917,476.6666666666667,2.705079691809917
161,161,5,recov,0.06686499504179061,2.705079691809917,476.6666666666667,2.705079691809917
162,162,3,recov,0.06686499504179061,2.705079691809917,476.6666666666667,2.705079691809917
163,163,4,recov,0.06686499504179061,2.705079691809917,476.6666666666667,2.705079691809917
164,164,5,recov,0.06686499504179061,2.705079691809917,476.6666666666667,2.705079691809917
165,165,3,recov,0.06686499504179061,2.705079691809917,476.6666666666667,2.705079691809917
166,166,4,recov,0.06686499504179061,2.705079691809917,476.6666666666667,2.705079691809917
167,167,5,recov,0.06686499504179061,2.705079691809917,476.6666666666667,2.705079691809917
168,168,3,recov,0.06686499504179061,2.705079691809917,476.6666666666667,2.705079691809917
169,169,4,recov,0.06686499504179061,2.705079691809917,476.6666666666667,2.705079691809917
170,170,5,recov,0.06686499504179061,2.705079691809917,476.6666666666667,2.705079691809917
171,171,3,recov,0.06686499504179061,2.705079691809917,476.6666666666667,2.705079691809917
172,172,4,recov,0.06686499504179061,2.705079691809917,476.6666666666667,2.705079691809917
173,173,5,recov,0.06686499504179061,2.705079691809917,476.6666666666667,2.705079691809917
174,174,3,recov,0.06686499504179061,2.705079691809917,476.6666666666667,2.705079691809917
175,175,4,recov,0.06686499504179061,2.705079691809917,476.6666666666667,2.705079691809917
176,176,5,recov,0.06686499504179061,2.705079691809917,476.6666666666667,2.705079691809917
177,177,3,recov,0.06686499504179061,2.705079691809917,476.6666666666667,2.705079691809917
178,178,4,recov,0.06686499504179061,2.705079691809917,476.6666666666667,2.705079691809917
179,179,5,recov,0.06686499504179061,2.705079691809917,476.6666666666667,2.705079691809917
180,180,3,recov,0.06686499504179061,2.705079691809917,476.6666666666667,2.705079691809917
181,181,4,recov,0.06686499504179061,2.705079691809917,476.6666666666667,2.705079691809917
182,182,5,recov,0.06686499504179061,2.705079691809917,476.6666666666667,2.705079691809917
183,183,3,recov,0.06686499504179061,2.705079691809917,476.6666666666667,2.705079691809917
184,184,4,recov,0.06686499504179061,2.705079691809917,476.6666666666667,2.705079691809917
185,185,5,recov,0.06686499504179061,2.705079691809917,476.6666666666667,2.705079691809917
186,186,3,recov,0.06686499504179061,2.705079691809917,476.6666666666667,2.705079691809917
187,187,4,recov,0.06686499504179061,2.705079691809917,476.6666666666667,2.705079691809917
188,188,5,recov,0.06686499504179061,2.705079691809917,476.6666666666667,2.705079691809917
189,189,3,recov,0.06686499504179061,2.705079691809917,476.6666666666667,2.705079691809917
190,190,4,recov,0.06686499504179061,2.705079691809917,476.6666666666667,2.705079691809917
191,191,5,recov,0.06686499504179061,2.705079691809917,476.6666666666667,2.705079691809917
192,192,3,recov,0.06686499504179061,2.705079691809917,476.6666666666667,2.705079691809917
193,193,4,recov,0.06686499504179061,2.705079691809917,476.6666666666667,2.705079691809917
194,194,5,recov,0.06686499504179061,2.705079691809917,476.6666666666667,2.705079691809917
195,195,3,recov,0.06686499504179061,2.705079691809917,476.6666666666667,2.705079691809917
196,196,4,recov,0.06686499504179061,2.705079691809917,476.6666666666667,2.705079691809917
197,197,5,recov,0.06686499504179061,2.705079691809917,476.6666666666667,2.705079691809917
198,198,3,recov,0.06686499504179061,2.705079691809917,476.6666666666667,2.705079691809917
199,199,4,recov,0.06686499504179061,2.705079691809917,476.6666666666667,2.705079691809917
200,200,5,recov,0.06686499504179061,2.705079691809917,476.6666666666667,2.705079691809917
201,201,3,recov,0.06686499504179061,2.705079691809917,476.6666666666667,2.705079691809917
202,202,4,recov,0.06686499504179061,2.705079691809917,476.6666666666667,2.705079691809917
203,203,5,recov,0.06686499504179061,2.705079691809917,476.6666666666667,2.705079691809917
204,204,3,recov,0.06686499504179061,2.705079691809917,476.6666666666667,2.705079691809917
205,205,4,recov,0.06686499504179061,2.705079691809917,476.6666666666667,2.705079691809917
206,206,5,recov,0.06686499504179061,2.705079691809917,476.6666666666667,2.705079691809917
207,207,3,recov,0.06686499504179061,2.705079691809917,476.6666666666667,2.705079691809917
208,208,4,recov,0.06686499504179061,2.705079691809917,476.6666666666667,2.705079691809917
209,209,5,recov,0.06686499504179061,2.705079691809917,476.6666666666667,2.705079691809917
210,210,3,recov,0.06686499504179061,2.705079691809917,476.6666666666667,2.705079691809917
211,211,4,recov,0.06686499504179061,2.705079691809917,476.6666666666667,2.705079691809917
212,212,5,recov,0.06686499504179061,2.705079691809917,476.6666666666667,2.705079691809917
213,213,3,recov,0.06686499504179061,2.705079691809917,476.6666666666667,2.705079691809917
214,214,4,recov,0.06686499504179061,2.705079691809917,476.6666666666667,2.705079691809917
215,215,5,recov,0.06686499504179061,2.705079691809917,476.6666666666667,2.705079691809917
216,216,3,recov,0.06686499504179061,2.705079691809917,476.6666666666667,2.705079691809917
217,217,4,recov,0.06686499504179061,2.705079691809917,476.6666666666667,2.705079691809917
218,218,5,recov,0.06686499504179061,2.705079691809917,476.6666666666667,2.705079691809917
219,219,3,recov,0.06686499504179061,2.705079691809917,476.6666666666667,2.705079691809917
220,220,4,recov,0.06686499504179061,2.705079691809917,476.6666666666667,2.705079691809917
221,221,5,recov,0.06686499504179061,2.705079691809917,476.6666666666667,2.705079691809917
222,222,3,recov,0.06686499504179061,2.705079691809917,476.6666666666667,2.705079691809917
223,223,4,recov,0.06686499504179061,2.705079691809917,476.6666666666667,2.705079691809917
224,224,5,recov,0.06686499504179061,2.705079691809917,476.6666666666667,2.705079691809917
225,225,3,recov,0.06686499504179061,2.705079691809917,476.6666666666667,2.705079691809917
226,226,4,recov,0.06686499504179061,2.705079691809917,476.6666666666667,2.705079691809917
227,227,5,recov,0.06686499504179061,2.705079691809917,476.6666666666667,2.705079691809917
228,228,3,recov,0.06686499504179061,2.705079691809917,476.6666666666667,2.705079691809917
229,229,4,recov,0.06686499504179061,2.705079691809917,476.6666666666667,2.705079691809917
230,230,5,recov,0.06686499504179061,2.705079691809917,476.6666666666667,2.705079691809917
231,231,3,recov,0.06686499504179061,2.705079691809917,476.6666666666667,2.705079691809917
232,232,4,recov,0.06686499504179061,2.705079691809917,476.6666666666667,2.705079691809917
233,233,5,recov,0.06686499504179061,2.705079691809917,476.6666666666667,2.705079691809917
234,234,3,recov,0.06686499504179061,2.705079691809917,476.6666666666667,2.705079691809917
235,235,4,recov,0.06686499504179061,2.705079691809917,476.6666666666667,2.705079691809917
236,236,5,recov,0.06686499504179061,2.705079691809917,476.6666666666667,2.705079691809917
237,237,3,recov,0.06686499504179061,2.705079691809917,476.6666666666667,2.705079691809917
238,238,4,recov,0.06686499504179061,2.705079691809917,476.6666666666667,2.705079691809917
239,239,5,recov,0.06686499504179061,2.705079691809917,476.6666666666667,2.705079691809917
240,240,3,recov,0.06686499504179061,2.705079691809917,476.6666666666667,2.705079691809917
241,241,4,recov,0.06686499504179061,2.705079691809917,476.6666666666667,2.705079691809917
242,242,5,recov,0.06686499504179061,2.705079691809917,476.6666666666667,2.705079691809917
243,243,3,recov,0.06686499504179061,2.705079691809917,476.6666666666667,2.705079691809917
244,244,4,recov,0.06686499504179061,2.705079691809917,476.6666666666667,2.705079691809917
245,245,5,recov,0.06686499504179061,2.705079691809917,476.6666666666667,2.705079691809917
246,246,3,recov,0.06686499504179061,2.705079691809917,476.6666666666667,2.705079691809917
247,247,4,recov,0.06686499504179061,2.705079691809917,476.6666666666667,2.705079691809917
248,248,5,recov,0.06686499504179061,2.705079691809917,476.6666666666667,2.705079691809917
249,249,3,recov,0.06686499504179061,2.705079691809917,476.6666666666667,2.705079691809917
250,250,4,recov,0.06686499504179061,2.705079691809917,476.6666666666667,2.705079691809917
251,251,5,recov,0.06686499504179061,2.705079691809917,476.6666666666667,2.705079691809917
252,252,3,recov,0.06686499504179061,2.705079691809917,476.6666666666667,2.705079691809917
253,253,4,recov,0.06686499504179061,2.705079691809917,476.6666666666667,2.705079691809917
254,254,5,recov,0.06686499504179061,2.705079691809917,476.6666666666667,2.705079691809917
255,255,3,recov,0.06686499504179061,2.705079691809917,476.6666666666667,2.705079691809917
256,256,4,recov,0.06686499504179061,2.705079691809917,476.6666666666667,2.705079691809917
257,257,5,recov,0.06686499504179061,2.705079691809917,476.6666666666667,2.705079691809917
258,258,3,recov,0.06686499504179061,2.705079691809917,476.6666666666667,2.705079691809917
259,259,4,recov,0.06686499504179061,2.705079691809917,476.6666666666667,2.705079691809917
260,260,5,recov,0.06686499504179061,2.705079691809917,476.6666666666667,2.705079691809917
261,261,3,recov,0.06686499504179061,2.705079691809917,476.6666666666667,2.705079691809917
262,262,4,recov,0.06686499504179061,2.705079691809917,476.6666666666667,2.705079691809917
263,263,5,recov,0.06686499504179061,2.705079691809917,476.6666666666667,2.705079691809917
264,264,3,recov,0.06686499504179061,2.705079691809917,476.6666666666667,2.705079691809917
265,265,4,recov,0.06686499504179061,2.705079691809917,476.6666666666667,2.705079691809917
266,266,5,recov,0.06686499504179061,2.705079691809917,476.6666666666667,2.705079691809917
267,267,3,recov,0.06686499504179061,2.705079691809917,476.6666666666667,2.705079691809917
268,268,4,recov,0.06686499504179061,2.705079691809917,476.6666666666667,2.705079691809917
269,269,5,recov,0.06686499504179061,2.705079691809917,476.6666666666667,2.705079691809917
270,270,3,recov,0.06686499504179061,2.705079691809917,476.6666666666667,2.705079691809917
271,271,4,recov,0.06686499504179061,2.705079691809917,476.6666666666667,2.705079691809917
272,272,5,recov,0.06686499504179061,2.705079691809917,476.6666666666667,2.705079691809917
273,273,3,recov,0.06686499504179061,2.705079691809917,476.6666666666667,2.705079691809917
274,274,4,recov,0.06686499504179061,2.705079691809917,476.6666666666667,2.705079691809917
275,275,5,recov,0.06686499504179061,2.705079691809917,476.6666666666667,2.705079691809917
276,276,3,recov,0.06686499504179061,2.705079691809917,476.6666666666667,2.705079691809917
277,277,4,recov,0.06686499504179061,2.705079691809917,476.6666666666667,2.705079691809917
278,278,5,recov,0.06686499504179061,2.705079691809917,476.6666666666667,2.705079691809917
279,279,3,recov,0.06686499504179061,2.705079691809917,476.6666666666667,2.705079691809917
280,280,4,recov,0.06686499504179061,2.705079691809917,476.6666666666667,2.705079691809917
281,281,5,recov,0.06686499504179061,2.705079691809917,476.6666666666667,2.705079691809917
282,282,3,recov,0.06686499504179061,2.705079691809917,476.6666666666667,2.705079691809917
283,283,4,recov,0.06686499504179061,2.705079691809917,476.6666666666667,2.705079691809917
284,284,5,recov,0.06686499504179061,2.705079691809917,476.6666666666667,2.705079691809917
285,285,3,recov,0.06686499504179061,2.705079691809917,476.6666666666667,2.705079691809917
286,286,4,recov,0.06686499504179061,2.705079691809917,476.6666666666667,2.705079691809917
287,287,5,recov,0.06686499504179061,2.705079691809917,476.6666666666667,2.705079691809917
288,288,3,recov,0.06686499504179061,2.705079691809917,476.6666666666667,2.705079691809917
289,289,4,recov,0.06686499504179061,2.705079691809917,476.6666666666667,2.705079691809917
290,290,5,recov,0.06686499504179061,2.705079691809917,476.6666666666667,2.705079691809917
291,291,3,recov,0.06686499504179061,2.705079691809917,476.6666666666667,2.705079691809917
292,292,4,recov,0.06686499504179061,2.705079691809917,476.6666666666667,2.705079691809917
293,293,5,recov,0.06686499504179061,2.705079691809917,476.6666666666667,2.705079691809917
294,294,3,recov,0.06686499504179061,2.705079691809917,476.6666666666667,2.705079691809917
295,295,4,recov,0.06686499504179061,2.705079691809917,476.6666666666667,2.705079691809917
296,296,5,recov,0.06686499504179061,2.705079691809917,476.6666666666667,2.705079691809917
297,297,3,recov,0.06686499504179061,2.705079691809917,476.6666666666667,2.705079691809917
298,298,4,recov,0.06686499504179061,2.705079691809917,476.6666666666667,2.705079691809917
299,299,5,recov,0.06686499504179061,2.705079691809917,476.6666666666667,2.705079691809917
300,300,3,recov,0.06686499504179061,2.705079691809917,476.6666666666667,2.705079691809917
301,301,4,recov,0.06686499504179061,2.705079691809917,476.6666666666667,2.705079691809917
302,302,5,recov,0.06686499504179061,2.705079691809917,476.6666666666667,2.705079691809917
303,303,3,recov,0.06686499504179061,2.705079691809917,476.6666666666667,2.705079691809917
304,304,4,recov,0.06686499504179061,2.705079691809917,476.6666666666667,2.705079691809917
305,305,5,recov,0.06686499504179061,2.705079691809917,476.6666666666667,2.705079691809917
306,306,3,recov,0.06686499504179061,2.705079691809917,476.6666666666667,2.705079691809917
307,307,4,recov,0.06686499504179061,2.705079691809917,476.6666666666667,2.705079691809917
308,308,5,recov,0.06686499504179061,2.705079691809917,476.6666666666667,2.705079691809917
309,309,3,recov,0.06686499504179061,2.705079691809917,476.6666666666667,2.705079691809917
310,310,4,recov,0.06686499504179061,2.705079691809917,476.6666666666667,2.705079691809917
311,311,5,recov,0.06686499504179061,2.705079691809917,476.6666666666667,2.705079691809917
312,312,3,recov,0.06686499504179061,2.705079691809917,476.6666666666667,2.705079691809917
313,313,4,recov,0.06686499504179061,2.705079691809917,476.6666666666667,2.705079691809917
314,314,5,recov,0.06686499504179061,2.705079691809917,476.6666666666667,2.705079691809917
315,315,3,recov,0.06686499504179061,2.705079691809917,476.6666666666667,2.705079691809917
316,316,4,recov,0.06686499504179061,2.705079691809917,476.6666666666667,2.705079691809917
317,317,5,recov,0.06686499504179061,2.705079691809917,476.6666666666667,2.705079691809917
318,318,3,recov,0.06686499504179061,2.705079691809917,476.6666666666667,2.705079691809917
319,319,4,recov,0.06686499504179061,2.705079691809917,476.6666666666667,2.705079691809917
320,320,5,recov,0.06686499504179061,2.705079691809917,476.6666666666667,2.705079691809917
321,321,3,recov,0.06686499504179061,2.705079691809917,476.6666666666667,2.705079691809917
322,322,4,recov,0.06686499504179061,2.705079691809917,476.6666666666667,2.705079691809917
323,323,5,recov,0.06686499504179061,2.705079691809917,476.6666666666667,2.705079691809917
324,324,3,recov,0.06686499504179061,2.705079691809917,476.6666666666667,2.705079691809917
325,325,4,recov,0.06686499504179061,2.705079691809917,476.6666666666667,2.705079691809917
326,326,5,recov,0.06686499504179061,2.705079691809917,476.6666666666667,2.705079691809917
327,327,3,recov,0.06686499504179061,2.705079691809917,476.6666666666667,2.705079691809917
328,328,4,recov,0.06686499504179061,2.705079691809917,476.6666666666667,2.705079691809917
329,329,5,recov,0.06686499504179061,2.705079691809917,476.6666666666667,2.705079691809917
330,330,3,recov,0.06686499504179061,2.705079691809917,476.6666666666667,2.705079691809917
331,331,4,recov,0.06686499504179061,2.705079691809917,476.6666666666667,2.705079691809917
332,332,5,recov,0.06686499504179061,2.705079691809917,476.6666666666667,2.705079691809917
333,333,3,recov,0.06686499504179061,2.705079691809917,476.6666666666667,2.705079691809917
334,334,4,recov,0.06686499504179061,2.705079691809917,476.6666666666667,2.705079691809917
335,335,5,recov,0.06686499504179061,2.705079691809917,476.6666666666667,2.705079691809917
336,336,3,recov,0.06686499504179061,2.705079691809917,476.6666666666667,2.705079691809917
337,337,4,recov,0.06686499504179061,2.705079691809917,476.6666666666667,2.705079691809917
338,338,5,recov,0.06686499504179061,2.705079691809917,476.6666666666667,2.705079691809917
339,339,3,recov,0.06686499504179061,2.705079691809917,476.6666666666667,2.705079691809917
340,340,4,recov,0.06686499504179061,2.705079691809917,476.6666666666667,2.705079691809917
341,341,5,recov,0.06686499504179061,2.705079691809917,476.6666666666667,2.705079691809917
342,342,3,recov,0.06686499504179061,2.705079691809917,476.6666666666667,2.705079691809917
343,343,4,recov,0.06686499504179061,2.705079691809917,476.6666666666667,2.705079691809917
344,344,5,recov,0.06686499504179061,2.705079691809917,476.6666666666667,2.705079691809917
345,345,3,recov,0.06686499504179061,2.705079691809917,476.6666666666667,2.705079691809917
346,346,4,recov,0.06686499504179061,2.705079691809917,476.6666666666667,2.705079691809917
347,347,5,recov,0.06686499504179061,2.705079691809917,476.6666666666667,2.705079691809917
348,348,3,recov,0.06686499504179061,2.705079691809917,476.6666666666667,2.705079691809917
349,349,4,recov,0.06686499504179061,2.705079691809917,476.6666666666667,2.705079691809917
350,350,5,recov,0.06686499504179061,2.705079691809917,476.6666666666667,2.705079691809917
351,351,3,recov,0.06686499504179061,2.705079691809917,476.6666666666667,2.705079691809917
352,352,4,recov,0.06686499504179061,2.705079691809917,476.6666666666667,2.705079691809917
353,353,5,recov,0.06686499504179061,2.705079691809917,476.6666666666667,2.705079691809917
354,354,3,recov,0.06686499504179061,2.705079691809917,476.6666666666667,2.705079691809917
355,355,4,recov,0.06686499504179061,2.705079691809917,476.6666666666667,2.705079691809917
356,356,5,recov,0.06686499504179061,2.705079691809917,476.6666666666667,2.705079691809917
357,357,3,recov,0.06686499504179061,2.705079691809917,476.6666666666667,2.705079691809917
358,358,4,recov,0.06686499504179061,2.705079691809917,476.6666666666667,2.705079691809917
359,359,5,recov,0.06686499504179061,2.705079691809917,476.6666666666667,2.705079691809917
360,360,3,recov,0.06686499504179061,2.705079691809917,476.6666666666667,2.705079691809917
361,361,4,recov,0.06686499504179061,2.705079691809917,476.6666666666667,2.705079691809917
362,362,5,recov,0.06686499504179061,2.705079691809917,476.6666666666667,2.705079691809917
363,363,3,recov,0.06686499504179061,2.705079691809917,476.6666666666667,2.705079691809917
364,364,4,recov,0.06686499504179061,2.705079691809917,476.6666666666667,2.705079691809917
365,365,5,recov,0.06686499504179061,2.705079691809917,476.6666666666667,2.705079691809917
366,366,3,recov,0.06686499504179061,2.705079691809917,476.6666666666667,2.705079691809917
367,367,4,recov,0.06686499504179061,2.705079691809917,476.6666666666667,2.705079691809917
368,368,5,recov,0.06686499504179061,2.705079691809917,476.6666666666667,2.705079691809917
369,369,3,recov,0.06686499504179061,2.705079691809917,476.6666666666667,2.705079691809917
370,370,4,recov,0.06686499504179061,2.705079691809917,476.6666666666667,2.705079691809917
371,371,5,recov,0.06686499504179061,2.705079691809917,476.6666666666667,2.705079691809917
372,372,3,recov,0.06686499504179061,2.705079691809917,476.6666666666667,2.705079691809917
373,373,4,recov,0.06686499504179061,2.705079691809917,476.6666666666667,2.705079691809917
374,374,5,recov,0.06686499504179061,2.705079691809917,476.6666666666667,2.705079691809917
375,375,3,recov,0.06686499504179061,2.705079691809917,476.6666666666667,2.705079691809917
376,376,4,recov,0.06686499504179061,2.705079691809917,476.6666666666667,2.705079691809917
377,377,5,recov,0.06686499504179061,2.705079691809917,476.6666666666667,2.705079691809917
378,378,3,recov,0.06686499504179061,2.705079691809917,476.6666666666667,2.705079691809917
379,379,4,recov,0.06686499504179061,2.705079691809917,476.6666666666667,2.705079691809917
380,380,5,recov,0.06686499504179061,2.705079691809917,476.6666666666667,2.705079691809917
381,381,3,recov,0.06686499504179061,2.705079691809917,476.6666666666667,2.705079691809917
382,382,4,recov,0.06686499504179061,2.705079691809917,476.6666666666667,2.705079691809917
383,383,5,recov,0.06686499504179061,2.705079691809917,476.6666666666667,2.705079691809917
384,384,3,recov,0.06686499504179061,2.705079691809917,476.6666666666667,2.705079691809917
385,385,4,recov,0.06686499504179061,2.705079691809917,476.6666666666667,2.705079691809917
386,386,5,recov,0.06686499504179061,2.705079691809917,476.6666666666667,2.705079691809917
387,387,3,recov,0.06686499504179061,2.705079691809917,476.6666666666667,2.705079691809917
388,388,4,recov,0.06686499504179061,2.705079691809917,476.6666666666667,2.705079691809917
389,389,5,recov,0.06686499504179061,2.705079691809917,476.6666666666667,2.705079691809917
390,390,3,recov,0.06686499504179061,2.705079691809917,476.6666666666667,2.705079691809917
391,391,4,recov,0.06686499504179061,2.705079691809917,476.6666666666667,2.705079691809917
392,392,5,recov,0.06686499504179061,2.705079691809917,476.6666666666667,2.705079691809917
393,393,3,recov,0.06686499504179061,2.705079691809917,476.6666666666667,2.705079691809917
394,394,4,recov,0.06686499504179061,2.705079691809917,476.6666666666667,2.705079691809917
395,395,5,recov,0.06686499504179061,2.705079691809917,476.6666666666667,2.705079691809917
396,396,3,recov,0.06686499504179061,2.705079691809917,476.6666666666667,2.705079691809917
397,397,4,recov,0.06686499504179061,2.705079691809917,476.6666666666667,2.705079691809917
398,398,5,recov,0.06686499504179061,2.705079691809917,476.6666666666667,2.705079691809917
399,399,3,recov,0.06686499504179061,2.705079691809917,476.6666666666667,2.705079691809917
400,400,4,recov,0.06686499504179061,2.705079691809917,476.6666666666667,2.705079691809917
401,401,5,recov,0.06686499504179061,2.705079691809917,476.6666666666667,2.705079691809917
402,402,3,recov,0.06686499504179061,2.705079691809917,476.6666666666667,2.705079691809917
403,403,4,recov,0.06686499504179061,2.705079691809917,476.6666666666667,2.705079691809917
404,404,5,recov,0.06686499504179061,2.705079691809917,476.6666666666667,2.705079691809917
405,405,3,recov,0.06686499504179061,2.705079691809917,476.6666666666667,2.705079691809917
406,406,4,recov,0.06686499504179061,2.705079691809917,476.6666666666667,2.705079691809917
407,407,5,recov,0.06686499504179061,2.705079691809917,476.6666666666667,2.705079691809917
408,408,3,recov,0.06686499504179061,2.705079691809917,476.6666666666667,2.705079691809917
409,409,4,recov,0.06686499504179061,2.705079691809917,476.6666666666667,2.705079691809917
410,410,5,recov,0.06686499504179061,2.705079691809917,476.6666666666667,2.705079691809917
411,411,3,recov,0.06686499504179061,2.705079691809917,476.6666666666667,2.705079691809917
412,412,4,recov,0.06686499504179061,2.705079691809917,476.6666666666667,2.705079691809917
413,413,5,recov,0.06686499504179061,2.705079691809917,476.6666666666667,2.705079691809917
414,414,3,recov,0.06686499504179061,2.705079691809917,476.6666666666667,2.705079691809917
415,415,4,recov,0.06686499504179061,2.705079691809917,476.6666666666667,2.705079691809917
416,416,5,recov,0.06686499504179061,2.705079691809917,476.6666666666667,2.705079691809917
417,417,3,recov,0.06686499504179061,2.705079691809917,476.6666666666667,2.705079691809917
418,418,4,recov,0.06686499504179061,2.705079691809917,476.6666666666667,2.705079691809917
419,419,5,recov,0.06686499504179061,2.705079691809917,476.6666666666667,2.705079691809917
420,420,3,recov,0.06686499504179061,2.705079691809917,476.6666666666667,2.705079691809917
421,421,4,recov,0.06686499504179061,2.705079691809917,476.6666666666667,2.705079691809917
422,422,5,recov,0.06686499504179061,2.705079691809917,476.6666666666667,2.705079691809917
423,423,3,recov,0.06686499504179061,2.705079691809917,476.6666666666667,2.705079691809917
424,424,4,recov,0.06686499504179061,2.705079691809917,476.6666666666667,2.705079691809917
425,425,5,recov,0.06686499504179061,2.705079691809917,476.6666666666667,2.705079691809917
426,426,3,recov,0.06686499504179061,2.705079691809917,476.6666666666667,2.705079691809917
427,427,4,recov,0.06686499504179061,2.705079691809917,476.6666666666667,2.705079691809917
428,428,5,recov,0.06686499504179061,2.705079691809917,476.6666666666667,2.705079691809917
429,429,3,recov,0.06686499504179061,2.705079691809917,476.6666666666667,2.705079691809917
430,430,4,recov,0.06686499504179061,2.705079691809917,476.6666666666667,2.705079691809917
431,431,5,recov,0.06686499504179061,2.705079691809917,476.6666666666667,2.705079691809917
432,432,3,recov,0.06686499504179061,2.705079691809917,476.6666666666667,2.705079691809917
433,433,4,recov,0.06686499504179061,2.705079691809917,476.6666666666667,2.705079691809917
434,434,5,recov,0.06686499504179061,2.705079691809917,476.6666666666667,2.705079691809917
435,435,3,recov,0.06686499504179061,2.705079691809917,476.6666666666667,2.705079691809917
436,436,4,recov,0.06686499504179061,2.705079691809917,476.6666666666667,2.705079691809917
437,437,5,recov,0.06686499504179061,2.705079691809917,476.6666666666667,2.705079691809917
438,438,3,recov,0.06686499504179061,2.705079691809917,476.6666666666667,2.705079691809917
439,439,4,recov,0.06686499504179061,2.705079691809917,476.6666666666667,2.705079691809917
440,440,5,recov,0.06686499504179061,2.705079691809917,476.6666666666667,2.705079691809917
441,441,3,recov,0.06686499504179061,2.705079691809917,476.6666666666667,2.705079691809917
442,442,4,recov,0.06686499504179061,2.705079691809917,476.6666666666667,2.705079691809917
443,443,5,recov,0.06686499504179061,2.705079691809917,476.6666666666667,2.705079691809917
444,444,3,recov,0.06686499504179061,2.705079691809917,476.6666666666667,2.705079691809917
445,445,4,recov,0.06686499504179061,2.705079691809917,476.6666666666667,2.705079691809917
446,446,5,recov,0.06686499504179061,2.705079691809917,476.6666666666667,2.705079691809917
447,447,3,recov,0.06686499504179061,2.705079691809917,476.6666666666667,2.705079691809917
448,448,4,recov,0.06686499504179061,2.705079691809917,476.6666666666667,2.705079691809917
449,449,5,recov,0.06686499504179061,2.705079691809917,476.6666666666667,2.705079691809917
450,450,3,recov,0.06686499504179061,2.705079691809917,476.6666666666667,2.705079691809917
451,451,4,recov,0.06686499504179061,2.705079691809917,476.6666666666667,2.705079691809917
452,452,5,recov,0.06686499504179061,2.705079691809917,476.6666666666667,2.705079691809917
453,453,3,recov,0.06686499504179061,2.705079691809917,476.6666666666667,2.705079691809917
454,454,4,recov,0.06686499504179061,2.705079691809917,476.6666666666667,2.705079691809917
455,455,5,recov,0.06686499504179061,2.705079691809917,476.6666666666667,2.705079691809917
456,456,3,recov,0.06686499504179061,2.705079691809917,476.6666666666667,2.705079691809917
457,457,4,recov,0.06686499504179061,2.705079691809917,476.6666666666667,2.705079691809917
458,458,5,recov,0.06686499504179061,2.705079691809917,476.6666666666667,2.705079691809917
459,459,3,recov,0.06686499504179061,2.705079691809917,476.6666666666667,2.705079691809917
460,460,4,recov,0.06686499504179061,2.705079691809917,476.6666666666667,2.705079691809917
461,461,5,recov,0.06686499504179061,2.705079691809917,476.6666666666667,2.705079691809917
462,462,3,recov,0.06686499504179061,2.705079691809917,476.6666666666667,2.705079691809917
463,463,4,recov,0.06686499504179061,2.705079691809917,476.6666666666667,2.705079691809917
464,464,5,recov,0.06686499504179061,2.705079691809917,476.6666666666667,2.705079691809917
465,465,3,recov,0.06686499504179061,2.705079691809917,476.6666666666667,2.705079691809917
466,466,4,recov,0.06686499504179061,2.705079691809917,476.6666666666667,2.705079691809917
467,467,5,recov,0.06686499504179061,2.705079691809917,476.6666666666667,2.705079691809917
468,468,3,recov,0.06686499504179061,2.705079691809917,476.6666666666667,2.705079691809917
469,469,4,recov,0.06686499504179061,2.705079691809917,476.6666666666667,2.705079691809917
470,470,5,recov,0.06686499504179061,2.705079691809917,476.6666666666667,2.705079691809917
471,471,3,recov,0.06686499504179061,2.705079691809917,476.6666666666667,2.705079691809917
472,472,4,recov,0.06686499504179061,2.705079691809917,476.6666666666667,2.705079691809917
473,473,5,recov,0.06686499504179061,2.705079691809917,476.6666666666667,2.705079691809917
474,474,3,recov,0.06686499504179061,2.705079691809917,476.6666666666667,2.705079691809917
475,475,4,recov,0.06686499504179061,2.705079691809917,476.6666666666667,2.705079691809917
476,476,5,recov,0.06686499504179061,2.705079691809917,476.6666666666667,2.705079691809917
477,477,3,recov,0.06686499504179061,2.705079691809917,476.6666666666667,2.705079691809917
478,478,4,recov,0.06686499504179061,2.705079691809917,476.6666666666667,2.705079691809917
479,479,5,recov,0.06686499504179061,2.705079691809917,476.6666666666667,2.705079691809917
480,480,3,recov,0.06686499504179061,2.705079691809917,476.6666666666667,2.705079691809917
481,481,4,recov,0.06686499504179061,2.705079691809917,476.6666666666667,2.705079691809917
482,482,5,recov,0.06686499504179061,2.705079691809917,476.6666666666667,2.705079691809917
483,483,3,recov,0.06686499504179061,2.705079691809917,476.6666666666667,2.705079691809917
484,484,4,recov,0.06686499504179061,2.705079691809917,476.6666666666667,2.705079691809917
485,485,5,recov,0.06686499504179061,2.705079691809917,476.6666666666667,2.705079691809917
486,486,3,recov,0.06686499504179061,2.705079691809917,476.6666666666667,2.705079691809917
487,487,4,recov,0.06686499504179061,2.705079691809917,476.6666666666667,2.705079691809917
488,488,5,recov,0.06686499504179061,2.705079691809917,476.6666666666667,2.705079691809917
489,489,3,recov,0.06686499504179061,2.705079691809917,476.6666666666667,2.705079691809917
490,490,4,recov,0.06686499504179061,2.705079691809917,476.6666666666667,2.705079691809917
491,491,5,recov,0.06686499504179061,2.705079691809917,476.6666666666667,2.705079691809917
492,492,3,recov,0.06686499504179061,2.705079691809917,476.6666666666667,2.705079691809917
493,493,4,recov,0.06686499504179061,2.705079691809917,476.6666666666667,2.705079691809917
494,494,5,recov,0.06686499504179061,2.705079691809917,476.6666666666667,2.705079691809917
495,495,3,recov,0.06686499504179061,2.705079691809917,476.6666666666667,2.705079691809917
496,496,4,recov,0.06686499504179061,2.705079691809917,476.6666666666667,2.705079691809917
497,497,5,recov,0.06686499504179061,2.705079691809917,476.6666666666667,2.705079691809917
498,498,3,recov,0.06686499504179061,2.705079691809917,476.6666666666667,2.705079691809917
499,499,4,recov,0.06686499504179061,2.705079691809917,476.6666666666667,2.705079691809917
500,500,5,recov,0.06686499504179061,2.705079691809917,476.6666666666667,2.705079691809917
501,501,3,recov,0.06686499504179061,2.705079691809917,476.6666666666667,2.705079691809917
502,502,4,recov,0.06686499504179061,2.705079691809917,476.6666666666667,2.705079691809917
503,503,5,recov,0.06686499504179061,2.705079691809917,476.6666666666667,2.705079691809917
504,504,3,recov,0.06686499504179061,2.705079691809917,476.6666666666667,2.705079691809917
505,505,4,recov,0.06686499504179061,2.705079691809917,476.6666666666667,2.705079691809917
506,506,5,recov,0.06686499504179061,2.705079691809917,476.6666666666667,2.705079691809917
507,507,3,recov,0.06686499504179061,2.705079691809917,476.6666666666667,2.705079691809917
508,508,4,recov,0.06686499504179061,2.705079691809917,476.6666666666667,2.705079691809917
509,509,5,recov,0.06686499504179061,2.705079691809917,476.6666666666667,2.705079691809917
510,510,3,recov,0.06686499504179061,2.705079691809917,476.6666666666667,2.705079691809917
511,511,4,recov,0.06686499504179061,2.705079691809917,476.6666666666667,2.705079691809917
512,512,5,recov,0.06686499504179061,2.705079691809917,476.6666666666667,2.705079691809917
513,513,3,recov,0.06686499504179061,2.705079691809917,476.6666666666667,2.705079691809917
514,514,4,recov,0.06686499504179061,2.705079691809917,476.6666666666667,2.705079691809917
515,515,5,recov,0.06686499504179061,2.705079691809917,476.6666666666667,2.705079691809917
516,516,3,recov,0.06686499504179061,2.705079691809917,476.6666666666667,2.705079691809917
517,517,4,recov,0.06686499504179061,2.705079691809917,476.6666666666667,2.705079691809917
518,518,5,recov,0.06686499504179061,2.705079691809917,476.6666666666667,2.705079691809917
519,519,3,recov,0.06686499504179061,2.705079691809917,476.6666666666667,2.705079691809917
520,520,4,recov,0.06686499504179061,2.705079691809917,476.6666666666667,2.705079691809917
521,521,5,recov,0.06686499504179061,2.705079691809917,476.6666666666667,2.705079691809917
522,522,3,recov,0.06686499504179061,2.705079691809917,476.6666666666667,2.705079691809917
523,523,4,recov,0.06686499504179061,2.705079691809917,476.6666666666667,2.705079691809917
524,524,5,recov,0.06686499504179061,2.705079691809917,476.6666666666667,2.705079691809917
525,525,3,recov,0.06686499504179061,2.705079691809917,476.6666666666667,2.705079691809917
526,526,4,recov,0.06686499504179061,2.705079691809917,476.6666666666667,2.705079691809917
527,527,5,recov,0.06686499504179061,2.705079691809917,476.6666666666667,2.705079691809917
528,528,3,recov,0.06686499504179061,2.705079691809917,476.6666666666667,2.705079691809917
529,529,4,recov,0.06686499504179061,2.705079691809917,476.6666666666667,2.705079691809917
530,530,5,recov,0.06686499504179061,2.705079691809917,476.6666666666667,2.705079691809917
531,531,3,recov,0.06686499504179061,2.705079691809917,476.6666666666667,2.705079691809917
532,532,4,recov,0.06686499504179061,2.705079691809917,476.6666666666667,2.705079691809917
533,533,5,recov,0.06686499504179061,2.705079691809917,476.6666666666667,2.705079691809917
534,534,3,recov,0.06686499504179061,2.705079691809917,476.6666666666667,2.705079691809917
535,535,4,recov,0.06686499504179061,2.705079691809917,476.6666666666667,2.705079691809917
536,536,5,recov,0.06686499504179061,2.705079691809917,476.6666666666667,2.705079691809917
537,537,3,recov,0.06686499504179061,2.705079691809917,476.6666666666667,2.705079691809917
538,538,4,recov,0.06686499504179061,2.705079691809917,476.6666666666667,2.705079691809917
539,539,5,recov,0.06686499504179061,2.705079691809917,476.6666666666667,2.705079691809917
540,540,3,recov,0.06686499504179061,2.705079691809917,476.6666666666667,2.705079691809917
541,541,4,recov,0.06686499504179061,2.705079691809917,476.6666666666667,2.705079691809917
542,542,5,recov,0.06686499504179061,2.705079691809917,476.6666666666667,2.705079691809917
543,543,0,fam_r,0.06629834254143646,2.7135903814778253,476.6666666666667,2.705079691809917
544,544,1,fam_r,0.06629834254143646,2.7135903814778253,476.6666666666667,2.705079691809917
545,545,2,fam_r,0.06629834254143646,2.7135903814778253,476.6666666666667,2.705079691809917
546,546,0,fam_r,0.06682872928176795,2.705622211828649,476.6666666666667,2.705079691809917
547,547,1,fam_r,0.06682872928176795,2.705622211828649,476.6666666666667,2.705079691809917
548,548,2,fam_r,0.06682872928176795,2.705622211828649,476.6666666666667,2.705079691809917
549,549,0,fam_r,0.06686267403314916,2.7051144042767943,476.6666666666667,2.705079691809917
550,550,1,fam_r,0.06686267403314916,2.7051144042767943,476.6666666666667,2.705079691809917
551,551,2,fam_r,0.06686267403314916,2.7051144042767943,476.6666666666667,2.705079691809917
552,552,0,fam_r,0.06686484649723756,2.7050819133717066,476.6666666666667,2.705079691809917
553,553,1,fam_r,0.06686484649723756,2.7050819133717066,476.6666666666667,2.705079691809917
554,554,2,fam_r,0.06686484649723756,2.7050819133717066,476.6666666666667,2.705079691809917
555,555,0,fam_r,0.06686498553493922,2.7050798339897235,476.6666666666667,2.705079691809917
556,556,1,fam_r,0.06686498553493922,2.7050798339897235,476.6666666666667,2.705079691809917
557,557,2,fam_r,0.06686498553493922,2.7050798339897235,476.6666666666667,2.705079691809917
