,time_step,stimulus,type,familiarity,novelty,dN,steady
0,0,0,fam,0.06666666666666667,2.70805020110221,0.0,2.1943252879628337
1,1,1,fam,0.0664451827242525,2.7113779911948845,0.0,2.1943252879628337
2,2,2,fam,0.06622538485226771,2.7146914325571183,0.0,2.1943252879628337
3,3,0,fam,0.06930101925332256,2.6692956650542863,0.0,2.1943252879628337
4,4,1,fam,0.06907373409927214,2.672580734807876,0.0,2.1943252879628337
5,5,2,fam,0.0688481599785651,2.6758517792399017,0.0,2.1943252879628337
6,6,0,fam,0.07187610357880497,2.632811425842601,0.0,2.1943252879628337
7,7,1,fam,0.07164336480669116,2.6360547346249965,0.0,2.1943252879628337
8,8,2,fam,0.07141235890245792,2.639284330743654,0.0,2.1943252879628337
9,9,0,fam,0.07439388632446743,2.598381513577715,0.0,2.1943252879628337
10,10,1,fam,0.07415602281268667,2.6015839889808086,0.0,2.1943252879628337
11,11,2,fam,0.07391991111498518,2.604773054098225,0.0,2.1943252879628337
12,12,0,fam,0.07685624811342445,2.5658185095903243,0.0,2.1943252879628337
13,13,1,fam,0.07661357115384462,2.5689810488179416,0.0,2.1943252879628337
14,14,2,fam,0.07637266228764315,2.5721304703039203,0.0,2.1943252879628337
15,15,0,fam,0.07926498816682685,2.534958758973189,0.0,2.1943252879628337
16,16,1,fam,0.07901779251585267,2.5380822301540658,0.0,2.1943252879628337
17,17,2,fam,0.07877237877505083,2.5411928667251593,0.0,2.1943252879628337
18,18,0,fam,0.08162182866105419,2.5056585446848336,0.0,2.1943252879628337
19,19,1,fam,0.0813703935191393,2.5087437881154324,0.0,2.1943252879628337
20,20,2,fam,0.08112075183044841,2.511816471055383,0.0,2.1943252879628337
21,21,0,fam,0.08392841880799931,2.4777910004786703,0.0,2.1943252879628337
22,22,1,fam,0.08367300873311052,2.480838829800296,0.0,2.1943252879628337
23,23,2,fam,0.08341940155517143,2.483874364116181,0.0,2.1943252879628337
24,24,0,fam,0.08618633867876077,2.451243597877502,0.0,2.1943252879628337
25,25,1,fam,0.08592720443882687,2.4542548011918375,0.0,2.1943252879628337
26,26,2,fam,0.08566988060148231,2.457253966709942,0.0,2.1943252879628337
27,27,0,fam,0.08839710278937339,2.4259160837514813,0.0,2.1943252879628337
28,28,1,fam,0.08813448215832258,2.428891424678368,0.0,2.1943252879628337
29,29,2,fam,0.08787367764654408,2.4318549770835185,0.0,2.1943252879628337
30,30,0,fam,0.09056216346567694,2.4017187749531157,0.0,2.1943252879628337
31,31,1,fam,0.09029628196727864,2.4046589936341367,0.0,2.1943252879628337
32,32,2,fam,0.09003222065387033,2.407587665455956,0.0,2.1943252879628337
33,33,0,fam,0.09268291400303272,2.3785711383603085,0.0,2.1943252879628337
34,34,1,fam,0.09241398560640826,2.3814769524114605,0.0,2.1943252879628337
35,35,2,fam,0.09214687993726635,2.3843714539607723,0.0,2.1943252879628337
36,36,0,fam,0.09476069163533411,2.3564006009071488,0.0,2.1943252879628337
37,37,1,fam,0.09448891940568048,2.359272706323685,0.0,2.1943252879628337
38,38,2,fam,0.09421897104107681,2.36213372658205,0.0,2.1943252879628337
39,39,0,fam,0.09679678032660552,2.335141546341554,0.0,2.1943252879628337
40,40,1,fam,0.09652235703438683,2.3379806183578413,0.0,2.1943252879628337
41,41,2,fam,0.09624975744946072,2.3408088258230215,0.0,2.1943252879628337
42,42,0,fam,0.09879241339743602,2.314734464651968,0.0,2.1943252879628337
43,43,1,fam,0.09851552208903301,2.3175411585590187,0.0,2.1943252879628337
44,44,2,fam,0.098240453136419,2.3203372020489605,0.0,2.1943252879628337
45,45,0,fam,0.10074877599753691,2.2951252271369653,0.0,2.1943252879628337
46,46,1,fam,0.10046959053010418,2.2979001790601212,0.0,2.1943252879628337
47,47,2,fam,0.10019222496738836,2.3006646884778754,0.0,2.1943252879628337
48,48,0,fam,0.1026670074348392,2.276264465511669,0.0,2.1943252879628337
49,49,1,fam,0.10238569297790151,2.279008293150741,0.0,2.1943252879628337
50,50,2,fam,0.10210619496238522,2.281741880212577,0.0,2.1943252879628337
51,51,0,fam,0.10454820337074923,2.2581070376573553,0.0,2.1943252879628337
52,52,1,fam,0.10426491687686779,2.2608203409913807,0.0,2.1943252879628337
53,53,2,fam,0.10398344242992286,2.2635235999201964,0.0,2.1943252879628337
54,54,0,fam,0.10639341789044998,2.2406115659199823,0.0,2.1943252879628337
55,55,1,fam,0.10610830853710775,2.2432949278785994,0.0,2.1943252879628337
56,56,2,fam,0.10582500598022897,2.2459684360646013,0.0,2.1943252879628337
57,57,0,fam,0.10820366545646835,2.223740036466401,0.0,2.1943252879628337
58,58,1,fam,0.10791687506115655,2.2263940235697315,0.0,2.1943252879628337
59,59,2,fam,0.10763188542565465,2.2290383422002096,0.0,2.1943252879628337
60,60,0,fam,0.1099799227531158,2.2074574502748208,0.0,2.1943252879628337
61,61,1,fam,0.10969158616345168,2.2100826132436104,0.0,2.1943252879628337
62,62,2,fam,0.10940504357558109,2.2126982879035357,0.0,2.1943252879628337
63,63,0,fam,0.11172313042884839,2.1917315179893766,0.0,2.1943252879628337
64,64,1,fam,0.11143337588941464,2.194328392327037,0.0,2.1943252879628337
65,65,2,fam,0.11114540793259402,2.196915953572087,0.0,2.1943252879628337
66,66,0,fam_r,0.11343419474307749,2.1765323921985726,0.0,2.1943252879628337
67,67,1,fam_r,0.11314314424054654,2.179101498746666,0.0,2.1943252879628337
68,68,2,fam_r,0.11285387229620515,2.18166146265018,0.0,2.1943252879628337
69,69,0,fam_r,0.11511398912348894,2.1618324317734423,0.0,2.1943252879628337
70,70,1,fam_r,0.11482175871147761,2.1643742772420493,0.0,2.1943252879628337
71,71,2,fam_r,0.11453129827994667,2.1669071459173277,0.0,2.1943252879628337
72,72,0,fam_r,0.11676335563949314,2.1476059937766774,0.0,2.1943252879628337
73,73,1,fam_r,0.11647005574448648,2.150121071250996,0.0,2.1943252879628337
74,74,2,fam_r,0.11617851674724888,2.152627333350264,0.0,2.1943252879628337
75,75,0,fam_r,0.11838310639702908,2.1338292491698665,0.0,2.1943252879628337
76,76,1,fam_r,0.11808884210661318,2.1363180385943132,0.0,2.1943252879628337
77,77,2,fam_r,0.11779632917112906,2.1387981697855882,0.0,2.1943252879628337
78,78,0,fam_r,0.11997402485957637,2.120480019134361,0.0,2.1943252879628337
79,79,1,fam_r,0.11967889619412973,2.122942987775359,0.0,2.1943252879628337
80,80,2,fam_r,0.1193855089223665,2.125397451198387,0.0,2.1943252879628337
0,0,0,fam,0.06666666666666667,2.70805020110221,73.33333333333334,2.314562688436961
1,1,1,fam,0.0664451827242525,2.7113779911948845,73.33333333333334,2.314562688436961
2,2,2,fam,0.06622538485226771,2.7146914325571183,73.33333333333334,2.314562688436961
3,3,0,fam,0.06930101925332256,2.6692956650542863,73.33333333333334,2.314562688436961
4,4,1,fam,0.06907373409927214,2.672580734807876,73.33333333333334,2.314562688436961
5,5,2,fam,0.0688481599785651,2.6758517792399017,73.33333333333334,2.314562688436961
6,6,0,fam,0.07187610357880497,2.632811425842601,73.33333333333334,2.314562688436961
7,7,1,fam,0.07164336480669116,2.6360547346249965,73.33333333333334,2.314562688436961
8,8,2,fam,0.07141235890245792,2.639284330743654,73.33333333333334,2.314562688436961
9,9,0,fam,0.07439388632446743,2.598381513577715,73.33333333333334,2.314562688436961
10,10,1,fam,0.07415602281268667,2.6015839889808086,73.33333333333334,2.314562688436961
11,11,2,fam,0.07391991111498518,2.604773054098225,73.33333333333334,2.314562688436961
12,12,0,fam,0.07685624811342445,2.5658185095903243,73.33333333333334,2.314562688436961
13,13,1,fam,0.07661357115384462,2.5689810488179416,73.33333333333334,2.314562688436961
14,14,2,fam,0.07637266228764315,2.5721304703039203,73.33333333333334,2.314562688436961
15,15,0,fam,0.07926498816682685,2.534958758973189,73.33333333333334,2.314562688436961
16,16,1,fam,0.07901779251585267,2.5380822301540658,73.33333333333334,2.314562688436961
17,17,2,fam,0.07877237877505083,2.5411928667251593,73.33333333333334,2.314562688436961
18,18,0,fam,0.08162182866105419,2.5056585446848336,73.33333333333334,2.314562688436961
19,19,1,fam,0.0813703935191393,2.5087437881154324,73.33333333333334,2.314562688436961
20,20,2,fam,0.08112075183044841,2.511816471055383,73.33333333333334,2.314562688436961
21,21,0,fam,0.08392841880799931,2.4777910004786703,73.33333333333334,2.314562688436961
22,22,1,fam,0.08367300873311052,2.480838829800296,73.33333333333334,2.314562688436961
23,23,2,fam,0.08341940155517143,2.483874364116181,73.33333333333334,2.314562688436961
24,24,0,fam,0.08618633867876077,2.451243597877502,73.33333333333334,2.314562688436961
25,25,1,fam,0.08592720443882687,2.4542548011918375,73.33333333333334,2.314562688436961
26,26,2,fam,0.08566988060148231,2.457253966709942,73.33333333333334,2.314562688436961
27,27,0,fam,0.08839710278937339,2.4259160837514813,73.33333333333334,2.314562688436961
28,28,1,fam,0.08813448215832258,2.428891424678368,73.33333333333334,2.314562688436961
29,29,2,fam,0.08787367764654408,2.4318549770835185,73.33333333333334,2.314562688436961
30,30,0,fam,0.09056216346567694,2.4017187749531157,73.33333333333334,2.314562688436961
31,31,1,fam,0.09029628196727864,2.4046589936341367,73.33333333333334,2.314562688436961
32,32,2,fam,0.09003222065387033,2.407587665455956,73.33333333333334,2.314562688436961
33,33,0,fam,0.09268291400303272,2.3785711383603085,73.33333333333334,2.314562688436961
34,34,1,fam,0.09241398560640826,2.3814769524114605,73.33333333333334,2.314562688436961
35,35,2,fam,0.09214687993726635,2.3843714539607723,73.33333333333334,2.314562688436961
36,36,0,fam,0.09476069163533411,2.3564006009071488,73.33333333333334,2.314562688436961
37,37,1,fam,0.09448891940568048,2.359272706323685,73.33333333333334,2.314562688436961
38,38,2,fam,0.09421897104107681,2.36213372658205,73.33333333333334,2.314562688436961
39,39,0,fam,0.09679678032660552,2.335141546341554,73.33333333333334,2.314562688436961
40,40,1,fam,0.09652235703438683,2.3379806183578413,73.33333333333334,2.314562688436961
41,41,2,fam,0.09624975744946072,2.3408088258230215,73.33333333333334,2.314562688436961
42,42,0,fam,0.09879241339743602,2.314734464651968,73.33333333333334,2.314562688436961
43,43,1,fam,0.09851552208903301,2.3175411585590187,73.33333333333334,2.314562688436961
44,44,2,fam,0.098240453136419,2.3203372020489605,73.33333333333334,2.314562688436961
45,45,0,fam,0.10074877599753691,2.2951252271369653,73.33333333333334,2.314562688436961
46,46,1,fam,0.10046959053010418,2.2979001790601212,73.33333333333334,2.314562688436961
47,47,2,fam,0.10019222496738836,2.3006646884778754,73.33333333333334,2.314562688436961
48,48,0,fam,0.1026670074348392,2.276264465511669,73.33333333333334,2.314562688436961
49,49,1,fam,0.10238569297790151,2.279008293150741,73.33333333333334,2.314562688436961
50,50,2,fam,0.10210619496238522,2.281741880212577,73.33333333333334,2.314562688436961
51,51,0,fam,0.10454820337074923,2.2581070376573553,73.33333333333334,2.314562688436961
52,52,1,fam,0.10426491687686779,2.2608203409913807,73.33333333333334,2.314562688436961
53,53,2,fam,0.10398344242992286,2.2635235999201964,73.33333333333334,2.314562688436961
54,54,0,fam,0.10639341789044998,2.2406115659199823,73.33333333333334,2.314562688436961
55,55,1,fam,0.10610830853710775,2.2432949278785994,73.33333333333334,2.314562688436961
56,56,2,fam,0.10582500598022897,2.2459684360646013,73.33333333333334,2.314562688436961
57,57,0,fam,0.10820366545646835,2.223740036466401,73.33333333333334,2.314562688436961
58,58,1,fam,0.10791687506115655,2.2263940235697315,73.33333333333334,2.314562688436961
59,59,2,fam,0.10763188542565465,2.2290383422002096,73.33333333333334,2.314562688436961
60,60,0,fam,0.1099799227531158,2.2074574502748208,73.33333333333334,2.314562688436961
61,61,1,fam,0.10969158616345168,2.2100826132436104,73.33333333333334,2.314562688436961
62,62,2,fam,0.10940504357558109,2.2126982879035357,73.33333333333334,2.314562688436961
63,63,0,fam,0.11172313042884839,2.1917315179893766,73.33333333333334,2.314562688436961
64,64,1,fam,0.11143337588941464,2.194328392327037,73.33333333333334,2.314562688436961
65,65,2,fam,0.11114540793259402,2.196915953572087,73.33333333333334,2.314562688436961
66,66,3,recov,0.054960146619790304,2.9011469633170472,73.33333333333334,2.314562688436961
67,67,4,recov,0.054819129368959586,2.9037160698651405,73.33333333333334,2.314562688436961
68,68,5,recov,0.0546789738496296,2.9062760337686546,73.33333333333334,2.314562688436961
69,69,3,recov,0.05726120462912053,2.86013194165151,73.33333333333334,2.314562688436961
70,70,4,recov,0.05711584032067768,2.8626737871201167,73.33333333333334,2.314562688436961
71,71,5,recov,0.056971356454440424,2.8652066557953955,73.33333333333334,2.314562688436961
72,72,3,recov,0.059520581179149795,2.821433124070332,73.33333333333334,2.314562688436961
73,73,4,recov,0.05937107040057574,2.8239482015446504,73.33333333333334,2.314562688436961
74,74,5,recov,0.05922245724658637,2.826454463643919,73.33333333333334,2.314562688436961
75,75,3,recov,0.06173938872917498,2.7848331606831653,73.33333333333334,2.314562688436961
76,76,4,recov,0.06158592344204041,2.787321950107612,73.33333333333334,2.314562688436961
77,77,5,recov,0.06143337152494847,2.789802081298887,73.33333333333334,2.314562688436961
78,78,3,recov,0.06391870050276188,2.750143307787693,73.33333333333334,2.314562688436961
79,79,4,recov,0.06376146446105584,2.752606276428691,73.33333333333334,2.314562688436961
80,80,5,recov,0.06360515618368408,2.755060739851719,73.33333333333334,2.314562688436961
81,81,3,recov,0.06605955220242794,2.717198637691758,73.33333333333334,2.314562688436961
82,82,4,recov,0.06589872134767641,2.7196362405803303,73.33333333333334,2.314562688436961
83,83,5,recov,0.06573883138086971,2.7220654872826824,73.33333333333334,2.314562688436961
84,84,3,recov,0.06816294363518184,2.6858542102577303,73.33333333333334,2.314562688436961
85,85,4,recov,0.06799868646981641,2.6882668906129457,73.33333333333334,2.314562688436961
86,86,5,recov,0.06783538212089253,2.6906713599673053,73.33333333333334,2.314562688436961
87,87,3,recov,0.07022984025428042,2.6559819834217913,73.33333333333334,2.314562688436961
88,88,4,recov,0.070062318194614,2.6583701730560474,73.33333333333334,2.314562688436961
89,89,5,recov,0.06989575975574754,2.6607502931596487,73.33333333333334,2.314562688436961
90,90,3,recov,0.07226117462219785,2.6274682978979746,73.33333333333334,2.314562688436961
91,91,4,recov,0.07209054233226957,2.6298324176050505,73.33333333333334,2.314562688436961
92,92,5,recov,0.07192088341004768,2.6321886056621793,73.33333333333334,2.314562688436961
93,93,3,recov,0.07425784779946473,2.6002118126156883,73.33333333333334,2.314562688436961
94,94,4,recov,0.07408425350692895,2.6025522725424284,73.33333333333334,2.314562688436961
95,95,5,recov,0.07391164133423168,2.6048849352308396,73.33333333333334,2.314562688436961
96,96,3,recov,0.07622073066372284,2.574121797335679,73.33333333333334,2.314562688436961
97,97,4,recov,0.07604431645887602,2.5764389973381396,73.33333333333334,2.314562688436961
98,98,5,recov,0.07586889219015525,2.5787485311601968,73.33333333333334,2.314562688436961
99,99,3,recov,0.07815066516305202,2.5491167107874433,73.33333333333334,2.314562688436961
100,100,4,recov,0.07797156728201718,2.5514110407722694,73.33333333333334,2.314562688436961
101,101,5,recov,0.07779346627297476,2.5536978323915607,73.33333333333334,2.314562688436961
102,102,3,recov,0.0800484655073594,2.525123008900416,73.33333333333334,2.314562688436961
103,103,4,recov,0.07986681460037803,2.5273948491521785,73.33333333333334,2.314562688436961
104,104,5,recov,0.07968616667297666,2.529659275716332,73.33333333333334,2.314562688436961
105,105,3,recov,0.08191491930137196,2.502074139861199,73.33333333333334,2.314562688436961
106,106,4,recov,0.08173084068709037,2.5043238613563785,73.33333333333334,2.314562688436961
107,107,5,recov,0.08154777038076796,2.50656629080674,73.33333333333334,2.314562688436961
108,108,3,recov,0.08375078862254569,2.47990969193269,73.33333333333334,2.314562688436961
109,109,4,recov,0.083564402529123,2.48213765664096,73.33333333333334,2.314562688436961
110,110,5,recov,0.08337902933902332,2.484358448009777,73.33333333333334,2.314562688436961
111,111,3,recov,0.08555681104698985,2.4585746670030915,73.33333333333334,2.314562688436961
112,112,4,recov,0.08536823284080054,2.4607812281765065,73.33333333333334,2.314562688436961
113,113,5,recov,0.08518067144377944,2.462980731872218,73.33333333333334,2.314562688436961
114,114,3,recov,0.08733370062630835,2.4380188582532414,73.33333333333334,2.314562688436961
115,115,4,recov,0.08714304102896143,2.44020436070391,73.33333333333334,2.314562688436961
116,116,5,recov,0.08695340149807841,2.4423829187851047,73.33333333333334,2.314562688436961
117,117,3,recov,0.08908214881807626,2.4181963145435827,73.33333333333334,2.314562688436961
118,118,4,recov,0.08888951411242584,2.4203610949103753,73.33333333333334,2.314562688436961
119,119,5,recov,0.08869790212058447,2.4225190413489575,73.33333333333334,2.314562688436961
120,120,3,recov,0.09080282537249831,2.3990648774217895,73.33333333333334,2.314562688436961
121,121,4,recov,0.09060831759827734,2.40120926442659,73.33333333333334,2.314562688436961
122,122,5,recov,0.09041483461163503,2.4033469253606587,73.33333333333334,2.314562688436961
123,123,3,recov,0.09249637917763853,2.3805857792554344,73.33333333333334,2.314562688436961
124,124,4,recov,0.09230009631730622,2.382710093949431,73.33333333333334,2.314562688436961
125,125,5,recov,0.09210483977903472,2.3848277879263486,73.33333333333334,2.314562688436961
126,126,3,recov,0.09416343906546175,2.362723293062192,73.33333333333334,2.314562688436961
127,127,4,recov,0.09396547522081826,2.3648278490626584,73.33333333333334,2.314562688436961
128,128,5,recov,0.09376853872575856,2.366925887272769,73.33333333333334,2.314562688436961
129,129,3,recov,0.09580461458079026,2.3454444262636294,73.33333333333334,2.314562688436961
130,130,4,recov,0.09560506014087657,2.3475295299816454,73.33333333333334,2.314562688436961
131,131,5,recov,0.09540653360159845,2.349608216483061,73.33333333333334,2.314562688436961
132,132,3,recov,0.09742049671515136,2.3287186519188188,73.33333333333334,2.314562688436961
133,133,4,recov,0.09721943851592023,2.3307846027783348,73.33333333333334,2.314562688436961
134,134,5,recov,0.09701940832066396,2.3328442347132032,73.33333333333334,2.314562688436961
135,135,3,recov,0.0990116586073718,2.312517672070322,73.33333333333334,2.314562688436961
136,136,4,recov,0.09880918008358533,2.3145647627189603,73.33333333333334,2.314562688436961
137,137,5,recov,0.09860772924653374,2.3166056305215994,73.33333333333334,2.314562688436961
138,138,0,fam_r,0.09278172340314329,2.3775056046732272,73.33333333333334,2.314562688436961
139,139,1,fam_r,0.09259370490899402,2.3795341211851944,73.33333333333334,2.314562688436961
140,140,2,fam_r,0.09240663377753092,2.381556508782451,73.33333333333334,2.314562688436961
141,141,0,fam_r,0.09439548448742499,2.360262040794406,73.33333333333334,2.314562688436961
142,142,1,fam_r,0.09420591919906147,2.362272262865867,73.33333333333334,2.314562688436961
143,143,2,fam_r,0.09401730218333,2.364276447870054,73.33333333333334,2.314562688436961
144,144,0,fam_r,0.09598509059108032,2.343562405918493,73.33333333333334,2.314562688436961
145,145,1,fam_r,0.09579405933397146,2.345554607055738,73.33333333333334,2.314562688436961
146,146,2,fam_r,0.09560397684905797,2.347540860950471,73.33333333333334,2.314562688436961
147,147,0,fam_r,0.09755107301605356,2.3273792123215027,73.33333333333334,2.314562688436961
148,148,1,fam_r,0.09735865354783338,2.329353660022228,73.33333333333334,2.314562688436961
149,149,2,fam_r,0.09716718296489259,2.331322248341474,73.33333333333334,2.314562688436961
150,150,0,fam_r,0.09909394759876805,2.3116869131866657,73.33333333333334,2.314562688436961
151,151,1,fam_r,0.0989002147357511,2.313643869114664,73.33333333333334,2.314562688436961
152,152,2,fam_r,0.09870743050721831,2.315595051615304,73.33333333333334,2.314562688436961
0,0,0,fam,0.06666666666666667,2.70805020110221,146.66666666666669,2.0255850949215857
1,1,1,fam,0.0664451827242525,2.7113779911948845,146.66666666666669,2.0255850949215857
2,2,2,fam,0.06622538485226771,2.7146914325571183,146.66666666666669,2.0255850949215857
3,3,0,fam,0.06930101925332256,2.6692956650542863,146.66666666666669,2.0255850949215857
4,4,1,fam,0.06907373409927214,2.672580734807876,146.66666666666669,2.0255850949215857
5,5,2,fam,0.0688481599785651,2.6758517792399017,146.66666666666669,2.0255850949215857
6,6,0,fam,0.07187610357880497,2.632811425842601,146.66666666666669,2.0255850949215857
7,7,1,fam,0.07164336480669116,2.6360547346249965,146.66666666666669,2.0255850949215857
8,8,2,fam,0.07141235890245792,2.639284330743654,146.66666666666669,2.0255850949215857
9,9,0,fam,0.07439388632446743,2.598381513577715,146.66666666666669,2.0255850949215857
10,10,1,fam,0.07415602281268667,2.6015839889808086,146.66666666666669,2.0255850949215857
11,11,2,fam,0.07391991111498518,2.604773054098225,146.66666666666669,2.0255850949215857
12,12,0,fam,0.07685624811342445,2.5658185095903243,146.66666666666669,2.0255850949215857
13,13,1,fam,0.07661357115384462,2.5689810488179416,146.66666666666669,2.0255850949215857
14,14,2,fam,0.07637266228764315,2.5721304703039203,146.66666666666669,2.0255850949215857
15,15,0,fam,0.07926498816682685,2.534958758973189,146.66666666666669,2.0255850949215857
16,16,1,fam,0.07901779251585267,2.5380822301540658,146.66666666666669,2.0255850949215857
17,17,2,fam,0.07877237877505083,2.5411928667251593,146.66666666666669,2.0255850949215857
18,18,0,fam,0.08162182866105419,2.5056585446848336,146.66666666666669,2.0255850949215857
19,19,1,fam,0.0813703935191393,2.5087437881154324,146.66666666666669,2.0255850949215857
20,20,2,fam,0.08112075183044841,2.511816471055383,146.66666666666669,2.0255850949215857
21,21,0,fam,0.08392841880799931,2.4777910004786703,146.66666666666669,2.0255850949215857
22,22,1,fam,0.08367300873311052,2.480838829800296,146.66666666666669,2.0255850949215857
23,23,2,fam,0.08341940155517143,2.483874364116181,146.66666666666669,2.0255850949215857
24,24,0,fam,0.08618633867876077,2.451243597877502,146.66666666666669,2.0255850949215857
25,25,1,fam,0.08592720443882687,2.4542548011918375,146.66666666666669,2.0255850949215857
26,26,2,fam,0.08566988060148231,2.457253966709942,146.66666666666669,2.0255850949215857
27,27,0,fam,0.08839710278937339,2.4259160837514813,146.66666666666669,2.0255850949215857
28,28,1,fam,0.08813448215832258,2.428891424678368,146.66666666666669,2.0255850949215857
29,29,2,fam,0.08787367764654408,2.4318549770835185,146.66666666666669,2.0255850949215857
30,30,0,fam,0.09056216346567694,2.4017187749531157,146.66666666666669,2.0255850949215857
31,31,1,fam,0.09029628196727864,2.4046589936341367,146.66666666666669,2.0255850949215857
32,32,2,fam,0.09003222065387033,2.407587665455956,146.66666666666669,2.0255850949215857
33,33,0,fam,0.09268291400303272,2.3785711383603085,146.66666666666669,2.0255850949215857
34,34,1,fam,0.09241398560640826,2.3814769524114605,146.66666666666669,2.0255850949215857
35,35,2,fam,0.09214687993726635,2.3843714539607723,146.66666666666669,2.0255850949215857
36,36,0,fam,0.09476069163533411,2.3564006009071488,146.66666666666669,2.0255850949215857
37,37,1,fam,0.09448891940568048,2.359272706323685,146.66666666666669,2.0255850949215857
38,38,2,fam,0.09421897104107681,2.36213372658205,146.66666666666669,2.0255850949215857
39,39,0,fam,0.09679678032660552,2.335141546341554,146.66666666666669,2.0255850949215857
40,40,1,fam,0.09652235703438683,2.3379806183578413,146.66666666666669,2.0255850949215857
41,41,2,fam,0.09624975744946072,2.3408088258230215,146.66666666666669,2.0255850949215857
42,42,0,fam,0.09879241339743602,2.314734464651968,146.66666666666669,2.0255850949215857
43,43,1,fam,0.09851552208903301,2.3175411585590187,146.66666666666669,2.0255850949215857
44,44,2,fam,0.098240453136419,2.3203372020489605,146.66666666666669,2.0255850949215857
45,45,0,fam,0.10074877599753691,2.2951252271369653,146.66666666666669,2.0255850949215857
46,46,1,fam,0.10046959053010418,2.2979001790601212,146.66666666666669,2.0255850949215857
47,47,2,fam,0.10019222496738836,2.3006646884778754,146.66666666666669,2.0255850949215857
48,48,0,fam,0.1026670074348392,2.276264465511669,146.66666666666669,2.0255850949215857
49,49,1,fam,0.10238569297790151,2.279008293150741,146.66666666666669,2.0255850949215857
50,50,2,fam,0.10210619496238522,2.281741880212577,146.66666666666669,2.0255850949215857
51,51,0,fam,0.10454820337074923,2.2581070376573553,146.66666666666669,2.0255850949215857
52,52,1,fam,0.10426491687686779,2.2608203409913807,146.66666666666669,2.0255850949215857
53,53,2,fam,0.10398344242992286,2.2635235999201964,146.66666666666669,2.0255850949215857
54,54,0,fam,0.10639341789044998,2.2406115659199823,146.66666666666669,2.0255850949215857
55,55,1,fam,0.10610830853710775,2.2432949278785994,146.66666666666669,2.0255850949215857
56,56,2,fam,0.10582500598022897,2.2459684360646013,146.66666666666669,2.0255850949215857
57,57,0,fam,0.10820366545646835,2.223740036466401,146.66666666666669,2.0255850949215857
58,58,1,fam,0.10791687506115655,2.2263940235697315,146.66666666666669,2.0255850949215857
59,59,2,fam,0.10763188542565465,2.2290383422002096,146.66666666666669,2.0255850949215857
60,60,0,fam,0.1099799227531158,2.2074574502748208,146.66666666666669,2.0255850949215857
61,61,1,fam,0.10969158616345168,2.2100826132436104,146.66666666666669,2.0255850949215857
62,62,2,fam,0.10940504357558109,2.2126982879035357,146.66666666666669,2.0255850949215857
63,63,0,fam,0.11172313042884839,2.1917315179893766,146.66666666666669,2.0255850949215857
64,64,1,fam,0.11143337588941464,2.194328392327037,146.66666666666669,2.0255850949215857
65,65,2,fam,0.11114540793259402,2.196915953572087,146.66666666666669,2.0255850949215857
66,66,3,recov,0.054960146619790304,2.9011469633170472,146.66666666666669,2.0255850949215857
67,67,4,recov,0.054819129368959586,2.9037160698651405,146.66666666666669,2.0255850949215857
68,68,5,recov,0.0546789738496296,2.9062760337686546,146.66666666666669,2.0255850949215857
69,69,3,recov,0.05726120462912053,2.86013194165151,146.66666666666669,2.0255850949215857
70,70,4,recov,0.05711584032067768,2.8626737871201167,146.66666666666669,2.0255850949215857
71,71,5,recov,0.056971356454440424,2.8652066557953955,146.66666666666669,2.0255850949215857
72,72,3,recov,0.059520581179149795,2.821433124070332,146.66666666666669,2.0255850949215857
73,73,4,recov,0.05937107040057574,2.8239482015446504,146.66666666666669,2.0255850949215857
74,74,5,recov,0.05922245724658637,2.826454463643919,146.66666666666669,2.0255850949215857
75,75,3,recov,0.06173938872917498,2.7848331606831653,146.66666666666669,2.0255850949215857
76,76,4,recov,0.06158592344204041,2.787321950107612,146.66666666666669,2.0255850949215857
77,77,5,recov,0.06143337152494847,2.789802081298887,146.66666666666669,2.0255850949215857
78,78,3,recov,0.06391870050276188,2.750143307787693,146.66666666666669,2.0255850949215857
79,79,4,recov,0.06376146446105584,2.752606276428691,146.66666666666669,2.0255850949215857
80,80,5,recov,0.06360515618368408,2.755060739851719,146.66666666666669,2.0255850949215857
81,81,3,recov,0.06605955220242794,2.717198637691758,146.66666666666669,2.0255850949215857
82,82,4,recov,0.06589872134767641,2.7196362405803303,146.66666666666669,2.0255850949215857
83,83,5,recov,0.06573883138086971,2.7220654872826824,146.66666666666669,2.0255850949215857
84,84,3,recov,0.06816294363518184,2.6858542102577303,146.66666666666669,2.0255850949215857
85,85,4,recov,0.06799868646981641,2.6882668906129457,146.66666666666669,2.0255850949215857
86,86,5,recov,0.06783538212089253,2.6906713599673053,146.66666666666669,2.0255850949215857
87,87,3,recov,0.07022984025428042,2.6559819834217913,146.66666666666669,2.0255850949215857
88,88,4,recov,0.070062318194614,2.6583701730560474,146.66666666666669,2.0255850949215857
89,89,5,recov,0.06989575975574754,2.6607502931596487,146.66666666666669,2.0255850949215857
90,90,3,recov,0.07226117462219785,2.6274682978979746,146.66666666666669,2.0255850949215857
91,91,4,recov,0.07209054233226957,2.6298324176050505,146.66666666666669,2.0255850949215857
92,92,5,recov,0.07192088341004768,2.6321886056621793,146.66666666666669,2.0255850949215857
93,93,3,recov,0.07425784779946473,2.6002118126156883,146.66666666666669,2.0255850949215857
94,94,4,recov,0.07408425350692895,2.6025522725424284,146.66666666666669,2.0255850949215857
95,95,5,recov,0.07391164133423168,2.6048849352308396,146.66666666666669,2.0255850949215857
96,96,3,recov,0.07622073066372284,2.574121797335679,146.66666666666669,2.0255850949215857
97,97,4,recov,0.07604431645887602,2.5764389973381396,146.66666666666669,2.0255850949215857
98,98,5,recov,0.07586889219015525,2.5787485311601968,146.66666666666669,2.0255850949215857
99,99,3,recov,0.07815066516305202,2.5491167107874433,146.66666666666669,2.0255850949215857
100,100,4,recov,0.07797156728201718,2.5514110407722694,146.66666666666669,2.0255850949215857
101,101,5,recov,0.07779346627297476,2.5536978323915607,146.66666666666669,2.0255850949215857
102,102,3,recov,0.0800484655073594,2.525123008900416,146.66666666666669,2.0255850949215857
103,103,4,recov,0.07986681460037803,2.5273948491521785,146.66666666666669,2.0255850949215857
104,104,5,recov,0.07968616667297666,2.529659275716332,146.66666666666669,2.0255850949215857
105,105,3,recov,0.08191491930137196,2.502074139861199,146.66666666666669,2.0255850949215857
106,106,4,recov,0.08173084068709037,2.5043238613563785,146.66666666666669,2.0255850949215857
107,107,5,recov,0.08154777038076796,2.50656629080674,146.66666666666669,2.0255850949215857
108,108,3,recov,0.08375078862254569,2.47990969193269,146.66666666666669,2.0255850949215857
109,109,4,recov,0.083564402529123,2.48213765664096,146.66666666666669,2.0255850949215857
110,110,5,recov,0.08337902933902332,2.484358448009777,146.66666666666669,2.0255850949215857
111,111,3,recov,0.08555681104698985,2.4585746670030915,146.66666666666669,2.0255850949215857
112,112,4,recov,0.08536823284080054,2.4607812281765065,146.66666666666669,2.0255850949215857
113,113,5,recov,0.08518067144377944,2.462980731872218,146.66666666666669,2.0255850949215857
114,114,3,recov,0.08733370062630835,2.4380188582532414,146.66666666666669,2.0255850949215857
115,115,4,recov,0.08714304102896143,2.44020436070391,146.66666666666669,2.0255850949215857
116,116,5,recov,0.08695340149807841,2.4423829187851047,146.66666666666669,2.0255850949215857
117,117,3,recov,0.08908214881807626,2.4181963145435827,146.66666666666669,2.0255850949215857
118,118,4,recov,0.08888951411242584,2.4203610949103753,146.66666666666669,2.0255850949215857
119,119,5,recov,0.08869790212058447,2.4225190413489575,146.66666666666669,2.0255850949215857
120,120,3,recov,0.09080282537249831,2.3990648774217895,146.66666666666669,2.0255850949215857
121,121,4,recov,0.09060831759827734,2.40120926442659,146.66666666666669,2.0255850949215857
122,122,5,recov,0.09041483461163503,2.4033469253606587,146.66666666666669,2.0255850949215857
123,123,3,recov,0.09249637917763853,2.3805857792554344,146.66666666666669,2.0255850949215857
124,124,4,recov,0.09230009631730622,2.382710093949431,146.66666666666669,2.0255850949215857
125,125,5,recov,0.09210483977903472,2.3848277879263486,146.66666666666669,2.0255850949215857
126,126,3,recov,0.09416343906546175,2.362723293062192,146.66666666666669,2.0255850949215857
127,127,4,recov,0.09396547522081826,2.3648278490626584,146.66666666666669,2.0255850949215857
128,128,5,recov,0.09376853872575856,2.366925887272769,146.66666666666669,2.0255850949215857
129,129,3,recov,0.09580461458079026,2.3454444262636294,146.66666666666669,2.0255850949215857
130,130,4,recov,0.09560506014087657,2.3475295299816454,146.66666666666669,2.0255850949215857
131,131,5,recov,0.09540653360159845,2.349608216483061,146.66666666666669,2.0255850949215857
132,132,3,recov,0.09742049671515136,2.3287186519188188,146.66666666666669,2.0255850949215857
133,133,4,recov,0.09721943851592023,2.3307846027783348,146.66666666666669,2.0255850949215857
134,134,5,recov,0.09701940832066396,2.3328442347132032,146.66666666666669,2.0255850949215857
135,135,3,recov,0.0990116586073718,2.312517672070322,146.66666666666669,2.0255850949215857
136,136,4,recov,0.09880918008358533,2.3145647627189603,146.66666666666669,2.0255850949215857
137,137,5,recov,0.09860772924653374,2.3166056305215994,146.66666666666669,2.0255850949215857
138,138,3,recov,0.10057865621266358,2.296815208710711,146.66666666666669,2.0255850949215857
139,139,4,recov,0.1003748375424445,2.298843725222678,146.66666666666669,2.0255850949215857
140,140,5,recov,0.10017204584674612,2.300866112819935,146.66666666666669,2.0255850949215857
141,141,3,recov,0.10212202894184264,2.2815868185938992,146.66666666666669,2.0255850949215857
142,142,4,recov,0.10191694718428031,2.28359704066536,146.66666666666669,2.0255850949215857
143,143,5,recov,0.101712891318218,2.2856012256695473,146.66666666666669,2.0255850949215857
144,144,3,recov,0.10364230027222374,2.266809728704119,146.66666666666669,2.0255850949215857
145,145,4,recov,0.10343602949841152,2.268801929841364,146.66666666666669,2.0255850949215857
146,146,5,recov,0.10323078318508747,2.2707881837360966,146.66666666666669,2.0255850949215857
147,147,3,recov,0.10513997833164553,2.2524626896813498,146.66666666666669,2.0255850949215857
148,148,4,recov,0.10493258974950324,2.2544371373820753,146.66666666666669,2.0255850949215857
149,149,5,recov,0.10472622387038852,2.2564057257013213,146.66666666666669,2.0255850949215857
150,150,3,recov,0.10661555645699419,2.2385258449051353,146.66666666666669,2.0255850949215857
151,151,4,recov,0.10640711853020789,2.2404828008331337,146.66666666666669,2.0255850949215857
152,152,5,recov,0.10619970124288396,2.2424339833337736,146.66666666666669,2.0255850949215857
153,153,3,recov,0.10806951372851582,2.2249806132745227,146.66666666666669,2.0255850949215857
154,154,4,recov,0.10786009228990767,2.2269203334280703,146.66666666666669,2.0255850949215857
155,155,5,recov,0.10765168914030779,2.228854364256245,146.66666666666669,2.0255850949215857
156,156,3,recov,0.10950231548113257,2.211809584002738,146.66666666666669,2.0255850949215857
157,157,4,recov,0.10929197384075477,2.2137323188769513,146.66666666666669,2.0255850949215857
158,158,5,recov,0.10908264787019453,2.215649446728465,146.66666666666669,2.0255850949215857
159,159,3,recov,0.11091441379390979,2.1989964219810667,146.66666666666669,2.0255850949215857
160,160,4,recov,0.11070321284213915,2.200902416724484,146.66666666666669,2.0255850949215857
161,161,5,recov,0.1104930246894094,2.2028028849995156,146.66666666666669,2.0255850949215857
162,162,3,recov,0.11230624795875505,2.1865257824652127,146.66666666666669,2.0255850949215857
163,163,4,recov,0.11209424626464862,2.188415277030846,146.66666666666669,2.0255850949215857
164,164,5,recov,0.11188325426342673,2.190299323983209,146.66666666666669,2.0255850949215857
165,165,3,recov,0.11367824492937022,2.1743832340055538,146.66666666666669,2.0255850949215857
166,166,4,recov,0.11346549883452758,2.1762564632966415,146.66666666666669,2.0255850949215857
167,167,5,recov,0.11325375910634912,2.1781243221778235,146.66666666666669,2.0255850949215857
168,168,3,recov,0.11503081975142043,2.162555188685454,146.66666666666669,2.0255850949215857
169,169,4,recov,0.1148173834595833,2.164412382696141,146.66666666666669,2.0255850949215857
170,170,5,recov,0.11460495000260203,2.1662642818943376,146.66666666666669,2.0255850949215857
171,171,3,recov,0.11636437597483022,2.151028838853347,146.66666666666669,2.0255850949215857
172,172,4,recov,0.11615030163743761,2.1528702228044967,146.66666666666669,2.0255850949215857
173,173,5,recov,0.11593722641118838,2.1547063859788467,146.66666666666669,2.0255850949215857
174,174,3,recov,0.1176793060490675,2.1397920996381274,146.66666666666669,2.0255850949215857
175,175,4,recov,0.11746464384697178,2.1416178941084714,146.66666666666669,2.0255850949215857
176,176,5,recov,0.11725097685333875,2.143438540318695,146.66666666666669,2.0255850949215857
177,177,3,recov,0.11897599170222851,2.1288335566263985,146.66666666666669,2.0255850949215857
178,178,4,recov,0.11876078992376583,2.130643977679212,146.66666666666669,2.0255850949215857
179,179,5,recov,0.11854657928434748,2.1324493215108338,146.66666666666669,2.0255850949215857
180,180,3,recov,0.120254804304693,2.1181424181565722,146.66666666666669,2.0255850949215857
181,181,4,recov,0.12003910942029142,2.119937677462055,146.66666666666669,2.0255850949215857
182,182,5,recov,0.11982440145034219,2.1217279291473976,146.66666666666669,2.0255850949215857
183,183,3,recov,0.12151610521807758,2.1077084717507315,146.66666666666669,2.0255850949215857
184,184,4,recov,0.1212999619515751,2.109488776704275,146.66666666666669,2.0255850949215857
185,185,5,recov,0.12108480123069433,2.111264142239386,146.66666666666669,2.0255850949215857
186,186,3,recov,0.12276024613017589,2.0975220442621336,146.66666666666669,2.0255850949215857
187,187,4,recov,0.12254369752701164,2.0992875980986314,146.66666666666669,2.0255850949215857
188,188,5,recov,0.12232812696674035,2.1010482793563137,146.66666666666669,2.0255850949215857
189,189,3,recov,0.12398756937653763,2.087573965365569,146.66666666666669,2.0255850949215857
190,190,4,recov,0.12377065686897018,2.089324967269932,146.66666666666669,2.0255850949215857
191,191,5,recov,0.1235547177774478,2.0910711621090274,146.66666666666669,2.0255850949215857
192,192,3,recov,0.1251984082493045,2.07785553406066,146.66666666666669,2.0255850949215857
193,193,4,recov,0.12498117171880271,2.079592179274687,146.66666666666669,2.0255850949215857
194,194,5,recov,0.12476490386262719,2.081324081645763,146.66666666666669,2.0255850949215857
195,195,3,recov,0.12639308729388798,2.068358487895518,146.66666666666669,2.0255850949215857
196,196,4,recov,0.12617556513083214,2.0700809678212635,146.66666666666669,2.0255850949215857
197,197,5,recov,0.1259590067942595,2.071798767868845,146.66666666666669,2.0255850949215857
198,198,3,recov,0.12757192259404396,2.0590749746507475,146.66666666666669,2.0255850949215857
199,199,4,recov,0.12735415175486722,2.0607834769505247,146.66666666666669,2.0255850949215857
200,200,5,recov,0.12713733979647876,2.0624873611120047,146.66666666666669,2.0255850949215857
201,201,3,recov,0.12873522204586987,2.0499975262522994,146.66666666666669,2.0255850949215857
202,202,4,recov,0.12851723810776336,2.051692234945447,146.66666666666669,2.0255850949215857
203,203,5,recov,0.12830020801472186,2.0533823860468035,146.66666666666669,2.0255850949215857
204,204,3,recov,0.12988328562122406,2.041119034706639,146.66666666666669,2.0255850949215857
205,205,4,recov,0.1296651228345216,2.042800130263181,146.66666666666669,2.0255850949215857
206,206,5,recov,0.12944790877453222,2.0444767276116242,146.66666666666669,2.0255850949215857
207,207,3,recov,0.13101640562103964,2.0324327298736824,146.66666666666669,2.0255850949215857
208,208,4,recov,0.13079809695939307,2.034100389304994,146.66666666666669,2.0255850949215857
209,209,5,recov,0.13058073183047697,2.035763608778664,146.66666666666669,2.0255850949215857
210,210,3,recov,0.1321348669189833,2.0239321589122468,146.66666666666669,2.0255850949215857
211,211,4,recov,0.13191644412743225,2.0255865558588444,146.66666666666669,2.0255850949215857
212,212,5,recov,0.1316989596056168,2.027236569993666,146.66666666666669,2.0255850949215857
213,213,0,fam_r,0.07799571374380389,2.5511014058049764,146.66666666666669,2.0255850949215857
214,214,1,fam_r,0.0778678040013175,2.5527427106215406,146.66666666666669,2.0255850949215857
215,215,2,fam_r,0.07774044038767475,2.554379688695346,146.66666666666669,2.0255850949215857
216,216,0,fam_r,0.07952106848650073,2.531733280022622,146.66666666666669,2.0255850949215857
217,217,1,fam_r,0.07939168335456234,2.5333616598603563,146.66666666666669,2.0255850949215857
218,218,2,fam_r,0.07926284732757827,2.534985767974378,146.66666666666669,2.0255850949215857
219,219,0,fam_r,0.08102704601061535,2.512972278676732,146.66666666666669,2.0255850949215857
220,220,1,fam_r,0.0808962428772281,2.5145878975631537,146.66666666666669,2.0255850949215857
221,221,2,fam_r,0.08076599154954597,2.5161992987209856,146.66666666666669,2.0255850949215857
222,222,0,fam_r,0.08251400656528023,2.494787223503058,146.66666666666669,2.0255850949215857
223,223,1,fam_r,0.08238184101214162,2.496390242419327,146.66666666666669,2.0255850949215857
224,224,2,fam_r,0.0822502297026274,2.4979890966034444,146.66666666666669,2.0255850949215857
225,225,0,fam_r,0.08398230152769968,2.477149198437178,146.66666666666669,2.0255850949215857
226,226,1,fam_r,0.0838488273927711,2.478739775393041,146.66666666666669,2.0255850949215857
227,227,2,fam_r,0.0837159096885197,2.480326239638975,146.66666666666669,2.0255850949215857
0,0,0,fam,0.06666666666666667,2.70805020110221,220.0,1.864350918942639
1,1,1,fam,0.0664451827242525,2.7113779911948845,220.0,1.864350918942639
2,2,2,fam,0.06622538485226771,2.7146914325571183,220.0,1.864350918942639
3,3,0,fam,0.06930101925332256,2.6692956650542863,220.0,1.864350918942639
4,4,1,fam,0.06907373409927214,2.672580734807876,220.0,1.864350918942639
5,5,2,fam,0.0688481599785651,2.6758517792399017,220.0,1.864350918942639
6,6,0,fam,0.07187610357880497,2.632811425842601,220.0,1.864350918942639
7,7,1,fam,0.07164336480669116,2.6360547346249965,220.0,1.864350918942639
8,8,2,fam,0.07141235890245792,2.639284330743654,220.0,1.864350918942639
9,9,0,fam,0.07439388632446743,2.598381513577715,220.0,1.864350918942639
10,10,1,fam,0.07415602281268667,2.6015839889808086,220.0,1.864350918942639
11,11,2,fam,0.07391991111498518,2.604773054098225,220.0,1.864350918942639
12,12,0,fam,0.07685624811342445,2.5658185095903243,220.0,1.864350918942639
13,13,1,fam,0.07661357115384462,2.5689810488179416,220.0,1.864350918942639
14,14,2,fam,0.07637266228764315,2.5721304703039203,220.0,1.864350918942639
15,15,0,fam,0.07926498816682685,2.534958758973189,220.0,1.864350918942639
16,16,1,fam,0.07901779251585267,2.5380822301540658,220.0,1.864350918942639
17,17,2,fam,0.07877237877505083,2.5411928667251593,220.0,1.864350918942639
18,18,0,fam,0.08162182866105419,2.5056585446848336,220.0,1.864350918942639
19,19,1,fam,0.0813703935191393,2.5087437881154324,220.0,1.864350918942639
20,20,2,fam,0.08112075183044841,2.511816471055383,220.0,1.864350918942639
21,21,0,fam,0.08392841880799931,2.4777910004786703,220.0,1.864350918942639
22,22,1,fam,0.08367300873311052,2.480838829800296,220.0,1.864350918942639
23,23,2,fam,0.08341940155517143,2.483874364116181,220.0,1.864350918942639
24,24,0,fam,0.08618633867876077,2.451243597877502,220.0,1.864350918942639
25,25,1,fam,0.08592720443882687,2.4542548011918375,220.0,1.864350918942639
26,26,2,fam,0.08566988060148231,2.457253966709942,220.0,1.864350918942639
27,27,0,fam,0.08839710278937339,2.4259160837514813,220.0,1.864350918942639
28,28,1,fam,0.08813448215832258,2.428891424678368,220.0,1.864350918942639
29,29,2,fam,0.08787367764654408,2.4318549770835185,220.0,1.864350918942639
30,30,0,fam,0.09056216346567694,2.4017187749531157,220.0,1.864350918942639
31,31,1,fam,0.09029628196727864,2.4046589936341367,220.0,1.864350918942639
32,32,2,fam,0.09003222065387033,2.407587665455956,220.0,1.864350918942639
33,33,0,fam,0.09268291400303272,2.3785711383603085,220.0,1.864350918942639
34,34,1,fam,0.09241398560640826,2.3814769524114605,220.0,1.864350918942639
35,35,2,fam,0.09214687993726635,2.3843714539607723,220.0,1.864350918942639
36,36,0,fam,0.09476069163533411,2.3564006009071488,220.0,1.864350918942639
37,37,1,fam,0.09448891940568048,2.359272706323685,220.0,1.864350918942639
38,38,2,fam,0.09421897104107681,2.36213372658205,220.0,1.864350918942639
39,39,0,fam,0.09679678032660552,2.335141546341554,220.0,1.864350918942639
40,40,1,fam,0.09652235703438683,2.3379806183578413,220.0,1.864350918942639
41,41,2,fam,0.09624975744946072,2.3408088258230215,220.0,1.864350918942639
42,42,0,fam,0.09879241339743602,2.314734464651968,220.0,1.864350918942639
43,43,1,fam,0.09851552208903301,2.3175411585590187,220.0,1.864350918942639
44,44,2,fam,0.098240453136419,2.3203372020489605,220.0,1.864350918942639
45,45,0,fam,0.10074877599753691,2.2951252271369653,220.0,1.864350918942639
46,46,1,fam,0.10046959053010418,2.2979001790601212,220.0,1.864350918942639
47,47,2,fam,0.10019222496738836,2.3006646884778754,220.0,1.864350918942639
48,48,0,fam,0.1026670074348392,2.276264465511669,220.0,1.864350918942639
49,49,1,fam,0.10238569297790151,2.279008293150741,220.0,1.864350918942639
50,50,2,fam,0.10210619496238522,2.281741880212577,220.0,1.864350918942639
51,51,0,fam,0.10454820337074923,2.2581070376573553,220.0,1.864350918942639
52,52,1,fam,0.10426491687686779,2.2608203409913807,220.0,1.864350918942639
53,53,2,fam,0.10398344242992286,2.2635235999201964,220.0,1.864350918942639
54,54,0,fam,0.10639341789044998,2.2406115659199823,220.0,1.864350918942639
55,55,1,fam,0.10610830853710775,2.2432949278785994,220.0,1.864350918942639
56,56,2,fam,0.10582500598022897,2.2459684360646013,220.0,1.864350918942639
57,57,0,fam,0.10820366545646835,2.223740036466401,220.0,1.864350918942639
58,58,1,fam,0.10791687506115655,2.2263940235697315,220.0,1.864350918942639
59,59,2,fam,0.10763188542565465,2.2290383422002096,220.0,1.864350918942639
60,60,0,fam,0.1099799227531158,2.2074574502748208,220.0,1.864350918942639
61,61,1,fam,0.10969158616345168,2.2100826132436104,220.0,1.864350918942639
62,62,2,fam,0.10940504357558109,2.2126982879035357,220.0,1.864350918942639
63,63,0,fam,0.11172313042884839,2.1917315179893766,220.0,1.864350918942639
64,64,1,fam,0.11143337588941464,2.194328392327037,220.0,1.864350918942639
65,65,2,fam,0.11114540793259402,2.196915953572087,220.0,1.864350918942639
66,66,3,recov,0.054960146619790304,2.9011469633170472,220.0,1.864350918942639
67,67,4,recov,0.054819129368959586,2.9037160698651405,220.0,1.864350918942639
68,68,5,recov,0.0546789738496296,2.9062760337686546,220.0,1.864350918942639
69,69,3,recov,0.05726120462912053,2.86013194165151,220.0,1.864350918942639
70,70,4,recov,0.05711584032067768,2.8626737871201167,220.0,1.864350918942639
71,71,5,recov,0.056971356454440424,2.8652066557953955,220.0,1.864350918942639
72,72,3,recov,0.059520581179149795,2.821433124070332,220.0,1.864350918942639
73,73,4,recov,0.05937107040057574,2.8239482015446504,220.0,1.864350918942639
74,74,5,recov,0.05922245724658637,2.826454463643919,220.0,1.864350918942639
75,75,3,recov,0.06173938872917498,2.7848331606831653,220.0,1.864350918942639
76,76,4,recov,0.06158592344204041,2.787321950107612,220.0,1.864350918942639
77,77,5,recov,0.06143337152494847,2.789802081298887,220.0,1.864350918942639
78,78,3,recov,0.06391870050276188,2.750143307787693,220.0,1.864350918942639
79,79,4,recov,0.06376146446105584,2.752606276428691,220.0,1.864350918942639
80,80,5,recov,0.06360515618368408,2.755060739851719,220.0,1.864350918942639
81,81,3,recov,0.06605955220242794,2.717198637691758,220.0,1.864350918942639
82,82,4,recov,0.06589872134767641,2.7196362405803303,220.0,1.864350918942639
83,83,5,recov,0.06573883138086971,2.7220654872826824,220.0,1.864350918942639
84,84,3,recov,0.06816294363518184,2.6858542102577303,220.0,1.864350918942639
85,85,4,recov,0.06799868646981641,2.6882668906129457,220.0,1.864350918942639
86,86,5,recov,0.06783538212089253,2.6906713599673053,220.0,1.864350918942639
87,87,3,recov,0.07022984025428042,2.6559819834217913,220.0,1.864350918942639
88,88,4,recov,0.070062318194614,2.6583701730560474,220.0,1.864350918942639
89,89,5,recov,0.06989575975574754,2.6607502931596487,220.0,1.864350918942639
90,90,3,recov,0.07226117462219785,2.6274682978979746,220.0,1.864350918942639
91,91,4,recov,0.07209054233226957,2.6298324176050505,220.0,1.864350918942639
92,92,5,recov,0.07192088341004768,2.6321886056621793,220.0,1.864350918942639
93,93,3,recov,0.07425784779946473,2.6002118126156883,220.0,1.864350918942639
94,94,4,recov,0.07408425350692895,2.6025522725424284,220.0,1.864350918942639
95,95,5,recov,0.07391164133423168,2.6048849352308396,220.0,1.864350918942639
96,96,3,recov,0.07622073066372284,2.574121797335679,220.0,1.864350918942639
97,97,4,recov,0.07604431645887602,2.5764389973381396,220.0,1.864350918942639
98,98,5,recov,0.07586889219015525,2.5787485311601968,220.0,1.864350918942639
99,99,3,recov,0.07815066516305202,2.5491167107874433,220.0,1.864350918942639
100,100,4,recov,0.07797156728201718,2.5514110407722694,220.0,1.864350918942639
101,101,5,recov,0.07779346627297476,2.5536978323915607,220.0,1.864350918942639
102,102,3,recov,0.0800484655073594,2.525123008900416,220.0,1.864350918942639
103,103,4,recov,0.07986681460037803,2.5273948491521785,220.0,1.864350918942639
104,104,5,recov,0.07968616667297666,2.529659275716332,220.0,1.864350918942639
105,105,3,recov,0.08191491930137196,2.502074139861199,220.0,1.864350918942639
106,106,4,recov,0.08173084068709037,2.5043238613563785,220.0,1.864350918942639
107,107,5,recov,0.08154777038076796,2.50656629080674,220.0,1.864350918942639
108,108,3,recov,0.08375078862254569,2.47990969193269,220.0,1.864350918942639
109,109,4,recov,0.083564402529123,2.48213765664096,220.0,1.864350918942639
110,110,5,recov,0.08337902933902332,2.484358448009777,220.0,1.864350918942639
111,111,3,recov,0.08555681104698985,2.4585746670030915,220.0,1.864350918942639
112,112,4,recov,0.08536823284080054,2.4607812281765065,220.0,1.864350918942639
113,113,5,recov,0.08518067144377944,2.462980731872218,220.0,1.864350918942639
114,114,3,recov,0.08733370062630835,2.4380188582532414,220.0,1.864350918942639
115,115,4,recov,0.08714304102896143,2.44020436070391,220.0,1.864350918942639
116,116,5,recov,0.08695340149807841,2.4423829187851047,220.0,1.864350918942639
117,117,3,recov,0.08908214881807626,2.4181963145435827,220.0,1.864350918942639
118,118,4,recov,0.08888951411242584,2.4203610949103753,220.0,1.864350918942639
119,119,5,recov,0.08869790212058447,2.4225190413489575,220.0,1.864350918942639
120,120,3,recov,0.09080282537249831,2.3990648774217895,220.0,1.864350918942639
121,121,4,recov,0.09060831759827734,2.40120926442659,220.0,1.864350918942639
122,122,5,recov,0.09041483461163503,2.4033469253606587,220.0,1.864350918942639
123,123,3,recov,0.09249637917763853,2.3805857792554344,220.0,1.864350918942639
124,124,4,recov,0.09230009631730622,2.382710093949431,220.0,1.864350918942639
125,125,5,recov,0.09210483977903472,2.3848277879263486,220.0,1.864350918942639
126,126,3,recov,0.09416343906546175,2.362723293062192,220.0,1.864350918942639
127,127,4,recov,0.09396547522081826,2.3648278490626584,220.0,1.864350918942639
128,128,5,recov,0.09376853872575856,2.366925887272769,220.0,1.864350918942639
129,129,3,recov,0.09580461458079026,2.3454444262636294,220.0,1.864350918942639
130,130,4,recov,0.09560506014087657,2.3475295299816454,220.0,1.864350918942639
131,131,5,recov,0.09540653360159845,2.349608216483061,220.0,1.864350918942639
132,132,3,recov,0.09742049671515136,2.3287186519188188,220.0,1.864350918942639
133,133,4,recov,0.09721943851592023,2.3307846027783348,220.0,1.864350918942639
134,134,5,recov,0.09701940832066396,2.3328442347132032,220.0,1.864350918942639
135,135,3,recov,0.0990116586073718,2.312517672070322,220.0,1.864350918942639
136,136,4,recov,0.09880918008358533,2.3145647627189603,220.0,1.864350918942639
137,137,5,recov,0.09860772924653374,2.3166056305215994,220.0,1.864350918942639
138,138,3,recov,0.10057865621266358,2.296815208710711,220.0,1.864350918942639
139,139,4,recov,0.1003748375424445,2.298843725222678,220.0,1.864350918942639
140,140,5,recov,0.10017204584674612,2.300866112819935,220.0,1.864350918942639
141,141,3,recov,0.10212202894184264,2.2815868185938992,220.0,1.864350918942639
142,142,4,recov,0.10191694718428031,2.28359704066536,220.0,1.864350918942639
143,143,5,recov,0.101712891318218,2.2856012256695473,220.0,1.864350918942639
144,144,3,recov,0.10364230027222374,2.266809728704119,220.0,1.864350918942639
145,145,4,recov,0.10343602949841152,2.268801929841364,220.0,1.864350918942639
146,146,5,recov,0.10323078318508747,2.2707881837360966,220.0,1.864350918942639
147,147,3,recov,0.10513997833164553,2.2524626896813498,220.0,1.864350918942639
148,148,4,recov,0.10493258974950324,2.2544371373820753,220.0,1.864350918942639
149,149,5,recov,0.10472622387038852,2.2564057257013213,220.0,1.864350918942639
150,150,3,recov,0.10661555645699419,2.2385258449051353,220.0,1.864350918942639
151,151,4,recov,0.10640711853020789,2.2404828008331337,220.0,1.864350918942639
152,152,5,recov,0.10619970124288396,2.2424339833337736,220.0,1.864350918942639
153,153,3,recov,0.10806951372851582,2.2249806132745227,220.0,1.864350918942639
154,154,4,recov,0.10786009228990767,2.2269203334280703,220.0,1.864350918942639
155,155,5,recov,0.10765168914030779,2.228854364256245,220.0,1.864350918942639
156,156,3,recov,0.10950231548113257,2.211809584002738,220.0,1.864350918942639
157,157,4,recov,0.10929197384075477,2.2137323188769513,220.0,1.864350918942639
158,158,5,recov,0.10908264787019453,2.215649446728465,220.0,1.864350918942639
159,159,3,recov,0.11091441379390979,2.1989964219810667,220.0,1.864350918942639
160,160,4,recov,0.11070321284213915,2.200902416724484,220.0,1.864350918942639
161,161,5,recov,0.1104930246894094,2.2028028849995156,220.0,1.864350918942639
162,162,3,recov,0.11230624795875505,2.1865257824652127,220.0,1.864350918942639
163,163,4,recov,0.11209424626464862,2.188415277030846,220.0,1.864350918942639
164,164,5,recov,0.11188325426342673,2.190299323983209,220.0,1.864350918942639
165,165,3,recov,0.11367824492937022,2.1743832340055538,220.0,1.864350918942639
166,166,4,recov,0.11346549883452758,2.1762564632966415,220.0,1.864350918942639
167,167,5,recov,0.11325375910634912,2.1781243221778235,220.0,1.864350918942639
168,168,3,recov,0.11503081975142043,2.162555188685454,220.0,1.864350918942639
169,169,4,recov,0.1148173834595833,2.164412382696141,220.0,1.864350918942639
170,170,5,recov,0.11460495000260203,2.1662642818943376,220.0,1.864350918942639
171,171,3,recov,0.11636437597483022,2.151028838853347,220.0,1.864350918942639
172,172,4,recov,0.11615030163743761,2.1528702228044967,220.0,1.864350918942639
173,173,5,recov,0.11593722641118838,2.1547063859788467,220.0,1.864350918942639
174,174,3,recov,0.1176793060490675,2.1397920996381274,220.0,1.864350918942639
175,175,4,recov,0.11746464384697178,2.1416178941084714,220.0,1.864350918942639
176,176,5,recov,0.11725097685333875,2.143438540318695,220.0,1.864350918942639
177,177,3,recov,0.11897599170222851,2.1288335566263985,220.0,1.864350918942639
178,178,4,recov,0.11876078992376583,2.130643977679212,220.0,1.864350918942639
179,179,5,recov,0.11854657928434748,2.1324493215108338,220.0,1.864350918942639
180,180,3,recov,0.120254804304693,2.1181424181565722,220.0,1.864350918942639
181,181,4,recov,0.12003910942029142,2.119937677462055,220.0,1.864350918942639
182,182,5,recov,0.11982440145034219,2.1217279291473976,220.0,1.864350918942639
183,183,3,recov,0.12151610521807758,2.1077084717507315,220.0,1.864350918942639
184,184,4,recov,0.1212999619515751,2.109488776704275,220.0,1.864350918942639
185,185,5,recov,0.12108480123069433,2.111264142239386,220.0,1.864350918942639
186,186,3,recov,0.12276024613017589,2.0975220442621336,220.0,1.864350918942639
187,187,4,recov,0.12254369752701164,2.0992875980986314,220.0,1.864350918942639
188,188,5,recov,0.12232812696674035,2.1010482793563137,220.0,1.864350918942639
189,189,3,recov,0.12398756937653763,2.087573965365569,220.0,1.864350918942639
190,190,4,recov,0.12377065686897018,2.089324967269932,220.0,1.864350918942639
191,191,5,recov,0.1235547177774478,2.0910711621090274,220.0,1.864350918942639
192,192,3,recov,0.1251984082493045,2.07785553406066,220.0,1.864350918942639
193,193,4,recov,0.12498117171880271,2.079592179274687,220.0,1.864350918942639
194,194,5,recov,0.12476490386262719,2.081324081645763,220.0,1.864350918942639
195,195,3,recov,0.12639308729388798,2.068358487895518,220.0,1.864350918942639
196,196,4,recov,0.12617556513083214,2.0700809678212635,220.0,1.864350918942639
197,197,5,recov,0.1259590067942595,2.071798767868845,220.0,1.864350918942639
198,198,3,recov,0.12757192259404396,2.0590749746507475,220.0,1.864350918942639
199,199,4,recov,0.12735415175486722,2.0607834769505247,220.0,1.864350918942639
200,200,5,recov,0.12713733979647876,2.0624873611120047,220.0,1.864350918942639
201,201,3,recov,0.12873522204586987,2.0499975262522994,220.0,1.864350918942639
202,202,4,recov,0.12851723810776336,2.051692234945447,220.0,1.864350918942639
203,203,5,recov,0.12830020801472186,2.0533823860468035,220.0,1.864350918942639
204,204,3,recov,0.12988328562122406,2.041119034706639,220.0,1.864350918942639
205,205,4,recov,0.1296651228345216,2.042800130263181,220.0,1.864350918942639
206,206,5,recov,0.12944790877453222,2.0444767276116242,220.0,1.864350918942639
207,207,3,recov,0.13101640562103964,2.0324327298736824,220.0,1.864350918942639
208,208,4,recov,0.13079809695939307,2.034100389304994,220.0,1.864350918942639
209,209,5,recov,0.13058073183047697,2.035763608778664,220.0,1.864350918942639
210,210,3,recov,0.1321348669189833,2.0239321589122468,220.0,1.864350918942639
211,211,4,recov,0.13191644412743225,2.0255865558588444,220.0,1.864350918942639
212,212,5,recov,0.1316989596056168,2.027236569993666,220.0,1.864350918942639
213,213,3,recov,0.13323894719588492,2.015611167249832,220.0,1.864350918942639
214,214,4,recov,0.13302044083692058,2.0172524720663967,220.0,1.864350918942639
215,215,5,recov,0.1328028674219434,2.0188894501402017,220.0,1.864350918942639
216,216,3,recov,0.13432891716534395,2.007463880943621,220.0,1.864350918942639
217,217,4,recov,0.13411035666305984,2.0090922607813555,220.0,1.864350918942639
218,218,5,recov,0.1338927237221796,2.0107163688953773,220.0,1.864350918942639
219,219,3,recov,0.1354050407908968,1.9994846903129164,220.0,1.864350918942639
220,220,4,recov,0.1351864544733164,2.0011003091993387,220.0,1.864350918942639
221,221,5,recov,0.13496879028331796,2.00271171035717,220.0,1.864350918942639
222,222,3,recov,0.13646757549511213,1.991668234735081,220.0,1.864350918942639
223,223,4,recov,0.1362489906347766,1.9932712536513502,220.0,1.864350918942639
224,224,5,recov,0.136031322422254,1.9948701078354676,220.0,1.864350918942639
225,225,3,recov,0.13751677236096096,1.984009388507576,220.0,1.864350918942639
226,226,4,recov,0.13729821521385782,1.9855999654634386,220.0,1.864350918942639
227,227,5,recov,0.1370805691938538,1.9871864297093729,220.0,1.864350918942639
228,228,3,recov,0.13855287632579344,1.9765032476880373,220.0,1.864350918942639
229,229,4,recov,0.1383343721687014,1.9780815377944827,220.0,1.864350918942639
230,230,5,recov,0.13811677358177868,1.9796557662627325,220.0,1.864350918942639
231,231,3,recov,0.1395761263682363,1.9691451178327024,220.0,1.864350918942639
232,232,4,recov,0.13935769953455873,1.9707112733724104,220.0,1.864350918942639
233,233,5,recov,0.13914017268237414,1.9722734174181713,220.0,1.864350918942639
234,234,3,recov,0.1405867556883113,1.9619305025609435,220.0,1.864350918942639
235,235,4,recov,0.1403684296024664,1.9634846730566058,220.0,1.864350918942639
236,236,5,recov,0.1401509978819152,1.9650348812973997,220.0,1.864350918942639
237,237,3,recov,0.14158499188105914,1.9548550928803488,220.0,1.864350918942639
238,238,4,recov,0.1413667890914916,1.9563974251609402,220.0,1.864350918942639
239,239,5,recov,0.1411494750274866,1.9579358435422183,220.0,1.864350918942639
240,240,3,recov,0.1425710571039407,1.9479147572127626,220.0,1.864350918942639
241,241,4,recov,0.14235299931481715,1.949445395477832,220.0,1.864350918942639
242,242,5,recov,0.14213582459176308,1.950972167336625,220.0,1.864350918942639
243,243,3,recov,0.1435451682382746,1.941105532067057,220.0,1.864350918942639
244,244,4,recov,0.14332727633992043,1.9426246179491153,220.0,1.864350918942639
245,245,5,recov,0.1431102618319421,1.9441398840757975,220.0,1.864350918942639
246,246,3,recov,0.14450753704495667,1.9344236133092396,220.0,1.864350918942639
247,247,4,recov,0.14428983114309105,1.9359312859343059,220.0,1.864350918942639
248,248,5,recov,0.14407299694306944,1.9374351846325448,220.0,1.864350918942639
249,249,3,recov,0.14545837031469697,1.927865347984825,220.0,1.864350918942639
250,250,4,recov,0.1452408697585182,1.9293617440311965,220.0,1.864350918942639
251,251,5,recov,0.14502423520598803,1.9308544111761463,220.0,1.864350918942639
252,252,3,recov,0.14639787001299814,1.9214272266523076,220.0,1.864350918942639
253,253,4,recov,0.14618059342216985,1.9229124804076219,220.0,1.864350918942639
254,254,5,recov,0.14596417713012758,1.9243940495024248,220.0,1.864350918942639
255,255,3,recov,0.147326233420088,1.915105876190114,220.0,1.864350918942639
256,256,4,recov,0.14710919871067452,1.9165801196067527,220.0,1.864350918942639
257,257,5,recov,0.14689301859134415,1.9180507218374074,220.0,1.864350918942639
258,258,3,recov,0.14824365326601063,1.9088980530425708,220.0,1.864350918942639
259,259,4,recov,0.14802687767540654,1.9103614157914708,220.0,1.864350918942639
260,260,5,recov,0.1478109509650093,1.9118211800801217,220.0,1.864350918942639
261,261,3,recov,0.1491503178610705,1.9028006368733286,220.0,1.864350918942639
262,262,4,recov,0.1489338179719683,1.90425324639625,220.0,1.864350918942639
263,263,5,recov,0.14871816125453757,1.905702299452955,220.0,1.864350918942639
264,264,3,recov,0.15004641122181409,1.8968106245972831,220.0,1.864350918942639
265,265,4,recov,0.14983020298525082,1.89825260615759,220.0,1.864350918942639
266,266,5,recov,0.14961483221553468,1.8996910725306162,220.0,1.864350918942639
267,267,3,recov,0.15093211319272729,1.8909251247643954,220.0,1.864350918942639
268,268,4,recov,0.1507162119502497,1.8923566014963988,220.0,1.864350918942639
269,269,5,recov,0.15050114247573895,1.8937846036210964,220.0,1.864350918942639
270,270,3,recov,0.1518075995638164,1.8851413522709748,220.0,1.864350918942639
271,271,4,recov,0.15159202006880212,1.886562445227885,220.0,1.864350918942639
272,272,5,recov,0.15137726665092172,1.887980103474187,220.0,1.864350918942639
273,273,3,recov,0.15267304218423539,1.8794566233759198,220.0,1.864350918942639
274,274,4,recov,0.1524577986224058,1.880867451576458,220.0,1.864350918942639
275,275,5,recov,0.15224337545690414,1.8822748842950545,220.0,1.864350918942639
276,276,3,recov,0.15352860907211296,1.8738683510012124,220.0,1.864350918942639
277,277,4,recov,0.15331371508127173,1.8752690314749223,220.0,1.864350918942639
278,278,5,recov,0.15309963581784233,1.876666355042149,220.0,1.864350918942639
279,279,3,recov,0.15437446452072678,1.8683740402975597,220.0,1.864350918942639
280,280,4,recov,0.1541599332097567,1.8697646881288656,220.0,1.864350918942639
281,281,5,recov,0.15394621097092373,1.8711520169903544,220.0,1.864350918942639
282,282,3,recov,0.15521076920116678,1.862971284457561,220.0,1.864350918942639
283,283,4,recov,0.15499661316831537,1.8643520128286144,220.0,1.864350918942639
284,284,5,recov,0.15478326056761402,1.8657294595417413,220.0,1.864350918942639
285,285,0,fam_r,0.0676742414855241,2.6930496517378004,220.0,1.864350918942639
286,286,1,fam_r,0.06758152906385059,2.6944205719701486,220.0,1.864350918942639
287,287,2,fam_r,0.06748916265551573,2.695788247245325,220.0,1.864350918942639
288,288,0,fam_r,0.06911746936053885,2.6719477674173047,220.0,1.864350918942639
289,289,1,fam_r,0.06902344917431648,2.67330898901243,220.0,1.864350918942639
290,290,2,fam_r,0.06892977806859452,2.674667001753266,220.0,1.864350918942639
291,291,0,fam_r,0.07054465382265572,2.6515093821137508,220.0,1.864350918942639
292,292,1,fam_r,0.07044936791451156,2.6528610127925085,220.0,1.864350918942639
293,293,2,fam_r,0.07035443396865403,2.6542094701348957,220.0,1.864350918942639
294,294,0,fam_r,0.07195605458673776,2.631699699269253,220.0,1.864350918942639
295,295,1,fam_r,0.07185954385475697,2.6330418450102457,220.0,1.864350918942639
296,296,2,fam_r,0.07176338778856423,2.6343808523603864,220.0,1.864350918942639
297,297,0,fam_r,0.0733519257953398,2.612486519859275,220.0,1.864350918942639
298,298,1,fam_r,0.07325423002752927,2.613819284936202,220.0,1.864350918942639
299,299,2,fam_r,0.07315689145753976,2.6151489460076207,220.0,1.864350918942639
0,0,0,fam,0.06666666666666667,2.70805020110221,293.33333333333337,1.7531992694128047
1,1,1,fam,0.0664451827242525,2.7113779911948845,293.33333333333337,1.7531992694128047
2,2,2,fam,0.06622538485226771,2.7146914325571183,293.33333333333337,1.7531992694128047
3,3,0,fam,0.06930101925332256,2.6692956650542863,293.33333333333337,1.7531992694128047
4,4,1,fam,0.06907373409927214,2.672580734807876,293.33333333333337,1.7531992694128047
5,5,2,fam,0.0688481599785651,2.6758517792399017,293.33333333333337,1.7531992694128047
6,6,0,fam,0.07187610357880497,2.632811425842601,293.33333333333337,1.7531992694128047
7,7,1,fam,0.07164336480669116,2.6360547346249965,293.33333333333337,1.7531992694128047
8,8,2,fam,0.07141235890245792,2.639284330743654,293.33333333333337,1.7531992694128047
9,9,0,fam,0.07439388632446743,2.598381513577715,293.33333333333337,1.7531992694128047
10,10,1,fam,0.07415602281268667,2.6015839889808086,293.33333333333337,1.7531992694128047
11,11,2,fam,0.07391991111498518,2.604773054098225,293.33333333333337,1.7531992694128047
12,12,0,fam,0.07685624811342445,2.5658185095903243,293.33333333333337,1.7531992694128047
13,13,1,fam,0.07661357115384462,2.5689810488179416,293.33333333333337,1.7531992694128047
14,14,2,fam,0.07637266228764315,2.5721304703039203,293.33333333333337,1.7531992694128047
15,15,0,fam,0.07926498816682685,2.534958758973189,293.33333333333337,1.7531992694128047
16,16,1,fam,0.07901779251585267,2.5380822301540658,293.33333333333337,1.7531992694128047
17,17,2,fam,0.07877237877505083,2.5411928667251593,293.33333333333337,1.7531992694128047
18,18,0,fam,0.08162182866105419,2.5056585446848336,293.33333333333337,1.7531992694128047
19,19,1,fam,0.0813703935191393,2.5087437881154324,293.33333333333337,1.7531992694128047
20,20,2,fam,0.08112075183044841,2.511816471055383,293.33333333333337,1.7531992694128047
21,21,0,fam,0.08392841880799931,2.4777910004786703,293.33333333333337,1.7531992694128047
22,22,1,fam,0.08367300873311052,2.480838829800296,293.33333333333337,1.7531992694128047
23,23,2,fam,0.08341940155517143,2.483874364116181,293.33333333333337,1.7531992694128047
24,24,0,fam,0.08618633867876077,2.451243597877502,293.33333333333337,1.7531992694128047
25,25,1,fam,0.08592720443882687,2.4542548011918375,293.33333333333337,1.7531992694128047
26,26,2,fam,0.08566988060148231,2.457253966709942,293.33333333333337,1.7531992694128047
27,27,0,fam,0.08839710278937339,2.4259160837514813,293.33333333333337,1.7531992694128047
28,28,1,fam,0.08813448215832258,2.428891424678368,293.33333333333337,1.7531992694128047
29,29,2,fam,0.08787367764654408,2.4318549770835185,293.33333333333337,1.7531992694128047
30,30,0,fam,0.09056216346567694,2.4017187749531157,293.33333333333337,1.7531992694128047
31,31,1,fam,0.09029628196727864,2.4046589936341367,293.33333333333337,1.7531992694128047
32,32,2,fam,0.09003222065387033,2.407587665455956,293.33333333333337,1.7531992694128047
33,33,0,fam,0.09268291400303272,2.3785711383603085,293.33333333333337,1.7531992694128047
34,34,1,fam,0.09241398560640826,2.3814769524114605,293.33333333333337,1.7531992694128047
35,35,2,fam,0.09214687993726635,2.3843714539607723,293.33333333333337,1.7531992694128047
36,36,0,fam,0.09476069163533411,2.3564006009071488,293.33333333333337,1.7531992694128047
37,37,1,fam,0.09448891940568048,2.359272706323685,293.33333333333337,1.7531992694128047
38,38,2,fam,0.09421897104107681,2.36213372658205,293.33333333333337,1.7531992694128047
39,39,0,fam,0.09679678032660552,2.335141546341554,293.33333333333337,1.7531992694128047
40,40,1,fam,0.09652235703438683,2.3379806183578413,293.33333333333337,1.7531992694128047
41,41,2,fam,0.09624975744946072,2.3408088258230215,293.33333333333337,1.7531992694128047
42,42,0,fam,0.09879241339743602,2.314734464651968,293.33333333333337,1.7531992694128047
43,43,1,fam,0.09851552208903301,2.3175411585590187,293.33333333333337,1.7531992694128047
44,44,2,fam,0.098240453136419,2.3203372020489605,293.33333333333337,1.7531992694128047
45,45,0,fam,0.10074877599753691,2.2951252271369653,293.33333333333337,1.7531992694128047
46,46,1,fam,0.10046959053010418,2.2979001790601212,293.33333333333337,1.7531992694128047
47,47,2,fam,0.10019222496738836,2.3006646884778754,293.33333333333337,1.7531992694128047
48,48,0,fam,0.1026670074348392,2.276264465511669,293.33333333333337,1.7531992694128047
49,49,1,fam,0.10238569297790151,2.279008293150741,293.33333333333337,1.7531992694128047
50,50,2,fam,0.10210619496238522,2.281741880212577,293.33333333333337,1.7531992694128047
51,51,0,fam,0.10454820337074923,2.2581070376573553,293.33333333333337,1.7531992694128047
52,52,1,fam,0.10426491687686779,2.2608203409913807,293.33333333333337,1.7531992694128047
53,53,2,fam,0.10398344242992286,2.2635235999201964,293.33333333333337,1.7531992694128047
54,54,0,fam,0.10639341789044998,2.2406115659199823,293.33333333333337,1.7531992694128047
55,55,1,fam,0.10610830853710775,2.2432949278785994,293.33333333333337,1.7531992694128047
56,56,2,fam,0.10582500598022897,2.2459684360646013,293.33333333333337,1.7531992694128047
57,57,0,fam,0.10820366545646835,2.223740036466401,293.33333333333337,1.7531992694128047
58,58,1,fam,0.10791687506115655,2.2263940235697315,293.33333333333337,1.7531992694128047
59,59,2,fam,0.10763188542565465,2.2290383422002096,293.33333333333337,1.7531992694128047
60,60,0,fam,0.1099799227531158,2.2074574502748208,293.33333333333337,1.7531992694128047
61,61,1,fam,0.10969158616345168,2.2100826132436104,293.33333333333337,1.7531992694128047
62,62,2,fam,0.10940504357558109,2.2126982879035357,293.33333333333337,1.7531992694128047
63,63,0,fam,0.11172313042884839,2.1917315179893766,293.33333333333337,1.7531992694128047
64,64,1,fam,0.11143337588941464,2.194328392327037,293.33333333333337,1.7531992694128047
65,65,2,fam,0.11114540793259402,2.196915953572087,293.33333333333337,1.7531992694128047
66,66,3,recov,0.054960146619790304,2.9011469633170472,293.33333333333337,1.7531992694128047
67,67,4,recov,0.054819129368959586,2.9037160698651405,293.33333333333337,1.7531992694128047
68,68,5,recov,0.0546789738496296,2.9062760337686546,293.33333333333337,1.7531992694128047
69,69,3,recov,0.05726120462912053,2.86013194165151,293.33333333333337,1.7531992694128047
70,70,4,recov,0.05711584032067768,2.8626737871201167,293.33333333333337,1.7531992694128047
71,71,5,recov,0.056971356454440424,2.8652066557953955,293.33333333333337,1.7531992694128047
72,72,3,recov,0.059520581179149795,2.821433124070332,293.33333333333337,1.7531992694128047
73,73,4,recov,0.05937107040057574,2.8239482015446504,293.33333333333337,1.7531992694128047
74,74,5,recov,0.05922245724658637,2.826454463643919,293.33333333333337,1.7531992694128047
75,75,3,recov,0.06173938872917498,2.7848331606831653,293.33333333333337,1.7531992694128047
76,76,4,recov,0.06158592344204041,2.787321950107612,293.33333333333337,1.7531992694128047
77,77,5,recov,0.06143337152494847,2.789802081298887,293.33333333333337,1.7531992694128047
78,78,3,recov,0.06391870050276188,2.750143307787693,293.33333333333337,1.7531992694128047
79,79,4,recov,0.06376146446105584,2.752606276428691,293.33333333333337,1.7531992694128047
80,80,5,recov,0.06360515618368408,2.755060739851719,293.33333333333337,1.7531992694128047
81,81,3,recov,0.06605955220242794,2.717198637691758,293.33333333333337,1.7531992694128047
82,82,4,recov,0.06589872134767641,2.7196362405803303,293.33333333333337,1.7531992694128047
83,83,5,recov,0.06573883138086971,2.7220654872826824,293.33333333333337,1.7531992694128047
84,84,3,recov,0.06816294363518184,2.6858542102577303,293.33333333333337,1.7531992694128047
85,85,4,recov,0.06799868646981641,2.6882668906129457,293.33333333333337,1.7531992694128047
86,86,5,recov,0.06783538212089253,2.6906713599673053,293.33333333333337,1.7531992694128047
87,87,3,recov,0.07022984025428042,2.6559819834217913,293.33333333333337,1.7531992694128047
88,88,4,recov,0.070062318194614,2.6583701730560474,293.33333333333337,1.7531992694128047
89,89,5,recov,0.06989575975574754,2.6607502931596487,293.33333333333337,1.7531992694128047
90,90,3,recov,0.07226117462219785,2.6274682978979746,293.33333333333337,1.7531992694128047
91,91,4,recov,0.07209054233226957,2.6298324176050505,293.33333333333337,1.7531992694128047
92,92,5,recov,0.07192088341004768,2.6321886056621793,293.33333333333337,1.7531992694128047
93,93,3,recov,0.07425784779946473,2.6002118126156883,293.33333333333337,1.7531992694128047
94,94,4,recov,0.07408425350692895,2.6025522725424284,293.33333333333337,1.7531992694128047
95,95,5,recov,0.07391164133423168,2.6048849352308396,293.33333333333337,1.7531992694128047
96,96,3,recov,0.07622073066372284,2.574121797335679,293.33333333333337,1.7531992694128047
97,97,4,recov,0.07604431645887602,2.5764389973381396,293.33333333333337,1.7531992694128047
98,98,5,recov,0.07586889219015525,2.5787485311601968,293.33333333333337,1.7531992694128047
99,99,3,recov,0.07815066516305202,2.5491167107874433,293.33333333333337,1.7531992694128047
100,100,4,recov,0.07797156728201718,2.5514110407722694,293.33333333333337,1.7531992694128047
101,101,5,recov,0.07779346627297476,2.5536978323915607,293.33333333333337,1.7531992694128047
102,102,3,recov,0.0800484655073594,2.525123008900416,293.33333333333337,1.7531992694128047
103,103,4,recov,0.07986681460037803,2.5273948491521785,293.33333333333337,1.7531992694128047
104,104,5,recov,0.07968616667297666,2.529659275716332,293.33333333333337,1.7531992694128047
105,105,3,recov,0.08191491930137196,2.502074139861199,293.33333333333337,1.7531992694128047
106,106,4,recov,0.08173084068709037,2.5043238613563785,293.33333333333337,1.7531992694128047
107,107,5,recov,0.08154777038076796,2.50656629080674,293.33333333333337,1.7531992694128047
108,108,3,recov,0.08375078862254569,2.47990969193269,293.33333333333337,1.7531992694128047
109,109,4,recov,0.083564402529123,2.48213765664096,293.33333333333337,1.7531992694128047
110,110,5,recov,0.08337902933902332,2.484358448009777,293.33333333333337,1.7531992694128047
111,111,3,recov,0.08555681104698985,2.4585746670030915,293.33333333333337,1.7531992694128047
112,112,4,recov,0.08536823284080054,2.4607812281765065,293.33333333333337,1.7531992694128047
113,113,5,recov,0.08518067144377944,2.462980731872218,293.33333333333337,1.7531992694128047
114,114,3,recov,0.08733370062630835,2.4380188582532414,293.33333333333337,1.7531992694128047
115,115,4,recov,0.08714304102896143,2.44020436070391,293.33333333333337,1.7531992694128047
116,116,5,recov,0.08695340149807841,2.4423829187851047,293.33333333333337,1.7531992694128047
117,117,3,recov,0.08908214881807626,2.4181963145435827,293.33333333333337,1.7531992694128047
118,118,4,recov,0.08888951411242584,2.4203610949103753,293.33333333333337,1.7531992694128047
119,119,5,recov,0.08869790212058447,2.4225190413489575,293.33333333333337,1.7531992694128047
120,120,3,recov,0.09080282537249831,2.3990648774217895,293.33333333333337,1.7531992694128047
121,121,4,recov,0.09060831759827734,2.40120926442659,293.33333333333337,1.7531992694128047
122,122,5,recov,0.09041483461163503,2.4033469253606587,293.33333333333337,1.7531992694128047
123,123,3,recov,0.09249637917763853,2.3805857792554344,293.33333333333337,1.7531992694128047
124,124,4,recov,0.09230009631730622,2.382710093949431,293.33333333333337,1.7531992694128047
125,125,5,recov,0.09210483977903472,2.3848277879263486,293.33333333333337,1.7531992694128047
126,126,3,recov,0.09416343906546175,2.362723293062192,293.33333333333337,1.7531992694128047
127,127,4,recov,0.09396547522081826,2.3648278490626584,293.33333333333337,1.7531992694128047
128,128,5,recov,0.09376853872575856,2.366925887272769,293.33333333333337,1.7531992694128047
129,129,3,recov,0.09580461458079026,2.3454444262636294,293.33333333333337,1.7531992694128047
130,130,4,recov,0.09560506014087657,2.3475295299816454,293.33333333333337,1.7531992694128047
131,131,5,recov,0.09540653360159845,2.349608216483061,293.33333333333337,1.7531992694128047
132,132,3,recov,0.09742049671515136,2.3287186519188188,293.33333333333337,1.7531992694128047
133,133,4,recov,0.09721943851592023,2.3307846027783348,293.33333333333337,1.7531992694128047
134,134,5,recov,0.09701940832066396,2.3328442347132032,293.33333333333337,1.7531992694128047
135,135,3,recov,0.0990116586073718,2.312517672070322,293.33333333333337,1.7531992694128047
136,136,4,recov,0.09880918008358533,2.3145647627189603,293.33333333333337,1.7531992694128047
137,137,5,recov,0.09860772924653374,2.3166056305215994,293.33333333333337,1.7531992694128047
138,138,3,recov,0.10057865621266358,2.296815208710711,293.33333333333337,1.7531992694128047
139,139,4,recov,0.1003748375424445,2.298843725222678,293.33333333333337,1.7531992694128047
140,140,5,recov,0.10017204584674612,2.300866112819935,293.33333333333337,1.7531992694128047
141,141,3,recov,0.10212202894184264,2.2815868185938992,293.33333333333337,1.7531992694128047
142,142,4,recov,0.10191694718428031,2.28359704066536,293.33333333333337,1.7531992694128047
143,143,5,recov,0.101712891318218,2.2856012256695473,293.33333333333337,1.7531992694128047
144,144,3,recov,0.10364230027222374,2.266809728704119,293.33333333333337,1.7531992694128047
145,145,4,recov,0.10343602949841152,2.268801929841364,293.33333333333337,1.7531992694128047
146,146,5,recov,0.10323078318508747,2.2707881837360966,293.33333333333337,1.7531992694128047
147,147,3,recov,0.10513997833164553,2.2524626896813498,293.33333333333337,1.7531992694128047
148,148,4,recov,0.10493258974950324,2.2544371373820753,293.33333333333337,1.7531992694128047
149,149,5,recov,0.10472622387038852,2.2564057257013213,293.33333333333337,1.7531992694128047
150,150,3,recov,0.10661555645699419,2.2385258449051353,293.33333333333337,1.7531992694128047
151,151,4,recov,0.10640711853020789,2.2404828008331337,293.33333333333337,1.7531992694128047
152,152,5,recov,0.10619970124288396,2.2424339833337736,293.33333333333337,1.7531992694128047
153,153,3,recov,0.10806951372851582,2.2249806132745227,293.33333333333337,1.7531992694128047
154,154,4,recov,0.10786009228990767,2.2269203334280703,293.33333333333337,1.7531992694128047
155,155,5,recov,0.10765168914030779,2.228854364256245,293.33333333333337,1.7531992694128047
156,156,3,recov,0.10950231548113257,2.211809584002738,293.33333333333337,1.7531992694128047
157,157,4,recov,0.10929197384075477,2.2137323188769513,293.33333333333337,1.7531992694128047
158,158,5,recov,0.10908264787019453,2.215649446728465,293.33333333333337,1.7531992694128047
159,159,3,recov,0.11091441379390979,2.1989964219810667,293.33333333333337,1.7531992694128047
160,160,4,recov,0.11070321284213915,2.200902416724484,293.33333333333337,1.7531992694128047
161,161,5,recov,0.1104930246894094,2.2028028849995156,293.33333333333337,1.7531992694128047
162,162,3,recov,0.11230624795875505,2.1865257824652127,293.33333333333337,1.7531992694128047
163,163,4,recov,0.11209424626464862,2.188415277030846,293.33333333333337,1.7531992694128047
164,164,5,recov,0.11188325426342673,2.190299323983209,293.33333333333337,1.7531992694128047
165,165,3,recov,0.11367824492937022,2.1743832340055538,293.33333333333337,1.7531992694128047
166,166,4,recov,0.11346549883452758,2.1762564632966415,293.33333333333337,1.7531992694128047
167,167,5,recov,0.11325375910634912,2.1781243221778235,293.33333333333337,1.7531992694128047
168,168,3,recov,0.11503081975142043,2.162555188685454,293.33333333333337,1.7531992694128047
169,169,4,recov,0.1148173834595833,2.164412382696141,293.33333333333337,1.7531992694128047
170,170,5,recov,0.11460495000260203,2.1662642818943376,293.33333333333337,1.7531992694128047
171,171,3,recov,0.11636437597483022,2.151028838853347,293.33333333333337,1.7531992694128047
172,172,4,recov,0.11615030163743761,2.1528702228044967,293.33333333333337,1.7531992694128047
173,173,5,recov,0.11593722641118838,2.1547063859788467,293.33333333333337,1.7531992694128047
174,174,3,recov,0.1176793060490675,2.1397920996381274,293.33333333333337,1.7531992694128047
175,175,4,recov,0.11746464384697178,2.1416178941084714,293.33333333333337,1.7531992694128047
176,176,5,recov,0.11725097685333875,2.143438540318695,293.33333333333337,1.7531992694128047
177,177,3,recov,0.11897599170222851,2.1288335566263985,293.33333333333337,1.7531992694128047
178,178,4,recov,0.11876078992376583,2.130643977679212,293.33333333333337,1.7531992694128047
179,179,5,recov,0.11854657928434748,2.1324493215108338,293.33333333333337,1.7531992694128047
180,180,3,recov,0.120254804304693,2.1181424181565722,293.33333333333337,1.7531992694128047
181,181,4,recov,0.12003910942029142,2.119937677462055,293.33333333333337,1.7531992694128047
182,182,5,recov,0.11982440145034219,2.1217279291473976,293.33333333333337,1.7531992694128047
183,183,3,recov,0.12151610521807758,2.1077084717507315,293.33333333333337,1.7531992694128047
184,184,4,recov,0.1212999619515751,2.109488776704275,293.33333333333337,1.7531992694128047
185,185,5,recov,0.12108480123069433,2.111264142239386,293.33333333333337,1.7531992694128047
186,186,3,recov,0.12276024613017589,2.0975220442621336,293.33333333333337,1.7531992694128047
187,187,4,recov,0.12254369752701164,2.0992875980986314,293.33333333333337,1.7531992694128047
188,188,5,recov,0.12232812696674035,2.1010482793563137,293.33333333333337,1.7531992694128047
189,189,3,recov,0.12398756937653763,2.087573965365569,293.33333333333337,1.7531992694128047
190,190,4,recov,0.12377065686897018,2.089324967269932,293.33333333333337,1.7531992694128047
191,191,5,recov,0.1235547177774478,2.0910711621090274,293.33333333333337,1.7531992694128047
192,192,3,recov,0.1251984082493045,2.07785553406066,293.33333333333337,1.7531992694128047
193,193,4,recov,0.12498117171880271,2.079592179274687,293.33333333333337,1.7531992694128047
194,194,5,recov,0.12476490386262719,2.081324081645763,293.33333333333337,1.7531992694128047
195,195,3,recov,0.12639308729388798,2.068358487895518,293.33333333333337,1.7531992694128047
196,196,4,recov,0.12617556513083214,2.0700809678212635,293.33333333333337,1.7531992694128047
197,197,5,recov,0.1259590067942595,2.071798767868845,293.33333333333337,1.7531992694128047
198,198,3,recov,0.12757192259404396,2.0590749746507475,293.33333333333337,1.7531992694128047
199,199,4,recov,0.12735415175486722,2.0607834769505247,293.33333333333337,1.7531992694128047
200,200,5,recov,0.12713733979647876,2.0624873611120047,293.33333333333337,1.7531992694128047
201,201,3,recov,0.12873522204586987,2.0499975262522994,293.33333333333337,1.7531992694128047
202,202,4,recov,0.12851723810776336,2.051692234945447,293.33333333333337,1.7531992694128047
203,203,5,recov,0.12830020801472186,2.0533823860468035,293.33333333333337,1.7531992694128047
204,204,3,recov,0.12988328562122406,2.041119034706639,293.33333333333337,1.7531992694128047
205,205,4,recov,0.1296651228345216,2.042800130263181,293.33333333333337,1.7531992694128047
206,206,5,recov,0.12944790877453222,2.0444767276116242,293.33333333333337,1.7531992694128047
207,207,3,recov,0.13101640562103964,2.0324327298736824,293.33333333333337,1.7531992694128047
208,208,4,recov,0.13079809695939307,2.034100389304994,293.33333333333337,1.7531992694128047
209,209,5,recov,0.13058073183047697,2.035763608778664,293.33333333333337,1.7531992694128047
210,210,3,recov,0.1321348669189833,2.0239321589122468,293.33333333333337,1.7531992694128047
211,211,4,recov,0.13191644412743225,2.0255865558588444,293.33333333333337,1.7531992694128047
212,212,5,recov,0.1316989596056168,2.027236569993666,293.33333333333337,1.7531992694128047
213,213,3,recov,0.13323894719588492,2.015611167249832,293.33333333333337,1.7531992694128047
214,214,4,recov,0.13302044083692058,2.0172524720663967,293.33333333333337,1.7531992694128047
215,215,5,recov,0.1328028674219434,2.0188894501402017,293.33333333333337,1.7531992694128047
216,216,3,recov,0.13432891716534395,2.007463880943621,293.33333333333337,1.7531992694128047
217,217,4,recov,0.13411035666305984,2.0090922607813555,293.33333333333337,1.7531992694128047
218,218,5,recov,0.1338927237221796,2.0107163688953773,293.33333333333337,1.7531992694128047
219,219,3,recov,0.1354050407908968,1.9994846903129164,293.33333333333337,1.7531992694128047
220,220,4,recov,0.1351864544733164,2.0011003091993387,293.33333333333337,1.7531992694128047
221,221,5,recov,0.13496879028331796,2.00271171035717,293.33333333333337,1.7531992694128047
222,222,3,recov,0.13646757549511213,1.991668234735081,293.33333333333337,1.7531992694128047
223,223,4,recov,0.1362489906347766,1.9932712536513502,293.33333333333337,1.7531992694128047
224,224,5,recov,0.136031322422254,1.9948701078354676,293.33333333333337,1.7531992694128047
225,225,3,recov,0.13751677236096096,1.984009388507576,293.33333333333337,1.7531992694128047
226,226,4,recov,0.13729821521385782,1.9855999654634386,293.33333333333337,1.7531992694128047
227,227,5,recov,0.1370805691938538,1.9871864297093729,293.33333333333337,1.7531992694128047
228,228,3,recov,0.13855287632579344,1.9765032476880373,293.33333333333337,1.7531992694128047
229,229,4,recov,0.1383343721687014,1.9780815377944827,293.33333333333337,1.7531992694128047
230,230,5,recov,0.13811677358177868,1.9796557662627325,293.33333333333337,1.7531992694128047
231,231,3,recov,0.1395761263682363,1.9691451178327024,293.33333333333337,1.7531992694128047
232,232,4,recov,0.13935769953455873,1.9707112733724104,293.33333333333337,1.7531992694128047
233,233,5,recov,0.13914017268237414,1.9722734174181713,293.33333333333337,1.7531992694128047
234,234,3,recov,0.1405867556883113,1.9619305025609435,293.33333333333337,1.7531992694128047
235,235,4,recov,0.1403684296024664,1.9634846730566058,293.33333333333337,1.7531992694128047
236,236,5,recov,0.1401509978819152,1.9650348812973997,293.33333333333337,1.7531992694128047
237,237,3,recov,0.14158499188105914,1.9548550928803488,293.33333333333337,1.7531992694128047
238,238,4,recov,0.1413667890914916,1.9563974251609402,293.33333333333337,1.7531992694128047
239,239,5,recov,0.1411494750274866,1.9579358435422183,293.33333333333337,1.7531992694128047
240,240,3,recov,0.1425710571039407,1.9479147572127626,293.33333333333337,1.7531992694128047
241,241,4,recov,0.14235299931481715,1.949445395477832,293.33333333333337,1.7531992694128047
242,242,5,recov,0.14213582459176308,1.950972167336625,293.33333333333337,1.7531992694128047
243,243,3,recov,0.1435451682382746,1.941105532067057,293.33333333333337,1.7531992694128047
244,244,4,recov,0.14332727633992043,1.9426246179491153,293.33333333333337,1.7531992694128047
245,245,5,recov,0.1431102618319421,1.9441398840757975,293.33333333333337,1.7531992694128047
246,246,3,recov,0.14450753704495667,1.9344236133092396,293.33333333333337,1.7531992694128047
247,247,4,recov,0.14428983114309105,1.9359312859343059,293.33333333333337,1.7531992694128047
248,248,5,recov,0.14407299694306944,1.9374351846325448,293.33333333333337,1.7531992694128047
249,249,3,recov,0.14545837031469697,1.927865347984825,293.33333333333337,1.7531992694128047
250,250,4,recov,0.1452408697585182,1.9293617440311965,293.33333333333337,1.7531992694128047
251,251,5,recov,0.14502423520598803,1.9308544111761463,293.33333333333337,1.7531992694128047
252,252,3,recov,0.14639787001299814,1.9214272266523076,293.33333333333337,1.7531992694128047
253,253,4,recov,0.14618059342216985,1.9229124804076219,293.33333333333337,1.7531992694128047
254,254,5,recov,0.14596417713012758,1.9243940495024248,293.33333333333337,1.7531992694128047
255,255,3,recov,0.147326233420088,1.915105876190114,293.33333333333337,1.7531992694128047
256,256,4,recov,0.14710919871067452,1.9165801196067527,293.33333333333337,1.7531992694128047
257,257,5,recov,0.14689301859134415,1.9180507218374074,293.33333333333337,1.7531992694128047
258,258,3,recov,0.14824365326601063,1.9088980530425708,293.33333333333337,1.7531992694128047
259,259,4,recov,0.14802687767540654,1.9103614157914708,293.33333333333337,1.7531992694128047
260,260,5,recov,0.1478109509650093,1.9118211800801217,293.33333333333337,1.7531992694128047
261,261,3,recov,0.1491503178610705,1.9028006368733286,293.33333333333337,1.7531992694128047
262,262,4,recov,0.1489338179719683,1.90425324639625,293.33333333333337,1.7531992694128047
263,263,5,recov,0.14871816125453757,1.905702299452955,293.33333333333337,1.7531992694128047
264,264,3,recov,0.15004641122181409,1.8968106245972831,293.33333333333337,1.7531992694128047
265,265,4,recov,0.14983020298525082,1.89825260615759,293.33333333333337,1.7531992694128047
266,266,5,recov,0.14961483221553468,1.8996910725306162,293.33333333333337,1.7531992694128047
267,267,3,recov,0.15093211319272729,1.8909251247643954,293.33333333333337,1.7531992694128047
268,268,4,recov,0.1507162119502497,1.8923566014963988,293.33333333333337,1.7531992694128047
269,269,5,recov,0.15050114247573895,1.8937846036210964,293.33333333333337,1.7531992694128047
270,270,3,recov,0.1518075995638164,1.8851413522709748,293.33333333333337,1.7531992694128047
271,271,4,recov,0.15159202006880212,1.886562445227885,293.33333333333337,1.7531992694128047
272,272,5,recov,0.15137726665092172,1.887980103474187,293.33333333333337,1.7531992694128047
273,273,3,recov,0.15267304218423539,1.8794566233759198,293.33333333333337,1.7531992694128047
274,274,4,recov,0.1524577986224058,1.880867451576458,293.33333333333337,1.7531992694128047
275,275,5,recov,0.15224337545690414,1.8822748842950545,293.33333333333337,1.7531992694128047
276,276,3,recov,0.15352860907211296,1.8738683510012124,293.33333333333337,1.7531992694128047
277,277,4,recov,0.15331371508127173,1.8752690314749223,293.33333333333337,1.7531992694128047
278,278,5,recov,0.15309963581784233,1.876666355042149,293.33333333333337,1.7531992694128047
279,279,3,recov,0.15437446452072678,1.8683740402975597,293.33333333333337,1.7531992694128047
280,280,4,recov,0.1541599332097567,1.8697646881288656,293.33333333333337,1.7531992694128047
281,281,5,recov,0.15394621097092373,1.8711520169903544,293.33333333333337,1.7531992694128047
282,282,3,recov,0.15521076920116678,1.862971284457561,293.33333333333337,1.7531992694128047
283,283,4,recov,0.15499661316831537,1.8643520128286144,293.33333333333337,1.7531992694128047
284,284,5,recov,0.15478326056761402,1.8657294595417413,293.33333333333337,1.7531992694128047
285,285,3,recov,0.15603768026162051,1.85765776076013,293.33333333333337,1.7531992694128047
286,286,4,recov,0.15582391161210465,1.8590286809924779,293.33333333333337,1.7531992694128047
287,287,5,recov,0.15561094077158544,1.8603963562676542,293.33333333333337,1.7531992694128047
288,288,3,recov,0.15685535142341175,1.8524312268311136,293.33333333333337,1.7531992694128047
289,289,4,recov,0.1566419817863685,1.8537924484262394,293.33333333333337,1.7531992694128047
290,290,5,recov,0.15642940435345362,1.8551504611670748,293.33333333333337,1.7531992694128047
291,291,3,recov,0.15766393307391346,1.847289517106204,293.33333333333337,1.7531992694128047
292,292,4,recov,0.15745097361872507,1.8486411477849618,293.33333333333337,1.7531992694128047
293,293,5,recov,0.15723880078244248,1.849989605127349,293.33333333333337,1.7531992694128047
294,294,3,recov,0.1584635723564545,1.8422305394832394,293.33333333333337,1.7531992694128047
295,295,4,recov,0.15825103380847205,1.8435726852242322,293.33333333333337,1.7531992694128047
296,296,5,recov,0.1580392763150942,1.844911692574373,293.33333333333337,1.7531992694128047
297,297,3,recov,0.1592544132573323,1.8372522721519575,293.33333333333337,1.7531992694128047
298,298,4,recov,0.15904230591302343,1.838585037228885,293.33333333333337,1.7531992694128047
299,299,5,recov,0.15883097408113342,1.8399146983003036,293.33333333333337,1.7531992694128047
300,300,3,recov,0.1600365966900399,1.832352760590122,293.33333333333337,1.7531992694128047
301,301,4,recov,0.1598249304315834,1.833676247608131,293.33333333333337,1.7531992694128047
302,302,5,recov,0.1596140341665926,1.834996664457701,293.33333333333337,1.7531992694128047
303,303,3,recov,0.16081026057681086,1.8275301147157328,293.33333333333337,1.7531992694128047
304,304,4,recov,0.16059904488616078,1.8288444246468065,293.33333333333337,1.7531992694128047
305,305,5,recov,0.1603885936942993,1.8301556977098252,293.33333333333337,1.7531992694128047
306,306,3,recov,0.16157553992758078,1.8227825061857779,293.33333333333337,1.7531992694128047
307,307,4,recov,0.16136478390002093,1.8240877384031906,293.33333333333337,1.7531992694128047
308,308,5,recov,0.16115478690182317,1.8253899665275286,293.33333333333337,1.7531992694128047
309,309,3,recov,0.16233256691646095,1.8181081658326361,293.33333333333337,1.7531992694128047
310,310,4,recov,0.1621222792736707,1.8194044181445033,293.33333333333337,1.7531992694128047
311,311,5,recov,0.16191274521697493,1.8206976986238605,293.33333333333337,1.7531992694128047
312,312,3,recov,0.16308147095581468,1.8135053812298774,293.33333333333337,1.7531992694128047
313,313,4,recov,0.1628716600584652,1.8147927499118321,293.33333333333337,1.7531992694128047
314,314,5,recov,0.1626625973309471,1.8160771785181273,293.33333333333337,1.7531992694128047
315,315,3,recov,0.16382237876802375,1.8089724943797665,293.33333333333337,1.7531992694128047
316,316,4,recov,0.1636130526279234,1.8102510742067848,293.33333333333337,1.7531992694128047
317,317,5,recov,0.16340446926918203,1.8115267452217054,293.33333333333337,1.7531992694128047
318,318,3,recov,0.16455541445502855,1.8045078995153028,293.33333333333337,1.7531992694128047
319,319,4,recov,0.16434658074683509,1.8057777837927098,293.33333333333337,1.7531992694128047
320,320,5,recov,0.16413848446004872,1.8070447900384488,293.33333333333337,1.7531992694128047
321,321,3,recov,0.1652806995657219,1.8001100410101225,293.33333333333337,1.7531992694128047
322,322,4,recov,0.16507236563823874,1.8013713216037999,293.33333333333337,1.7531992694128047
323,323,5,recov,0.16486476380140755,1.8026297544730026,293.33333333333337,1.7531992694128047
324,324,3,recov,0.16599835316127376,1.7957774113900227,293.33333333333337,1.7531992694128047
325,325,4,recov,0.16579052604834635,1.7970301787558445,293.33333333333337,1.7531992694128047
326,326,5,recov,0.16558342572513796,1.7982801282407934,293.33333333333337,1.7531992694128047
327,327,3,recov,0.16670849187846032,1.7915085494402962,293.33333333333337,1.7531992694128047
328,328,4,recov,0.16650117830948838,1.7927528926528158,293.33333333333337,1.7531992694128047
329,329,5,recov,0.16629458625970167,1.7939944473738736,293.33333333333337,1.7531992694128047
330,330,3,recov,0.16741122999106808,1.7873020384034393,293.33333333333337,1.7531992694128047
331,331,4,recov,0.1672044364011486,1.7885380451838504,293.33333333333337,1.7531992694128047
332,332,5,recov,0.166998359090811,1.7897712924171822,293.33333333333337,1.7531992694128047
333,333,3,recov,0.16810667946944152,1.7831565042621516,293.33333333333337,1.7531992694128047
334,334,4,recov,0.16790041200915634,1.7843842610055458,293.33333333333337,1.7531992694128047
335,335,5,recov,0.16769485562026828,1.7856092867101476,293.33333333333337,1.7531992694128047
336,336,3,recov,0.16879495003823866,1.7790706141028767,293.33333333333337,1.7531992694128047
337,337,4,recov,0.16858921458310117,1.780290205904818,293.33333333333337,1.7531992694128047
338,338,5,recov,0.16838418502304098,1.7815070947488678,293.33333333333337,1.7531992694128047
339,339,3,recov,0.16947614923245763,1.775043074555439,293.33333333333337,1.7531992694128047
340,340,4,recov,0.16927095139203074,1.7762545852378744,293.33333333333337,1.7531992694128047
341,341,5,recov,0.1690664543026339,1.7774634206244277,293.33333333333337,1.7531992694128047
342,342,3,recov,0.17015038245179417,1.771072630304606,293.33333333333337,1.7531992694128047
343,343,4,recov,0.16994572757849274,1.7722761424411357,293.33333333333337,1.7531992694128047
344,344,5,recov,0.16974176834481716,1.7734770065331833,293.33333333333337,1.7531992694128047
345,345,3,recov,0.17081775301338803,1.7671580626696777,293.33333333333337,1.7531992694128047
346,346,4,recov,0.17061364621097733,1.7683536576102,293.33333333333337,1.7531992694128047
347,347,5,recov,0.1704102299697665,1.7695466313551111,293.33333333333337,1.7531992694128047
348,348,3,recov,0.1714783622030132,1.7632981882484424,293.33333333333337,1.7531992694128047
349,349,4,recov,0.17127480833481523,1.7644859461431934,293.33333333333337,1.7531992694128047
350,350,5,recov,0.17107193998267117,1.7656711092965578,293.33333333333337,1.7531992694128047
351,351,3,recov,0.17213230932476598,1.7594918576220655,293.33333333333337,1.7531992694128047
352,352,4,recov,0.17192931302158418,1.7606718574450728,293.33333333333337,1.7531992694128047
353,353,5,recov,0.17172699722286072,1.7618492885939598,293.33333333333337,1.7531992694128047
354,354,3,recov,0.17277969174930102,1.755737954117691,293.33333333333337,1.7531992694128047
355,355,4,recov,0.17257725741707472,1.7569102736896545,293.33333333333337,1.7531992694128047
356,356,5,recov,0.17237549861150162,1.758080050275311,293.33333333333337,1.7531992694128047
357,357,3,recov,0.17342060496066594,1.7520353926257257,293.33333333333337,1.7531992694128047
358,358,4,recov,0.1732187367878638,1.7532001086363462,293.33333333333337,1.7531992694128047
359,359,5,recov,0.17301753919791174,1.7543623069763425,293.33333333333337,1.7531992694128047
360,360,0,fam_r,0.05951735236487131,2.8214873725637855,293.33333333333337,1.7531992694128047
361,361,1,fam_r,0.05944851943115558,2.8226445605935564,293.33333333333337,1.7531992694128047
362,362,2,fam_r,0.059379914121328745,2.8237992559034004,293.33333333333337,1.7531992694128047
363,363,0,fam_r,0.06088377235172057,2.798788603621037,293.33333333333337,1.7531992694128047
364,364,1,fam_r,0.06081381240102509,2.7999383381625114,293.33333333333337,1.7531992694128047
365,365,2,fam_r,0.060744082763419686,2.8010856045767474,293.33333333333337,1.7531992694128047
366,366,0,fam_r,0.06223672150640198,2.776810075525054,293.33333333333337,1.7531992694128047
367,367,1,fam_r,0.06216566570204419,2.7779524300036043,293.33333333333337,1.7531992694128047
368,368,2,fam_r,0.06209484277477322,2.779092340596407,293.33333333333337,1.7531992694128047
369,369,0,fam_r,0.06357639204986912,2.755513071730123,293.33333333333337,1.7531992694128047
370,370,1,fam_r,0.06350427080812836,2.7566481185242107,293.33333333333337,1.7531992694128047
371,371,2,fam_r,0.06343238488640705,2.7577807453294914,293.33333333333337,1.7531992694128047
372,372,0,fam_r,0.06490297256683653,2.73486185405848,293.33333333333337,1.7531992694128047
373,373,1,fam_r,0.0648298155767917,2.735989664519444,293.33333333333337,1.7531992694128047
374,374,2,fam_r,0.06475689623263474,2.737115078550484,293.33333333333337,1.7531992694128047
0,0,0,fam,0.06666666666666667,2.70805020110221,366.6666666666667,1.6772159465957042
1,1,1,fam,0.0664451827242525,2.7113779911948845,366.6666666666667,1.6772159465957042
2,2,2,fam,0.06622538485226771,2.7146914325571183,366.6666666666667,1.6772159465957042
3,3,0,fam,0.06930101925332256,2.6692956650542863,366.6666666666667,1.6772159465957042
4,4,1,fam,0.06907373409927214,2.672580734807876,366.6666666666667,1.6772159465957042
5,5,2,fam,0.0688481599785651,2.6758517792399017,366.6666666666667,1.6772159465957042
6,6,0,fam,0.07187610357880497,2.632811425842601,366.6666666666667,1.6772159465957042
7,7,1,fam,0.07164336480669116,2.6360547346249965,366.6666666666667,1.6772159465957042
8,8,2,fam,0.07141235890245792,2.639284330743654,366.6666666666667,1.6772159465957042
9,9,0,fam,0.07439388632446743,2.598381513577715,366.6666666666667,1.6772159465957042
10,10,1,fam,0.07415602281268667,2.6015839889808086,366.6666666666667,1.6772159465957042
11,11,2,fam,0.07391991111498518,2.604773054098225,366.6666666666667,1.6772159465957042
12,12,0,fam,0.07685624811342445,2.5658185095903243,366.6666666666667,1.6772159465957042
13,13,1,fam,0.07661357115384462,2.5689810488179416,366.6666666666667,1.6772159465957042
14,14,2,fam,0.07637266228764315,2.5721304703039203,366.6666666666667,1.6772159465957042
15,15,0,fam,0.07926498816682685,2.534958758973189,366.6666666666667,1.6772159465957042
16,16,1,fam,0.07901779251585267,2.5380822301540658,366.6666666666667,1.6772159465957042
17,17,2,fam,0.07877237877505083,2.5411928667251593,366.6666666666667,1.6772159465957042
18,18,0,fam,0.08162182866105419,2.5056585446848336,366.6666666666667,1.6772159465957042
19,19,1,fam,0.0813703935191393,2.5087437881154324,366.6666666666667,1.6772159465957042
20,20,2,fam,0.08112075183044841,2.511816471055383,366.6666666666667,1.6772159465957042
21,21,0,fam,0.08392841880799931,2.4777910004786703,366.6666666666667,1.6772159465957042
22,22,1,fam,0.08367300873311052,2.480838829800296,366.6666666666667,1.6772159465957042
23,23,2,fam,0.08341940155517143,2.483874364116181,366.6666666666667,1.6772159465957042
24,24,0,fam,0.08618633867876077,2.451243597877502,366.6666666666667,1.6772159465957042
25,25,1,fam,0.08592720443882687,2.4542548011918375,366.6666666666667,1.6772159465957042
26,26,2,fam,0.08566988060148231,2.457253966709942,366.6666666666667,1.6772159465957042
27,27,0,fam,0.08839710278937339,2.4259160837514813,366.6666666666667,1.6772159465957042
28,28,1,fam,0.08813448215832258,2.428891424678368,366.6666666666667,1.6772159465957042
29,29,2,fam,0.08787367764654408,2.4318549770835185,366.6666666666667,1.6772159465957042
30,30,0,fam,0.09056216346567694,2.4017187749531157,366.6666666666667,1.6772159465957042
31,31,1,fam,0.09029628196727864,2.4046589936341367,366.6666666666667,1.6772159465957042
32,32,2,fam,0.09003222065387033,2.407587665455956,366.6666666666667,1.6772159465957042
33,33,0,fam,0.09268291400303272,2.3785711383603085,366.6666666666667,1.6772159465957042
34,34,1,fam,0.09241398560640826,2.3814769524114605,366.6666666666667,1.6772159465957042
35,35,2,fam,0.09214687993726635,2.3843714539607723,366.6666666666667,1.6772159465957042
36,36,0,fam,0.09476069163533411,2.3564006009071488,366.6666666666667,1.6772159465957042
37,37,1,fam,0.09448891940568048,2.359272706323685,366.6666666666667,1.6772159465957042
38,38,2,fam,0.09421897104107681,2.36213372658205,366.6666666666667,1.6772159465957042
39,39,0,fam,0.09679678032660552,2.335141546341554,366.6666666666667,1.6772159465957042
40,40,1,fam,0.09652235703438683,2.3379806183578413,366.6666666666667,1.6772159465957042
41,41,2,fam,0.09624975744946072,2.3408088258230215,366.6666666666667,1.6772159465957042
42,42,0,fam,0.09879241339743602,2.314734464651968,366.6666666666667,1.6772159465957042
43,43,1,fam,0.09851552208903301,2.3175411585590187,366.6666666666667,1.6772159465957042
44,44,2,fam,0.098240453136419,2.3203372020489605,366.6666666666667,1.6772159465957042
45,45,0,fam,0.10074877599753691,2.2951252271369653,366.6666666666667,1.6772159465957042
46,46,1,fam,0.10046959053010418,2.2979001790601212,366.6666666666667,1.6772159465957042
47,47,2,fam,0.10019222496738836,2.3006646884778754,366.6666666666667,1.6772159465957042
48,48,0,fam,0.1026670074348392,2.276264465511669,366.6666666666667,1.6772159465957042
49,49,1,fam,0.10238569297790151,2.279008293150741,366.6666666666667,1.6772159465957042
50,50,2,fam,0.10210619496238522,2.281741880212577,366.6666666666667,1.6772159465957042
51,51,0,fam,0.10454820337074923,2.2581070376573553,366.6666666666667,1.6772159465957042
52,52,1,fam,0.10426491687686779,2.2608203409913807,366.6666666666667,1.6772159465957042
53,53,2,fam,0.10398344242992286,2.2635235999201964,366.6666666666667,1.6772159465957042
54,54,0,fam,0.10639341789044998,2.2406115659199823,366.6666666666667,1.6772159465957042
55,55,1,fam,0.10610830853710775,2.2432949278785994,366.6666666666667,1.6772159465957042
56,56,2,fam,0.10582500598022897,2.2459684360646013,366.6666666666667,1.6772159465957042
57,57,0,fam,0.10820366545646835,2.223740036466401,366.6666666666667,1.6772159465957042
58,58,1,fam,0.10791687506115655,2.2263940235697315,366.6666666666667,1.6772159465957042
59,59,2,fam,0.10763188542565465,2.2290383422002096,366.6666666666667,1.6772159465957042
60,60,0,fam,0.1099799227531158,2.2074574502748208,366.6666666666667,1.6772159465957042
61,61,1,fam,0.10969158616345168,2.2100826132436104,366.6666666666667,1.6772159465957042
62,62,2,fam,0.10940504357558109,2.2126982879035357,366.6666666666667,1.6772159465957042
63,63,0,fam,0.11172313042884839,2.1917315179893766,366.6666666666667,1.6772159465957042
64,64,1,fam,0.11143337588941464,2.194328392327037,366.6666666666667,1.6772159465957042
65,65,2,fam,0.11114540793259402,2.196915953572087,366.6666666666667,1.6772159465957042
66,66,3,recov,0.054960146619790304,2.9011469633170472,366.6666666666667,1.6772159465957042
67,67,4,recov,0.054819129368959586,2.9037160698651405,366.6666666666667,1.6772159465957042
68,68,5,recov,0.0546789738496296,2.9062760337686546,366.6666666666667,1.6772159465957042
69,69,3,recov,0.05726120462912053,2.86013194165151,366.6666666666667,1.6772159465957042
70,70,4,recov,0.05711584032067768,2.8626737871201167,366.6666666666667,1.6772159465957042
71,71,5,recov,0.056971356454440424,2.8652066557953955,366.6666666666667,1.6772159465957042
72,72,3,recov,0.059520581179149795,2.821433124070332,366.6666666666667,1.6772159465957042
73,73,4,recov,0.05937107040057574,2.8239482015446504,366.6666666666667,1.6772159465957042
74,74,5,recov,0.05922245724658637,2.826454463643919,366.6666666666667,1.6772159465957042
75,75,3,recov,0.06173938872917498,2.7848331606831653,366.6666666666667,1.6772159465957042
76,76,4,recov,0.06158592344204041,2.787321950107612,366.6666666666667,1.6772159465957042
77,77,5,recov,0.06143337152494847,2.789802081298887,366.6666666666667,1.6772159465957042
78,78,3,recov,0.06391870050276188,2.750143307787693,366.6666666666667,1.6772159465957042
79,79,4,recov,0.06376146446105584,2.752606276428691,366.6666666666667,1.6772159465957042
80,80,5,recov,0.06360515618368408,2.755060739851719,366.6666666666667,1.6772159465957042
81,81,3,recov,0.06605955220242794,2.717198637691758,366.6666666666667,1.6772159465957042
82,82,4,recov,0.06589872134767641,2.7196362405803303,366.6666666666667,1.6772159465957042
83,83,5,recov,0.06573883138086971,2.7220654872826824,366.6666666666667,1.6772159465957042
84,84,3,recov,0.06816294363518184,2.6858542102577303,366.6666666666667,1.6772159465957042
85,85,4,recov,0.06799868646981641,2.6882668906129457,366.6666666666667,1.6772159465957042
86,86,5,recov,0.06783538212089253,2.6906713599673053,366.6666666666667,1.6772159465957042
87,87,3,recov,0.07022984025428042,2.6559819834217913,366.6666666666667,1.6772159465957042
88,88,4,recov,0.070062318194614,2.6583701730560474,366.6666666666667,1.6772159465957042
89,89,5,recov,0.06989575975574754,2.6607502931596487,366.6666666666667,1.6772159465957042
90,90,3,recov,0.07226117462219785,2.6274682978979746,366.6666666666667,1.6772159465957042
91,91,4,recov,0.07209054233226957,2.6298324176050505,366.6666666666667,1.6772159465957042
92,92,5,recov,0.07192088341004768,2.6321886056621793,366.6666666666667,1.6772159465957042
93,93,3,recov,0.07425784779946473,2.6002118126156883,366.6666666666667,1.6772159465957042
94,94,4,recov,0.07408425350692895,2.6025522725424284,366.6666666666667,1.6772159465957042
95,95,5,recov,0.07391164133423168,2.6048849352308396,366.6666666666667,1.6772159465957042
96,96,3,recov,0.07622073066372284,2.574121797335679,366.6666666666667,1.6772159465957042
97,97,4,recov,0.07604431645887602,2.5764389973381396,366.6666666666667,1.6772159465957042
98,98,5,recov,0.07586889219015525,2.5787485311601968,366.6666666666667,1.6772159465957042
99,99,3,recov,0.07815066516305202,2.5491167107874433,366.6666666666667,1.6772159465957042
100,100,4,recov,0.07797156728201718,2.5514110407722694,366.6666666666667,1.6772159465957042
101,101,5,recov,0.07779346627297476,2.5536978323915607,366.6666666666667,1.6772159465957042
102,102,3,recov,0.0800484655073594,2.525123008900416,366.6666666666667,1.6772159465957042
103,103,4,recov,0.07986681460037803,2.5273948491521785,366.6666666666667,1.6772159465957042
104,104,5,recov,0.07968616667297666,2.529659275716332,366.6666666666667,1.6772159465957042
105,105,3,recov,0.08191491930137196,2.502074139861199,366.6666666666667,1.6772159465957042
106,106,4,recov,0.08173084068709037,2.5043238613563785,366.6666666666667,1.6772159465957042
107,107,5,recov,0.08154777038076796,2.50656629080674,366.6666666666667,1.6772159465957042
108,108,3,recov,0.08375078862254569,2.47990969193269,366.6666666666667,1.6772159465957042
109,109,4,recov,0.083564402529123,2.48213765664096,366.6666666666667,1.6772159465957042
110,110,5,recov,0.08337902933902332,2.484358448009777,366.6666666666667,1.6772159465957042
111,111,3,recov,0.08555681104698985,2.4585746670030915,366.6666666666667,1.6772159465957042
112,112,4,recov,0.08536823284080054,2.4607812281765065,366.6666666666667,1.6772159465957042
113,113,5,recov,0.08518067144377944,2.462980731872218,366.6666666666667,1.6772159465957042
114,114,3,recov,0.08733370062630835,2.4380188582532414,366.6666666666667,1.6772159465957042
115,115,4,recov,0.08714304102896143,2.44020436070391,366.6666666666667,1.6772159465957042
116,116,5,recov,0.08695340149807841,2.4423829187851047,366.6666666666667,1.6772159465957042
117,117,3,recov,0.08908214881807626,2.4181963145435827,366.6666666666667,1.6772159465957042
118,118,4,recov,0.08888951411242584,2.4203610949103753,366.6666666666667,1.6772159465957042
119,119,5,recov,0.08869790212058447,2.4225190413489575,366.6666666666667,1.6772159465957042
120,120,3,recov,0.09080282537249831,2.3990648774217895,366.6666666666667,1.6772159465957042
121,121,4,recov,0.09060831759827734,2.40120926442659,366.6666666666667,1.6772159465957042
122,122,5,recov,0.09041483461163503,2.4033469253606587,366.6666666666667,1.6772159465957042
123,123,3,recov,0.09249637917763853,2.3805857792554344,366.6666666666667,1.6772159465957042
124,124,4,recov,0.09230009631730622,2.382710093949431,366.6666666666667,1.6772159465957042
125,125,5,recov,0.09210483977903472,2.3848277879263486,366.6666666666667,1.6772159465957042
126,126,3,recov,0.09416343906546175,2.362723293062192,366.6666666666667,1.6772159465957042
127,127,4,recov,0.09396547522081826,2.3648278490626584,366.6666666666667,1.6772159465957042
128,128,5,recov,0.09376853872575856,2.366925887272769,366.6666666666667,1.6772159465957042
129,129,3,recov,0.09580461458079026,2.3454444262636294,366.6666666666667,1.6772159465957042
130,130,4,recov,0.09560506014087657,2.3475295299816454,366.6666666666667,1.6772159465957042
131,131,5,recov,0.09540653360159845,2.349608216483061,366.6666666666667,1.6772159465957042
132,132,3,recov,0.09742049671515136,2.3287186519188188,366.6666666666667,1.6772159465957042
133,133,4,recov,0.09721943851592023,2.3307846027783348,366.6666666666667,1.6772159465957042
134,134,5,recov,0.09701940832066396,2.3328442347132032,366.6666666666667,1.6772159465957042
135,135,3,recov,0.0990116586073718,2.312517672070322,366.6666666666667,1.6772159465957042
136,136,4,recov,0.09880918008358533,2.3145647627189603,366.6666666666667,1.6772159465957042
137,137,5,recov,0.09860772924653374,2.3166056305215994,366.6666666666667,1.6772159465957042
138,138,3,recov,0.10057865621266358,2.296815208710711,366.6666666666667,1.6772159465957042
139,139,4,recov,0.1003748375424445,2.298843725222678,366.6666666666667,1.6772159465957042
140,140,5,recov,0.10017204584674612,2.300866112819935,366.6666666666667,1.6772159465957042
141,141,3,recov,0.10212202894184264,2.2815868185938992,366.6666666666667,1.6772159465957042
142,142,4,recov,0.10191694718428031,2.28359704066536,366.6666666666667,1.6772159465957042
143,143,5,recov,0.101712891318218,2.2856012256695473,366.6666666666667,1.6772159465957042
144,144,3,recov,0.10364230027222374,2.266809728704119,366.6666666666667,1.6772159465957042
145,145,4,recov,0.10343602949841152,2.268801929841364,366.6666666666667,1.6772159465957042
146,146,5,recov,0.10323078318508747,2.2707881837360966,366.6666666666667,1.6772159465957042
147,147,3,recov,0.10513997833164553,2.2524626896813498,366.6666666666667,1.6772159465957042
148,148,4,recov,0.10493258974950324,2.2544371373820753,366.6666666666667,1.6772159465957042
149,149,5,recov,0.10472622387038852,2.2564057257013213,366.6666666666667,1.6772159465957042
150,150,3,recov,0.10661555645699419,2.2385258449051353,366.6666666666667,1.6772159465957042
151,151,4,recov,0.10640711853020789,2.2404828008331337,366.6666666666667,1.6772159465957042
152,152,5,recov,0.10619970124288396,2.2424339833337736,366.6666666666667,1.6772159465957042
153,153,3,recov,0.10806951372851582,2.2249806132745227,366.6666666666667,1.6772159465957042
154,154,4,recov,0.10786009228990767,2.2269203334280703,366.6666666666667,1.6772159465957042
155,155,5,recov,0.10765168914030779,2.228854364256245,366.6666666666667,1.6772159465957042
156,156,3,recov,0.10950231548113257,2.211809584002738,366.6666666666667,1.6772159465957042
157,157,4,recov,0.10929197384075477,2.2137323188769513,366.6666666666667,1.6772159465957042
158,158,5,recov,0.10908264787019453,2.215649446728465,366.6666666666667,1.6772159465957042
159,159,3,recov,0.11091441379390979,2.1989964219810667,366.6666666666667,1.6772159465957042
160,160,4,recov,0.11070321284213915,2.200902416724484,366.6666666666667,1.6772159465957042
161,161,5,recov,0.1104930246894094,2.2028028849995156,366.6666666666667,1.6772159465957042
162,162,3,recov,0.11230624795875505,2.1865257824652127,366.6666666666667,1.6772159465957042
163,163,4,recov,0.11209424626464862,2.188415277030846,366.6666666666667,1.6772159465957042
164,164,5,recov,0.11188325426342673,2.190299323983209,366.6666666666667,1.6772159465957042
165,165,3,recov,0.11367824492937022,2.1743832340055538,366.6666666666667,1.6772159465957042
166,166,4,recov,0.11346549883452758,2.1762564632966415,366.6666666666667,1.6772159465957042
167,167,5,recov,0.11325375910634912,2.1781243221778235,366.6666666666667,1.6772159465957042
168,168,3,recov,0.11503081975142043,2.162555188685454,366.6666666666667,1.6772159465957042
169,169,4,recov,0.1148173834595833,2.164412382696141,366.6666666666667,1.6772159465957042
170,170,5,recov,0.11460495000260203,2.1662642818943376,366.6666666666667,1.6772159465957042
171,171,3,recov,0.11636437597483022,2.151028838853347,366.6666666666667,1.6772159465957042
172,172,4,recov,0.11615030163743761,2.1528702228044967,366.6666666666667,1.6772159465957042
173,173,5,recov,0.11593722641118838,2.1547063859788467,366.6666666666667,1.6772159465957042
174,174,3,recov,0.1176793060490675,2.1397920996381274,366.6666666666667,1.6772159465957042
175,175,4,recov,0.11746464384697178,2.1416178941084714,366.6666666666667,1.6772159465957042
176,176,5,recov,0.11725097685333875,2.143438540318695,366.6666666666667,1.6772159465957042
177,177,3,recov,0.11897599170222851,2.1288335566263985,366.6666666666667,1.6772159465957042
178,178,4,recov,0.11876078992376583,2.130643977679212,366.6666666666667,1.6772159465957042
179,179,5,recov,0.11854657928434748,2.1324493215108338,366.6666666666667,1.6772159465957042
180,180,3,recov,0.120254804304693,2.1181424181565722,366.6666666666667,1.6772159465957042
181,181,4,recov,0.12003910942029142,2.119937677462055,366.6666666666667,1.6772159465957042
182,182,5,recov,0.11982440145034219,2.1217279291473976,366.6666666666667,1.6772159465957042
183,183,3,recov,0.12151610521807758,2.1077084717507315,366.6666666666667,1.6772159465957042
184,184,4,recov,0.1212999619515751,2.109488776704275,366.6666666666667,1.6772159465957042
185,185,5,recov,0.12108480123069433,2.111264142239386,366.6666666666667,1.6772159465957042
186,186,3,recov,0.12276024613017589,2.0975220442621336,366.6666666666667,1.6772159465957042
187,187,4,recov,0.12254369752701164,2.0992875980986314,366.6666666666667,1.6772159465957042
188,188,5,recov,0.12232812696674035,2.1010482793563137,366.6666666666667,1.6772159465957042
189,189,3,recov,0.12398756937653763,2.087573965365569,366.6666666666667,1.6772159465957042
190,190,4,recov,0.12377065686897018,2.089324967269932,366.6666666666667,1.6772159465957042
191,191,5,recov,0.1235547177774478,2.0910711621090274,366.6666666666667,1.6772159465957042
192,192,3,recov,0.1251984082493045,2.07785553406066,366.6666666666667,1.6772159465957042
193,193,4,recov,0.12498117171880271,2.079592179274687,366.6666666666667,1.6772159465957042
194,194,5,recov,0.12476490386262719,2.081324081645763,366.6666666666667,1.6772159465957042
195,195,3,recov,0.12639308729388798,2.068358487895518,366.6666666666667,1.6772159465957042
196,196,4,recov,0.12617556513083214,2.0700809678212635,366.6666666666667,1.6772159465957042
197,197,5,recov,0.1259590067942595,2.071798767868845,366.6666666666667,1.6772159465957042
198,198,3,recov,0.12757192259404396,2.0590749746507475,366.6666666666667,1.6772159465957042
199,199,4,recov,0.12735415175486722,2.0607834769505247,366.6666666666667,1.6772159465957042
200,200,5,recov,0.12713733979647876,2.0624873611120047,366.6666666666667,1.6772159465957042
201,201,3,recov,0.12873522204586987,2.0499975262522994,366.6666666666667,1.6772159465957042
202,202,4,recov,0.12851723810776336,2.051692234945447,366.6666666666667,1.6772159465957042
203,203,5,recov,0.12830020801472186,2.0533823860468035,366.6666666666667,1.6772159465957042
204,204,3,recov,0.12988328562122406,2.041119034706639,366.6666666666667,1.6772159465957042
205,205,4,recov,0.1296651228345216,2.042800130263181,366.6666666666667,1.6772159465957042
206,206,5,recov,0.12944790877453222,2.0444767276116242,366.6666666666667,1.6772159465957042
207,207,3,recov,0.13101640562103964,2.0324327298736824,366.6666666666667,1.6772159465957042
208,208,4,recov,0.13079809695939307,2.034100389304994,366.6666666666667,1.6772159465957042
209,209,5,recov,0.13058073183047697,2.035763608778664,366.6666666666667,1.6772159465957042
210,210,3,recov,0.1321348669189833,2.0239321589122468,366.6666666666667,1.6772159465957042
211,211,4,recov,0.13191644412743225,2.0255865558588444,366.6666666666667,1.6772159465957042
212,212,5,recov,0.1316989596056168,2.027236569993666,366.6666666666667,1.6772159465957042
213,213,3,recov,0.13323894719588492,2.015611167249832,366.6666666666667,1.6772159465957042
214,214,4,recov,0.13302044083692058,2.0172524720663967,366.6666666666667,1.6772159465957042
215,215,5,recov,0.1328028674219434,2.0188894501402017,366.6666666666667,1.6772159465957042
216,216,3,recov,0.13432891716534395,2.007463880943621,366.6666666666667,1.6772159465957042
217,217,4,recov,0.13411035666305984,2.0090922607813555,366.6666666666667,1.6772159465957042
218,218,5,recov,0.1338927237221796,2.0107163688953773,366.6666666666667,1.6772159465957042
219,219,3,recov,0.1354050407908968,1.9994846903129164,366.6666666666667,1.6772159465957042
220,220,4,recov,0.1351864544733164,2.0011003091993387,366.6666666666667,1.6772159465957042
221,221,5,recov,0.13496879028331796,2.00271171035717,366.6666666666667,1.6772159465957042
222,222,3,recov,0.13646757549511213,1.991668234735081,366.6666666666667,1.6772159465957042
223,223,4,recov,0.1362489906347766,1.9932712536513502,366.6666666666667,1.6772159465957042
224,224,5,recov,0.136031322422254,1.9948701078354676,366.6666666666667,1.6772159465957042
225,225,3,recov,0.13751677236096096,1.984009388507576,366.6666666666667,1.6772159465957042
226,226,4,recov,0.13729821521385782,1.9855999654634386,366.6666666666667,1.6772159465957042
227,227,5,recov,0.1370805691938538,1.9871864297093729,366.6666666666667,1.6772159465957042
228,228,3,recov,0.13855287632579344,1.9765032476880373,366.6666666666667,1.6772159465957042
229,229,4,recov,0.1383343721687014,1.9780815377944827,366.6666666666667,1.6772159465957042
230,230,5,recov,0.13811677358177868,1.9796557662627325,366.6666666666667,1.6772159465957042
231,231,3,recov,0.1395761263682363,1.9691451178327024,366.6666666666667,1.6772159465957042
232,232,4,recov,0.13935769953455873,1.9707112733724104,366.6666666666667,1.6772159465957042
233,233,5,recov,0.13914017268237414,1.9722734174181713,366.6666666666667,1.6772159465957042
234,234,3,recov,0.1405867556883113,1.9619305025609435,366.6666666666667,1.6772159465957042
235,235,4,recov,0.1403684296024664,1.9634846730566058,366.6666666666667,1.6772159465957042
236,236,5,recov,0.1401509978819152,1.9650348812973997,366.6666666666667,1.6772159465957042
237,237,3,recov,0.14158499188105914,1.9548550928803488,366.6666666666667,1.6772159465957042
238,238,4,recov,0.1413667890914916,1.9563974251609402,366.6666666666667,1.6772159465957042
239,239,5,recov,0.1411494750274866,1.9579358435422183,366.6666666666667,1.6772159465957042
240,240,3,recov,0.1425710571039407,1.9479147572127626,366.6666666666667,1.6772159465957042
241,241,4,recov,0.14235299931481715,1.949445395477832,366.6666666666667,1.6772159465957042
242,242,5,recov,0.14213582459176308,1.950972167336625,366.6666666666667,1.6772159465957042
243,243,3,recov,0.1435451682382746,1.941105532067057,366.6666666666667,1.6772159465957042
244,244,4,recov,0.14332727633992043,1.9426246179491153,366.6666666666667,1.6772159465957042
245,245,5,recov,0.1431102618319421,1.9441398840757975,366.6666666666667,1.6772159465957042
246,246,3,recov,0.14450753704495667,1.9344236133092396,366.6666666666667,1.6772159465957042
247,247,4,recov,0.14428983114309105,1.9359312859343059,366.6666666666667,1.6772159465957042
248,248,5,recov,0.14407299694306944,1.9374351846325448,366.6666666666667,1.6772159465957042
249,249,3,recov,0.14545837031469697,1.927865347984825,366.6666666666667,1.6772159465957042
250,250,4,recov,0.1452408697585182,1.9293617440311965,366.6666666666667,1.6772159465957042
251,251,5,recov,0.14502423520598803,1.9308544111761463,366.6666666666667,1.6772159465957042
252,252,3,recov,0.14639787001299814,1.9214272266523076,366.6666666666667,1.6772159465957042
253,253,4,recov,0.14618059342216985,1.9229124804076219,366.6666666666667,1.6772159465957042
254,254,5,recov,0.14596417713012758,1.9243940495024248,366.6666666666667,1.6772159465957042
255,255,3,recov,0.147326233420088,1.915105876190114,366.6666666666667,1.6772159465957042
256,256,4,recov,0.14710919871067452,1.9165801196067527,366.6666666666667,1.6772159465957042
257,257,5,recov,0.14689301859134415,1.9180507218374074,366.6666666666667,1.6772159465957042
258,258,3,recov,0.14824365326601063,1.9088980530425708,366.6666666666667,1.6772159465957042
259,259,4,recov,0.14802687767540654,1.9103614157914708,366.6666666666667,1.6772159465957042
260,260,5,recov,0.1478109509650093,1.9118211800801217,366.6666666666667,1.6772159465957042
261,261,3,recov,0.1491503178610705,1.9028006368733286,366.6666666666667,1.6772159465957042
262,262,4,recov,0.1489338179719683,1.90425324639625,366.6666666666667,1.6772159465957042
263,263,5,recov,0.14871816125453757,1.905702299452955,366.6666666666667,1.6772159465957042
264,264,3,recov,0.15004641122181409,1.8968106245972831,366.6666666666667,1.6772159465957042
265,265,4,recov,0.14983020298525082,1.89825260615759,366.6666666666667,1.6772159465957042
266,266,5,recov,0.14961483221553468,1.8996910725306162,366.6666666666667,1.6772159465957042
267,267,3,recov,0.15093211319272729,1.8909251247643954,366.6666666666667,1.6772159465957042
268,268,4,recov,0.1507162119502497,1.8923566014963988,366.6666666666667,1.6772159465957042
269,269,5,recov,0.15050114247573895,1.8937846036210964,366.6666666666667,1.6772159465957042
270,270,3,recov,0.1518075995638164,1.8851413522709748,366.6666666666667,1.6772159465957042
271,271,4,recov,0.15159202006880212,1.886562445227885,366.6666666666667,1.6772159465957042
272,272,5,recov,0.15137726665092172,1.887980103474187,366.6666666666667,1.6772159465957042
273,273,3,recov,0.15267304218423539,1.8794566233759198,366.6666666666667,1.6772159465957042
274,274,4,recov,0.1524577986224058,1.880867451576458,366.6666666666667,1.6772159465957042
275,275,5,recov,0.15224337545690414,1.8822748842950545,366.6666666666667,1.6772159465957042
276,276,3,recov,0.15352860907211296,1.8738683510012124,366.6666666666667,1.6772159465957042
277,277,4,recov,0.15331371508127173,1.8752690314749223,366.6666666666667,1.6772159465957042
278,278,5,recov,0.15309963581784233,1.876666355042149,366.6666666666667,1.6772159465957042
279,279,3,recov,0.15437446452072678,1.8683740402975597,366.6666666666667,1.6772159465957042
280,280,4,recov,0.1541599332097567,1.8697646881288656,366.6666666666667,1.6772159465957042
281,281,5,recov,0.15394621097092373,1.8711520169903544,366.6666666666667,1.6772159465957042
282,282,3,recov,0.15521076920116678,1.862971284457561,366.6666666666667,1.6772159465957042
283,283,4,recov,0.15499661316831537,1.8643520128286144,366.6666666666667,1.6772159465957042
284,284,5,recov,0.15478326056761402,1.8657294595417413,366.6666666666667,1.6772159465957042
285,285,3,recov,0.15603768026162051,1.85765776076013,366.6666666666667,1.6772159465957042
286,286,4,recov,0.15582391161210465,1.8590286809924779,366.6666666666667,1.6772159465957042
287,287,5,recov,0.15561094077158544,1.8603963562676542,366.6666666666667,1.6772159465957042
288,288,3,recov,0.15685535142341175,1.8524312268311136,366.6666666666667,1.6772159465957042
289,289,4,recov,0.1566419817863685,1.8537924484262394,366.6666666666667,1.6772159465957042
290,290,5,recov,0.15642940435345362,1.8551504611670748,366.6666666666667,1.6772159465957042
291,291,3,recov,0.15766393307391346,1.847289517106204,366.6666666666667,1.6772159465957042
292,292,4,recov,0.15745097361872507,1.8486411477849618,366.6666666666667,1.6772159465957042
293,293,5,recov,0.15723880078244248,1.849989605127349,366.6666666666667,1.6772159465957042
294,294,3,recov,0.1584635723564545,1.8422305394832394,366.6666666666667,1.6772159465957042
295,295,4,recov,0.15825103380847205,1.8435726852242322,366.6666666666667,1.6772159465957042
296,296,5,recov,0.1580392763150942,1.844911692574373,366.6666666666667,1.6772159465957042
297,297,3,recov,0.1592544132573323,1.8372522721519575,366.6666666666667,1.6772159465957042
298,298,4,recov,0.15904230591302343,1.838585037228885,366.6666666666667,1.6772159465957042
299,299,5,recov,0.15883097408113342,1.8399146983003036,366.6666666666667,1.6772159465957042
300,300,3,recov,0.1600365966900399,1.832352760590122,366.6666666666667,1.6772159465957042
301,301,4,recov,0.1598249304315834,1.833676247608131,366.6666666666667,1.6772159465957042
302,302,5,recov,0.1596140341665926,1.834996664457701,366.6666666666667,1.6772159465957042
303,303,3,recov,0.16081026057681086,1.8275301147157328,366.6666666666667,1.6772159465957042
304,304,4,recov,0.16059904488616078,1.8288444246468065,366.6666666666667,1.6772159465957042
305,305,5,recov,0.1603885936942993,1.8301556977098252,366.6666666666667,1.6772159465957042
306,306,3,recov,0.16157553992758078,1.8227825061857779,366.6666666666667,1.6772159465957042
307,307,4,recov,0.16136478390002093,1.8240877384031906,366.6666666666667,1.6772159465957042
308,308,5,recov,0.16115478690182317,1.8253899665275286,366.6666666666667,1.6772159465957042
309,309,3,recov,0.16233256691646095,1.8181081658326361,366.6666666666667,1.6772159465957042
310,310,4,recov,0.1621222792736707,1.8194044181445033,366.6666666666667,1.6772159465957042
311,311,5,recov,0.16191274521697493,1.8206976986238605,366.6666666666667,1.6772159465957042
312,312,3,recov,0.16308147095581468,1.8135053812298774,366.6666666666667,1.6772159465957042
313,313,4,recov,0.1628716600584652,1.8147927499118321,366.6666666666667,1.6772159465957042
314,314,5,recov,0.1626625973309471,1.8160771785181273,366.6666666666667,1.6772159465957042
315,315,3,recov,0.16382237876802375,1.8089724943797665,366.6666666666667,1.6772159465957042
316,316,4,recov,0.1636130526279234,1.8102510742067848,366.6666666666667,1.6772159465957042
317,317,5,recov,0.16340446926918203,1.8115267452217054,366.6666666666667,1.6772159465957042
318,318,3,recov,0.16455541445502855,1.8045078995153028,366.6666666666667,1.6772159465957042
319,319,4,recov,0.16434658074683509,1.8057777837927098,366.6666666666667,1.6772159465957042
320,320,5,recov,0.16413848446004872,1.8070447900384488,366.6666666666667,1.6772159465957042
321,321,3,recov,0.1652806995657219,1.8001100410101225,366.6666666666667,1.6772159465957042
322,322,4,recov,0.16507236563823874,1.8013713216037999,366.6666666666667,1.6772159465957042
323,323,5,recov,0.16486476380140755,1.8026297544730026,366.6666666666667,1.6772159465957042
324,324,3,recov,0.16599835316127376,1.7957774113900227,366.6666666666667,1.6772159465957042
325,325,4,recov,0.16579052604834635,1.7970301787558445,366.6666666666667,1.6772159465957042
326,326,5,recov,0.16558342572513796,1.7982801282407934,366.6666666666667,1.6772159465957042
327,327,3,recov,0.16670849187846032,1.7915085494402962,366.6666666666667,1.6772159465957042
328,328,4,recov,0.16650117830948838,1.7927528926528158,366.6666666666667,1.6772159465957042
329,329,5,recov,0.16629458625970167,1.7939944473738736,366.6666666666667,1.6772159465957042
330,330,3,recov,0.16741122999106808,1.7873020384034393,366.6666666666667,1.6772159465957042
331,331,4,recov,0.1672044364011486,1.7885380451838504,366.6666666666667,1.6772159465957042
332,332,5,recov,0.166998359090811,1.7897712924171822,366.6666666666667,1.6772159465957042
333,333,3,recov,0.16810667946944152,1.7831565042621516,366.6666666666667,1.6772159465957042
334,334,4,recov,0.16790041200915634,1.7843842610055458,366.6666666666667,1.6772159465957042
335,335,5,recov,0.16769485562026828,1.7856092867101476,366.6666666666667,1.6772159465957042
336,336,3,recov,0.16879495003823866,1.7790706141028767,366.6666666666667,1.6772159465957042
337,337,4,recov,0.16858921458310117,1.780290205904818,366.6666666666667,1.6772159465957042
338,338,5,recov,0.16838418502304098,1.7815070947488678,366.6666666666667,1.6772159465957042
339,339,3,recov,0.16947614923245763,1.775043074555439,366.6666666666667,1.6772159465957042
340,340,4,recov,0.16927095139203074,1.7762545852378744,366.6666666666667,1.6772159465957042
341,341,5,recov,0.1690664543026339,1.7774634206244277,366.6666666666667,1.6772159465957042
342,342,3,recov,0.17015038245179417,1.771072630304606,366.6666666666667,1.6772159465957042
343,343,4,recov,0.16994572757849274,1.7722761424411357,366.6666666666667,1.6772159465957042
344,344,5,recov,0.16974176834481716,1.7734770065331833,366.6666666666667,1.6772159465957042
345,345,3,recov,0.17081775301338803,1.7671580626696777,366.6666666666667,1.6772159465957042
346,346,4,recov,0.17061364621097733,1.7683536576102,366.6666666666667,1.6772159465957042
347,347,5,recov,0.1704102299697665,1.7695466313551111,366.6666666666667,1.6772159465957042
348,348,3,recov,0.1714783622030132,1.7632981882484424,366.6666666666667,1.6772159465957042
349,349,4,recov,0.17127480833481523,1.7644859461431934,366.6666666666667,1.6772159465957042
350,350,5,recov,0.17107193998267117,1.7656711092965578,366.6666666666667,1.6772159465957042
351,351,3,recov,0.17213230932476598,1.7594918576220655,366.6666666666667,1.6772159465957042
352,352,4,recov,0.17192931302158418,1.7606718574450728,366.6666666666667,1.6772159465957042
353,353,5,recov,0.17172699722286072,1.7618492885939598,366.6666666666667,1.6772159465957042
354,354,3,recov,0.17277969174930102,1.755737954117691,366.6666666666667,1.6772159465957042
355,355,4,recov,0.17257725741707472,1.7569102736896545,366.6666666666667,1.6772159465957042
356,356,5,recov,0.17237549861150162,1.758080050275311,366.6666666666667,1.6772159465957042
357,357,3,recov,0.17342060496066594,1.7520353926257257,366.6666666666667,1.6772159465957042
358,358,4,recov,0.1732187367878638,1.7532001086363462,366.6666666666667,1.6772159465957042
359,359,5,recov,0.17301753919791174,1.7543623069763425,366.6666666666667,1.6772159465957042
360,360,3,recov,0.17405514260178087,1.7483831184689642,366.6666666666667,1.6772159465957042
361,361,4,recov,0.1738538445665433,1.7495403064987354,366.6666666666667,1.6772159465957042
362,362,5,recov,0.17365321220453994,1.7506950018085794,366.6666666666667,1.6772159465957042
363,363,3,recov,0.1746833965186082,1.7447801063208837,366.6666666666667,1.6772159465957042
364,364,4,recov,0.17448267239564877,1.7459298408623574,366.6666666666667,1.6772159465957042
365,365,5,recov,0.1742826090706538,1.7470771072765934,366.6666666666667,1.6772159465957042
366,366,3,recov,0.17530545680305765,1.741225359170586,366.6666666666667,1.6772159465957042
367,367,4,recov,0.17510531017033104,1.742367713649136,366.6666666666667,1.6772159465957042
368,368,5,recov,0.17490581949478043,1.7435076242419387,366.6666666666667,1.6772159465957042
369,369,3,recov,0.17592141183466706,1.7377179073320286,366.6666666666667,1.6772159465957042
370,370,4,recov,0.17572184607981342,1.7388529541261164,366.6666666666667,1.6772159465957042
371,371,5,recov,0.17552293147594084,1.739985580931397,366.6666666666667,1.6772159465957042
372,372,3,recov,0.17653134832110073,1.734256807495308,366.6666666666667,1.6772159465957042
373,373,4,recov,0.17633236664767388,1.735384617956272,366.6666666666667,1.6772159465957042
374,374,5,recov,0.17613403135371702,1.7365100319873117,366.6666666666667,1.6772159465957042
375,375,3,recov,0.17713535133750374,1.7308411418178982,366.6666666666667,1.6772159465957042
376,376,4,recov,0.1769369567709914,1.731961786289277,366.6666666666667,1.6772159465957042
377,377,5,recov,0.17673920384719172,1.7330800575578975,366.6666666666667,1.6772159465957042
378,378,3,recov,0.17773350436474963,1.7274700170538664,366.6666666666667,1.6772159465957042
379,379,4,recov,0.177535699758393,1.728583564890271,366.6666666666667,1.6772159465957042
380,380,5,recov,0.17733853209279615,1.7296947624255568,366.6666666666667,1.6772159465957042
381,381,3,recov,0.17832588932661783,1.7241425637191974,366.6666666666667,1.6772159465957042
382,382,4,recov,0.17812867736703836,1.7252490833047407,366.6666666666667,1.6772159465957042
383,383,5,recov,0.17793209768110216,1.7263532751713273,366.6666666666667,1.6772159465957042
384,384,3,recov,0.1789125866259358,1.7208579352914635,366.6666666666667,1.6772159465957042
385,385,4,recov,0.1787159698385752,1.721957494057765,366.6666666666667,1.6772159465957042
386,386,5,recov,0.17851998069259262,1.723054747373703,366.6666666666667,1.6772159465957042
387,387,3,recov,0.17949367517971881,1.717615307442181,366.6666666666667,1.6772159465957042
388,388,4,recov,0.17929765593410005,1.7187079718859555,366.6666666666667,1.6772159465957042
389,389,5,recov,0.17910225973244334,1.7197983528401624,366.6666666666667,1.6772159465957042
390,390,3,recov,0.18006923245334017,1.7144138773002824,366.6666666666667,1.6772159465957042
391,391,4,recov,0.17987381296815488,1.7154997130005225,366.6666666666667,1.6772159465957042
392,392,5,recov,0.17967901196434785,1.7165832868698352,366.6666666666667,1.6772159465957042
393,393,3,recov,0.18063933449376268,1.7112528627452186,366.6666666666667,1.6772159465957042
394,394,4,recov,0.1804445168417918,1.7123319343799872,366.6666666666667,1.6772159465957042
395,395,5,recov,0.18025031314341594,1.7134087655458223,366.6666666666667,1.6772159465957042
396,396,3,recov,0.18120405596186123,1.7081315017282923,366.6666666666667,1.6772159465957042
397,397,4,recov,0.1810098420747349,1.7092038730911303,366.6666666666667,1.6772159465957042
398,398,5,recov,0.1808162376481749,1.7102740250557702,366.6666666666667,1.6772159465957042
399,399,3,recov,0.18176347016386554,1.7050490516208967,366.6666666666667,1.6772159465957042
400,400,4,recov,0.18156986183666735,1.7061147856368597,366.6666666666667,1.6772159465957042
401,401,5,recov,0.18137685851170265,1.7071783210393656,366.6666666666667,1.6772159465957042
402,402,3,recov,0.1823176490819513,1.702004788588399,366.6666666666667,1.6772159465957042
403,403,4,recov,0.18212464797767292,1.703063947329732,366.6666666666667,1.6772159465957042
404,404,5,recov,0.18193224745192002,1.704120927961501,366.6666666666667,1.6772159465957042
405,405,3,recov,0.18286666340400523,1.6989980069884945,366.6666666666667,1.6772159465957042
406,406,4,recov,0.18267427105785647,1.7000506516899543,366.6666666666667,1.6772159465957042
407,407,5,recov,0.18248247490106714,1.7011011385099268,366.6666666666667,1.6772159465957042
408,408,3,recov,0.18341058255259143,1.6960280187928927,366.6666666666667,1.6772159465957042
409,409,4,recov,0.18321880037617075,1.6970742098667289,366.6666666666667,1.6772159465957042
410,410,5,recov,0.18302761003439194,1.6981182630162555,366.6666666666667,1.6772159465957042
411,411,3,recov,0.1839494747131429,1.6930941530312835,366.6666666666667,1.6772159465957042
412,412,4,recov,0.18375830399847343,1.6941339500818842,366.6666666666667,1.6772159465957042
413,413,5,recov,0.18356772079807285,1.695171628899264,366.6666666666667,1.6772159465957042
414,414,3,recov,0.1844834068614029,1.690195755256567,366.6666666666667,1.6772159465957042
415,415,4,recov,0.1842928487848385,1.6912292170947802,366.6666666666667,1.6772159465957042
416,416,5,recov,0.18410287393640087,1.6922605801294766,366.6666666666667,1.6772159465957042
417,417,3,recov,0.1850124447901389,1.6873321870303932,366.6666666666667,1.6772159465957042
418,418,4,recov,0.18482250041614476,1.6883593716875336,366.6666666666667,1.6772159465957042
419,419,5,recov,0.18463313501824352,1.6893844767140753,366.6666666666667,1.6772159465957042
420,420,3,recov,0.18553665313515164,1.6845028254281065,366.6666666666667,1.6772159465957042
421,421,4,recov,0.18534732341996396,1.685523790169653,366.6666666666667,1.6772159465957042
422,422,5,recov,0.18515856846281228,1.6865426942012318,366.6666666666667,1.6772159465957042
423,423,3,recov,0.18605609540060158,1.6817070625622306,366.6666666666667,1.6772159465957042
424,424,4,recov,0.18586738119577012,1.6827218639012245,366.6666666666667,1.6772159465957042
425,425,5,recov,0.18567923756475543,1.6837346232029973,366.6666666666667,1.6772159465957042
426,426,3,recov,0.18657083398367194,1.6789443051236839,366.6666666666667,1.6772159465957042
427,427,4,recov,0.18638273603948982,1.6799529988338366,366.6666666666667,1.6772159465957042
428,428,5,recov,0.18619520451859636,1.6809596689359332,366.6666666666667,1.6772159465957042
429,429,3,recov,0.1870809301985904,1.676213973939943,366.6666666666667,1.6772159465957042
430,430,4,recov,0.18689344916741504,1.677216615068457,366.6666666666667,1.6772159465957042
431,431,5,recov,0.1867065304425372,1.6782172507787125,366.6666666666667,1.6772159465957042
432,432,0,fam_r,0.05339144375871433,2.930104775091623,366.6666666666667,1.6772159465957042
433,433,1,fam_r,0.053338258064407354,2.931101417971738,366.6666666666667,1.6772159465957042
434,434,2,fam_r,0.05328523125319611,2.932096073388146,366.6666666666667,1.6772159465957042
435,435,0,fam_r,0.05469325650287902,2.9060148586370045,366.6666666666667,1.6772159465957042
436,436,1,fam_r,0.05463909882003979,2.9070055569002737,366.6666666666667,1.6772159465957042
437,437,2,fam_r,0.05458510228292789,2.907994285423174,366.6666666666667,1.6772159465957042
438,438,0,fam_r,0.05598346785931056,2.8826988486300706,366.6666666666667,1.6772159465957042
439,439,1,fam_r,0.05592836211003274,2.8836836552183747,366.6666666666667,1.6772159465957042
440,440,2,fam_r,0.05587341968100513,2.8846665095623814,366.6666666666667,1.6772159465957042
441,441,0,fam_r,0.057262226487863194,2.8601140962423615,366.6666666666667,1.6772159465957042
442,442,1,fam_r,0.05720619607807327,2.861093063419663,366.6666666666667,1.6772159465957042
443,443,2,fam_r,0.05715033107753732,2.8620700956253358,366.6666666666667,1.6772159465957042
444,444,0,fam_r,0.058529678523127494,2.8382213282085713,366.6666666666667,1.6772159465957042
445,445,1,fam_r,0.0584727463549147,2.8391945075724245,366.6666666666667,1.6772159465957042
446,446,2,fam_r,0.0584159816019514,2.840165769017697,366.6666666666667,1.6772159465957042
0,0,0,fam,0.06666666666666667,2.70805020110221,476.6666666666667,1.5945359758736577
1,1,1,fam,0.0664451827242525,2.7113779911948845,476.6666666666667,1.5945359758736577
2,2,2,fam,0.06622538485226771,2.7146914325571183,476.6666666666667,1.5945359758736577
3,3,0,fam,0.06930101925332256,2.6692956650542863,476.6666666666667,1.5945359758736577
4,4,1,fam,0.06907373409927214,2.672580734807876,476.6666666666667,1.5945359758736577
5,5,2,fam,0.0688481599785651,2.6758517792399017,476.6666666666667,1.5945359758736577
6,6,0,fam,0.07187610357880497,2.632811425842601,476.6666666666667,1.5945359758736577
7,7,1,fam,0.07164336480669116,2.6360547346249965,476.6666666666667,1.5945359758736577
8,8,2,fam,0.07141235890245792,2.639284330743654,476.6666666666667,1.5945359758736577
9,9,0,fam,0.07439388632446743,2.598381513577715,476.6666666666667,1.5945359758736577
10,10,1,fam,0.07415602281268667,2.6015839889808086,476.6666666666667,1.5945359758736577
11,11,2,fam,0.07391991111498518,2.604773054098225,476.6666666666667,1.5945359758736577
12,12,0,fam,0.07685624811342445,2.5658185095903243,476.6666666666667,1.5945359758736577
13,13,1,fam,0.07661357115384462,2.5689810488179416,476.6666666666667,1.5945359758736577
14,14,2,fam,0.07637266228764315,2.5721304703039203,476.6666666666667,1.5945359758736577
15,15,0,fam,0.07926498816682685,2.534958758973189,476.6666666666667,1.5945359758736577
16,16,1,fam,0.07901779251585267,2.5380822301540658,476.6666666666667,1.5945359758736577
17,17,2,fam,0.07877237877505083,2.5411928667251593,476.6666666666667,1.5945359758736577
18,18,0,fam,0.08162182866105419,2.5056585446848336,476.6666666666667,1.5945359758736577
19,19,1,fam,0.0813703935191393,2.5087437881154324,476.6666666666667,1.5945359758736577
20,20,2,fam,0.08112075183044841,2.511816471055383,476.6666666666667,1.5945359758736577
21,21,0,fam,0.08392841880799931,2.4777910004786703,476.6666666666667,1.5945359758736577
22,22,1,fam,0.08367300873311052,2.480838829800296,476.6666666666667,1.5945359758736577
23,23,2,fam,0.08341940155517143,2.483874364116181,476.6666666666667,1.5945359758736577
24,24,0,fam,0.08618633867876077,2.451243597877502,476.6666666666667,1.5945359758736577
25,25,1,fam,0.08592720443882687,2.4542548011918375,476.6666666666667,1.5945359758736577
26,26,2,fam,0.08566988060148231,2.457253966709942,476.6666666666667,1.5945359758736577
27,27,0,fam,0.08839710278937339,2.4259160837514813,476.6666666666667,1.5945359758736577
28,28,1,fam,0.08813448215832258,2.428891424678368,476.6666666666667,1.5945359758736577
29,29,2,fam,0.08787367764654408,2.4318549770835185,476.6666666666667,1.5945359758736577
30,30,0,fam,0.09056216346567694,2.4017187749531157,476.6666666666667,1.5945359758736577
31,31,1,fam,0.09029628196727864,2.4046589936341367,476.6666666666667,1.5945359758736577
32,32,2,fam,0.09003222065387033,2.407587665455956,476.6666666666667,1.5945359758736577
33,33,0,fam,0.09268291400303272,2.3785711383603085,476.6666666666667,1.5945359758736577
34,34,1,fam,0.09241398560640826,2.3814769524114605,476.6666666666667,1.5945359758736577
35,35,2,fam,0.09214687993726635,2.3843714539607723,476.6666666666667,1.5945359758736577
36,36,0,fam,0.09476069163533411,2.3564006009071488,476.6666666666667,1.5945359758736577
37,37,1,fam,0.09448891940568048,2.359272706323685,476.6666666666667,1.5945359758736577
38,38,2,fam,0.09421897104107681,2.36213372658205,476.6666666666667,1.5945359758736577
39,39,0,fam,0.09679678032660552,2.335141546341554,476.6666666666667,1.5945359758736577
40,40,1,fam,0.09652235703438683,2.3379806183578413,476.6666666666667,1.5945359758736577
41,41,2,fam,0.09624975744946072,2.3408088258230215,476.6666666666667,1.5945359758736577
42,42,0,fam,0.09879241339743602,2.314734464651968,476.6666666666667,1.5945359758736577
43,43,1,fam,0.09851552208903301,2.3175411585590187,476.6666666666667,1.5945359758736577
44,44,2,fam,0.098240453136419,2.3203372020489605,476.6666666666667,1.5945359758736577
45,45,0,fam,0.10074877599753691,2.2951252271369653,476.6666666666667,1.5945359758736577
46,46,1,fam,0.10046959053010418,2.2979001790601212,476.6666666666667,1.5945359758736577
47,47,2,fam,0.10019222496738836,2.3006646884778754,476.6666666666667,1.5945359758736577
48,48,0,fam,0.1026670074348392,2.276264465511669,476.6666666666667,1.5945359758736577
49,49,1,fam,0.10238569297790151,2.279008293150741,476.6666666666667,1.5945359758736577
50,50,2,fam,0.10210619496238522,2.281741880212577,476.6666666666667,1.5945359758736577
51,51,0,fam,0.10454820337074923,2.2581070376573553,476.6666666666667,1.5945359758736577
52,52,1,fam,0.10426491687686779,2.2608203409913807,476.6666666666667,1.5945359758736577
53,53,2,fam,0.10398344242992286,2.2635235999201964,476.6666666666667,1.5945359758736577
54,54,0,fam,0.10639341789044998,2.2406115659199823,476.6666666666667,1.5945359758736577
55,55,1,fam,0.10610830853710775,2.2432949278785994,476.6666666666667,1.5945359758736577
56,56,2,fam,0.10582500598022897,2.2459684360646013,476.6666666666667,1.5945359758736577
57,57,0,fam,0.10820366545646835,2.223740036466401,476.6666666666667,1.5945359758736577
58,58,1,fam,0.10791687506115655,2.2263940235697315,476.6666666666667,1.5945359758736577
59,59,2,fam,0.10763188542565465,2.2290383422002096,476.6666666666667,1.5945359758736577
60,60,0,fam,0.1099799227531158,2.2074574502748208,476.6666666666667,1.5945359758736577
61,61,1,fam,0.10969158616345168,2.2100826132436104,476.6666666666667,1.5945359758736577
62,62,2,fam,0.10940504357558109,2.2126982879035357,476.6666666666667,1.5945359758736577
63,63,0,fam,0.11172313042884839,2.1917315179893766,476.6666666666667,1.5945359758736577
64,64,1,fam,0.11143337588941464,2.194328392327037,476.6666666666667,1.5945359758736577
65,65,2,fam,0.11114540793259402,2.196915953572087,476.6666666666667,1.5945359758736577
66,66,3,recov,0.054960146619790304,2.9011469633170472,476.6666666666667,1.5945359758736577
67,67,4,recov,0.054819129368959586,2.9037160698651405,476.6666666666667,1.5945359758736577
68,68,5,recov,0.0546789738496296,2.9062760337686546,476.6666666666667,1.5945359758736577
69,69,3,recov,0.05726120462912053,2.86013194165151,476.6666666666667,1.5945359758736577
70,70,4,recov,0.05711584032067768,2.8626737871201167,476.6666666666667,1.5945359758736577
71,71,5,recov,0.056971356454440424,2.8652066557953955,476.6666666666667,1.5945359758736577
72,72,3,recov,0.059520581179149795,2.821433124070332,476.6666666666667,1.5945359758736577
73,73,4,recov,0.05937107040057574,2.8239482015446504,476.6666666666667,1.5945359758736577
74,74,5,recov,0.05922245724658637,2.826454463643919,476.6666666666667,1.5945359758736577
75,75,3,recov,0.06173938872917498,2.7848331606831653,476.6666666666667,1.5945359758736577
76,76,4,recov,0.06158592344204041,2.787321950107612,476.6666666666667,1.5945359758736577
77,77,5,recov,0.06143337152494847,2.789802081298887,476.6666666666667,1.5945359758736577
78,78,3,recov,0.06391870050276188,2.750143307787693,476.6666666666667,1.5945359758736577
79,79,4,recov,0.06376146446105584,2.752606276428691,476.6666666666667,1.5945359758736577
80,80,5,recov,0.06360515618368408,2.755060739851719,476.6666666666667,1.5945359758736577
81,81,3,recov,0.06605955220242794,2.717198637691758,476.6666666666667,1.5945359758736577
82,82,4,recov,0.06589872134767641,2.7196362405803303,476.6666666666667,1.5945359758736577
83,83,5,recov,0.06573883138086971,2.7220654872826824,476.6666666666667,1.5945359758736577
84,84,3,recov,0.06816294363518184,2.6858542102577303,476.6666666666667,1.5945359758736577
85,85,4,recov,0.06799868646981641,2.6882668906129457,476.6666666666667,1.5945359758736577
86,86,5,recov,0.06783538212089253,2.6906713599673053,476.6666666666667,1.5945359758736577
87,87,3,recov,0.07022984025428042,2.6559819834217913,476.6666666666667,1.5945359758736577
88,88,4,recov,0.070062318194614,2.6583701730560474,476.6666666666667,1.5945359758736577
89,89,5,recov,0.06989575975574754,2.6607502931596487,476.6666666666667,1.5945359758736577
90,90,3,recov,0.07226117462219785,2.6274682978979746,476.6666666666667,1.5945359758736577
91,91,4,recov,0.07209054233226957,2.6298324176050505,476.6666666666667,1.5945359758736577
92,92,5,recov,0.07192088341004768,2.6321886056621793,476.6666666666667,1.5945359758736577
93,93,3,recov,0.07425784779946473,2.6002118126156883,476.6666666666667,1.5945359758736577
94,94,4,recov,0.07408425350692895,2.6025522725424284,476.6666666666667,1.5945359758736577
95,95,5,recov,0.07391164133423168,2.6048849352308396,476.6666666666667,1.5945359758736577
96,96,3,recov,0.07622073066372284,2.574121797335679,476.6666666666667,1.5945359758736577
97,97,4,recov,0.07604431645887602,2.5764389973381396,476.6666666666667,1.5945359758736577
98,98,5,recov,0.07586889219015525,2.5787485311601968,476.6666666666667,1.5945359758736577
99,99,3,recov,0.07815066516305202,2.5491167107874433,476.6666666666667,1.5945359758736577
100,100,4,recov,0.07797156728201718,2.5514110407722694,476.6666666666667,1.5945359758736577
101,101,5,recov,0.07779346627297476,2.5536978323915607,476.6666666666667,1.5945359758736577
102,102,3,recov,0.0800484655073594,2.525123008900416,476.6666666666667,1.5945359758736577
103,103,4,recov,0.07986681460037803,2.5273948491521785,476.6666666666667,1.5945359758736577
104,104,5,recov,0.07968616667297666,2.529659275716332,476.6666666666667,1.5945359758736577
105,105,3,recov,0.08191491930137196,2.502074139861199,476.6666666666667,1.5945359758736577
106,106,4,recov,0.08173084068709037,2.5043238613563785,476.6666666666667,1.5945359758736577
107,107,5,recov,0.08154777038076796,2.50656629080674,476.6666666666667,1.5945359758736577
108,108,3,recov,0.08375078862254569,2.47990969193269,476.6666666666667,1.5945359758736577
109,109,4,recov,0.083564402529123,2.48213765664096,476.6666666666667,1.5945359758736577
110,110,5,recov,0.08337902933902332,2.484358448009777,476.6666666666667,1.5945359758736577
111,111,3,recov,0.08555681104698985,2.4585746670030915,476.6666666666667,1.5945359758736577
112,112,4,recov,0.08536823284080054,2.4607812281765065,476.6666666666667,1.5945359758736577
113,113,5,recov,0.08518067144377944,2.462980731872218,476.6666666666667,1.5945359758736577
114,114,3,recov,0.08733370062630835,2.4380188582532414,476.6666666666667,1.5945359758736577
115,115,4,recov,0.08714304102896143,2.44020436070391,476.6666666666667,1.5945359758736577
116,116,5,recov,0.08695340149807841,2.4423829187851047,476.6666666666667,1.5945359758736577
117,117,3,recov,0.08908214881807626,2.4181963145435827,476.6666666666667,1.5945359758736577
118,118,4,recov,0.08888951411242584,2.4203610949103753,476.6666666666667,1.5945359758736577
119,119,5,recov,0.08869790212058447,2.4225190413489575,476.6666666666667,1.5945359758736577
120,120,3,recov,0.09080282537249831,2.3990648774217895,476.6666666666667,1.5945359758736577
121,121,4,recov,0.09060831759827734,2.40120926442659,476.6666666666667,1.5945359758736577
122,122,5,recov,0.09041483461163503,2.4033469253606587,476.6666666666667,1.5945359758736577
123,123,3,recov,0.09249637917763853,2.3805857792554344,476.6666666666667,1.5945359758736577
124,124,4,recov,0.09230009631730622,2.382710093949431,476.6666666666667,1.5945359758736577
125,125,5,recov,0.09210483977903472,2.3848277879263486,476.6666666666667,1.5945359758736577
126,126,3,recov,0.09416343906546175,2.362723293062192,476.6666666666667,1.5945359758736577
127,127,4,recov,0.09396547522081826,2.3648278490626584,476.6666666666667,1.5945359758736577
128,128,5,recov,0.09376853872575856,2.366925887272769,476.6666666666667,1.5945359758736577
129,129,3,recov,0.09580461458079026,2.3454444262636294,476.6666666666667,1.5945359758736577
130,130,4,recov,0.09560506014087657,2.3475295299816454,476.6666666666667,1.5945359758736577
131,131,5,recov,0.09540653360159845,2.349608216483061,476.6666666666667,1.5945359758736577
132,132,3,recov,0.09742049671515136,2.3287186519188188,476.6666666666667,1.5945359758736577
133,133,4,recov,0.09721943851592023,2.3307846027783348,476.6666666666667,1.5945359758736577
134,134,5,recov,0.09701940832066396,2.3328442347132032,476.6666666666667,1.5945359758736577
135,135,3,recov,0.0990116586073718,2.312517672070322,476.6666666666667,1.5945359758736577
136,136,4,recov,0.09880918008358533,2.3145647627189603,476.6666666666667,1.5945359758736577
137,137,5,recov,0.09860772924653374,2.3166056305215994,476.6666666666667,1.5945359758736577
138,138,3,recov,0.10057865621266358,2.296815208710711,476.6666666666667,1.5945359758736577
139,139,4,recov,0.1003748375424445,2.298843725222678,476.6666666666667,1.5945359758736577
140,140,5,recov,0.10017204584674612,2.300866112819935,476.6666666666667,1.5945359758736577
141,141,3,recov,0.10212202894184264,2.2815868185938992,476.6666666666667,1.5945359758736577
142,142,4,recov,0.10191694718428031,2.28359704066536,476.6666666666667,1.5945359758736577
143,143,5,recov,0.101712891318218,2.2856012256695473,476.6666666666667,1.5945359758736577
144,144,3,recov,0.10364230027222374,2.266809728704119,476.6666666666667,1.5945359758736577
145,145,4,recov,0.10343602949841152,2.268801929841364,476.6666666666667,1.5945359758736577
146,146,5,recov,0.10323078318508747,2.2707881837360966,476.6666666666667,1.5945359758736577
147,147,3,recov,0.10513997833164553,2.2524626896813498,476.6666666666667,1.5945359758736577
148,148,4,recov,0.10493258974950324,2.2544371373820753,476.6666666666667,1.5945359758736577
149,149,5,recov,0.10472622387038852,2.2564057257013213,476.6666666666667,1.5945359758736577
150,150,3,recov,0.10661555645699419,2.2385258449051353,476.6666666666667,1.5945359758736577
151,151,4,recov,0.10640711853020789,2.2404828008331337,476.6666666666667,1.5945359758736577
152,152,5,recov,0.10619970124288396,2.2424339833337736,476.6666666666667,1.5945359758736577
153,153,3,recov,0.10806951372851582,2.2249806132745227,476.6666666666667,1.5945359758736577
154,154,4,recov,0.10786009228990767,2.2269203334280703,476.6666666666667,1.5945359758736577
155,155,5,recov,0.10765168914030779,2.228854364256245,476.6666666666667,1.5945359758736577
156,156,3,recov,0.10950231548113257,2.211809584002738,476.6666666666667,1.5945359758736577
157,157,4,recov,0.10929197384075477,2.2137323188769513,476.6666666666667,1.5945359758736577
158,158,5,recov,0.10908264787019453,2.215649446728465,476.6666666666667,1.5945359758736577
159,159,3,recov,0.11091441379390979,2.1989964219810667,476.6666666666667,1.5945359758736577
160,160,4,recov,0.11070321284213915,2.200902416724484,476.6666666666667,1.5945359758736577
161,161,5,recov,0.1104930246894094,2.2028028849995156,476.6666666666667,1.5945359758736577
162,162,3,recov,0.11230624795875505,2.1865257824652127,476.6666666666667,1.5945359758736577
163,163,4,recov,0.11209424626464862,2.188415277030846,476.6666666666667,1.5945359758736577
164,164,5,recov,0.11188325426342673,2.190299323983209,476.6666666666667,1.5945359758736577
165,165,3,recov,0.11367824492937022,2.1743832340055538,476.6666666666667,1.5945359758736577
166,166,4,recov,0.11346549883452758,2.1762564632966415,476.6666666666667,1.5945359758736577
167,167,5,recov,0.11325375910634912,2.1781243221778235,476.6666666666667,1.5945359758736577
168,168,3,recov,0.11503081975142043,2.162555188685454,476.6666666666667,1.5945359758736577
169,169,4,recov,0.1148173834595833,2.164412382696141,476.6666666666667,1.5945359758736577
170,170,5,recov,0.11460495000260203,2.1662642818943376,476.6666666666667,1.5945359758736577
171,171,3,recov,0.11636437597483022,2.151028838853347,476.6666666666667,1.5945359758736577
172,172,4,recov,0.11615030163743761,2.1528702228044967,476.6666666666667,1.5945359758736577
173,173,5,recov,0.11593722641118838,2.1547063859788467,476.6666666666667,1.5945359758736577
174,174,3,recov,0.1176793060490675,2.1397920996381274,476.6666666666667,1.5945359758736577
175,175,4,recov,0.11746464384697178,2.1416178941084714,476.6666666666667,1.5945359758736577
176,176,5,recov,0.11725097685333875,2.143438540318695,476.6666666666667,1.5945359758736577
177,177,3,recov,0.11897599170222851,2.1288335566263985,476.6666666666667,1.5945359758736577
178,178,4,recov,0.11876078992376583,2.130643977679212,476.6666666666667,1.5945359758736577
179,179,5,recov,0.11854657928434748,2.1324493215108338,476.6666666666667,1.5945359758736577
180,180,3,recov,0.120254804304693,2.1181424181565722,476.6666666666667,1.5945359758736577
181,181,4,recov,0.12003910942029142,2.119937677462055,476.6666666666667,1.5945359758736577
182,182,5,recov,0.11982440145034219,2.1217279291473976,476.6666666666667,1.5945359758736577
183,183,3,recov,0.12151610521807758,2.1077084717507315,476.6666666666667,1.5945359758736577
184,184,4,recov,0.1212999619515751,2.109488776704275,476.6666666666667,1.5945359758736577
185,185,5,recov,0.12108480123069433,2.111264142239386,476.6666666666667,1.5945359758736577
186,186,3,recov,0.12276024613017589,2.0975220442621336,476.6666666666667,1.5945359758736577
187,187,4,recov,0.12254369752701164,2.0992875980986314,476.6666666666667,1.5945359758736577
188,188,5,recov,0.12232812696674035,2.1010482793563137,476.6666666666667,1.5945359758736577
189,189,3,recov,0.12398756937653763,2.087573965365569,476.6666666666667,1.5945359758736577
190,190,4,recov,0.12377065686897018,2.089324967269932,476.6666666666667,1.5945359758736577
191,191,5,recov,0.1235547177774478,2.0910711621090274,476.6666666666667,1.5945359758736577
192,192,3,recov,0.1251984082493045,2.07785553406066,476.6666666666667,1.5945359758736577
193,193,4,recov,0.12498117171880271,2.079592179274687,476.6666666666667,1.5945359758736577
194,194,5,recov,0.12476490386262719,2.081324081645763,476.6666666666667,1.5945359758736577
195,195,3,recov,0.12639308729388798,2.068358487895518,476.6666666666667,1.5945359758736577
196,196,4,recov,0.12617556513083214,2.0700809678212635,476.6666666666667,1.5945359758736577
197,197,5,recov,0.1259590067942595,2.071798767868845,476.6666666666667,1.5945359758736577
198,198,3,recov,0.12757192259404396,2.0590749746507475,476.6666666666667,1.5945359758736577
199,199,4,recov,0.12735415175486722,2.0607834769505247,476.6666666666667,1.5945359758736577
200,200,5,recov,0.12713733979647876,2.0624873611120047,476.6666666666667,1.5945359758736577
201,201,3,recov,0.12873522204586987,2.0499975262522994,476.6666666666667,1.5945359758736577
202,202,4,recov,0.12851723810776336,2.051692234945447,476.6666666666667,1.5945359758736577
203,203,5,recov,0.12830020801472186,2.0533823860468035,476.6666666666667,1.5945359758736577
204,204,3,recov,0.12988328562122406,2.041119034706639,476.6666666666667,1.5945359758736577
205,205,4,recov,0.1296651228345216,2.042800130263181,476.6666666666667,1.5945359758736577
206,206,5,recov,0.12944790877453222,2.0444767276116242,476.6666666666667,1.5945359758736577
207,207,3,recov,0.13101640562103964,2.0324327298736824,476.6666666666667,1.5945359758736577
208,208,4,recov,0.13079809695939307,2.034100389304994,476.6666666666667,1.5945359758736577
209,209,5,recov,0.13058073183047697,2.035763608778664,476.6666666666667,1.5945359758736577
210,210,3,recov,0.1321348669189833,2.0239321589122468,476.6666666666667,1.5945359758736577
211,211,4,recov,0.13191644412743225,2.0255865558588444,476.6666666666667,1.5945359758736577
212,212,5,recov,0.1316989596056168,2.027236569993666,476.6666666666667,1.5945359758736577
213,213,3,recov,0.13323894719588492,2.015611167249832,476.6666666666667,1.5945359758736577
214,214,4,recov,0.13302044083692058,2.0172524720663967,476.6666666666667,1.5945359758736577
215,215,5,recov,0.1328028674219434,2.0188894501402017,476.6666666666667,1.5945359758736577
216,216,3,recov,0.13432891716534395,2.007463880943621,476.6666666666667,1.5945359758736577
217,217,4,recov,0.13411035666305984,2.0090922607813555,476.6666666666667,1.5945359758736577
218,218,5,recov,0.1338927237221796,2.0107163688953773,476.6666666666667,1.5945359758736577
219,219,3,recov,0.1354050407908968,1.9994846903129164,476.6666666666667,1.5945359758736577
220,220,4,recov,0.1351864544733164,2.0011003091993387,476.6666666666667,1.5945359758736577
221,221,5,recov,0.13496879028331796,2.00271171035717,476.6666666666667,1.5945359758736577
222,222,3,recov,0.13646757549511213,1.991668234735081,476.6666666666667,1.5945359758736577
223,223,4,recov,0.1362489906347766,1.9932712536513502,476.6666666666667,1.5945359758736577
224,224,5,recov,0.136031322422254,1.9948701078354676,476.6666666666667,1.5945359758736577
225,225,3,recov,0.13751677236096096,1.984009388507576,476.6666666666667,1.5945359758736577
226,226,4,recov,0.13729821521385782,1.9855999654634386,476.6666666666667,1.5945359758736577
227,227,5,recov,0.1370805691938538,1.9871864297093729,476.6666666666667,1.5945359758736577
228,228,3,recov,0.13855287632579344,1.9765032476880373,476.6666666666667,1.5945359758736577
229,229,4,recov,0.1383343721687014,1.9780815377944827,476.6666666666667,1.5945359758736577
230,230,5,recov,0.13811677358177868,1.9796557662627325,476.6666666666667,1.5945359758736577
231,231,3,recov,0.1395761263682363,1.9691451178327024,476.6666666666667,1.5945359758736577
232,232,4,recov,0.13935769953455873,1.9707112733724104,476.6666666666667,1.5945359758736577
233,233,5,recov,0.13914017268237414,1.9722734174181713,476.6666666666667,1.5945359758736577
234,234,3,recov,0.1405867556883113,1.9619305025609435,476.6666666666667,1.5945359758736577
235,235,4,recov,0.1403684296024664,1.9634846730566058,476.6666666666667,1.5945359758736577
236,236,5,recov,0.1401509978819152,1.9650348812973997,476.6666666666667,1.5945359758736577
237,237,3,recov,0.14158499188105914,1.9548550928803488,476.6666666666667,1.5945359758736577
238,238,4,recov,0.1413667890914916,1.9563974251609402,476.6666666666667,1.5945359758736577
239,239,5,recov,0.1411494750274866,1.9579358435422183,476.6666666666667,1.5945359758736577
240,240,3,recov,0.1425710571039407,1.9479147572127626,476.6666666666667,1.5945359758736577
241,241,4,recov,0.14235299931481715,1.949445395477832,476.6666666666667,1.5945359758736577
242,242,5,recov,0.14213582459176308,1.950972167336625,476.6666666666667,1.5945359758736577
243,243,3,recov,0.1435451682382746,1.941105532067057,476.6666666666667,1.5945359758736577
244,244,4,recov,0.14332727633992043,1.9426246179491153,476.6666666666667,1.5945359758736577
245,245,5,recov,0.1431102618319421,1.9441398840757975,476.6666666666667,1.5945359758736577
246,246,3,recov,0.14450753704495667,1.9344236133092396,476.6666666666667,1.5945359758736577
247,247,4,recov,0.14428983114309105,1.9359312859343059,476.6666666666667,1.5945359758736577
248,248,5,recov,0.14407299694306944,1.9374351846325448,476.6666666666667,1.5945359758736577
249,249,3,recov,0.14545837031469697,1.927865347984825,476.6666666666667,1.5945359758736577
250,250,4,recov,0.1452408697585182,1.9293617440311965,476.6666666666667,1.5945359758736577
251,251,5,recov,0.14502423520598803,1.9308544111761463,476.6666666666667,1.5945359758736577
252,252,3,recov,0.14639787001299814,1.9214272266523076,476.6666666666667,1.5945359758736577
253,253,4,recov,0.14618059342216985,1.9229124804076219,476.6666666666667,1.5945359758736577
254,254,5,recov,0.14596417713012758,1.9243940495024248,476.6666666666667,1.5945359758736577
255,255,3,recov,0.147326233420088,1.915105876190114,476.6666666666667,1.5945359758736577
256,256,4,recov,0.14710919871067452,1.9165801196067527,476.6666666666667,1.5945359758736577
257,257,5,recov,0.14689301859134415,1.9180507218374074,476.6666666666667,1.5945359758736577
258,258,3,recov,0.14824365326601063,1.9088980530425708,476.6666666666667,1.5945359758736577
259,259,4,recov,0.14802687767540654,1.9103614157914708,476.6666666666667,1.5945359758736577
260,260,5,recov,0.1478109509650093,1.9118211800801217,476.6666666666667,1.5945359758736577
261,261,3,recov,0.1491503178610705,1.9028006368733286,476.6666666666667,1.5945359758736577
262,262,4,recov,0.1489338179719683,1.90425324639625,476.6666666666667,1.5945359758736577
263,263,5,recov,0.14871816125453757,1.905702299452955,476.6666666666667,1.5945359758736577
264,264,3,recov,0.15004641122181409,1.8968106245972831,476.6666666666667,1.5945359758736577
265,265,4,recov,0.14983020298525082,1.89825260615759,476.6666666666667,1.5945359758736577
266,266,5,recov,0.14961483221553468,1.8996910725306162,476.6666666666667,1.5945359758736577
267,267,3,recov,0.15093211319272729,1.8909251247643954,476.6666666666667,1.5945359758736577
268,268,4,recov,0.1507162119502497,1.8923566014963988,476.6666666666667,1.5945359758736577
269,269,5,recov,0.15050114247573895,1.8937846036210964,476.6666666666667,1.5945359758736577
270,270,3,recov,0.1518075995638164,1.8851413522709748,476.6666666666667,1.5945359758736577
271,271,4,recov,0.15159202006880212,1.886562445227885,476.6666666666667,1.5945359758736577
272,272,5,recov,0.15137726665092172,1.887980103474187,476.6666666666667,1.5945359758736577
273,273,3,recov,0.15267304218423539,1.8794566233759198,476.6666666666667,1.5945359758736577
274,274,4,recov,0.1524577986224058,1.880867451576458,476.6666666666667,1.5945359758736577
275,275,5,recov,0.15224337545690414,1.8822748842950545,476.6666666666667,1.5945359758736577
276,276,3,recov,0.15352860907211296,1.8738683510012124,476.6666666666667,1.5945359758736577
277,277,4,recov,0.15331371508127173,1.8752690314749223,476.6666666666667,1.5945359758736577
278,278,5,recov,0.15309963581784233,1.876666355042149,476.6666666666667,1.5945359758736577
279,279,3,recov,0.15437446452072678,1.8683740402975597,476.6666666666667,1.5945359758736577
280,280,4,recov,0.1541599332097567,1.8697646881288656,476.6666666666667,1.5945359758736577
281,281,5,recov,0.15394621097092373,1.8711520169903544,476.6666666666667,1.5945359758736577
282,282,3,recov,0.15521076920116678,1.862971284457561,476.6666666666667,1.5945359758736577
283,283,4,recov,0.15499661316831537,1.8643520128286144,476.6666666666667,1.5945359758736577
284,284,5,recov,0.15478326056761402,1.8657294595417413,476.6666666666667,1.5945359758736577
285,285,3,recov,0.15603768026162051,1.85765776076013,476.6666666666667,1.5945359758736577
286,286,4,recov,0.15582391161210465,1.8590286809924779,476.6666666666667,1.5945359758736577
287,287,5,recov,0.15561094077158544,1.8603963562676542,476.6666666666667,1.5945359758736577
288,288,3,recov,0.15685535142341175,1.8524312268311136,476.6666666666667,1.5945359758736577
289,289,4,recov,0.1566419817863685,1.8537924484262394,476.6666666666667,1.5945359758736577
290,290,5,recov,0.15642940435345362,1.8551504611670748,476.6666666666667,1.5945359758736577
291,291,3,recov,0.15766393307391346,1.847289517106204,476.6666666666667,1.5945359758736577
292,292,4,recov,0.15745097361872507,1.8486411477849618,476.6666666666667,1.5945359758736577
293,293,5,recov,0.15723880078244248,1.849989605127349,476.6666666666667,1.5945359758736577
294,294,3,recov,0.1584635723564545,1.8422305394832394,476.6666666666667,1.5945359758736577
295,295,4,recov,0.15825103380847205,1.8435726852242322,476.6666666666667,1.5945359758736577
296,296,5,recov,0.1580392763150942,1.844911692574373,476.6666666666667,1.5945359758736577
297,297,3,recov,0.1592544132573323,1.8372522721519575,476.6666666666667,1.5945359758736577
298,298,4,recov,0.15904230591302343,1.838585037228885,476.6666666666667,1.5945359758736577
299,299,5,recov,0.15883097408113342,1.8399146983003036,476.6666666666667,1.5945359758736577
300,300,3,recov,0.1600365966900399,1.832352760590122,476.6666666666667,1.5945359758736577
301,301,4,recov,0.1598249304315834,1.833676247608131,476.6666666666667,1.5945359758736577
302,302,5,recov,0.1596140341665926,1.834996664457701,476.6666666666667,1.5945359758736577
303,303,3,recov,0.16081026057681086,1.8275301147157328,476.6666666666667,1.5945359758736577
304,304,4,recov,0.16059904488616078,1.8288444246468065,476.6666666666667,1.5945359758736577
305,305,5,recov,0.1603885936942993,1.8301556977098252,476.6666666666667,1.5945359758736577
306,306,3,recov,0.16157553992758078,1.8227825061857779,476.6666666666667,1.5945359758736577
307,307,4,recov,0.16136478390002093,1.8240877384031906,476.6666666666667,1.5945359758736577
308,308,5,recov,0.16115478690182317,1.8253899665275286,476.6666666666667,1.5945359758736577
309,309,3,recov,0.16233256691646095,1.8181081658326361,476.6666666666667,1.5945359758736577
310,310,4,recov,0.1621222792736707,1.8194044181445033,476.6666666666667,1.5945359758736577
311,311,5,recov,0.16191274521697493,1.8206976986238605,476.6666666666667,1.5945359758736577
312,312,3,recov,0.16308147095581468,1.8135053812298774,476.6666666666667,1.5945359758736577
313,313,4,recov,0.1628716600584652,1.8147927499118321,476.6666666666667,1.5945359758736577
314,314,5,recov,0.1626625973309471,1.8160771785181273,476.6666666666667,1.5945359758736577
315,315,3,recov,0.16382237876802375,1.8089724943797665,476.6666666666667,1.5945359758736577
316,316,4,recov,0.1636130526279234,1.8102510742067848,476.6666666666667,1.5945359758736577
317,317,5,recov,0.16340446926918203,1.8115267452217054,476.6666666666667,1.5945359758736577
318,318,3,recov,0.16455541445502855,1.8045078995153028,476.6666666666667,1.5945359758736577
319,319,4,recov,0.16434658074683509,1.8057777837927098,476.6666666666667,1.5945359758736577
320,320,5,recov,0.16413848446004872,1.8070447900384488,476.6666666666667,1.5945359758736577
321,321,3,recov,0.1652806995657219,1.8001100410101225,476.6666666666667,1.5945359758736577
322,322,4,recov,0.16507236563823874,1.8013713216037999,476.6666666666667,1.5945359758736577
323,323,5,recov,0.16486476380140755,1.8026297544730026,476.6666666666667,1.5945359758736577
324,324,3,recov,0.16599835316127376,1.7957774113900227,476.6666666666667,1.5945359758736577
325,325,4,recov,0.16579052604834635,1.7970301787558445,476.6666666666667,1.5945359758736577
326,326,5,recov,0.16558342572513796,1.7982801282407934,476.6666666666667,1.5945359758736577
327,327,3,recov,0.16670849187846032,1.7915085494402962,476.6666666666667,1.5945359758736577
328,328,4,recov,0.16650117830948838,1.7927528926528158,476.6666666666667,1.5945359758736577
329,329,5,recov,0.16629458625970167,1.7939944473738736,476.6666666666667,1.5945359758736577
330,330,3,recov,0.16741122999106808,1.7873020384034393,476.6666666666667,1.5945359758736577
331,331,4,recov,0.1672044364011486,1.7885380451838504,476.6666666666667,1.5945359758736577
332,332,5,recov,0.166998359090811,1.7897712924171822,476.6666666666667,1.5945359758736577
333,333,3,recov,0.16810667946944152,1.7831565042621516,476.6666666666667,1.5945359758736577
334,334,4,recov,0.16790041200915634,1.7843842610055458,476.6666666666667,1.5945359758736577
335,335,5,recov,0.16769485562026828,1.7856092867101476,476.6666666666667,1.5945359758736577
336,336,3,recov,0.16879495003823866,1.7790706141028767,476.6666666666667,1.5945359758736577
337,337,4,recov,0.16858921458310117,1.780290205904818,476.6666666666667,1.5945359758736577
338,338,5,recov,0.16838418502304098,1.7815070947488678,476.6666666666667,1.5945359758736577
339,339,3,recov,0.16947614923245763,1.775043074555439,476.6666666666667,1.5945359758736577
340,340,4,recov,0.16927095139203074,1.7762545852378744,476.6666666666667,1.5945359758736577
341,341,5,recov,0.1690664543026339,1.7774634206244277,476.6666666666667,1.5945359758736577
342,342,3,recov,0.17015038245179417,1.771072630304606,476.6666666666667,1.5945359758736577
343,343,4,recov,0.16994572757849274,1.7722761424411357,476.6666666666667,1.5945359758736577
344,344,5,recov,0.16974176834481716,1.7734770065331833,476.6666666666667,1.5945359758736577
345,345,3,recov,0.17081775301338803,1.7671580626696777,476.6666666666667,1.5945359758736577
346,346,4,recov,0.17061364621097733,1.7683536576102,476.6666666666667,1.5945359758736577
347,347,5,recov,0.1704102299697665,1.7695466313551111,476.6666666666667,1.5945359758736577
348,348,3,recov,0.1714783622030132,1.7632981882484424,476.6666666666667,1.5945359758736577
349,349,4,recov,0.17127480833481523,1.7644859461431934,476.6666666666667,1.5945359758736577
350,350,5,recov,0.17107193998267117,1.7656711092965578,476.6666666666667,1.5945359758736577
351,351,3,recov,0.17213230932476598,1.7594918576220655,476.6666666666667,1.5945359758736577
352,352,4,recov,0.17192931302158418,1.7606718574450728,476.6666666666667,1.5945359758736577
353,353,5,recov,0.17172699722286072,1.7618492885939598,476.6666666666667,1.5945359758736577
354,354,3,recov,0.17277969174930102,1.755737954117691,476.6666666666667,1.5945359758736577
355,355,4,recov,0.17257725741707472,1.7569102736896545,476.6666666666667,1.5945359758736577
356,356,5,recov,0.17237549861150162,1.758080050275311,476.6666666666667,1.5945359758736577
357,357,3,recov,0.17342060496066594,1.7520353926257257,476.6666666666667,1.5945359758736577
358,358,4,recov,0.1732187367878638,1.7532001086363462,476.6666666666667,1.5945359758736577
359,359,5,recov,0.17301753919791174,1.7543623069763425,476.6666666666667,1.5945359758736577
360,360,3,recov,0.17405514260178087,1.7483831184689642,476.6666666666667,1.5945359758736577
361,361,4,recov,0.1738538445665433,1.7495403064987354,476.6666666666667,1.5945359758736577
362,362,5,recov,0.17365321220453994,1.7506950018085794,476.6666666666667,1.5945359758736577
363,363,3,recov,0.1746833965186082,1.7447801063208837,476.6666666666667,1.5945359758736577
364,364,4,recov,0.17448267239564877,1.7459298408623574,476.6666666666667,1.5945359758736577
365,365,5,recov,0.1742826090706538,1.7470771072765934,476.6666666666667,1.5945359758736577
366,366,3,recov,0.17530545680305765,1.741225359170586,476.6666666666667,1.5945359758736577
367,367,4,recov,0.17510531017033104,1.742367713649136,476.6666666666667,1.5945359758736577
368,368,5,recov,0.17490581949478043,1.7435076242419387,476.6666666666667,1.5945359758736577
369,369,3,recov,0.17592141183466706,1.7377179073320286,476.6666666666667,1.5945359758736577
370,370,4,recov,0.17572184607981342,1.7388529541261164,476.6666666666667,1.5945359758736577
371,371,5,recov,0.17552293147594084,1.739985580931397,476.6666666666667,1.5945359758736577
372,372,3,recov,0.17653134832110073,1.734256807495308,476.6666666666667,1.5945359758736577
373,373,4,recov,0.17633236664767388,1.735384617956272,476.6666666666667,1.5945359758736577
374,374,5,recov,0.17613403135371702,1.7365100319873117,476.6666666666667,1.5945359758736577
375,375,3,recov,0.17713535133750374,1.7308411418178982,476.6666666666667,1.5945359758736577
376,376,4,recov,0.1769369567709914,1.731961786289277,476.6666666666667,1.5945359758736577
377,377,5,recov,0.17673920384719172,1.7330800575578975,476.6666666666667,1.5945359758736577
378,378,3,recov,0.17773350436474963,1.7274700170538664,476.6666666666667,1.5945359758736577
379,379,4,recov,0.177535699758393,1.728583564890271,476.6666666666667,1.5945359758736577
380,380,5,recov,0.17733853209279615,1.7296947624255568,476.6666666666667,1.5945359758736577
381,381,3,recov,0.17832588932661783,1.7241425637191974,476.6666666666667,1.5945359758736577
382,382,4,recov,0.17812867736703836,1.7252490833047407,476.6666666666667,1.5945359758736577
383,383,5,recov,0.17793209768110216,1.7263532751713273,476.6666666666667,1.5945359758736577
384,384,3,recov,0.1789125866259358,1.7208579352914635,476.6666666666667,1.5945359758736577
385,385,4,recov,0.1787159698385752,1.721957494057765,476.6666666666667,1.5945359758736577
386,386,5,recov,0.17851998069259262,1.723054747373703,476.6666666666667,1.5945359758736577
387,387,3,recov,0.17949367517971881,1.717615307442181,476.6666666666667,1.5945359758736577
388,388,4,recov,0.17929765593410005,1.7187079718859555,476.6666666666667,1.5945359758736577
389,389,5,recov,0.17910225973244334,1.7197983528401624,476.6666666666667,1.5945359758736577
390,390,3,recov,0.18006923245334017,1.7144138773002824,476.6666666666667,1.5945359758736577
391,391,4,recov,0.17987381296815488,1.7154997130005225,476.6666666666667,1.5945359758736577
392,392,5,recov,0.17967901196434785,1.7165832868698352,476.6666666666667,1.5945359758736577
393,393,3,recov,0.18063933449376268,1.7112528627452186,476.6666666666667,1.5945359758736577
394,394,4,recov,0.1804445168417918,1.7123319343799872,476.6666666666667,1.5945359758736577
395,395,5,recov,0.18025031314341594,1.7134087655458223,476.6666666666667,1.5945359758736577
396,396,3,recov,0.18120405596186123,1.7081315017282923,476.6666666666667,1.5945359758736577
397,397,4,recov,0.1810098420747349,1.7092038730911303,476.6666666666667,1.5945359758736577
398,398,5,recov,0.1808162376481749,1.7102740250557702,476.6666666666667,1.5945359758736577
399,399,3,recov,0.18176347016386554,1.7050490516208967,476.6666666666667,1.5945359758736577
400,400,4,recov,0.18156986183666735,1.7061147856368597,476.6666666666667,1.5945359758736577
401,401,5,recov,0.18137685851170265,1.7071783210393656,476.6666666666667,1.5945359758736577
402,402,3,recov,0.1823176490819513,1.702004788588399,476.6666666666667,1.5945359758736577
403,403,4,recov,0.18212464797767292,1.703063947329732,476.6666666666667,1.5945359758736577
404,404,5,recov,0.18193224745192002,1.704120927961501,476.6666666666667,1.5945359758736577
405,405,3,recov,0.18286666340400523,1.6989980069884945,476.6666666666667,1.5945359758736577
406,406,4,recov,0.18267427105785647,1.7000506516899543,476.6666666666667,1.5945359758736577
407,407,5,recov,0.18248247490106714,1.7011011385099268,476.6666666666667,1.5945359758736577
408,408,3,recov,0.18341058255259143,1.6960280187928927,476.6666666666667,1.5945359758736577
409,409,4,recov,0.18321880037617075,1.6970742098667289,476.6666666666667,1.5945359758736577
410,410,5,recov,0.18302761003439194,1.6981182630162555,476.6666666666667,1.5945359758736577
411,411,3,recov,0.1839494747131429,1.6930941530312835,476.6666666666667,1.5945359758736577
412,412,4,recov,0.18375830399847343,1.6941339500818842,476.6666666666667,1.5945359758736577
413,413,5,recov,0.18356772079807285,1.695171628899264,476.6666666666667,1.5945359758736577
414,414,3,recov,0.1844834068614029,1.690195755256567,476.6666666666667,1.5945359758736577
415,415,4,recov,0.1842928487848385,1.6912292170947802,476.6666666666667,1.5945359758736577
416,416,5,recov,0.18410287393640087,1.6922605801294766,476.6666666666667,1.5945359758736577
417,417,3,recov,0.1850124447901389,1.6873321870303932,476.6666666666667,1.5945359758736577
418,418,4,recov,0.18482250041614476,1.6883593716875336,476.6666666666667,1.5945359758736577
419,419,5,recov,0.18463313501824352,1.6893844767140753,476.6666666666667,1.5945359758736577
420,420,3,recov,0.18553665313515164,1.6845028254281065,476.6666666666667,1.5945359758736577
421,421,4,recov,0.18534732341996396,1.685523790169653,476.6666666666667,1.5945359758736577
422,422,5,recov,0.18515856846281228,1.6865426942012318,476.6666666666667,1.5945359758736577
423,423,3,recov,0.18605609540060158,1.6817070625622306,476.6666666666667,1.5945359758736577
424,424,4,recov,0.18586738119577012,1.6827218639012245,476.6666666666667,1.5945359758736577
425,425,5,recov,0.18567923756475543,1.6837346232029973,476.6666666666667,1.5945359758736577
426,426,3,recov,0.18657083398367194,1.6789443051236839,476.6666666666667,1.5945359758736577
427,427,4,recov,0.18638273603948982,1.6799529988338366,476.6666666666667,1.5945359758736577
428,428,5,recov,0.18619520451859636,1.6809596689359332,476.6666666666667,1.5945359758736577
429,429,3,recov,0.1870809301985904,1.676213973939943,476.6666666666667,1.5945359758736577
430,430,4,recov,0.18689344916741504,1.677216615068457,476.6666666666667,1.5945359758736577
431,431,5,recov,0.1867065304425372,1.6782172507787125,476.6666666666667,1.5945359758736577
432,432,3,recov,0.18758644430002752,1.673515503549424,476.6666666666667,1.5945359758736577
433,433,4,recov,0.18739958073949597,1.674512146429539,476.6666666666667,1.5945359758736577
434,434,5,recov,0.1872132754016475,1.6755068018459467,476.6666666666667,1.5945359758736577
435,435,3,recov,0.18808743550589133,1.6708483417913773,476.6666666666667,1.5945359758736577
436,436,4,recov,0.1879011898820339,1.671839040054647,476.6666666666667,1.5945359758736577
437,437,5,recov,0.1877154984304554,1.672827768577547,476.6666666666667,1.5945359758736577
438,438,3,recov,0.1885839620195356,1.668211949410638,476.6666666666667,1.5945359758736577
439,439,4,recov,0.18839833470979153,1.669196755998942,476.6666666666667,1.5945359758736577
440,440,5,recov,0.18821325755496,1.6701796103429485,476.6666666666667,1.5945359758736577
441,441,3,recov,0.18907608105140017,1.6656057996765918,476.6666666666667,1.5945359758736577
442,442,4,recov,0.188891072347538,1.6665847668538936,476.6666666666667,1.5945359758736577
443,443,5,recov,0.1887066098140822,1.6675617990595664,476.6666666666667,1.5945359758736577
444,444,3,recov,0.1895638488400993,1.6630293780157615,476.6666666666667,1.5945359758736577
445,445,4,recov,0.1893794589510456,1.6640025573796147,476.6666666666667,1.5945359758736577
446,446,5,recov,0.18919561128056966,1.6649738188248873,476.6666666666667,1.5945359758736577
447,447,3,recov,0.19004732067297503,1.6604821816574382,476.6666666666667,1.5945359758736577
448,448,4,recov,0.18986354972755448,1.661449624150253,476.6666666666667,1.5945359758736577
449,449,5,recov,0.18968031708137356,1.6624151655616144,476.6666666666667,1.5945359758736577
450,450,3,recov,0.190526550906131,1.6579637192918182,476.6666666666667,1.5945359758736577
451,451,4,recov,0.19034339895572083,1.6589254752118856,476.6666666666667,1.5945359758736577
452,452,5,recov,0.19016078141751078,1.659885346675333,476.6666666666667,1.5945359758736577
453,453,3,recov,0.19100159298396213,1.6554735107401184,476.6666666666667,1.5945359758736577
454,454,4,recov,0.19081906000506338,1.65642962975241,476.6666666666667,1.5945359758736577
455,455,5,recov,0.19063705758342858,1.6573838807241665,476.6666666666667,1.5945359758736577
456,456,3,recov,0.191472499458195,1.653011086636188,476.6666666666667,1.5945359758736577
457,457,4,recov,0.19129058535492402,1.6539616177829237,476.6666666666667,1.5945359758736577
458,458,5,recov,0.19110919798588494,1.6549102970999376,476.6666666666667,1.5945359758736577
459,459,3,recov,0.19193932200645247,1.6505759881191375,476.6666666666667,1.5945359758736577
460,460,4,recov,0.1917580266129549,1.651520979830138,476.6666666666667,1.5945359758736577
461,461,5,recov,0.19157725416235877,1.65246413572036,476.6666666666667,1.5945359758736577
462,462,3,recov,0.19240211145035793,1.6481677665365382,476.6666666666667,1.5945359758736577
463,463,4,recov,0.19222143453314763,1.649107266639362,476.6666666666667,1.5945359758736577
464,464,5,recov,0.19204127679900415,1.650044946731813,476.6666666666667,1.5945359758736577
465,465,3,recov,0.19286091777319028,1.645785983157772,476.6666666666667,1.5945359758736577
466,466,4,recov,0.19268085903341586,1.6467200388876437,476.6666666666667,1.5945359758736577
467,467,5,recov,0.19250131574816126,1.6476522902222739,476.6666666666667,1.5945359758736577
468,468,3,recov,0.19331579013710445,1.6434302088971147,476.6666666666667,1.5945359758736577
469,469,4,recov,0.19313634921274597,1.6443588669066487,476.6666666666667,1.5945359758736577
470,470,5,recov,0.1929574200454367,1.6452857359439952,476.6666666666667,1.5945359758736577
471,471,3,recov,0.19376677689992905,1.6411000240461706,476.6666666666667,1.5945359758736577
472,472,4,recov,0.19358795336792683,1.642023330414896,476.6666666666667,1.5945359758736577
473,473,5,recov,0.19340963792636628,1.6429448630455425,476.6666666666667,1.5945359758736577
474,474,3,recov,0.1942139256315532,1.6387950180152848,476.6666666666667,1.5945359758736577
475,475,4,recov,0.19403571900987107,1.6397130182589768,476.6666666666667,1.5945359758736577
476,476,5,recov,0.19385801684267043,1.640629259812823,476.6666666666667,1.5945359758736577
477,477,3,recov,0.1946572831299145,1.6365147890835807,476.6666666666667,1.5945359758736577
478,478,4,recov,0.19447969287953942,1.6374275281634048,476.6666666666667,1.5945359758736577
479,479,5,recov,0.19430260347811587,1.6383385234187444,476.6666666666667,1.5945359758736577
480,480,3,recov,0.19509689543659914,1.6342589441572852,476.6666666666667,1.5945359758736577
481,481,4,recov,0.19491992096347996,1.6351664664887526,476.6666666666667,1.5945359758736577
482,482,5,recov,0.1947434437639933,1.6360722596811723,476.6666666666667,1.5945359758736577
483,483,3,recov,0.19553280785206512,1.6320270985360181,476.6666666666667,1.5945359758736577
484,484,4,recov,0.19535644850899167,1.6329294479977645,476.6666666666667,1.5945359758736577
485,485,5,recov,0.195180582894222,1.6338300828288608,476.6666666666667,1.5945359758736577
486,486,3,recov,0.1959650649504997,1.629818875686736,476.6666666666667,1.5945359758736577
487,487,4,recov,0.19578932003892432,1.6307160956291227,476.6666666666667,1.5945359758736577
488,488,5,recov,0.19561406534009243,1.631611615275047,476.6666666666667,1.5945359758736577
489,489,3,recov,0.19639371059432031,1.6276339070250407,476.6666666666667,1.5945359758736577
490,490,4,recov,0.1962185793661241,1.6285260402785844,476.6666666666667,1.5945359758736577
491,491,5,recov,0.19604393486465627,1.6294164873984163,476.6666666666667,1.5945359758736577
492,492,3,recov,0.19681878794832972,1.6254718317035661,476.6666666666667,1.5945359758736577
493,493,4,recov,0.19664426960753464,1.6263589205872016,476.6666666666667,1.5945359758736577
494,494,5,recov,0.19647023453677392,1.6272443373311567,476.6666666666667,1.5945359758736577
495,495,3,recov,0.19724033949353453,1.6233322964071772,476.6666666666667,1.5945359758736577
496,496,4,recov,0.19706643319796363,1.6242143827363562,476.6666666666667,1.5945359758736577
497,497,5,recov,0.1968930067448293,1.6250948107538303,476.6666666666667,1.5945359758736577
498,498,3,recov,0.1976584070406368,1.621214955154721,476.6666666666667,1.5945359758736577
499,499,4,recov,0.1974851119035239,1.6220920802493517,476.6666666666667,1.5945359758736577
500,500,5,recov,0.19731229321012034,1.6229675606968086,476.6666666666667,1.5945359758736577
501,501,3,recov,0.19807303174320706,1.619119469107089,476.6666666666667,1.5945359758736577
502,502,4,recov,0.19790034683475763,1.6199916737993183,476.6666666666667,1.5945359758736577
503,503,5,recov,0.19772813499993463,1.6208622473480223,476.6666666666667,1.5945359758736577
504,504,3,recov,0.19848425411054818,1.617045506381347,476.6666666666667,1.5945359758736577
505,505,4,recov,0.1983121784594529,1.617912831023193,476.6666666666667,1.5945359758736577
506,506,5,recov,0.19814057254031905,1.6187785378667883,476.6666666666667,1.5945359758736577
507,507,3,recov,0.19889211402025816,1.6149927418707146,476.6666666666667,1.5945359758736577
508,508,4,recov,0.1987206466151608,1.615855226341548,476.6666666666667,1.5945359758736577
509,509,5,recov,0.19854964562855082,1.6167161062034936,476.6666666666667,1.5945359758736577
510,510,3,recov,0.1992966507305001,1.6129608570701754,476.6666666666667,1.5945359758736577
511,511,4,recov,0.19912579052142088,1.6138185407840566,476.6666666666667,1.5945359758736577
512,512,5,recov,0.19895539344531893,1.6146746329249153,476.6666666666667,1.5945359758736577
513,513,3,recov,0.19969790289198702,1.6109495399075093,476.6666666666667,1.5945359758736577
514,514,4,recov,0.19952764879170318,1.6118024618203837,476.6666666666667,1.5945359758736577
515,515,5,recov,0.19935785456662342,1.612653805044971,476.6666666666667,1.5945359758736577
516,516,3,recov,0.20009590855968987,1.6089584845795533,476.6666666666667,1.5945359758736577
517,517,4,recov,0.19992625944507456,1.6098066831963076,476.6666666666667,1.5945359758736577
518,518,5,recov,0.19975706697540005,1.6106533158607024,476.6666666666667,1.5945359758736577
519,519,3,recov,0.2004907052042757,1.6069873913934953,476.6666666666667,1.5945359758736577
520,520,4,recov,0.20032165991759657,1.6078309047748798,476.6666666666667,1.5945359758736577
521,521,5,recov,0.200153068072878,1.608672864793301,476.6666666666667,1.5945359758736577
522,522,3,recov,0.20088232972328302,1.605035966613027,476.6666666666667,1.5945359758736577
523,523,4,recov,0.2007138870734618,1.605874832382443,476.6666666666667,1.5945359758736577
524,524,5,recov,0.2005458946896774,1.6067121572339962,476.6666666666667,1.5945359758736577
525,525,3,recov,0.20127081845204176,1.6031039223091732,476.6666666666667,1.5945359758736577
526,526,4,recov,0.20110297721587603,1.6039381776593342,476.6666666666667,1.5945359758736577
527,527,5,recov,0.20093558309665355,1.6047709043946274,476.6666666666667,1.5945359758736577
528,528,3,recov,0.20165620717434468,1.6011909762156373,476.6666666666667,1.5945359758736577
529,529,4,recov,0.2014889660976929,1.6020206579151008,476.6666666666667,1.5945359758736577
530,530,5,recov,0.20132216901549524,1.6028488231627376,476.6666666666667,1.5945359758736577
531,531,3,recov,0.20203853113287673,1.5992968515884958,476.6666666666667,1.5945359758736577
532,532,4,recov,0.20187188893180782,1.6001219959880746,476.6666666666667,1.5945359758736577
533,533,5,recov,0.20170568762908314,1.6009456359610217,476.6666666666667,1.5945359758736577
534,534,3,recov,0.20241782503940783,1.5974212770700975,476.6666666666667,1.5945359758736577
535,535,4,recov,0.20225178040131644,1.5982419201091476,476.6666666666667,1.5945359758736577
536,536,5,recov,0.2020861735916137,1.599061070610987,476.6666666666667,1.5945359758736577
537,537,3,recov,0.20279412308475714,1.5955639865570108,476.6666666666667,1.5945359758736577
538,538,4,recov,0.20262867466944523,1.5963801637696036,476.6666666666667,1.5945359758736577
539,539,5,recov,0.20246366103849694,1.5971948602006627,476.6666666666667,1.5945359758736577
540,540,3,recov,0.20316745894853305,1.5937247190718824,476.6666666666667,1.5945359758736577
541,541,4,recov,0.20300260538925965,1.5945364655928598,476.6666666666667,1.5945359758736577
542,542,5,recov,0.2028381835960319,1.5953467429562307,476.6666666666667,1.5945359758736577
543,543,0,fam_r,0.046169895346058094,3.075427309174535,476.6666666666667,1.5945359758736577
544,544,1,fam_r,0.046132635097756454,3.076234659745454,476.6666666666667,1.5945359758736577
545,545,2,fam_r,0.04609547211103445,3.077040552652899,476.6666666666667,1.5945359758736577
546,546,0,fam_r,0.047387905213724255,3.0493882471084675,476.6666666666667,1.5945359758736577
547,547,1,fam_r,0.047349868521856936,3.050191236083431,476.6666666666667,1.5945359758736577
548,548,2,fam_r,0.04731193078783845,3.050992778761181,476.6666666666667,1.5945359758736577
549,549,0,fam_r,0.04859642277856042,3.024205356164113,476.6666666666667,1.5945359758736577
550,550,1,fam_r,0.04855762618860239,3.025004017515497,476.6666666666667,1.5945359758736577
551,551,2,fam_r,0.0485189301989889,3.025801243809938,476.6666666666667,1.5945359758736577
552,552,0,fam_r,0.04979555319371817,2.9998295922372455,476.6666666666667,1.5945359758736577
553,553,1,fam_r,0.049756012940198914,3.0006239595613176,476.6666666666667,1.5945359758736577
554,554,2,fam_r,0.04971657487710248,3.00141690294458,476.6666666666667,1.5945359758736577
555,555,0,fam_r,0.05098540006903437,2.976215960397982,476.6666666666667,1.5945359758736577
556,556,1,fam_r,0.05094513208198523,2.977006066920419,476.6666666666667,1.5945359758736577
557,557,2,fam_r,0.0509049678243403,2.9777947604958563,476.6666666666667,1.5945359758736577
