,time_step,stimulus,type,familiarity,novelty,dN,steady
0,0,0,fam,0.001949317738791423,6.240275845170769,0.0,6.194142910030205
1,1,1,fam,0.0019445794846864365,6.242709528533067,0.0,6.194142910030205
2,2,2,fam,0.001943634596695821,6.243195555274104,0.0,6.194142910030205
3,3,0,fam,0.0020406180157419105,6.194502568112669,0.0,6.194142910030205
4,4,1,fam,0.0020405783582089555,6.194522002381115,0.0,6.194142910030205
5,5,2,fam,0.0020405704268873334,6.194525889189482,0.0,6.194142910030205
6,6,0,fam,0.002041346200188743,6.194145786712324,0.0,6.194142910030205
7,7,1,fam,0.002041345882816796,6.194145942184225,0.0,6.194142910030205
8,8,2,fam,0.0020413458193424185,6.1941459732786015,0.0,6.194142910030205
9,9,0,fam,0.0020413520255228115,6.194142933043625,0.0,6.194142910030205
10,10,1,fam,0.0020413520229838286,6.1941429342874,0.0,6.194142910030205
11,11,2,fam,0.002041352022476032,6.194142934536155,0.0,6.194142910030205
12,12,0,fam,0.002041352072125475,6.194142910214312,0.0,6.194142910030205
13,13,1,fam,0.0020413520721051627,6.194142910224263,0.0,6.194142910030205
14,14,2,fam,0.002041352072101101,6.194142910226253,0.0,6.194142910030205
15,15,0,fam,0.002041352072498296,6.194142910031678,0.0,6.194142910030205
16,16,1,fam,0.0020413520724981335,6.194142910031758,0.0,6.194142910030205
17,17,2,fam,0.002041352072498101,6.194142910031774,0.0,6.194142910030205
18,18,0,fam,0.0020413520725012786,6.194142910030217,0.0,6.194142910030205
19,19,1,fam,0.0020413520725012773,6.194142910030218,0.0,6.194142910030205
20,20,2,fam,0.002041352072501277,6.194142910030218,0.0,6.194142910030205
21,21,0,fam,0.0020413520725013025,6.194142910030205,0.0,6.194142910030205
22,22,1,fam,0.0020413520725013025,6.194142910030205,0.0,6.194142910030205
23,23,2,fam,0.0020413520725013025,6.194142910030205,0.0,6.194142910030205
24,24,0,fam,0.0020413520725013025,6.194142910030205,0.0,6.194142910030205
25,25,1,fam,0.0020413520725013025,6.194142910030205,0.0,6.194142910030205
26,26,2,fam,0.0020413520725013025,6.194142910030205,0.0,6.194142910030205
27,27,0,fam,0.0020413520725013025,6.194142910030205,0.0,6.194142910030205
28,28,1,fam,0.0020413520725013025,6.194142910030205,0.0,6.194142910030205
29,29,2,fam,0.0020413520725013025,6.194142910030205,0.0,6.194142910030205
30,30,0,fam,0.0020413520725013025,6.194142910030205,0.0,6.194142910030205
31,31,1,fam,0.0020413520725013025,6.194142910030205,0.0,6.194142910030205
32,32,2,fam,0.0020413520725013025,6.194142910030205,0.0,6.194142910030205
33,33,0,fam,0.0020413520725013025,6.194142910030205,0.0,6.194142910030205
34,34,1,fam,0.0020413520725013025,6.194142910030205,0.0,6.194142910030205
35,35,2,fam,0.0020413520725013025,6.194142910030205,0.0,6.194142910030205
36,36,0,fam,0.0020413520725013025,6.194142910030205,0.0,6.194142910030205
37,37,1,fam,0.0020413520725013025,6.194142910030205,0.0,6.194142910030205
38,38,2,fam,0.0020413520725013025,6.194142910030205,0.0,6.194142910030205
39,39,0,fam,0.0020413520725013025,6.194142910030205,0.0,6.194142910030205
40,40,1,fam,0.0020413520725013025,6.194142910030205,0.0,6.194142910030205
41,41,2,fam,0.0020413520725013025,6.194142910030205,0.0,6.194142910030205
42,42,0,fam,0.0020413520725013025,6.194142910030205,0.0,6.194142910030205
43,43,1,fam,0.0020413520725013025,6.194142910030205,0.0,6.194142910030205
44,44,2,fam,0.0020413520725013025,6.194142910030205,0.0,6.194142910030205
45,45,0,fam,0.0020413520725013025,6.194142910030205,0.0,6.194142910030205
46,46,1,fam,0.0020413520725013025,6.194142910030205,0.0,6.194142910030205
47,47,2,fam,0.0020413520725013025,6.194142910030205,0.0,6.194142910030205
48,48,0,fam,0.0020413520725013025,6.194142910030205,0.0,6.194142910030205
49,49,1,fam,0.0020413520725013025,6.194142910030205,0.0,6.194142910030205
50,50,2,fam,0.0020413520725013025,6.194142910030205,0.0,6.194142910030205
51,51,0,fam,0.0020413520725013025,6.194142910030205,0.0,6.194142910030205
52,52,1,fam,0.0020413520725013025,6.194142910030205,0.0,6.194142910030205
53,53,2,fam,0.0020413520725013025,6.194142910030205,0.0,6.194142910030205
54,54,0,fam,0.0020413520725013025,6.194142910030205,0.0,6.194142910030205
55,55,1,fam,0.0020413520725013025,6.194142910030205,0.0,6.194142910030205
56,56,2,fam,0.0020413520725013025,6.194142910030205,0.0,6.194142910030205
57,57,0,fam,0.0020413520725013025,6.194142910030205,0.0,6.194142910030205
58,58,1,fam,0.0020413520725013025,6.194142910030205,0.0,6.194142910030205
59,59,2,fam,0.0020413520725013025,6.194142910030205,0.0,6.194142910030205
60,60,0,fam,0.0020413520725013025,6.194142910030205,0.0,6.194142910030205
61,61,1,fam,0.0020413520725013025,6.194142910030205,0.0,6.194142910030205
62,62,2,fam,0.0020413520725013025,6.194142910030205,0.0,6.194142910030205
63,63,0,fam,0.0020413520725013025,6.194142910030205,0.0,6.194142910030205
64,64,1,fam,0.0020413520725013025,6.194142910030205,0.0,6.194142910030205
65,65,2,fam,0.0020413520725013025,6.194142910030205,0.0,6.194142910030205
66,66,0,fam_r,0.0020413520725013025,6.194142910030205,0.0,6.194142910030205
67,67,1,fam_r,0.0020413520725013025,6.194142910030205,0.0,6.194142910030205
68,68,2,fam_r,0.0020413520725013025,6.194142910030205,0.0,6.194142910030205
69,69,0,fam_r,0.0020413520725013025,6.194142910030205,0.0,6.194142910030205
70,70,1,fam_r,0.0020413520725013025,6.194142910030205,0.0,6.194142910030205
71,71,2,fam_r,0.0020413520725013025,6.194142910030205,0.0,6.194142910030205
72,72,0,fam_r,0.0020413520725013025,6.194142910030205,0.0,6.194142910030205
73,73,1,fam_r,0.0020413520725013025,6.194142910030205,0.0,6.194142910030205
74,74,2,fam_r,0.0020413520725013025,6.194142910030205,0.0,6.194142910030205
75,75,0,fam_r,0.0020413520725013025,6.194142910030205,0.0,6.194142910030205
76,76,1,fam_r,0.0020413520725013025,6.194142910030205,0.0,6.194142910030205
77,77,2,fam_r,0.0020413520725013025,6.194142910030205,0.0,6.194142910030205
78,78,0,fam_r,0.0020413520725013025,6.194142910030205,0.0,6.194142910030205
79,79,1,fam_r,0.0020413520725013025,6.194142910030205,0.0,6.194142910030205
80,80,2,fam_r,0.0020413520725013025,6.194142910030205,0.0,6.194142910030205
0,0,0,fam,0.001949317738791423,6.240275845170769,73.33333333333334,6.194142910030205
1,1,1,fam,0.0019445794846864365,6.242709528533067,73.33333333333334,6.194142910030205
2,2,2,fam,0.001943634596695821,6.243195555274104,73.33333333333334,6.194142910030205
3,3,0,fam,0.0020406180157419105,6.194502568112669,73.33333333333334,6.194142910030205
4,4,1,fam,0.0020405783582089555,6.194522002381115,73.33333333333334,6.194142910030205
5,5,2,fam,0.0020405704268873334,6.194525889189482,73.33333333333334,6.194142910030205
6,6,0,fam,0.002041346200188743,6.194145786712324,73.33333333333334,6.194142910030205
7,7,1,fam,0.002041345882816796,6.194145942184225,73.33333333333334,6.194142910030205
8,8,2,fam,0.0020413458193424185,6.1941459732786015,73.33333333333334,6.194142910030205
9,9,0,fam,0.0020413520255228115,6.194142933043625,73.33333333333334,6.194142910030205
10,10,1,fam,0.0020413520229838286,6.1941429342874,73.33333333333334,6.194142910030205
11,11,2,fam,0.002041352022476032,6.194142934536155,73.33333333333334,6.194142910030205
12,12,0,fam,0.002041352072125475,6.194142910214312,73.33333333333334,6.194142910030205
13,13,1,fam,0.0020413520721051627,6.194142910224263,73.33333333333334,6.194142910030205
14,14,2,fam,0.002041352072101101,6.194142910226253,73.33333333333334,6.194142910030205
15,15,0,fam,0.002041352072498296,6.194142910031678,73.33333333333334,6.194142910030205
16,16,1,fam,0.0020413520724981335,6.194142910031758,73.33333333333334,6.194142910030205
17,17,2,fam,0.002041352072498101,6.194142910031774,73.33333333333334,6.194142910030205
18,18,0,fam,0.0020413520725012786,6.194142910030217,73.33333333333334,6.194142910030205
19,19,1,fam,0.0020413520725012773,6.194142910030218,73.33333333333334,6.194142910030205
20,20,2,fam,0.002041352072501277,6.194142910030218,73.33333333333334,6.194142910030205
21,21,0,fam,0.0020413520725013025,6.194142910030205,73.33333333333334,6.194142910030205
22,22,1,fam,0.0020413520725013025,6.194142910030205,73.33333333333334,6.194142910030205
23,23,2,fam,0.0020413520725013025,6.194142910030205,73.33333333333334,6.194142910030205
24,24,0,fam,0.0020413520725013025,6.194142910030205,73.33333333333334,6.194142910030205
25,25,1,fam,0.0020413520725013025,6.194142910030205,73.33333333333334,6.194142910030205
26,26,2,fam,0.0020413520725013025,6.194142910030205,73.33333333333334,6.194142910030205
27,27,0,fam,0.0020413520725013025,6.194142910030205,73.33333333333334,6.194142910030205
28,28,1,fam,0.0020413520725013025,6.194142910030205,73.33333333333334,6.194142910030205
29,29,2,fam,0.0020413520725013025,6.194142910030205,73.33333333333334,6.194142910030205
30,30,0,fam,0.0020413520725013025,6.194142910030205,73.33333333333334,6.194142910030205
31,31,1,fam,0.0020413520725013025,6.194142910030205,73.33333333333334,6.194142910030205
32,32,2,fam,0.0020413520725013025,6.194142910030205,73.33333333333334,6.194142910030205
33,33,0,fam,0.0020413520725013025,6.194142910030205,73.33333333333334,6.194142910030205
34,34,1,fam,0.0020413520725013025,6.194142910030205,73.33333333333334,6.194142910030205
35,35,2,fam,0.0020413520725013025,6.194142910030205,73.33333333333334,6.194142910030205
36,36,0,fam,0.0020413520725013025,6.194142910030205,73.33333333333334,6.194142910030205
37,37,1,fam,0.0020413520725013025,6.194142910030205,73.33333333333334,6.194142910030205
38,38,2,fam,0.0020413520725013025,6.194142910030205,73.33333333333334,6.194142910030205
39,39,0,fam,0.0020413520725013025,6.194142910030205,73.33333333333334,6.194142910030205
40,40,1,fam,0.0020413520725013025,6.194142910030205,73.33333333333334,6.194142910030205
41,41,2,fam,0.0020413520725013025,6.194142910030205,73.33333333333334,6.194142910030205
42,42,0,fam,0.0020413520725013025,6.194142910030205,73.33333333333334,6.194142910030205
43,43,1,fam,0.0020413520725013025,6.194142910030205,73.33333333333334,6.194142910030205
44,44,2,fam,0.0020413520725013025,6.194142910030205,73.33333333333334,6.194142910030205
45,45,0,fam,0.0020413520725013025,6.194142910030205,73.33333333333334,6.194142910030205
46,46,1,fam,0.0020413520725013025,6.194142910030205,73.33333333333334,6.194142910030205
47,47,2,fam,0.0020413520725013025,6.194142910030205,73.33333333333334,6.194142910030205
48,48,0,fam,0.0020413520725013025,6.194142910030205,73.33333333333334,6.194142910030205
49,49,1,fam,0.0020413520725013025,6.194142910030205,73.33333333333334,6.194142910030205
50,50,2,fam,0.0020413520725013025,6.194142910030205,73.33333333333334,6.194142910030205
51,51,0,fam,0.0020413520725013025,6.194142910030205,73.33333333333334,6.194142910030205
52,52,1,fam,0.0020413520725013025,6.194142910030205,73.33333333333334,6.194142910030205
53,53,2,fam,0.0020413520725013025,6.194142910030205,73.33333333333334,6.194142910030205
54,54,0,fam,0.0020413520725013025,6.194142910030205,73.33333333333334,6.194142910030205
55,55,1,fam,0.0020413520725013025,6.194142910030205,73.33333333333334,6.194142910030205
56,56,2,fam,0.0020413520725013025,6.194142910030205,73.33333333333334,6.194142910030205
57,57,0,fam,0.0020413520725013025,6.194142910030205,73.33333333333334,6.194142910030205
58,58,1,fam,0.0020413520725013025,6.194142910030205,73.33333333333334,6.194142910030205
59,59,2,fam,0.0020413520725013025,6.194142910030205,73.33333333333334,6.194142910030205
60,60,0,fam,0.0020413520725013025,6.194142910030205,73.33333333333334,6.194142910030205
61,61,1,fam,0.0020413520725013025,6.194142910030205,73.33333333333334,6.194142910030205
62,62,2,fam,0.0020413520725013025,6.194142910030205,73.33333333333334,6.194142910030205
63,63,0,fam,0.0020413520725013025,6.194142910030205,73.33333333333334,6.194142910030205
64,64,1,fam,0.0020413520725013025,6.194142910030205,73.33333333333334,6.194142910030205
65,65,2,fam,0.0020413520725013025,6.194142910030205,73.33333333333334,6.194142910030205
66,66,3,recov,0.0019433985181586298,6.243317025058645,73.33333333333334,6.194142910030205
67,67,4,recov,0.0019433985181586298,6.243317025058645,73.33333333333334,6.194142910030205
68,68,5,recov,0.0019433985181586298,6.243317025058645,73.33333333333334,6.194142910030205
69,69,3,recov,0.0020405684440665613,6.194526860889213,73.33333333333334,6.194142910030205
70,70,4,recov,0.0020405684440665613,6.194526860889213,73.33333333333334,6.194142910030205
71,71,5,recov,0.0020405684440665613,6.194526860889213,73.33333333333334,6.194142910030205
72,72,3,recov,0.0020413458034738248,6.194145981052196,73.33333333333334,6.194142910030205
73,73,4,recov,0.0020413458034738248,6.194145981052196,73.33333333333334,6.194142910030205
74,74,5,recov,0.0020413458034738248,6.194145981052196,73.33333333333334,6.194142910030205
75,75,3,recov,0.002041352022349083,6.194142934598344,73.33333333333334,6.194142910030205
76,76,4,recov,0.002041352022349083,6.194142934598344,73.33333333333334,6.194142910030205
77,77,5,recov,0.002041352022349083,6.194142934598344,73.33333333333334,6.194142910030205
78,78,3,recov,0.002041352072100085,6.19414291022675,73.33333333333334,6.194142910030205
79,79,4,recov,0.002041352072100085,6.19414291022675,73.33333333333334,6.194142910030205
80,80,5,recov,0.002041352072100085,6.19414291022675,73.33333333333334,6.194142910030205
81,81,3,recov,0.0020413520724980928,6.194142910031778,73.33333333333334,6.194142910030205
82,82,4,recov,0.0020413520724980928,6.194142910031778,73.33333333333334,6.194142910030205
83,83,5,recov,0.0020413520724980928,6.194142910031778,73.33333333333334,6.194142910030205
84,84,3,recov,0.002041352072501277,6.194142910030218,73.33333333333334,6.194142910030205
85,85,4,recov,0.002041352072501277,6.194142910030218,73.33333333333334,6.194142910030205
86,86,5,recov,0.002041352072501277,6.194142910030218,73.33333333333334,6.194142910030205
87,87,3,recov,0.0020413520725013025,6.194142910030205,73.33333333333334,6.194142910030205
88,88,4,recov,0.0020413520725013025,6.194142910030205,73.33333333333334,6.194142910030205
89,89,5,recov,0.0020413520725013025,6.194142910030205,73.33333333333334,6.194142910030205
90,90,3,recov,0.0020413520725013025,6.194142910030205,73.33333333333334,6.194142910030205
91,91,4,recov,0.0020413520725013025,6.194142910030205,73.33333333333334,6.194142910030205
92,92,5,recov,0.0020413520725013025,6.194142910030205,73.33333333333334,6.194142910030205
93,93,3,recov,0.0020413520725013025,6.194142910030205,73.33333333333334,6.194142910030205
94,94,4,recov,0.0020413520725013025,6.194142910030205,73.33333333333334,6.194142910030205
95,95,5,recov,0.0020413520725013025,6.194142910030205,73.33333333333334,6.194142910030205
96,96,3,recov,0.0020413520725013025,6.194142910030205,73.33333333333334,6.194142910030205
97,97,4,recov,0.0020413520725013025,6.194142910030205,73.33333333333334,6.194142910030205
98,98,5,recov,0.0020413520725013025,6.194142910030205,73.33333333333334,6.194142910030205
99,99,3,recov,0.0020413520725013025,6.194142910030205,73.33333333333334,6.194142910030205
100,100,4,recov,0.0020413520725013025,6.194142910030205,73.33333333333334,6.194142910030205
101,101,5,recov,0.0020413520725013025,6.194142910030205,73.33333333333334,6.194142910030205
102,102,3,recov,0.0020413520725013025,6.194142910030205,73.33333333333334,6.194142910030205
103,103,4,recov,0.0020413520725013025,6.194142910030205,73.33333333333334,6.194142910030205
104,104,5,recov,0.0020413520725013025,6.194142910030205,73.33333333333334,6.194142910030205
105,105,3,recov,0.0020413520725013025,6.194142910030205,73.33333333333334,6.194142910030205
106,106,4,recov,0.0020413520725013025,6.194142910030205,73.33333333333334,6.194142910030205
107,107,5,recov,0.0020413520725013025,6.194142910030205,73.33333333333334,6.194142910030205
108,108,3,recov,0.0020413520725013025,6.194142910030205,73.33333333333334,6.194142910030205
109,109,4,recov,0.0020413520725013025,6.194142910030205,73.33333333333334,6.194142910030205
110,110,5,recov,0.0020413520725013025,6.194142910030205,73.33333333333334,6.194142910030205
111,111,3,recov,0.0020413520725013025,6.194142910030205,73.33333333333334,6.194142910030205
112,112,4,recov,0.0020413520725013025,6.194142910030205,73.33333333333334,6.194142910030205
113,113,5,recov,0.0020413520725013025,6.194142910030205,73.33333333333334,6.194142910030205
114,114,3,recov,0.0020413520725013025,6.194142910030205,73.33333333333334,6.194142910030205
115,115,4,recov,0.0020413520725013025,6.194142910030205,73.33333333333334,6.194142910030205
116,116,5,recov,0.0020413520725013025,6.194142910030205,73.33333333333334,6.194142910030205
117,117,3,recov,0.0020413520725013025,6.194142910030205,73.33333333333334,6.194142910030205
118,118,4,recov,0.0020413520725013025,6.194142910030205,73.33333333333334,6.194142910030205
119,119,5,recov,0.0020413520725013025,6.194142910030205,73.33333333333334,6.194142910030205
120,120,3,recov,0.0020413520725013025,6.194142910030205,73.33333333333334,6.194142910030205
121,121,4,recov,0.0020413520725013025,6.194142910030205,73.33333333333334,6.194142910030205
122,122,5,recov,0.0020413520725013025,6.194142910030205,73.33333333333334,6.194142910030205
123,123,3,recov,0.0020413520725013025,6.194142910030205,73.33333333333334,6.194142910030205
124,124,4,recov,0.0020413520725013025,6.194142910030205,73.33333333333334,6.194142910030205
125,125,5,recov,0.0020413520725013025,6.194142910030205,73.33333333333334,6.194142910030205
126,126,3,recov,0.0020413520725013025,6.194142910030205,73.33333333333334,6.194142910030205
127,127,4,recov,0.0020413520725013025,6.194142910030205,73.33333333333334,6.194142910030205
128,128,5,recov,0.0020413520725013025,6.194142910030205,73.33333333333334,6.194142910030205
129,129,3,recov,0.0020413520725013025,6.194142910030205,73.33333333333334,6.194142910030205
130,130,4,recov,0.0020413520725013025,6.194142910030205,73.33333333333334,6.194142910030205
131,131,5,recov,0.0020413520725013025,6.194142910030205,73.33333333333334,6.194142910030205
132,132,3,recov,0.0020413520725013025,6.194142910030205,73.33333333333334,6.194142910030205
133,133,4,recov,0.0020413520725013025,6.194142910030205,73.33333333333334,6.194142910030205
134,134,5,recov,0.0020413520725013025,6.194142910030205,73.33333333333334,6.194142910030205
135,135,3,recov,0.0020413520725013025,6.194142910030205,73.33333333333334,6.194142910030205
136,136,4,recov,0.0020413520725013025,6.194142910030205,73.33333333333334,6.194142910030205
137,137,5,recov,0.0020413520725013025,6.194142910030205,73.33333333333334,6.194142910030205
138,138,0,fam_r,0.0019433985181586298,6.243317025058645,73.33333333333334,6.194142910030205
139,139,1,fam_r,0.0019433985181586298,6.243317025058645,73.33333333333334,6.194142910030205
140,140,2,fam_r,0.0019433985181586298,6.243317025058645,73.33333333333334,6.194142910030205
141,141,0,fam_r,0.0020405684440665613,6.194526860889213,73.33333333333334,6.194142910030205
142,142,1,fam_r,0.0020405684440665613,6.194526860889213,73.33333333333334,6.194142910030205
143,143,2,fam_r,0.0020405684440665613,6.194526860889213,73.33333333333334,6.194142910030205
144,144,0,fam_r,0.0020413458034738248,6.194145981052196,73.33333333333334,6.194142910030205
145,145,1,fam_r,0.0020413458034738248,6.194145981052196,73.33333333333334,6.194142910030205
146,146,2,fam_r,0.0020413458034738248,6.194145981052196,73.33333333333334,6.194142910030205
147,147,0,fam_r,0.002041352022349083,6.194142934598344,73.33333333333334,6.194142910030205
148,148,1,fam_r,0.002041352022349083,6.194142934598344,73.33333333333334,6.194142910030205
149,149,2,fam_r,0.002041352022349083,6.194142934598344,73.33333333333334,6.194142910030205
150,150,0,fam_r,0.002041352072100085,6.19414291022675,73.33333333333334,6.194142910030205
151,151,1,fam_r,0.002041352072100085,6.19414291022675,73.33333333333334,6.194142910030205
152,152,2,fam_r,0.002041352072100085,6.19414291022675,73.33333333333334,6.194142910030205
0,0,0,fam,0.001949317738791423,6.240275845170769,146.66666666666669,6.194142910030205
1,1,1,fam,0.0019445794846864365,6.242709528533067,146.66666666666669,6.194142910030205
2,2,2,fam,0.001943634596695821,6.243195555274104,146.66666666666669,6.194142910030205
3,3,0,fam,0.0020406180157419105,6.194502568112669,146.66666666666669,6.194142910030205
4,4,1,fam,0.0020405783582089555,6.194522002381115,146.66666666666669,6.194142910030205
5,5,2,fam,0.0020405704268873334,6.194525889189482,146.66666666666669,6.194142910030205
6,6,0,fam,0.002041346200188743,6.194145786712324,146.66666666666669,6.194142910030205
7,7,1,fam,0.002041345882816796,6.194145942184225,146.66666666666669,6.194142910030205
8,8,2,fam,0.0020413458193424185,6.1941459732786015,146.66666666666669,6.194142910030205
9,9,0,fam,0.0020413520255228115,6.194142933043625,146.66666666666669,6.194142910030205
10,10,1,fam,0.0020413520229838286,6.1941429342874,146.66666666666669,6.194142910030205
11,11,2,fam,0.002041352022476032,6.194142934536155,146.66666666666669,6.194142910030205
12,12,0,fam,0.002041352072125475,6.194142910214312,146.66666666666669,6.194142910030205
13,13,1,fam,0.0020413520721051627,6.194142910224263,146.66666666666669,6.194142910030205
14,14,2,fam,0.002041352072101101,6.194142910226253,146.66666666666669,6.194142910030205
15,15,0,fam,0.002041352072498296,6.194142910031678,146.66666666666669,6.194142910030205
16,16,1,fam,0.0020413520724981335,6.194142910031758,146.66666666666669,6.194142910030205
17,17,2,fam,0.002041352072498101,6.194142910031774,146.66666666666669,6.194142910030205
18,18,0,fam,0.0020413520725012786,6.194142910030217,146.66666666666669,6.194142910030205
19,19,1,fam,0.0020413520725012773,6.194142910030218,146.66666666666669,6.194142910030205
20,20,2,fam,0.002041352072501277,6.194142910030218,146.66666666666669,6.194142910030205
21,21,0,fam,0.0020413520725013025,6.194142910030205,146.66666666666669,6.194142910030205
22,22,1,fam,0.0020413520725013025,6.194142910030205,146.66666666666669,6.194142910030205
23,23,2,fam,0.0020413520725013025,6.194142910030205,146.66666666666669,6.194142910030205
24,24,0,fam,0.0020413520725013025,6.194142910030205,146.66666666666669,6.194142910030205
25,25,1,fam,0.0020413520725013025,6.194142910030205,146.66666666666669,6.194142910030205
26,26,2,fam,0.0020413520725013025,6.194142910030205,146.66666666666669,6.194142910030205
27,27,0,fam,0.0020413520725013025,6.194142910030205,146.66666666666669,6.194142910030205
28,28,1,fam,0.0020413520725013025,6.194142910030205,146.66666666666669,6.194142910030205
29,29,2,fam,0.0020413520725013025,6.194142910030205,146.66666666666669,6.194142910030205
30,30,0,fam,0.0020413520725013025,6.194142910030205,146.66666666666669,6.194142910030205
31,31,1,fam,0.0020413520725013025,6.194142910030205,146.66666666666669,6.194142910030205
32,32,2,fam,0.0020413520725013025,6.194142910030205,146.66666666666669,6.194142910030205
33,33,0,fam,0.0020413520725013025,6.194142910030205,146.66666666666669,6.194142910030205
34,34,1,fam,0.0020413520725013025,6.194142910030205,146.66666666666669,6.194142910030205
35,35,2,fam,0.0020413520725013025,6.194142910030205,146.66666666666669,6.194142910030205
36,36,0,fam,0.0020413520725013025,6.194142910030205,146.66666666666669,6.194142910030205
37,37,1,fam,0.0020413520725013025,6.194142910030205,146.66666666666669,6.194142910030205
38,38,2,fam,0.0020413520725013025,6.194142910030205,146.66666666666669,6.194142910030205
39,39,0,fam,0.0020413520725013025,6.194142910030205,146.66666666666669,6.194142910030205
40,40,1,fam,0.0020413520725013025,6.194142910030205,146.66666666666669,6.194142910030205
41,41,2,fam,0.0020413520725013025,6.194142910030205,146.66666666666669,6.194142910030205
42,42,0,fam,0.0020413520725013025,6.194142910030205,146.66666666666669,6.194142910030205
43,43,1,fam,0.0020413520725013025,6.194142910030205,146.66666666666669,6.194142910030205
44,44,2,fam,0.0020413520725013025,6.194142910030205,146.66666666666669,6.194142910030205
45,45,0,fam,0.0020413520725013025,6.194142910030205,146.66666666666669,6.194142910030205
46,46,1,fam,0.0020413520725013025,6.194142910030205,146.66666666666669,6.194142910030205
47,47,2,fam,0.0020413520725013025,6.194142910030205,146.66666666666669,6.194142910030205
48,48,0,fam,0.0020413520725013025,6.194142910030205,146.66666666666669,6.194142910030205
49,49,1,fam,0.0020413520725013025,6.194142910030205,146.66666666666669,6.194142910030205
50,50,2,fam,0.0020413520725013025,6.194142910030205,146.66666666666669,6.194142910030205
51,51,0,fam,0.0020413520725013025,6.194142910030205,146.66666666666669,6.194142910030205
52,52,1,fam,0.0020413520725013025,6.194142910030205,146.66666666666669,6.194142910030205
53,53,2,fam,0.0020413520725013025,6.194142910030205,146.66666666666669,6.194142910030205
54,54,0,fam,0.0020413520725013025,6.194142910030205,146.66666666666669,6.194142910030205
55,55,1,fam,0.0020413520725013025,6.194142910030205,146.66666666666669,6.194142910030205
56,56,2,fam,0.0020413520725013025,6.194142910030205,146.66666666666669,6.194142910030205
57,57,0,fam,0.0020413520725013025,6.194142910030205,146.66666666666669,6.194142910030205
58,58,1,fam,0.0020413520725013025,6.194142910030205,146.66666666666669,6.194142910030205
59,59,2,fam,0.0020413520725013025,6.194142910030205,146.66666666666669,6.194142910030205
60,60,0,fam,0.0020413520725013025,6.194142910030205,146.66666666666669,6.194142910030205
61,61,1,fam,0.0020413520725013025,6.194142910030205,146.66666666666669,6.194142910030205
62,62,2,fam,0.0020413520725013025,6.194142910030205,146.66666666666669,6.194142910030205
63,63,0,fam,0.0020413520725013025,6.194142910030205,146.66666666666669,6.194142910030205
64,64,1,fam,0.0020413520725013025,6.194142910030205,146.66666666666669,6.194142910030205
65,65,2,fam,0.0020413520725013025,6.194142910030205,146.66666666666669,6.194142910030205
66,66,3,recov,0.0019433985181586298,6.243317025058645,146.66666666666669,6.194142910030205
67,67,4,recov,0.0019433985181586298,6.243317025058645,146.66666666666669,6.194142910030205
68,68,5,recov,0.0019433985181586298,6.243317025058645,146.66666666666669,6.194142910030205
69,69,3,recov,0.0020405684440665613,6.194526860889213,146.66666666666669,6.194142910030205
70,70,4,recov,0.0020405684440665613,6.194526860889213,146.66666666666669,6.194142910030205
71,71,5,recov,0.0020405684440665613,6.194526860889213,146.66666666666669,6.194142910030205
72,72,3,recov,0.0020413458034738248,6.194145981052196,146.66666666666669,6.194142910030205
73,73,4,recov,0.0020413458034738248,6.194145981052196,146.66666666666669,6.194142910030205
74,74,5,recov,0.0020413458034738248,6.194145981052196,146.66666666666669,6.194142910030205
75,75,3,recov,0.002041352022349083,6.194142934598344,146.66666666666669,6.194142910030205
76,76,4,recov,0.002041352022349083,6.194142934598344,146.66666666666669,6.194142910030205
77,77,5,recov,0.002041352022349083,6.194142934598344,146.66666666666669,6.194142910030205
78,78,3,recov,0.002041352072100085,6.19414291022675,146.66666666666669,6.194142910030205
79,79,4,recov,0.002041352072100085,6.19414291022675,146.66666666666669,6.194142910030205
80,80,5,recov,0.002041352072100085,6.19414291022675,146.66666666666669,6.194142910030205
81,81,3,recov,0.0020413520724980928,6.194142910031778,146.66666666666669,6.194142910030205
82,82,4,recov,0.0020413520724980928,6.194142910031778,146.66666666666669,6.194142910030205
83,83,5,recov,0.0020413520724980928,6.194142910031778,146.66666666666669,6.194142910030205
84,84,3,recov,0.002041352072501277,6.194142910030218,146.66666666666669,6.194142910030205
85,85,4,recov,0.002041352072501277,6.194142910030218,146.66666666666669,6.194142910030205
86,86,5,recov,0.002041352072501277,6.194142910030218,146.66666666666669,6.194142910030205
87,87,3,recov,0.0020413520725013025,6.194142910030205,146.66666666666669,6.194142910030205
88,88,4,recov,0.0020413520725013025,6.194142910030205,146.66666666666669,6.194142910030205
89,89,5,recov,0.0020413520725013025,6.194142910030205,146.66666666666669,6.194142910030205
90,90,3,recov,0.0020413520725013025,6.194142910030205,146.66666666666669,6.194142910030205
91,91,4,recov,0.0020413520725013025,6.194142910030205,146.66666666666669,6.194142910030205
92,92,5,recov,0.0020413520725013025,6.194142910030205,146.66666666666669,6.194142910030205
93,93,3,recov,0.0020413520725013025,6.194142910030205,146.66666666666669,6.194142910030205
94,94,4,recov,0.0020413520725013025,6.194142910030205,146.66666666666669,6.194142910030205
95,95,5,recov,0.0020413520725013025,6.194142910030205,146.66666666666669,6.194142910030205
96,96,3,recov,0.0020413520725013025,6.194142910030205,146.66666666666669,6.194142910030205
97,97,4,recov,0.0020413520725013025,6.194142910030205,146.66666666666669,6.194142910030205
98,98,5,recov,0.0020413520725013025,6.194142910030205,146.66666666666669,6.194142910030205
99,99,3,recov,0.0020413520725013025,6.194142910030205,146.66666666666669,6.194142910030205
100,100,4,recov,0.0020413520725013025,6.194142910030205,146.66666666666669,6.194142910030205
101,101,5,recov,0.0020413520725013025,6.194142910030205,146.66666666666669,6.194142910030205
102,102,3,recov,0.0020413520725013025,6.194142910030205,146.66666666666669,6.194142910030205
103,103,4,recov,0.0020413520725013025,6.194142910030205,146.66666666666669,6.194142910030205
104,104,5,recov,0.0020413520725013025,6.194142910030205,146.66666666666669,6.194142910030205
105,105,3,recov,0.0020413520725013025,6.194142910030205,146.66666666666669,6.194142910030205
106,106,4,recov,0.0020413520725013025,6.194142910030205,146.66666666666669,6.194142910030205
107,107,5,recov,0.0020413520725013025,6.194142910030205,146.66666666666669,6.194142910030205
108,108,3,recov,0.0020413520725013025,6.194142910030205,146.66666666666669,6.194142910030205
109,109,4,recov,0.0020413520725013025,6.194142910030205,146.66666666666669,6.194142910030205
110,110,5,recov,0.0020413520725013025,6.194142910030205,146.66666666666669,6.194142910030205
111,111,3,recov,0.0020413520725013025,6.194142910030205,146.66666666666669,6.194142910030205
112,112,4,recov,0.0020413520725013025,6.194142910030205,146.66666666666669,6.194142910030205
113,113,5,recov,0.0020413520725013025,6.194142910030205,146.66666666666669,6.194142910030205
114,114,3,recov,0.0020413520725013025,6.194142910030205,146.66666666666669,6.194142910030205
115,115,4,recov,0.0020413520725013025,6.194142910030205,146.66666666666669,6.194142910030205
116,116,5,recov,0.0020413520725013025,6.194142910030205,146.66666666666669,6.194142910030205
117,117,3,recov,0.0020413520725013025,6.194142910030205,146.66666666666669,6.194142910030205
118,118,4,recov,0.0020413520725013025,6.194142910030205,146.66666666666669,6.194142910030205
119,119,5,recov,0.0020413520725013025,6.194142910030205,146.66666666666669,6.194142910030205
120,120,3,recov,0.0020413520725013025,6.194142910030205,146.66666666666669,6.194142910030205
121,121,4,recov,0.0020413520725013025,6.194142910030205,146.66666666666669,6.194142910030205
122,122,5,recov,0.0020413520725013025,6.194142910030205,146.66666666666669,6.194142910030205
123,123,3,recov,0.0020413520725013025,6.194142910030205,146.66666666666669,6.194142910030205
124,124,4,recov,0.0020413520725013025,6.194142910030205,146.66666666666669,6.194142910030205
125,125,5,recov,0.0020413520725013025,6.194142910030205,146.66666666666669,6.194142910030205
126,126,3,recov,0.0020413520725013025,6.194142910030205,146.66666666666669,6.194142910030205
127,127,4,recov,0.0020413520725013025,6.194142910030205,146.66666666666669,6.194142910030205
128,128,5,recov,0.0020413520725013025,6.194142910030205,146.66666666666669,6.194142910030205
129,129,3,recov,0.0020413520725013025,6.194142910030205,146.66666666666669,6.194142910030205
130,130,4,recov,0.0020413520725013025,6.194142910030205,146.66666666666669,6.194142910030205
131,131,5,recov,0.0020413520725013025,6.194142910030205,146.66666666666669,6.194142910030205
132,132,3,recov,0.0020413520725013025,6.194142910030205,146.66666666666669,6.194142910030205
133,133,4,recov,0.0020413520725013025,6.194142910030205,146.66666666666669,6.194142910030205
134,134,5,recov,0.0020413520725013025,6.194142910030205,146.66666666666669,6.194142910030205
135,135,3,recov,0.0020413520725013025,6.194142910030205,146.66666666666669,6.194142910030205
136,136,4,recov,0.0020413520725013025,6.194142910030205,146.66666666666669,6.194142910030205
137,137,5,recov,0.0020413520725013025,6.194142910030205,146.66666666666669,6.194142910030205
138,138,3,recov,0.0020413520725013025,6.194142910030205,146.66666666666669,6.194142910030205
139,139,4,recov,0.0020413520725013025,6.194142910030205,146.66666666666669,6.194142910030205
140,140,5,recov,0.0020413520725013025,6.194142910030205,146.66666666666669,6.194142910030205
141,141,3,recov,0.0020413520725013025,6.194142910030205,146.66666666666669,6.194142910030205
142,142,4,recov,0.0020413520725013025,6.194142910030205,146.66666666666669,6.194142910030205
143,143,5,recov,0.0020413520725013025,6.194142910030205,146.66666666666669,6.194142910030205
144,144,3,recov,0.0020413520725013025,6.194142910030205,146.66666666666669,6.194142910030205
145,145,4,recov,0.0020413520725013025,6.194142910030205,146.66666666666669,6.194142910030205
146,146,5,recov,0.0020413520725013025,6.194142910030205,146.66666666666669,6.194142910030205
147,147,3,recov,0.0020413520725013025,6.194142910030205,146.66666666666669,6.194142910030205
148,148,4,recov,0.0020413520725013025,6.194142910030205,146.66666666666669,6.194142910030205
149,149,5,recov,0.0020413520725013025,6.194142910030205,146.66666666666669,6.194142910030205
150,150,3,recov,0.0020413520725013025,6.194142910030205,146.66666666666669,6.194142910030205
151,151,4,recov,0.0020413520725013025,6.194142910030205,146.66666666666669,6.194142910030205
152,152,5,recov,0.0020413520725013025,6.194142910030205,146.66666666666669,6.194142910030205
153,153,3,recov,0.0020413520725013025,6.194142910030205,146.66666666666669,6.194142910030205
154,154,4,recov,0.0020413520725013025,6.194142910030205,146.66666666666669,6.194142910030205
155,155,5,recov,0.0020413520725013025,6.194142910030205,146.66666666666669,6.194142910030205
156,156,3,recov,0.0020413520725013025,6.194142910030205,146.66666666666669,6.194142910030205
157,157,4,recov,0.0020413520725013025,6.194142910030205,146.66666666666669,6.194142910030205
158,158,5,recov,0.0020413520725013025,6.194142910030205,146.66666666666669,6.194142910030205
159,159,3,recov,0.0020413520725013025,6.194142910030205,146.66666666666669,6.194142910030205
160,160,4,recov,0.0020413520725013025,6.194142910030205,146.66666666666669,6.194142910030205
161,161,5,recov,0.0020413520725013025,6.194142910030205,146.66666666666669,6.194142910030205
162,162,3,recov,0.0020413520725013025,6.194142910030205,146.66666666666669,6.194142910030205
163,163,4,recov,0.0020413520725013025,6.194142910030205,146.66666666666669,6.194142910030205
164,164,5,recov,0.0020413520725013025,6.194142910030205,146.66666666666669,6.194142910030205
165,165,3,recov,0.0020413520725013025,6.194142910030205,146.66666666666669,6.194142910030205
166,166,4,recov,0.0020413520725013025,6.194142910030205,146.66666666666669,6.194142910030205
167,167,5,recov,0.0020413520725013025,6.194142910030205,146.66666666666669,6.194142910030205
168,168,3,recov,0.0020413520725013025,6.194142910030205,146.66666666666669,6.194142910030205
169,169,4,recov,0.0020413520725013025,6.194142910030205,146.66666666666669,6.194142910030205
170,170,5,recov,0.0020413520725013025,6.194142910030205,146.66666666666669,6.194142910030205
171,171,3,recov,0.0020413520725013025,6.194142910030205,146.66666666666669,6.194142910030205
172,172,4,recov,0.0020413520725013025,6.194142910030205,146.66666666666669,6.194142910030205
173,173,5,recov,0.0020413520725013025,6.194142910030205,146.66666666666669,6.194142910030205
174,174,3,recov,0.0020413520725013025,6.194142910030205,146.66666666666669,6.194142910030205
175,175,4,recov,0.0020413520725013025,6.194142910030205,146.66666666666669,6.194142910030205
176,176,5,recov,0.0020413520725013025,6.194142910030205,146.66666666666669,6.194142910030205
177,177,3,recov,0.0020413520725013025,6.194142910030205,146.66666666666669,6.194142910030205
178,178,4,recov,0.0020413520725013025,6.194142910030205,146.66666666666669,6.194142910030205
179,179,5,recov,0.0020413520725013025,6.194142910030205,146.66666666666669,6.194142910030205
180,180,3,recov,0.0020413520725013025,6.194142910030205,146.66666666666669,6.194142910030205
181,181,4,recov,0.0020413520725013025,6.194142910030205,146.66666666666669,6.194142910030205
182,182,5,recov,0.0020413520725013025,6.194142910030205,146.66666666666669,6.194142910030205
183,183,3,recov,0.0020413520725013025,6.194142910030205,146.66666666666669,6.194142910030205
184,184,4,recov,0.0020413520725013025,6.194142910030205,146.66666666666669,6.194142910030205
185,185,5,recov,0.0020413520725013025,6.194142910030205,146.66666666666669,6.194142910030205
186,186,3,recov,0.0020413520725013025,6.194142910030205,146.66666666666669,6.194142910030205
187,187,4,recov,0.0020413520725013025,6.194142910030205,146.66666666666669,6.194142910030205
188,188,5,recov,0.0020413520725013025,6.194142910030205,146.66666666666669,6.194142910030205
189,189,3,recov,0.0020413520725013025,6.194142910030205,146.66666666666669,6.194142910030205
190,190,4,recov,0.0020413520725013025,6.194142910030205,146.66666666666669,6.194142910030205
191,191,5,recov,0.0020413520725013025,6.194142910030205,146.66666666666669,6.194142910030205
192,192,3,recov,0.0020413520725013025,6.194142910030205,146.66666666666669,6.194142910030205
193,193,4,recov,0.0020413520725013025,6.194142910030205,146.66666666666669,6.194142910030205
194,194,5,recov,0.0020413520725013025,6.194142910030205,146.66666666666669,6.194142910030205
195,195,3,recov,0.0020413520725013025,6.194142910030205,146.66666666666669,6.194142910030205
196,196,4,recov,0.0020413520725013025,6.194142910030205,146.66666666666669,6.194142910030205
197,197,5,recov,0.0020413520725013025,6.194142910030205,146.66666666666669,6.194142910030205
198,198,3,recov,0.0020413520725013025,6.194142910030205,146.66666666666669,6.194142910030205
199,199,4,recov,0.0020413520725013025,6.194142910030205,146.66666666666669,6.194142910030205
200,200,5,recov,0.0020413520725013025,6.194142910030205,146.66666666666669,6.194142910030205
201,201,3,recov,0.0020413520725013025,6.194142910030205,146.66666666666669,6.194142910030205
202,202,4,recov,0.0020413520725013025,6.194142910030205,146.66666666666669,6.194142910030205
203,203,5,recov,0.0020413520725013025,6.194142910030205,146.66666666666669,6.194142910030205
204,204,3,recov,0.0020413520725013025,6.194142910030205,146.66666666666669,6.194142910030205
205,205,4,recov,0.0020413520725013025,6.194142910030205,146.66666666666669,6.194142910030205
206,206,5,recov,0.0020413520725013025,6.194142910030205,146.66666666666669,6.194142910030205
207,207,3,recov,0.0020413520725013025,6.194142910030205,146.66666666666669,6.194142910030205
208,208,4,recov,0.0020413520725013025,6.194142910030205,146.66666666666669,6.194142910030205
209,209,5,recov,0.0020413520725013025,6.194142910030205,146.66666666666669,6.194142910030205
210,210,3,recov,0.0020413520725013025,6.194142910030205,146.66666666666669,6.194142910030205
211,211,4,recov,0.0020413520725013025,6.194142910030205,146.66666666666669,6.194142910030205
212,212,5,recov,0.0020413520725013025,6.194142910030205,146.66666666666669,6.194142910030205
213,213,0,fam_r,0.0019433985181586298,6.243317025058645,146.66666666666669,6.194142910030205
214,214,1,fam_r,0.0019433985181586298,6.243317025058645,146.66666666666669,6.194142910030205
215,215,2,fam_r,0.0019433985181586298,6.243317025058645,146.66666666666669,6.194142910030205
216,216,0,fam_r,0.0020405684440665613,6.194526860889213,146.66666666666669,6.194142910030205
217,217,1,fam_r,0.0020405684440665613,6.194526860889213,146.66666666666669,6.194142910030205
218,218,2,fam_r,0.0020405684440665613,6.194526860889213,146.66666666666669,6.194142910030205
219,219,0,fam_r,0.0020413458034738248,6.194145981052196,146.66666666666669,6.194142910030205
220,220,1,fam_r,0.0020413458034738248,6.194145981052196,146.66666666666669,6.194142910030205
221,221,2,fam_r,0.0020413458034738248,6.194145981052196,146.66666666666669,6.194142910030205
222,222,0,fam_r,0.002041352022349083,6.194142934598344,146.66666666666669,6.194142910030205
223,223,1,fam_r,0.002041352022349083,6.194142934598344,146.66666666666669,6.194142910030205
224,224,2,fam_r,0.002041352022349083,6.194142934598344,146.66666666666669,6.194142910030205
225,225,0,fam_r,0.002041352072100085,6.19414291022675,146.66666666666669,6.194142910030205
226,226,1,fam_r,0.002041352072100085,6.19414291022675,146.66666666666669,6.194142910030205
227,227,2,fam_r,0.002041352072100085,6.19414291022675,146.66666666666669,6.194142910030205
0,0,0,fam,0.001949317738791423,6.240275845170769,220.0,6.194142910030205
1,1,1,fam,0.0019445794846864365,6.242709528533067,220.0,6.194142910030205
2,2,2,fam,0.001943634596695821,6.243195555274104,220.0,6.194142910030205
3,3,0,fam,0.0020406180157419105,6.194502568112669,220.0,6.194142910030205
4,4,1,fam,0.0020405783582089555,6.194522002381115,220.0,6.194142910030205
5,5,2,fam,0.0020405704268873334,6.194525889189482,220.0,6.194142910030205
6,6,0,fam,0.002041346200188743,6.194145786712324,220.0,6.194142910030205
7,7,1,fam,0.002041345882816796,6.194145942184225,220.0,6.194142910030205
8,8,2,fam,0.0020413458193424185,6.1941459732786015,220.0,6.194142910030205
9,9,0,fam,0.0020413520255228115,6.194142933043625,220.0,6.194142910030205
10,10,1,fam,0.0020413520229838286,6.1941429342874,220.0,6.194142910030205
11,11,2,fam,0.002041352022476032,6.194142934536155,220.0,6.194142910030205
12,12,0,fam,0.002041352072125475,6.194142910214312,220.0,6.194142910030205
13,13,1,fam,0.0020413520721051627,6.194142910224263,220.0,6.194142910030205
14,14,2,fam,0.002041352072101101,6.194142910226253,220.0,6.194142910030205
15,15,0,fam,0.002041352072498296,6.194142910031678,220.0,6.194142910030205
16,16,1,fam,0.0020413520724981335,6.194142910031758,220.0,6.194142910030205
17,17,2,fam,0.002041352072498101,6.194142910031774,220.0,6.194142910030205
18,18,0,fam,0.0020413520725012786,6.194142910030217,220.0,6.194142910030205
19,19,1,fam,0.0020413520725012773,6.194142910030218,220.0,6.194142910030205
20,20,2,fam,0.002041352072501277,6.194142910030218,220.0,6.194142910030205
21,21,0,fam,0.0020413520725013025,6.194142910030205,220.0,6.194142910030205
22,22,1,fam,0.0020413520725013025,6.194142910030205,220.0,6.194142910030205
23,23,2,fam,0.0020413520725013025,6.194142910030205,220.0,6.194142910030205
24,24,0,fam,0.0020413520725013025,6.194142910030205,220.0,6.194142910030205
25,25,1,fam,0.0020413520725013025,6.194142910030205,220.0,6.194142910030205
26,26,2,fam,0.0020413520725013025,6.194142910030205,220.0,6.194142910030205
27,27,0,fam,0.0020413520725013025,6.194142910030205,220.0,6.194142910030205
28,28,1,fam,0.0020413520725013025,6.194142910030205,220.0,6.194142910030205
29,29,2,fam,0.0020413520725013025,6.194142910030205,220.0,6.194142910030205
30,30,0,fam,0.0020413520725013025,6.194142910030205,220.0,6.194142910030205
31,31,1,fam,0.0020413520725013025,6.194142910030205,220.0,6.194142910030205
32,32,2,fam,0.0020413520725013025,6.194142910030205,220.0,6.194142910030205
33,33,0,fam,0.0020413520725013025,6.194142910030205,220.0,6.194142910030205
34,34,1,fam,0.0020413520725013025,6.194142910030205,220.0,6.194142910030205
35,35,2,fam,0.0020413520725013025,6.194142910030205,220.0,6.194142910030205
36,36,0,fam,0.0020413520725013025,6.194142910030205,220.0,6.194142910030205
37,37,1,fam,0.0020413520725013025,6.194142910030205,220.0,6.194142910030205
38,38,2,fam,0.0020413520725013025,6.194142910030205,220.0,6.194142910030205
39,39,0,fam,0.0020413520725013025,6.194142910030205,220.0,6.194142910030205
40,40,1,fam,0.0020413520725013025,6.194142910030205,220.0,6.194142910030205
41,41,2,fam,0.0020413520725013025,6.194142910030205,220.0,6.194142910030205
42,42,0,fam,0.0020413520725013025,6.194142910030205,220.0,6.194142910030205
43,43,1,fam,0.0020413520725013025,6.194142910030205,220.0,6.194142910030205
44,44,2,fam,0.0020413520725013025,6.194142910030205,220.0,6.194142910030205
45,45,0,fam,0.0020413520725013025,6.194142910030205,220.0,6.194142910030205
46,46,1,fam,0.0020413520725013025,6.194142910030205,220.0,6.194142910030205
47,47,2,fam,0.0020413520725013025,6.194142910030205,220.0,6.194142910030205
48,48,0,fam,0.0020413520725013025,6.194142910030205,220.0,6.194142910030205
49,49,1,fam,0.0020413520725013025,6.194142910030205,220.0,6.194142910030205
50,50,2,fam,0.0020413520725013025,6.194142910030205,220.0,6.194142910030205
51,51,0,fam,0.0020413520725013025,6.194142910030205,220.0,6.194142910030205
52,52,1,fam,0.0020413520725013025,6.194142910030205,220.0,6.194142910030205
53,53,2,fam,0.0020413520725013025,6.194142910030205,220.0,6.194142910030205
54,54,0,fam,0.0020413520725013025,6.194142910030205,220.0,6.194142910030205
55,55,1,fam,0.0020413520725013025,6.194142910030205,220.0,6.194142910030205
56,56,2,fam,0.0020413520725013025,6.194142910030205,220.0,6.194142910030205
57,57,0,fam,0.0020413520725013025,6.194142910030205,220.0,6.194142910030205
58,58,1,fam,0.0020413520725013025,6.194142910030205,220.0,6.194142910030205
59,59,2,fam,0.0020413520725013025,6.194142910030205,220.0,6.194142910030205
60,60,0,fam,0.0020413520725013025,6.194142910030205,220.0,6.194142910030205
61,61,1,fam,0.0020413520725013025,6.194142910030205,220.0,6.194142910030205
62,62,2,fam,0.0020413520725013025,6.194142910030205,220.0,6.194142910030205
63,63,0,fam,0.0020413520725013025,6.194142910030205,220.0,6.194142910030205
64,64,1,fam,0.0020413520725013025,6.194142910030205,220.0,6.194142910030205
65,65,2,fam,0.0020413520725013025,6.194142910030205,220.0,6.194142910030205
66,66,3,recov,0.0019433985181586298,6.243317025058645,220.0,6.194142910030205
67,67,4,recov,0.0019433985181586298,6.243317025058645,220.0,6.194142910030205
68,68,5,recov,0.0019433985181586298,6.243317025058645,220.0,6.194142910030205
69,69,3,recov,0.0020405684440665613,6.194526860889213,220.0,6.194142910030205
70,70,4,recov,0.0020405684440665613,6.194526860889213,220.0,6.194142910030205
71,71,5,recov,0.0020405684440665613,6.194526860889213,220.0,6.194142910030205
72,72,3,recov,0.0020413458034738248,6.194145981052196,220.0,6.194142910030205
73,73,4,recov,0.0020413458034738248,6.194145981052196,220.0,6.194142910030205
74,74,5,recov,0.0020413458034738248,6.194145981052196,220.0,6.194142910030205
75,75,3,recov,0.002041352022349083,6.194142934598344,220.0,6.194142910030205
76,76,4,recov,0.002041352022349083,6.194142934598344,220.0,6.194142910030205
77,77,5,recov,0.002041352022349083,6.194142934598344,220.0,6.194142910030205
78,78,3,recov,0.002041352072100085,6.19414291022675,220.0,6.194142910030205
79,79,4,recov,0.002041352072100085,6.19414291022675,220.0,6.194142910030205
80,80,5,recov,0.002041352072100085,6.19414291022675,220.0,6.194142910030205
81,81,3,recov,0.0020413520724980928,6.194142910031778,220.0,6.194142910030205
82,82,4,recov,0.0020413520724980928,6.194142910031778,220.0,6.194142910030205
83,83,5,recov,0.0020413520724980928,6.194142910031778,220.0,6.194142910030205
84,84,3,recov,0.002041352072501277,6.194142910030218,220.0,6.194142910030205
85,85,4,recov,0.002041352072501277,6.194142910030218,220.0,6.194142910030205
86,86,5,recov,0.002041352072501277,6.194142910030218,220.0,6.194142910030205
87,87,3,recov,0.0020413520725013025,6.194142910030205,220.0,6.194142910030205
88,88,4,recov,0.0020413520725013025,6.194142910030205,220.0,6.194142910030205
89,89,5,recov,0.0020413520725013025,6.194142910030205,220.0,6.194142910030205
90,90,3,recov,0.0020413520725013025,6.194142910030205,220.0,6.194142910030205
91,91,4,recov,0.0020413520725013025,6.194142910030205,220.0,6.194142910030205
92,92,5,recov,0.0020413520725013025,6.194142910030205,220.0,6.194142910030205
93,93,3,recov,0.0020413520725013025,6.194142910030205,220.0,6.194142910030205
94,94,4,recov,0.0020413520725013025,6.194142910030205,220.0,6.194142910030205
95,95,5,recov,0.0020413520725013025,6.194142910030205,220.0,6.194142910030205
96,96,3,recov,0.0020413520725013025,6.194142910030205,220.0,6.194142910030205
97,97,4,recov,0.0020413520725013025,6.194142910030205,220.0,6.194142910030205
98,98,5,recov,0.0020413520725013025,6.194142910030205,220.0,6.194142910030205
99,99,3,recov,0.0020413520725013025,6.194142910030205,220.0,6.194142910030205
100,100,4,recov,0.0020413520725013025,6.194142910030205,220.0,6.194142910030205
101,101,5,recov,0.0020413520725013025,6.194142910030205,220.0,6.194142910030205
102,102,3,recov,0.0020413520725013025,6.194142910030205,220.0,6.194142910030205
103,103,4,recov,0.0020413520725013025,6.194142910030205,220.0,6.194142910030205
104,104,5,recov,0.0020413520725013025,6.194142910030205,220.0,6.194142910030205
105,105,3,recov,0.0020413520725013025,6.194142910030205,220.0,6.194142910030205
106,106,4,recov,0.0020413520725013025,6.194142910030205,220.0,6.194142910030205
107,107,5,recov,0.0020413520725013025,6.194142910030205,220.0,6.194142910030205
108,108,3,recov,0.0020413520725013025,6.194142910030205,220.0,6.194142910030205
109,109,4,recov,0.0020413520725013025,6.194142910030205,220.0,6.194142910030205
110,110,5,recov,0.0020413520725013025,6.194142910030205,220.0,6.194142910030205
111,111,3,recov,0.0020413520725013025,6.194142910030205,220.0,6.194142910030205
112,112,4,recov,0.0020413520725013025,6.194142910030205,220.0,6.194142910030205
113,113,5,recov,0.0020413520725013025,6.194142910030205,220.0,6.194142910030205
114,114,3,recov,0.0020413520725013025,6.194142910030205,220.0,6.194142910030205
115,115,4,recov,0.0020413520725013025,6.194142910030205,220.0,6.194142910030205
116,116,5,recov,0.0020413520725013025,6.194142910030205,220.0,6.194142910030205
117,117,3,recov,0.0020413520725013025,6.194142910030205,220.0,6.194142910030205
118,118,4,recov,0.0020413520725013025,6.194142910030205,220.0,6.194142910030205
119,119,5,recov,0.0020413520725013025,6.194142910030205,220.0,6.194142910030205
120,120,3,recov,0.0020413520725013025,6.194142910030205,220.0,6.194142910030205
121,121,4,recov,0.0020413520725013025,6.194142910030205,220.0,6.194142910030205
122,122,5,recov,0.0020413520725013025,6.194142910030205,220.0,6.194142910030205
123,123,3,recov,0.0020413520725013025,6.194142910030205,220.0,6.194142910030205
124,124,4,recov,0.0020413520725013025,6.194142910030205,220.0,6.194142910030205
125,125,5,recov,0.0020413520725013025,6.194142910030205,220.0,6.194142910030205
126,126,3,recov,0.0020413520725013025,6.194142910030205,220.0,6.194142910030205
127,127,4,recov,0.0020413520725013025,6.194142910030205,220.0,6.194142910030205
128,128,5,recov,0.0020413520725013025,6.194142910030205,220.0,6.194142910030205
129,129,3,recov,0.0020413520725013025,6.194142910030205,220.0,6.194142910030205
130,130,4,recov,0.0020413520725013025,6.194142910030205,220.0,6.194142910030205
131,131,5,recov,0.0020413520725013025,6.194142910030205,220.0,6.194142910030205
132,132,3,recov,0.0020413520725013025,6.194142910030205,220.0,6.194142910030205
133,133,4,recov,0.0020413520725013025,6.194142910030205,220.0,6.194142910030205
134,134,5,recov,0.0020413520725013025,6.194142910030205,220.0,6.194142910030205
135,135,3,recov,0.0020413520725013025,6.194142910030205,220.0,6.194142910030205
136,136,4,recov,0.0020413520725013025,6.194142910030205,220.0,6.194142910030205
137,137,5,recov,0.0020413520725013025,6.194142910030205,220.0,6.194142910030205
138,138,3,recov,0.0020413520725013025,6.194142910030205,220.0,6.194142910030205
139,139,4,recov,0.0020413520725013025,6.194142910030205,220.0,6.194142910030205
140,140,5,recov,0.0020413520725013025,6.194142910030205,220.0,6.194142910030205
141,141,3,recov,0.0020413520725013025,6.194142910030205,220.0,6.194142910030205
142,142,4,recov,0.0020413520725013025,6.194142910030205,220.0,6.194142910030205
143,143,5,recov,0.0020413520725013025,6.194142910030205,220.0,6.194142910030205
144,144,3,recov,0.0020413520725013025,6.194142910030205,220.0,6.194142910030205
145,145,4,recov,0.0020413520725013025,6.194142910030205,220.0,6.194142910030205
146,146,5,recov,0.0020413520725013025,6.194142910030205,220.0,6.194142910030205
147,147,3,recov,0.0020413520725013025,6.194142910030205,220.0,6.194142910030205
148,148,4,recov,0.0020413520725013025,6.194142910030205,220.0,6.194142910030205
149,149,5,recov,0.0020413520725013025,6.194142910030205,220.0,6.194142910030205
150,150,3,recov,0.0020413520725013025,6.194142910030205,220.0,6.194142910030205
151,151,4,recov,0.0020413520725013025,6.194142910030205,220.0,6.194142910030205
152,152,5,recov,0.0020413520725013025,6.194142910030205,220.0,6.194142910030205
153,153,3,recov,0.0020413520725013025,6.194142910030205,220.0,6.194142910030205
154,154,4,recov,0.0020413520725013025,6.194142910030205,220.0,6.194142910030205
155,155,5,recov,0.0020413520725013025,6.194142910030205,220.0,6.194142910030205
156,156,3,recov,0.0020413520725013025,6.194142910030205,220.0,6.194142910030205
157,157,4,recov,0.0020413520725013025,6.194142910030205,220.0,6.194142910030205
158,158,5,recov,0.0020413520725013025,6.194142910030205,220.0,6.194142910030205
159,159,3,recov,0.0020413520725013025,6.194142910030205,220.0,6.194142910030205
160,160,4,recov,0.0020413520725013025,6.194142910030205,220.0,6.194142910030205
161,161,5,recov,0.0020413520725013025,6.194142910030205,220.0,6.194142910030205
162,162,3,recov,0.0020413520725013025,6.194142910030205,220.0,6.194142910030205
163,163,4,recov,0.0020413520725013025,6.194142910030205,220.0,6.194142910030205
164,164,5,recov,0.0020413520725013025,6.194142910030205,220.0,6.194142910030205
165,165,3,recov,0.0020413520725013025,6.194142910030205,220.0,6.194142910030205
166,166,4,recov,0.0020413520725013025,6.194142910030205,220.0,6.194142910030205
167,167,5,recov,0.0020413520725013025,6.194142910030205,220.0,6.194142910030205
168,168,3,recov,0.0020413520725013025,6.194142910030205,220.0,6.194142910030205
169,169,4,recov,0.0020413520725013025,6.194142910030205,220.0,6.194142910030205
170,170,5,recov,0.0020413520725013025,6.194142910030205,220.0,6.194142910030205
171,171,3,recov,0.0020413520725013025,6.194142910030205,220.0,6.194142910030205
172,172,4,recov,0.0020413520725013025,6.194142910030205,220.0,6.194142910030205
173,173,5,recov,0.0020413520725013025,6.194142910030205,220.0,6.194142910030205
174,174,3,recov,0.0020413520725013025,6.194142910030205,220.0,6.194142910030205
175,175,4,recov,0.0020413520725013025,6.194142910030205,220.0,6.194142910030205
176,176,5,recov,0.0020413520725013025,6.194142910030205,220.0,6.194142910030205
177,177,3,recov,0.0020413520725013025,6.194142910030205,220.0,6.194142910030205
178,178,4,recov,0.0020413520725013025,6.194142910030205,220.0,6.194142910030205
179,179,5,recov,0.0020413520725013025,6.194142910030205,220.0,6.194142910030205
180,180,3,recov,0.0020413520725013025,6.194142910030205,220.0,6.194142910030205
181,181,4,recov,0.0020413520725013025,6.194142910030205,220.0,6.194142910030205
182,182,5,recov,0.0020413520725013025,6.194142910030205,220.0,6.194142910030205
183,183,3,recov,0.0020413520725013025,6.194142910030205,220.0,6.194142910030205
184,184,4,recov,0.0020413520725013025,6.194142910030205,220.0,6.194142910030205
185,185,5,recov,0.0020413520725013025,6.194142910030205,220.0,6.194142910030205
186,186,3,recov,0.0020413520725013025,6.194142910030205,220.0,6.194142910030205
187,187,4,recov,0.0020413520725013025,6.194142910030205,220.0,6.194142910030205
188,188,5,recov,0.0020413520725013025,6.194142910030205,220.0,6.194142910030205
189,189,3,recov,0.0020413520725013025,6.194142910030205,220.0,6.194142910030205
190,190,4,recov,0.0020413520725013025,6.194142910030205,220.0,6.194142910030205
191,191,5,recov,0.0020413520725013025,6.194142910030205,220.0,6.194142910030205
192,192,3,recov,0.0020413520725013025,6.194142910030205,220.0,6.194142910030205
193,193,4,recov,0.0020413520725013025,6.194142910030205,220.0,6.194142910030205
194,194,5,recov,0.0020413520725013025,6.194142910030205,220.0,6.194142910030205
195,195,3,recov,0.0020413520725013025,6.194142910030205,220.0,6.194142910030205
196,196,4,recov,0.0020413520725013025,6.194142910030205,220.0,6.194142910030205
197,197,5,recov,0.0020413520725013025,6.194142910030205,220.0,6.194142910030205
198,198,3,recov,0.0020413520725013025,6.194142910030205,220.0,6.194142910030205
199,199,4,recov,0.0020413520725013025,6.194142910030205,220.0,6.194142910030205
200,200,5,recov,0.0020413520725013025,6.194142910030205,220.0,6.194142910030205
201,201,3,recov,0.0020413520725013025,6.194142910030205,220.0,6.194142910030205
202,202,4,recov,0.0020413520725013025,6.194142910030205,220.0,6.194142910030205
203,203,5,recov,0.0020413520725013025,6.194142910030205,220.0,6.194142910030205
204,204,3,recov,0.0020413520725013025,6.194142910030205,220.0,6.194142910030205
205,205,4,recov,0.0020413520725013025,6.194142910030205,220.0,6.194142910030205
206,206,5,recov,0.0020413520725013025,6.194142910030205,220.0,6.194142910030205
207,207,3,recov,0.0020413520725013025,6.194142910030205,220.0,6.194142910030205
208,208,4,recov,0.0020413520725013025,6.194142910030205,220.0,6.194142910030205
209,209,5,recov,0.0020413520725013025,6.194142910030205,220.0,6.194142910030205
210,210,3,recov,0.0020413520725013025,6.194142910030205,220.0,6.194142910030205
211,211,4,recov,0.0020413520725013025,6.194142910030205,220.0,6.194142910030205
212,212,5,recov,0.0020413520725013025,6.194142910030205,220.0,6.194142910030205
213,213,3,recov,0.0020413520725013025,6.194142910030205,220.0,6.194142910030205
214,214,4,recov,0.0020413520725013025,6.194142910030205,220.0,6.194142910030205
215,215,5,recov,0.0020413520725013025,6.194142910030205,220.0,6.194142910030205
216,216,3,recov,0.0020413520725013025,6.194142910030205,220.0,6.194142910030205
217,217,4,recov,0.0020413520725013025,6.194142910030205,220.0,6.194142910030205
218,218,5,recov,0.0020413520725013025,6.194142910030205,220.0,6.194142910030205
219,219,3,recov,0.0020413520725013025,6.194142910030205,220.0,6.194142910030205
220,220,4,recov,0.0020413520725013025,6.194142910030205,220.0,6.194142910030205
221,221,5,recov,0.0020413520725013025,6.194142910030205,220.0,6.194142910030205
222,222,3,recov,0.0020413520725013025,6.194142910030205,220.0,6.194142910030205
223,223,4,recov,0.0020413520725013025,6.194142910030205,220.0,6.194142910030205
224,224,5,recov,0.0020413520725013025,6.194142910030205,220.0,6.194142910030205
225,225,3,recov,0.0020413520725013025,6.194142910030205,220.0,6.194142910030205
226,226,4,recov,0.0020413520725013025,6.194142910030205,220.0,6.194142910030205
227,227,5,recov,0.0020413520725013025,6.194142910030205,220.0,6.194142910030205
228,228,3,recov,0.0020413520725013025,6.194142910030205,220.0,6.194142910030205
229,229,4,recov,0.0020413520725013025,6.194142910030205,220.0,6.194142910030205
230,230,5,recov,0.0020413520725013025,6.194142910030205,220.0,6.194142910030205
231,231,3,recov,0.0020413520725013025,6.194142910030205,220.0,6.194142910030205
232,232,4,recov,0.0020413520725013025,6.194142910030205,220.0,6.194142910030205
233,233,5,recov,0.0020413520725013025,6.194142910030205,220.0,6.194142910030205
234,234,3,recov,0.0020413520725013025,6.194142910030205,220.0,6.194142910030205
235,235,4,recov,0.0020413520725013025,6.194142910030205,220.0,6.194142910030205
236,236,5,recov,0.0020413520725013025,6.194142910030205,220.0,6.194142910030205
237,237,3,recov,0.0020413520725013025,6.194142910030205,220.0,6.194142910030205
238,238,4,recov,0.0020413520725013025,6.194142910030205,220.0,6.194142910030205
239,239,5,recov,0.0020413520725013025,6.194142910030205,220.0,6.194142910030205
240,240,3,recov,0.0020413520725013025,6.194142910030205,220.0,6.194142910030205
241,241,4,recov,0.0020413520725013025,6.194142910030205,220.0,6.194142910030205
242,242,5,recov,0.0020413520725013025,6.194142910030205,220.0,6.194142910030205
243,243,3,recov,0.0020413520725013025,6.194142910030205,220.0,6.194142910030205
244,244,4,recov,0.0020413520725013025,6.194142910030205,220.0,6.194142910030205
245,245,5,recov,0.0020413520725013025,6.194142910030205,220.0,6.194142910030205
246,246,3,recov,0.0020413520725013025,6.194142910030205,220.0,6.194142910030205
247,247,4,recov,0.0020413520725013025,6.194142910030205,220.0,6.194142910030205
248,248,5,recov,0.0020413520725013025,6.194142910030205,220.0,6.194142910030205
249,249,3,recov,0.0020413520725013025,6.194142910030205,220.0,6.194142910030205
250,250,4,recov,0.0020413520725013025,6.194142910030205,220.0,6.194142910030205
251,251,5,recov,0.0020413520725013025,6.194142910030205,220.0,6.194142910030205
252,252,3,recov,0.0020413520725013025,6.194142910030205,220.0,6.194142910030205
253,253,4,recov,0.0020413520725013025,6.194142910030205,220.0,6.194142910030205
254,254,5,recov,0.0020413520725013025,6.194142910030205,220.0,6.194142910030205
255,255,3,recov,0.0020413520725013025,6.194142910030205,220.0,6.194142910030205
256,256,4,recov,0.0020413520725013025,6.194142910030205,220.0,6.194142910030205
257,257,5,recov,0.0020413520725013025,6.194142910030205,220.0,6.194142910030205
258,258,3,recov,0.0020413520725013025,6.194142910030205,220.0,6.194142910030205
259,259,4,recov,0.0020413520725013025,6.194142910030205,220.0,6.194142910030205
260,260,5,recov,0.0020413520725013025,6.194142910030205,220.0,6.194142910030205
261,261,3,recov,0.0020413520725013025,6.194142910030205,220.0,6.194142910030205
262,262,4,recov,0.0020413520725013025,6.194142910030205,220.0,6.194142910030205
263,263,5,recov,0.0020413520725013025,6.194142910030205,220.0,6.194142910030205
264,264,3,recov,0.0020413520725013025,6.194142910030205,220.0,6.194142910030205
265,265,4,recov,0.0020413520725013025,6.194142910030205,220.0,6.194142910030205
266,266,5,recov,0.0020413520725013025,6.194142910030205,220.0,6.194142910030205
267,267,3,recov,0.0020413520725013025,6.194142910030205,220.0,6.194142910030205
268,268,4,recov,0.0020413520725013025,6.194142910030205,220.0,6.194142910030205
269,269,5,recov,0.0020413520725013025,6.194142910030205,220.0,6.194142910030205
270,270,3,recov,0.0020413520725013025,6.194142910030205,220.0,6.194142910030205
271,271,4,recov,0.0020413520725013025,6.194142910030205,220.0,6.194142910030205
272,272,5,recov,0.0020413520725013025,6.194142910030205,220.0,6.194142910030205
273,273,3,recov,0.0020413520725013025,6.194142910030205,220.0,6.194142910030205
274,274,4,recov,0.0020413520725013025,6.194142910030205,220.0,6.194142910030205
275,275,5,recov,0.0020413520725013025,6.194142910030205,220.0,6.194142910030205
276,276,3,recov,0.0020413520725013025,6.194142910030205,220.0,6.194142910030205
277,277,4,recov,0.0020413520725013025,6.194142910030205,220.0,6.194142910030205
278,278,5,recov,0.0020413520725013025,6.194142910030205,220.0,6.194142910030205
279,279,3,recov,0.0020413520725013025,6.194142910030205,220.0,6.194142910030205
280,280,4,recov,0.0020413520725013025,6.194142910030205,220.0,6.194142910030205
281,281,5,recov,0.0020413520725013025,6.194142910030205,220.0,6.194142910030205
282,282,3,recov,0.0020413520725013025,6.194142910030205,220.0,6.194142910030205
283,283,4,recov,0.0020413520725013025,6.194142910030205,220.0,6.194142910030205
284,284,5,recov,0.0020413520725013025,6.194142910030205,220.0,6.194142910030205
285,285,0,fam_r,0.0019433985181586298,6.243317025058645,220.0,6.194142910030205
286,286,1,fam_r,0.0019433985181586298,6.243317025058645,220.0,6.194142910030205
287,287,2,fam_r,0.0019433985181586298,6.243317025058645,220.0,6.194142910030205
288,288,0,fam_r,0.0020405684440665613,6.194526860889213,220.0,6.194142910030205
289,289,1,fam_r,0.0020405684440665613,6.194526860889213,220.0,6.194142910030205
290,290,2,fam_r,0.0020405684440665613,6.194526860889213,220.0,6.194142910030205
291,291,0,fam_r,0.0020413458034738248,6.194145981052196,220.0,6.194142910030205
292,292,1,fam_r,0.0020413458034738248,6.194145981052196,220.0,6.194142910030205
293,293,2,fam_r,0.0020413458034738248,6.194145981052196,220.0,6.194142910030205
294,294,0,fam_r,0.002041352022349083,6.194142934598344,220.0,6.194142910030205
295,295,1,fam_r,0.002041352022349083,6.194142934598344,220.0,6.194142910030205
296,296,2,fam_r,0.002041352022349083,6.194142934598344,220.0,6.194142910030205
297,297,0,fam_r,0.002041352072100085,6.19414291022675,220.0,6.194142910030205
298,298,1,fam_r,0.002041352072100085,6.19414291022675,220.0,6.194142910030205
299,299,2,fam_r,0.002041352072100085,6.19414291022675,220.0,6.194142910030205
0,0,0,fam,0.001949317738791423,6.240275845170769,293.33333333333337,6.194142910030205
1,1,1,fam,0.0019445794846864365,6.242709528533067,293.33333333333337,6.194142910030205
2,2,2,fam,0.001943634596695821,6.243195555274104,293.33333333333337,6.194142910030205
3,3,0,fam,0.0020406180157419105,6.194502568112669,293.33333333333337,6.194142910030205
4,4,1,fam,0.0020405783582089555,6.194522002381115,293.33333333333337,6.194142910030205
5,5,2,fam,0.0020405704268873334,6.194525889189482,293.33333333333337,6.194142910030205
6,6,0,fam,0.002041346200188743,6.194145786712324,293.33333333333337,6.194142910030205
7,7,1,fam,0.002041345882816796,6.194145942184225,293.33333333333337,6.194142910030205
8,8,2,fam,0.0020413458193424185,6.1941459732786015,293.33333333333337,6.194142910030205
9,9,0,fam,0.0020413520255228115,6.194142933043625,293.33333333333337,6.194142910030205
10,10,1,fam,0.0020413520229838286,6.1941429342874,293.33333333333337,6.194142910030205
11,11,2,fam,0.002041352022476032,6.194142934536155,293.33333333333337,6.194142910030205
12,12,0,fam,0.002041352072125475,6.194142910214312,293.33333333333337,6.194142910030205
13,13,1,fam,0.0020413520721051627,6.194142910224263,293.33333333333337,6.194142910030205
14,14,2,fam,0.002041352072101101,6.194142910226253,293.33333333333337,6.194142910030205
15,15,0,fam,0.002041352072498296,6.194142910031678,293.33333333333337,6.194142910030205
16,16,1,fam,0.0020413520724981335,6.194142910031758,293.33333333333337,6.194142910030205
17,17,2,fam,0.002041352072498101,6.194142910031774,293.33333333333337,6.194142910030205
18,18,0,fam,0.0020413520725012786,6.194142910030217,293.33333333333337,6.194142910030205
19,19,1,fam,0.0020413520725012773,6.194142910030218,293.33333333333337,6.194142910030205
20,20,2,fam,0.002041352072501277,6.194142910030218,293.33333333333337,6.194142910030205
21,21,0,fam,0.0020413520725013025,6.194142910030205,293.33333333333337,6.194142910030205
22,22,1,fam,0.0020413520725013025,6.194142910030205,293.33333333333337,6.194142910030205
23,23,2,fam,0.0020413520725013025,6.194142910030205,293.33333333333337,6.194142910030205
24,24,0,fam,0.0020413520725013025,6.194142910030205,293.33333333333337,6.194142910030205
25,25,1,fam,0.0020413520725013025,6.194142910030205,293.33333333333337,6.194142910030205
26,26,2,fam,0.0020413520725013025,6.194142910030205,293.33333333333337,6.194142910030205
27,27,0,fam,0.0020413520725013025,6.194142910030205,293.33333333333337,6.194142910030205
28,28,1,fam,0.0020413520725013025,6.194142910030205,293.33333333333337,6.194142910030205
29,29,2,fam,0.0020413520725013025,6.194142910030205,293.33333333333337,6.194142910030205
30,30,0,fam,0.0020413520725013025,6.194142910030205,293.33333333333337,6.194142910030205
31,31,1,fam,0.0020413520725013025,6.194142910030205,293.33333333333337,6.194142910030205
32,32,2,fam,0.0020413520725013025,6.194142910030205,293.33333333333337,6.194142910030205
33,33,0,fam,0.0020413520725013025,6.194142910030205,293.33333333333337,6.194142910030205
34,34,1,fam,0.0020413520725013025,6.194142910030205,293.33333333333337,6.194142910030205
35,35,2,fam,0.0020413520725013025,6.194142910030205,293.33333333333337,6.194142910030205
36,36,0,fam,0.0020413520725013025,6.194142910030205,293.33333333333337,6.194142910030205
37,37,1,fam,0.0020413520725013025,6.194142910030205,293.33333333333337,6.194142910030205
38,38,2,fam,0.0020413520725013025,6.194142910030205,293.33333333333337,6.194142910030205
39,39,0,fam,0.0020413520725013025,6.194142910030205,293.33333333333337,6.194142910030205
40,40,1,fam,0.0020413520725013025,6.194142910030205,293.33333333333337,6.194142910030205
41,41,2,fam,0.0020413520725013025,6.194142910030205,293.33333333333337,6.194142910030205
42,42,0,fam,0.0020413520725013025,6.194142910030205,293.33333333333337,6.194142910030205
43,43,1,fam,0.0020413520725013025,6.194142910030205,293.33333333333337,6.194142910030205
44,44,2,fam,0.0020413520725013025,6.194142910030205,293.33333333333337,6.194142910030205
45,45,0,fam,0.0020413520725013025,6.194142910030205,293.33333333333337,6.194142910030205
46,46,1,fam,0.0020413520725013025,6.194142910030205,293.33333333333337,6.194142910030205
47,47,2,fam,0.0020413520725013025,6.194142910030205,293.33333333333337,6.194142910030205
48,48,0,fam,0.0020413520725013025,6.194142910030205,293.33333333333337,6.194142910030205
49,49,1,fam,0.0020413520725013025,6.194142910030205,293.33333333333337,6.194142910030205
50,50,2,fam,0.0020413520725013025,6.194142910030205,293.33333333333337,6.194142910030205
51,51,0,fam,0.0020413520725013025,6.194142910030205,293.33333333333337,6.194142910030205
52,52,1,fam,0.0020413520725013025,6.194142910030205,293.33333333333337,6.194142910030205
53,53,2,fam,0.0020413520725013025,6.194142910030205,293.33333333333337,6.194142910030205
54,54,0,fam,0.0020413520725013025,6.194142910030205,293.33333333333337,6.194142910030205
55,55,1,fam,0.0020413520725013025,6.194142910030205,293.33333333333337,6.194142910030205
56,56,2,fam,0.0020413520725013025,6.194142910030205,293.33333333333337,6.194142910030205
57,57,0,fam,0.0020413520725013025,6.194142910030205,293.33333333333337,6.194142910030205
58,58,1,fam,0.0020413520725013025,6.194142910030205,293.33333333333337,6.194142910030205
59,59,2,fam,0.0020413520725013025,6.194142910030205,293.33333333333337,6.194142910030205
60,60,0,fam,0.0020413520725013025,6.194142910030205,293.33333333333337,6.194142910030205
61,61,1,fam,0.0020413520725013025,6.194142910030205,293.33333333333337,6.194142910030205
62,62,2,fam,0.0020413520725013025,6.194142910030205,293.33333333333337,6.194142910030205
63,63,0,fam,0.0020413520725013025,6.194142910030205,293.33333333333337,6.194142910030205
64,64,1,fam,0.0020413520725013025,6.194142910030205,293.33333333333337,6.194142910030205
65,65,2,fam,0.0020413520725013025,6.194142910030205,293.33333333333337,6.194142910030205
66,66,3,recov,0.0019433985181586298,6.243317025058645,293.33333333333337,6.194142910030205
67,67,4,recov,0.0019433985181586298,6.243317025058645,293.33333333333337,6.194142910030205
68,68,5,recov,0.0019433985181586298,6.243317025058645,293.33333333333337,6.194142910030205
69,69,3,recov,0.0020405684440665613,6.194526860889213,293.33333333333337,6.194142910030205
70,70,4,recov,0.0020405684440665613,6.194526860889213,293.33333333333337,6.194142910030205
71,71,5,recov,0.0020405684440665613,6.194526860889213,293.33333333333337,6.194142910030205
72,72,3,recov,0.0020413458034738248,6.194145981052196,293.33333333333337,6.194142910030205
73,73,4,recov,0.0020413458034738248,6.194145981052196,293.33333333333337,6.194142910030205
74,74,5,recov,0.0020413458034738248,6.194145981052196,293.33333333333337,6.194142910030205
75,75,3,recov,0.002041352022349083,6.194142934598344,293.33333333333337,6.194142910030205
76,76,4,recov,0.002041352022349083,6.194142934598344,293.33333333333337,6.194142910030205
77,77,5,recov,0.002041352022349083,6.194142934598344,293.33333333333337,6.194142910030205
78,78,3,recov,0.002041352072100085,6.19414291022675,293.33333333333337,6.194142910030205
79,79,4,recov,0.002041352072100085,6.19414291022675,293.33333333333337,6.194142910030205
80,80,5,recov,0.002041352072100085,6.19414291022675,293.33333333333337,6.194142910030205
81,81,3,recov,0.0020413520724980928,6.194142910031778,293.33333333333337,6.194142910030205
82,82,4,recov,0.0020413520724980928,6.194142910031778,293.33333333333337,6.194142910030205
83,83,5,recov,0.0020413520724980928,6.194142910031778,293.33333333333337,6.194142910030205
84,84,3,recov,0.002041352072501277,6.194142910030218,293.33333333333337,6.194142910030205
85,85,4,recov,0.002041352072501277,6.194142910030218,293.33333333333337,6.194142910030205
86,86,5,recov,0.002041352072501277,6.194142910030218,293.33333333333337,6.194142910030205
87,87,3,recov,0.0020413520725013025,6.194142910030205,293.33333333333337,6.194142910030205
88,88,4,recov,0.0020413520725013025,6.194142910030205,293.33333333333337,6.194142910030205
89,89,5,recov,0.0020413520725013025,6.194142910030205,293.33333333333337,6.194142910030205
90,90,3,recov,0.0020413520725013025,6.194142910030205,293.33333333333337,6.194142910030205
91,91,4,recov,0.0020413520725013025,6.194142910030205,293.33333333333337,6.194142910030205
92,92,5,recov,0.0020413520725013025,6.194142910030205,293.33333333333337,6.194142910030205
93,93,3,recov,0.0020413520725013025,6.194142910030205,293.33333333333337,6.194142910030205
94,94,4,recov,0.0020413520725013025,6.194142910030205,293.33333333333337,6.194142910030205
95,95,5,recov,0.0020413520725013025,6.194142910030205,293.33333333333337,6.194142910030205
96,96,3,recov,0.0020413520725013025,6.194142910030205,293.33333333333337,6.194142910030205
97,97,4,recov,0.0020413520725013025,6.194142910030205,293.33333333333337,6.194142910030205
98,98,5,recov,0.0020413520725013025,6.194142910030205,293.33333333333337,6.194142910030205
99,99,3,recov,0.0020413520725013025,6.194142910030205,293.33333333333337,6.194142910030205
100,100,4,recov,0.0020413520725013025,6.194142910030205,293.33333333333337,6.194142910030205
101,101,5,recov,0.0020413520725013025,6.194142910030205,293.33333333333337,6.194142910030205
102,102,3,recov,0.0020413520725013025,6.194142910030205,293.33333333333337,6.194142910030205
103,103,4,recov,0.0020413520725013025,6.194142910030205,293.33333333333337,6.194142910030205
104,104,5,recov,0.0020413520725013025,6.194142910030205,293.33333333333337,6.194142910030205
105,105,3,recov,0.0020413520725013025,6.194142910030205,293.33333333333337,6.194142910030205
106,106,4,recov,0.0020413520725013025,6.194142910030205,293.33333333333337,6.194142910030205
107,107,5,recov,0.0020413520725013025,6.194142910030205,293.33333333333337,6.194142910030205
108,108,3,recov,0.0020413520725013025,6.194142910030205,293.33333333333337,6.194142910030205
109,109,4,recov,0.0020413520725013025,6.194142910030205,293.33333333333337,6.194142910030205
110,110,5,recov,0.0020413520725013025,6.194142910030205,293.33333333333337,6.194142910030205
111,111,3,recov,0.0020413520725013025,6.194142910030205,293.33333333333337,6.194142910030205
112,112,4,recov,0.0020413520725013025,6.194142910030205,293.33333333333337,6.194142910030205
113,113,5,recov,0.0020413520725013025,6.194142910030205,293.33333333333337,6.194142910030205
114,114,3,recov,0.0020413520725013025,6.194142910030205,293.33333333333337,6.194142910030205
115,115,4,recov,0.0020413520725013025,6.194142910030205,293.33333333333337,6.194142910030205
116,116,5,recov,0.0020413520725013025,6.194142910030205,293.33333333333337,6.194142910030205
117,117,3,recov,0.0020413520725013025,6.194142910030205,293.33333333333337,6.194142910030205
118,118,4,recov,0.0020413520725013025,6.194142910030205,293.33333333333337,6.194142910030205
119,119,5,recov,0.0020413520725013025,6.194142910030205,293.33333333333337,6.194142910030205
120,120,3,recov,0.0020413520725013025,6.194142910030205,293.33333333333337,6.194142910030205
121,121,4,recov,0.0020413520725013025,6.194142910030205,293.33333333333337,6.194142910030205
122,122,5,recov,0.0020413520725013025,6.194142910030205,293.33333333333337,6.194142910030205
123,123,3,recov,0.0020413520725013025,6.194142910030205,293.33333333333337,6.194142910030205
124,124,4,recov,0.0020413520725013025,6.194142910030205,293.33333333333337,6.194142910030205
125,125,5,recov,0.0020413520725013025,6.194142910030205,293.33333333333337,6.194142910030205
126,126,3,recov,0.0020413520725013025,6.194142910030205,293.33333333333337,6.194142910030205
127,127,4,recov,0.0020413520725013025,6.194142910030205,293.33333333333337,6.194142910030205
128,128,5,recov,0.0020413520725013025,6.194142910030205,293.33333333333337,6.194142910030205
129,129,3,recov,0.0020413520725013025,6.194142910030205,293.33333333333337,6.194142910030205
130,130,4,recov,0.0020413520725013025,6.194142910030205,293.33333333333337,6.194142910030205
131,131,5,recov,0.0020413520725013025,6.194142910030205,293.33333333333337,6.194142910030205
132,132,3,recov,0.0020413520725013025,6.194142910030205,293.33333333333337,6.194142910030205
133,133,4,recov,0.0020413520725013025,6.194142910030205,293.33333333333337,6.194142910030205
134,134,5,recov,0.0020413520725013025,6.194142910030205,293.33333333333337,6.194142910030205
135,135,3,recov,0.0020413520725013025,6.194142910030205,293.33333333333337,6.194142910030205
136,136,4,recov,0.0020413520725013025,6.194142910030205,293.33333333333337,6.194142910030205
137,137,5,recov,0.0020413520725013025,6.194142910030205,293.33333333333337,6.194142910030205
138,138,3,recov,0.0020413520725013025,6.194142910030205,293.33333333333337,6.194142910030205
139,139,4,recov,0.0020413520725013025,6.194142910030205,293.33333333333337,6.194142910030205
140,140,5,recov,0.0020413520725013025,6.194142910030205,293.33333333333337,6.194142910030205
141,141,3,recov,0.0020413520725013025,6.194142910030205,293.33333333333337,6.194142910030205
142,142,4,recov,0.0020413520725013025,6.194142910030205,293.33333333333337,6.194142910030205
143,143,5,recov,0.0020413520725013025,6.194142910030205,293.33333333333337,6.194142910030205
144,144,3,recov,0.0020413520725013025,6.194142910030205,293.33333333333337,6.194142910030205
145,145,4,recov,0.0020413520725013025,6.194142910030205,293.33333333333337,6.194142910030205
146,146,5,recov,0.0020413520725013025,6.194142910030205,293.33333333333337,6.194142910030205
147,147,3,recov,0.0020413520725013025,6.194142910030205,293.33333333333337,6.194142910030205
148,148,4,recov,0.0020413520725013025,6.194142910030205,293.33333333333337,6.194142910030205
149,149,5,recov,0.0020413520725013025,6.194142910030205,293.33333333333337,6.194142910030205
150,150,3,recov,0.0020413520725013025,6.194142910030205,293.33333333333337,6.194142910030205
151,151,4,recov,0.0020413520725013025,6.194142910030205,293.33333333333337,6.194142910030205
152,152,5,recov,0.0020413520725013025,6.194142910030205,293.33333333333337,6.194142910030205
153,153,3,recov,0.0020413520725013025,6.194142910030205,293.33333333333337,6.194142910030205
154,154,4,recov,0.0020413520725013025,6.194142910030205,293.33333333333337,6.194142910030205
155,155,5,recov,0.0020413520725013025,6.194142910030205,293.33333333333337,6.194142910030205
156,156,3,recov,0.0020413520725013025,6.194142910030205,293.33333333333337,6.194142910030205
157,157,4,recov,0.0020413520725013025,6.194142910030205,293.33333333333337,6.194142910030205
158,158,5,recov,0.0020413520725013025,6.194142910030205,293.33333333333337,6.194142910030205
159,159,3,recov,0.0020413520725013025,6.194142910030205,293.33333333333337,6.194142910030205
160,160,4,recov,0.0020413520725013025,6.194142910030205,293.33333333333337,6.194142910030205
161,161,5,recov,0.0020413520725013025,6.194142910030205,293.33333333333337,6.194142910030205
162,162,3,recov,0.0020413520725013025,6.194142910030205,293.33333333333337,6.194142910030205
163,163,4,recov,0.0020413520725013025,6.194142910030205,293.33333333333337,6.194142910030205
164,164,5,recov,0.0020413520725013025,6.194142910030205,293.33333333333337,6.194142910030205
165,165,3,recov,0.0020413520725013025,6.194142910030205,293.33333333333337,6.194142910030205
166,166,4,recov,0.0020413520725013025,6.194142910030205,293.33333333333337,6.194142910030205
167,167,5,recov,0.0020413520725013025,6.194142910030205,293.33333333333337,6.194142910030205
168,168,3,recov,0.0020413520725013025,6.194142910030205,293.33333333333337,6.194142910030205
169,169,4,recov,0.0020413520725013025,6.194142910030205,293.33333333333337,6.194142910030205
170,170,5,recov,0.0020413520725013025,6.194142910030205,293.33333333333337,6.194142910030205
171,171,3,recov,0.0020413520725013025,6.194142910030205,293.33333333333337,6.194142910030205
172,172,4,recov,0.0020413520725013025,6.194142910030205,293.33333333333337,6.194142910030205
173,173,5,recov,0.0020413520725013025,6.194142910030205,293.33333333333337,6.194142910030205
174,174,3,recov,0.0020413520725013025,6.194142910030205,293.33333333333337,6.194142910030205
175,175,4,recov,0.0020413520725013025,6.194142910030205,293.33333333333337,6.194142910030205
176,176,5,recov,0.0020413520725013025,6.194142910030205,293.33333333333337,6.194142910030205
177,177,3,recov,0.0020413520725013025,6.194142910030205,293.33333333333337,6.194142910030205
178,178,4,recov,0.0020413520725013025,6.194142910030205,293.33333333333337,6.194142910030205
179,179,5,recov,0.0020413520725013025,6.194142910030205,293.33333333333337,6.194142910030205
180,180,3,recov,0.0020413520725013025,6.194142910030205,293.33333333333337,6.194142910030205
181,181,4,recov,0.0020413520725013025,6.194142910030205,293.33333333333337,6.194142910030205
182,182,5,recov,0.0020413520725013025,6.194142910030205,293.33333333333337,6.194142910030205
183,183,3,recov,0.0020413520725013025,6.194142910030205,293.33333333333337,6.194142910030205
184,184,4,recov,0.0020413520725013025,6.194142910030205,293.33333333333337,6.194142910030205
185,185,5,recov,0.0020413520725013025,6.194142910030205,293.33333333333337,6.194142910030205
186,186,3,recov,0.0020413520725013025,6.194142910030205,293.33333333333337,6.194142910030205
187,187,4,recov,0.0020413520725013025,6.194142910030205,293.33333333333337,6.194142910030205
188,188,5,recov,0.0020413520725013025,6.194142910030205,293.33333333333337,6.194142910030205
189,189,3,recov,0.0020413520725013025,6.194142910030205,293.33333333333337,6.194142910030205
190,190,4,recov,0.0020413520725013025,6.194142910030205,293.33333333333337,6.194142910030205
191,191,5,recov,0.0020413520725013025,6.194142910030205,293.33333333333337,6.194142910030205
192,192,3,recov,0.0020413520725013025,6.194142910030205,293.33333333333337,6.194142910030205
193,193,4,recov,0.0020413520725013025,6.194142910030205,293.33333333333337,6.194142910030205
194,194,5,recov,0.0020413520725013025,6.194142910030205,293.33333333333337,6.194142910030205
195,195,3,recov,0.0020413520725013025,6.194142910030205,293.33333333333337,6.194142910030205
196,196,4,recov,0.0020413520725013025,6.194142910030205,293.33333333333337,6.194142910030205
197,197,5,recov,0.0020413520725013025,6.194142910030205,293.33333333333337,6.194142910030205
198,198,3,recov,0.0020413520725013025,6.194142910030205,293.33333333333337,6.194142910030205
199,199,4,recov,0.0020413520725013025,6.194142910030205,293.33333333333337,6.194142910030205
200,200,5,recov,0.0020413520725013025,6.194142910030205,293.33333333333337,6.194142910030205
201,201,3,recov,0.0020413520725013025,6.194142910030205,293.33333333333337,6.194142910030205
202,202,4,recov,0.0020413520725013025,6.194142910030205,293.33333333333337,6.194142910030205
203,203,5,recov,0.0020413520725013025,6.194142910030205,293.33333333333337,6.194142910030205
204,204,3,recov,0.0020413520725013025,6.194142910030205,293.33333333333337,6.194142910030205
205,205,4,recov,0.0020413520725013025,6.194142910030205,293.33333333333337,6.194142910030205
206,206,5,recov,0.0020413520725013025,6.194142910030205,293.33333333333337,6.194142910030205
207,207,3,recov,0.0020413520725013025,6.194142910030205,293.33333333333337,6.194142910030205
208,208,4,recov,0.0020413520725013025,6.194142910030205,293.33333333333337,6.194142910030205
209,209,5,recov,0.0020413520725013025,6.194142910030205,293.33333333333337,6.194142910030205
210,210,3,recov,0.0020413520725013025,6.194142910030205,293.33333333333337,6.194142910030205
211,211,4,recov,0.0020413520725013025,6.194142910030205,293.33333333333337,6.194142910030205
212,212,5,recov,0.0020413520725013025,6.194142910030205,293.33333333333337,6.194142910030205
213,213,3,recov,0.0020413520725013025,6.194142910030205,293.33333333333337,6.194142910030205
214,214,4,recov,0.0020413520725013025,6.194142910030205,293.33333333333337,6.194142910030205
215,215,5,recov,0.0020413520725013025,6.194142910030205,293.33333333333337,6.194142910030205
216,216,3,recov,0.0020413520725013025,6.194142910030205,293.33333333333337,6.194142910030205
217,217,4,recov,0.0020413520725013025,6.194142910030205,293.33333333333337,6.194142910030205
218,218,5,recov,0.0020413520725013025,6.194142910030205,293.33333333333337,6.194142910030205
219,219,3,recov,0.0020413520725013025,6.194142910030205,293.33333333333337,6.194142910030205
220,220,4,recov,0.0020413520725013025,6.194142910030205,293.33333333333337,6.194142910030205
221,221,5,recov,0.0020413520725013025,6.194142910030205,293.33333333333337,6.194142910030205
222,222,3,recov,0.0020413520725013025,6.194142910030205,293.33333333333337,6.194142910030205
223,223,4,recov,0.0020413520725013025,6.194142910030205,293.33333333333337,6.194142910030205
224,224,5,recov,0.0020413520725013025,6.194142910030205,293.33333333333337,6.194142910030205
225,225,3,recov,0.0020413520725013025,6.194142910030205,293.33333333333337,6.194142910030205
226,226,4,recov,0.0020413520725013025,6.194142910030205,293.33333333333337,6.194142910030205
227,227,5,recov,0.0020413520725013025,6.194142910030205,293.33333333333337,6.194142910030205
228,228,3,recov,0.0020413520725013025,6.194142910030205,293.33333333333337,6.194142910030205
229,229,4,recov,0.0020413520725013025,6.194142910030205,293.33333333333337,6.194142910030205
230,230,5,recov,0.0020413520725013025,6.194142910030205,293.33333333333337,6.194142910030205
231,231,3,recov,0.0020413520725013025,6.194142910030205,293.33333333333337,6.194142910030205
232,232,4,recov,0.0020413520725013025,6.194142910030205,293.33333333333337,6.194142910030205
233,233,5,recov,0.0020413520725013025,6.194142910030205,293.33333333333337,6.194142910030205
234,234,3,recov,0.0020413520725013025,6.194142910030205,293.33333333333337,6.194142910030205
235,235,4,recov,0.0020413520725013025,6.194142910030205,293.33333333333337,6.194142910030205
236,236,5,recov,0.0020413520725013025,6.194142910030205,293.33333333333337,6.194142910030205
237,237,3,recov,0.0020413520725013025,6.194142910030205,293.33333333333337,6.194142910030205
238,238,4,recov,0.0020413520725013025,6.194142910030205,293.33333333333337,6.194142910030205
239,239,5,recov,0.0020413520725013025,6.194142910030205,293.33333333333337,6.194142910030205
240,240,3,recov,0.0020413520725013025,6.194142910030205,293.33333333333337,6.194142910030205
241,241,4,recov,0.0020413520725013025,6.194142910030205,293.33333333333337,6.194142910030205
242,242,5,recov,0.0020413520725013025,6.194142910030205,293.33333333333337,6.194142910030205
243,243,3,recov,0.0020413520725013025,6.194142910030205,293.33333333333337,6.194142910030205
244,244,4,recov,0.0020413520725013025,6.194142910030205,293.33333333333337,6.194142910030205
245,245,5,recov,0.0020413520725013025,6.194142910030205,293.33333333333337,6.194142910030205
246,246,3,recov,0.0020413520725013025,6.194142910030205,293.33333333333337,6.194142910030205
247,247,4,recov,0.0020413520725013025,6.194142910030205,293.33333333333337,6.194142910030205
248,248,5,recov,0.0020413520725013025,6.194142910030205,293.33333333333337,6.194142910030205
249,249,3,recov,0.0020413520725013025,6.194142910030205,293.33333333333337,6.194142910030205
250,250,4,recov,0.0020413520725013025,6.194142910030205,293.33333333333337,6.194142910030205
251,251,5,recov,0.0020413520725013025,6.194142910030205,293.33333333333337,6.194142910030205
252,252,3,recov,0.0020413520725013025,6.194142910030205,293.33333333333337,6.194142910030205
253,253,4,recov,0.0020413520725013025,6.194142910030205,293.33333333333337,6.194142910030205
254,254,5,recov,0.0020413520725013025,6.194142910030205,293.33333333333337,6.194142910030205
255,255,3,recov,0.0020413520725013025,6.194142910030205,293.33333333333337,6.194142910030205
256,256,4,recov,0.0020413520725013025,6.194142910030205,293.33333333333337,6.194142910030205
257,257,5,recov,0.0020413520725013025,6.194142910030205,293.33333333333337,6.194142910030205
258,258,3,recov,0.0020413520725013025,6.194142910030205,293.33333333333337,6.194142910030205
259,259,4,recov,0.0020413520725013025,6.194142910030205,293.33333333333337,6.194142910030205
260,260,5,recov,0.0020413520725013025,6.194142910030205,293.33333333333337,6.194142910030205
261,261,3,recov,0.0020413520725013025,6.194142910030205,293.33333333333337,6.194142910030205
262,262,4,recov,0.0020413520725013025,6.194142910030205,293.33333333333337,6.194142910030205
263,263,5,recov,0.0020413520725013025,6.194142910030205,293.33333333333337,6.194142910030205
264,264,3,recov,0.0020413520725013025,6.194142910030205,293.33333333333337,6.194142910030205
265,265,4,recov,0.0020413520725013025,6.194142910030205,293.33333333333337,6.194142910030205
266,266,5,recov,0.0020413520725013025,6.194142910030205,293.33333333333337,6.194142910030205
267,267,3,recov,0.0020413520725013025,6.194142910030205,293.33333333333337,6.194142910030205
268,268,4,recov,0.0020413520725013025,6.194142910030205,293.33333333333337,6.194142910030205
269,269,5,recov,0.0020413520725013025,6.194142910030205,293.33333333333337,6.194142910030205
270,270,3,recov,0.0020413520725013025,6.194142910030205,293.33333333333337,6.194142910030205
271,271,4,recov,0.0020413520725013025,6.194142910030205,293.33333333333337,6.194142910030205
272,272,5,recov,0.0020413520725013025,6.194142910030205,293.33333333333337,6.194142910030205
273,273,3,recov,0.0020413520725013025,6.194142910030205,293.33333333333337,6.194142910030205
274,274,4,recov,0.0020413520725013025,6.194142910030205,293.33333333333337,6.194142910030205
275,275,5,recov,0.0020413520725013025,6.194142910030205,293.33333333333337,6.194142910030205
276,276,3,recov,0.0020413520725013025,6.194142910030205,293.33333333333337,6.194142910030205
277,277,4,recov,0.0020413520725013025,6.194142910030205,293.33333333333337,6.194142910030205
278,278,5,recov,0.0020413520725013025,6.194142910030205,293.33333333333337,6.194142910030205
279,279,3,recov,0.0020413520725013025,6.194142910030205,293.33333333333337,6.194142910030205
280,280,4,recov,0.0020413520725013025,6.194142910030205,293.33333333333337,6.194142910030205
281,281,5,recov,0.0020413520725013025,6.194142910030205,293.33333333333337,6.194142910030205
282,282,3,recov,0.0020413520725013025,6.194142910030205,293.33333333333337,6.194142910030205
283,283,4,recov,0.0020413520725013025,6.194142910030205,293.33333333333337,6.194142910030205
284,284,5,recov,0.0020413520725013025,6.194142910030205,293.33333333333337,6.194142910030205
285,285,3,recov,0.0020413520725013025,6.194142910030205,293.33333333333337,6.194142910030205
286,286,4,recov,0.0020413520725013025,6.194142910030205,293.33333333333337,6.194142910030205
287,287,5,recov,0.0020413520725013025,6.194142910030205,293.33333333333337,6.194142910030205
288,288,3,recov,0.0020413520725013025,6.194142910030205,293.33333333333337,6.194142910030205
289,289,4,recov,0.0020413520725013025,6.194142910030205,293.33333333333337,6.194142910030205
290,290,5,recov,0.0020413520725013025,6.194142910030205,293.33333333333337,6.194142910030205
291,291,3,recov,0.0020413520725013025,6.194142910030205,293.33333333333337,6.194142910030205
292,292,4,recov,0.0020413520725013025,6.194142910030205,293.33333333333337,6.194142910030205
293,293,5,recov,0.0020413520725013025,6.194142910030205,293.33333333333337,6.194142910030205
294,294,3,recov,0.0020413520725013025,6.194142910030205,293.33333333333337,6.194142910030205
295,295,4,recov,0.0020413520725013025,6.194142910030205,293.33333333333337,6.194142910030205
296,296,5,recov,0.0020413520725013025,6.194142910030205,293.33333333333337,6.194142910030205
297,297,3,recov,0.0020413520725013025,6.194142910030205,293.33333333333337,6.194142910030205
298,298,4,recov,0.0020413520725013025,6.194142910030205,293.33333333333337,6.194142910030205
299,299,5,recov,0.0020413520725013025,6.194142910030205,293.33333333333337,6.194142910030205
300,300,3,recov,0.0020413520725013025,6.194142910030205,293.33333333333337,6.194142910030205
301,301,4,recov,0.0020413520725013025,6.194142910030205,293.33333333333337,6.194142910030205
302,302,5,recov,0.0020413520725013025,6.194142910030205,293.33333333333337,6.194142910030205
303,303,3,recov,0.0020413520725013025,6.194142910030205,293.33333333333337,6.194142910030205
304,304,4,recov,0.0020413520725013025,6.194142910030205,293.33333333333337,6.194142910030205
305,305,5,recov,0.0020413520725013025,6.194142910030205,293.33333333333337,6.194142910030205
306,306,3,recov,0.0020413520725013025,6.194142910030205,293.33333333333337,6.194142910030205
307,307,4,recov,0.0020413520725013025,6.194142910030205,293.33333333333337,6.194142910030205
308,308,5,recov,0.0020413520725013025,6.194142910030205,293.33333333333337,6.194142910030205
309,309,3,recov,0.0020413520725013025,6.194142910030205,293.33333333333337,6.194142910030205
310,310,4,recov,0.0020413520725013025,6.194142910030205,293.33333333333337,6.194142910030205
311,311,5,recov,0.0020413520725013025,6.194142910030205,293.33333333333337,6.194142910030205
312,312,3,recov,0.0020413520725013025,6.194142910030205,293.33333333333337,6.194142910030205
313,313,4,recov,0.0020413520725013025,6.194142910030205,293.33333333333337,6.194142910030205
314,314,5,recov,0.0020413520725013025,6.194142910030205,293.33333333333337,6.194142910030205
315,315,3,recov,0.0020413520725013025,6.194142910030205,293.33333333333337,6.194142910030205
316,316,4,recov,0.0020413520725013025,6.194142910030205,293.33333333333337,6.194142910030205
317,317,5,recov,0.0020413520725013025,6.194142910030205,293.33333333333337,6.194142910030205
318,318,3,recov,0.0020413520725013025,6.194142910030205,293.33333333333337,6.194142910030205
319,319,4,recov,0.0020413520725013025,6.194142910030205,293.33333333333337,6.194142910030205
320,320,5,recov,0.0020413520725013025,6.194142910030205,293.33333333333337,6.194142910030205
321,321,3,recov,0.0020413520725013025,6.194142910030205,293.33333333333337,6.194142910030205
322,322,4,recov,0.0020413520725013025,6.194142910030205,293.33333333333337,6.194142910030205
323,323,5,recov,0.0020413520725013025,6.194142910030205,293.33333333333337,6.194142910030205
324,324,3,recov,0.0020413520725013025,6.194142910030205,293.33333333333337,6.194142910030205
325,325,4,recov,0.0020413520725013025,6.194142910030205,293.33333333333337,6.194142910030205
326,326,5,recov,0.0020413520725013025,6.194142910030205,293.33333333333337,6.194142910030205
327,327,3,recov,0.0020413520725013025,6.194142910030205,293.33333333333337,6.194142910030205
328,328,4,recov,0.0020413520725013025,6.194142910030205,293.33333333333337,6.194142910030205
329,329,5,recov,0.0020413520725013025,6.194142910030205,293.33333333333337,6.194142910030205
330,330,3,recov,0.0020413520725013025,6.194142910030205,293.33333333333337,6.194142910030205
331,331,4,recov,0.0020413520725013025,6.194142910030205,293.33333333333337,6.194142910030205
332,332,5,recov,0.0020413520725013025,6.194142910030205,293.33333333333337,6.194142910030205
333,333,3,recov,0.0020413520725013025,6.194142910030205,293.33333333333337,6.194142910030205
334,334,4,recov,0.0020413520725013025,6.194142910030205,293.33333333333337,6.194142910030205
335,335,5,recov,0.0020413520725013025,6.194142910030205,293.33333333333337,6.194142910030205
336,336,3,recov,0.0020413520725013025,6.194142910030205,293.33333333333337,6.194142910030205
337,337,4,recov,0.0020413520725013025,6.194142910030205,293.33333333333337,6.194142910030205
338,338,5,recov,0.0020413520725013025,6.194142910030205,293.33333333333337,6.194142910030205
339,339,3,recov,0.0020413520725013025,6.194142910030205,293.33333333333337,6.194142910030205
340,340,4,recov,0.0020413520725013025,6.194142910030205,293.33333333333337,6.194142910030205
341,341,5,recov,0.0020413520725013025,6.194142910030205,293.33333333333337,6.194142910030205
342,342,3,recov,0.0020413520725013025,6.194142910030205,293.33333333333337,6.194142910030205
343,343,4,recov,0.0020413520725013025,6.194142910030205,293.33333333333337,6.194142910030205
344,344,5,recov,0.0020413520725013025,6.194142910030205,293.33333333333337,6.194142910030205
345,345,3,recov,0.0020413520725013025,6.194142910030205,293.33333333333337,6.194142910030205
346,346,4,recov,0.0020413520725013025,6.194142910030205,293.33333333333337,6.194142910030205
347,347,5,recov,0.0020413520725013025,6.194142910030205,293.33333333333337,6.194142910030205
348,348,3,recov,0.0020413520725013025,6.194142910030205,293.33333333333337,6.194142910030205
349,349,4,recov,0.0020413520725013025,6.194142910030205,293.33333333333337,6.194142910030205
350,350,5,recov,0.0020413520725013025,6.194142910030205,293.33333333333337,6.194142910030205
351,351,3,recov,0.0020413520725013025,6.194142910030205,293.33333333333337,6.194142910030205
352,352,4,recov,0.0020413520725013025,6.194142910030205,293.33333333333337,6.194142910030205
353,353,5,recov,0.0020413520725013025,6.194142910030205,293.33333333333337,6.194142910030205
354,354,3,recov,0.0020413520725013025,6.194142910030205,293.33333333333337,6.194142910030205
355,355,4,recov,0.0020413520725013025,6.194142910030205,293.33333333333337,6.194142910030205
356,356,5,recov,0.0020413520725013025,6.194142910030205,293.33333333333337,6.194142910030205
357,357,3,recov,0.0020413520725013025,6.194142910030205,293.33333333333337,6.194142910030205
358,358,4,recov,0.0020413520725013025,6.194142910030205,293.33333333333337,6.194142910030205
359,359,5,recov,0.0020413520725013025,6.194142910030205,293.33333333333337,6.194142910030205
360,360,0,fam_r,0.0019433985181586298,6.243317025058645,293.33333333333337,6.194142910030205
361,361,1,fam_r,0.0019433985181586298,6.243317025058645,293.33333333333337,6.194142910030205
362,362,2,fam_r,0.0019433985181586298,6.243317025058645,293.33333333333337,6.194142910030205
363,363,0,fam_r,0.0020405684440665613,6.194526860889213,293.33333333333337,6.194142910030205
364,364,1,fam_r,0.0020405684440665613,6.194526860889213,293.33333333333337,6.194142910030205
365,365,2,fam_r,0.0020405684440665613,6.194526860889213,293.33333333333337,6.194142910030205
366,366,0,fam_r,0.0020413458034738248,6.194145981052196,293.33333333333337,6.194142910030205
367,367,1,fam_r,0.0020413458034738248,6.194145981052196,293.33333333333337,6.194142910030205
368,368,2,fam_r,0.0020413458034738248,6.194145981052196,293.33333333333337,6.194142910030205
369,369,0,fam_r,0.002041352022349083,6.194142934598344,293.33333333333337,6.194142910030205
370,370,1,fam_r,0.002041352022349083,6.194142934598344,293.33333333333337,6.194142910030205
371,371,2,fam_r,0.002041352022349083,6.194142934598344,293.33333333333337,6.194142910030205
372,372,0,fam_r,0.002041352072100085,6.19414291022675,293.33333333333337,6.194142910030205
373,373,1,fam_r,0.002041352072100085,6.19414291022675,293.33333333333337,6.194142910030205
374,374,2,fam_r,0.002041352072100085,6.19414291022675,293.33333333333337,6.194142910030205
0,0,0,fam,0.001949317738791423,6.240275845170769,366.6666666666667,6.194142910030205
1,1,1,fam,0.0019445794846864365,6.242709528533067,366.6666666666667,6.194142910030205
2,2,2,fam,0.001943634596695821,6.243195555274104,366.6666666666667,6.194142910030205
3,3,0,fam,0.0020406180157419105,6.194502568112669,366.6666666666667,6.194142910030205
4,4,1,fam,0.0020405783582089555,6.194522002381115,366.6666666666667,6.194142910030205
5,5,2,fam,0.0020405704268873334,6.194525889189482,366.6666666666667,6.194142910030205
6,6,0,fam,0.002041346200188743,6.194145786712324,366.6666666666667,6.194142910030205
7,7,1,fam,0.002041345882816796,6.194145942184225,366.6666666666667,6.194142910030205
8,8,2,fam,0.0020413458193424185,6.1941459732786015,366.6666666666667,6.194142910030205
9,9,0,fam,0.0020413520255228115,6.194142933043625,366.6666666666667,6.194142910030205
10,10,1,fam,0.0020413520229838286,6.1941429342874,366.6666666666667,6.194142910030205
11,11,2,fam,0.002041352022476032,6.194142934536155,366.6666666666667,6.194142910030205
12,12,0,fam,0.002041352072125475,6.194142910214312,366.6666666666667,6.194142910030205
13,13,1,fam,0.0020413520721051627,6.194142910224263,366.6666666666667,6.194142910030205
14,14,2,fam,0.002041352072101101,6.194142910226253,366.6666666666667,6.194142910030205
15,15,0,fam,0.002041352072498296,6.194142910031678,366.6666666666667,6.194142910030205
16,16,1,fam,0.0020413520724981335,6.194142910031758,366.6666666666667,6.194142910030205
17,17,2,fam,0.002041352072498101,6.194142910031774,366.6666666666667,6.194142910030205
18,18,0,fam,0.0020413520725012786,6.194142910030217,366.6666666666667,6.194142910030205
19,19,1,fam,0.0020413520725012773,6.194142910030218,366.6666666666667,6.194142910030205
20,20,2,fam,0.002041352072501277,6.194142910030218,366.6666666666667,6.194142910030205
21,21,0,fam,0.0020413520725013025,6.194142910030205,366.6666666666667,6.194142910030205
22,22,1,fam,0.0020413520725013025,6.194142910030205,366.6666666666667,6.194142910030205
23,23,2,fam,0.0020413520725013025,6.194142910030205,366.6666666666667,6.194142910030205
24,24,0,fam,0.0020413520725013025,6.194142910030205,366.6666666666667,6.194142910030205
25,25,1,fam,0.0020413520725013025,6.194142910030205,366.6666666666667,6.194142910030205
26,26,2,fam,0.0020413520725013025,6.194142910030205,366.6666666666667,6.194142910030205
27,27,0,fam,0.0020413520725013025,6.194142910030205,366.6666666666667,6.194142910030205
28,28,1,fam,0.0020413520725013025,6.194142910030205,366.6666666666667,6.194142910030205
29,29,2,fam,0.0020413520725013025,6.194142910030205,366.6666666666667,6.194142910030205
30,30,0,fam,0.0020413520725013025,6.194142910030205,366.6666666666667,6.194142910030205
31,31,1,fam,0.0020413520725013025,6.194142910030205,366.6666666666667,6.194142910030205
32,32,2,fam,0.0020413520725013025,6.194142910030205,366.6666666666667,6.194142910030205
33,33,0,fam,0.0020413520725013025,6.194142910030205,366.6666666666667,6.194142910030205
34,34,1,fam,0.0020413520725013025,6.194142910030205,366.6666666666667,6.194142910030205
35,35,2,fam,0.0020413520725013025,6.194142910030205,366.6666666666667,6.194142910030205
36,36,0,fam,0.0020413520725013025,6.194142910030205,366.6666666666667,6.194142910030205
37,37,1,fam,0.0020413520725013025,6.194142910030205,366.6666666666667,6.194142910030205
38,38,2,fam,0.0020413520725013025,6.194142910030205,366.6666666666667,6.194142910030205
39,39,0,fam,0.0020413520725013025,6.194142910030205,366.6666666666667,6.194142910030205
40,40,1,fam,0.0020413520725013025,6.194142910030205,366.6666666666667,6.194142910030205
41,41,2,fam,0.0020413520725013025,6.194142910030205,366.6666666666667,6.194142910030205
42,42,0,fam,0.0020413520725013025,6.194142910030205,366.6666666666667,6.194142910030205
43,43,1,fam,0.0020413520725013025,6.194142910030205,366.6666666666667,6.194142910030205
44,44,2,fam,0.0020413520725013025,6.194142910030205,366.6666666666667,6.194142910030205
45,45,0,fam,0.0020413520725013025,6.194142910030205,366.6666666666667,6.194142910030205
46,46,1,fam,0.0020413520725013025,6.194142910030205,366.6666666666667,6.194142910030205
47,47,2,fam,0.0020413520725013025,6.194142910030205,366.6666666666667,6.194142910030205
48,48,0,fam,0.0020413520725013025,6.194142910030205,366.6666666666667,6.194142910030205
49,49,1,fam,0.0020413520725013025,6.194142910030205,366.6666666666667,6.194142910030205
50,50,2,fam,0.0020413520725013025,6.194142910030205,366.6666666666667,6.194142910030205
51,51,0,fam,0.0020413520725013025,6.194142910030205,366.6666666666667,6.194142910030205
52,52,1,fam,0.0020413520725013025,6.194142910030205,366.6666666666667,6.194142910030205
53,53,2,fam,0.0020413520725013025,6.194142910030205,366.6666666666667,6.194142910030205
54,54,0,fam,0.0020413520725013025,6.194142910030205,366.6666666666667,6.194142910030205
55,55,1,fam,0.0020413520725013025,6.194142910030205,366.6666666666667,6.194142910030205
56,56,2,fam,0.0020413520725013025,6.194142910030205,366.6666666666667,6.194142910030205
57,57,0,fam,0.0020413520725013025,6.194142910030205,366.6666666666667,6.194142910030205
58,58,1,fam,0.0020413520725013025,6.194142910030205,366.6666666666667,6.194142910030205
59,59,2,fam,0.0020413520725013025,6.194142910030205,366.6666666666667,6.194142910030205
60,60,0,fam,0.0020413520725013025,6.194142910030205,366.6666666666667,6.194142910030205
61,61,1,fam,0.0020413520725013025,6.194142910030205,366.6666666666667,6.194142910030205
62,62,2,fam,0.0020413520725013025,6.194142910030205,366.6666666666667,6.194142910030205
63,63,0,fam,0.0020413520725013025,6.194142910030205,366.6666666666667,6.194142910030205
64,64,1,fam,0.0020413520725013025,6.194142910030205,366.6666666666667,6.194142910030205
65,65,2,fam,0.0020413520725013025,6.194142910030205,366.6666666666667,6.194142910030205
66,66,3,recov,0.0019433985181586298,6.243317025058645,366.6666666666667,6.194142910030205
67,67,4,recov,0.0019433985181586298,6.243317025058645,366.6666666666667,6.194142910030205
68,68,5,recov,0.0019433985181586298,6.243317025058645,366.6666666666667,6.194142910030205
69,69,3,recov,0.0020405684440665613,6.194526860889213,366.6666666666667,6.194142910030205
70,70,4,recov,0.0020405684440665613,6.194526860889213,366.6666666666667,6.194142910030205
71,71,5,recov,0.0020405684440665613,6.194526860889213,366.6666666666667,6.194142910030205
72,72,3,recov,0.0020413458034738248,6.194145981052196,366.6666666666667,6.194142910030205
73,73,4,recov,0.0020413458034738248,6.194145981052196,366.6666666666667,6.194142910030205
74,74,5,recov,0.0020413458034738248,6.194145981052196,366.6666666666667,6.194142910030205
75,75,3,recov,0.002041352022349083,6.194142934598344,366.6666666666667,6.194142910030205
76,76,4,recov,0.002041352022349083,6.194142934598344,366.6666666666667,6.194142910030205
77,77,5,recov,0.002041352022349083,6.194142934598344,366.6666666666667,6.194142910030205
78,78,3,recov,0.002041352072100085,6.19414291022675,366.6666666666667,6.194142910030205
79,79,4,recov,0.002041352072100085,6.19414291022675,366.6666666666667,6.194142910030205
80,80,5,recov,0.002041352072100085,6.19414291022675,366.6666666666667,6.194142910030205
81,81,3,recov,0.0020413520724980928,6.194142910031778,366.6666666666667,6.194142910030205
82,82,4,recov,0.0020413520724980928,6.194142910031778,366.6666666666667,6.194142910030205
83,83,5,recov,0.0020413520724980928,6.194142910031778,366.6666666666667,6.194142910030205
84,84,3,recov,0.002041352072501277,6.194142910030218,366.6666666666667,6.194142910030205
85,85,4,recov,0.002041352072501277,6.194142910030218,366.6666666666667,6.194142910030205
86,86,5,recov,0.002041352072501277,6.194142910030218,366.6666666666667,6.194142910030205
87,87,3,recov,0.0020413520725013025,6.194142910030205,366.6666666666667,6.194142910030205
88,88,4,recov,0.0020413520725013025,6.194142910030205,366.6666666666667,6.194142910030205
89,89,5,recov,0.0020413520725013025,6.194142910030205,366.6666666666667,6.194142910030205
90,90,3,recov,0.0020413520725013025,6.194142910030205,366.6666666666667,6.194142910030205
91,91,4,recov,0.0020413520725013025,6.194142910030205,366.6666666666667,6.194142910030205
92,92,5,recov,0.0020413520725013025,6.194142910030205,366.6666666666667,6.194142910030205
93,93,3,recov,0.0020413520725013025,6.194142910030205,366.6666666666667,6.194142910030205
94,94,4,recov,0.0020413520725013025,6.194142910030205,366.6666666666667,6.194142910030205
95,95,5,recov,0.0020413520725013025,6.194142910030205,366.6666666666667,6.194142910030205
96,96,3,recov,0.0020413520725013025,6.194142910030205,366.6666666666667,6.194142910030205
97,97,4,recov,0.0020413520725013025,6.194142910030205,366.6666666666667,6.194142910030205
98,98,5,recov,0.0020413520725013025,6.194142910030205,366.6666666666667,6.194142910030205
99,99,3,recov,0.0020413520725013025,6.194142910030205,366.6666666666667,6.194142910030205
100,100,4,recov,0.0020413520725013025,6.194142910030205,366.6666666666667,6.194142910030205
101,101,5,recov,0.0020413520725013025,6.194142910030205,366.6666666666667,6.194142910030205
102,102,3,recov,0.0020413520725013025,6.194142910030205,366.6666666666667,6.194142910030205
103,103,4,recov,0.0020413520725013025,6.194142910030205,366.6666666666667,6.194142910030205
104,104,5,recov,0.0020413520725013025,6.194142910030205,366.6666666666667,6.194142910030205
105,105,3,recov,0.0020413520725013025,6.194142910030205,366.6666666666667,6.194142910030205
106,106,4,recov,0.0020413520725013025,6.194142910030205,366.6666666666667,6.194142910030205
107,107,5,recov,0.0020413520725013025,6.194142910030205,366.6666666666667,6.194142910030205
108,108,3,recov,0.0020413520725013025,6.194142910030205,366.6666666666667,6.194142910030205
109,109,4,recov,0.0020413520725013025,6.194142910030205,366.6666666666667,6.194142910030205
110,110,5,recov,0.0020413520725013025,6.194142910030205,366.6666666666667,6.194142910030205
111,111,3,recov,0.0020413520725013025,6.194142910030205,366.6666666666667,6.194142910030205
112,112,4,recov,0.0020413520725013025,6.194142910030205,366.6666666666667,6.194142910030205
113,113,5,recov,0.0020413520725013025,6.194142910030205,366.6666666666667,6.194142910030205
114,114,3,recov,0.0020413520725013025,6.194142910030205,366.6666666666667,6.194142910030205
115,115,4,recov,0.0020413520725013025,6.194142910030205,366.6666666666667,6.194142910030205
116,116,5,recov,0.0020413520725013025,6.194142910030205,366.6666666666667,6.194142910030205
117,117,3,recov,0.0020413520725013025,6.194142910030205,366.6666666666667,6.194142910030205
118,118,4,recov,0.0020413520725013025,6.194142910030205,366.6666666666667,6.194142910030205
119,119,5,recov,0.0020413520725013025,6.194142910030205,366.6666666666667,6.194142910030205
120,120,3,recov,0.0020413520725013025,6.194142910030205,366.6666666666667,6.194142910030205
121,121,4,recov,0.0020413520725013025,6.194142910030205,366.6666666666667,6.194142910030205
122,122,5,recov,0.0020413520725013025,6.194142910030205,366.6666666666667,6.194142910030205
123,123,3,recov,0.0020413520725013025,6.194142910030205,366.6666666666667,6.194142910030205
124,124,4,recov,0.0020413520725013025,6.194142910030205,366.6666666666667,6.194142910030205
125,125,5,recov,0.0020413520725013025,6.194142910030205,366.6666666666667,6.194142910030205
126,126,3,recov,0.0020413520725013025,6.194142910030205,366.6666666666667,6.194142910030205
127,127,4,recov,0.0020413520725013025,6.194142910030205,366.6666666666667,6.194142910030205
128,128,5,recov,0.0020413520725013025,6.194142910030205,366.6666666666667,6.194142910030205
129,129,3,recov,0.0020413520725013025,6.194142910030205,366.6666666666667,6.194142910030205
130,130,4,recov,0.0020413520725013025,6.194142910030205,366.6666666666667,6.194142910030205
131,131,5,recov,0.0020413520725013025,6.194142910030205,366.6666666666667,6.194142910030205
132,132,3,recov,0.0020413520725013025,6.194142910030205,366.6666666666667,6.194142910030205
133,133,4,recov,0.0020413520725013025,6.194142910030205,366.6666666666667,6.194142910030205
134,134,5,recov,0.0020413520725013025,6.194142910030205,366.6666666666667,6.194142910030205
135,135,3,recov,0.0020413520725013025,6.194142910030205,366.6666666666667,6.194142910030205
136,136,4,recov,0.0020413520725013025,6.194142910030205,366.6666666666667,6.194142910030205
137,137,5,recov,0.0020413520725013025,6.194142910030205,366.6666666666667,6.194142910030205
138,138,3,recov,0.0020413520725013025,6.194142910030205,366.6666666666667,6.194142910030205
139,139,4,recov,0.0020413520725013025,6.194142910030205,366.6666666666667,6.194142910030205
140,140,5,recov,0.0020413520725013025,6.194142910030205,366.6666666666667,6.194142910030205
141,141,3,recov,0.0020413520725013025,6.194142910030205,366.6666666666667,6.194142910030205
142,142,4,recov,0.0020413520725013025,6.194142910030205,366.6666666666667,6.194142910030205
143,143,5,recov,0.0020413520725013025,6.194142910030205,366.6666666666667,6.194142910030205
144,144,3,recov,0.0020413520725013025,6.194142910030205,366.6666666666667,6.194142910030205
145,145,4,recov,0.0020413520725013025,6.194142910030205,366.6666666666667,6.194142910030205
146,146,5,recov,0.0020413520725013025,6.194142910030205,366.6666666666667,6.194142910030205
147,147,3,recov,0.0020413520725013025,6.194142910030205,366.6666666666667,6.194142910030205
148,148,4,recov,0.0020413520725013025,6.194142910030205,366.6666666666667,6.194142910030205
149,149,5,recov,0.0020413520725013025,6.194142910030205,366.6666666666667,6.194142910030205
150,150,3,recov,0.0020413520725013025,6.194142910030205,366.6666666666667,6.194142910030205
151,151,4,recov,0.0020413520725013025,6.194142910030205,366.6666666666667,6.194142910030205
152,152,5,recov,0.0020413520725013025,6.194142910030205,366.6666666666667,6.194142910030205
153,153,3,recov,0.0020413520725013025,6.194142910030205,366.6666666666667,6.194142910030205
154,154,4,recov,0.0020413520725013025,6.194142910030205,366.6666666666667,6.194142910030205
155,155,5,recov,0.0020413520725013025,6.194142910030205,366.6666666666667,6.194142910030205
156,156,3,recov,0.0020413520725013025,6.194142910030205,366.6666666666667,6.194142910030205
157,157,4,recov,0.0020413520725013025,6.194142910030205,366.6666666666667,6.194142910030205
158,158,5,recov,0.0020413520725013025,6.194142910030205,366.6666666666667,6.194142910030205
159,159,3,recov,0.0020413520725013025,6.194142910030205,366.6666666666667,6.194142910030205
160,160,4,recov,0.0020413520725013025,6.194142910030205,366.6666666666667,6.194142910030205
161,161,5,recov,0.0020413520725013025,6.194142910030205,366.6666666666667,6.194142910030205
162,162,3,recov,0.0020413520725013025,6.194142910030205,366.6666666666667,6.194142910030205
163,163,4,recov,0.0020413520725013025,6.194142910030205,366.6666666666667,6.194142910030205
164,164,5,recov,0.0020413520725013025,6.194142910030205,366.6666666666667,6.194142910030205
165,165,3,recov,0.0020413520725013025,6.194142910030205,366.6666666666667,6.194142910030205
166,166,4,recov,0.0020413520725013025,6.194142910030205,366.6666666666667,6.194142910030205
167,167,5,recov,0.0020413520725013025,6.194142910030205,366.6666666666667,6.194142910030205
168,168,3,recov,0.0020413520725013025,6.194142910030205,366.6666666666667,6.194142910030205
169,169,4,recov,0.0020413520725013025,6.194142910030205,366.6666666666667,6.194142910030205
170,170,5,recov,0.0020413520725013025,6.194142910030205,366.6666666666667,6.194142910030205
171,171,3,recov,0.0020413520725013025,6.194142910030205,366.6666666666667,6.194142910030205
172,172,4,recov,0.0020413520725013025,6.194142910030205,366.6666666666667,6.194142910030205
173,173,5,recov,0.0020413520725013025,6.194142910030205,366.6666666666667,6.194142910030205
174,174,3,recov,0.0020413520725013025,6.194142910030205,366.6666666666667,6.194142910030205
175,175,4,recov,0.0020413520725013025,6.194142910030205,366.6666666666667,6.194142910030205
176,176,5,recov,0.0020413520725013025,6.194142910030205,366.6666666666667,6.194142910030205
177,177,3,recov,0.0020413520725013025,6.194142910030205,366.6666666666667,6.194142910030205
178,178,4,recov,0.0020413520725013025,6.194142910030205,366.6666666666667,6.194142910030205
179,179,5,recov,0.0020413520725013025,6.194142910030205,366.6666666666667,6.194142910030205
180,180,3,recov,0.0020413520725013025,6.194142910030205,366.6666666666667,6.194142910030205
181,181,4,recov,0.0020413520725013025,6.194142910030205,366.6666666666667,6.194142910030205
182,182,5,recov,0.0020413520725013025,6.194142910030205,366.6666666666667,6.194142910030205
183,183,3,recov,0.0020413520725013025,6.194142910030205,366.6666666666667,6.194142910030205
184,184,4,recov,0.0020413520725013025,6.194142910030205,366.6666666666667,6.194142910030205
185,185,5,recov,0.0020413520725013025,6.194142910030205,366.6666666666667,6.194142910030205
186,186,3,recov,0.0020413520725013025,6.194142910030205,366.6666666666667,6.194142910030205
187,187,4,recov,0.0020413520725013025,6.194142910030205,366.6666666666667,6.194142910030205
188,188,5,recov,0.0020413520725013025,6.194142910030205,366.6666666666667,6.194142910030205
189,189,3,recov,0.0020413520725013025,6.194142910030205,366.6666666666667,6.194142910030205
190,190,4,recov,0.0020413520725013025,6.194142910030205,366.6666666666667,6.194142910030205
191,191,5,recov,0.0020413520725013025,6.194142910030205,366.6666666666667,6.194142910030205
192,192,3,recov,0.0020413520725013025,6.194142910030205,366.6666666666667,6.194142910030205
193,193,4,recov,0.0020413520725013025,6.194142910030205,366.6666666666667,6.194142910030205
194,194,5,recov,0.0020413520725013025,6.194142910030205,366.6666666666667,6.194142910030205
195,195,3,recov,0.0020413520725013025,6.194142910030205,366.6666666666667,6.194142910030205
196,196,4,recov,0.0020413520725013025,6.194142910030205,366.6666666666667,6.194142910030205
197,197,5,recov,0.0020413520725013025,6.194142910030205,366.6666666666667,6.194142910030205
198,198,3,recov,0.0020413520725013025,6.194142910030205,366.6666666666667,6.194142910030205
199,199,4,recov,0.0020413520725013025,6.194142910030205,366.6666666666667,6.194142910030205
200,200,5,recov,0.0020413520725013025,6.194142910030205,366.6666666666667,6.194142910030205
201,201,3,recov,0.0020413520725013025,6.194142910030205,366.6666666666667,6.194142910030205
202,202,4,recov,0.0020413520725013025,6.194142910030205,366.6666666666667,6.194142910030205
203,203,5,recov,0.0020413520725013025,6.194142910030205,366.6666666666667,6.194142910030205
204,204,3,recov,0.0020413520725013025,6.194142910030205,366.6666666666667,6.194142910030205
205,205,4,recov,0.0020413520725013025,6.194142910030205,366.6666666666667,6.194142910030205
206,206,5,recov,0.0020413520725013025,6.194142910030205,366.6666666666667,6.194142910030205
207,207,3,recov,0.0020413520725013025,6.194142910030205,366.6666666666667,6.194142910030205
208,208,4,recov,0.0020413520725013025,6.194142910030205,366.6666666666667,6.194142910030205
209,209,5,recov,0.0020413520725013025,6.194142910030205,366.6666666666667,6.194142910030205
210,210,3,recov,0.0020413520725013025,6.194142910030205,366.6666666666667,6.194142910030205
211,211,4,recov,0.0020413520725013025,6.194142910030205,366.6666666666667,6.194142910030205
212,212,5,recov,0.0020413520725013025,6.194142910030205,366.6666666666667,6.194142910030205
213,213,3,recov,0.0020413520725013025,6.194142910030205,366.6666666666667,6.194142910030205
214,214,4,recov,0.0020413520725013025,6.194142910030205,366.6666666666667,6.194142910030205
215,215,5,recov,0.0020413520725013025,6.194142910030205,366.6666666666667,6.194142910030205
216,216,3,recov,0.0020413520725013025,6.194142910030205,366.6666666666667,6.194142910030205
217,217,4,recov,0.0020413520725013025,6.194142910030205,366.6666666666667,6.194142910030205
218,218,5,recov,0.0020413520725013025,6.194142910030205,366.6666666666667,6.194142910030205
219,219,3,recov,0.0020413520725013025,6.194142910030205,366.6666666666667,6.194142910030205
220,220,4,recov,0.0020413520725013025,6.194142910030205,366.6666666666667,6.194142910030205
221,221,5,recov,0.0020413520725013025,6.194142910030205,366.6666666666667,6.194142910030205
222,222,3,recov,0.0020413520725013025,6.194142910030205,366.6666666666667,6.194142910030205
223,223,4,recov,0.0020413520725013025,6.194142910030205,366.6666666666667,6.194142910030205
224,224,5,recov,0.0020413520725013025,6.194142910030205,366.6666666666667,6.194142910030205
225,225,3,recov,0.0020413520725013025,6.194142910030205,366.6666666666667,6.194142910030205
226,226,4,recov,0.0020413520725013025,6.194142910030205,366.6666666666667,6.194142910030205
227,227,5,recov,0.0020413520725013025,6.194142910030205,366.6666666666667,6.194142910030205
228,228,3,recov,0.0020413520725013025,6.194142910030205,366.6666666666667,6.194142910030205
229,229,4,recov,0.0020413520725013025,6.194142910030205,366.6666666666667,6.194142910030205
230,230,5,recov,0.0020413520725013025,6.194142910030205,366.6666666666667,6.194142910030205
231,231,3,recov,0.0020413520725013025,6.194142910030205,366.6666666666667,6.194142910030205
232,232,4,recov,0.0020413520725013025,6.194142910030205,366.6666666666667,6.194142910030205
233,233,5,recov,0.0020413520725013025,6.194142910030205,366.6666666666667,6.194142910030205
234,234,3,recov,0.0020413520725013025,6.194142910030205,366.6666666666667,6.194142910030205
235,235,4,recov,0.0020413520725013025,6.194142910030205,366.6666666666667,6.194142910030205
236,236,5,recov,0.0020413520725013025,6.194142910030205,366.6666666666667,6.194142910030205
237,237,3,recov,0.0020413520725013025,6.194142910030205,366.6666666666667,6.194142910030205
238,238,4,recov,0.0020413520725013025,6.194142910030205,366.6666666666667,6.194142910030205
239,239,5,recov,0.0020413520725013025,6.194142910030205,366.6666666666667,6.194142910030205
240,240,3,recov,0.0020413520725013025,6.194142910030205,366.6666666666667,6.194142910030205
241,241,4,recov,0.0020413520725013025,6.194142910030205,366.6666666666667,6.194142910030205
242,242,5,recov,0.0020413520725013025,6.194142910030205,366.6666666666667,6.194142910030205
243,243,3,recov,0.0020413520725013025,6.194142910030205,366.6666666666667,6.194142910030205
244,244,4,recov,0.0020413520725013025,6.194142910030205,366.6666666666667,6.194142910030205
245,245,5,recov,0.0020413520725013025,6.194142910030205,366.6666666666667,6.194142910030205
246,246,3,recov,0.0020413520725013025,6.194142910030205,366.6666666666667,6.194142910030205
247,247,4,recov,0.0020413520725013025,6.194142910030205,366.6666666666667,6.194142910030205
248,248,5,recov,0.0020413520725013025,6.194142910030205,366.6666666666667,6.194142910030205
249,249,3,recov,0.0020413520725013025,6.194142910030205,366.6666666666667,6.194142910030205
250,250,4,recov,0.0020413520725013025,6.194142910030205,366.6666666666667,6.194142910030205
251,251,5,recov,0.0020413520725013025,6.194142910030205,366.6666666666667,6.194142910030205
252,252,3,recov,0.0020413520725013025,6.194142910030205,366.6666666666667,6.194142910030205
253,253,4,recov,0.0020413520725013025,6.194142910030205,366.6666666666667,6.194142910030205
254,254,5,recov,0.0020413520725013025,6.194142910030205,366.6666666666667,6.194142910030205
255,255,3,recov,0.0020413520725013025,6.194142910030205,366.6666666666667,6.194142910030205
256,256,4,recov,0.0020413520725013025,6.194142910030205,366.6666666666667,6.194142910030205
257,257,5,recov,0.0020413520725013025,6.194142910030205,366.6666666666667,6.194142910030205
258,258,3,recov,0.0020413520725013025,6.194142910030205,366.6666666666667,6.194142910030205
259,259,4,recov,0.0020413520725013025,6.194142910030205,366.6666666666667,6.194142910030205
260,260,5,recov,0.0020413520725013025,6.194142910030205,366.6666666666667,6.194142910030205
261,261,3,recov,0.0020413520725013025,6.194142910030205,366.6666666666667,6.194142910030205
262,262,4,recov,0.0020413520725013025,6.194142910030205,366.6666666666667,6.194142910030205
263,263,5,recov,0.0020413520725013025,6.194142910030205,366.6666666666667,6.194142910030205
264,264,3,recov,0.0020413520725013025,6.194142910030205,366.6666666666667,6.194142910030205
265,265,4,recov,0.0020413520725013025,6.194142910030205,366.6666666666667,6.194142910030205
266,266,5,recov,0.0020413520725013025,6.194142910030205,366.6666666666667,6.194142910030205
267,267,3,recov,0.0020413520725013025,6.194142910030205,366.6666666666667,6.194142910030205
268,268,4,recov,0.0020413520725013025,6.194142910030205,366.6666666666667,6.194142910030205
269,269,5,recov,0.0020413520725013025,6.194142910030205,366.6666666666667,6.194142910030205
270,270,3,recov,0.0020413520725013025,6.194142910030205,366.6666666666667,6.194142910030205
271,271,4,recov,0.0020413520725013025,6.194142910030205,366.6666666666667,6.194142910030205
272,272,5,recov,0.0020413520725013025,6.194142910030205,366.6666666666667,6.194142910030205
273,273,3,recov,0.0020413520725013025,6.194142910030205,366.6666666666667,6.194142910030205
274,274,4,recov,0.0020413520725013025,6.194142910030205,366.6666666666667,6.194142910030205
275,275,5,recov,0.0020413520725013025,6.194142910030205,366.6666666666667,6.194142910030205
276,276,3,recov,0.0020413520725013025,6.194142910030205,366.6666666666667,6.194142910030205
277,277,4,recov,0.0020413520725013025,6.194142910030205,366.6666666666667,6.194142910030205
278,278,5,recov,0.0020413520725013025,6.194142910030205,366.6666666666667,6.194142910030205
279,279,3,recov,0.0020413520725013025,6.194142910030205,366.6666666666667,6.194142910030205
280,280,4,recov,0.0020413520725013025,6.194142910030205,366.6666666666667,6.194142910030205
281,281,5,recov,0.0020413520725013025,6.194142910030205,366.6666666666667,6.194142910030205
282,282,3,recov,0.0020413520725013025,6.194142910030205,366.6666666666667,6.194142910030205
283,283,4,recov,0.0020413520725013025,6.194142910030205,366.6666666666667,6.194142910030205
284,284,5,recov,0.0020413520725013025,6.194142910030205,366.6666666666667,6.194142910030205
285,285,3,recov,0.0020413520725013025,6.194142910030205,366.6666666666667,6.194142910030205
286,286,4,recov,0.0020413520725013025,6.194142910030205,366.6666666666667,6.194142910030205
287,287,5,recov,0.0020413520725013025,6.194142910030205,366.6666666666667,6.194142910030205
288,288,3,recov,0.0020413520725013025,6.194142910030205,366.6666666666667,6.194142910030205
289,289,4,recov,0.0020413520725013025,6.194142910030205,366.6666666666667,6.194142910030205
290,290,5,recov,0.0020413520725013025,6.194142910030205,366.6666666666667,6.194142910030205
291,291,3,recov,0.0020413520725013025,6.194142910030205,366.6666666666667,6.194142910030205
292,292,4,recov,0.0020413520725013025,6.194142910030205,366.6666666666667,6.194142910030205
293,293,5,recov,0.0020413520725013025,6.194142910030205,366.6666666666667,6.194142910030205
294,294,3,recov,0.0020413520725013025,6.194142910030205,366.6666666666667,6.194142910030205
295,295,4,recov,0.0020413520725013025,6.194142910030205,366.6666666666667,6.194142910030205
296,296,5,recov,0.0020413520725013025,6.194142910030205,366.6666666666667,6.194142910030205
297,297,3,recov,0.0020413520725013025,6.194142910030205,366.6666666666667,6.194142910030205
298,298,4,recov,0.0020413520725013025,6.194142910030205,366.6666666666667,6.194142910030205
299,299,5,recov,0.0020413520725013025,6.194142910030205,366.6666666666667,6.194142910030205
300,300,3,recov,0.0020413520725013025,6.194142910030205,366.6666666666667,6.194142910030205
301,301,4,recov,0.0020413520725013025,6.194142910030205,366.6666666666667,6.194142910030205
302,302,5,recov,0.0020413520725013025,6.194142910030205,366.6666666666667,6.194142910030205
303,303,3,recov,0.0020413520725013025,6.194142910030205,366.6666666666667,6.194142910030205
304,304,4,recov,0.0020413520725013025,6.194142910030205,366.6666666666667,6.194142910030205
305,305,5,recov,0.0020413520725013025,6.194142910030205,366.6666666666667,6.194142910030205
306,306,3,recov,0.0020413520725013025,6.194142910030205,366.6666666666667,6.194142910030205
307,307,4,recov,0.0020413520725013025,6.194142910030205,366.6666666666667,6.194142910030205
308,308,5,recov,0.0020413520725013025,6.194142910030205,366.6666666666667,6.194142910030205
309,309,3,recov,0.0020413520725013025,6.194142910030205,366.6666666666667,6.194142910030205
310,310,4,recov,0.0020413520725013025,6.194142910030205,366.6666666666667,6.194142910030205
311,311,5,recov,0.0020413520725013025,6.194142910030205,366.6666666666667,6.194142910030205
312,312,3,recov,0.0020413520725013025,6.194142910030205,366.6666666666667,6.194142910030205
313,313,4,recov,0.0020413520725013025,6.194142910030205,366.6666666666667,6.194142910030205
314,314,5,recov,0.0020413520725013025,6.194142910030205,366.6666666666667,6.194142910030205
315,315,3,recov,0.0020413520725013025,6.194142910030205,366.6666666666667,6.194142910030205
316,316,4,recov,0.0020413520725013025,6.194142910030205,366.6666666666667,6.194142910030205
317,317,5,recov,0.0020413520725013025,6.194142910030205,366.6666666666667,6.194142910030205
318,318,3,recov,0.0020413520725013025,6.194142910030205,366.6666666666667,6.194142910030205
319,319,4,recov,0.0020413520725013025,6.194142910030205,366.6666666666667,6.194142910030205
320,320,5,recov,0.0020413520725013025,6.194142910030205,366.6666666666667,6.194142910030205
321,321,3,recov,0.0020413520725013025,6.194142910030205,366.6666666666667,6.194142910030205
322,322,4,recov,0.0020413520725013025,6.194142910030205,366.6666666666667,6.194142910030205
323,323,5,recov,0.0020413520725013025,6.194142910030205,366.6666666666667,6.194142910030205
324,324,3,recov,0.0020413520725013025,6.194142910030205,366.6666666666667,6.194142910030205
325,325,4,recov,0.0020413520725013025,6.194142910030205,366.6666666666667,6.194142910030205
326,326,5,recov,0.0020413520725013025,6.194142910030205,366.6666666666667,6.194142910030205
327,327,3,recov,0.0020413520725013025,6.194142910030205,366.6666666666667,6.194142910030205
328,328,4,recov,0.0020413520725013025,6.194142910030205,366.6666666666667,6.194142910030205
329,329,5,recov,0.0020413520725013025,6.194142910030205,366.6666666666667,6.194142910030205
330,330,3,recov,0.0020413520725013025,6.194142910030205,366.6666666666667,6.194142910030205
331,331,4,recov,0.0020413520725013025,6.194142910030205,366.6666666666667,6.194142910030205
332,332,5,recov,0.0020413520725013025,6.194142910030205,366.6666666666667,6.194142910030205
333,333,3,recov,0.0020413520725013025,6.194142910030205,366.6666666666667,6.194142910030205
334,334,4,recov,0.0020413520725013025,6.194142910030205,366.6666666666667,6.194142910030205
335,335,5,recov,0.0020413520725013025,6.194142910030205,366.6666666666667,6.194142910030205
336,336,3,recov,0.0020413520725013025,6.194142910030205,366.6666666666667,6.194142910030205
337,337,4,recov,0.0020413520725013025,6.194142910030205,366.6666666666667,6.194142910030205
338,338,5,recov,0.0020413520725013025,6.194142910030205,366.6666666666667,6.194142910030205
339,339,3,recov,0.0020413520725013025,6.194142910030205,366.6666666666667,6.194142910030205
340,340,4,recov,0.0020413520725013025,6.194142910030205,366.6666666666667,6.194142910030205
341,341,5,recov,0.0020413520725013025,6.194142910030205,366.6666666666667,6.194142910030205
342,342,3,recov,0.0020413520725013025,6.194142910030205,366.6666666666667,6.194142910030205
343,343,4,recov,0.0020413520725013025,6.194142910030205,366.6666666666667,6.194142910030205
344,344,5,recov,0.0020413520725013025,6.194142910030205,366.6666666666667,6.194142910030205
345,345,3,recov,0.0020413520725013025,6.194142910030205,366.6666666666667,6.194142910030205
346,346,4,recov,0.0020413520725013025,6.194142910030205,366.6666666666667,6.194142910030205
347,347,5,recov,0.0020413520725013025,6.194142910030205,366.6666666666667,6.194142910030205
348,348,3,recov,0.0020413520725013025,6.194142910030205,366.6666666666667,6.194142910030205
349,349,4,recov,0.0020413520725013025,6.194142910030205,366.6666666666667,6.194142910030205
350,350,5,recov,0.0020413520725013025,6.194142910030205,366.6666666666667,6.194142910030205
351,351,3,recov,0.0020413520725013025,6.194142910030205,366.6666666666667,6.194142910030205
352,352,4,recov,0.0020413520725013025,6.194142910030205,366.6666666666667,6.194142910030205
353,353,5,recov,0.0020413520725013025,6.194142910030205,366.6666666666667,6.194142910030205
354,354,3,recov,0.0020413520725013025,6.194142910030205,366.6666666666667,6.194142910030205
355,355,4,recov,0.0020413520725013025,6.194142910030205,366.6666666666667,6.194142910030205
356,356,5,recov,0.0020413520725013025,6.194142910030205,366.6666666666667,6.194142910030205
357,357,3,recov,0.0020413520725013025,6.194142910030205,366.6666666666667,6.194142910030205
358,358,4,recov,0.0020413520725013025,6.194142910030205,366.6666666666667,6.194142910030205
359,359,5,recov,0.0020413520725013025,6.194142910030205,366.6666666666667,6.194142910030205
360,360,3,recov,0.0020413520725013025,6.194142910030205,366.6666666666667,6.194142910030205
361,361,4,recov,0.0020413520725013025,6.194142910030205,366.6666666666667,6.194142910030205
362,362,5,recov,0.0020413520725013025,6.194142910030205,366.6666666666667,6.194142910030205
363,363,3,recov,0.0020413520725013025,6.194142910030205,366.6666666666667,6.194142910030205
364,364,4,recov,0.0020413520725013025,6.194142910030205,366.6666666666667,6.194142910030205
365,365,5,recov,0.0020413520725013025,6.194142910030205,366.6666666666667,6.194142910030205
366,366,3,recov,0.0020413520725013025,6.194142910030205,366.6666666666667,6.194142910030205
367,367,4,recov,0.0020413520725013025,6.194142910030205,366.6666666666667,6.194142910030205
368,368,5,recov,0.0020413520725013025,6.194142910030205,366.6666666666667,6.194142910030205
369,369,3,recov,0.0020413520725013025,6.194142910030205,366.6666666666667,6.194142910030205
370,370,4,recov,0.0020413520725013025,6.194142910030205,366.6666666666667,6.194142910030205
371,371,5,recov,0.0020413520725013025,6.194142910030205,366.6666666666667,6.194142910030205
372,372,3,recov,0.0020413520725013025,6.194142910030205,366.6666666666667,6.194142910030205
373,373,4,recov,0.0020413520725013025,6.194142910030205,366.6666666666667,6.194142910030205
374,374,5,recov,0.0020413520725013025,6.194142910030205,366.6666666666667,6.194142910030205
375,375,3,recov,0.0020413520725013025,6.194142910030205,366.6666666666667,6.194142910030205
376,376,4,recov,0.0020413520725013025,6.194142910030205,366.6666666666667,6.194142910030205
377,377,5,recov,0.0020413520725013025,6.194142910030205,366.6666666666667,6.194142910030205
378,378,3,recov,0.0020413520725013025,6.194142910030205,366.6666666666667,6.194142910030205
379,379,4,recov,0.0020413520725013025,6.194142910030205,366.6666666666667,6.194142910030205
380,380,5,recov,0.0020413520725013025,6.194142910030205,366.6666666666667,6.194142910030205
381,381,3,recov,0.0020413520725013025,6.194142910030205,366.6666666666667,6.194142910030205
382,382,4,recov,0.0020413520725013025,6.194142910030205,366.6666666666667,6.194142910030205
383,383,5,recov,0.0020413520725013025,6.194142910030205,366.6666666666667,6.194142910030205
384,384,3,recov,0.0020413520725013025,6.194142910030205,366.6666666666667,6.194142910030205
385,385,4,recov,0.0020413520725013025,6.194142910030205,366.6666666666667,6.194142910030205
386,386,5,recov,0.0020413520725013025,6.194142910030205,366.6666666666667,6.194142910030205
387,387,3,recov,0.0020413520725013025,6.194142910030205,366.6666666666667,6.194142910030205
388,388,4,recov,0.0020413520725013025,6.194142910030205,366.6666666666667,6.194142910030205
389,389,5,recov,0.0020413520725013025,6.194142910030205,366.6666666666667,6.194142910030205
390,390,3,recov,0.0020413520725013025,6.194142910030205,366.6666666666667,6.194142910030205
391,391,4,recov,0.0020413520725013025,6.194142910030205,366.6666666666667,6.194142910030205
392,392,5,recov,0.0020413520725013025,6.194142910030205,366.6666666666667,6.194142910030205
393,393,3,recov,0.0020413520725013025,6.194142910030205,366.6666666666667,6.194142910030205
394,394,4,recov,0.0020413520725013025,6.194142910030205,366.6666666666667,6.194142910030205
395,395,5,recov,0.0020413520725013025,6.194142910030205,366.6666666666667,6.194142910030205
396,396,3,recov,0.0020413520725013025,6.194142910030205,366.6666666666667,6.194142910030205
397,397,4,recov,0.0020413520725013025,6.194142910030205,366.6666666666667,6.194142910030205
398,398,5,recov,0.0020413520725013025,6.194142910030205,366.6666666666667,6.194142910030205
399,399,3,recov,0.0020413520725013025,6.194142910030205,366.6666666666667,6.194142910030205
400,400,4,recov,0.0020413520725013025,6.194142910030205,366.6666666666667,6.194142910030205
401,401,5,recov,0.0020413520725013025,6.194142910030205,366.6666666666667,6.194142910030205
402,402,3,recov,0.0020413520725013025,6.194142910030205,366.6666666666667,6.194142910030205
403,403,4,recov,0.0020413520725013025,6.194142910030205,366.6666666666667,6.194142910030205
404,404,5,recov,0.0020413520725013025,6.194142910030205,366.6666666666667,6.194142910030205
405,405,3,recov,0.0020413520725013025,6.194142910030205,366.6666666666667,6.194142910030205
406,406,4,recov,0.0020413520725013025,6.194142910030205,366.6666666666667,6.194142910030205
407,407,5,recov,0.0020413520725013025,6.194142910030205,366.6666666666667,6.194142910030205
408,408,3,recov,0.0020413520725013025,6.194142910030205,366.6666666666667,6.194142910030205
409,409,4,recov,0.0020413520725013025,6.194142910030205,366.6666666666667,6.194142910030205
410,410,5,recov,0.0020413520725013025,6.194142910030205,366.6666666666667,6.194142910030205
411,411,3,recov,0.0020413520725013025,6.194142910030205,366.6666666666667,6.194142910030205
412,412,4,recov,0.0020413520725013025,6.194142910030205,366.6666666666667,6.194142910030205
413,413,5,recov,0.0020413520725013025,6.194142910030205,366.6666666666667,6.194142910030205
414,414,3,recov,0.0020413520725013025,6.194142910030205,366.6666666666667,6.194142910030205
415,415,4,recov,0.0020413520725013025,6.194142910030205,366.6666666666667,6.194142910030205
416,416,5,recov,0.0020413520725013025,6.194142910030205,366.6666666666667,6.194142910030205
417,417,3,recov,0.0020413520725013025,6.194142910030205,366.6666666666667,6.194142910030205
418,418,4,recov,0.0020413520725013025,6.194142910030205,366.6666666666667,6.194142910030205
419,419,5,recov,0.0020413520725013025,6.194142910030205,366.6666666666667,6.194142910030205
420,420,3,recov,0.0020413520725013025,6.194142910030205,366.6666666666667,6.194142910030205
421,421,4,recov,0.0020413520725013025,6.194142910030205,366.6666666666667,6.194142910030205
422,422,5,recov,0.0020413520725013025,6.194142910030205,366.6666666666667,6.194142910030205
423,423,3,recov,0.0020413520725013025,6.194142910030205,366.6666666666667,6.194142910030205
424,424,4,recov,0.0020413520725013025,6.194142910030205,366.6666666666667,6.194142910030205
425,425,5,recov,0.0020413520725013025,6.194142910030205,366.6666666666667,6.194142910030205
426,426,3,recov,0.0020413520725013025,6.194142910030205,366.6666666666667,6.194142910030205
427,427,4,recov,0.0020413520725013025,6.194142910030205,366.6666666666667,6.194142910030205
428,428,5,recov,0.0020413520725013025,6.194142910030205,366.6666666666667,6.194142910030205
429,429,3,recov,0.0020413520725013025,6.194142910030205,366.6666666666667,6.194142910030205
430,430,4,recov,0.0020413520725013025,6.194142910030205,366.6666666666667,6.194142910030205
431,431,5,recov,0.0020413520725013025,6.194142910030205,366.6666666666667,6.194142910030205
432,432,0,fam_r,0.0019433985181586298,6.243317025058645,366.6666666666667,6.194142910030205
433,433,1,fam_r,0.0019433985181586298,6.243317025058645,366.6666666666667,6.194142910030205
434,434,2,fam_r,0.0019433985181586298,6.243317025058645,366.6666666666667,6.194142910030205
435,435,0,fam_r,0.0020405684440665613,6.194526860889213,366.6666666666667,6.194142910030205
436,436,1,fam_r,0.0020405684440665613,6.194526860889213,366.6666666666667,6.194142910030205
437,437,2,fam_r,0.0020405684440665613,6.194526860889213,366.6666666666667,6.194142910030205
438,438,0,fam_r,0.0020413458034738248,6.194145981052196,366.6666666666667,6.194142910030205
439,439,1,fam_r,0.0020413458034738248,6.194145981052196,366.6666666666667,6.194142910030205
440,440,2,fam_r,0.0020413458034738248,6.194145981052196,366.6666666666667,6.194142910030205
441,441,0,fam_r,0.002041352022349083,6.194142934598344,366.6666666666667,6.194142910030205
442,442,1,fam_r,0.002041352022349083,6.194142934598344,366.6666666666667,6.194142910030205
443,443,2,fam_r,0.002041352022349083,6.194142934598344,366.6666666666667,6.194142910030205
444,444,0,fam_r,0.002041352072100085,6.19414291022675,366.6666666666667,6.194142910030205
445,445,1,fam_r,0.002041352072100085,6.19414291022675,366.6666666666667,6.194142910030205
446,446,2,fam_r,0.002041352072100085,6.19414291022675,366.6666666666667,6.194142910030205
0,0,0,fam,0.001949317738791423,6.240275845170769,476.6666666666667,6.194142910030205
1,1,1,fam,0.0019445794846864365,6.242709528533067,476.6666666666667,6.194142910030205
2,2,2,fam,0.001943634596695821,6.243195555274104,476.6666666666667,6.194142910030205
3,3,0,fam,0.0020406180157419105,6.194502568112669,476.6666666666667,6.194142910030205
4,4,1,fam,0.0020405783582089555,6.194522002381115,476.6666666666667,6.194142910030205
5,5,2,fam,0.0020405704268873334,6.194525889189482,476.6666666666667,6.194142910030205
6,6,0,fam,0.002041346200188743,6.194145786712324,476.6666666666667,6.194142910030205
7,7,1,fam,0.002041345882816796,6.194145942184225,476.6666666666667,6.194142910030205
8,8,2,fam,0.0020413458193424185,6.1941459732786015,476.6666666666667,6.194142910030205
9,9,0,fam,0.0020413520255228115,6.194142933043625,476.6666666666667,6.194142910030205
10,10,1,fam,0.0020413520229838286,6.1941429342874,476.6666666666667,6.194142910030205
11,11,2,fam,0.002041352022476032,6.194142934536155,476.6666666666667,6.194142910030205
12,12,0,fam,0.002041352072125475,6.194142910214312,476.6666666666667,6.194142910030205
13,13,1,fam,0.0020413520721051627,6.194142910224263,476.6666666666667,6.194142910030205
14,14,2,fam,0.002041352072101101,6.194142910226253,476.6666666666667,6.194142910030205
15,15,0,fam,0.002041352072498296,6.194142910031678,476.6666666666667,6.194142910030205
16,16,1,fam,0.0020413520724981335,6.194142910031758,476.6666666666667,6.194142910030205
17,17,2,fam,0.002041352072498101,6.194142910031774,476.6666666666667,6.194142910030205
18,18,0,fam,0.0020413520725012786,6.194142910030217,476.6666666666667,6.194142910030205
19,19,1,fam,0.0020413520725012773,6.194142910030218,476.6666666666667,6.194142910030205
20,20,2,fam,0.002041352072501277,6.194142910030218,476.6666666666667,6.194142910030205
21,21,0,fam,0.0020413520725013025,6.194142910030205,476.6666666666667,6.194142910030205
22,22,1,fam,0.0020413520725013025,6.194142910030205,476.6666666666667,6.194142910030205
23,23,2,fam,0.0020413520725013025,6.194142910030205,476.6666666666667,6.194142910030205
24,24,0,fam,0.0020413520725013025,6.194142910030205,476.6666666666667,6.194142910030205
25,25,1,fam,0.0020413520725013025,6.194142910030205,476.6666666666667,6.194142910030205
26,26,2,fam,0.0020413520725013025,6.194142910030205,476.6666666666667,6.194142910030205
27,27,0,fam,0.0020413520725013025,6.194142910030205,476.6666666666667,6.194142910030205
28,28,1,fam,0.0020413520725013025,6.194142910030205,476.6666666666667,6.194142910030205
29,29,2,fam,0.0020413520725013025,6.194142910030205,476.6666666666667,6.194142910030205
30,30,0,fam,0.0020413520725013025,6.194142910030205,476.6666666666667,6.194142910030205
31,31,1,fam,0.0020413520725013025,6.194142910030205,476.6666666666667,6.194142910030205
32,32,2,fam,0.0020413520725013025,6.194142910030205,476.6666666666667,6.194142910030205
33,33,0,fam,0.0020413520725013025,6.194142910030205,476.6666666666667,6.194142910030205
34,34,1,fam,0.0020413520725013025,6.194142910030205,476.6666666666667,6.194142910030205
35,35,2,fam,0.0020413520725013025,6.194142910030205,476.6666666666667,6.194142910030205
36,36,0,fam,0.0020413520725013025,6.194142910030205,476.6666666666667,6.194142910030205
37,37,1,fam,0.0020413520725013025,6.194142910030205,476.6666666666667,6.194142910030205
38,38,2,fam,0.0020413520725013025,6.194142910030205,476.6666666666667,6.194142910030205
39,39,0,fam,0.0020413520725013025,6.194142910030205,476.6666666666667,6.194142910030205
40,40,1,fam,0.0020413520725013025,6.194142910030205,476.6666666666667,6.194142910030205
41,41,2,fam,0.0020413520725013025,6.194142910030205,476.6666666666667,6.194142910030205
42,42,0,fam,0.0020413520725013025,6.194142910030205,476.6666666666667,6.194142910030205
43,43,1,fam,0.0020413520725013025,6.194142910030205,476.6666666666667,6.194142910030205
44,44,2,fam,0.0020413520725013025,6.194142910030205,476.6666666666667,6.194142910030205
45,45,0,fam,0.0020413520725013025,6.194142910030205,476.6666666666667,6.194142910030205
46,46,1,fam,0.0020413520725013025,6.194142910030205,476.6666666666667,6.194142910030205
47,47,2,fam,0.0020413520725013025,6.194142910030205,476.6666666666667,6.194142910030205
48,48,0,fam,0.0020413520725013025,6.194142910030205,476.6666666666667,6.194142910030205
49,49,1,fam,0.0020413520725013025,6.194142910030205,476.6666666666667,6.194142910030205
50,50,2,fam,0.0020413520725013025,6.194142910030205,476.6666666666667,6.194142910030205
51,51,0,fam,0.0020413520725013025,6.194142910030205,476.6666666666667,6.194142910030205
52,52,1,fam,0.0020413520725013025,6.194142910030205,476.6666666666667,6.194142910030205
53,53,2,fam,0.0020413520725013025,6.194142910030205,476.6666666666667,6.194142910030205
54,54,0,fam,0.0020413520725013025,6.194142910030205,476.6666666666667,6.194142910030205
55,55,1,fam,0.0020413520725013025,6.194142910030205,476.6666666666667,6.194142910030205
56,56,2,fam,0.0020413520725013025,6.194142910030205,476.6666666666667,6.194142910030205
57,57,0,fam,0.0020413520725013025,6.194142910030205,476.6666666666667,6.194142910030205
58,58,1,fam,0.0020413520725013025,6.194142910030205,476.6666666666667,6.194142910030205
59,59,2,fam,0.0020413520725013025,6.194142910030205,476.6666666666667,6.194142910030205
60,60,0,fam,0.0020413520725013025,6.194142910030205,476.6666666666667,6.194142910030205
61,61,1,fam,0.0020413520725013025,6.194142910030205,476.6666666666667,6.194142910030205
62,62,2,fam,0.0020413520725013025,6.194142910030205,476.6666666666667,6.194142910030205
63,63,0,fam,0.0020413520725013025,6.194142910030205,476.6666666666667,6.194142910030205
64,64,1,fam,0.0020413520725013025,6.194142910030205,476.6666666666667,6.194142910030205
65,65,2,fam,0.0020413520725013025,6.194142910030205,476.6666666666667,6.194142910030205
66,66,3,recov,0.0019433985181586298,6.243317025058645,476.6666666666667,6.194142910030205
67,67,4,recov,0.0019433985181586298,6.243317025058645,476.6666666666667,6.194142910030205
68,68,5,recov,0.0019433985181586298,6.243317025058645,476.6666666666667,6.194142910030205
69,69,3,recov,0.0020405684440665613,6.194526860889213,476.6666666666667,6.194142910030205
70,70,4,recov,0.0020405684440665613,6.194526860889213,476.6666666666667,6.194142910030205
71,71,5,recov,0.0020405684440665613,6.194526860889213,476.6666666666667,6.194142910030205
72,72,3,recov,0.0020413458034738248,6.194145981052196,476.6666666666667,6.194142910030205
73,73,4,recov,0.0020413458034738248,6.194145981052196,476.6666666666667,6.194142910030205
74,74,5,recov,0.0020413458034738248,6.194145981052196,476.6666666666667,6.194142910030205
75,75,3,recov,0.002041352022349083,6.194142934598344,476.6666666666667,6.194142910030205
76,76,4,recov,0.002041352022349083,6.194142934598344,476.6666666666667,6.194142910030205
77,77,5,recov,0.002041352022349083,6.194142934598344,476.6666666666667,6.194142910030205
78,78,3,recov,0.002041352072100085,6.19414291022675,476.6666666666667,6.194142910030205
79,79,4,recov,0.002041352072100085,6.19414291022675,476.6666666666667,6.194142910030205
80,80,5,recov,0.002041352072100085,6.19414291022675,476.6666666666667,6.194142910030205
81,81,3,recov,0.0020413520724980928,6.194142910031778,476.6666666666667,6.194142910030205
82,82,4,recov,0.0020413520724980928,6.194142910031778,476.6666666666667,6.194142910030205
83,83,5,recov,0.0020413520724980928,6.194142910031778,476.6666666666667,6.194142910030205
84,84,3,recov,0.002041352072501277,6.194142910030218,476.6666666666667,6.194142910030205
85,85,4,recov,0.002041352072501277,6.194142910030218,476.6666666666667,6.194142910030205
86,86,5,recov,0.002041352072501277,6.194142910030218,476.6666666666667,6.194142910030205
87,87,3,recov,0.0020413520725013025,6.194142910030205,476.6666666666667,6.194142910030205
88,88,4,recov,0.0020413520725013025,6.194142910030205,476.6666666666667,6.194142910030205
89,89,5,recov,0.0020413520725013025,6.194142910030205,476.6666666666667,6.194142910030205
90,90,3,recov,0.0020413520725013025,6.194142910030205,476.6666666666667,6.194142910030205
91,91,4,recov,0.0020413520725013025,6.194142910030205,476.6666666666667,6.194142910030205
92,92,5,recov,0.0020413520725013025,6.194142910030205,476.6666666666667,6.194142910030205
93,93,3,recov,0.0020413520725013025,6.194142910030205,476.6666666666667,6.194142910030205
94,94,4,recov,0.0020413520725013025,6.194142910030205,476.6666666666667,6.194142910030205
95,95,5,recov,0.0020413520725013025,6.194142910030205,476.6666666666667,6.194142910030205
96,96,3,recov,0.0020413520725013025,6.194142910030205,476.6666666666667,6.194142910030205
97,97,4,recov,0.0020413520725013025,6.194142910030205,476.6666666666667,6.194142910030205
98,98,5,recov,0.0020413520725013025,6.194142910030205,476.6666666666667,6.194142910030205
99,99,3,recov,0.0020413520725013025,6.194142910030205,476.6666666666667,6.194142910030205
100,100,4,recov,0.0020413520725013025,6.194142910030205,476.6666666666667,6.194142910030205
101,101,5,recov,0.0020413520725013025,6.194142910030205,476.6666666666667,6.194142910030205
102,102,3,recov,0.0020413520725013025,6.194142910030205,476.6666666666667,6.194142910030205
103,103,4,recov,0.0020413520725013025,6.194142910030205,476.6666666666667,6.194142910030205
104,104,5,recov,0.0020413520725013025,6.194142910030205,476.6666666666667,6.194142910030205
105,105,3,recov,0.0020413520725013025,6.194142910030205,476.6666666666667,6.194142910030205
106,106,4,recov,0.0020413520725013025,6.194142910030205,476.6666666666667,6.194142910030205
107,107,5,recov,0.0020413520725013025,6.194142910030205,476.6666666666667,6.194142910030205
108,108,3,recov,0.0020413520725013025,6.194142910030205,476.6666666666667,6.194142910030205
109,109,4,recov,0.0020413520725013025,6.194142910030205,476.6666666666667,6.194142910030205
110,110,5,recov,0.0020413520725013025,6.194142910030205,476.6666666666667,6.194142910030205
111,111,3,recov,0.0020413520725013025,6.194142910030205,476.6666666666667,6.194142910030205
112,112,4,recov,0.0020413520725013025,6.194142910030205,476.6666666666667,6.194142910030205
113,113,5,recov,0.0020413520725013025,6.194142910030205,476.6666666666667,6.194142910030205
114,114,3,recov,0.0020413520725013025,6.194142910030205,476.6666666666667,6.194142910030205
115,115,4,recov,0.0020413520725013025,6.194142910030205,476.6666666666667,6.194142910030205
116,116,5,recov,0.0020413520725013025,6.194142910030205,476.6666666666667,6.194142910030205
117,117,3,recov,0.0020413520725013025,6.194142910030205,476.6666666666667,6.194142910030205
118,118,4,recov,0.0020413520725013025,6.194142910030205,476.6666666666667,6.194142910030205
119,119,5,recov,0.0020413520725013025,6.194142910030205,476.6666666666667,6.194142910030205
120,120,3,recov,0.0020413520725013025,6.194142910030205,476.6666666666667,6.194142910030205
121,121,4,recov,0.0020413520725013025,6.194142910030205,476.6666666666667,6.194142910030205
122,122,5,recov,0.0020413520725013025,6.194142910030205,476.6666666666667,6.194142910030205
123,123,3,recov,0.0020413520725013025,6.194142910030205,476.6666666666667,6.194142910030205
124,124,4,recov,0.0020413520725013025,6.194142910030205,476.6666666666667,6.194142910030205
125,125,5,recov,0.0020413520725013025,6.194142910030205,476.6666666666667,6.194142910030205
126,126,3,recov,0.0020413520725013025,6.194142910030205,476.6666666666667,6.194142910030205
127,127,4,recov,0.0020413520725013025,6.194142910030205,476.6666666666667,6.194142910030205
128,128,5,recov,0.0020413520725013025,6.194142910030205,476.6666666666667,6.194142910030205
129,129,3,recov,0.0020413520725013025,6.194142910030205,476.6666666666667,6.194142910030205
130,130,4,recov,0.0020413520725013025,6.194142910030205,476.6666666666667,6.194142910030205
131,131,5,recov,0.0020413520725013025,6.194142910030205,476.6666666666667,6.194142910030205
132,132,3,recov,0.0020413520725013025,6.194142910030205,476.6666666666667,6.194142910030205
133,133,4,recov,0.0020413520725013025,6.194142910030205,476.6666666666667,6.194142910030205
134,134,5,recov,0.0020413520725013025,6.194142910030205,476.6666666666667,6.194142910030205
135,135,3,recov,0.0020413520725013025,6.194142910030205,476.6666666666667,6.194142910030205
136,136,4,recov,0.0020413520725013025,6.194142910030205,476.6666666666667,6.194142910030205
137,137,5,recov,0.0020413520725013025,6.194142910030205,476.6666666666667,6.194142910030205
138,138,3,recov,0.0020413520725013025,6.194142910030205,476.6666666666667,6.194142910030205
139,139,4,recov,0.0020413520725013025,6.194142910030205,476.6666666666667,6.194142910030205
140,140,5,recov,0.0020413520725013025,6.194142910030205,476.6666666666667,6.194142910030205
141,141,3,recov,0.0020413520725013025,6.194142910030205,476.6666666666667,6.194142910030205
142,142,4,recov,0.0020413520725013025,6.194142910030205,476.6666666666667,6.194142910030205
143,143,5,recov,0.0020413520725013025,6.194142910030205,476.6666666666667,6.194142910030205
144,144,3,recov,0.0020413520725013025,6.194142910030205,476.6666666666667,6.194142910030205
145,145,4,recov,0.0020413520725013025,6.194142910030205,476.6666666666667,6.194142910030205
146,146,5,recov,0.0020413520725013025,6.194142910030205,476.6666666666667,6.194142910030205
147,147,3,recov,0.0020413520725013025,6.194142910030205,476.6666666666667,6.194142910030205
148,148,4,recov,0.0020413520725013025,6.194142910030205,476.6666666666667,6.194142910030205
149,149,5,recov,0.0020413520725013025,6.194142910030205,476.6666666666667,6.194142910030205
150,150,3,recov,0.0020413520725013025,6.194142910030205,476.6666666666667,6.194142910030205
151,151,4,recov,0.0020413520725013025,6.194142910030205,476.6666666666667,6.194142910030205
152,152,5,recov,0.0020413520725013025,6.194142910030205,476.6666666666667,6.194142910030205
153,153,3,recov,0.0020413520725013025,6.194142910030205,476.6666666666667,6.194142910030205
154,154,4,recov,0.0020413520725013025,6.194142910030205,476.6666666666667,6.194142910030205
155,155,5,recov,0.0020413520725013025,6.194142910030205,476.6666666666667,6.194142910030205
156,156,3,recov,0.0020413520725013025,6.194142910030205,476.6666666666667,6.194142910030205
157,157,4,recov,0.0020413520725013025,6.194142910030205,476.6666666666667,6.194142910030205
158,158,5,recov,0.0020413520725013025,6.194142910030205,476.6666666666667,6.194142910030205
159,159,3,recov,0.0020413520725013025,6.194142910030205,476.6666666666667,6.194142910030205
160,160,4,recov,0.0020413520725013025,6.194142910030205,476.6666666666667,6.194142910030205
161,161,5,recov,0.0020413520725013025,6.194142910030205,476.6666666666667,6.194142910030205
162,162,3,recov,0.0020413520725013025,6.194142910030205,476.6666666666667,6.194142910030205
163,163,4,recov,0.0020413520725013025,6.194142910030205,476.6666666666667,6.194142910030205
164,164,5,recov,0.0020413520725013025,6.194142910030205,476.6666666666667,6.194142910030205
165,165,3,recov,0.0020413520725013025,6.194142910030205,476.6666666666667,6.194142910030205
166,166,4,recov,0.0020413520725013025,6.194142910030205,476.6666666666667,6.194142910030205
167,167,5,recov,0.0020413520725013025,6.194142910030205,476.6666666666667,6.194142910030205
168,168,3,recov,0.0020413520725013025,6.194142910030205,476.6666666666667,6.194142910030205
169,169,4,recov,0.0020413520725013025,6.194142910030205,476.6666666666667,6.194142910030205
170,170,5,recov,0.0020413520725013025,6.194142910030205,476.6666666666667,6.194142910030205
171,171,3,recov,0.0020413520725013025,6.194142910030205,476.6666666666667,6.194142910030205
172,172,4,recov,0.0020413520725013025,6.194142910030205,476.6666666666667,6.194142910030205
173,173,5,recov,0.0020413520725013025,6.194142910030205,476.6666666666667,6.194142910030205
174,174,3,recov,0.0020413520725013025,6.194142910030205,476.6666666666667,6.194142910030205
175,175,4,recov,0.0020413520725013025,6.194142910030205,476.6666666666667,6.194142910030205
176,176,5,recov,0.0020413520725013025,6.194142910030205,476.6666666666667,6.194142910030205
177,177,3,recov,0.0020413520725013025,6.194142910030205,476.6666666666667,6.194142910030205
178,178,4,recov,0.0020413520725013025,6.194142910030205,476.6666666666667,6.194142910030205
179,179,5,recov,0.0020413520725013025,6.194142910030205,476.6666666666667,6.194142910030205
180,180,3,recov,0.0020413520725013025,6.194142910030205,476.6666666666667,6.194142910030205
181,181,4,recov,0.0020413520725013025,6.194142910030205,476.6666666666667,6.194142910030205
182,182,5,recov,0.0020413520725013025,6.194142910030205,476.6666666666667,6.194142910030205
183,183,3,recov,0.0020413520725013025,6.194142910030205,476.6666666666667,6.194142910030205
184,184,4,recov,0.0020413520725013025,6.194142910030205,476.6666666666667,6.194142910030205
185,185,5,recov,0.0020413520725013025,6.194142910030205,476.6666666666667,6.194142910030205
186,186,3,recov,0.0020413520725013025,6.194142910030205,476.6666666666667,6.194142910030205
187,187,4,recov,0.0020413520725013025,6.194142910030205,476.6666666666667,6.194142910030205
188,188,5,recov,0.0020413520725013025,6.194142910030205,476.6666666666667,6.194142910030205
189,189,3,recov,0.0020413520725013025,6.194142910030205,476.6666666666667,6.194142910030205
190,190,4,recov,0.0020413520725013025,6.194142910030205,476.6666666666667,6.194142910030205
191,191,5,recov,0.0020413520725013025,6.194142910030205,476.6666666666667,6.194142910030205
192,192,3,recov,0.0020413520725013025,6.194142910030205,476.6666666666667,6.194142910030205
193,193,4,recov,0.0020413520725013025,6.194142910030205,476.6666666666667,6.194142910030205
194,194,5,recov,0.0020413520725013025,6.194142910030205,476.6666666666667,6.194142910030205
195,195,3,recov,0.0020413520725013025,6.194142910030205,476.6666666666667,6.194142910030205
196,196,4,recov,0.0020413520725013025,6.194142910030205,476.6666666666667,6.194142910030205
197,197,5,recov,0.0020413520725013025,6.194142910030205,476.6666666666667,6.194142910030205
198,198,3,recov,0.0020413520725013025,6.194142910030205,476.6666666666667,6.194142910030205
199,199,4,recov,0.0020413520725013025,6.194142910030205,476.6666666666667,6.194142910030205
200,200,5,recov,0.0020413520725013025,6.194142910030205,476.6666666666667,6.194142910030205
201,201,3,recov,0.0020413520725013025,6.194142910030205,476.6666666666667,6.194142910030205
202,202,4,recov,0.0020413520725013025,6.194142910030205,476.6666666666667,6.194142910030205
203,203,5,recov,0.0020413520725013025,6.194142910030205,476.6666666666667,6.194142910030205
204,204,3,recov,0.0020413520725013025,6.194142910030205,476.6666666666667,6.194142910030205
205,205,4,recov,0.0020413520725013025,6.194142910030205,476.6666666666667,6.194142910030205
206,206,5,recov,0.0020413520725013025,6.194142910030205,476.6666666666667,6.194142910030205
207,207,3,recov,0.0020413520725013025,6.194142910030205,476.6666666666667,6.194142910030205
208,208,4,recov,0.0020413520725013025,6.194142910030205,476.6666666666667,6.194142910030205
209,209,5,recov,0.0020413520725013025,6.194142910030205,476.6666666666667,6.194142910030205
210,210,3,recov,0.0020413520725013025,6.194142910030205,476.6666666666667,6.194142910030205
211,211,4,recov,0.0020413520725013025,6.194142910030205,476.6666666666667,6.194142910030205
212,212,5,recov,0.0020413520725013025,6.194142910030205,476.6666666666667,6.194142910030205
213,213,3,recov,0.0020413520725013025,6.194142910030205,476.6666666666667,6.194142910030205
214,214,4,recov,0.0020413520725013025,6.194142910030205,476.6666666666667,6.194142910030205
215,215,5,recov,0.0020413520725013025,6.194142910030205,476.6666666666667,6.194142910030205
216,216,3,recov,0.0020413520725013025,6.194142910030205,476.6666666666667,6.194142910030205
217,217,4,recov,0.0020413520725013025,6.194142910030205,476.6666666666667,6.194142910030205
218,218,5,recov,0.0020413520725013025,6.194142910030205,476.6666666666667,6.194142910030205
219,219,3,recov,0.0020413520725013025,6.194142910030205,476.6666666666667,6.194142910030205
220,220,4,recov,0.0020413520725013025,6.194142910030205,476.6666666666667,6.194142910030205
221,221,5,recov,0.0020413520725013025,6.194142910030205,476.6666666666667,6.194142910030205
222,222,3,recov,0.0020413520725013025,6.194142910030205,476.6666666666667,6.194142910030205
223,223,4,recov,0.0020413520725013025,6.194142910030205,476.6666666666667,6.194142910030205
224,224,5,recov,0.0020413520725013025,6.194142910030205,476.6666666666667,6.194142910030205
225,225,3,recov,0.0020413520725013025,6.194142910030205,476.6666666666667,6.194142910030205
226,226,4,recov,0.0020413520725013025,6.194142910030205,476.6666666666667,6.194142910030205
227,227,5,recov,0.0020413520725013025,6.194142910030205,476.6666666666667,6.194142910030205
228,228,3,recov,0.0020413520725013025,6.194142910030205,476.6666666666667,6.194142910030205
229,229,4,recov,0.0020413520725013025,6.194142910030205,476.6666666666667,6.194142910030205
230,230,5,recov,0.0020413520725013025,6.194142910030205,476.6666666666667,6.194142910030205
231,231,3,recov,0.0020413520725013025,6.194142910030205,476.6666666666667,6.194142910030205
232,232,4,recov,0.0020413520725013025,6.194142910030205,476.6666666666667,6.194142910030205
233,233,5,recov,0.0020413520725013025,6.194142910030205,476.6666666666667,6.194142910030205
234,234,3,recov,0.0020413520725013025,6.194142910030205,476.6666666666667,6.194142910030205
235,235,4,recov,0.0020413520725013025,6.194142910030205,476.6666666666667,6.194142910030205
236,236,5,recov,0.0020413520725013025,6.194142910030205,476.6666666666667,6.194142910030205
237,237,3,recov,0.0020413520725013025,6.194142910030205,476.6666666666667,6.194142910030205
238,238,4,recov,0.0020413520725013025,6.194142910030205,476.6666666666667,6.194142910030205
239,239,5,recov,0.0020413520725013025,6.194142910030205,476.6666666666667,6.194142910030205
240,240,3,recov,0.0020413520725013025,6.194142910030205,476.6666666666667,6.194142910030205
241,241,4,recov,0.0020413520725013025,6.194142910030205,476.6666666666667,6.194142910030205
242,242,5,recov,0.0020413520725013025,6.194142910030205,476.6666666666667,6.194142910030205
243,243,3,recov,0.0020413520725013025,6.194142910030205,476.6666666666667,6.194142910030205
244,244,4,recov,0.0020413520725013025,6.194142910030205,476.6666666666667,6.194142910030205
245,245,5,recov,0.0020413520725013025,6.194142910030205,476.6666666666667,6.194142910030205
246,246,3,recov,0.0020413520725013025,6.194142910030205,476.6666666666667,6.194142910030205
247,247,4,recov,0.0020413520725013025,6.194142910030205,476.6666666666667,6.194142910030205
248,248,5,recov,0.0020413520725013025,6.194142910030205,476.6666666666667,6.194142910030205
249,249,3,recov,0.0020413520725013025,6.194142910030205,476.6666666666667,6.194142910030205
250,250,4,recov,0.0020413520725013025,6.194142910030205,476.6666666666667,6.194142910030205
251,251,5,recov,0.0020413520725013025,6.194142910030205,476.6666666666667,6.194142910030205
252,252,3,recov,0.0020413520725013025,6.194142910030205,476.6666666666667,6.194142910030205
253,253,4,recov,0.0020413520725013025,6.194142910030205,476.6666666666667,6.194142910030205
254,254,5,recov,0.0020413520725013025,6.194142910030205,476.6666666666667,6.194142910030205
255,255,3,recov,0.0020413520725013025,6.194142910030205,476.6666666666667,6.194142910030205
256,256,4,recov,0.0020413520725013025,6.194142910030205,476.6666666666667,6.194142910030205
257,257,5,recov,0.0020413520725013025,6.194142910030205,476.6666666666667,6.194142910030205
258,258,3,recov,0.0020413520725013025,6.194142910030205,476.6666666666667,6.194142910030205
259,259,4,recov,0.0020413520725013025,6.194142910030205,476.6666666666667,6.194142910030205
260,260,5,recov,0.0020413520725013025,6.194142910030205,476.6666666666667,6.194142910030205
261,261,3,recov,0.0020413520725013025,6.194142910030205,476.6666666666667,6.194142910030205
262,262,4,recov,0.0020413520725013025,6.194142910030205,476.6666666666667,6.194142910030205
263,263,5,recov,0.0020413520725013025,6.194142910030205,476.6666666666667,6.194142910030205
264,264,3,recov,0.0020413520725013025,6.194142910030205,476.6666666666667,6.194142910030205
265,265,4,recov,0.0020413520725013025,6.194142910030205,476.6666666666667,6.194142910030205
266,266,5,recov,0.0020413520725013025,6.194142910030205,476.6666666666667,6.194142910030205
267,267,3,recov,0.0020413520725013025,6.194142910030205,476.6666666666667,6.194142910030205
268,268,4,recov,0.0020413520725013025,6.194142910030205,476.6666666666667,6.194142910030205
269,269,5,recov,0.0020413520725013025,6.194142910030205,476.6666666666667,6.194142910030205
270,270,3,recov,0.0020413520725013025,6.194142910030205,476.6666666666667,6.194142910030205
271,271,4,recov,0.0020413520725013025,6.194142910030205,476.6666666666667,6.194142910030205
272,272,5,recov,0.0020413520725013025,6.194142910030205,476.6666666666667,6.194142910030205
273,273,3,recov,0.0020413520725013025,6.194142910030205,476.6666666666667,6.194142910030205
274,274,4,recov,0.0020413520725013025,6.194142910030205,476.6666666666667,6.194142910030205
275,275,5,recov,0.0020413520725013025,6.194142910030205,476.6666666666667,6.194142910030205
276,276,3,recov,0.0020413520725013025,6.194142910030205,476.6666666666667,6.194142910030205
277,277,4,recov,0.0020413520725013025,6.194142910030205,476.6666666666667,6.194142910030205
278,278,5,recov,0.0020413520725013025,6.194142910030205,476.6666666666667,6.194142910030205
279,279,3,recov,0.0020413520725013025,6.194142910030205,476.6666666666667,6.194142910030205
280,280,4,recov,0.0020413520725013025,6.194142910030205,476.6666666666667,6.194142910030205
281,281,5,recov,0.0020413520725013025,6.194142910030205,476.6666666666667,6.194142910030205
282,282,3,recov,0.0020413520725013025,6.194142910030205,476.6666666666667,6.194142910030205
283,283,4,recov,0.0020413520725013025,6.194142910030205,476.6666666666667,6.194142910030205
284,284,5,recov,0.0020413520725013025,6.194142910030205,476.6666666666667,6.194142910030205
285,285,3,recov,0.0020413520725013025,6.194142910030205,476.6666666666667,6.194142910030205
286,286,4,recov,0.0020413520725013025,6.194142910030205,476.6666666666667,6.194142910030205
287,287,5,recov,0.0020413520725013025,6.194142910030205,476.6666666666667,6.194142910030205
288,288,3,recov,0.0020413520725013025,6.194142910030205,476.6666666666667,6.194142910030205
289,289,4,recov,0.0020413520725013025,6.194142910030205,476.6666666666667,6.194142910030205
290,290,5,recov,0.0020413520725013025,6.194142910030205,476.6666666666667,6.194142910030205
291,291,3,recov,0.0020413520725013025,6.194142910030205,476.6666666666667,6.194142910030205
292,292,4,recov,0.0020413520725013025,6.194142910030205,476.6666666666667,6.194142910030205
293,293,5,recov,0.0020413520725013025,6.194142910030205,476.6666666666667,6.194142910030205
294,294,3,recov,0.0020413520725013025,6.194142910030205,476.6666666666667,6.194142910030205
295,295,4,recov,0.0020413520725013025,6.194142910030205,476.6666666666667,6.194142910030205
296,296,5,recov,0.0020413520725013025,6.194142910030205,476.6666666666667,6.194142910030205
297,297,3,recov,0.0020413520725013025,6.194142910030205,476.6666666666667,6.194142910030205
298,298,4,recov,0.0020413520725013025,6.194142910030205,476.6666666666667,6.194142910030205
299,299,5,recov,0.0020413520725013025,6.194142910030205,476.6666666666667,6.194142910030205
300,300,3,recov,0.0020413520725013025,6.194142910030205,476.6666666666667,6.194142910030205
301,301,4,recov,0.0020413520725013025,6.194142910030205,476.6666666666667,6.194142910030205
302,302,5,recov,0.0020413520725013025,6.194142910030205,476.6666666666667,6.194142910030205
303,303,3,recov,0.0020413520725013025,6.194142910030205,476.6666666666667,6.194142910030205
304,304,4,recov,0.0020413520725013025,6.194142910030205,476.6666666666667,6.194142910030205
305,305,5,recov,0.0020413520725013025,6.194142910030205,476.6666666666667,6.194142910030205
306,306,3,recov,0.0020413520725013025,6.194142910030205,476.6666666666667,6.194142910030205
307,307,4,recov,0.0020413520725013025,6.194142910030205,476.6666666666667,6.194142910030205
308,308,5,recov,0.0020413520725013025,6.194142910030205,476.6666666666667,6.194142910030205
309,309,3,recov,0.0020413520725013025,6.194142910030205,476.6666666666667,6.194142910030205
310,310,4,recov,0.0020413520725013025,6.194142910030205,476.6666666666667,6.194142910030205
311,311,5,recov,0.0020413520725013025,6.194142910030205,476.6666666666667,6.194142910030205
312,312,3,recov,0.0020413520725013025,6.194142910030205,476.6666666666667,6.194142910030205
313,313,4,recov,0.0020413520725013025,6.194142910030205,476.6666666666667,6.194142910030205
314,314,5,recov,0.0020413520725013025,6.194142910030205,476.6666666666667,6.194142910030205
315,315,3,recov,0.0020413520725013025,6.194142910030205,476.6666666666667,6.194142910030205
316,316,4,recov,0.0020413520725013025,6.194142910030205,476.6666666666667,6.194142910030205
317,317,5,recov,0.0020413520725013025,6.194142910030205,476.6666666666667,6.194142910030205
318,318,3,recov,0.0020413520725013025,6.194142910030205,476.6666666666667,6.194142910030205
319,319,4,recov,0.0020413520725013025,6.194142910030205,476.6666666666667,6.194142910030205
320,320,5,recov,0.0020413520725013025,6.194142910030205,476.6666666666667,6.194142910030205
321,321,3,recov,0.0020413520725013025,6.194142910030205,476.6666666666667,6.194142910030205
322,322,4,recov,0.0020413520725013025,6.194142910030205,476.6666666666667,6.194142910030205
323,323,5,recov,0.0020413520725013025,6.194142910030205,476.6666666666667,6.194142910030205
324,324,3,recov,0.0020413520725013025,6.194142910030205,476.6666666666667,6.194142910030205
325,325,4,recov,0.0020413520725013025,6.194142910030205,476.6666666666667,6.194142910030205
326,326,5,recov,0.0020413520725013025,6.194142910030205,476.6666666666667,6.194142910030205
327,327,3,recov,0.0020413520725013025,6.194142910030205,476.6666666666667,6.194142910030205
328,328,4,recov,0.0020413520725013025,6.194142910030205,476.6666666666667,6.194142910030205
329,329,5,recov,0.0020413520725013025,6.194142910030205,476.6666666666667,6.194142910030205
330,330,3,recov,0.0020413520725013025,6.194142910030205,476.6666666666667,6.194142910030205
331,331,4,recov,0.0020413520725013025,6.194142910030205,476.6666666666667,6.194142910030205
332,332,5,recov,0.0020413520725013025,6.194142910030205,476.6666666666667,6.194142910030205
333,333,3,recov,0.0020413520725013025,6.194142910030205,476.6666666666667,6.194142910030205
334,334,4,recov,0.0020413520725013025,6.194142910030205,476.6666666666667,6.194142910030205
335,335,5,recov,0.0020413520725013025,6.194142910030205,476.6666666666667,6.194142910030205
336,336,3,recov,0.0020413520725013025,6.194142910030205,476.6666666666667,6.194142910030205
337,337,4,recov,0.0020413520725013025,6.194142910030205,476.6666666666667,6.194142910030205
338,338,5,recov,0.0020413520725013025,6.194142910030205,476.6666666666667,6.194142910030205
339,339,3,recov,0.0020413520725013025,6.194142910030205,476.6666666666667,6.194142910030205
340,340,4,recov,0.0020413520725013025,6.194142910030205,476.6666666666667,6.194142910030205
341,341,5,recov,0.0020413520725013025,6.194142910030205,476.6666666666667,6.194142910030205
342,342,3,recov,0.0020413520725013025,6.194142910030205,476.6666666666667,6.194142910030205
343,343,4,recov,0.0020413520725013025,6.194142910030205,476.6666666666667,6.194142910030205
344,344,5,recov,0.0020413520725013025,6.194142910030205,476.6666666666667,6.194142910030205
345,345,3,recov,0.0020413520725013025,6.194142910030205,476.6666666666667,6.194142910030205
346,346,4,recov,0.0020413520725013025,6.194142910030205,476.6666666666667,6.194142910030205
347,347,5,recov,0.0020413520725013025,6.194142910030205,476.6666666666667,6.194142910030205
348,348,3,recov,0.0020413520725013025,6.194142910030205,476.6666666666667,6.194142910030205
349,349,4,recov,0.0020413520725013025,6.194142910030205,476.6666666666667,6.194142910030205
350,350,5,recov,0.0020413520725013025,6.194142910030205,476.6666666666667,6.194142910030205
351,351,3,recov,0.0020413520725013025,6.194142910030205,476.6666666666667,6.194142910030205
352,352,4,recov,0.0020413520725013025,6.194142910030205,476.6666666666667,6.194142910030205
353,353,5,recov,0.0020413520725013025,6.194142910030205,476.6666666666667,6.194142910030205
354,354,3,recov,0.0020413520725013025,6.194142910030205,476.6666666666667,6.194142910030205
355,355,4,recov,0.0020413520725013025,6.194142910030205,476.6666666666667,6.194142910030205
356,356,5,recov,0.0020413520725013025,6.194142910030205,476.6666666666667,6.194142910030205
357,357,3,recov,0.0020413520725013025,6.194142910030205,476.6666666666667,6.194142910030205
358,358,4,recov,0.0020413520725013025,6.194142910030205,476.6666666666667,6.194142910030205
359,359,5,recov,0.0020413520725013025,6.194142910030205,476.6666666666667,6.194142910030205
360,360,3,recov,0.0020413520725013025,6.194142910030205,476.6666666666667,6.194142910030205
361,361,4,recov,0.0020413520725013025,6.194142910030205,476.6666666666667,6.194142910030205
362,362,5,recov,0.0020413520725013025,6.194142910030205,476.6666666666667,6.194142910030205
363,363,3,recov,0.0020413520725013025,6.194142910030205,476.6666666666667,6.194142910030205
364,364,4,recov,0.0020413520725013025,6.194142910030205,476.6666666666667,6.194142910030205
365,365,5,recov,0.0020413520725013025,6.194142910030205,476.6666666666667,6.194142910030205
366,366,3,recov,0.0020413520725013025,6.194142910030205,476.6666666666667,6.194142910030205
367,367,4,recov,0.0020413520725013025,6.194142910030205,476.6666666666667,6.194142910030205
368,368,5,recov,0.0020413520725013025,6.194142910030205,476.6666666666667,6.194142910030205
369,369,3,recov,0.0020413520725013025,6.194142910030205,476.6666666666667,6.194142910030205
370,370,4,recov,0.0020413520725013025,6.194142910030205,476.6666666666667,6.194142910030205
371,371,5,recov,0.0020413520725013025,6.194142910030205,476.6666666666667,6.194142910030205
372,372,3,recov,0.0020413520725013025,6.194142910030205,476.6666666666667,6.194142910030205
373,373,4,recov,0.0020413520725013025,6.194142910030205,476.6666666666667,6.194142910030205
374,374,5,recov,0.0020413520725013025,6.194142910030205,476.6666666666667,6.194142910030205
375,375,3,recov,0.0020413520725013025,6.194142910030205,476.6666666666667,6.194142910030205
376,376,4,recov,0.0020413520725013025,6.194142910030205,476.6666666666667,6.194142910030205
377,377,5,recov,0.0020413520725013025,6.194142910030205,476.6666666666667,6.194142910030205
378,378,3,recov,0.0020413520725013025,6.194142910030205,476.6666666666667,6.194142910030205
379,379,4,recov,0.0020413520725013025,6.194142910030205,476.6666666666667,6.194142910030205
380,380,5,recov,0.0020413520725013025,6.194142910030205,476.6666666666667,6.194142910030205
381,381,3,recov,0.0020413520725013025,6.194142910030205,476.6666666666667,6.194142910030205
382,382,4,recov,0.0020413520725013025,6.194142910030205,476.6666666666667,6.194142910030205
383,383,5,recov,0.0020413520725013025,6.194142910030205,476.6666666666667,6.194142910030205
384,384,3,recov,0.0020413520725013025,6.194142910030205,476.6666666666667,6.194142910030205
385,385,4,recov,0.0020413520725013025,6.194142910030205,476.6666666666667,6.194142910030205
386,386,5,recov,0.0020413520725013025,6.194142910030205,476.6666666666667,6.194142910030205
387,387,3,recov,0.0020413520725013025,6.194142910030205,476.6666666666667,6.194142910030205
388,388,4,recov,0.0020413520725013025,6.194142910030205,476.6666666666667,6.194142910030205
389,389,5,recov,0.0020413520725013025,6.194142910030205,476.6666666666667,6.194142910030205
390,390,3,recov,0.0020413520725013025,6.194142910030205,476.6666666666667,6.194142910030205
391,391,4,recov,0.0020413520725013025,6.194142910030205,476.6666666666667,6.194142910030205
392,392,5,recov,0.0020413520725013025,6.194142910030205,476.6666666666667,6.194142910030205
393,393,3,recov,0.0020413520725013025,6.194142910030205,476.6666666666667,6.194142910030205
394,394,4,recov,0.0020413520725013025,6.194142910030205,476.6666666666667,6.194142910030205
395,395,5,recov,0.0020413520725013025,6.194142910030205,476.6666666666667,6.194142910030205
396,396,3,recov,0.0020413520725013025,6.194142910030205,476.6666666666667,6.194142910030205
397,397,4,recov,0.0020413520725013025,6.194142910030205,476.6666666666667,6.194142910030205
398,398,5,recov,0.0020413520725013025,6.194142910030205,476.6666666666667,6.194142910030205
399,399,3,recov,0.0020413520725013025,6.194142910030205,476.6666666666667,6.194142910030205
400,400,4,recov,0.0020413520725013025,6.194142910030205,476.6666666666667,6.194142910030205
401,401,5,recov,0.0020413520725013025,6.194142910030205,476.6666666666667,6.194142910030205
402,402,3,recov,0.0020413520725013025,6.194142910030205,476.6666666666667,6.194142910030205
403,403,4,recov,0.0020413520725013025,6.194142910030205,476.6666666666667,6.194142910030205
404,404,5,recov,0.0020413520725013025,6.194142910030205,476.6666666666667,6.194142910030205
405,405,3,recov,0.0020413520725013025,6.194142910030205,476.6666666666667,6.194142910030205
406,406,4,recov,0.0020413520725013025,6.194142910030205,476.6666666666667,6.194142910030205
407,407,5,recov,0.0020413520725013025,6.194142910030205,476.6666666666667,6.194142910030205
408,408,3,recov,0.0020413520725013025,6.194142910030205,476.6666666666667,6.194142910030205
409,409,4,recov,0.0020413520725013025,6.194142910030205,476.6666666666667,6.194142910030205
410,410,5,recov,0.0020413520725013025,6.194142910030205,476.6666666666667,6.194142910030205
411,411,3,recov,0.0020413520725013025,6.194142910030205,476.6666666666667,6.194142910030205
412,412,4,recov,0.0020413520725013025,6.194142910030205,476.6666666666667,6.194142910030205
413,413,5,recov,0.0020413520725013025,6.194142910030205,476.6666666666667,6.194142910030205
414,414,3,recov,0.0020413520725013025,6.194142910030205,476.6666666666667,6.194142910030205
415,415,4,recov,0.0020413520725013025,6.194142910030205,476.6666666666667,6.194142910030205
416,416,5,recov,0.0020413520725013025,6.194142910030205,476.6666666666667,6.194142910030205
417,417,3,recov,0.0020413520725013025,6.194142910030205,476.6666666666667,6.194142910030205
418,418,4,recov,0.0020413520725013025,6.194142910030205,476.6666666666667,6.194142910030205
419,419,5,recov,0.0020413520725013025,6.194142910030205,476.6666666666667,6.194142910030205
420,420,3,recov,0.0020413520725013025,6.194142910030205,476.6666666666667,6.194142910030205
421,421,4,recov,0.0020413520725013025,6.194142910030205,476.6666666666667,6.194142910030205
422,422,5,recov,0.0020413520725013025,6.194142910030205,476.6666666666667,6.194142910030205
423,423,3,recov,0.0020413520725013025,6.194142910030205,476.6666666666667,6.194142910030205
424,424,4,recov,0.0020413520725013025,6.194142910030205,476.6666666666667,6.194142910030205
425,425,5,recov,0.0020413520725013025,6.194142910030205,476.6666666666667,6.194142910030205
426,426,3,recov,0.0020413520725013025,6.194142910030205,476.6666666666667,6.194142910030205
427,427,4,recov,0.0020413520725013025,6.194142910030205,476.6666666666667,6.194142910030205
428,428,5,recov,0.0020413520725013025,6.194142910030205,476.6666666666667,6.194142910030205
429,429,3,recov,0.0020413520725013025,6.194142910030205,476.6666666666667,6.194142910030205
430,430,4,recov,0.0020413520725013025,6.194142910030205,476.6666666666667,6.194142910030205
431,431,5,recov,0.0020413520725013025,6.194142910030205,476.6666666666667,6.194142910030205
432,432,3,recov,0.0020413520725013025,6.194142910030205,476.6666666666667,6.194142910030205
433,433,4,recov,0.0020413520725013025,6.194142910030205,476.6666666666667,6.194142910030205
434,434,5,recov,0.0020413520725013025,6.194142910030205,476.6666666666667,6.194142910030205
435,435,3,recov,0.0020413520725013025,6.194142910030205,476.6666666666667,6.194142910030205
436,436,4,recov,0.0020413520725013025,6.194142910030205,476.6666666666667,6.194142910030205
437,437,5,recov,0.0020413520725013025,6.194142910030205,476.6666666666667,6.194142910030205
438,438,3,recov,0.0020413520725013025,6.194142910030205,476.6666666666667,6.194142910030205
439,439,4,recov,0.0020413520725013025,6.194142910030205,476.6666666666667,6.194142910030205
440,440,5,recov,0.0020413520725013025,6.194142910030205,476.6666666666667,6.194142910030205
441,441,3,recov,0.0020413520725013025,6.194142910030205,476.6666666666667,6.194142910030205
442,442,4,recov,0.0020413520725013025,6.194142910030205,476.6666666666667,6.194142910030205
443,443,5,recov,0.0020413520725013025,6.194142910030205,476.6666666666667,6.194142910030205
444,444,3,recov,0.0020413520725013025,6.194142910030205,476.6666666666667,6.194142910030205
445,445,4,recov,0.0020413520725013025,6.194142910030205,476.6666666666667,6.194142910030205
446,446,5,recov,0.0020413520725013025,6.194142910030205,476.6666666666667,6.194142910030205
447,447,3,recov,0.0020413520725013025,6.194142910030205,476.6666666666667,6.194142910030205
448,448,4,recov,0.0020413520725013025,6.194142910030205,476.6666666666667,6.194142910030205
449,449,5,recov,0.0020413520725013025,6.194142910030205,476.6666666666667,6.194142910030205
450,450,3,recov,0.0020413520725013025,6.194142910030205,476.6666666666667,6.194142910030205
451,451,4,recov,0.0020413520725013025,6.194142910030205,476.6666666666667,6.194142910030205
452,452,5,recov,0.0020413520725013025,6.194142910030205,476.6666666666667,6.194142910030205
453,453,3,recov,0.0020413520725013025,6.194142910030205,476.6666666666667,6.194142910030205
454,454,4,recov,0.0020413520725013025,6.194142910030205,476.6666666666667,6.194142910030205
455,455,5,recov,0.0020413520725013025,6.194142910030205,476.6666666666667,6.194142910030205
456,456,3,recov,0.0020413520725013025,6.194142910030205,476.6666666666667,6.194142910030205
457,457,4,recov,0.0020413520725013025,6.194142910030205,476.6666666666667,6.194142910030205
458,458,5,recov,0.0020413520725013025,6.194142910030205,476.6666666666667,6.194142910030205
459,459,3,recov,0.0020413520725013025,6.194142910030205,476.6666666666667,6.194142910030205
460,460,4,recov,0.0020413520725013025,6.194142910030205,476.6666666666667,6.194142910030205
461,461,5,recov,0.0020413520725013025,6.194142910030205,476.6666666666667,6.194142910030205
462,462,3,recov,0.0020413520725013025,6.194142910030205,476.6666666666667,6.194142910030205
463,463,4,recov,0.0020413520725013025,6.194142910030205,476.6666666666667,6.194142910030205
464,464,5,recov,0.0020413520725013025,6.194142910030205,476.6666666666667,6.194142910030205
465,465,3,recov,0.0020413520725013025,6.194142910030205,476.6666666666667,6.194142910030205
466,466,4,recov,0.0020413520725013025,6.194142910030205,476.6666666666667,6.194142910030205
467,467,5,recov,0.0020413520725013025,6.194142910030205,476.6666666666667,6.194142910030205
468,468,3,recov,0.0020413520725013025,6.194142910030205,476.6666666666667,6.194142910030205
469,469,4,recov,0.0020413520725013025,6.194142910030205,476.6666666666667,6.194142910030205
470,470,5,recov,0.0020413520725013025,6.194142910030205,476.6666666666667,6.194142910030205
471,471,3,recov,0.0020413520725013025,6.194142910030205,476.6666666666667,6.194142910030205
472,472,4,recov,0.0020413520725013025,6.194142910030205,476.6666666666667,6.194142910030205
473,473,5,recov,0.0020413520725013025,6.194142910030205,476.6666666666667,6.194142910030205
474,474,3,recov,0.0020413520725013025,6.194142910030205,476.6666666666667,6.194142910030205
475,475,4,recov,0.0020413520725013025,6.194142910030205,476.6666666666667,6.194142910030205
476,476,5,recov,0.0020413520725013025,6.194142910030205,476.6666666666667,6.194142910030205
477,477,3,recov,0.0020413520725013025,6.194142910030205,476.6666666666667,6.194142910030205
478,478,4,recov,0.0020413520725013025,6.194142910030205,476.6666666666667,6.194142910030205
479,479,5,recov,0.0020413520725013025,6.194142910030205,476.6666666666667,6.194142910030205
480,480,3,recov,0.0020413520725013025,6.194142910030205,476.6666666666667,6.194142910030205
481,481,4,recov,0.0020413520725013025,6.194142910030205,476.6666666666667,6.194142910030205
482,482,5,recov,0.0020413520725013025,6.194142910030205,476.6666666666667,6.194142910030205
483,483,3,recov,0.0020413520725013025,6.194142910030205,476.6666666666667,6.194142910030205
484,484,4,recov,0.0020413520725013025,6.194142910030205,476.6666666666667,6.194142910030205
485,485,5,recov,0.0020413520725013025,6.194142910030205,476.6666666666667,6.194142910030205
486,486,3,recov,0.0020413520725013025,6.194142910030205,476.6666666666667,6.194142910030205
487,487,4,recov,0.0020413520725013025,6.194142910030205,476.6666666666667,6.194142910030205
488,488,5,recov,0.0020413520725013025,6.194142910030205,476.6666666666667,6.194142910030205
489,489,3,recov,0.0020413520725013025,6.194142910030205,476.6666666666667,6.194142910030205
490,490,4,recov,0.0020413520725013025,6.194142910030205,476.6666666666667,6.194142910030205
491,491,5,recov,0.0020413520725013025,6.194142910030205,476.6666666666667,6.194142910030205
492,492,3,recov,0.0020413520725013025,6.194142910030205,476.6666666666667,6.194142910030205
493,493,4,recov,0.0020413520725013025,6.194142910030205,476.6666666666667,6.194142910030205
494,494,5,recov,0.0020413520725013025,6.194142910030205,476.6666666666667,6.194142910030205
495,495,3,recov,0.0020413520725013025,6.194142910030205,476.6666666666667,6.194142910030205
496,496,4,recov,0.0020413520725013025,6.194142910030205,476.6666666666667,6.194142910030205
497,497,5,recov,0.0020413520725013025,6.194142910030205,476.6666666666667,6.194142910030205
498,498,3,recov,0.0020413520725013025,6.194142910030205,476.6666666666667,6.194142910030205
499,499,4,recov,0.0020413520725013025,6.194142910030205,476.6666666666667,6.194142910030205
500,500,5,recov,0.0020413520725013025,6.194142910030205,476.6666666666667,6.194142910030205
501,501,3,recov,0.0020413520725013025,6.194142910030205,476.6666666666667,6.194142910030205
502,502,4,recov,0.0020413520725013025,6.194142910030205,476.6666666666667,6.194142910030205
503,503,5,recov,0.0020413520725013025,6.194142910030205,476.6666666666667,6.194142910030205
504,504,3,recov,0.0020413520725013025,6.194142910030205,476.6666666666667,6.194142910030205
505,505,4,recov,0.0020413520725013025,6.194142910030205,476.6666666666667,6.194142910030205
506,506,5,recov,0.0020413520725013025,6.194142910030205,476.6666666666667,6.194142910030205
507,507,3,recov,0.0020413520725013025,6.194142910030205,476.6666666666667,6.194142910030205
508,508,4,recov,0.0020413520725013025,6.194142910030205,476.6666666666667,6.194142910030205
509,509,5,recov,0.0020413520725013025,6.194142910030205,476.6666666666667,6.194142910030205
510,510,3,recov,0.0020413520725013025,6.194142910030205,476.6666666666667,6.194142910030205
511,511,4,recov,0.0020413520725013025,6.194142910030205,476.6666666666667,6.194142910030205
512,512,5,recov,0.0020413520725013025,6.194142910030205,476.6666666666667,6.194142910030205
513,513,3,recov,0.0020413520725013025,6.194142910030205,476.6666666666667,6.194142910030205
514,514,4,recov,0.0020413520725013025,6.194142910030205,476.6666666666667,6.194142910030205
515,515,5,recov,0.0020413520725013025,6.194142910030205,476.6666666666667,6.194142910030205
516,516,3,recov,0.0020413520725013025,6.194142910030205,476.6666666666667,6.194142910030205
517,517,4,recov,0.0020413520725013025,6.194142910030205,476.6666666666667,6.194142910030205
518,518,5,recov,0.0020413520725013025,6.194142910030205,476.6666666666667,6.194142910030205
519,519,3,recov,0.0020413520725013025,6.194142910030205,476.6666666666667,6.194142910030205
520,520,4,recov,0.0020413520725013025,6.194142910030205,476.6666666666667,6.194142910030205
521,521,5,recov,0.0020413520725013025,6.194142910030205,476.6666666666667,6.194142910030205
522,522,3,recov,0.0020413520725013025,6.194142910030205,476.6666666666667,6.194142910030205
523,523,4,recov,0.0020413520725013025,6.194142910030205,476.6666666666667,6.194142910030205
524,524,5,recov,0.0020413520725013025,6.194142910030205,476.6666666666667,6.194142910030205
525,525,3,recov,0.0020413520725013025,6.194142910030205,476.6666666666667,6.194142910030205
526,526,4,recov,0.0020413520725013025,6.194142910030205,476.6666666666667,6.194142910030205
527,527,5,recov,0.0020413520725013025,6.194142910030205,476.6666666666667,6.194142910030205
528,528,3,recov,0.0020413520725013025,6.194142910030205,476.6666666666667,6.194142910030205
529,529,4,recov,0.0020413520725013025,6.194142910030205,476.6666666666667,6.194142910030205
530,530,5,recov,0.0020413520725013025,6.194142910030205,476.6666666666667,6.194142910030205
531,531,3,recov,0.0020413520725013025,6.194142910030205,476.6666666666667,6.194142910030205
532,532,4,recov,0.0020413520725013025,6.194142910030205,476.6666666666667,6.194142910030205
533,533,5,recov,0.0020413520725013025,6.194142910030205,476.6666666666667,6.194142910030205
534,534,3,recov,0.0020413520725013025,6.194142910030205,476.6666666666667,6.194142910030205
535,535,4,recov,0.0020413520725013025,6.194142910030205,476.6666666666667,6.194142910030205
536,536,5,recov,0.0020413520725013025,6.194142910030205,476.6666666666667,6.194142910030205
537,537,3,recov,0.0020413520725013025,6.194142910030205,476.6666666666667,6.194142910030205
538,538,4,recov,0.0020413520725013025,6.194142910030205,476.6666666666667,6.194142910030205
539,539,5,recov,0.0020413520725013025,6.194142910030205,476.6666666666667,6.194142910030205
540,540,3,recov,0.0020413520725013025,6.194142910030205,476.6666666666667,6.194142910030205
541,541,4,recov,0.0020413520725013025,6.194142910030205,476.6666666666667,6.194142910030205
542,542,5,recov,0.0020413520725013025,6.194142910030205,476.6666666666667,6.194142910030205
543,543,0,fam_r,0.0019433985181586298,6.243317025058645,476.6666666666667,6.194142910030205
544,544,1,fam_r,0.0019433985181586298,6.243317025058645,476.6666666666667,6.194142910030205
545,545,2,fam_r,0.0019433985181586298,6.243317025058645,476.6666666666667,6.194142910030205
546,546,0,fam_r,0.0020405684440665613,6.194526860889213,476.6666666666667,6.194142910030205
547,547,1,fam_r,0.0020405684440665613,6.194526860889213,476.6666666666667,6.194142910030205
548,548,2,fam_r,0.0020405684440665613,6.194526860889213,476.6666666666667,6.194142910030205
549,549,0,fam_r,0.0020413458034738248,6.194145981052196,476.6666666666667,6.194142910030205
550,550,1,fam_r,0.0020413458034738248,6.194145981052196,476.6666666666667,6.194142910030205
551,551,2,fam_r,0.0020413458034738248,6.194145981052196,476.6666666666667,6.194142910030205
552,552,0,fam_r,0.002041352022349083,6.194142934598344,476.6666666666667,6.194142910030205
553,553,1,fam_r,0.002041352022349083,6.194142934598344,476.6666666666667,6.194142910030205
554,554,2,fam_r,0.002041352022349083,6.194142934598344,476.6666666666667,6.194142910030205
555,555,0,fam_r,0.002041352072100085,6.19414291022675,476.6666666666667,6.194142910030205
556,556,1,fam_r,0.002041352072100085,6.19414291022675,476.6666666666667,6.194142910030205
557,557,2,fam_r,0.002041352072100085,6.19414291022675,476.6666666666667,6.194142910030205
