,time_step,stimulus,type,familiarity,novelty,dN,steady
0,0,0,fam,0.06666666666666667,2.70805020110221,0.0,2.7881686558891725
1,1,1,fam,0.06153846153846154,2.7880929087757464,0.0,2.7881686558891725
2,2,2,fam,0.061533728174755796,2.788169828894241,0.0,2.7881686558891725
3,3,0,fam,0.06153380035891083,2.78816865581218,0.0,2.7881686558891725
4,4,1,fam,0.061533800354177826,2.788168655889097,0.0,2.7881686558891725
5,5,2,fam,0.06153380035417309,2.788168655889174,0.0,2.7881686558891725
6,6,0,fam,0.06153380035417317,2.7881686558891725,0.0,2.7881686558891725
7,7,1,fam,0.06153380035417317,2.7881686558891725,0.0,2.7881686558891725
8,8,2,fam,0.06153380035417317,2.7881686558891725,0.0,2.7881686558891725
9,9,0,fam,0.06153380035417317,2.7881686558891725,0.0,2.7881686558891725
10,10,1,fam,0.06153380035417317,2.7881686558891725,0.0,2.7881686558891725
11,11,2,fam,0.06153380035417317,2.7881686558891725,0.0,2.7881686558891725
12,12,0,fam,0.06153380035417317,2.7881686558891725,0.0,2.7881686558891725
13,13,1,fam,0.06153380035417317,2.7881686558891725,0.0,2.7881686558891725
14,14,2,fam,0.06153380035417317,2.7881686558891725,0.0,2.7881686558891725
15,15,0,fam,0.06153380035417317,2.7881686558891725,0.0,2.7881686558891725
16,16,1,fam,0.06153380035417317,2.7881686558891725,0.0,2.7881686558891725
17,17,2,fam,0.06153380035417317,2.7881686558891725,0.0,2.7881686558891725
18,18,0,fam,0.06153380035417317,2.7881686558891725,0.0,2.7881686558891725
19,19,1,fam,0.06153380035417317,2.7881686558891725,0.0,2.7881686558891725
20,20,2,fam,0.06153380035417317,2.7881686558891725,0.0,2.7881686558891725
21,21,0,fam,0.06153380035417317,2.7881686558891725,0.0,2.7881686558891725
22,22,1,fam,0.06153380035417317,2.7881686558891725,0.0,2.7881686558891725
23,23,2,fam,0.06153380035417317,2.7881686558891725,0.0,2.7881686558891725
24,24,0,fam,0.06153380035417317,2.7881686558891725,0.0,2.7881686558891725
25,25,1,fam,0.06153380035417317,2.7881686558891725,0.0,2.7881686558891725
26,26,2,fam,0.06153380035417317,2.7881686558891725,0.0,2.7881686558891725
27,27,0,fam,0.06153380035417317,2.7881686558891725,0.0,2.7881686558891725
28,28,1,fam,0.06153380035417317,2.7881686558891725,0.0,2.7881686558891725
29,29,2,fam,0.06153380035417317,2.7881686558891725,0.0,2.7881686558891725
30,30,0,fam,0.06153380035417317,2.7881686558891725,0.0,2.7881686558891725
31,31,1,fam,0.06153380035417317,2.7881686558891725,0.0,2.7881686558891725
32,32,2,fam,0.06153380035417317,2.7881686558891725,0.0,2.7881686558891725
33,33,0,fam,0.06153380035417317,2.7881686558891725,0.0,2.7881686558891725
34,34,1,fam,0.06153380035417317,2.7881686558891725,0.0,2.7881686558891725
35,35,2,fam,0.06153380035417317,2.7881686558891725,0.0,2.7881686558891725
36,36,0,fam,0.06153380035417317,2.7881686558891725,0.0,2.7881686558891725
37,37,1,fam,0.06153380035417317,2.7881686558891725,0.0,2.7881686558891725
38,38,2,fam,0.06153380035417317,2.7881686558891725,0.0,2.7881686558891725
39,39,0,fam,0.06153380035417317,2.7881686558891725,0.0,2.7881686558891725
40,40,1,fam,0.06153380035417317,2.7881686558891725,0.0,2.7881686558891725
41,41,2,fam,0.06153380035417317,2.7881686558891725,0.0,2.7881686558891725
42,42,0,fam,0.06153380035417317,2.7881686558891725,0.0,2.7881686558891725
43,43,1,fam,0.06153380035417317,2.7881686558891725,0.0,2.7881686558891725
44,44,2,fam,0.06153380035417317,2.7881686558891725,0.0,2.7881686558891725
45,45,0,fam,0.06153380035417317,2.7881686558891725,0.0,2.7881686558891725
46,46,1,fam,0.06153380035417317,2.7881686558891725,0.0,2.7881686558891725
47,47,2,fam,0.06153380035417317,2.7881686558891725,0.0,2.7881686558891725
48,48,0,fam,0.06153380035417317,2.7881686558891725,0.0,2.7881686558891725
49,49,1,fam,0.06153380035417317,2.7881686558891725,0.0,2.7881686558891725
50,50,2,fam,0.06153380035417317,2.7881686558891725,0.0,2.7881686558891725
51,51,0,fam,0.06153380035417317,2.7881686558891725,0.0,2.7881686558891725
52,52,1,fam,0.06153380035417317,2.7881686558891725,0.0,2.7881686558891725
53,53,2,fam,0.06153380035417317,2.7881686558891725,0.0,2.7881686558891725
54,54,0,fam,0.06153380035417317,2.7881686558891725,0.0,2.7881686558891725
55,55,1,fam,0.06153380035417317,2.7881686558891725,0.0,2.7881686558891725
56,56,2,fam,0.06153380035417317,2.7881686558891725,0.0,2.7881686558891725
57,57,0,fam,0.06153380035417317,2.7881686558891725,0.0,2.7881686558891725
58,58,1,fam,0.06153380035417317,2.7881686558891725,0.0,2.7881686558891725
59,59,2,fam,0.06153380035417317,2.7881686558891725,0.0,2.7881686558891725
60,60,0,fam,0.06153380035417317,2.7881686558891725,0.0,2.7881686558891725
61,61,1,fam,0.06153380035417317,2.7881686558891725,0.0,2.7881686558891725
62,62,2,fam,0.06153380035417317,2.7881686558891725,0.0,2.7881686558891725
63,63,0,fam,0.06153380035417317,2.7881686558891725,0.0,2.7881686558891725
64,64,1,fam,0.06153380035417317,2.7881686558891725,0.0,2.7881686558891725
65,65,2,fam,0.06153380035417317,2.7881686558891725,0.0,2.7881686558891725
66,66,0,fam_r,0.06153380035417317,2.7881686558891725,0.0,2.7881686558891725
67,67,1,fam_r,0.06153380035417317,2.7881686558891725,0.0,2.7881686558891725
68,68,2,fam_r,0.06153380035417317,2.7881686558891725,0.0,2.7881686558891725
69,69,0,fam_r,0.06153380035417317,2.7881686558891725,0.0,2.7881686558891725
70,70,1,fam_r,0.06153380035417317,2.7881686558891725,0.0,2.7881686558891725
71,71,2,fam_r,0.06153380035417317,2.7881686558891725,0.0,2.7881686558891725
72,72,0,fam_r,0.06153380035417317,2.7881686558891725,0.0,2.7881686558891725
73,73,1,fam_r,0.06153380035417317,2.7881686558891725,0.0,2.7881686558891725
74,74,2,fam_r,0.06153380035417317,2.7881686558891725,0.0,2.7881686558891725
75,75,0,fam_r,0.06153380035417317,2.7881686558891725,0.0,2.7881686558891725
76,76,1,fam_r,0.06153380035417317,2.7881686558891725,0.0,2.7881686558891725
77,77,2,fam_r,0.06153380035417317,2.7881686558891725,0.0,2.7881686558891725
78,78,0,fam_r,0.06153380035417317,2.7881686558891725,0.0,2.7881686558891725
79,79,1,fam_r,0.06153380035417317,2.7881686558891725,0.0,2.7881686558891725
80,80,2,fam_r,0.06153380035417317,2.7881686558891725,0.0,2.7881686558891725
0,0,0,fam,0.06666666666666667,2.70805020110221,73.33333333333334,2.7881686558891725
1,1,1,fam,0.06153846153846154,2.7880929087757464,73.33333333333334,2.7881686558891725
2,2,2,fam,0.061533728174755796,2.788169828894241,73.33333333333334,2.7881686558891725
3,3,0,fam,0.06153380035891083,2.78816865581218,73.33333333333334,2.7881686558891725
4,4,1,fam,0.061533800354177826,2.788168655889097,73.33333333333334,2.7881686558891725
5,5,2,fam,0.06153380035417309,2.788168655889174,73.33333333333334,2.7881686558891725
6,6,0,fam,0.06153380035417317,2.7881686558891725,73.33333333333334,2.7881686558891725
7,7,1,fam,0.06153380035417317,2.7881686558891725,73.33333333333334,2.7881686558891725
8,8,2,fam,0.06153380035417317,2.7881686558891725,73.33333333333334,2.7881686558891725
9,9,0,fam,0.06153380035417317,2.7881686558891725,73.33333333333334,2.7881686558891725
10,10,1,fam,0.06153380035417317,2.7881686558891725,73.33333333333334,2.7881686558891725
11,11,2,fam,0.06153380035417317,2.7881686558891725,73.33333333333334,2.7881686558891725
12,12,0,fam,0.06153380035417317,2.7881686558891725,73.33333333333334,2.7881686558891725
13,13,1,fam,0.06153380035417317,2.7881686558891725,73.33333333333334,2.7881686558891725
14,14,2,fam,0.06153380035417317,2.7881686558891725,73.33333333333334,2.7881686558891725
15,15,0,fam,0.06153380035417317,2.7881686558891725,73.33333333333334,2.7881686558891725
16,16,1,fam,0.06153380035417317,2.7881686558891725,73.33333333333334,2.7881686558891725
17,17,2,fam,0.06153380035417317,2.7881686558891725,73.33333333333334,2.7881686558891725
18,18,0,fam,0.06153380035417317,2.7881686558891725,73.33333333333334,2.7881686558891725
19,19,1,fam,0.06153380035417317,2.7881686558891725,73.33333333333334,2.7881686558891725
20,20,2,fam,0.06153380035417317,2.7881686558891725,73.33333333333334,2.7881686558891725
21,21,0,fam,0.06153380035417317,2.7881686558891725,73.33333333333334,2.7881686558891725
22,22,1,fam,0.06153380035417317,2.7881686558891725,73.33333333333334,2.7881686558891725
23,23,2,fam,0.06153380035417317,2.7881686558891725,73.33333333333334,2.7881686558891725
24,24,0,fam,0.06153380035417317,2.7881686558891725,73.33333333333334,2.7881686558891725
25,25,1,fam,0.06153380035417317,2.7881686558891725,73.33333333333334,2.7881686558891725
26,26,2,fam,0.06153380035417317,2.7881686558891725,73.33333333333334,2.7881686558891725
27,27,0,fam,0.06153380035417317,2.7881686558891725,73.33333333333334,2.7881686558891725
28,28,1,fam,0.06153380035417317,2.7881686558891725,73.33333333333334,2.7881686558891725
29,29,2,fam,0.06153380035417317,2.7881686558891725,73.33333333333334,2.7881686558891725
30,30,0,fam,0.06153380035417317,2.7881686558891725,73.33333333333334,2.7881686558891725
31,31,1,fam,0.06153380035417317,2.7881686558891725,73.33333333333334,2.7881686558891725
32,32,2,fam,0.06153380035417317,2.7881686558891725,73.33333333333334,2.7881686558891725
33,33,0,fam,0.06153380035417317,2.7881686558891725,73.33333333333334,2.7881686558891725
34,34,1,fam,0.06153380035417317,2.7881686558891725,73.33333333333334,2.7881686558891725
35,35,2,fam,0.06153380035417317,2.7881686558891725,73.33333333333334,2.7881686558891725
36,36,0,fam,0.06153380035417317,2.7881686558891725,73.33333333333334,2.7881686558891725
37,37,1,fam,0.06153380035417317,2.7881686558891725,73.33333333333334,2.7881686558891725
38,38,2,fam,0.06153380035417317,2.7881686558891725,73.33333333333334,2.7881686558891725
39,39,0,fam,0.06153380035417317,2.7881686558891725,73.33333333333334,2.7881686558891725
40,40,1,fam,0.06153380035417317,2.7881686558891725,73.33333333333334,2.7881686558891725
41,41,2,fam,0.06153380035417317,2.7881686558891725,73.33333333333334,2.7881686558891725
42,42,0,fam,0.06153380035417317,2.7881686558891725,73.33333333333334,2.7881686558891725
43,43,1,fam,0.06153380035417317,2.7881686558891725,73.33333333333334,2.7881686558891725
44,44,2,fam,0.06153380035417317,2.7881686558891725,73.33333333333334,2.7881686558891725
45,45,0,fam,0.06153380035417317,2.7881686558891725,73.33333333333334,2.7881686558891725
46,46,1,fam,0.06153380035417317,2.7881686558891725,73.33333333333334,2.7881686558891725
47,47,2,fam,0.06153380035417317,2.7881686558891725,73.33333333333334,2.7881686558891725
48,48,0,fam,0.06153380035417317,2.7881686558891725,73.33333333333334,2.7881686558891725
49,49,1,fam,0.06153380035417317,2.7881686558891725,73.33333333333334,2.7881686558891725
50,50,2,fam,0.06153380035417317,2.7881686558891725,73.33333333333334,2.7881686558891725
51,51,0,fam,0.06153380035417317,2.7881686558891725,73.33333333333334,2.7881686558891725
52,52,1,fam,0.06153380035417317,2.7881686558891725,73.33333333333334,2.7881686558891725
53,53,2,fam,0.06153380035417317,2.7881686558891725,73.33333333333334,2.7881686558891725
54,54,0,fam,0.06153380035417317,2.7881686558891725,73.33333333333334,2.7881686558891725
55,55,1,fam,0.06153380035417317,2.7881686558891725,73.33333333333334,2.7881686558891725
56,56,2,fam,0.06153380035417317,2.7881686558891725,73.33333333333334,2.7881686558891725
57,57,0,fam,0.06153380035417317,2.7881686558891725,73.33333333333334,2.7881686558891725
58,58,1,fam,0.06153380035417317,2.7881686558891725,73.33333333333334,2.7881686558891725
59,59,2,fam,0.06153380035417317,2.7881686558891725,73.33333333333334,2.7881686558891725
60,60,0,fam,0.06153380035417317,2.7881686558891725,73.33333333333334,2.7881686558891725
61,61,1,fam,0.06153380035417317,2.7881686558891725,73.33333333333334,2.7881686558891725
62,62,2,fam,0.06153380035417317,2.7881686558891725,73.33333333333334,2.7881686558891725
63,63,0,fam,0.06153380035417317,2.7881686558891725,73.33333333333334,2.7881686558891725
64,64,1,fam,0.06153380035417317,2.7881686558891725,73.33333333333334,2.7881686558891725
65,65,2,fam,0.06153380035417317,2.7881686558891725,73.33333333333334,2.7881686558891725
66,66,3,recov,0.061533723437018795,2.7881699058883926,73.33333333333334,2.7881686558891725
67,67,4,recov,0.061533723437018795,2.7881699058883926,73.33333333333334,2.7881686558891725
68,68,5,recov,0.061533723437018795,2.7881699058883926,73.33333333333334,2.7881686558891725
69,69,3,recov,0.06153380035417309,2.788168655889174,73.33333333333334,2.7881686558891725
70,70,4,recov,0.06153380035417309,2.788168655889174,73.33333333333334,2.7881686558891725
71,71,5,recov,0.06153380035417309,2.788168655889174,73.33333333333334,2.7881686558891725
72,72,3,recov,0.06153380035417317,2.7881686558891725,73.33333333333334,2.7881686558891725
73,73,4,recov,0.06153380035417317,2.7881686558891725,73.33333333333334,2.7881686558891725
74,74,5,recov,0.06153380035417317,2.7881686558891725,73.33333333333334,2.7881686558891725
75,75,3,recov,0.06153380035417317,2.7881686558891725,73.33333333333334,2.7881686558891725
76,76,4,recov,0.06153380035417317,2.7881686558891725,73.33333333333334,2.7881686558891725
77,77,5,recov,0.06153380035417317,2.7881686558891725,73.33333333333334,2.7881686558891725
78,78,3,recov,0.06153380035417317,2.7881686558891725,73.33333333333334,2.7881686558891725
79,79,4,recov,0.06153380035417317,2.7881686558891725,73.33333333333334,2.7881686558891725
80,80,5,recov,0.06153380035417317,2.7881686558891725,73.33333333333334,2.7881686558891725
81,81,3,recov,0.06153380035417317,2.7881686558891725,73.33333333333334,2.7881686558891725
82,82,4,recov,0.06153380035417317,2.7881686558891725,73.33333333333334,2.7881686558891725
83,83,5,recov,0.06153380035417317,2.7881686558891725,73.33333333333334,2.7881686558891725
84,84,3,recov,0.06153380035417317,2.7881686558891725,73.33333333333334,2.7881686558891725
85,85,4,recov,0.06153380035417317,2.7881686558891725,73.33333333333334,2.7881686558891725
86,86,5,recov,0.06153380035417317,2.7881686558891725,73.33333333333334,2.7881686558891725
87,87,3,recov,0.06153380035417317,2.7881686558891725,73.33333333333334,2.7881686558891725
88,88,4,recov,0.06153380035417317,2.7881686558891725,73.33333333333334,2.7881686558891725
89,89,5,recov,0.06153380035417317,2.7881686558891725,73.33333333333334,2.7881686558891725
90,90,3,recov,0.06153380035417317,2.7881686558891725,73.33333333333334,2.7881686558891725
91,91,4,recov,0.06153380035417317,2.7881686558891725,73.33333333333334,2.7881686558891725
92,92,5,recov,0.06153380035417317,2.7881686558891725,73.33333333333334,2.7881686558891725
93,93,3,recov,0.06153380035417317,2.7881686558891725,73.33333333333334,2.7881686558891725
94,94,4,recov,0.06153380035417317,2.7881686558891725,73.33333333333334,2.7881686558891725
95,95,5,recov,0.06153380035417317,2.7881686558891725,73.33333333333334,2.7881686558891725
96,96,3,recov,0.06153380035417317,2.7881686558891725,73.33333333333334,2.7881686558891725
97,97,4,recov,0.06153380035417317,2.7881686558891725,73.33333333333334,2.7881686558891725
98,98,5,recov,0.06153380035417317,2.7881686558891725,73.33333333333334,2.7881686558891725
99,99,3,recov,0.06153380035417317,2.7881686558891725,73.33333333333334,2.7881686558891725
100,100,4,recov,0.06153380035417317,2.7881686558891725,73.33333333333334,2.7881686558891725
101,101,5,recov,0.06153380035417317,2.7881686558891725,73.33333333333334,2.7881686558891725
102,102,3,recov,0.06153380035417317,2.7881686558891725,73.33333333333334,2.7881686558891725
103,103,4,recov,0.06153380035417317,2.7881686558891725,73.33333333333334,2.7881686558891725
104,104,5,recov,0.06153380035417317,2.7881686558891725,73.33333333333334,2.7881686558891725
105,105,3,recov,0.06153380035417317,2.7881686558891725,73.33333333333334,2.7881686558891725
106,106,4,recov,0.06153380035417317,2.7881686558891725,73.33333333333334,2.7881686558891725
107,107,5,recov,0.06153380035417317,2.7881686558891725,73.33333333333334,2.7881686558891725
108,108,3,recov,0.06153380035417317,2.7881686558891725,73.33333333333334,2.7881686558891725
109,109,4,recov,0.06153380035417317,2.7881686558891725,73.33333333333334,2.7881686558891725
110,110,5,recov,0.06153380035417317,2.7881686558891725,73.33333333333334,2.7881686558891725
111,111,3,recov,0.06153380035417317,2.7881686558891725,73.33333333333334,2.7881686558891725
112,112,4,recov,0.06153380035417317,2.7881686558891725,73.33333333333334,2.7881686558891725
113,113,5,recov,0.06153380035417317,2.7881686558891725,73.33333333333334,2.7881686558891725
114,114,3,recov,0.06153380035417317,2.7881686558891725,73.33333333333334,2.7881686558891725
115,115,4,recov,0.06153380035417317,2.7881686558891725,73.33333333333334,2.7881686558891725
116,116,5,recov,0.06153380035417317,2.7881686558891725,73.33333333333334,2.7881686558891725
117,117,3,recov,0.06153380035417317,2.7881686558891725,73.33333333333334,2.7881686558891725
118,118,4,recov,0.06153380035417317,2.7881686558891725,73.33333333333334,2.7881686558891725
119,119,5,recov,0.06153380035417317,2.7881686558891725,73.33333333333334,2.7881686558891725
120,120,3,recov,0.06153380035417317,2.7881686558891725,73.33333333333334,2.7881686558891725
121,121,4,recov,0.06153380035417317,2.7881686558891725,73.33333333333334,2.7881686558891725
122,122,5,recov,0.06153380035417317,2.7881686558891725,73.33333333333334,2.7881686558891725
123,123,3,recov,0.06153380035417317,2.7881686558891725,73.33333333333334,2.7881686558891725
124,124,4,recov,0.06153380035417317,2.7881686558891725,73.33333333333334,2.7881686558891725
125,125,5,recov,0.06153380035417317,2.7881686558891725,73.33333333333334,2.7881686558891725
126,126,3,recov,0.06153380035417317,2.7881686558891725,73.33333333333334,2.7881686558891725
127,127,4,recov,0.06153380035417317,2.7881686558891725,73.33333333333334,2.7881686558891725
128,128,5,recov,0.06153380035417317,2.7881686558891725,73.33333333333334,2.7881686558891725
129,129,3,recov,0.06153380035417317,2.7881686558891725,73.33333333333334,2.7881686558891725
130,130,4,recov,0.06153380035417317,2.7881686558891725,73.33333333333334,2.7881686558891725
131,131,5,recov,0.06153380035417317,2.7881686558891725,73.33333333333334,2.7881686558891725
132,132,3,recov,0.06153380035417317,2.7881686558891725,73.33333333333334,2.7881686558891725
133,133,4,recov,0.06153380035417317,2.7881686558891725,73.33333333333334,2.7881686558891725
134,134,5,recov,0.06153380035417317,2.7881686558891725,73.33333333333334,2.7881686558891725
135,135,3,recov,0.06153380035417317,2.7881686558891725,73.33333333333334,2.7881686558891725
136,136,4,recov,0.06153380035417317,2.7881686558891725,73.33333333333334,2.7881686558891725
137,137,5,recov,0.06153380035417317,2.7881686558891725,73.33333333333334,2.7881686558891725
138,138,0,fam_r,0.061533723437018795,2.7881699058883926,73.33333333333334,2.7881686558891725
139,139,1,fam_r,0.061533723437018795,2.7881699058883926,73.33333333333334,2.7881686558891725
140,140,2,fam_r,0.061533723437018795,2.7881699058883926,73.33333333333334,2.7881686558891725
141,141,0,fam_r,0.06153380035417309,2.788168655889174,73.33333333333334,2.7881686558891725
142,142,1,fam_r,0.06153380035417309,2.788168655889174,73.33333333333334,2.7881686558891725
143,143,2,fam_r,0.06153380035417309,2.788168655889174,73.33333333333334,2.7881686558891725
144,144,0,fam_r,0.06153380035417317,2.7881686558891725,73.33333333333334,2.7881686558891725
145,145,1,fam_r,0.06153380035417317,2.7881686558891725,73.33333333333334,2.7881686558891725
146,146,2,fam_r,0.06153380035417317,2.7881686558891725,73.33333333333334,2.7881686558891725
147,147,0,fam_r,0.06153380035417317,2.7881686558891725,73.33333333333334,2.7881686558891725
148,148,1,fam_r,0.06153380035417317,2.7881686558891725,73.33333333333334,2.7881686558891725
149,149,2,fam_r,0.06153380035417317,2.7881686558891725,73.33333333333334,2.7881686558891725
150,150,0,fam_r,0.06153380035417317,2.7881686558891725,73.33333333333334,2.7881686558891725
151,151,1,fam_r,0.06153380035417317,2.7881686558891725,73.33333333333334,2.7881686558891725
152,152,2,fam_r,0.06153380035417317,2.7881686558891725,73.33333333333334,2.7881686558891725
0,0,0,fam,0.06666666666666667,2.70805020110221,146.66666666666669,2.7881686558891725
1,1,1,fam,0.06153846153846154,2.7880929087757464,146.66666666666669,2.7881686558891725
2,2,2,fam,0.061533728174755796,2.788169828894241,146.66666666666669,2.7881686558891725
3,3,0,fam,0.06153380035891083,2.78816865581218,146.66666666666669,2.7881686558891725
4,4,1,fam,0.061533800354177826,2.788168655889097,146.66666666666669,2.7881686558891725
5,5,2,fam,0.06153380035417309,2.788168655889174,146.66666666666669,2.7881686558891725
6,6,0,fam,0.06153380035417317,2.7881686558891725,146.66666666666669,2.7881686558891725
7,7,1,fam,0.06153380035417317,2.7881686558891725,146.66666666666669,2.7881686558891725
8,8,2,fam,0.06153380035417317,2.7881686558891725,146.66666666666669,2.7881686558891725
9,9,0,fam,0.06153380035417317,2.7881686558891725,146.66666666666669,2.7881686558891725
10,10,1,fam,0.06153380035417317,2.7881686558891725,146.66666666666669,2.7881686558891725
11,11,2,fam,0.06153380035417317,2.7881686558891725,146.66666666666669,2.7881686558891725
12,12,0,fam,0.06153380035417317,2.7881686558891725,146.66666666666669,2.7881686558891725
13,13,1,fam,0.06153380035417317,2.7881686558891725,146.66666666666669,2.7881686558891725
14,14,2,fam,0.06153380035417317,2.7881686558891725,146.66666666666669,2.7881686558891725
15,15,0,fam,0.06153380035417317,2.7881686558891725,146.66666666666669,2.7881686558891725
16,16,1,fam,0.06153380035417317,2.7881686558891725,146.66666666666669,2.7881686558891725
17,17,2,fam,0.06153380035417317,2.7881686558891725,146.66666666666669,2.7881686558891725
18,18,0,fam,0.06153380035417317,2.7881686558891725,146.66666666666669,2.7881686558891725
19,19,1,fam,0.06153380035417317,2.7881686558891725,146.66666666666669,2.7881686558891725
20,20,2,fam,0.06153380035417317,2.7881686558891725,146.66666666666669,2.7881686558891725
21,21,0,fam,0.06153380035417317,2.7881686558891725,146.66666666666669,2.7881686558891725
22,22,1,fam,0.06153380035417317,2.7881686558891725,146.66666666666669,2.7881686558891725
23,23,2,fam,0.06153380035417317,2.7881686558891725,146.66666666666669,2.7881686558891725
24,24,0,fam,0.06153380035417317,2.7881686558891725,146.66666666666669,2.7881686558891725
25,25,1,fam,0.06153380035417317,2.7881686558891725,146.66666666666669,2.7881686558891725
26,26,2,fam,0.06153380035417317,2.7881686558891725,146.66666666666669,2.7881686558891725
27,27,0,fam,0.06153380035417317,2.7881686558891725,146.66666666666669,2.7881686558891725
28,28,1,fam,0.06153380035417317,2.7881686558891725,146.66666666666669,2.7881686558891725
29,29,2,fam,0.06153380035417317,2.7881686558891725,146.66666666666669,2.7881686558891725
30,30,0,fam,0.06153380035417317,2.7881686558891725,146.66666666666669,2.7881686558891725
31,31,1,fam,0.06153380035417317,2.7881686558891725,146.66666666666669,2.7881686558891725
32,32,2,fam,0.06153380035417317,2.7881686558891725,146.66666666666669,2.7881686558891725
33,33,0,fam,0.06153380035417317,2.7881686558891725,146.66666666666669,2.7881686558891725
34,34,1,fam,0.06153380035417317,2.7881686558891725,146.66666666666669,2.7881686558891725
35,35,2,fam,0.06153380035417317,2.7881686558891725,146.66666666666669,2.7881686558891725
36,36,0,fam,0.06153380035417317,2.7881686558891725,146.66666666666669,2.7881686558891725
37,37,1,fam,0.06153380035417317,2.7881686558891725,146.66666666666669,2.7881686558891725
38,38,2,fam,0.06153380035417317,2.7881686558891725,146.66666666666669,2.7881686558891725
39,39,0,fam,0.06153380035417317,2.7881686558891725,146.66666666666669,2.7881686558891725
40,40,1,fam,0.06153380035417317,2.7881686558891725,146.66666666666669,2.7881686558891725
41,41,2,fam,0.06153380035417317,2.7881686558891725,146.66666666666669,2.7881686558891725
42,42,0,fam,0.06153380035417317,2.7881686558891725,146.66666666666669,2.7881686558891725
43,43,1,fam,0.06153380035417317,2.7881686558891725,146.66666666666669,2.7881686558891725
44,44,2,fam,0.06153380035417317,2.7881686558891725,146.66666666666669,2.7881686558891725
45,45,0,fam,0.06153380035417317,2.7881686558891725,146.66666666666669,2.7881686558891725
46,46,1,fam,0.06153380035417317,2.7881686558891725,146.66666666666669,2.7881686558891725
47,47,2,fam,0.06153380035417317,2.7881686558891725,146.66666666666669,2.7881686558891725
48,48,0,fam,0.06153380035417317,2.7881686558891725,146.66666666666669,2.7881686558891725
49,49,1,fam,0.06153380035417317,2.7881686558891725,146.66666666666669,2.7881686558891725
50,50,2,fam,0.06153380035417317,2.7881686558891725,146.66666666666669,2.7881686558891725
51,51,0,fam,0.06153380035417317,2.7881686558891725,146.66666666666669,2.7881686558891725
52,52,1,fam,0.06153380035417317,2.7881686558891725,146.66666666666669,2.7881686558891725
53,53,2,fam,0.06153380035417317,2.7881686558891725,146.66666666666669,2.7881686558891725
54,54,0,fam,0.06153380035417317,2.7881686558891725,146.66666666666669,2.7881686558891725
55,55,1,fam,0.06153380035417317,2.7881686558891725,146.66666666666669,2.7881686558891725
56,56,2,fam,0.06153380035417317,2.7881686558891725,146.66666666666669,2.7881686558891725
57,57,0,fam,0.06153380035417317,2.7881686558891725,146.66666666666669,2.7881686558891725
58,58,1,fam,0.06153380035417317,2.7881686558891725,146.66666666666669,2.7881686558891725
59,59,2,fam,0.06153380035417317,2.7881686558891725,146.66666666666669,2.7881686558891725
60,60,0,fam,0.06153380035417317,2.7881686558891725,146.66666666666669,2.7881686558891725
61,61,1,fam,0.06153380035417317,2.7881686558891725,146.66666666666669,2.7881686558891725
62,62,2,fam,0.06153380035417317,2.7881686558891725,146.66666666666669,2.7881686558891725
63,63,0,fam,0.06153380035417317,2.7881686558891725,146.66666666666669,2.7881686558891725
64,64,1,fam,0.06153380035417317,2.7881686558891725,146.66666666666669,2.7881686558891725
65,65,2,fam,0.06153380035417317,2.7881686558891725,146.66666666666669,2.7881686558891725
66,66,3,recov,0.061533723437018795,2.7881699058883926,146.66666666666669,2.7881686558891725
67,67,4,recov,0.061533723437018795,2.7881699058883926,146.66666666666669,2.7881686558891725
68,68,5,recov,0.061533723437018795,2.7881699058883926,146.66666666666669,2.7881686558891725
69,69,3,recov,0.06153380035417309,2.788168655889174,146.66666666666669,2.7881686558891725
70,70,4,recov,0.06153380035417309,2.788168655889174,146.66666666666669,2.7881686558891725
71,71,5,recov,0.06153380035417309,2.788168655889174,146.66666666666669,2.7881686558891725
72,72,3,recov,0.06153380035417317,2.7881686558891725,146.66666666666669,2.7881686558891725
73,73,4,recov,0.06153380035417317,2.7881686558891725,146.66666666666669,2.7881686558891725
74,74,5,recov,0.06153380035417317,2.7881686558891725,146.66666666666669,2.7881686558891725
75,75,3,recov,0.06153380035417317,2.7881686558891725,146.66666666666669,2.7881686558891725
76,76,4,recov,0.06153380035417317,2.7881686558891725,146.66666666666669,2.7881686558891725
77,77,5,recov,0.06153380035417317,2.7881686558891725,146.66666666666669,2.7881686558891725
78,78,3,recov,0.06153380035417317,2.7881686558891725,146.66666666666669,2.7881686558891725
79,79,4,recov,0.06153380035417317,2.7881686558891725,146.66666666666669,2.7881686558891725
80,80,5,recov,0.06153380035417317,2.7881686558891725,146.66666666666669,2.7881686558891725
81,81,3,recov,0.06153380035417317,2.7881686558891725,146.66666666666669,2.7881686558891725
82,82,4,recov,0.06153380035417317,2.7881686558891725,146.66666666666669,2.7881686558891725
83,83,5,recov,0.06153380035417317,2.7881686558891725,146.66666666666669,2.7881686558891725
84,84,3,recov,0.06153380035417317,2.7881686558891725,146.66666666666669,2.7881686558891725
85,85,4,recov,0.06153380035417317,2.7881686558891725,146.66666666666669,2.7881686558891725
86,86,5,recov,0.06153380035417317,2.7881686558891725,146.66666666666669,2.7881686558891725
87,87,3,recov,0.06153380035417317,2.7881686558891725,146.66666666666669,2.7881686558891725
88,88,4,recov,0.06153380035417317,2.7881686558891725,146.66666666666669,2.7881686558891725
89,89,5,recov,0.06153380035417317,2.7881686558891725,146.66666666666669,2.7881686558891725
90,90,3,recov,0.06153380035417317,2.7881686558891725,146.66666666666669,2.7881686558891725
91,91,4,recov,0.06153380035417317,2.7881686558891725,146.66666666666669,2.7881686558891725
92,92,5,recov,0.06153380035417317,2.7881686558891725,146.66666666666669,2.7881686558891725
93,93,3,recov,0.06153380035417317,2.7881686558891725,146.66666666666669,2.7881686558891725
94,94,4,recov,0.06153380035417317,2.7881686558891725,146.66666666666669,2.7881686558891725
95,95,5,recov,0.06153380035417317,2.7881686558891725,146.66666666666669,2.7881686558891725
96,96,3,recov,0.06153380035417317,2.7881686558891725,146.66666666666669,2.7881686558891725
97,97,4,recov,0.06153380035417317,2.7881686558891725,146.66666666666669,2.7881686558891725
98,98,5,recov,0.06153380035417317,2.7881686558891725,146.66666666666669,2.7881686558891725
99,99,3,recov,0.06153380035417317,2.7881686558891725,146.66666666666669,2.7881686558891725
100,100,4,recov,0.06153380035417317,2.7881686558891725,146.66666666666669,2.7881686558891725
101,101,5,recov,0.06153380035417317,2.7881686558891725,146.66666666666669,2.7881686558891725
102,102,3,recov,0.06153380035417317,2.7881686558891725,146.66666666666669,2.7881686558891725
103,103,4,recov,0.06153380035417317,2.7881686558891725,146.66666666666669,2.7881686558891725
104,104,5,recov,0.06153380035417317,2.7881686558891725,146.66666666666669,2.7881686558891725
105,105,3,recov,0.06153380035417317,2.7881686558891725,146.66666666666669,2.7881686558891725
106,106,4,recov,0.06153380035417317,2.7881686558891725,146.66666666666669,2.7881686558891725
107,107,5,recov,0.06153380035417317,2.7881686558891725,146.66666666666669,2.7881686558891725
108,108,3,recov,0.06153380035417317,2.7881686558891725,146.66666666666669,2.7881686558891725
109,109,4,recov,0.06153380035417317,2.7881686558891725,146.66666666666669,2.7881686558891725
110,110,5,recov,0.06153380035417317,2.7881686558891725,146.66666666666669,2.7881686558891725
111,111,3,recov,0.06153380035417317,2.7881686558891725,146.66666666666669,2.7881686558891725
112,112,4,recov,0.06153380035417317,2.7881686558891725,146.66666666666669,2.7881686558891725
113,113,5,recov,0.06153380035417317,2.7881686558891725,146.66666666666669,2.7881686558891725
114,114,3,recov,0.06153380035417317,2.7881686558891725,146.66666666666669,2.7881686558891725
115,115,4,recov,0.06153380035417317,2.7881686558891725,146.66666666666669,2.7881686558891725
116,116,5,recov,0.06153380035417317,2.7881686558891725,146.66666666666669,2.7881686558891725
117,117,3,recov,0.06153380035417317,2.7881686558891725,146.66666666666669,2.7881686558891725
118,118,4,recov,0.06153380035417317,2.7881686558891725,146.66666666666669,2.7881686558891725
119,119,5,recov,0.06153380035417317,2.7881686558891725,146.66666666666669,2.7881686558891725
120,120,3,recov,0.06153380035417317,2.7881686558891725,146.66666666666669,2.7881686558891725
121,121,4,recov,0.06153380035417317,2.7881686558891725,146.66666666666669,2.7881686558891725
122,122,5,recov,0.06153380035417317,2.7881686558891725,146.66666666666669,2.7881686558891725
123,123,3,recov,0.06153380035417317,2.7881686558891725,146.66666666666669,2.7881686558891725
124,124,4,recov,0.06153380035417317,2.7881686558891725,146.66666666666669,2.7881686558891725
125,125,5,recov,0.06153380035417317,2.7881686558891725,146.66666666666669,2.7881686558891725
126,126,3,recov,0.06153380035417317,2.7881686558891725,146.66666666666669,2.7881686558891725
127,127,4,recov,0.06153380035417317,2.7881686558891725,146.66666666666669,2.7881686558891725
128,128,5,recov,0.06153380035417317,2.7881686558891725,146.66666666666669,2.7881686558891725
129,129,3,recov,0.06153380035417317,2.7881686558891725,146.66666666666669,2.7881686558891725
130,130,4,recov,0.06153380035417317,2.7881686558891725,146.66666666666669,2.7881686558891725
131,131,5,recov,0.06153380035417317,2.7881686558891725,146.66666666666669,2.7881686558891725
132,132,3,recov,0.06153380035417317,2.7881686558891725,146.66666666666669,2.7881686558891725
133,133,4,recov,0.06153380035417317,2.7881686558891725,146.66666666666669,2.7881686558891725
134,134,5,recov,0.06153380035417317,2.7881686558891725,146.66666666666669,2.7881686558891725
135,135,3,recov,0.06153380035417317,2.7881686558891725,146.66666666666669,2.7881686558891725
136,136,4,recov,0.06153380035417317,2.7881686558891725,146.66666666666669,2.7881686558891725
137,137,5,recov,0.06153380035417317,2.7881686558891725,146.66666666666669,2.7881686558891725
138,138,3,recov,0.06153380035417317,2.7881686558891725,146.66666666666669,2.7881686558891725
139,139,4,recov,0.06153380035417317,2.7881686558891725,146.66666666666669,2.7881686558891725
140,140,5,recov,0.06153380035417317,2.7881686558891725,146.66666666666669,2.7881686558891725
141,141,3,recov,0.06153380035417317,2.7881686558891725,146.66666666666669,2.7881686558891725
142,142,4,recov,0.06153380035417317,2.7881686558891725,146.66666666666669,2.7881686558891725
143,143,5,recov,0.06153380035417317,2.7881686558891725,146.66666666666669,2.7881686558891725
144,144,3,recov,0.06153380035417317,2.7881686558891725,146.66666666666669,2.7881686558891725
145,145,4,recov,0.06153380035417317,2.7881686558891725,146.66666666666669,2.7881686558891725
146,146,5,recov,0.06153380035417317,2.7881686558891725,146.66666666666669,2.7881686558891725
147,147,3,recov,0.06153380035417317,2.7881686558891725,146.66666666666669,2.7881686558891725
148,148,4,recov,0.06153380035417317,2.7881686558891725,146.66666666666669,2.7881686558891725
149,149,5,recov,0.06153380035417317,2.7881686558891725,146.66666666666669,2.7881686558891725
150,150,3,recov,0.06153380035417317,2.7881686558891725,146.66666666666669,2.7881686558891725
151,151,4,recov,0.06153380035417317,2.7881686558891725,146.66666666666669,2.7881686558891725
152,152,5,recov,0.06153380035417317,2.7881686558891725,146.66666666666669,2.7881686558891725
153,153,3,recov,0.06153380035417317,2.7881686558891725,146.66666666666669,2.7881686558891725
154,154,4,recov,0.06153380035417317,2.7881686558891725,146.66666666666669,2.7881686558891725
155,155,5,recov,0.06153380035417317,2.7881686558891725,146.66666666666669,2.7881686558891725
156,156,3,recov,0.06153380035417317,2.7881686558891725,146.66666666666669,2.7881686558891725
157,157,4,recov,0.06153380035417317,2.7881686558891725,146.66666666666669,2.7881686558891725
158,158,5,recov,0.06153380035417317,2.7881686558891725,146.66666666666669,2.7881686558891725
159,159,3,recov,0.06153380035417317,2.7881686558891725,146.66666666666669,2.7881686558891725
160,160,4,recov,0.06153380035417317,2.7881686558891725,146.66666666666669,2.7881686558891725
161,161,5,recov,0.06153380035417317,2.7881686558891725,146.66666666666669,2.7881686558891725
162,162,3,recov,0.06153380035417317,2.7881686558891725,146.66666666666669,2.7881686558891725
163,163,4,recov,0.06153380035417317,2.7881686558891725,146.66666666666669,2.7881686558891725
164,164,5,recov,0.06153380035417317,2.7881686558891725,146.66666666666669,2.7881686558891725
165,165,3,recov,0.06153380035417317,2.7881686558891725,146.66666666666669,2.7881686558891725
166,166,4,recov,0.06153380035417317,2.7881686558891725,146.66666666666669,2.7881686558891725
167,167,5,recov,0.06153380035417317,2.7881686558891725,146.66666666666669,2.7881686558891725
168,168,3,recov,0.06153380035417317,2.7881686558891725,146.66666666666669,2.7881686558891725
169,169,4,recov,0.06153380035417317,2.7881686558891725,146.66666666666669,2.7881686558891725
170,170,5,recov,0.06153380035417317,2.7881686558891725,146.66666666666669,2.7881686558891725
171,171,3,recov,0.06153380035417317,2.7881686558891725,146.66666666666669,2.7881686558891725
172,172,4,recov,0.06153380035417317,2.7881686558891725,146.66666666666669,2.7881686558891725
173,173,5,recov,0.06153380035417317,2.7881686558891725,146.66666666666669,2.7881686558891725
174,174,3,recov,0.06153380035417317,2.7881686558891725,146.66666666666669,2.7881686558891725
175,175,4,recov,0.06153380035417317,2.7881686558891725,146.66666666666669,2.7881686558891725
176,176,5,recov,0.06153380035417317,2.7881686558891725,146.66666666666669,2.7881686558891725
177,177,3,recov,0.06153380035417317,2.7881686558891725,146.66666666666669,2.7881686558891725
178,178,4,recov,0.06153380035417317,2.7881686558891725,146.66666666666669,2.7881686558891725
179,179,5,recov,0.06153380035417317,2.7881686558891725,146.66666666666669,2.7881686558891725
180,180,3,recov,0.06153380035417317,2.7881686558891725,146.66666666666669,2.7881686558891725
181,181,4,recov,0.06153380035417317,2.7881686558891725,146.66666666666669,2.7881686558891725
182,182,5,recov,0.06153380035417317,2.7881686558891725,146.66666666666669,2.7881686558891725
183,183,3,recov,0.06153380035417317,2.7881686558891725,146.66666666666669,2.7881686558891725
184,184,4,recov,0.06153380035417317,2.7881686558891725,146.66666666666669,2.7881686558891725
185,185,5,recov,0.06153380035417317,2.7881686558891725,146.66666666666669,2.7881686558891725
186,186,3,recov,0.06153380035417317,2.7881686558891725,146.66666666666669,2.7881686558891725
187,187,4,recov,0.06153380035417317,2.7881686558891725,146.66666666666669,2.7881686558891725
188,188,5,recov,0.06153380035417317,2.7881686558891725,146.66666666666669,2.7881686558891725
189,189,3,recov,0.06153380035417317,2.7881686558891725,146.66666666666669,2.7881686558891725
190,190,4,recov,0.06153380035417317,2.7881686558891725,146.66666666666669,2.7881686558891725
191,191,5,recov,0.06153380035417317,2.7881686558891725,146.66666666666669,2.7881686558891725
192,192,3,recov,0.06153380035417317,2.7881686558891725,146.66666666666669,2.7881686558891725
193,193,4,recov,0.06153380035417317,2.7881686558891725,146.66666666666669,2.7881686558891725
194,194,5,recov,0.06153380035417317,2.7881686558891725,146.66666666666669,2.7881686558891725
195,195,3,recov,0.06153380035417317,2.7881686558891725,146.66666666666669,2.7881686558891725
196,196,4,recov,0.06153380035417317,2.7881686558891725,146.66666666666669,2.7881686558891725
197,197,5,recov,0.06153380035417317,2.7881686558891725,146.66666666666669,2.7881686558891725
198,198,3,recov,0.06153380035417317,2.7881686558891725,146.66666666666669,2.7881686558891725
199,199,4,recov,0.06153380035417317,2.7881686558891725,146.66666666666669,2.7881686558891725
200,200,5,recov,0.06153380035417317,2.7881686558891725,146.66666666666669,2.7881686558891725
201,201,3,recov,0.06153380035417317,2.7881686558891725,146.66666666666669,2.7881686558891725
202,202,4,recov,0.06153380035417317,2.7881686558891725,146.66666666666669,2.7881686558891725
203,203,5,recov,0.06153380035417317,2.7881686558891725,146.66666666666669,2.7881686558891725
204,204,3,recov,0.06153380035417317,2.7881686558891725,146.66666666666669,2.7881686558891725
205,205,4,recov,0.06153380035417317,2.7881686558891725,146.66666666666669,2.7881686558891725
206,206,5,recov,0.06153380035417317,2.7881686558891725,146.66666666666669,2.7881686558891725
207,207,3,recov,0.06153380035417317,2.7881686558891725,146.66666666666669,2.7881686558891725
208,208,4,recov,0.06153380035417317,2.7881686558891725,146.66666666666669,2.7881686558891725
209,209,5,recov,0.06153380035417317,2.7881686558891725,146.66666666666669,2.7881686558891725
210,210,3,recov,0.06153380035417317,2.7881686558891725,146.66666666666669,2.7881686558891725
211,211,4,recov,0.06153380035417317,2.7881686558891725,146.66666666666669,2.7881686558891725
212,212,5,recov,0.06153380035417317,2.7881686558891725,146.66666666666669,2.7881686558891725
213,213,0,fam_r,0.061533723437018795,2.7881699058883926,146.66666666666669,2.7881686558891725
214,214,1,fam_r,0.061533723437018795,2.7881699058883926,146.66666666666669,2.7881686558891725
215,215,2,fam_r,0.061533723437018795,2.7881699058883926,146.66666666666669,2.7881686558891725
216,216,0,fam_r,0.06153380035417309,2.788168655889174,146.66666666666669,2.7881686558891725
217,217,1,fam_r,0.06153380035417309,2.788168655889174,146.66666666666669,2.7881686558891725
218,218,2,fam_r,0.06153380035417309,2.788168655889174,146.66666666666669,2.7881686558891725
219,219,0,fam_r,0.06153380035417317,2.7881686558891725,146.66666666666669,2.7881686558891725
220,220,1,fam_r,0.06153380035417317,2.7881686558891725,146.66666666666669,2.7881686558891725
221,221,2,fam_r,0.06153380035417317,2.7881686558891725,146.66666666666669,2.7881686558891725
222,222,0,fam_r,0.06153380035417317,2.7881686558891725,146.66666666666669,2.7881686558891725
223,223,1,fam_r,0.06153380035417317,2.7881686558891725,146.66666666666669,2.7881686558891725
224,224,2,fam_r,0.06153380035417317,2.7881686558891725,146.66666666666669,2.7881686558891725
225,225,0,fam_r,0.06153380035417317,2.7881686558891725,146.66666666666669,2.7881686558891725
226,226,1,fam_r,0.06153380035417317,2.7881686558891725,146.66666666666669,2.7881686558891725
227,227,2,fam_r,0.06153380035417317,2.7881686558891725,146.66666666666669,2.7881686558891725
0,0,0,fam,0.06666666666666667,2.70805020110221,220.0,2.7881686558891725
1,1,1,fam,0.06153846153846154,2.7880929087757464,220.0,2.7881686558891725
2,2,2,fam,0.061533728174755796,2.788169828894241,220.0,2.7881686558891725
3,3,0,fam,0.06153380035891083,2.78816865581218,220.0,2.7881686558891725
4,4,1,fam,0.061533800354177826,2.788168655889097,220.0,2.7881686558891725
5,5,2,fam,0.06153380035417309,2.788168655889174,220.0,2.7881686558891725
6,6,0,fam,0.06153380035417317,2.7881686558891725,220.0,2.7881686558891725
7,7,1,fam,0.06153380035417317,2.7881686558891725,220.0,2.7881686558891725
8,8,2,fam,0.06153380035417317,2.7881686558891725,220.0,2.7881686558891725
9,9,0,fam,0.06153380035417317,2.7881686558891725,220.0,2.7881686558891725
10,10,1,fam,0.06153380035417317,2.7881686558891725,220.0,2.7881686558891725
11,11,2,fam,0.06153380035417317,2.7881686558891725,220.0,2.7881686558891725
12,12,0,fam,0.06153380035417317,2.7881686558891725,220.0,2.7881686558891725
13,13,1,fam,0.06153380035417317,2.7881686558891725,220.0,2.7881686558891725
14,14,2,fam,0.06153380035417317,2.7881686558891725,220.0,2.7881686558891725
15,15,0,fam,0.06153380035417317,2.7881686558891725,220.0,2.7881686558891725
16,16,1,fam,0.06153380035417317,2.7881686558891725,220.0,2.7881686558891725
17,17,2,fam,0.06153380035417317,2.7881686558891725,220.0,2.7881686558891725
18,18,0,fam,0.06153380035417317,2.7881686558891725,220.0,2.7881686558891725
19,19,1,fam,0.06153380035417317,2.7881686558891725,220.0,2.7881686558891725
20,20,2,fam,0.06153380035417317,2.7881686558891725,220.0,2.7881686558891725
21,21,0,fam,0.06153380035417317,2.7881686558891725,220.0,2.7881686558891725
22,22,1,fam,0.06153380035417317,2.7881686558891725,220.0,2.7881686558891725
23,23,2,fam,0.06153380035417317,2.7881686558891725,220.0,2.7881686558891725
24,24,0,fam,0.06153380035417317,2.7881686558891725,220.0,2.7881686558891725
25,25,1,fam,0.06153380035417317,2.7881686558891725,220.0,2.7881686558891725
26,26,2,fam,0.06153380035417317,2.7881686558891725,220.0,2.7881686558891725
27,27,0,fam,0.06153380035417317,2.7881686558891725,220.0,2.7881686558891725
28,28,1,fam,0.06153380035417317,2.7881686558891725,220.0,2.7881686558891725
29,29,2,fam,0.06153380035417317,2.7881686558891725,220.0,2.7881686558891725
30,30,0,fam,0.06153380035417317,2.7881686558891725,220.0,2.7881686558891725
31,31,1,fam,0.06153380035417317,2.7881686558891725,220.0,2.7881686558891725
32,32,2,fam,0.06153380035417317,2.7881686558891725,220.0,2.7881686558891725
33,33,0,fam,0.06153380035417317,2.7881686558891725,220.0,2.7881686558891725
34,34,1,fam,0.06153380035417317,2.7881686558891725,220.0,2.7881686558891725
35,35,2,fam,0.06153380035417317,2.7881686558891725,220.0,2.7881686558891725
36,36,0,fam,0.06153380035417317,2.7881686558891725,220.0,2.7881686558891725
37,37,1,fam,0.06153380035417317,2.7881686558891725,220.0,2.7881686558891725
38,38,2,fam,0.06153380035417317,2.7881686558891725,220.0,2.7881686558891725
39,39,0,fam,0.06153380035417317,2.7881686558891725,220.0,2.7881686558891725
40,40,1,fam,0.06153380035417317,2.7881686558891725,220.0,2.7881686558891725
41,41,2,fam,0.06153380035417317,2.7881686558891725,220.0,2.7881686558891725
42,42,0,fam,0.06153380035417317,2.7881686558891725,220.0,2.7881686558891725
43,43,1,fam,0.06153380035417317,2.7881686558891725,220.0,2.7881686558891725
44,44,2,fam,0.06153380035417317,2.7881686558891725,220.0,2.7881686558891725
45,45,0,fam,0.06153380035417317,2.7881686558891725,220.0,2.7881686558891725
46,46,1,fam,0.06153380035417317,2.7881686558891725,220.0,2.7881686558891725
47,47,2,fam,0.06153380035417317,2.7881686558891725,220.0,2.7881686558891725
48,48,0,fam,0.06153380035417317,2.7881686558891725,220.0,2.7881686558891725
49,49,1,fam,0.06153380035417317,2.7881686558891725,220.0,2.7881686558891725
50,50,2,fam,0.06153380035417317,2.7881686558891725,220.0,2.7881686558891725
51,51,0,fam,0.06153380035417317,2.7881686558891725,220.0,2.7881686558891725
52,52,1,fam,0.06153380035417317,2.7881686558891725,220.0,2.7881686558891725
53,53,2,fam,0.06153380035417317,2.7881686558891725,220.0,2.7881686558891725
54,54,0,fam,0.06153380035417317,2.7881686558891725,220.0,2.7881686558891725
55,55,1,fam,0.06153380035417317,2.7881686558891725,220.0,2.7881686558891725
56,56,2,fam,0.06153380035417317,2.7881686558891725,220.0,2.7881686558891725
57,57,0,fam,0.06153380035417317,2.7881686558891725,220.0,2.7881686558891725
58,58,1,fam,0.06153380035417317,2.7881686558891725,220.0,2.7881686558891725
59,59,2,fam,0.06153380035417317,2.7881686558891725,220.0,2.7881686558891725
60,60,0,fam,0.06153380035417317,2.7881686558891725,220.0,2.7881686558891725
61,61,1,fam,0.06153380035417317,2.7881686558891725,220.0,2.7881686558891725
62,62,2,fam,0.06153380035417317,2.7881686558891725,220.0,2.7881686558891725
63,63,0,fam,0.06153380035417317,2.7881686558891725,220.0,2.7881686558891725
64,64,1,fam,0.06153380035417317,2.7881686558891725,220.0,2.7881686558891725
65,65,2,fam,0.06153380035417317,2.7881686558891725,220.0,2.7881686558891725
66,66,3,recov,0.061533723437018795,2.7881699058883926,220.0,2.7881686558891725
67,67,4,recov,0.061533723437018795,2.7881699058883926,220.0,2.7881686558891725
68,68,5,recov,0.061533723437018795,2.7881699058883926,220.0,2.7881686558891725
69,69,3,recov,0.06153380035417309,2.788168655889174,220.0,2.7881686558891725
70,70,4,recov,0.06153380035417309,2.788168655889174,220.0,2.7881686558891725
71,71,5,recov,0.06153380035417309,2.788168655889174,220.0,2.7881686558891725
72,72,3,recov,0.06153380035417317,2.7881686558891725,220.0,2.7881686558891725
73,73,4,recov,0.06153380035417317,2.7881686558891725,220.0,2.7881686558891725
74,74,5,recov,0.06153380035417317,2.7881686558891725,220.0,2.7881686558891725
75,75,3,recov,0.06153380035417317,2.7881686558891725,220.0,2.7881686558891725
76,76,4,recov,0.06153380035417317,2.7881686558891725,220.0,2.7881686558891725
77,77,5,recov,0.06153380035417317,2.7881686558891725,220.0,2.7881686558891725
78,78,3,recov,0.06153380035417317,2.7881686558891725,220.0,2.7881686558891725
79,79,4,recov,0.06153380035417317,2.7881686558891725,220.0,2.7881686558891725
80,80,5,recov,0.06153380035417317,2.7881686558891725,220.0,2.7881686558891725
81,81,3,recov,0.06153380035417317,2.7881686558891725,220.0,2.7881686558891725
82,82,4,recov,0.06153380035417317,2.7881686558891725,220.0,2.7881686558891725
83,83,5,recov,0.06153380035417317,2.7881686558891725,220.0,2.7881686558891725
84,84,3,recov,0.06153380035417317,2.7881686558891725,220.0,2.7881686558891725
85,85,4,recov,0.06153380035417317,2.7881686558891725,220.0,2.7881686558891725
86,86,5,recov,0.06153380035417317,2.7881686558891725,220.0,2.7881686558891725
87,87,3,recov,0.06153380035417317,2.7881686558891725,220.0,2.7881686558891725
88,88,4,recov,0.06153380035417317,2.7881686558891725,220.0,2.7881686558891725
89,89,5,recov,0.06153380035417317,2.7881686558891725,220.0,2.7881686558891725
90,90,3,recov,0.06153380035417317,2.7881686558891725,220.0,2.7881686558891725
91,91,4,recov,0.06153380035417317,2.7881686558891725,220.0,2.7881686558891725
92,92,5,recov,0.06153380035417317,2.7881686558891725,220.0,2.7881686558891725
93,93,3,recov,0.06153380035417317,2.7881686558891725,220.0,2.7881686558891725
94,94,4,recov,0.06153380035417317,2.7881686558891725,220.0,2.7881686558891725
95,95,5,recov,0.06153380035417317,2.7881686558891725,220.0,2.7881686558891725
96,96,3,recov,0.06153380035417317,2.7881686558891725,220.0,2.7881686558891725
97,97,4,recov,0.06153380035417317,2.7881686558891725,220.0,2.7881686558891725
98,98,5,recov,0.06153380035417317,2.7881686558891725,220.0,2.7881686558891725
99,99,3,recov,0.06153380035417317,2.7881686558891725,220.0,2.7881686558891725
100,100,4,recov,0.06153380035417317,2.7881686558891725,220.0,2.7881686558891725
101,101,5,recov,0.06153380035417317,2.7881686558891725,220.0,2.7881686558891725
102,102,3,recov,0.06153380035417317,2.7881686558891725,220.0,2.7881686558891725
103,103,4,recov,0.06153380035417317,2.7881686558891725,220.0,2.7881686558891725
104,104,5,recov,0.06153380035417317,2.7881686558891725,220.0,2.7881686558891725
105,105,3,recov,0.06153380035417317,2.7881686558891725,220.0,2.7881686558891725
106,106,4,recov,0.06153380035417317,2.7881686558891725,220.0,2.7881686558891725
107,107,5,recov,0.06153380035417317,2.7881686558891725,220.0,2.7881686558891725
108,108,3,recov,0.06153380035417317,2.7881686558891725,220.0,2.7881686558891725
109,109,4,recov,0.06153380035417317,2.7881686558891725,220.0,2.7881686558891725
110,110,5,recov,0.06153380035417317,2.7881686558891725,220.0,2.7881686558891725
111,111,3,recov,0.06153380035417317,2.7881686558891725,220.0,2.7881686558891725
112,112,4,recov,0.06153380035417317,2.7881686558891725,220.0,2.7881686558891725
113,113,5,recov,0.06153380035417317,2.7881686558891725,220.0,2.7881686558891725
114,114,3,recov,0.06153380035417317,2.7881686558891725,220.0,2.7881686558891725
115,115,4,recov,0.06153380035417317,2.7881686558891725,220.0,2.7881686558891725
116,116,5,recov,0.06153380035417317,2.7881686558891725,220.0,2.7881686558891725
117,117,3,recov,0.06153380035417317,2.7881686558891725,220.0,2.7881686558891725
118,118,4,recov,0.06153380035417317,2.7881686558891725,220.0,2.7881686558891725
119,119,5,recov,0.06153380035417317,2.7881686558891725,220.0,2.7881686558891725
120,120,3,recov,0.06153380035417317,2.7881686558891725,220.0,2.7881686558891725
121,121,4,recov,0.06153380035417317,2.7881686558891725,220.0,2.7881686558891725
122,122,5,recov,0.06153380035417317,2.7881686558891725,220.0,2.7881686558891725
123,123,3,recov,0.06153380035417317,2.7881686558891725,220.0,2.7881686558891725
124,124,4,recov,0.06153380035417317,2.7881686558891725,220.0,2.7881686558891725
125,125,5,recov,0.06153380035417317,2.7881686558891725,220.0,2.7881686558891725
126,126,3,recov,0.06153380035417317,2.7881686558891725,220.0,2.7881686558891725
127,127,4,recov,0.06153380035417317,2.7881686558891725,220.0,2.7881686558891725
128,128,5,recov,0.06153380035417317,2.7881686558891725,220.0,2.7881686558891725
129,129,3,recov,0.06153380035417317,2.7881686558891725,220.0,2.7881686558891725
130,130,4,recov,0.06153380035417317,2.7881686558891725,220.0,2.7881686558891725
131,131,5,recov,0.06153380035417317,2.7881686558891725,220.0,2.7881686558891725
132,132,3,recov,0.06153380035417317,2.7881686558891725,220.0,2.7881686558891725
133,133,4,recov,0.06153380035417317,2.7881686558891725,220.0,2.7881686558891725
134,134,5,recov,0.06153380035417317,2.7881686558891725,220.0,2.7881686558891725
135,135,3,recov,0.06153380035417317,2.7881686558891725,220.0,2.7881686558891725
136,136,4,recov,0.06153380035417317,2.7881686558891725,220.0,2.7881686558891725
137,137,5,recov,0.06153380035417317,2.7881686558891725,220.0,2.7881686558891725
138,138,3,recov,0.06153380035417317,2.7881686558891725,220.0,2.7881686558891725
139,139,4,recov,0.06153380035417317,2.7881686558891725,220.0,2.7881686558891725
140,140,5,recov,0.06153380035417317,2.7881686558891725,220.0,2.7881686558891725
141,141,3,recov,0.06153380035417317,2.7881686558891725,220.0,2.7881686558891725
142,142,4,recov,0.06153380035417317,2.7881686558891725,220.0,2.7881686558891725
143,143,5,recov,0.06153380035417317,2.7881686558891725,220.0,2.7881686558891725
144,144,3,recov,0.06153380035417317,2.7881686558891725,220.0,2.7881686558891725
145,145,4,recov,0.06153380035417317,2.7881686558891725,220.0,2.7881686558891725
146,146,5,recov,0.06153380035417317,2.7881686558891725,220.0,2.7881686558891725
147,147,3,recov,0.06153380035417317,2.7881686558891725,220.0,2.7881686558891725
148,148,4,recov,0.06153380035417317,2.7881686558891725,220.0,2.7881686558891725
149,149,5,recov,0.06153380035417317,2.7881686558891725,220.0,2.7881686558891725
150,150,3,recov,0.06153380035417317,2.7881686558891725,220.0,2.7881686558891725
151,151,4,recov,0.06153380035417317,2.7881686558891725,220.0,2.7881686558891725
152,152,5,recov,0.06153380035417317,2.7881686558891725,220.0,2.7881686558891725
153,153,3,recov,0.06153380035417317,2.7881686558891725,220.0,2.7881686558891725
154,154,4,recov,0.06153380035417317,2.7881686558891725,220.0,2.7881686558891725
155,155,5,recov,0.06153380035417317,2.7881686558891725,220.0,2.7881686558891725
156,156,3,recov,0.06153380035417317,2.7881686558891725,220.0,2.7881686558891725
157,157,4,recov,0.06153380035417317,2.7881686558891725,220.0,2.7881686558891725
158,158,5,recov,0.06153380035417317,2.7881686558891725,220.0,2.7881686558891725
159,159,3,recov,0.06153380035417317,2.7881686558891725,220.0,2.7881686558891725
160,160,4,recov,0.06153380035417317,2.7881686558891725,220.0,2.7881686558891725
161,161,5,recov,0.06153380035417317,2.7881686558891725,220.0,2.7881686558891725
162,162,3,recov,0.06153380035417317,2.7881686558891725,220.0,2.7881686558891725
163,163,4,recov,0.06153380035417317,2.7881686558891725,220.0,2.7881686558891725
164,164,5,recov,0.06153380035417317,2.7881686558891725,220.0,2.7881686558891725
165,165,3,recov,0.06153380035417317,2.7881686558891725,220.0,2.7881686558891725
166,166,4,recov,0.06153380035417317,2.7881686558891725,220.0,2.7881686558891725
167,167,5,recov,0.06153380035417317,2.7881686558891725,220.0,2.7881686558891725
168,168,3,recov,0.06153380035417317,2.7881686558891725,220.0,2.7881686558891725
169,169,4,recov,0.06153380035417317,2.7881686558891725,220.0,2.7881686558891725
170,170,5,recov,0.06153380035417317,2.7881686558891725,220.0,2.7881686558891725
171,171,3,recov,0.06153380035417317,2.7881686558891725,220.0,2.7881686558891725
172,172,4,recov,0.06153380035417317,2.7881686558891725,220.0,2.7881686558891725
173,173,5,recov,0.06153380035417317,2.7881686558891725,220.0,2.7881686558891725
174,174,3,recov,0.06153380035417317,2.7881686558891725,220.0,2.7881686558891725
175,175,4,recov,0.06153380035417317,2.7881686558891725,220.0,2.7881686558891725
176,176,5,recov,0.06153380035417317,2.7881686558891725,220.0,2.7881686558891725
177,177,3,recov,0.06153380035417317,2.7881686558891725,220.0,2.7881686558891725
178,178,4,recov,0.06153380035417317,2.7881686558891725,220.0,2.7881686558891725
179,179,5,recov,0.06153380035417317,2.7881686558891725,220.0,2.7881686558891725
180,180,3,recov,0.06153380035417317,2.7881686558891725,220.0,2.7881686558891725
181,181,4,recov,0.06153380035417317,2.7881686558891725,220.0,2.7881686558891725
182,182,5,recov,0.06153380035417317,2.7881686558891725,220.0,2.7881686558891725
183,183,3,recov,0.06153380035417317,2.7881686558891725,220.0,2.7881686558891725
184,184,4,recov,0.06153380035417317,2.7881686558891725,220.0,2.7881686558891725
185,185,5,recov,0.06153380035417317,2.7881686558891725,220.0,2.7881686558891725
186,186,3,recov,0.06153380035417317,2.7881686558891725,220.0,2.7881686558891725
187,187,4,recov,0.06153380035417317,2.7881686558891725,220.0,2.7881686558891725
188,188,5,recov,0.06153380035417317,2.7881686558891725,220.0,2.7881686558891725
189,189,3,recov,0.06153380035417317,2.7881686558891725,220.0,2.7881686558891725
190,190,4,recov,0.06153380035417317,2.7881686558891725,220.0,2.7881686558891725
191,191,5,recov,0.06153380035417317,2.7881686558891725,220.0,2.7881686558891725
192,192,3,recov,0.06153380035417317,2.7881686558891725,220.0,2.7881686558891725
193,193,4,recov,0.06153380035417317,2.7881686558891725,220.0,2.7881686558891725
194,194,5,recov,0.06153380035417317,2.7881686558891725,220.0,2.7881686558891725
195,195,3,recov,0.06153380035417317,2.7881686558891725,220.0,2.7881686558891725
196,196,4,recov,0.06153380035417317,2.7881686558891725,220.0,2.7881686558891725
197,197,5,recov,0.06153380035417317,2.7881686558891725,220.0,2.7881686558891725
198,198,3,recov,0.06153380035417317,2.7881686558891725,220.0,2.7881686558891725
199,199,4,recov,0.06153380035417317,2.7881686558891725,220.0,2.7881686558891725
200,200,5,recov,0.06153380035417317,2.7881686558891725,220.0,2.7881686558891725
201,201,3,recov,0.06153380035417317,2.7881686558891725,220.0,2.7881686558891725
202,202,4,recov,0.06153380035417317,2.7881686558891725,220.0,2.7881686558891725
203,203,5,recov,0.06153380035417317,2.7881686558891725,220.0,2.7881686558891725
204,204,3,recov,0.06153380035417317,2.7881686558891725,220.0,2.7881686558891725
205,205,4,recov,0.06153380035417317,2.7881686558891725,220.0,2.7881686558891725
206,206,5,recov,0.06153380035417317,2.7881686558891725,220.0,2.7881686558891725
207,207,3,recov,0.06153380035417317,2.7881686558891725,220.0,2.7881686558891725
208,208,4,recov,0.06153380035417317,2.7881686558891725,220.0,2.7881686558891725
209,209,5,recov,0.06153380035417317,2.7881686558891725,220.0,2.7881686558891725
210,210,3,recov,0.06153380035417317,2.7881686558891725,220.0,2.7881686558891725
211,211,4,recov,0.06153380035417317,2.7881686558891725,220.0,2.7881686558891725
212,212,5,recov,0.06153380035417317,2.7881686558891725,220.0,2.7881686558891725
213,213,3,recov,0.06153380035417317,2.7881686558891725,220.0,2.7881686558891725
214,214,4,recov,0.06153380035417317,2.7881686558891725,220.0,2.7881686558891725
215,215,5,recov,0.06153380035417317,2.7881686558891725,220.0,2.7881686558891725
216,216,3,recov,0.06153380035417317,2.7881686558891725,220.0,2.7881686558891725
217,217,4,recov,0.06153380035417317,2.7881686558891725,220.0,2.7881686558891725
218,218,5,recov,0.06153380035417317,2.7881686558891725,220.0,2.7881686558891725
219,219,3,recov,0.06153380035417317,2.7881686558891725,220.0,2.7881686558891725
220,220,4,recov,0.06153380035417317,2.7881686558891725,220.0,2.7881686558891725
221,221,5,recov,0.06153380035417317,2.7881686558891725,220.0,2.7881686558891725
222,222,3,recov,0.06153380035417317,2.7881686558891725,220.0,2.7881686558891725
223,223,4,recov,0.06153380035417317,2.7881686558891725,220.0,2.7881686558891725
224,224,5,recov,0.06153380035417317,2.7881686558891725,220.0,2.7881686558891725
225,225,3,recov,0.06153380035417317,2.7881686558891725,220.0,2.7881686558891725
226,226,4,recov,0.06153380035417317,2.7881686558891725,220.0,2.7881686558891725
227,227,5,recov,0.06153380035417317,2.7881686558891725,220.0,2.7881686558891725
228,228,3,recov,0.06153380035417317,2.7881686558891725,220.0,2.7881686558891725
229,229,4,recov,0.06153380035417317,2.7881686558891725,220.0,2.7881686558891725
230,230,5,recov,0.06153380035417317,2.7881686558891725,220.0,2.7881686558891725
231,231,3,recov,0.06153380035417317,2.7881686558891725,220.0,2.7881686558891725
232,232,4,recov,0.06153380035417317,2.7881686558891725,220.0,2.7881686558891725
233,233,5,recov,0.06153380035417317,2.7881686558891725,220.0,2.7881686558891725
234,234,3,recov,0.06153380035417317,2.7881686558891725,220.0,2.7881686558891725
235,235,4,recov,0.06153380035417317,2.7881686558891725,220.0,2.7881686558891725
236,236,5,recov,0.06153380035417317,2.7881686558891725,220.0,2.7881686558891725
237,237,3,recov,0.06153380035417317,2.7881686558891725,220.0,2.7881686558891725
238,238,4,recov,0.06153380035417317,2.7881686558891725,220.0,2.7881686558891725
239,239,5,recov,0.06153380035417317,2.7881686558891725,220.0,2.7881686558891725
240,240,3,recov,0.06153380035417317,2.7881686558891725,220.0,2.7881686558891725
241,241,4,recov,0.06153380035417317,2.7881686558891725,220.0,2.7881686558891725
242,242,5,recov,0.06153380035417317,2.7881686558891725,220.0,2.7881686558891725
243,243,3,recov,0.06153380035417317,2.7881686558891725,220.0,2.7881686558891725
244,244,4,recov,0.06153380035417317,2.7881686558891725,220.0,2.7881686558891725
245,245,5,recov,0.06153380035417317,2.7881686558891725,220.0,2.7881686558891725
246,246,3,recov,0.06153380035417317,2.7881686558891725,220.0,2.7881686558891725
247,247,4,recov,0.06153380035417317,2.7881686558891725,220.0,2.7881686558891725
248,248,5,recov,0.06153380035417317,2.7881686558891725,220.0,2.7881686558891725
249,249,3,recov,0.06153380035417317,2.7881686558891725,220.0,2.7881686558891725
250,250,4,recov,0.06153380035417317,2.7881686558891725,220.0,2.7881686558891725
251,251,5,recov,0.06153380035417317,2.7881686558891725,220.0,2.7881686558891725
252,252,3,recov,0.06153380035417317,2.7881686558891725,220.0,2.7881686558891725
253,253,4,recov,0.06153380035417317,2.7881686558891725,220.0,2.7881686558891725
254,254,5,recov,0.06153380035417317,2.7881686558891725,220.0,2.7881686558891725
255,255,3,recov,0.06153380035417317,2.7881686558891725,220.0,2.7881686558891725
256,256,4,recov,0.06153380035417317,2.7881686558891725,220.0,2.7881686558891725
257,257,5,recov,0.06153380035417317,2.7881686558891725,220.0,2.7881686558891725
258,258,3,recov,0.06153380035417317,2.7881686558891725,220.0,2.7881686558891725
259,259,4,recov,0.06153380035417317,2.7881686558891725,220.0,2.7881686558891725
260,260,5,recov,0.06153380035417317,2.7881686558891725,220.0,2.7881686558891725
261,261,3,recov,0.06153380035417317,2.7881686558891725,220.0,2.7881686558891725
262,262,4,recov,0.06153380035417317,2.7881686558891725,220.0,2.7881686558891725
263,263,5,recov,0.06153380035417317,2.7881686558891725,220.0,2.7881686558891725
264,264,3,recov,0.06153380035417317,2.7881686558891725,220.0,2.7881686558891725
265,265,4,recov,0.06153380035417317,2.7881686558891725,220.0,2.7881686558891725
266,266,5,recov,0.06153380035417317,2.7881686558891725,220.0,2.7881686558891725
267,267,3,recov,0.06153380035417317,2.7881686558891725,220.0,2.7881686558891725
268,268,4,recov,0.06153380035417317,2.7881686558891725,220.0,2.7881686558891725
269,269,5,recov,0.06153380035417317,2.7881686558891725,220.0,2.7881686558891725
270,270,3,recov,0.06153380035417317,2.7881686558891725,220.0,2.7881686558891725
271,271,4,recov,0.06153380035417317,2.7881686558891725,220.0,2.7881686558891725
272,272,5,recov,0.06153380035417317,2.7881686558891725,220.0,2.7881686558891725
273,273,3,recov,0.06153380035417317,2.7881686558891725,220.0,2.7881686558891725
274,274,4,recov,0.06153380035417317,2.7881686558891725,220.0,2.7881686558891725
275,275,5,recov,0.06153380035417317,2.7881686558891725,220.0,2.7881686558891725
276,276,3,recov,0.06153380035417317,2.7881686558891725,220.0,2.7881686558891725
277,277,4,recov,0.06153380035417317,2.7881686558891725,220.0,2.7881686558891725
278,278,5,recov,0.06153380035417317,2.7881686558891725,220.0,2.7881686558891725
279,279,3,recov,0.06153380035417317,2.7881686558891725,220.0,2.7881686558891725
280,280,4,recov,0.06153380035417317,2.7881686558891725,220.0,2.7881686558891725
281,281,5,recov,0.06153380035417317,2.7881686558891725,220.0,2.7881686558891725
282,282,3,recov,0.06153380035417317,2.7881686558891725,220.0,2.7881686558891725
283,283,4,recov,0.06153380035417317,2.7881686558891725,220.0,2.7881686558891725
284,284,5,recov,0.06153380035417317,2.7881686558891725,220.0,2.7881686558891725
285,285,0,fam_r,0.061533723437018795,2.7881699058883926,220.0,2.7881686558891725
286,286,1,fam_r,0.061533723437018795,2.7881699058883926,220.0,2.7881686558891725
287,287,2,fam_r,0.061533723437018795,2.7881699058883926,220.0,2.7881686558891725
288,288,0,fam_r,0.06153380035417309,2.788168655889174,220.0,2.7881686558891725
289,289,1,fam_r,0.06153380035417309,2.788168655889174,220.0,2.7881686558891725
290,290,2,fam_r,0.06153380035417309,2.788168655889174,220.0,2.7881686558891725
291,291,0,fam_r,0.06153380035417317,2.7881686558891725,220.0,2.7881686558891725
292,292,1,fam_r,0.06153380035417317,2.7881686558891725,220.0,2.7881686558891725
293,293,2,fam_r,0.06153380035417317,2.7881686558891725,220.0,2.7881686558891725
294,294,0,fam_r,0.06153380035417317,2.7881686558891725,220.0,2.7881686558891725
295,295,1,fam_r,0.06153380035417317,2.7881686558891725,220.0,2.7881686558891725
296,296,2,fam_r,0.06153380035417317,2.7881686558891725,220.0,2.7881686558891725
297,297,0,fam_r,0.06153380035417317,2.7881686558891725,220.0,2.7881686558891725
298,298,1,fam_r,0.06153380035417317,2.7881686558891725,220.0,2.7881686558891725
299,299,2,fam_r,0.06153380035417317,2.7881686558891725,220.0,2.7881686558891725
0,0,0,fam,0.06666666666666667,2.70805020110221,293.33333333333337,2.7881686558891725
1,1,1,fam,0.06153846153846154,2.7880929087757464,293.33333333333337,2.7881686558891725
2,2,2,fam,0.061533728174755796,2.788169828894241,293.33333333333337,2.7881686558891725
3,3,0,fam,0.06153380035891083,2.78816865581218,293.33333333333337,2.7881686558891725
4,4,1,fam,0.061533800354177826,2.788168655889097,293.33333333333337,2.7881686558891725
5,5,2,fam,0.06153380035417309,2.788168655889174,293.33333333333337,2.7881686558891725
6,6,0,fam,0.06153380035417317,2.7881686558891725,293.33333333333337,2.7881686558891725
7,7,1,fam,0.06153380035417317,2.7881686558891725,293.33333333333337,2.7881686558891725
8,8,2,fam,0.06153380035417317,2.7881686558891725,293.33333333333337,2.7881686558891725
9,9,0,fam,0.06153380035417317,2.7881686558891725,293.33333333333337,2.7881686558891725
10,10,1,fam,0.06153380035417317,2.7881686558891725,293.33333333333337,2.7881686558891725
11,11,2,fam,0.06153380035417317,2.7881686558891725,293.33333333333337,2.7881686558891725
12,12,0,fam,0.06153380035417317,2.7881686558891725,293.33333333333337,2.7881686558891725
13,13,1,fam,0.06153380035417317,2.7881686558891725,293.33333333333337,2.7881686558891725
14,14,2,fam,0.06153380035417317,2.7881686558891725,293.33333333333337,2.7881686558891725
15,15,0,fam,0.06153380035417317,2.7881686558891725,293.33333333333337,2.7881686558891725
16,16,1,fam,0.06153380035417317,2.7881686558891725,293.33333333333337,2.7881686558891725
17,17,2,fam,0.06153380035417317,2.7881686558891725,293.33333333333337,2.7881686558891725
18,18,0,fam,0.06153380035417317,2.7881686558891725,293.33333333333337,2.7881686558891725
19,19,1,fam,0.06153380035417317,2.7881686558891725,293.33333333333337,2.7881686558891725
20,20,2,fam,0.06153380035417317,2.7881686558891725,293.33333333333337,2.7881686558891725
21,21,0,fam,0.06153380035417317,2.7881686558891725,293.33333333333337,2.7881686558891725
22,22,1,fam,0.06153380035417317,2.7881686558891725,293.33333333333337,2.7881686558891725
23,23,2,fam,0.06153380035417317,2.7881686558891725,293.33333333333337,2.7881686558891725
24,24,0,fam,0.06153380035417317,2.7881686558891725,293.33333333333337,2.7881686558891725
25,25,1,fam,0.06153380035417317,2.7881686558891725,293.33333333333337,2.7881686558891725
26,26,2,fam,0.06153380035417317,2.7881686558891725,293.33333333333337,2.7881686558891725
27,27,0,fam,0.06153380035417317,2.7881686558891725,293.33333333333337,2.7881686558891725
28,28,1,fam,0.06153380035417317,2.7881686558891725,293.33333333333337,2.7881686558891725
29,29,2,fam,0.06153380035417317,2.7881686558891725,293.33333333333337,2.7881686558891725
30,30,0,fam,0.06153380035417317,2.7881686558891725,293.33333333333337,2.7881686558891725
31,31,1,fam,0.06153380035417317,2.7881686558891725,293.33333333333337,2.7881686558891725
32,32,2,fam,0.06153380035417317,2.7881686558891725,293.33333333333337,2.7881686558891725
33,33,0,fam,0.06153380035417317,2.7881686558891725,293.33333333333337,2.7881686558891725
34,34,1,fam,0.06153380035417317,2.7881686558891725,293.33333333333337,2.7881686558891725
35,35,2,fam,0.06153380035417317,2.7881686558891725,293.33333333333337,2.7881686558891725
36,36,0,fam,0.06153380035417317,2.7881686558891725,293.33333333333337,2.7881686558891725
37,37,1,fam,0.06153380035417317,2.7881686558891725,293.33333333333337,2.7881686558891725
38,38,2,fam,0.06153380035417317,2.7881686558891725,293.33333333333337,2.7881686558891725
39,39,0,fam,0.06153380035417317,2.7881686558891725,293.33333333333337,2.7881686558891725
40,40,1,fam,0.06153380035417317,2.7881686558891725,293.33333333333337,2.7881686558891725
41,41,2,fam,0.06153380035417317,2.7881686558891725,293.33333333333337,2.7881686558891725
42,42,0,fam,0.06153380035417317,2.7881686558891725,293.33333333333337,2.7881686558891725
43,43,1,fam,0.06153380035417317,2.7881686558891725,293.33333333333337,2.7881686558891725
44,44,2,fam,0.06153380035417317,2.7881686558891725,293.33333333333337,2.7881686558891725
45,45,0,fam,0.06153380035417317,2.7881686558891725,293.33333333333337,2.7881686558891725
46,46,1,fam,0.06153380035417317,2.7881686558891725,293.33333333333337,2.7881686558891725
47,47,2,fam,0.06153380035417317,2.7881686558891725,293.33333333333337,2.7881686558891725
48,48,0,fam,0.06153380035417317,2.7881686558891725,293.33333333333337,2.7881686558891725
49,49,1,fam,0.06153380035417317,2.7881686558891725,293.33333333333337,2.7881686558891725
50,50,2,fam,0.06153380035417317,2.7881686558891725,293.33333333333337,2.7881686558891725
51,51,0,fam,0.06153380035417317,2.7881686558891725,293.33333333333337,2.7881686558891725
52,52,1,fam,0.06153380035417317,2.7881686558891725,293.33333333333337,2.7881686558891725
53,53,2,fam,0.06153380035417317,2.7881686558891725,293.33333333333337,2.7881686558891725
54,54,0,fam,0.06153380035417317,2.7881686558891725,293.33333333333337,2.7881686558891725
55,55,1,fam,0.06153380035417317,2.7881686558891725,293.33333333333337,2.7881686558891725
56,56,2,fam,0.06153380035417317,2.7881686558891725,293.33333333333337,2.7881686558891725
57,57,0,fam,0.06153380035417317,2.7881686558891725,293.33333333333337,2.7881686558891725
58,58,1,fam,0.06153380035417317,2.7881686558891725,293.33333333333337,2.7881686558891725
59,59,2,fam,0.06153380035417317,2.7881686558891725,293.33333333333337,2.7881686558891725
60,60,0,fam,0.06153380035417317,2.7881686558891725,293.33333333333337,2.7881686558891725
61,61,1,fam,0.06153380035417317,2.7881686558891725,293.33333333333337,2.7881686558891725
62,62,2,fam,0.06153380035417317,2.7881686558891725,293.33333333333337,2.7881686558891725
63,63,0,fam,0.06153380035417317,2.7881686558891725,293.33333333333337,2.7881686558891725
64,64,1,fam,0.06153380035417317,2.7881686558891725,293.33333333333337,2.7881686558891725
65,65,2,fam,0.06153380035417317,2.7881686558891725,293.33333333333337,2.7881686558891725
66,66,3,recov,0.061533723437018795,2.7881699058883926,293.33333333333337,2.7881686558891725
67,67,4,recov,0.061533723437018795,2.7881699058883926,293.33333333333337,2.7881686558891725
68,68,5,recov,0.061533723437018795,2.7881699058883926,293.33333333333337,2.7881686558891725
69,69,3,recov,0.06153380035417309,2.788168655889174,293.33333333333337,2.7881686558891725
70,70,4,recov,0.06153380035417309,2.788168655889174,293.33333333333337,2.7881686558891725
71,71,5,recov,0.06153380035417309,2.788168655889174,293.33333333333337,2.7881686558891725
72,72,3,recov,0.06153380035417317,2.7881686558891725,293.33333333333337,2.7881686558891725
73,73,4,recov,0.06153380035417317,2.7881686558891725,293.33333333333337,2.7881686558891725
74,74,5,recov,0.06153380035417317,2.7881686558891725,293.33333333333337,2.7881686558891725
75,75,3,recov,0.06153380035417317,2.7881686558891725,293.33333333333337,2.7881686558891725
76,76,4,recov,0.06153380035417317,2.7881686558891725,293.33333333333337,2.7881686558891725
77,77,5,recov,0.06153380035417317,2.7881686558891725,293.33333333333337,2.7881686558891725
78,78,3,recov,0.06153380035417317,2.7881686558891725,293.33333333333337,2.7881686558891725
79,79,4,recov,0.06153380035417317,2.7881686558891725,293.33333333333337,2.7881686558891725
80,80,5,recov,0.06153380035417317,2.7881686558891725,293.33333333333337,2.7881686558891725
81,81,3,recov,0.06153380035417317,2.7881686558891725,293.33333333333337,2.7881686558891725
82,82,4,recov,0.06153380035417317,2.7881686558891725,293.33333333333337,2.7881686558891725
83,83,5,recov,0.06153380035417317,2.7881686558891725,293.33333333333337,2.7881686558891725
84,84,3,recov,0.06153380035417317,2.7881686558891725,293.33333333333337,2.7881686558891725
85,85,4,recov,0.06153380035417317,2.7881686558891725,293.33333333333337,2.7881686558891725
86,86,5,recov,0.06153380035417317,2.7881686558891725,293.33333333333337,2.7881686558891725
87,87,3,recov,0.06153380035417317,2.7881686558891725,293.33333333333337,2.7881686558891725
88,88,4,recov,0.06153380035417317,2.7881686558891725,293.33333333333337,2.7881686558891725
89,89,5,recov,0.06153380035417317,2.7881686558891725,293.33333333333337,2.7881686558891725
90,90,3,recov,0.06153380035417317,2.7881686558891725,293.33333333333337,2.7881686558891725
91,91,4,recov,0.06153380035417317,2.7881686558891725,293.33333333333337,2.7881686558891725
92,92,5,recov,0.06153380035417317,2.7881686558891725,293.33333333333337,2.7881686558891725
93,93,3,recov,0.06153380035417317,2.7881686558891725,293.33333333333337,2.7881686558891725
94,94,4,recov,0.06153380035417317,2.7881686558891725,293.33333333333337,2.7881686558891725
95,95,5,recov,0.06153380035417317,2.7881686558891725,293.33333333333337,2.7881686558891725
96,96,3,recov,0.06153380035417317,2.7881686558891725,293.33333333333337,2.7881686558891725
97,97,4,recov,0.06153380035417317,2.7881686558891725,293.33333333333337,2.7881686558891725
98,98,5,recov,0.06153380035417317,2.7881686558891725,293.33333333333337,2.7881686558891725
99,99,3,recov,0.06153380035417317,2.7881686558891725,293.33333333333337,2.7881686558891725
100,100,4,recov,0.06153380035417317,2.7881686558891725,293.33333333333337,2.7881686558891725
101,101,5,recov,0.06153380035417317,2.7881686558891725,293.33333333333337,2.7881686558891725
102,102,3,recov,0.06153380035417317,2.7881686558891725,293.33333333333337,2.7881686558891725
103,103,4,recov,0.06153380035417317,2.7881686558891725,293.33333333333337,2.7881686558891725
104,104,5,recov,0.06153380035417317,2.7881686558891725,293.33333333333337,2.7881686558891725
105,105,3,recov,0.06153380035417317,2.7881686558891725,293.33333333333337,2.7881686558891725
106,106,4,recov,0.06153380035417317,2.7881686558891725,293.33333333333337,2.7881686558891725
107,107,5,recov,0.06153380035417317,2.7881686558891725,293.33333333333337,2.7881686558891725
108,108,3,recov,0.06153380035417317,2.7881686558891725,293.33333333333337,2.7881686558891725
109,109,4,recov,0.06153380035417317,2.7881686558891725,293.33333333333337,2.7881686558891725
110,110,5,recov,0.06153380035417317,2.7881686558891725,293.33333333333337,2.7881686558891725
111,111,3,recov,0.06153380035417317,2.7881686558891725,293.33333333333337,2.7881686558891725
112,112,4,recov,0.06153380035417317,2.7881686558891725,293.33333333333337,2.7881686558891725
113,113,5,recov,0.06153380035417317,2.7881686558891725,293.33333333333337,2.7881686558891725
114,114,3,recov,0.06153380035417317,2.7881686558891725,293.33333333333337,2.7881686558891725
115,115,4,recov,0.06153380035417317,2.7881686558891725,293.33333333333337,2.7881686558891725
116,116,5,recov,0.06153380035417317,2.7881686558891725,293.33333333333337,2.7881686558891725
117,117,3,recov,0.06153380035417317,2.7881686558891725,293.33333333333337,2.7881686558891725
118,118,4,recov,0.06153380035417317,2.7881686558891725,293.33333333333337,2.7881686558891725
119,119,5,recov,0.06153380035417317,2.7881686558891725,293.33333333333337,2.7881686558891725
120,120,3,recov,0.06153380035417317,2.7881686558891725,293.33333333333337,2.7881686558891725
121,121,4,recov,0.06153380035417317,2.7881686558891725,293.33333333333337,2.7881686558891725
122,122,5,recov,0.06153380035417317,2.7881686558891725,293.33333333333337,2.7881686558891725
123,123,3,recov,0.06153380035417317,2.7881686558891725,293.33333333333337,2.7881686558891725
124,124,4,recov,0.06153380035417317,2.7881686558891725,293.33333333333337,2.7881686558891725
125,125,5,recov,0.06153380035417317,2.7881686558891725,293.33333333333337,2.7881686558891725
126,126,3,recov,0.06153380035417317,2.7881686558891725,293.33333333333337,2.7881686558891725
127,127,4,recov,0.06153380035417317,2.7881686558891725,293.33333333333337,2.7881686558891725
128,128,5,recov,0.06153380035417317,2.7881686558891725,293.33333333333337,2.7881686558891725
129,129,3,recov,0.06153380035417317,2.7881686558891725,293.33333333333337,2.7881686558891725
130,130,4,recov,0.06153380035417317,2.7881686558891725,293.33333333333337,2.7881686558891725
131,131,5,recov,0.06153380035417317,2.7881686558891725,293.33333333333337,2.7881686558891725
132,132,3,recov,0.06153380035417317,2.7881686558891725,293.33333333333337,2.7881686558891725
133,133,4,recov,0.06153380035417317,2.7881686558891725,293.33333333333337,2.7881686558891725
134,134,5,recov,0.06153380035417317,2.7881686558891725,293.33333333333337,2.7881686558891725
135,135,3,recov,0.06153380035417317,2.7881686558891725,293.33333333333337,2.7881686558891725
136,136,4,recov,0.06153380035417317,2.7881686558891725,293.33333333333337,2.7881686558891725
137,137,5,recov,0.06153380035417317,2.7881686558891725,293.33333333333337,2.7881686558891725
138,138,3,recov,0.06153380035417317,2.7881686558891725,293.33333333333337,2.7881686558891725
139,139,4,recov,0.06153380035417317,2.7881686558891725,293.33333333333337,2.7881686558891725
140,140,5,recov,0.06153380035417317,2.7881686558891725,293.33333333333337,2.7881686558891725
141,141,3,recov,0.06153380035417317,2.7881686558891725,293.33333333333337,2.7881686558891725
142,142,4,recov,0.06153380035417317,2.7881686558891725,293.33333333333337,2.7881686558891725
143,143,5,recov,0.06153380035417317,2.7881686558891725,293.33333333333337,2.7881686558891725
144,144,3,recov,0.06153380035417317,2.7881686558891725,293.33333333333337,2.7881686558891725
145,145,4,recov,0.06153380035417317,2.7881686558891725,293.33333333333337,2.7881686558891725
146,146,5,recov,0.06153380035417317,2.7881686558891725,293.33333333333337,2.7881686558891725
147,147,3,recov,0.06153380035417317,2.7881686558891725,293.33333333333337,2.7881686558891725
148,148,4,recov,0.06153380035417317,2.7881686558891725,293.33333333333337,2.7881686558891725
149,149,5,recov,0.06153380035417317,2.7881686558891725,293.33333333333337,2.7881686558891725
150,150,3,recov,0.06153380035417317,2.7881686558891725,293.33333333333337,2.7881686558891725
151,151,4,recov,0.06153380035417317,2.7881686558891725,293.33333333333337,2.7881686558891725
152,152,5,recov,0.06153380035417317,2.7881686558891725,293.33333333333337,2.7881686558891725
153,153,3,recov,0.06153380035417317,2.7881686558891725,293.33333333333337,2.7881686558891725
154,154,4,recov,0.06153380035417317,2.7881686558891725,293.33333333333337,2.7881686558891725
155,155,5,recov,0.06153380035417317,2.7881686558891725,293.33333333333337,2.7881686558891725
156,156,3,recov,0.06153380035417317,2.7881686558891725,293.33333333333337,2.7881686558891725
157,157,4,recov,0.06153380035417317,2.7881686558891725,293.33333333333337,2.7881686558891725
158,158,5,recov,0.06153380035417317,2.7881686558891725,293.33333333333337,2.7881686558891725
159,159,3,recov,0.06153380035417317,2.7881686558891725,293.33333333333337,2.7881686558891725
160,160,4,recov,0.06153380035417317,2.7881686558891725,293.33333333333337,2.7881686558891725
161,161,5,recov,0.06153380035417317,2.7881686558891725,293.33333333333337,2.7881686558891725
162,162,3,recov,0.06153380035417317,2.7881686558891725,293.33333333333337,2.7881686558891725
163,163,4,recov,0.06153380035417317,2.7881686558891725,293.33333333333337,2.7881686558891725
164,164,5,recov,0.06153380035417317,2.7881686558891725,293.33333333333337,2.7881686558891725
165,165,3,recov,0.06153380035417317,2.7881686558891725,293.33333333333337,2.7881686558891725
166,166,4,recov,0.06153380035417317,2.7881686558891725,293.33333333333337,2.7881686558891725
167,167,5,recov,0.06153380035417317,2.7881686558891725,293.33333333333337,2.7881686558891725
168,168,3,recov,0.06153380035417317,2.7881686558891725,293.33333333333337,2.7881686558891725
169,169,4,recov,0.06153380035417317,2.7881686558891725,293.33333333333337,2.7881686558891725
170,170,5,recov,0.06153380035417317,2.7881686558891725,293.33333333333337,2.7881686558891725
171,171,3,recov,0.06153380035417317,2.7881686558891725,293.33333333333337,2.7881686558891725
172,172,4,recov,0.06153380035417317,2.7881686558891725,293.33333333333337,2.7881686558891725
173,173,5,recov,0.06153380035417317,2.7881686558891725,293.33333333333337,2.7881686558891725
174,174,3,recov,0.06153380035417317,2.7881686558891725,293.33333333333337,2.7881686558891725
175,175,4,recov,0.06153380035417317,2.7881686558891725,293.33333333333337,2.7881686558891725
176,176,5,recov,0.06153380035417317,2.7881686558891725,293.33333333333337,2.7881686558891725
177,177,3,recov,0.06153380035417317,2.7881686558891725,293.33333333333337,2.7881686558891725
178,178,4,recov,0.06153380035417317,2.7881686558891725,293.33333333333337,2.7881686558891725
179,179,5,recov,0.06153380035417317,2.7881686558891725,293.33333333333337,2.7881686558891725
180,180,3,recov,0.06153380035417317,2.7881686558891725,293.33333333333337,2.7881686558891725
181,181,4,recov,0.06153380035417317,2.7881686558891725,293.33333333333337,2.7881686558891725
182,182,5,recov,0.06153380035417317,2.7881686558891725,293.33333333333337,2.7881686558891725
183,183,3,recov,0.06153380035417317,2.7881686558891725,293.33333333333337,2.7881686558891725
184,184,4,recov,0.06153380035417317,2.7881686558891725,293.33333333333337,2.7881686558891725
185,185,5,recov,0.06153380035417317,2.7881686558891725,293.33333333333337,2.7881686558891725
186,186,3,recov,0.06153380035417317,2.7881686558891725,293.33333333333337,2.7881686558891725
187,187,4,recov,0.06153380035417317,2.7881686558891725,293.33333333333337,2.7881686558891725
188,188,5,recov,0.06153380035417317,2.7881686558891725,293.33333333333337,2.7881686558891725
189,189,3,recov,0.06153380035417317,2.7881686558891725,293.33333333333337,2.7881686558891725
190,190,4,recov,0.06153380035417317,2.7881686558891725,293.33333333333337,2.7881686558891725
191,191,5,recov,0.06153380035417317,2.7881686558891725,293.33333333333337,2.7881686558891725
192,192,3,recov,0.06153380035417317,2.7881686558891725,293.33333333333337,2.7881686558891725
193,193,4,recov,0.06153380035417317,2.7881686558891725,293.33333333333337,2.7881686558891725
194,194,5,recov,0.06153380035417317,2.7881686558891725,293.33333333333337,2.7881686558891725
195,195,3,recov,0.06153380035417317,2.7881686558891725,293.33333333333337,2.7881686558891725
196,196,4,recov,0.06153380035417317,2.7881686558891725,293.33333333333337,2.7881686558891725
197,197,5,recov,0.06153380035417317,2.7881686558891725,293.33333333333337,2.7881686558891725
198,198,3,recov,0.06153380035417317,2.7881686558891725,293.33333333333337,2.7881686558891725
199,199,4,recov,0.06153380035417317,2.7881686558891725,293.33333333333337,2.7881686558891725
200,200,5,recov,0.06153380035417317,2.7881686558891725,293.33333333333337,2.7881686558891725
201,201,3,recov,0.06153380035417317,2.7881686558891725,293.33333333333337,2.7881686558891725
202,202,4,recov,0.06153380035417317,2.7881686558891725,293.33333333333337,2.7881686558891725
203,203,5,recov,0.06153380035417317,2.7881686558891725,293.33333333333337,2.7881686558891725
204,204,3,recov,0.06153380035417317,2.7881686558891725,293.33333333333337,2.7881686558891725
205,205,4,recov,0.06153380035417317,2.7881686558891725,293.33333333333337,2.7881686558891725
206,206,5,recov,0.06153380035417317,2.7881686558891725,293.33333333333337,2.7881686558891725
207,207,3,recov,0.06153380035417317,2.7881686558891725,293.33333333333337,2.7881686558891725
208,208,4,recov,0.06153380035417317,2.7881686558891725,293.33333333333337,2.7881686558891725
209,209,5,recov,0.06153380035417317,2.7881686558891725,293.33333333333337,2.7881686558891725
210,210,3,recov,0.06153380035417317,2.7881686558891725,293.33333333333337,2.7881686558891725
211,211,4,recov,0.06153380035417317,2.7881686558891725,293.33333333333337,2.7881686558891725
212,212,5,recov,0.06153380035417317,2.7881686558891725,293.33333333333337,2.7881686558891725
213,213,3,recov,0.06153380035417317,2.7881686558891725,293.33333333333337,2.7881686558891725
214,214,4,recov,0.06153380035417317,2.7881686558891725,293.33333333333337,2.7881686558891725
215,215,5,recov,0.06153380035417317,2.7881686558891725,293.33333333333337,2.7881686558891725
216,216,3,recov,0.06153380035417317,2.7881686558891725,293.33333333333337,2.7881686558891725
217,217,4,recov,0.06153380035417317,2.7881686558891725,293.33333333333337,2.7881686558891725
218,218,5,recov,0.06153380035417317,2.7881686558891725,293.33333333333337,2.7881686558891725
219,219,3,recov,0.06153380035417317,2.7881686558891725,293.33333333333337,2.7881686558891725
220,220,4,recov,0.06153380035417317,2.7881686558891725,293.33333333333337,2.7881686558891725
221,221,5,recov,0.06153380035417317,2.7881686558891725,293.33333333333337,2.7881686558891725
222,222,3,recov,0.06153380035417317,2.7881686558891725,293.33333333333337,2.7881686558891725
223,223,4,recov,0.06153380035417317,2.7881686558891725,293.33333333333337,2.7881686558891725
224,224,5,recov,0.06153380035417317,2.7881686558891725,293.33333333333337,2.7881686558891725
225,225,3,recov,0.06153380035417317,2.7881686558891725,293.33333333333337,2.7881686558891725
226,226,4,recov,0.06153380035417317,2.7881686558891725,293.33333333333337,2.7881686558891725
227,227,5,recov,0.06153380035417317,2.7881686558891725,293.33333333333337,2.7881686558891725
228,228,3,recov,0.06153380035417317,2.7881686558891725,293.33333333333337,2.7881686558891725
229,229,4,recov,0.06153380035417317,2.7881686558891725,293.33333333333337,2.7881686558891725
230,230,5,recov,0.06153380035417317,2.7881686558891725,293.33333333333337,2.7881686558891725
231,231,3,recov,0.06153380035417317,2.7881686558891725,293.33333333333337,2.7881686558891725
232,232,4,recov,0.06153380035417317,2.7881686558891725,293.33333333333337,2.7881686558891725
233,233,5,recov,0.06153380035417317,2.7881686558891725,293.33333333333337,2.7881686558891725
234,234,3,recov,0.06153380035417317,2.7881686558891725,293.33333333333337,2.7881686558891725
235,235,4,recov,0.06153380035417317,2.7881686558891725,293.33333333333337,2.7881686558891725
236,236,5,recov,0.06153380035417317,2.7881686558891725,293.33333333333337,2.7881686558891725
237,237,3,recov,0.06153380035417317,2.7881686558891725,293.33333333333337,2.7881686558891725
238,238,4,recov,0.06153380035417317,2.7881686558891725,293.33333333333337,2.7881686558891725
239,239,5,recov,0.06153380035417317,2.7881686558891725,293.33333333333337,2.7881686558891725
240,240,3,recov,0.06153380035417317,2.7881686558891725,293.33333333333337,2.7881686558891725
241,241,4,recov,0.06153380035417317,2.7881686558891725,293.33333333333337,2.7881686558891725
242,242,5,recov,0.06153380035417317,2.7881686558891725,293.33333333333337,2.7881686558891725
243,243,3,recov,0.06153380035417317,2.7881686558891725,293.33333333333337,2.7881686558891725
244,244,4,recov,0.06153380035417317,2.7881686558891725,293.33333333333337,2.7881686558891725
245,245,5,recov,0.06153380035417317,2.7881686558891725,293.33333333333337,2.7881686558891725
246,246,3,recov,0.06153380035417317,2.7881686558891725,293.33333333333337,2.7881686558891725
247,247,4,recov,0.06153380035417317,2.7881686558891725,293.33333333333337,2.7881686558891725
248,248,5,recov,0.06153380035417317,2.7881686558891725,293.33333333333337,2.7881686558891725
249,249,3,recov,0.06153380035417317,2.7881686558891725,293.33333333333337,2.7881686558891725
250,250,4,recov,0.06153380035417317,2.7881686558891725,293.33333333333337,2.7881686558891725
251,251,5,recov,0.06153380035417317,2.7881686558891725,293.33333333333337,2.7881686558891725
252,252,3,recov,0.06153380035417317,2.7881686558891725,293.33333333333337,2.7881686558891725
253,253,4,recov,0.06153380035417317,2.7881686558891725,293.33333333333337,2.7881686558891725
254,254,5,recov,0.06153380035417317,2.7881686558891725,293.33333333333337,2.7881686558891725
255,255,3,recov,0.06153380035417317,2.7881686558891725,293.33333333333337,2.7881686558891725
256,256,4,recov,0.06153380035417317,2.7881686558891725,293.33333333333337,2.7881686558891725
257,257,5,recov,0.06153380035417317,2.7881686558891725,293.33333333333337,2.7881686558891725
258,258,3,recov,0.06153380035417317,2.7881686558891725,293.33333333333337,2.7881686558891725
259,259,4,recov,0.06153380035417317,2.7881686558891725,293.33333333333337,2.7881686558891725
260,260,5,recov,0.06153380035417317,2.7881686558891725,293.33333333333337,2.7881686558891725
261,261,3,recov,0.06153380035417317,2.7881686558891725,293.33333333333337,2.7881686558891725
262,262,4,recov,0.06153380035417317,2.7881686558891725,293.33333333333337,2.7881686558891725
263,263,5,recov,0.06153380035417317,2.7881686558891725,293.33333333333337,2.7881686558891725
264,264,3,recov,0.06153380035417317,2.7881686558891725,293.33333333333337,2.7881686558891725
265,265,4,recov,0.06153380035417317,2.7881686558891725,293.33333333333337,2.7881686558891725
266,266,5,recov,0.06153380035417317,2.7881686558891725,293.33333333333337,2.7881686558891725
267,267,3,recov,0.06153380035417317,2.7881686558891725,293.33333333333337,2.7881686558891725
268,268,4,recov,0.06153380035417317,2.7881686558891725,293.33333333333337,2.7881686558891725
269,269,5,recov,0.06153380035417317,2.7881686558891725,293.33333333333337,2.7881686558891725
270,270,3,recov,0.06153380035417317,2.7881686558891725,293.33333333333337,2.7881686558891725
271,271,4,recov,0.06153380035417317,2.7881686558891725,293.33333333333337,2.7881686558891725
272,272,5,recov,0.06153380035417317,2.7881686558891725,293.33333333333337,2.7881686558891725
273,273,3,recov,0.06153380035417317,2.7881686558891725,293.33333333333337,2.7881686558891725
274,274,4,recov,0.06153380035417317,2.7881686558891725,293.33333333333337,2.7881686558891725
275,275,5,recov,0.06153380035417317,2.7881686558891725,293.33333333333337,2.7881686558891725
276,276,3,recov,0.06153380035417317,2.7881686558891725,293.33333333333337,2.7881686558891725
277,277,4,recov,0.06153380035417317,2.7881686558891725,293.33333333333337,2.7881686558891725
278,278,5,recov,0.06153380035417317,2.7881686558891725,293.33333333333337,2.7881686558891725
279,279,3,recov,0.06153380035417317,2.7881686558891725,293.33333333333337,2.7881686558891725
280,280,4,recov,0.06153380035417317,2.7881686558891725,293.33333333333337,2.7881686558891725
281,281,5,recov,0.06153380035417317,2.7881686558891725,293.33333333333337,2.7881686558891725
282,282,3,recov,0.06153380035417317,2.7881686558891725,293.33333333333337,2.7881686558891725
283,283,4,recov,0.06153380035417317,2.7881686558891725,293.33333333333337,2.7881686558891725
284,284,5,recov,0.06153380035417317,2.7881686558891725,293.33333333333337,2.7881686558891725
285,285,3,recov,0.06153380035417317,2.7881686558891725,293.33333333333337,2.7881686558891725
286,286,4,recov,0.06153380035417317,2.7881686558891725,293.33333333333337,2.7881686558891725
287,287,5,recov,0.06153380035417317,2.7881686558891725,293.33333333333337,2.7881686558891725
288,288,3,recov,0.06153380035417317,2.7881686558891725,293.33333333333337,2.7881686558891725
289,289,4,recov,0.06153380035417317,2.7881686558891725,293.33333333333337,2.7881686558891725
290,290,5,recov,0.06153380035417317,2.7881686558891725,293.33333333333337,2.7881686558891725
291,291,3,recov,0.06153380035417317,2.7881686558891725,293.33333333333337,2.7881686558891725
292,292,4,recov,0.06153380035417317,2.7881686558891725,293.33333333333337,2.7881686558891725
293,293,5,recov,0.06153380035417317,2.7881686558891725,293.33333333333337,2.7881686558891725
294,294,3,recov,0.06153380035417317,2.7881686558891725,293.33333333333337,2.7881686558891725
295,295,4,recov,0.06153380035417317,2.7881686558891725,293.33333333333337,2.7881686558891725
296,296,5,recov,0.06153380035417317,2.7881686558891725,293.33333333333337,2.7881686558891725
297,297,3,recov,0.06153380035417317,2.7881686558891725,293.33333333333337,2.7881686558891725
298,298,4,recov,0.06153380035417317,2.7881686558891725,293.33333333333337,2.7881686558891725
299,299,5,recov,0.06153380035417317,2.7881686558891725,293.33333333333337,2.7881686558891725
300,300,3,recov,0.06153380035417317,2.7881686558891725,293.33333333333337,2.7881686558891725
301,301,4,recov,0.06153380035417317,2.7881686558891725,293.33333333333337,2.7881686558891725
302,302,5,recov,0.06153380035417317,2.7881686558891725,293.33333333333337,2.7881686558891725
303,303,3,recov,0.06153380035417317,2.7881686558891725,293.33333333333337,2.7881686558891725
304,304,4,recov,0.06153380035417317,2.7881686558891725,293.33333333333337,2.7881686558891725
305,305,5,recov,0.06153380035417317,2.7881686558891725,293.33333333333337,2.7881686558891725
306,306,3,recov,0.06153380035417317,2.7881686558891725,293.33333333333337,2.7881686558891725
307,307,4,recov,0.06153380035417317,2.7881686558891725,293.33333333333337,2.7881686558891725
308,308,5,recov,0.06153380035417317,2.7881686558891725,293.33333333333337,2.7881686558891725
309,309,3,recov,0.06153380035417317,2.7881686558891725,293.33333333333337,2.7881686558891725
310,310,4,recov,0.06153380035417317,2.7881686558891725,293.33333333333337,2.7881686558891725
311,311,5,recov,0.06153380035417317,2.7881686558891725,293.33333333333337,2.7881686558891725
312,312,3,recov,0.06153380035417317,2.7881686558891725,293.33333333333337,2.7881686558891725
313,313,4,recov,0.06153380035417317,2.7881686558891725,293.33333333333337,2.7881686558891725
314,314,5,recov,0.06153380035417317,2.7881686558891725,293.33333333333337,2.7881686558891725
315,315,3,recov,0.06153380035417317,2.7881686558891725,293.33333333333337,2.7881686558891725
316,316,4,recov,0.06153380035417317,2.7881686558891725,293.33333333333337,2.7881686558891725
317,317,5,recov,0.06153380035417317,2.7881686558891725,293.33333333333337,2.7881686558891725
318,318,3,recov,0.06153380035417317,2.7881686558891725,293.33333333333337,2.7881686558891725
319,319,4,recov,0.06153380035417317,2.7881686558891725,293.33333333333337,2.7881686558891725
320,320,5,recov,0.06153380035417317,2.7881686558891725,293.33333333333337,2.7881686558891725
321,321,3,recov,0.06153380035417317,2.7881686558891725,293.33333333333337,2.7881686558891725
322,322,4,recov,0.06153380035417317,2.7881686558891725,293.33333333333337,2.7881686558891725
323,323,5,recov,0.06153380035417317,2.7881686558891725,293.33333333333337,2.7881686558891725
324,324,3,recov,0.06153380035417317,2.7881686558891725,293.33333333333337,2.7881686558891725
325,325,4,recov,0.06153380035417317,2.7881686558891725,293.33333333333337,2.7881686558891725
326,326,5,recov,0.06153380035417317,2.7881686558891725,293.33333333333337,2.7881686558891725
327,327,3,recov,0.06153380035417317,2.7881686558891725,293.33333333333337,2.7881686558891725
328,328,4,recov,0.06153380035417317,2.7881686558891725,293.33333333333337,2.7881686558891725
329,329,5,recov,0.06153380035417317,2.7881686558891725,293.33333333333337,2.7881686558891725
330,330,3,recov,0.06153380035417317,2.7881686558891725,293.33333333333337,2.7881686558891725
331,331,4,recov,0.06153380035417317,2.7881686558891725,293.33333333333337,2.7881686558891725
332,332,5,recov,0.06153380035417317,2.7881686558891725,293.33333333333337,2.7881686558891725
333,333,3,recov,0.06153380035417317,2.7881686558891725,293.33333333333337,2.7881686558891725
334,334,4,recov,0.06153380035417317,2.7881686558891725,293.33333333333337,2.7881686558891725
335,335,5,recov,0.06153380035417317,2.7881686558891725,293.33333333333337,2.7881686558891725
336,336,3,recov,0.06153380035417317,2.7881686558891725,293.33333333333337,2.7881686558891725
337,337,4,recov,0.06153380035417317,2.7881686558891725,293.33333333333337,2.7881686558891725
338,338,5,recov,0.06153380035417317,2.7881686558891725,293.33333333333337,2.7881686558891725
339,339,3,recov,0.06153380035417317,2.7881686558891725,293.33333333333337,2.7881686558891725
340,340,4,recov,0.06153380035417317,2.7881686558891725,293.33333333333337,2.7881686558891725
341,341,5,recov,0.06153380035417317,2.7881686558891725,293.33333333333337,2.7881686558891725
342,342,3,recov,0.06153380035417317,2.7881686558891725,293.33333333333337,2.7881686558891725
343,343,4,recov,0.06153380035417317,2.7881686558891725,293.33333333333337,2.7881686558891725
344,344,5,recov,0.06153380035417317,2.7881686558891725,293.33333333333337,2.7881686558891725
345,345,3,recov,0.06153380035417317,2.7881686558891725,293.33333333333337,2.7881686558891725
346,346,4,recov,0.06153380035417317,2.7881686558891725,293.33333333333337,2.7881686558891725
347,347,5,recov,0.06153380035417317,2.7881686558891725,293.33333333333337,2.7881686558891725
348,348,3,recov,0.06153380035417317,2.7881686558891725,293.33333333333337,2.7881686558891725
349,349,4,recov,0.06153380035417317,2.7881686558891725,293.33333333333337,2.7881686558891725
350,350,5,recov,0.06153380035417317,2.7881686558891725,293.33333333333337,2.7881686558891725
351,351,3,recov,0.06153380035417317,2.7881686558891725,293.33333333333337,2.7881686558891725
352,352,4,recov,0.06153380035417317,2.7881686558891725,293.33333333333337,2.7881686558891725
353,353,5,recov,0.06153380035417317,2.7881686558891725,293.33333333333337,2.7881686558891725
354,354,3,recov,0.06153380035417317,2.7881686558891725,293.33333333333337,2.7881686558891725
355,355,4,recov,0.06153380035417317,2.7881686558891725,293.33333333333337,2.7881686558891725
356,356,5,recov,0.06153380035417317,2.7881686558891725,293.33333333333337,2.7881686558891725
357,357,3,recov,0.06153380035417317,2.7881686558891725,293.33333333333337,2.7881686558891725
358,358,4,recov,0.06153380035417317,2.7881686558891725,293.33333333333337,2.7881686558891725
359,359,5,recov,0.06153380035417317,2.7881686558891725,293.33333333333337,2.7881686558891725
360,360,0,fam_r,0.061533723437018795,2.7881699058883926,293.33333333333337,2.7881686558891725
361,361,1,fam_r,0.061533723437018795,2.7881699058883926,293.33333333333337,2.7881686558891725
362,362,2,fam_r,0.061533723437018795,2.7881699058883926,293.33333333333337,2.7881686558891725
363,363,0,fam_r,0.06153380035417309,2.788168655889174,293.33333333333337,2.7881686558891725
364,364,1,fam_r,0.06153380035417309,2.788168655889174,293.33333333333337,2.7881686558891725
365,365,2,fam_r,0.06153380035417309,2.788168655889174,293.33333333333337,2.7881686558891725
366,366,0,fam_r,0.06153380035417317,2.7881686558891725,293.33333333333337,2.7881686558891725
367,367,1,fam_r,0.06153380035417317,2.7881686558891725,293.33333333333337,2.7881686558891725
368,368,2,fam_r,0.06153380035417317,2.7881686558891725,293.33333333333337,2.7881686558891725
369,369,0,fam_r,0.06153380035417317,2.7881686558891725,293.33333333333337,2.7881686558891725
370,370,1,fam_r,0.06153380035417317,2.7881686558891725,293.33333333333337,2.7881686558891725
371,371,2,fam_r,0.06153380035417317,2.7881686558891725,293.33333333333337,2.7881686558891725
372,372,0,fam_r,0.06153380035417317,2.7881686558891725,293.33333333333337,2.7881686558891725
373,373,1,fam_r,0.06153380035417317,2.7881686558891725,293.33333333333337,2.7881686558891725
374,374,2,fam_r,0.06153380035417317,2.7881686558891725,293.33333333333337,2.7881686558891725
0,0,0,fam,0.06666666666666667,2.70805020110221,366.6666666666667,2.7881686558891725
1,1,1,fam,0.06153846153846154,2.7880929087757464,366.6666666666667,2.7881686558891725
2,2,2,fam,0.061533728174755796,2.788169828894241,366.6666666666667,2.7881686558891725
3,3,0,fam,0.06153380035891083,2.78816865581218,366.6666666666667,2.7881686558891725
4,4,1,fam,0.061533800354177826,2.788168655889097,366.6666666666667,2.7881686558891725
5,5,2,fam,0.06153380035417309,2.788168655889174,366.6666666666667,2.7881686558891725
6,6,0,fam,0.06153380035417317,2.7881686558891725,366.6666666666667,2.7881686558891725
7,7,1,fam,0.06153380035417317,2.7881686558891725,366.6666666666667,2.7881686558891725
8,8,2,fam,0.06153380035417317,2.7881686558891725,366.6666666666667,2.7881686558891725
9,9,0,fam,0.06153380035417317,2.7881686558891725,366.6666666666667,2.7881686558891725
10,10,1,fam,0.06153380035417317,2.7881686558891725,366.6666666666667,2.7881686558891725
11,11,2,fam,0.06153380035417317,2.7881686558891725,366.6666666666667,2.7881686558891725
12,12,0,fam,0.06153380035417317,2.7881686558891725,366.6666666666667,2.7881686558891725
13,13,1,fam,0.06153380035417317,2.7881686558891725,366.6666666666667,2.7881686558891725
14,14,2,fam,0.06153380035417317,2.7881686558891725,366.6666666666667,2.7881686558891725
15,15,0,fam,0.06153380035417317,2.7881686558891725,366.6666666666667,2.7881686558891725
16,16,1,fam,0.06153380035417317,2.7881686558891725,366.6666666666667,2.7881686558891725
17,17,2,fam,0.06153380035417317,2.7881686558891725,366.6666666666667,2.7881686558891725
18,18,0,fam,0.06153380035417317,2.7881686558891725,366.6666666666667,2.7881686558891725
19,19,1,fam,0.06153380035417317,2.7881686558891725,366.6666666666667,2.7881686558891725
20,20,2,fam,0.06153380035417317,2.7881686558891725,366.6666666666667,2.7881686558891725
21,21,0,fam,0.06153380035417317,2.7881686558891725,366.6666666666667,2.7881686558891725
22,22,1,fam,0.06153380035417317,2.7881686558891725,366.6666666666667,2.7881686558891725
23,23,2,fam,0.06153380035417317,2.7881686558891725,366.6666666666667,2.7881686558891725
24,24,0,fam,0.06153380035417317,2.7881686558891725,366.6666666666667,2.7881686558891725
25,25,1,fam,0.06153380035417317,2.7881686558891725,366.6666666666667,2.7881686558891725
26,26,2,fam,0.06153380035417317,2.7881686558891725,366.6666666666667,2.7881686558891725
27,27,0,fam,0.06153380035417317,2.7881686558891725,366.6666666666667,2.7881686558891725
28,28,1,fam,0.06153380035417317,2.7881686558891725,366.6666666666667,2.7881686558891725
29,29,2,fam,0.06153380035417317,2.7881686558891725,366.6666666666667,2.7881686558891725
30,30,0,fam,0.06153380035417317,2.7881686558891725,366.6666666666667,2.7881686558891725
31,31,1,fam,0.06153380035417317,2.7881686558891725,366.6666666666667,2.7881686558891725
32,32,2,fam,0.06153380035417317,2.7881686558891725,366.6666666666667,2.7881686558891725
33,33,0,fam,0.06153380035417317,2.7881686558891725,366.6666666666667,2.7881686558891725
34,34,1,fam,0.06153380035417317,2.7881686558891725,366.6666666666667,2.7881686558891725
35,35,2,fam,0.06153380035417317,2.7881686558891725,366.6666666666667,2.7881686558891725
36,36,0,fam,0.06153380035417317,2.7881686558891725,366.6666666666667,2.7881686558891725
37,37,1,fam,0.06153380035417317,2.7881686558891725,366.6666666666667,2.7881686558891725
38,38,2,fam,0.06153380035417317,2.7881686558891725,366.6666666666667,2.7881686558891725
39,39,0,fam,0.06153380035417317,2.7881686558891725,366.6666666666667,2.7881686558891725
40,40,1,fam,0.06153380035417317,2.7881686558891725,366.6666666666667,2.7881686558891725
41,41,2,fam,0.06153380035417317,2.7881686558891725,366.6666666666667,2.7881686558891725
42,42,0,fam,0.06153380035417317,2.7881686558891725,366.6666666666667,2.7881686558891725
43,43,1,fam,0.06153380035417317,2.7881686558891725,366.6666666666667,2.7881686558891725
44,44,2,fam,0.06153380035417317,2.7881686558891725,366.6666666666667,2.7881686558891725
45,45,0,fam,0.06153380035417317,2.7881686558891725,366.6666666666667,2.7881686558891725
46,46,1,fam,0.06153380035417317,2.7881686558891725,366.6666666666667,2.7881686558891725
47,47,2,fam,0.06153380035417317,2.7881686558891725,366.6666666666667,2.7881686558891725
48,48,0,fam,0.06153380035417317,2.7881686558891725,366.6666666666667,2.7881686558891725
49,49,1,fam,0.06153380035417317,2.7881686558891725,366.6666666666667,2.7881686558891725
50,50,2,fam,0.06153380035417317,2.7881686558891725,366.6666666666667,2.7881686558891725
51,51,0,fam,0.06153380035417317,2.7881686558891725,366.6666666666667,2.7881686558891725
52,52,1,fam,0.06153380035417317,2.7881686558891725,366.6666666666667,2.7881686558891725
53,53,2,fam,0.06153380035417317,2.7881686558891725,366.6666666666667,2.7881686558891725
54,54,0,fam,0.06153380035417317,2.7881686558891725,366.6666666666667,2.7881686558891725
55,55,1,fam,0.06153380035417317,2.7881686558891725,366.6666666666667,2.7881686558891725
56,56,2,fam,0.06153380035417317,2.7881686558891725,366.6666666666667,2.7881686558891725
57,57,0,fam,0.06153380035417317,2.7881686558891725,366.6666666666667,2.7881686558891725
58,58,1,fam,0.06153380035417317,2.7881686558891725,366.6666666666667,2.7881686558891725
59,59,2,fam,0.06153380035417317,2.7881686558891725,366.6666666666667,2.7881686558891725
60,60,0,fam,0.06153380035417317,2.7881686558891725,366.6666666666667,2.7881686558891725
61,61,1,fam,0.06153380035417317,2.7881686558891725,366.6666666666667,2.7881686558891725
62,62,2,fam,0.06153380035417317,2.7881686558891725,366.6666666666667,2.7881686558891725
63,63,0,fam,0.06153380035417317,2.7881686558891725,366.6666666666667,2.7881686558891725
64,64,1,fam,0.06153380035417317,2.7881686558891725,366.6666666666667,2.7881686558891725
65,65,2,fam,0.06153380035417317,2.7881686558891725,366.6666666666667,2.7881686558891725
66,66,3,recov,0.061533723437018795,2.7881699058883926,366.6666666666667,2.7881686558891725
67,67,4,recov,0.061533723437018795,2.7881699058883926,366.6666666666667,2.7881686558891725
68,68,5,recov,0.061533723437018795,2.7881699058883926,366.6666666666667,2.7881686558891725
69,69,3,recov,0.06153380035417309,2.788168655889174,366.6666666666667,2.7881686558891725
70,70,4,recov,0.06153380035417309,2.788168655889174,366.6666666666667,2.7881686558891725
71,71,5,recov,0.06153380035417309,2.788168655889174,366.6666666666667,2.7881686558891725
72,72,3,recov,0.06153380035417317,2.7881686558891725,366.6666666666667,2.7881686558891725
73,73,4,recov,0.06153380035417317,2.7881686558891725,366.6666666666667,2.7881686558891725
74,74,5,recov,0.06153380035417317,2.7881686558891725,366.6666666666667,2.7881686558891725
75,75,3,recov,0.06153380035417317,2.7881686558891725,366.6666666666667,2.7881686558891725
76,76,4,recov,0.06153380035417317,2.7881686558891725,366.6666666666667,2.7881686558891725
77,77,5,recov,0.06153380035417317,2.7881686558891725,366.6666666666667,2.7881686558891725
78,78,3,recov,0.06153380035417317,2.7881686558891725,366.6666666666667,2.7881686558891725
79,79,4,recov,0.06153380035417317,2.7881686558891725,366.6666666666667,2.7881686558891725
80,80,5,recov,0.06153380035417317,2.7881686558891725,366.6666666666667,2.7881686558891725
81,81,3,recov,0.06153380035417317,2.7881686558891725,366.6666666666667,2.7881686558891725
82,82,4,recov,0.06153380035417317,2.7881686558891725,366.6666666666667,2.7881686558891725
83,83,5,recov,0.06153380035417317,2.7881686558891725,366.6666666666667,2.7881686558891725
84,84,3,recov,0.06153380035417317,2.7881686558891725,366.6666666666667,2.7881686558891725
85,85,4,recov,0.06153380035417317,2.7881686558891725,366.6666666666667,2.7881686558891725
86,86,5,recov,0.06153380035417317,2.7881686558891725,366.6666666666667,2.7881686558891725
87,87,3,recov,0.06153380035417317,2.7881686558891725,366.6666666666667,2.7881686558891725
88,88,4,recov,0.06153380035417317,2.7881686558891725,366.6666666666667,2.7881686558891725
89,89,5,recov,0.06153380035417317,2.7881686558891725,366.6666666666667,2.7881686558891725
90,90,3,recov,0.06153380035417317,2.7881686558891725,366.6666666666667,2.7881686558891725
91,91,4,recov,0.06153380035417317,2.7881686558891725,366.6666666666667,2.7881686558891725
92,92,5,recov,0.06153380035417317,2.7881686558891725,366.6666666666667,2.7881686558891725
93,93,3,recov,0.06153380035417317,2.7881686558891725,366.6666666666667,2.7881686558891725
94,94,4,recov,0.06153380035417317,2.7881686558891725,366.6666666666667,2.7881686558891725
95,95,5,recov,0.06153380035417317,2.7881686558891725,366.6666666666667,2.7881686558891725
96,96,3,recov,0.06153380035417317,2.7881686558891725,366.6666666666667,2.7881686558891725
97,97,4,recov,0.06153380035417317,2.7881686558891725,366.6666666666667,2.7881686558891725
98,98,5,recov,0.06153380035417317,2.7881686558891725,366.6666666666667,2.7881686558891725
99,99,3,recov,0.06153380035417317,2.7881686558891725,366.6666666666667,2.7881686558891725
100,100,4,recov,0.06153380035417317,2.7881686558891725,366.6666666666667,2.7881686558891725
101,101,5,recov,0.06153380035417317,2.7881686558891725,366.6666666666667,2.7881686558891725
102,102,3,recov,0.06153380035417317,2.7881686558891725,366.6666666666667,2.7881686558891725
103,103,4,recov,0.06153380035417317,2.7881686558891725,366.6666666666667,2.7881686558891725
104,104,5,recov,0.06153380035417317,2.7881686558891725,366.6666666666667,2.7881686558891725
105,105,3,recov,0.06153380035417317,2.7881686558891725,366.6666666666667,2.7881686558891725
106,106,4,recov,0.06153380035417317,2.7881686558891725,366.6666666666667,2.7881686558891725
107,107,5,recov,0.06153380035417317,2.7881686558891725,366.6666666666667,2.7881686558891725
108,108,3,recov,0.06153380035417317,2.7881686558891725,366.6666666666667,2.7881686558891725
109,109,4,recov,0.06153380035417317,2.7881686558891725,366.6666666666667,2.7881686558891725
110,110,5,recov,0.06153380035417317,2.7881686558891725,366.6666666666667,2.7881686558891725
111,111,3,recov,0.06153380035417317,2.7881686558891725,366.6666666666667,2.7881686558891725
112,112,4,recov,0.06153380035417317,2.7881686558891725,366.6666666666667,2.7881686558891725
113,113,5,recov,0.06153380035417317,2.7881686558891725,366.6666666666667,2.7881686558891725
114,114,3,recov,0.06153380035417317,2.7881686558891725,366.6666666666667,2.7881686558891725
115,115,4,recov,0.06153380035417317,2.7881686558891725,366.6666666666667,2.7881686558891725
116,116,5,recov,0.06153380035417317,2.7881686558891725,366.6666666666667,2.7881686558891725
117,117,3,recov,0.06153380035417317,2.7881686558891725,366.6666666666667,2.7881686558891725
118,118,4,recov,0.06153380035417317,2.7881686558891725,366.6666666666667,2.7881686558891725
119,119,5,recov,0.06153380035417317,2.7881686558891725,366.6666666666667,2.7881686558891725
120,120,3,recov,0.06153380035417317,2.7881686558891725,366.6666666666667,2.7881686558891725
121,121,4,recov,0.06153380035417317,2.7881686558891725,366.6666666666667,2.7881686558891725
122,122,5,recov,0.06153380035417317,2.7881686558891725,366.6666666666667,2.7881686558891725
123,123,3,recov,0.06153380035417317,2.7881686558891725,366.6666666666667,2.7881686558891725
124,124,4,recov,0.06153380035417317,2.7881686558891725,366.6666666666667,2.7881686558891725
125,125,5,recov,0.06153380035417317,2.7881686558891725,366.6666666666667,2.7881686558891725
126,126,3,recov,0.06153380035417317,2.7881686558891725,366.6666666666667,2.7881686558891725
127,127,4,recov,0.06153380035417317,2.7881686558891725,366.6666666666667,2.7881686558891725
128,128,5,recov,0.06153380035417317,2.7881686558891725,366.6666666666667,2.7881686558891725
129,129,3,recov,0.06153380035417317,2.7881686558891725,366.6666666666667,2.7881686558891725
130,130,4,recov,0.06153380035417317,2.7881686558891725,366.6666666666667,2.7881686558891725
131,131,5,recov,0.06153380035417317,2.7881686558891725,366.6666666666667,2.7881686558891725
132,132,3,recov,0.06153380035417317,2.7881686558891725,366.6666666666667,2.7881686558891725
133,133,4,recov,0.06153380035417317,2.7881686558891725,366.6666666666667,2.7881686558891725
134,134,5,recov,0.06153380035417317,2.7881686558891725,366.6666666666667,2.7881686558891725
135,135,3,recov,0.06153380035417317,2.7881686558891725,366.6666666666667,2.7881686558891725
136,136,4,recov,0.06153380035417317,2.7881686558891725,366.6666666666667,2.7881686558891725
137,137,5,recov,0.06153380035417317,2.7881686558891725,366.6666666666667,2.7881686558891725
138,138,3,recov,0.06153380035417317,2.7881686558891725,366.6666666666667,2.7881686558891725
139,139,4,recov,0.06153380035417317,2.7881686558891725,366.6666666666667,2.7881686558891725
140,140,5,recov,0.06153380035417317,2.7881686558891725,366.6666666666667,2.7881686558891725
141,141,3,recov,0.06153380035417317,2.7881686558891725,366.6666666666667,2.7881686558891725
142,142,4,recov,0.06153380035417317,2.7881686558891725,366.6666666666667,2.7881686558891725
143,143,5,recov,0.06153380035417317,2.7881686558891725,366.6666666666667,2.7881686558891725
144,144,3,recov,0.06153380035417317,2.7881686558891725,366.6666666666667,2.7881686558891725
145,145,4,recov,0.06153380035417317,2.7881686558891725,366.6666666666667,2.7881686558891725
146,146,5,recov,0.06153380035417317,2.7881686558891725,366.6666666666667,2.7881686558891725
147,147,3,recov,0.06153380035417317,2.7881686558891725,366.6666666666667,2.7881686558891725
148,148,4,recov,0.06153380035417317,2.7881686558891725,366.6666666666667,2.7881686558891725
149,149,5,recov,0.06153380035417317,2.7881686558891725,366.6666666666667,2.7881686558891725
150,150,3,recov,0.06153380035417317,2.7881686558891725,366.6666666666667,2.7881686558891725
151,151,4,recov,0.06153380035417317,2.7881686558891725,366.6666666666667,2.7881686558891725
152,152,5,recov,0.06153380035417317,2.7881686558891725,366.6666666666667,2.7881686558891725
153,153,3,recov,0.06153380035417317,2.7881686558891725,366.6666666666667,2.7881686558891725
154,154,4,recov,0.06153380035417317,2.7881686558891725,366.6666666666667,2.7881686558891725
155,155,5,recov,0.06153380035417317,2.7881686558891725,366.6666666666667,2.7881686558891725
156,156,3,recov,0.06153380035417317,2.7881686558891725,366.6666666666667,2.7881686558891725
157,157,4,recov,0.06153380035417317,2.7881686558891725,366.6666666666667,2.7881686558891725
158,158,5,recov,0.06153380035417317,2.7881686558891725,366.6666666666667,2.7881686558891725
159,159,3,recov,0.06153380035417317,2.7881686558891725,366.6666666666667,2.7881686558891725
160,160,4,recov,0.06153380035417317,2.7881686558891725,366.6666666666667,2.7881686558891725
161,161,5,recov,0.06153380035417317,2.7881686558891725,366.6666666666667,2.7881686558891725
162,162,3,recov,0.06153380035417317,2.7881686558891725,366.6666666666667,2.7881686558891725
163,163,4,recov,0.06153380035417317,2.7881686558891725,366.6666666666667,2.7881686558891725
164,164,5,recov,0.06153380035417317,2.7881686558891725,366.6666666666667,2.7881686558891725
165,165,3,recov,0.06153380035417317,2.7881686558891725,366.6666666666667,2.7881686558891725
166,166,4,recov,0.06153380035417317,2.7881686558891725,366.6666666666667,2.7881686558891725
167,167,5,recov,0.06153380035417317,2.7881686558891725,366.6666666666667,2.7881686558891725
168,168,3,recov,0.06153380035417317,2.7881686558891725,366.6666666666667,2.7881686558891725
169,169,4,recov,0.06153380035417317,2.7881686558891725,366.6666666666667,2.7881686558891725
170,170,5,recov,0.06153380035417317,2.7881686558891725,366.6666666666667,2.7881686558891725
171,171,3,recov,0.06153380035417317,2.7881686558891725,366.6666666666667,2.7881686558891725
172,172,4,recov,0.06153380035417317,2.7881686558891725,366.6666666666667,2.7881686558891725
173,173,5,recov,0.06153380035417317,2.7881686558891725,366.6666666666667,2.7881686558891725
174,174,3,recov,0.06153380035417317,2.7881686558891725,366.6666666666667,2.7881686558891725
175,175,4,recov,0.06153380035417317,2.7881686558891725,366.6666666666667,2.7881686558891725
176,176,5,recov,0.06153380035417317,2.7881686558891725,366.6666666666667,2.7881686558891725
177,177,3,recov,0.06153380035417317,2.7881686558891725,366.6666666666667,2.7881686558891725
178,178,4,recov,0.06153380035417317,2.7881686558891725,366.6666666666667,2.7881686558891725
179,179,5,recov,0.06153380035417317,2.7881686558891725,366.6666666666667,2.7881686558891725
180,180,3,recov,0.06153380035417317,2.7881686558891725,366.6666666666667,2.7881686558891725
181,181,4,recov,0.06153380035417317,2.7881686558891725,366.6666666666667,2.7881686558891725
182,182,5,recov,0.06153380035417317,2.7881686558891725,366.6666666666667,2.7881686558891725
183,183,3,recov,0.06153380035417317,2.7881686558891725,366.6666666666667,2.7881686558891725
184,184,4,recov,0.06153380035417317,2.7881686558891725,366.6666666666667,2.7881686558891725
185,185,5,recov,0.06153380035417317,2.7881686558891725,366.6666666666667,2.7881686558891725
186,186,3,recov,0.06153380035417317,2.7881686558891725,366.6666666666667,2.7881686558891725
187,187,4,recov,0.06153380035417317,2.7881686558891725,366.6666666666667,2.7881686558891725
188,188,5,recov,0.06153380035417317,2.7881686558891725,366.6666666666667,2.7881686558891725
189,189,3,recov,0.06153380035417317,2.7881686558891725,366.6666666666667,2.7881686558891725
190,190,4,recov,0.06153380035417317,2.7881686558891725,366.6666666666667,2.7881686558891725
191,191,5,recov,0.06153380035417317,2.7881686558891725,366.6666666666667,2.7881686558891725
192,192,3,recov,0.06153380035417317,2.7881686558891725,366.6666666666667,2.7881686558891725
193,193,4,recov,0.06153380035417317,2.7881686558891725,366.6666666666667,2.7881686558891725
194,194,5,recov,0.06153380035417317,2.7881686558891725,366.6666666666667,2.7881686558891725
195,195,3,recov,0.06153380035417317,2.7881686558891725,366.6666666666667,2.7881686558891725
196,196,4,recov,0.06153380035417317,2.7881686558891725,366.6666666666667,2.7881686558891725
197,197,5,recov,0.06153380035417317,2.7881686558891725,366.6666666666667,2.7881686558891725
198,198,3,recov,0.06153380035417317,2.7881686558891725,366.6666666666667,2.7881686558891725
199,199,4,recov,0.06153380035417317,2.7881686558891725,366.6666666666667,2.7881686558891725
200,200,5,recov,0.06153380035417317,2.7881686558891725,366.6666666666667,2.7881686558891725
201,201,3,recov,0.06153380035417317,2.7881686558891725,366.6666666666667,2.7881686558891725
202,202,4,recov,0.06153380035417317,2.7881686558891725,366.6666666666667,2.7881686558891725
203,203,5,recov,0.06153380035417317,2.7881686558891725,366.6666666666667,2.7881686558891725
204,204,3,recov,0.06153380035417317,2.7881686558891725,366.6666666666667,2.7881686558891725
205,205,4,recov,0.06153380035417317,2.7881686558891725,366.6666666666667,2.7881686558891725
206,206,5,recov,0.06153380035417317,2.7881686558891725,366.6666666666667,2.7881686558891725
207,207,3,recov,0.06153380035417317,2.7881686558891725,366.6666666666667,2.7881686558891725
208,208,4,recov,0.06153380035417317,2.7881686558891725,366.6666666666667,2.7881686558891725
209,209,5,recov,0.06153380035417317,2.7881686558891725,366.6666666666667,2.7881686558891725
210,210,3,recov,0.06153380035417317,2.7881686558891725,366.6666666666667,2.7881686558891725
211,211,4,recov,0.06153380035417317,2.7881686558891725,366.6666666666667,2.7881686558891725
212,212,5,recov,0.06153380035417317,2.7881686558891725,366.6666666666667,2.7881686558891725
213,213,3,recov,0.06153380035417317,2.7881686558891725,366.6666666666667,2.7881686558891725
214,214,4,recov,0.06153380035417317,2.7881686558891725,366.6666666666667,2.7881686558891725
215,215,5,recov,0.06153380035417317,2.7881686558891725,366.6666666666667,2.7881686558891725
216,216,3,recov,0.06153380035417317,2.7881686558891725,366.6666666666667,2.7881686558891725
217,217,4,recov,0.06153380035417317,2.7881686558891725,366.6666666666667,2.7881686558891725
218,218,5,recov,0.06153380035417317,2.7881686558891725,366.6666666666667,2.7881686558891725
219,219,3,recov,0.06153380035417317,2.7881686558891725,366.6666666666667,2.7881686558891725
220,220,4,recov,0.06153380035417317,2.7881686558891725,366.6666666666667,2.7881686558891725
221,221,5,recov,0.06153380035417317,2.7881686558891725,366.6666666666667,2.7881686558891725
222,222,3,recov,0.06153380035417317,2.7881686558891725,366.6666666666667,2.7881686558891725
223,223,4,recov,0.06153380035417317,2.7881686558891725,366.6666666666667,2.7881686558891725
224,224,5,recov,0.06153380035417317,2.7881686558891725,366.6666666666667,2.7881686558891725
225,225,3,recov,0.06153380035417317,2.7881686558891725,366.6666666666667,2.7881686558891725
226,226,4,recov,0.06153380035417317,2.7881686558891725,366.6666666666667,2.7881686558891725
227,227,5,recov,0.06153380035417317,2.7881686558891725,366.6666666666667,2.7881686558891725
228,228,3,recov,0.06153380035417317,2.7881686558891725,366.6666666666667,2.7881686558891725
229,229,4,recov,0.06153380035417317,2.7881686558891725,366.6666666666667,2.7881686558891725
230,230,5,recov,0.06153380035417317,2.7881686558891725,366.6666666666667,2.7881686558891725
231,231,3,recov,0.06153380035417317,2.7881686558891725,366.6666666666667,2.7881686558891725
232,232,4,recov,0.06153380035417317,2.7881686558891725,366.6666666666667,2.7881686558891725
233,233,5,recov,0.06153380035417317,2.7881686558891725,366.6666666666667,2.7881686558891725
234,234,3,recov,0.06153380035417317,2.7881686558891725,366.6666666666667,2.7881686558891725
235,235,4,recov,0.06153380035417317,2.7881686558891725,366.6666666666667,2.7881686558891725
236,236,5,recov,0.06153380035417317,2.7881686558891725,366.6666666666667,2.7881686558891725
237,237,3,recov,0.06153380035417317,2.7881686558891725,366.6666666666667,2.7881686558891725
238,238,4,recov,0.06153380035417317,2.7881686558891725,366.6666666666667,2.7881686558891725
239,239,5,recov,0.06153380035417317,2.7881686558891725,366.6666666666667,2.7881686558891725
240,240,3,recov,0.06153380035417317,2.7881686558891725,366.6666666666667,2.7881686558891725
241,241,4,recov,0.06153380035417317,2.7881686558891725,366.6666666666667,2.7881686558891725
242,242,5,recov,0.06153380035417317,2.7881686558891725,366.6666666666667,2.7881686558891725
243,243,3,recov,0.06153380035417317,2.7881686558891725,366.6666666666667,2.7881686558891725
244,244,4,recov,0.06153380035417317,2.7881686558891725,366.6666666666667,2.7881686558891725
245,245,5,recov,0.06153380035417317,2.7881686558891725,366.6666666666667,2.7881686558891725
246,246,3,recov,0.06153380035417317,2.7881686558891725,366.6666666666667,2.7881686558891725
247,247,4,recov,0.06153380035417317,2.7881686558891725,366.6666666666667,2.7881686558891725
248,248,5,recov,0.06153380035417317,2.7881686558891725,366.6666666666667,2.7881686558891725
249,249,3,recov,0.06153380035417317,2.7881686558891725,366.6666666666667,2.7881686558891725
250,250,4,recov,0.06153380035417317,2.7881686558891725,366.6666666666667,2.7881686558891725
251,251,5,recov,0.06153380035417317,2.7881686558891725,366.6666666666667,2.7881686558891725
252,252,3,recov,0.06153380035417317,2.7881686558891725,366.6666666666667,2.7881686558891725
253,253,4,recov,0.06153380035417317,2.7881686558891725,366.6666666666667,2.7881686558891725
254,254,5,recov,0.06153380035417317,2.7881686558891725,366.6666666666667,2.7881686558891725
255,255,3,recov,0.06153380035417317,2.7881686558891725,366.6666666666667,2.7881686558891725
256,256,4,recov,0.06153380035417317,2.7881686558891725,366.6666666666667,2.7881686558891725
257,257,5,recov,0.06153380035417317,2.7881686558891725,366.6666666666667,2.7881686558891725
258,258,3,recov,0.06153380035417317,2.7881686558891725,366.6666666666667,2.7881686558891725
259,259,4,recov,0.06153380035417317,2.7881686558891725,366.6666666666667,2.7881686558891725
260,260,5,recov,0.06153380035417317,2.7881686558891725,366.6666666666667,2.7881686558891725
261,261,3,recov,0.06153380035417317,2.7881686558891725,366.6666666666667,2.7881686558891725
262,262,4,recov,0.06153380035417317,2.7881686558891725,366.6666666666667,2.7881686558891725
263,263,5,recov,0.06153380035417317,2.7881686558891725,366.6666666666667,2.7881686558891725
264,264,3,recov,0.06153380035417317,2.7881686558891725,366.6666666666667,2.7881686558891725
265,265,4,recov,0.06153380035417317,2.7881686558891725,366.6666666666667,2.7881686558891725
266,266,5,recov,0.06153380035417317,2.7881686558891725,366.6666666666667,2.7881686558891725
267,267,3,recov,0.06153380035417317,2.7881686558891725,366.6666666666667,2.7881686558891725
268,268,4,recov,0.06153380035417317,2.7881686558891725,366.6666666666667,2.7881686558891725
269,269,5,recov,0.06153380035417317,2.7881686558891725,366.6666666666667,2.7881686558891725
270,270,3,recov,0.06153380035417317,2.7881686558891725,366.6666666666667,2.7881686558891725
271,271,4,recov,0.06153380035417317,2.7881686558891725,366.6666666666667,2.7881686558891725
272,272,5,recov,0.06153380035417317,2.7881686558891725,366.6666666666667,2.7881686558891725
273,273,3,recov,0.06153380035417317,2.7881686558891725,366.6666666666667,2.7881686558891725
274,274,4,recov,0.06153380035417317,2.7881686558891725,366.6666666666667,2.7881686558891725
275,275,5,recov,0.06153380035417317,2.7881686558891725,366.6666666666667,2.7881686558891725
276,276,3,recov,0.06153380035417317,2.7881686558891725,366.6666666666667,2.7881686558891725
277,277,4,recov,0.06153380035417317,2.7881686558891725,366.6666666666667,2.7881686558891725
278,278,5,recov,0.06153380035417317,2.7881686558891725,366.6666666666667,2.7881686558891725
279,279,3,recov,0.06153380035417317,2.7881686558891725,366.6666666666667,2.7881686558891725
280,280,4,recov,0.06153380035417317,2.7881686558891725,366.6666666666667,2.7881686558891725
281,281,5,recov,0.06153380035417317,2.7881686558891725,366.6666666666667,2.7881686558891725
282,282,3,recov,0.06153380035417317,2.7881686558891725,366.6666666666667,2.7881686558891725
283,283,4,recov,0.06153380035417317,2.7881686558891725,366.6666666666667,2.7881686558891725
284,284,5,recov,0.06153380035417317,2.7881686558891725,366.6666666666667,2.7881686558891725
285,285,3,recov,0.06153380035417317,2.7881686558891725,366.6666666666667,2.7881686558891725
286,286,4,recov,0.06153380035417317,2.7881686558891725,366.6666666666667,2.7881686558891725
287,287,5,recov,0.06153380035417317,2.7881686558891725,366.6666666666667,2.7881686558891725
288,288,3,recov,0.06153380035417317,2.7881686558891725,366.6666666666667,2.7881686558891725
289,289,4,recov,0.06153380035417317,2.7881686558891725,366.6666666666667,2.7881686558891725
290,290,5,recov,0.06153380035417317,2.7881686558891725,366.6666666666667,2.7881686558891725
291,291,3,recov,0.06153380035417317,2.7881686558891725,366.6666666666667,2.7881686558891725
292,292,4,recov,0.06153380035417317,2.7881686558891725,366.6666666666667,2.7881686558891725
293,293,5,recov,0.06153380035417317,2.7881686558891725,366.6666666666667,2.7881686558891725
294,294,3,recov,0.06153380035417317,2.7881686558891725,366.6666666666667,2.7881686558891725
295,295,4,recov,0.06153380035417317,2.7881686558891725,366.6666666666667,2.7881686558891725
296,296,5,recov,0.06153380035417317,2.7881686558891725,366.6666666666667,2.7881686558891725
297,297,3,recov,0.06153380035417317,2.7881686558891725,366.6666666666667,2.7881686558891725
298,298,4,recov,0.06153380035417317,2.7881686558891725,366.6666666666667,2.7881686558891725
299,299,5,recov,0.06153380035417317,2.7881686558891725,366.6666666666667,2.7881686558891725
300,300,3,recov,0.06153380035417317,2.7881686558891725,366.6666666666667,2.7881686558891725
301,301,4,recov,0.06153380035417317,2.7881686558891725,366.6666666666667,2.7881686558891725
302,302,5,recov,0.06153380035417317,2.7881686558891725,366.6666666666667,2.7881686558891725
303,303,3,recov,0.06153380035417317,2.7881686558891725,366.6666666666667,2.7881686558891725
304,304,4,recov,0.06153380035417317,2.7881686558891725,366.6666666666667,2.7881686558891725
305,305,5,recov,0.06153380035417317,2.7881686558891725,366.6666666666667,2.7881686558891725
306,306,3,recov,0.06153380035417317,2.7881686558891725,366.6666666666667,2.7881686558891725
307,307,4,recov,0.06153380035417317,2.7881686558891725,366.6666666666667,2.7881686558891725
308,308,5,recov,0.06153380035417317,2.7881686558891725,366.6666666666667,2.7881686558891725
309,309,3,recov,0.06153380035417317,2.7881686558891725,366.6666666666667,2.7881686558891725
310,310,4,recov,0.06153380035417317,2.7881686558891725,366.6666666666667,2.7881686558891725
311,311,5,recov,0.06153380035417317,2.7881686558891725,366.6666666666667,2.7881686558891725
312,312,3,recov,0.06153380035417317,2.7881686558891725,366.6666666666667,2.7881686558891725
313,313,4,recov,0.06153380035417317,2.7881686558891725,366.6666666666667,2.7881686558891725
314,314,5,recov,0.06153380035417317,2.7881686558891725,366.6666666666667,2.7881686558891725
315,315,3,recov,0.06153380035417317,2.7881686558891725,366.6666666666667,2.7881686558891725
316,316,4,recov,0.06153380035417317,2.7881686558891725,366.6666666666667,2.7881686558891725
317,317,5,recov,0.06153380035417317,2.7881686558891725,366.6666666666667,2.7881686558891725
318,318,3,recov,0.06153380035417317,2.7881686558891725,366.6666666666667,2.7881686558891725
319,319,4,recov,0.06153380035417317,2.7881686558891725,366.6666666666667,2.7881686558891725
320,320,5,recov,0.06153380035417317,2.7881686558891725,366.6666666666667,2.7881686558891725
321,321,3,recov,0.06153380035417317,2.7881686558891725,366.6666666666667,2.7881686558891725
322,322,4,recov,0.06153380035417317,2.7881686558891725,366.6666666666667,2.7881686558891725
323,323,5,recov,0.06153380035417317,2.7881686558891725,366.6666666666667,2.7881686558891725
324,324,3,recov,0.06153380035417317,2.7881686558891725,366.6666666666667,2.7881686558891725
325,325,4,recov,0.06153380035417317,2.7881686558891725,366.6666666666667,2.7881686558891725
326,326,5,recov,0.06153380035417317,2.7881686558891725,366.6666666666667,2.7881686558891725
327,327,3,recov,0.06153380035417317,2.7881686558891725,366.6666666666667,2.7881686558891725
328,328,4,recov,0.06153380035417317,2.7881686558891725,366.6666666666667,2.7881686558891725
329,329,5,recov,0.06153380035417317,2.7881686558891725,366.6666666666667,2.7881686558891725
330,330,3,recov,0.06153380035417317,2.7881686558891725,366.6666666666667,2.7881686558891725
331,331,4,recov,0.06153380035417317,2.7881686558891725,366.6666666666667,2.7881686558891725
332,332,5,recov,0.06153380035417317,2.7881686558891725,366.6666666666667,2.7881686558891725
333,333,3,recov,0.06153380035417317,2.7881686558891725,366.6666666666667,2.7881686558891725
334,334,4,recov,0.06153380035417317,2.7881686558891725,366.6666666666667,2.7881686558891725
335,335,5,recov,0.06153380035417317,2.7881686558891725,366.6666666666667,2.7881686558891725
336,336,3,recov,0.06153380035417317,2.7881686558891725,366.6666666666667,2.7881686558891725
337,337,4,recov,0.06153380035417317,2.7881686558891725,366.6666666666667,2.7881686558891725
338,338,5,recov,0.06153380035417317,2.7881686558891725,366.6666666666667,2.7881686558891725
339,339,3,recov,0.06153380035417317,2.7881686558891725,366.6666666666667,2.7881686558891725
340,340,4,recov,0.06153380035417317,2.7881686558891725,366.6666666666667,2.7881686558891725
341,341,5,recov,0.06153380035417317,2.7881686558891725,366.6666666666667,2.7881686558891725
342,342,3,recov,0.06153380035417317,2.7881686558891725,366.6666666666667,2.7881686558891725
343,343,4,recov,0.06153380035417317,2.7881686558891725,366.6666666666667,2.7881686558891725
344,344,5,recov,0.06153380035417317,2.7881686558891725,366.6666666666667,2.7881686558891725
345,345,3,recov,0.06153380035417317,2.7881686558891725,366.6666666666667,2.7881686558891725
346,346,4,recov,0.06153380035417317,2.7881686558891725,366.6666666666667,2.7881686558891725
347,347,5,recov,0.06153380035417317,2.7881686558891725,366.6666666666667,2.7881686558891725
348,348,3,recov,0.06153380035417317,2.7881686558891725,366.6666666666667,2.7881686558891725
349,349,4,recov,0.06153380035417317,2.7881686558891725,366.6666666666667,2.7881686558891725
350,350,5,recov,0.06153380035417317,2.7881686558891725,366.6666666666667,2.7881686558891725
351,351,3,recov,0.06153380035417317,2.7881686558891725,366.6666666666667,2.7881686558891725
352,352,4,recov,0.06153380035417317,2.7881686558891725,366.6666666666667,2.7881686558891725
353,353,5,recov,0.06153380035417317,2.7881686558891725,366.6666666666667,2.7881686558891725
354,354,3,recov,0.06153380035417317,2.7881686558891725,366.6666666666667,2.7881686558891725
355,355,4,recov,0.06153380035417317,2.7881686558891725,366.6666666666667,2.7881686558891725
356,356,5,recov,0.06153380035417317,2.7881686558891725,366.6666666666667,2.7881686558891725
357,357,3,recov,0.06153380035417317,2.7881686558891725,366.6666666666667,2.7881686558891725
358,358,4,recov,0.06153380035417317,2.7881686558891725,366.6666666666667,2.7881686558891725
359,359,5,recov,0.06153380035417317,2.7881686558891725,366.6666666666667,2.7881686558891725
360,360,3,recov,0.06153380035417317,2.7881686558891725,366.6666666666667,2.7881686558891725
361,361,4,recov,0.06153380035417317,2.7881686558891725,366.6666666666667,2.7881686558891725
362,362,5,recov,0.06153380035417317,2.7881686558891725,366.6666666666667,2.7881686558891725
363,363,3,recov,0.06153380035417317,2.7881686558891725,366.6666666666667,2.7881686558891725
364,364,4,recov,0.06153380035417317,2.7881686558891725,366.6666666666667,2.7881686558891725
365,365,5,recov,0.06153380035417317,2.7881686558891725,366.6666666666667,2.7881686558891725
366,366,3,recov,0.06153380035417317,2.7881686558891725,366.6666666666667,2.7881686558891725
367,367,4,recov,0.06153380035417317,2.7881686558891725,366.6666666666667,2.7881686558891725
368,368,5,recov,0.06153380035417317,2.7881686558891725,366.6666666666667,2.7881686558891725
369,369,3,recov,0.06153380035417317,2.7881686558891725,366.6666666666667,2.7881686558891725
370,370,4,recov,0.06153380035417317,2.7881686558891725,366.6666666666667,2.7881686558891725
371,371,5,recov,0.06153380035417317,2.7881686558891725,366.6666666666667,2.7881686558891725
372,372,3,recov,0.06153380035417317,2.7881686558891725,366.6666666666667,2.7881686558891725
373,373,4,recov,0.06153380035417317,2.7881686558891725,366.6666666666667,2.7881686558891725
374,374,5,recov,0.06153380035417317,2.7881686558891725,366.6666666666667,2.7881686558891725
375,375,3,recov,0.06153380035417317,2.7881686558891725,366.6666666666667,2.7881686558891725
376,376,4,recov,0.06153380035417317,2.7881686558891725,366.6666666666667,2.7881686558891725
377,377,5,recov,0.06153380035417317,2.7881686558891725,366.6666666666667,2.7881686558891725
378,378,3,recov,0.06153380035417317,2.7881686558891725,366.6666666666667,2.7881686558891725
379,379,4,recov,0.06153380035417317,2.7881686558891725,366.6666666666667,2.7881686558891725
380,380,5,recov,0.06153380035417317,2.7881686558891725,366.6666666666667,2.7881686558891725
381,381,3,recov,0.06153380035417317,2.7881686558891725,366.6666666666667,2.7881686558891725
382,382,4,recov,0.06153380035417317,2.7881686558891725,366.6666666666667,2.7881686558891725
383,383,5,recov,0.06153380035417317,2.7881686558891725,366.6666666666667,2.7881686558891725
384,384,3,recov,0.06153380035417317,2.7881686558891725,366.6666666666667,2.7881686558891725
385,385,4,recov,0.06153380035417317,2.7881686558891725,366.6666666666667,2.7881686558891725
386,386,5,recov,0.06153380035417317,2.7881686558891725,366.6666666666667,2.7881686558891725
387,387,3,recov,0.06153380035417317,2.7881686558891725,366.6666666666667,2.7881686558891725
388,388,4,recov,0.06153380035417317,2.7881686558891725,366.6666666666667,2.7881686558891725
389,389,5,recov,0.06153380035417317,2.7881686558891725,366.6666666666667,2.7881686558891725
390,390,3,recov,0.06153380035417317,2.7881686558891725,366.6666666666667,2.7881686558891725
391,391,4,recov,0.06153380035417317,2.7881686558891725,366.6666666666667,2.7881686558891725
392,392,5,recov,0.06153380035417317,2.7881686558891725,366.6666666666667,2.7881686558891725
393,393,3,recov,0.06153380035417317,2.7881686558891725,366.6666666666667,2.7881686558891725
394,394,4,recov,0.06153380035417317,2.7881686558891725,366.6666666666667,2.7881686558891725
395,395,5,recov,0.06153380035417317,2.7881686558891725,366.6666666666667,2.7881686558891725
396,396,3,recov,0.06153380035417317,2.7881686558891725,366.6666666666667,2.7881686558891725
397,397,4,recov,0.06153380035417317,2.7881686558891725,366.6666666666667,2.7881686558891725
398,398,5,recov,0.06153380035417317,2.7881686558891725,366.6666666666667,2.7881686558891725
399,399,3,recov,0.06153380035417317,2.7881686558891725,366.6666666666667,2.7881686558891725
400,400,4,recov,0.06153380035417317,2.7881686558891725,366.6666666666667,2.7881686558891725
401,401,5,recov,0.06153380035417317,2.7881686558891725,366.6666666666667,2.7881686558891725
402,402,3,recov,0.06153380035417317,2.7881686558891725,366.6666666666667,2.7881686558891725
403,403,4,recov,0.06153380035417317,2.7881686558891725,366.6666666666667,2.7881686558891725
404,404,5,recov,0.06153380035417317,2.7881686558891725,366.6666666666667,2.7881686558891725
405,405,3,recov,0.06153380035417317,2.7881686558891725,366.6666666666667,2.7881686558891725
406,406,4,recov,0.06153380035417317,2.7881686558891725,366.6666666666667,2.7881686558891725
407,407,5,recov,0.06153380035417317,2.7881686558891725,366.6666666666667,2.7881686558891725
408,408,3,recov,0.06153380035417317,2.7881686558891725,366.6666666666667,2.7881686558891725
409,409,4,recov,0.06153380035417317,2.7881686558891725,366.6666666666667,2.7881686558891725
410,410,5,recov,0.06153380035417317,2.7881686558891725,366.6666666666667,2.7881686558891725
411,411,3,recov,0.06153380035417317,2.7881686558891725,366.6666666666667,2.7881686558891725
412,412,4,recov,0.06153380035417317,2.7881686558891725,366.6666666666667,2.7881686558891725
413,413,5,recov,0.06153380035417317,2.7881686558891725,366.6666666666667,2.7881686558891725
414,414,3,recov,0.06153380035417317,2.7881686558891725,366.6666666666667,2.7881686558891725
415,415,4,recov,0.06153380035417317,2.7881686558891725,366.6666666666667,2.7881686558891725
416,416,5,recov,0.06153380035417317,2.7881686558891725,366.6666666666667,2.7881686558891725
417,417,3,recov,0.06153380035417317,2.7881686558891725,366.6666666666667,2.7881686558891725
418,418,4,recov,0.06153380035417317,2.7881686558891725,366.6666666666667,2.7881686558891725
419,419,5,recov,0.06153380035417317,2.7881686558891725,366.6666666666667,2.7881686558891725
420,420,3,recov,0.06153380035417317,2.7881686558891725,366.6666666666667,2.7881686558891725
421,421,4,recov,0.06153380035417317,2.7881686558891725,366.6666666666667,2.7881686558891725
422,422,5,recov,0.06153380035417317,2.7881686558891725,366.6666666666667,2.7881686558891725
423,423,3,recov,0.06153380035417317,2.7881686558891725,366.6666666666667,2.7881686558891725
424,424,4,recov,0.06153380035417317,2.7881686558891725,366.6666666666667,2.7881686558891725
425,425,5,recov,0.06153380035417317,2.7881686558891725,366.6666666666667,2.7881686558891725
426,426,3,recov,0.06153380035417317,2.7881686558891725,366.6666666666667,2.7881686558891725
427,427,4,recov,0.06153380035417317,2.7881686558891725,366.6666666666667,2.7881686558891725
428,428,5,recov,0.06153380035417317,2.7881686558891725,366.6666666666667,2.7881686558891725
429,429,3,recov,0.06153380035417317,2.7881686558891725,366.6666666666667,2.7881686558891725
430,430,4,recov,0.06153380035417317,2.7881686558891725,366.6666666666667,2.7881686558891725
431,431,5,recov,0.06153380035417317,2.7881686558891725,366.6666666666667,2.7881686558891725
432,432,0,fam_r,0.061533723437018795,2.7881699058883926,366.6666666666667,2.7881686558891725
433,433,1,fam_r,0.061533723437018795,2.7881699058883926,366.6666666666667,2.7881686558891725
434,434,2,fam_r,0.061533723437018795,2.7881699058883926,366.6666666666667,2.7881686558891725
435,435,0,fam_r,0.06153380035417309,2.788168655889174,366.6666666666667,2.7881686558891725
436,436,1,fam_r,0.06153380035417309,2.788168655889174,366.6666666666667,2.7881686558891725
437,437,2,fam_r,0.06153380035417309,2.788168655889174,366.6666666666667,2.7881686558891725
438,438,0,fam_r,0.06153380035417317,2.7881686558891725,366.6666666666667,2.7881686558891725
439,439,1,fam_r,0.06153380035417317,2.7881686558891725,366.6666666666667,2.7881686558891725
440,440,2,fam_r,0.06153380035417317,2.7881686558891725,366.6666666666667,2.7881686558891725
441,441,0,fam_r,0.06153380035417317,2.7881686558891725,366.6666666666667,2.7881686558891725
442,442,1,fam_r,0.06153380035417317,2.7881686558891725,366.6666666666667,2.7881686558891725
443,443,2,fam_r,0.06153380035417317,2.7881686558891725,366.6666666666667,2.7881686558891725
444,444,0,fam_r,0.06153380035417317,2.7881686558891725,366.6666666666667,2.7881686558891725
445,445,1,fam_r,0.06153380035417317,2.7881686558891725,366.6666666666667,2.7881686558891725
446,446,2,fam_r,0.06153380035417317,2.7881686558891725,366.6666666666667,2.7881686558891725
0,0,0,fam,0.06666666666666667,2.70805020110221,476.6666666666667,2.7881686558891725
1,1,1,fam,0.06153846153846154,2.7880929087757464,476.6666666666667,2.7881686558891725
2,2,2,fam,0.061533728174755796,2.788169828894241,476.6666666666667,2.7881686558891725
3,3,0,fam,0.06153380035891083,2.78816865581218,476.6666666666667,2.7881686558891725
4,4,1,fam,0.061533800354177826,2.788168655889097,476.6666666666667,2.7881686558891725
5,5,2,fam,0.06153380035417309,2.788168655889174,476.6666666666667,2.7881686558891725
6,6,0,fam,0.06153380035417317,2.7881686558891725,476.6666666666667,2.7881686558891725
7,7,1,fam,0.06153380035417317,2.7881686558891725,476.6666666666667,2.7881686558891725
8,8,2,fam,0.06153380035417317,2.7881686558891725,476.6666666666667,2.7881686558891725
9,9,0,fam,0.06153380035417317,2.7881686558891725,476.6666666666667,2.7881686558891725
10,10,1,fam,0.06153380035417317,2.7881686558891725,476.6666666666667,2.7881686558891725
11,11,2,fam,0.06153380035417317,2.7881686558891725,476.6666666666667,2.7881686558891725
12,12,0,fam,0.06153380035417317,2.7881686558891725,476.6666666666667,2.7881686558891725
13,13,1,fam,0.06153380035417317,2.7881686558891725,476.6666666666667,2.7881686558891725
14,14,2,fam,0.06153380035417317,2.7881686558891725,476.6666666666667,2.7881686558891725
15,15,0,fam,0.06153380035417317,2.7881686558891725,476.6666666666667,2.7881686558891725
16,16,1,fam,0.06153380035417317,2.7881686558891725,476.6666666666667,2.7881686558891725
17,17,2,fam,0.06153380035417317,2.7881686558891725,476.6666666666667,2.7881686558891725
18,18,0,fam,0.06153380035417317,2.7881686558891725,476.6666666666667,2.7881686558891725
19,19,1,fam,0.06153380035417317,2.7881686558891725,476.6666666666667,2.7881686558891725
20,20,2,fam,0.06153380035417317,2.7881686558891725,476.6666666666667,2.7881686558891725
21,21,0,fam,0.06153380035417317,2.7881686558891725,476.6666666666667,2.7881686558891725
22,22,1,fam,0.06153380035417317,2.7881686558891725,476.6666666666667,2.7881686558891725
23,23,2,fam,0.06153380035417317,2.7881686558891725,476.6666666666667,2.7881686558891725
24,24,0,fam,0.06153380035417317,2.7881686558891725,476.6666666666667,2.7881686558891725
25,25,1,fam,0.06153380035417317,2.7881686558891725,476.6666666666667,2.7881686558891725
26,26,2,fam,0.06153380035417317,2.7881686558891725,476.6666666666667,2.7881686558891725
27,27,0,fam,0.06153380035417317,2.7881686558891725,476.6666666666667,2.7881686558891725
28,28,1,fam,0.06153380035417317,2.7881686558891725,476.6666666666667,2.7881686558891725
29,29,2,fam,0.06153380035417317,2.7881686558891725,476.6666666666667,2.7881686558891725
30,30,0,fam,0.06153380035417317,2.7881686558891725,476.6666666666667,2.7881686558891725
31,31,1,fam,0.06153380035417317,2.7881686558891725,476.6666666666667,2.7881686558891725
32,32,2,fam,0.06153380035417317,2.7881686558891725,476.6666666666667,2.7881686558891725
33,33,0,fam,0.06153380035417317,2.7881686558891725,476.6666666666667,2.7881686558891725
34,34,1,fam,0.06153380035417317,2.7881686558891725,476.6666666666667,2.7881686558891725
35,35,2,fam,0.06153380035417317,2.7881686558891725,476.6666666666667,2.7881686558891725
36,36,0,fam,0.06153380035417317,2.7881686558891725,476.6666666666667,2.7881686558891725
37,37,1,fam,0.06153380035417317,2.7881686558891725,476.6666666666667,2.7881686558891725
38,38,2,fam,0.06153380035417317,2.7881686558891725,476.6666666666667,2.7881686558891725
39,39,0,fam,0.06153380035417317,2.7881686558891725,476.6666666666667,2.7881686558891725
40,40,1,fam,0.06153380035417317,2.7881686558891725,476.6666666666667,2.7881686558891725
41,41,2,fam,0.06153380035417317,2.7881686558891725,476.6666666666667,2.7881686558891725
42,42,0,fam,0.06153380035417317,2.7881686558891725,476.6666666666667,2.7881686558891725
43,43,1,fam,0.06153380035417317,2.7881686558891725,476.6666666666667,2.7881686558891725
44,44,2,fam,0.06153380035417317,2.7881686558891725,476.6666666666667,2.7881686558891725
45,45,0,fam,0.06153380035417317,2.7881686558891725,476.6666666666667,2.7881686558891725
46,46,1,fam,0.06153380035417317,2.7881686558891725,476.6666666666667,2.7881686558891725
47,47,2,fam,0.06153380035417317,2.7881686558891725,476.6666666666667,2.7881686558891725
48,48,0,fam,0.06153380035417317,2.7881686558891725,476.6666666666667,2.7881686558891725
49,49,1,fam,0.06153380035417317,2.7881686558891725,476.6666666666667,2.7881686558891725
50,50,2,fam,0.06153380035417317,2.7881686558891725,476.6666666666667,2.7881686558891725
51,51,0,fam,0.06153380035417317,2.7881686558891725,476.6666666666667,2.7881686558891725
52,52,1,fam,0.06153380035417317,2.7881686558891725,476.6666666666667,2.7881686558891725
53,53,2,fam,0.06153380035417317,2.7881686558891725,476.6666666666667,2.7881686558891725
54,54,0,fam,0.06153380035417317,2.7881686558891725,476.6666666666667,2.7881686558891725
55,55,1,fam,0.06153380035417317,2.7881686558891725,476.6666666666667,2.7881686558891725
56,56,2,fam,0.06153380035417317,2.7881686558891725,476.6666666666667,2.7881686558891725
57,57,0,fam,0.06153380035417317,2.7881686558891725,476.6666666666667,2.7881686558891725
58,58,1,fam,0.06153380035417317,2.7881686558891725,476.6666666666667,2.7881686558891725
59,59,2,fam,0.06153380035417317,2.7881686558891725,476.6666666666667,2.7881686558891725
60,60,0,fam,0.06153380035417317,2.7881686558891725,476.6666666666667,2.7881686558891725
61,61,1,fam,0.06153380035417317,2.7881686558891725,476.6666666666667,2.7881686558891725
62,62,2,fam,0.06153380035417317,2.7881686558891725,476.6666666666667,2.7881686558891725
63,63,0,fam,0.06153380035417317,2.7881686558891725,476.6666666666667,2.7881686558891725
64,64,1,fam,0.06153380035417317,2.7881686558891725,476.6666666666667,2.7881686558891725
65,65,2,fam,0.06153380035417317,2.7881686558891725,476.6666666666667,2.7881686558891725
66,66,3,recov,0.061533723437018795,2.7881699058883926,476.6666666666667,2.7881686558891725
67,67,4,recov,0.061533723437018795,2.7881699058883926,476.6666666666667,2.7881686558891725
68,68,5,recov,0.061533723437018795,2.7881699058883926,476.6666666666667,2.7881686558891725
69,69,3,recov,0.06153380035417309,2.788168655889174,476.6666666666667,2.7881686558891725
70,70,4,recov,0.06153380035417309,2.788168655889174,476.6666666666667,2.7881686558891725
71,71,5,recov,0.06153380035417309,2.788168655889174,476.6666666666667,2.7881686558891725
72,72,3,recov,0.06153380035417317,2.7881686558891725,476.6666666666667,2.7881686558891725
73,73,4,recov,0.06153380035417317,2.7881686558891725,476.6666666666667,2.7881686558891725
74,74,5,recov,0.06153380035417317,2.7881686558891725,476.6666666666667,2.7881686558891725
75,75,3,recov,0.06153380035417317,2.7881686558891725,476.6666666666667,2.7881686558891725
76,76,4,recov,0.06153380035417317,2.7881686558891725,476.6666666666667,2.7881686558891725
77,77,5,recov,0.06153380035417317,2.7881686558891725,476.6666666666667,2.7881686558891725
78,78,3,recov,0.06153380035417317,2.7881686558891725,476.6666666666667,2.7881686558891725
79,79,4,recov,0.06153380035417317,2.7881686558891725,476.6666666666667,2.7881686558891725
80,80,5,recov,0.06153380035417317,2.7881686558891725,476.6666666666667,2.7881686558891725
81,81,3,recov,0.06153380035417317,2.7881686558891725,476.6666666666667,2.7881686558891725
82,82,4,recov,0.06153380035417317,2.7881686558891725,476.6666666666667,2.7881686558891725
83,83,5,recov,0.06153380035417317,2.7881686558891725,476.6666666666667,2.7881686558891725
84,84,3,recov,0.06153380035417317,2.7881686558891725,476.6666666666667,2.7881686558891725
85,85,4,recov,0.06153380035417317,2.7881686558891725,476.6666666666667,2.7881686558891725
86,86,5,recov,0.06153380035417317,2.7881686558891725,476.6666666666667,2.7881686558891725
87,87,3,recov,0.06153380035417317,2.7881686558891725,476.6666666666667,2.7881686558891725
88,88,4,recov,0.06153380035417317,2.7881686558891725,476.6666666666667,2.7881686558891725
89,89,5,recov,0.06153380035417317,2.7881686558891725,476.6666666666667,2.7881686558891725
90,90,3,recov,0.06153380035417317,2.7881686558891725,476.6666666666667,2.7881686558891725
91,91,4,recov,0.06153380035417317,2.7881686558891725,476.6666666666667,2.7881686558891725
92,92,5,recov,0.06153380035417317,2.7881686558891725,476.6666666666667,2.7881686558891725
93,93,3,recov,0.06153380035417317,2.7881686558891725,476.6666666666667,2.7881686558891725
94,94,4,recov,0.06153380035417317,2.7881686558891725,476.6666666666667,2.7881686558891725
95,95,5,recov,0.06153380035417317,2.7881686558891725,476.6666666666667,2.7881686558891725
96,96,3,recov,0.06153380035417317,2.7881686558891725,476.6666666666667,2.7881686558891725
97,97,4,recov,0.06153380035417317,2.7881686558891725,476.6666666666667,2.7881686558891725
98,98,5,recov,0.06153380035417317,2.7881686558891725,476.6666666666667,2.7881686558891725
99,99,3,recov,0.06153380035417317,2.7881686558891725,476.6666666666667,2.7881686558891725
100,100,4,recov,0.06153380035417317,2.7881686558891725,476.6666666666667,2.7881686558891725
101,101,5,recov,0.06153380035417317,2.7881686558891725,476.6666666666667,2.7881686558891725
102,102,3,recov,0.06153380035417317,2.7881686558891725,476.6666666666667,2.7881686558891725
103,103,4,recov,0.06153380035417317,2.7881686558891725,476.6666666666667,2.7881686558891725
104,104,5,recov,0.06153380035417317,2.7881686558891725,476.6666666666667,2.7881686558891725
105,105,3,recov,0.06153380035417317,2.7881686558891725,476.6666666666667,2.7881686558891725
106,106,4,recov,0.06153380035417317,2.7881686558891725,476.6666666666667,2.7881686558891725
107,107,5,recov,0.06153380035417317,2.7881686558891725,476.6666666666667,2.7881686558891725
108,108,3,recov,0.06153380035417317,2.7881686558891725,476.6666666666667,2.7881686558891725
109,109,4,recov,0.06153380035417317,2.7881686558891725,476.6666666666667,2.7881686558891725
110,110,5,recov,0.06153380035417317,2.7881686558891725,476.6666666666667,2.7881686558891725
111,111,3,recov,0.06153380035417317,2.7881686558891725,476.6666666666667,2.7881686558891725
112,112,4,recov,0.06153380035417317,2.7881686558891725,476.6666666666667,2.7881686558891725
113,113,5,recov,0.06153380035417317,2.7881686558891725,476.6666666666667,2.7881686558891725
114,114,3,recov,0.06153380035417317,2.7881686558891725,476.6666666666667,2.7881686558891725
115,115,4,recov,0.06153380035417317,2.7881686558891725,476.6666666666667,2.7881686558891725
116,116,5,recov,0.06153380035417317,2.7881686558891725,476.6666666666667,2.7881686558891725
117,117,3,recov,0.06153380035417317,2.7881686558891725,476.6666666666667,2.7881686558891725
118,118,4,recov,0.06153380035417317,2.7881686558891725,476.6666666666667,2.7881686558891725
119,119,5,recov,0.06153380035417317,2.7881686558891725,476.6666666666667,2.7881686558891725
120,120,3,recov,0.06153380035417317,2.7881686558891725,476.6666666666667,2.7881686558891725
121,121,4,recov,0.06153380035417317,2.7881686558891725,476.6666666666667,2.7881686558891725
122,122,5,recov,0.06153380035417317,2.7881686558891725,476.6666666666667,2.7881686558891725
123,123,3,recov,0.06153380035417317,2.7881686558891725,476.6666666666667,2.7881686558891725
124,124,4,recov,0.06153380035417317,2.7881686558891725,476.6666666666667,2.7881686558891725
125,125,5,recov,0.06153380035417317,2.7881686558891725,476.6666666666667,2.7881686558891725
126,126,3,recov,0.06153380035417317,2.7881686558891725,476.6666666666667,2.7881686558891725
127,127,4,recov,0.06153380035417317,2.7881686558891725,476.6666666666667,2.7881686558891725
128,128,5,recov,0.06153380035417317,2.7881686558891725,476.6666666666667,2.7881686558891725
129,129,3,recov,0.06153380035417317,2.7881686558891725,476.6666666666667,2.7881686558891725
130,130,4,recov,0.06153380035417317,2.7881686558891725,476.6666666666667,2.7881686558891725
131,131,5,recov,0.06153380035417317,2.7881686558891725,476.6666666666667,2.7881686558891725
132,132,3,recov,0.06153380035417317,2.7881686558891725,476.6666666666667,2.7881686558891725
133,133,4,recov,0.06153380035417317,2.7881686558891725,476.6666666666667,2.7881686558891725
134,134,5,recov,0.06153380035417317,2.7881686558891725,476.6666666666667,2.7881686558891725
135,135,3,recov,0.06153380035417317,2.7881686558891725,476.6666666666667,2.7881686558891725
136,136,4,recov,0.06153380035417317,2.7881686558891725,476.6666666666667,2.7881686558891725
137,137,5,recov,0.06153380035417317,2.7881686558891725,476.6666666666667,2.7881686558891725
138,138,3,recov,0.06153380035417317,2.7881686558891725,476.6666666666667,2.7881686558891725
139,139,4,recov,0.06153380035417317,2.7881686558891725,476.6666666666667,2.7881686558891725
140,140,5,recov,0.06153380035417317,2.7881686558891725,476.6666666666667,2.7881686558891725
141,141,3,recov,0.06153380035417317,2.7881686558891725,476.6666666666667,2.7881686558891725
142,142,4,recov,0.06153380035417317,2.7881686558891725,476.6666666666667,2.7881686558891725
143,143,5,recov,0.06153380035417317,2.7881686558891725,476.6666666666667,2.7881686558891725
144,144,3,recov,0.06153380035417317,2.7881686558891725,476.6666666666667,2.7881686558891725
145,145,4,recov,0.06153380035417317,2.7881686558891725,476.6666666666667,2.7881686558891725
146,146,5,recov,0.06153380035417317,2.7881686558891725,476.6666666666667,2.7881686558891725
147,147,3,recov,0.06153380035417317,2.7881686558891725,476.6666666666667,2.7881686558891725
148,148,4,recov,0.06153380035417317,2.7881686558891725,476.6666666666667,2.7881686558891725
149,149,5,recov,0.06153380035417317,2.7881686558891725,476.6666666666667,2.7881686558891725
150,150,3,recov,0.06153380035417317,2.7881686558891725,476.6666666666667,2.7881686558891725
151,151,4,recov,0.06153380035417317,2.7881686558891725,476.6666666666667,2.7881686558891725
152,152,5,recov,0.06153380035417317,2.7881686558891725,476.6666666666667,2.7881686558891725
153,153,3,recov,0.06153380035417317,2.7881686558891725,476.6666666666667,2.7881686558891725
154,154,4,recov,0.06153380035417317,2.7881686558891725,476.6666666666667,2.7881686558891725
155,155,5,recov,0.06153380035417317,2.7881686558891725,476.6666666666667,2.7881686558891725
156,156,3,recov,0.06153380035417317,2.7881686558891725,476.6666666666667,2.7881686558891725
157,157,4,recov,0.06153380035417317,2.7881686558891725,476.6666666666667,2.7881686558891725
158,158,5,recov,0.06153380035417317,2.7881686558891725,476.6666666666667,2.7881686558891725
159,159,3,recov,0.06153380035417317,2.7881686558891725,476.6666666666667,2.7881686558891725
160,160,4,recov,0.06153380035417317,2.7881686558891725,476.6666666666667,2.7881686558891725
161,161,5,recov,0.06153380035417317,2.7881686558891725,476.6666666666667,2.7881686558891725
162,162,3,recov,0.06153380035417317,2.7881686558891725,476.6666666666667,2.7881686558891725
163,163,4,recov,0.06153380035417317,2.7881686558891725,476.6666666666667,2.7881686558891725
164,164,5,recov,0.06153380035417317,2.7881686558891725,476.6666666666667,2.7881686558891725
165,165,3,recov,0.06153380035417317,2.7881686558891725,476.6666666666667,2.7881686558891725
166,166,4,recov,0.06153380035417317,2.7881686558891725,476.6666666666667,2.7881686558891725
167,167,5,recov,0.06153380035417317,2.7881686558891725,476.6666666666667,2.7881686558891725
168,168,3,recov,0.06153380035417317,2.7881686558891725,476.6666666666667,2.7881686558891725
169,169,4,recov,0.06153380035417317,2.7881686558891725,476.6666666666667,2.7881686558891725
170,170,5,recov,0.06153380035417317,2.7881686558891725,476.6666666666667,2.7881686558891725
171,171,3,recov,0.06153380035417317,2.7881686558891725,476.6666666666667,2.7881686558891725
172,172,4,recov,0.06153380035417317,2.7881686558891725,476.6666666666667,2.7881686558891725
173,173,5,recov,0.06153380035417317,2.7881686558891725,476.6666666666667,2.7881686558891725
174,174,3,recov,0.06153380035417317,2.7881686558891725,476.6666666666667,2.7881686558891725
175,175,4,recov,0.06153380035417317,2.7881686558891725,476.6666666666667,2.7881686558891725
176,176,5,recov,0.06153380035417317,2.7881686558891725,476.6666666666667,2.7881686558891725
177,177,3,recov,0.06153380035417317,2.7881686558891725,476.6666666666667,2.7881686558891725
178,178,4,recov,0.06153380035417317,2.7881686558891725,476.6666666666667,2.7881686558891725
179,179,5,recov,0.06153380035417317,2.7881686558891725,476.6666666666667,2.7881686558891725
180,180,3,recov,0.06153380035417317,2.7881686558891725,476.6666666666667,2.7881686558891725
181,181,4,recov,0.06153380035417317,2.7881686558891725,476.6666666666667,2.7881686558891725
182,182,5,recov,0.06153380035417317,2.7881686558891725,476.6666666666667,2.7881686558891725
183,183,3,recov,0.06153380035417317,2.7881686558891725,476.6666666666667,2.7881686558891725
184,184,4,recov,0.06153380035417317,2.7881686558891725,476.6666666666667,2.7881686558891725
185,185,5,recov,0.06153380035417317,2.7881686558891725,476.6666666666667,2.7881686558891725
186,186,3,recov,0.06153380035417317,2.7881686558891725,476.6666666666667,2.7881686558891725
187,187,4,recov,0.06153380035417317,2.7881686558891725,476.6666666666667,2.7881686558891725
188,188,5,recov,0.06153380035417317,2.7881686558891725,476.6666666666667,2.7881686558891725
189,189,3,recov,0.06153380035417317,2.7881686558891725,476.6666666666667,2.7881686558891725
190,190,4,recov,0.06153380035417317,2.7881686558891725,476.6666666666667,2.7881686558891725
191,191,5,recov,0.06153380035417317,2.7881686558891725,476.6666666666667,2.7881686558891725
192,192,3,recov,0.06153380035417317,2.7881686558891725,476.6666666666667,2.7881686558891725
193,193,4,recov,0.06153380035417317,2.7881686558891725,476.6666666666667,2.7881686558891725
194,194,5,recov,0.06153380035417317,2.7881686558891725,476.6666666666667,2.7881686558891725
195,195,3,recov,0.06153380035417317,2.7881686558891725,476.6666666666667,2.7881686558891725
196,196,4,recov,0.06153380035417317,2.7881686558891725,476.6666666666667,2.7881686558891725
197,197,5,recov,0.06153380035417317,2.7881686558891725,476.6666666666667,2.7881686558891725
198,198,3,recov,0.06153380035417317,2.7881686558891725,476.6666666666667,2.7881686558891725
199,199,4,recov,0.06153380035417317,2.7881686558891725,476.6666666666667,2.7881686558891725
200,200,5,recov,0.06153380035417317,2.7881686558891725,476.6666666666667,2.7881686558891725
201,201,3,recov,0.06153380035417317,2.7881686558891725,476.6666666666667,2.7881686558891725
202,202,4,recov,0.06153380035417317,2.7881686558891725,476.6666666666667,2.7881686558891725
203,203,5,recov,0.06153380035417317,2.7881686558891725,476.6666666666667,2.7881686558891725
204,204,3,recov,0.06153380035417317,2.7881686558891725,476.6666666666667,2.7881686558891725
205,205,4,recov,0.06153380035417317,2.7881686558891725,476.6666666666667,2.7881686558891725
206,206,5,recov,0.06153380035417317,2.7881686558891725,476.6666666666667,2.7881686558891725
207,207,3,recov,0.06153380035417317,2.7881686558891725,476.6666666666667,2.7881686558891725
208,208,4,recov,0.06153380035417317,2.7881686558891725,476.6666666666667,2.7881686558891725
209,209,5,recov,0.06153380035417317,2.7881686558891725,476.6666666666667,2.7881686558891725
210,210,3,recov,0.06153380035417317,2.7881686558891725,476.6666666666667,2.7881686558891725
211,211,4,recov,0.06153380035417317,2.7881686558891725,476.6666666666667,2.7881686558891725
212,212,5,recov,0.06153380035417317,2.7881686558891725,476.6666666666667,2.7881686558891725
213,213,3,recov,0.06153380035417317,2.7881686558891725,476.6666666666667,2.7881686558891725
214,214,4,recov,0.06153380035417317,2.7881686558891725,476.6666666666667,2.7881686558891725
215,215,5,recov,0.06153380035417317,2.7881686558891725,476.6666666666667,2.7881686558891725
216,216,3,recov,0.06153380035417317,2.7881686558891725,476.6666666666667,2.7881686558891725
217,217,4,recov,0.06153380035417317,2.7881686558891725,476.6666666666667,2.7881686558891725
218,218,5,recov,0.06153380035417317,2.7881686558891725,476.6666666666667,2.7881686558891725
219,219,3,recov,0.06153380035417317,2.7881686558891725,476.6666666666667,2.7881686558891725
220,220,4,recov,0.06153380035417317,2.7881686558891725,476.6666666666667,2.7881686558891725
221,221,5,recov,0.06153380035417317,2.7881686558891725,476.6666666666667,2.7881686558891725
222,222,3,recov,0.06153380035417317,2.7881686558891725,476.6666666666667,2.7881686558891725
223,223,4,recov,0.06153380035417317,2.7881686558891725,476.6666666666667,2.7881686558891725
224,224,5,recov,0.06153380035417317,2.7881686558891725,476.6666666666667,2.7881686558891725
225,225,3,recov,0.06153380035417317,2.7881686558891725,476.6666666666667,2.7881686558891725
226,226,4,recov,0.06153380035417317,2.7881686558891725,476.6666666666667,2.7881686558891725
227,227,5,recov,0.06153380035417317,2.7881686558891725,476.6666666666667,2.7881686558891725
228,228,3,recov,0.06153380035417317,2.7881686558891725,476.6666666666667,2.7881686558891725
229,229,4,recov,0.06153380035417317,2.7881686558891725,476.6666666666667,2.7881686558891725
230,230,5,recov,0.06153380035417317,2.7881686558891725,476.6666666666667,2.7881686558891725
231,231,3,recov,0.06153380035417317,2.7881686558891725,476.6666666666667,2.7881686558891725
232,232,4,recov,0.06153380035417317,2.7881686558891725,476.6666666666667,2.7881686558891725
233,233,5,recov,0.06153380035417317,2.7881686558891725,476.6666666666667,2.7881686558891725
234,234,3,recov,0.06153380035417317,2.7881686558891725,476.6666666666667,2.7881686558891725
235,235,4,recov,0.06153380035417317,2.7881686558891725,476.6666666666667,2.7881686558891725
236,236,5,recov,0.06153380035417317,2.7881686558891725,476.6666666666667,2.7881686558891725
237,237,3,recov,0.06153380035417317,2.7881686558891725,476.6666666666667,2.7881686558891725
238,238,4,recov,0.06153380035417317,2.7881686558891725,476.6666666666667,2.7881686558891725
239,239,5,recov,0.06153380035417317,2.7881686558891725,476.6666666666667,2.7881686558891725
240,240,3,recov,0.06153380035417317,2.7881686558891725,476.6666666666667,2.7881686558891725
241,241,4,recov,0.06153380035417317,2.7881686558891725,476.6666666666667,2.7881686558891725
242,242,5,recov,0.06153380035417317,2.7881686558891725,476.6666666666667,2.7881686558891725
243,243,3,recov,0.06153380035417317,2.7881686558891725,476.6666666666667,2.7881686558891725
244,244,4,recov,0.06153380035417317,2.7881686558891725,476.6666666666667,2.7881686558891725
245,245,5,recov,0.06153380035417317,2.7881686558891725,476.6666666666667,2.7881686558891725
246,246,3,recov,0.06153380035417317,2.7881686558891725,476.6666666666667,2.7881686558891725
247,247,4,recov,0.06153380035417317,2.7881686558891725,476.6666666666667,2.7881686558891725
248,248,5,recov,0.06153380035417317,2.7881686558891725,476.6666666666667,2.7881686558891725
249,249,3,recov,0.06153380035417317,2.7881686558891725,476.6666666666667,2.7881686558891725
250,250,4,recov,0.06153380035417317,2.7881686558891725,476.6666666666667,2.7881686558891725
251,251,5,recov,0.06153380035417317,2.7881686558891725,476.6666666666667,2.7881686558891725
252,252,3,recov,0.06153380035417317,2.7881686558891725,476.6666666666667,2.7881686558891725
253,253,4,recov,0.06153380035417317,2.7881686558891725,476.6666666666667,2.7881686558891725
254,254,5,recov,0.06153380035417317,2.7881686558891725,476.6666666666667,2.7881686558891725
255,255,3,recov,0.06153380035417317,2.7881686558891725,476.6666666666667,2.7881686558891725
256,256,4,recov,0.06153380035417317,2.7881686558891725,476.6666666666667,2.7881686558891725
257,257,5,recov,0.06153380035417317,2.7881686558891725,476.6666666666667,2.7881686558891725
258,258,3,recov,0.06153380035417317,2.7881686558891725,476.6666666666667,2.7881686558891725
259,259,4,recov,0.06153380035417317,2.7881686558891725,476.6666666666667,2.7881686558891725
260,260,5,recov,0.06153380035417317,2.7881686558891725,476.6666666666667,2.7881686558891725
261,261,3,recov,0.06153380035417317,2.7881686558891725,476.6666666666667,2.7881686558891725
262,262,4,recov,0.06153380035417317,2.7881686558891725,476.6666666666667,2.7881686558891725
263,263,5,recov,0.06153380035417317,2.7881686558891725,476.6666666666667,2.7881686558891725
264,264,3,recov,0.06153380035417317,2.7881686558891725,476.6666666666667,2.7881686558891725
265,265,4,recov,0.06153380035417317,2.7881686558891725,476.6666666666667,2.7881686558891725
266,266,5,recov,0.06153380035417317,2.7881686558891725,476.6666666666667,2.7881686558891725
267,267,3,recov,0.06153380035417317,2.7881686558891725,476.6666666666667,2.7881686558891725
268,268,4,recov,0.06153380035417317,2.7881686558891725,476.6666666666667,2.7881686558891725
269,269,5,recov,0.06153380035417317,2.7881686558891725,476.6666666666667,2.7881686558891725
270,270,3,recov,0.06153380035417317,2.7881686558891725,476.6666666666667,2.7881686558891725
271,271,4,recov,0.06153380035417317,2.7881686558891725,476.6666666666667,2.7881686558891725
272,272,5,recov,0.06153380035417317,2.7881686558891725,476.6666666666667,2.7881686558891725
273,273,3,recov,0.06153380035417317,2.7881686558891725,476.6666666666667,2.7881686558891725
274,274,4,recov,0.06153380035417317,2.7881686558891725,476.6666666666667,2.7881686558891725
275,275,5,recov,0.06153380035417317,2.7881686558891725,476.6666666666667,2.7881686558891725
276,276,3,recov,0.06153380035417317,2.7881686558891725,476.6666666666667,2.7881686558891725
277,277,4,recov,0.06153380035417317,2.7881686558891725,476.6666666666667,2.7881686558891725
278,278,5,recov,0.06153380035417317,2.7881686558891725,476.6666666666667,2.7881686558891725
279,279,3,recov,0.06153380035417317,2.7881686558891725,476.6666666666667,2.7881686558891725
280,280,4,recov,0.06153380035417317,2.7881686558891725,476.6666666666667,2.7881686558891725
281,281,5,recov,0.06153380035417317,2.7881686558891725,476.6666666666667,2.7881686558891725
282,282,3,recov,0.06153380035417317,2.7881686558891725,476.6666666666667,2.7881686558891725
283,283,4,recov,0.06153380035417317,2.7881686558891725,476.6666666666667,2.7881686558891725
284,284,5,recov,0.06153380035417317,2.7881686558891725,476.6666666666667,2.7881686558891725
285,285,3,recov,0.06153380035417317,2.7881686558891725,476.6666666666667,2.7881686558891725
286,286,4,recov,0.06153380035417317,2.7881686558891725,476.6666666666667,2.7881686558891725
287,287,5,recov,0.06153380035417317,2.7881686558891725,476.6666666666667,2.7881686558891725
288,288,3,recov,0.06153380035417317,2.7881686558891725,476.6666666666667,2.7881686558891725
289,289,4,recov,0.06153380035417317,2.7881686558891725,476.6666666666667,2.7881686558891725
290,290,5,recov,0.06153380035417317,2.7881686558891725,476.6666666666667,2.7881686558891725
291,291,3,recov,0.06153380035417317,2.7881686558891725,476.6666666666667,2.7881686558891725
292,292,4,recov,0.06153380035417317,2.7881686558891725,476.6666666666667,2.7881686558891725
293,293,5,recov,0.06153380035417317,2.7881686558891725,476.6666666666667,2.7881686558891725
294,294,3,recov,0.06153380035417317,2.7881686558891725,476.6666666666667,2.7881686558891725
295,295,4,recov,0.06153380035417317,2.7881686558891725,476.6666666666667,2.7881686558891725
296,296,5,recov,0.06153380035417317,2.7881686558891725,476.6666666666667,2.7881686558891725
297,297,3,recov,0.06153380035417317,2.7881686558891725,476.6666666666667,2.7881686558891725
298,298,4,recov,0.06153380035417317,2.7881686558891725,476.6666666666667,2.7881686558891725
299,299,5,recov,0.06153380035417317,2.7881686558891725,476.6666666666667,2.7881686558891725
300,300,3,recov,0.06153380035417317,2.7881686558891725,476.6666666666667,2.7881686558891725
301,301,4,recov,0.06153380035417317,2.7881686558891725,476.6666666666667,2.7881686558891725
302,302,5,recov,0.06153380035417317,2.7881686558891725,476.6666666666667,2.7881686558891725
303,303,3,recov,0.06153380035417317,2.7881686558891725,476.6666666666667,2.7881686558891725
304,304,4,recov,0.06153380035417317,2.7881686558891725,476.6666666666667,2.7881686558891725
305,305,5,recov,0.06153380035417317,2.7881686558891725,476.6666666666667,2.7881686558891725
306,306,3,recov,0.06153380035417317,2.7881686558891725,476.6666666666667,2.7881686558891725
307,307,4,recov,0.06153380035417317,2.7881686558891725,476.6666666666667,2.7881686558891725
308,308,5,recov,0.06153380035417317,2.7881686558891725,476.6666666666667,2.7881686558891725
309,309,3,recov,0.06153380035417317,2.7881686558891725,476.6666666666667,2.7881686558891725
310,310,4,recov,0.06153380035417317,2.7881686558891725,476.6666666666667,2.7881686558891725
311,311,5,recov,0.06153380035417317,2.7881686558891725,476.6666666666667,2.7881686558891725
312,312,3,recov,0.06153380035417317,2.7881686558891725,476.6666666666667,2.7881686558891725
313,313,4,recov,0.06153380035417317,2.7881686558891725,476.6666666666667,2.7881686558891725
314,314,5,recov,0.06153380035417317,2.7881686558891725,476.6666666666667,2.7881686558891725
315,315,3,recov,0.06153380035417317,2.7881686558891725,476.6666666666667,2.7881686558891725
316,316,4,recov,0.06153380035417317,2.7881686558891725,476.6666666666667,2.7881686558891725
317,317,5,recov,0.06153380035417317,2.7881686558891725,476.6666666666667,2.7881686558891725
318,318,3,recov,0.06153380035417317,2.7881686558891725,476.6666666666667,2.7881686558891725
319,319,4,recov,0.06153380035417317,2.7881686558891725,476.6666666666667,2.7881686558891725
320,320,5,recov,0.06153380035417317,2.7881686558891725,476.6666666666667,2.7881686558891725
321,321,3,recov,0.06153380035417317,2.7881686558891725,476.6666666666667,2.7881686558891725
322,322,4,recov,0.06153380035417317,2.7881686558891725,476.6666666666667,2.7881686558891725
323,323,5,recov,0.06153380035417317,2.7881686558891725,476.6666666666667,2.7881686558891725
324,324,3,recov,0.06153380035417317,2.7881686558891725,476.6666666666667,2.7881686558891725
325,325,4,recov,0.06153380035417317,2.7881686558891725,476.6666666666667,2.7881686558891725
326,326,5,recov,0.06153380035417317,2.7881686558891725,476.6666666666667,2.7881686558891725
327,327,3,recov,0.06153380035417317,2.7881686558891725,476.6666666666667,2.7881686558891725
328,328,4,recov,0.06153380035417317,2.7881686558891725,476.6666666666667,2.7881686558891725
329,329,5,recov,0.06153380035417317,2.7881686558891725,476.6666666666667,2.7881686558891725
330,330,3,recov,0.06153380035417317,2.7881686558891725,476.6666666666667,2.7881686558891725
331,331,4,recov,0.06153380035417317,2.7881686558891725,476.6666666666667,2.7881686558891725
332,332,5,recov,0.06153380035417317,2.7881686558891725,476.6666666666667,2.7881686558891725
333,333,3,recov,0.06153380035417317,2.7881686558891725,476.6666666666667,2.7881686558891725
334,334,4,recov,0.06153380035417317,2.7881686558891725,476.6666666666667,2.7881686558891725
335,335,5,recov,0.06153380035417317,2.7881686558891725,476.6666666666667,2.7881686558891725
336,336,3,recov,0.06153380035417317,2.7881686558891725,476.6666666666667,2.7881686558891725
337,337,4,recov,0.06153380035417317,2.7881686558891725,476.6666666666667,2.7881686558891725
338,338,5,recov,0.06153380035417317,2.7881686558891725,476.6666666666667,2.7881686558891725
339,339,3,recov,0.06153380035417317,2.7881686558891725,476.6666666666667,2.7881686558891725
340,340,4,recov,0.06153380035417317,2.7881686558891725,476.6666666666667,2.7881686558891725
341,341,5,recov,0.06153380035417317,2.7881686558891725,476.6666666666667,2.7881686558891725
342,342,3,recov,0.06153380035417317,2.7881686558891725,476.6666666666667,2.7881686558891725
343,343,4,recov,0.06153380035417317,2.7881686558891725,476.6666666666667,2.7881686558891725
344,344,5,recov,0.06153380035417317,2.7881686558891725,476.6666666666667,2.7881686558891725
345,345,3,recov,0.06153380035417317,2.7881686558891725,476.6666666666667,2.7881686558891725
346,346,4,recov,0.06153380035417317,2.7881686558891725,476.6666666666667,2.7881686558891725
347,347,5,recov,0.06153380035417317,2.7881686558891725,476.6666666666667,2.7881686558891725
348,348,3,recov,0.06153380035417317,2.7881686558891725,476.6666666666667,2.7881686558891725
349,349,4,recov,0.06153380035417317,2.7881686558891725,476.6666666666667,2.7881686558891725
350,350,5,recov,0.06153380035417317,2.7881686558891725,476.6666666666667,2.7881686558891725
351,351,3,recov,0.06153380035417317,2.7881686558891725,476.6666666666667,2.7881686558891725
352,352,4,recov,0.06153380035417317,2.7881686558891725,476.6666666666667,2.7881686558891725
353,353,5,recov,0.06153380035417317,2.7881686558891725,476.6666666666667,2.7881686558891725
354,354,3,recov,0.06153380035417317,2.7881686558891725,476.6666666666667,2.7881686558891725
355,355,4,recov,0.06153380035417317,2.7881686558891725,476.6666666666667,2.7881686558891725
356,356,5,recov,0.06153380035417317,2.7881686558891725,476.6666666666667,2.7881686558891725
357,357,3,recov,0.06153380035417317,2.7881686558891725,476.6666666666667,2.7881686558891725
358,358,4,recov,0.06153380035417317,2.7881686558891725,476.6666666666667,2.7881686558891725
359,359,5,recov,0.06153380035417317,2.7881686558891725,476.6666666666667,2.7881686558891725
360,360,3,recov,0.06153380035417317,2.7881686558891725,476.6666666666667,2.7881686558891725
361,361,4,recov,0.06153380035417317,2.7881686558891725,476.6666666666667,2.7881686558891725
362,362,5,recov,0.06153380035417317,2.7881686558891725,476.6666666666667,2.7881686558891725
363,363,3,recov,0.06153380035417317,2.7881686558891725,476.6666666666667,2.7881686558891725
364,364,4,recov,0.06153380035417317,2.7881686558891725,476.6666666666667,2.7881686558891725
365,365,5,recov,0.06153380035417317,2.7881686558891725,476.6666666666667,2.7881686558891725
366,366,3,recov,0.06153380035417317,2.7881686558891725,476.6666666666667,2.7881686558891725
367,367,4,recov,0.06153380035417317,2.7881686558891725,476.6666666666667,2.7881686558891725
368,368,5,recov,0.06153380035417317,2.7881686558891725,476.6666666666667,2.7881686558891725
369,369,3,recov,0.06153380035417317,2.7881686558891725,476.6666666666667,2.7881686558891725
370,370,4,recov,0.06153380035417317,2.7881686558891725,476.6666666666667,2.7881686558891725
371,371,5,recov,0.06153380035417317,2.7881686558891725,476.6666666666667,2.7881686558891725
372,372,3,recov,0.06153380035417317,2.7881686558891725,476.6666666666667,2.7881686558891725
373,373,4,recov,0.06153380035417317,2.7881686558891725,476.6666666666667,2.7881686558891725
374,374,5,recov,0.06153380035417317,2.7881686558891725,476.6666666666667,2.7881686558891725
375,375,3,recov,0.06153380035417317,2.7881686558891725,476.6666666666667,2.7881686558891725
376,376,4,recov,0.06153380035417317,2.7881686558891725,476.6666666666667,2.7881686558891725
377,377,5,recov,0.06153380035417317,2.7881686558891725,476.6666666666667,2.7881686558891725
378,378,3,recov,0.06153380035417317,2.7881686558891725,476.6666666666667,2.7881686558891725
379,379,4,recov,0.06153380035417317,2.7881686558891725,476.6666666666667,2.7881686558891725
380,380,5,recov,0.06153380035417317,2.7881686558891725,476.6666666666667,2.7881686558891725
381,381,3,recov,0.06153380035417317,2.7881686558891725,476.6666666666667,2.7881686558891725
382,382,4,recov,0.06153380035417317,2.7881686558891725,476.6666666666667,2.7881686558891725
383,383,5,recov,0.06153380035417317,2.7881686558891725,476.6666666666667,2.7881686558891725
384,384,3,recov,0.06153380035417317,2.7881686558891725,476.6666666666667,2.7881686558891725
385,385,4,recov,0.06153380035417317,2.7881686558891725,476.6666666666667,2.7881686558891725
386,386,5,recov,0.06153380035417317,2.7881686558891725,476.6666666666667,2.7881686558891725
387,387,3,recov,0.06153380035417317,2.7881686558891725,476.6666666666667,2.7881686558891725
388,388,4,recov,0.06153380035417317,2.7881686558891725,476.6666666666667,2.7881686558891725
389,389,5,recov,0.06153380035417317,2.7881686558891725,476.6666666666667,2.7881686558891725
390,390,3,recov,0.06153380035417317,2.7881686558891725,476.6666666666667,2.7881686558891725
391,391,4,recov,0.06153380035417317,2.7881686558891725,476.6666666666667,2.7881686558891725
392,392,5,recov,0.06153380035417317,2.7881686558891725,476.6666666666667,2.7881686558891725
393,393,3,recov,0.06153380035417317,2.7881686558891725,476.6666666666667,2.7881686558891725
394,394,4,recov,0.06153380035417317,2.7881686558891725,476.6666666666667,2.7881686558891725
395,395,5,recov,0.06153380035417317,2.7881686558891725,476.6666666666667,2.7881686558891725
396,396,3,recov,0.06153380035417317,2.7881686558891725,476.6666666666667,2.7881686558891725
397,397,4,recov,0.06153380035417317,2.7881686558891725,476.6666666666667,2.7881686558891725
398,398,5,recov,0.06153380035417317,2.7881686558891725,476.6666666666667,2.7881686558891725
399,399,3,recov,0.06153380035417317,2.7881686558891725,476.6666666666667,2.7881686558891725
400,400,4,recov,0.06153380035417317,2.7881686558891725,476.6666666666667,2.7881686558891725
401,401,5,recov,0.06153380035417317,2.7881686558891725,476.6666666666667,2.7881686558891725
402,402,3,recov,0.06153380035417317,2.7881686558891725,476.6666666666667,2.7881686558891725
403,403,4,recov,0.06153380035417317,2.7881686558891725,476.6666666666667,2.7881686558891725
404,404,5,recov,0.06153380035417317,2.7881686558891725,476.6666666666667,2.7881686558891725
405,405,3,recov,0.06153380035417317,2.7881686558891725,476.6666666666667,2.7881686558891725
406,406,4,recov,0.06153380035417317,2.7881686558891725,476.6666666666667,2.7881686558891725
407,407,5,recov,0.06153380035417317,2.7881686558891725,476.6666666666667,2.7881686558891725
408,408,3,recov,0.06153380035417317,2.7881686558891725,476.6666666666667,2.7881686558891725
409,409,4,recov,0.06153380035417317,2.7881686558891725,476.6666666666667,2.7881686558891725
410,410,5,recov,0.06153380035417317,2.7881686558891725,476.6666666666667,2.7881686558891725
411,411,3,recov,0.06153380035417317,2.7881686558891725,476.6666666666667,2.7881686558891725
412,412,4,recov,0.06153380035417317,2.7881686558891725,476.6666666666667,2.7881686558891725
413,413,5,recov,0.06153380035417317,2.7881686558891725,476.6666666666667,2.7881686558891725
414,414,3,recov,0.06153380035417317,2.7881686558891725,476.6666666666667,2.7881686558891725
415,415,4,recov,0.06153380035417317,2.7881686558891725,476.6666666666667,2.7881686558891725
416,416,5,recov,0.06153380035417317,2.7881686558891725,476.6666666666667,2.7881686558891725
417,417,3,recov,0.06153380035417317,2.7881686558891725,476.6666666666667,2.7881686558891725
418,418,4,recov,0.06153380035417317,2.7881686558891725,476.6666666666667,2.7881686558891725
419,419,5,recov,0.06153380035417317,2.7881686558891725,476.6666666666667,2.7881686558891725
420,420,3,recov,0.06153380035417317,2.7881686558891725,476.6666666666667,2.7881686558891725
421,421,4,recov,0.06153380035417317,2.7881686558891725,476.6666666666667,2.7881686558891725
422,422,5,recov,0.06153380035417317,2.7881686558891725,476.6666666666667,2.7881686558891725
423,423,3,recov,0.06153380035417317,2.7881686558891725,476.6666666666667,2.7881686558891725
424,424,4,recov,0.06153380035417317,2.7881686558891725,476.6666666666667,2.7881686558891725
425,425,5,recov,0.06153380035417317,2.7881686558891725,476.6666666666667,2.7881686558891725
426,426,3,recov,0.06153380035417317,2.7881686558891725,476.6666666666667,2.7881686558891725
427,427,4,recov,0.06153380035417317,2.7881686558891725,476.6666666666667,2.7881686558891725
428,428,5,recov,0.06153380035417317,2.7881686558891725,476.6666666666667,2.7881686558891725
429,429,3,recov,0.06153380035417317,2.7881686558891725,476.6666666666667,2.7881686558891725
430,430,4,recov,0.06153380035417317,2.7881686558891725,476.6666666666667,2.7881686558891725
431,431,5,recov,0.06153380035417317,2.7881686558891725,476.6666666666667,2.7881686558891725
432,432,3,recov,0.06153380035417317,2.7881686558891725,476.6666666666667,2.7881686558891725
433,433,4,recov,0.06153380035417317,2.7881686558891725,476.6666666666667,2.7881686558891725
434,434,5,recov,0.06153380035417317,2.7881686558891725,476.6666666666667,2.7881686558891725
435,435,3,recov,0.06153380035417317,2.7881686558891725,476.6666666666667,2.7881686558891725
436,436,4,recov,0.06153380035417317,2.7881686558891725,476.6666666666667,2.7881686558891725
437,437,5,recov,0.06153380035417317,2.7881686558891725,476.6666666666667,2.7881686558891725
438,438,3,recov,0.06153380035417317,2.7881686558891725,476.6666666666667,2.7881686558891725
439,439,4,recov,0.06153380035417317,2.7881686558891725,476.6666666666667,2.7881686558891725
440,440,5,recov,0.06153380035417317,2.7881686558891725,476.6666666666667,2.7881686558891725
441,441,3,recov,0.06153380035417317,2.7881686558891725,476.6666666666667,2.7881686558891725
442,442,4,recov,0.06153380035417317,2.7881686558891725,476.6666666666667,2.7881686558891725
443,443,5,recov,0.06153380035417317,2.7881686558891725,476.6666666666667,2.7881686558891725
444,444,3,recov,0.06153380035417317,2.7881686558891725,476.6666666666667,2.7881686558891725
445,445,4,recov,0.06153380035417317,2.7881686558891725,476.6666666666667,2.7881686558891725
446,446,5,recov,0.06153380035417317,2.7881686558891725,476.6666666666667,2.7881686558891725
447,447,3,recov,0.06153380035417317,2.7881686558891725,476.6666666666667,2.7881686558891725
448,448,4,recov,0.06153380035417317,2.7881686558891725,476.6666666666667,2.7881686558891725
449,449,5,recov,0.06153380035417317,2.7881686558891725,476.6666666666667,2.7881686558891725
450,450,3,recov,0.06153380035417317,2.7881686558891725,476.6666666666667,2.7881686558891725
451,451,4,recov,0.06153380035417317,2.7881686558891725,476.6666666666667,2.7881686558891725
452,452,5,recov,0.06153380035417317,2.7881686558891725,476.6666666666667,2.7881686558891725
453,453,3,recov,0.06153380035417317,2.7881686558891725,476.6666666666667,2.7881686558891725
454,454,4,recov,0.06153380035417317,2.7881686558891725,476.6666666666667,2.7881686558891725
455,455,5,recov,0.06153380035417317,2.7881686558891725,476.6666666666667,2.7881686558891725
456,456,3,recov,0.06153380035417317,2.7881686558891725,476.6666666666667,2.7881686558891725
457,457,4,recov,0.06153380035417317,2.7881686558891725,476.6666666666667,2.7881686558891725
458,458,5,recov,0.06153380035417317,2.7881686558891725,476.6666666666667,2.7881686558891725
459,459,3,recov,0.06153380035417317,2.7881686558891725,476.6666666666667,2.7881686558891725
460,460,4,recov,0.06153380035417317,2.7881686558891725,476.6666666666667,2.7881686558891725
461,461,5,recov,0.06153380035417317,2.7881686558891725,476.6666666666667,2.7881686558891725
462,462,3,recov,0.06153380035417317,2.7881686558891725,476.6666666666667,2.7881686558891725
463,463,4,recov,0.06153380035417317,2.7881686558891725,476.6666666666667,2.7881686558891725
464,464,5,recov,0.06153380035417317,2.7881686558891725,476.6666666666667,2.7881686558891725
465,465,3,recov,0.06153380035417317,2.7881686558891725,476.6666666666667,2.7881686558891725
466,466,4,recov,0.06153380035417317,2.7881686558891725,476.6666666666667,2.7881686558891725
467,467,5,recov,0.06153380035417317,2.7881686558891725,476.6666666666667,2.7881686558891725
468,468,3,recov,0.06153380035417317,2.7881686558891725,476.6666666666667,2.7881686558891725
469,469,4,recov,0.06153380035417317,2.7881686558891725,476.6666666666667,2.7881686558891725
470,470,5,recov,0.06153380035417317,2.7881686558891725,476.6666666666667,2.7881686558891725
471,471,3,recov,0.06153380035417317,2.7881686558891725,476.6666666666667,2.7881686558891725
472,472,4,recov,0.06153380035417317,2.7881686558891725,476.6666666666667,2.7881686558891725
473,473,5,recov,0.06153380035417317,2.7881686558891725,476.6666666666667,2.7881686558891725
474,474,3,recov,0.06153380035417317,2.7881686558891725,476.6666666666667,2.7881686558891725
475,475,4,recov,0.06153380035417317,2.7881686558891725,476.6666666666667,2.7881686558891725
476,476,5,recov,0.06153380035417317,2.7881686558891725,476.6666666666667,2.7881686558891725
477,477,3,recov,0.06153380035417317,2.7881686558891725,476.6666666666667,2.7881686558891725
478,478,4,recov,0.06153380035417317,2.7881686558891725,476.6666666666667,2.7881686558891725
479,479,5,recov,0.06153380035417317,2.7881686558891725,476.6666666666667,2.7881686558891725
480,480,3,recov,0.06153380035417317,2.7881686558891725,476.6666666666667,2.7881686558891725
481,481,4,recov,0.06153380035417317,2.7881686558891725,476.6666666666667,2.7881686558891725
482,482,5,recov,0.06153380035417317,2.7881686558891725,476.6666666666667,2.7881686558891725
483,483,3,recov,0.06153380035417317,2.7881686558891725,476.6666666666667,2.7881686558891725
484,484,4,recov,0.06153380035417317,2.7881686558891725,476.6666666666667,2.7881686558891725
485,485,5,recov,0.06153380035417317,2.7881686558891725,476.6666666666667,2.7881686558891725
486,486,3,recov,0.06153380035417317,2.7881686558891725,476.6666666666667,2.7881686558891725
487,487,4,recov,0.06153380035417317,2.7881686558891725,476.6666666666667,2.7881686558891725
488,488,5,recov,0.06153380035417317,2.7881686558891725,476.6666666666667,2.7881686558891725
489,489,3,recov,0.06153380035417317,2.7881686558891725,476.6666666666667,2.7881686558891725
490,490,4,recov,0.06153380035417317,2.7881686558891725,476.6666666666667,2.7881686558891725
491,491,5,recov,0.06153380035417317,2.7881686558891725,476.6666666666667,2.7881686558891725
492,492,3,recov,0.06153380035417317,2.7881686558891725,476.6666666666667,2.7881686558891725
493,493,4,recov,0.06153380035417317,2.7881686558891725,476.6666666666667,2.7881686558891725
494,494,5,recov,0.06153380035417317,2.7881686558891725,476.6666666666667,2.7881686558891725
495,495,3,recov,0.06153380035417317,2.7881686558891725,476.6666666666667,2.7881686558891725
496,496,4,recov,0.06153380035417317,2.7881686558891725,476.6666666666667,2.7881686558891725
497,497,5,recov,0.06153380035417317,2.7881686558891725,476.6666666666667,2.7881686558891725
498,498,3,recov,0.06153380035417317,2.7881686558891725,476.6666666666667,2.7881686558891725
499,499,4,recov,0.06153380035417317,2.7881686558891725,476.6666666666667,2.7881686558891725
500,500,5,recov,0.06153380035417317,2.7881686558891725,476.6666666666667,2.7881686558891725
501,501,3,recov,0.06153380035417317,2.7881686558891725,476.6666666666667,2.7881686558891725
502,502,4,recov,0.06153380035417317,2.7881686558891725,476.6666666666667,2.7881686558891725
503,503,5,recov,0.06153380035417317,2.7881686558891725,476.6666666666667,2.7881686558891725
504,504,3,recov,0.06153380035417317,2.7881686558891725,476.6666666666667,2.7881686558891725
505,505,4,recov,0.06153380035417317,2.7881686558891725,476.6666666666667,2.7881686558891725
506,506,5,recov,0.06153380035417317,2.7881686558891725,476.6666666666667,2.7881686558891725
507,507,3,recov,0.06153380035417317,2.7881686558891725,476.6666666666667,2.7881686558891725
508,508,4,recov,0.06153380035417317,2.7881686558891725,476.6666666666667,2.7881686558891725
509,509,5,recov,0.06153380035417317,2.7881686558891725,476.6666666666667,2.7881686558891725
510,510,3,recov,0.06153380035417317,2.7881686558891725,476.6666666666667,2.7881686558891725
511,511,4,recov,0.06153380035417317,2.7881686558891725,476.6666666666667,2.7881686558891725
512,512,5,recov,0.06153380035417317,2.7881686558891725,476.6666666666667,2.7881686558891725
513,513,3,recov,0.06153380035417317,2.7881686558891725,476.6666666666667,2.7881686558891725
514,514,4,recov,0.06153380035417317,2.7881686558891725,476.6666666666667,2.7881686558891725
515,515,5,recov,0.06153380035417317,2.7881686558891725,476.6666666666667,2.7881686558891725
516,516,3,recov,0.06153380035417317,2.7881686558891725,476.6666666666667,2.7881686558891725
517,517,4,recov,0.06153380035417317,2.7881686558891725,476.6666666666667,2.7881686558891725
518,518,5,recov,0.06153380035417317,2.7881686558891725,476.6666666666667,2.7881686558891725
519,519,3,recov,0.06153380035417317,2.7881686558891725,476.6666666666667,2.7881686558891725
520,520,4,recov,0.06153380035417317,2.7881686558891725,476.6666666666667,2.7881686558891725
521,521,5,recov,0.06153380035417317,2.7881686558891725,476.6666666666667,2.7881686558891725
522,522,3,recov,0.06153380035417317,2.7881686558891725,476.6666666666667,2.7881686558891725
523,523,4,recov,0.06153380035417317,2.7881686558891725,476.6666666666667,2.7881686558891725
524,524,5,recov,0.06153380035417317,2.7881686558891725,476.6666666666667,2.7881686558891725
525,525,3,recov,0.06153380035417317,2.7881686558891725,476.6666666666667,2.7881686558891725
526,526,4,recov,0.06153380035417317,2.7881686558891725,476.6666666666667,2.7881686558891725
527,527,5,recov,0.06153380035417317,2.7881686558891725,476.6666666666667,2.7881686558891725
528,528,3,recov,0.06153380035417317,2.7881686558891725,476.6666666666667,2.7881686558891725
529,529,4,recov,0.06153380035417317,2.7881686558891725,476.6666666666667,2.7881686558891725
530,530,5,recov,0.06153380035417317,2.7881686558891725,476.6666666666667,2.7881686558891725
531,531,3,recov,0.06153380035417317,2.7881686558891725,476.6666666666667,2.7881686558891725
532,532,4,recov,0.06153380035417317,2.7881686558891725,476.6666666666667,2.7881686558891725
533,533,5,recov,0.06153380035417317,2.7881686558891725,476.6666666666667,2.7881686558891725
534,534,3,recov,0.06153380035417317,2.7881686558891725,476.6666666666667,2.7881686558891725
535,535,4,recov,0.06153380035417317,2.7881686558891725,476.6666666666667,2.7881686558891725
536,536,5,recov,0.06153380035417317,2.7881686558891725,476.6666666666667,2.7881686558891725
537,537,3,recov,0.06153380035417317,2.7881686558891725,476.6666666666667,2.7881686558891725
538,538,4,recov,0.06153380035417317,2.7881686558891725,476.6666666666667,2.7881686558891725
539,539,5,recov,0.06153380035417317,2.7881686558891725,476.6666666666667,2.7881686558891725
540,540,3,recov,0.06153380035417317,2.7881686558891725,476.6666666666667,2.7881686558891725
541,541,4,recov,0.06153380035417317,2.7881686558891725,476.6666666666667,2.7881686558891725
542,542,5,recov,0.06153380035417317,2.7881686558891725,476.6666666666667,2.7881686558891725
543,543,0,fam_r,0.061533723437018795,2.7881699058883926,476.6666666666667,2.7881686558891725
544,544,1,fam_r,0.061533723437018795,2.7881699058883926,476.6666666666667,2.7881686558891725
545,545,2,fam_r,0.061533723437018795,2.7881699058883926,476.6666666666667,2.7881686558891725
546,546,0,fam_r,0.06153380035417309,2.788168655889174,476.6666666666667,2.7881686558891725
547,547,1,fam_r,0.06153380035417309,2.788168655889174,476.6666666666667,2.7881686558891725
548,548,2,fam_r,0.06153380035417309,2.788168655889174,476.6666666666667,2.7881686558891725
549,549,0,fam_r,0.06153380035417317,2.7881686558891725,476.6666666666667,2.7881686558891725
550,550,1,fam_r,0.06153380035417317,2.7881686558891725,476.6666666666667,2.7881686558891725
551,551,2,fam_r,0.06153380035417317,2.7881686558891725,476.6666666666667,2.7881686558891725
552,552,0,fam_r,0.06153380035417317,2.7881686558891725,476.6666666666667,2.7881686558891725
553,553,1,fam_r,0.06153380035417317,2.7881686558891725,476.6666666666667,2.7881686558891725
554,554,2,fam_r,0.06153380035417317,2.7881686558891725,476.6666666666667,2.7881686558891725
555,555,0,fam_r,0.06153380035417317,2.7881686558891725,476.6666666666667,2.7881686558891725
556,556,1,fam_r,0.06153380035417317,2.7881686558891725,476.6666666666667,2.7881686558891725
557,557,2,fam_r,0.06153380035417317,2.7881686558891725,476.6666666666667,2.7881686558891725
