Unnamed: 0,mse_comb,grid_id,alph_leak,eps,k_alph,num_states_input,num_states_model,jack_mse_mean,jack_mse_std,jack_mse_se
0,2.0014546822612356e-05,0,0.0,1e-06,,13,13,2.2202143787612654e-05,1.6574779672900129e-06,1.6574779672900129e-06
0,2.0014546812986037e-05,1,0.0,1e-06,,13,15,2.220214377702278e-05,1.6574779673027196e-06,1.6574779673027196e-06
0,2.0014546774480817e-05,2,0.0,1e-06,,13,23,2.2202143734663374e-05,1.6574779673535387e-06,1.6574779673535387e-06
0,2.0014546581955947e-05,3,0.0,1e-06,,13,63,2.2202143522867705e-05,1.657477967607648e-06,1.657477967607648e-06
0,2.001454441619485e-05,4,0.0,1e-06,,13,513,2.220214114032461e-05,1.6574779704661298e-06,1.6574779704661298e-06
0,2.0014522773081014e-05,5,0.0,1e-06,,13,5013,2.2202117330863092e-05,1.6574779990287487e-06,1.6574779990287487e-06
0,1.9607808608051733e-05,6,0.0,1e-05,,13,13,2.1749366541018323e-05,1.6157420719248932e-06,1.6157420719248932e-06
0,1.960780849568949e-05,7,0.0,1e-05,,13,15,2.1749366417289784e-05,1.615742071672627e-06,1.615742071672627e-06
0,1.9607808046246543e-05,8,0.0,1e-05,,13,23,2.1749365922382243e-05,1.6157420706635702e-06,1.6157420706635702e-06
0,1.960780579917612e-05,9,0.0,1e-05,,13,63,2.1749363448003716e-05,1.615742065618557e-06,1.615742065618557e-06
0,1.9607780536195756e-05,10,0.0,1e-05,,13,513,2.174933562951079e-05,1.615742008892929e-06,1.615742008892929e-06
0,1.960752956659996e-05,11,0.0,1e-05,,13,5013,2.1749059275567698e-05,1.6157414447358305e-06,1.6157414447358305e-06
0,1.904837721588554e-05,12,0.0,0.0001,,13,13,2.1126331403700825e-05,1.5576877730719727e-06,1.5576877730719727e-06
0,1.9048375873459732e-05,13,0.0,0.0001,,13,15,2.112632992355111e-05,1.557687764018414e-06,1.557687764018414e-06
0,1.9048370504463326e-05,14,0.0,0.0001,,13,23,2.1126324003733047e-05,1.557687727808553e-06,1.557687727808553e-06
0,1.904834367643117e-05,15,0.0,0.0001,,13,63,2.1126294423367357e-05,1.5576875468640455e-06,1.5576875468640455e-06
0,1.904804379266355e-05,16,0.0,0.0001,,13,513,2.1125963778102144e-05,1.557685523200944e-06,1.557685523200944e-06
0,1.904522603751758e-05,17,0.0,0.0001,,13,5013,2.1122857377919636e-05,1.5576664261286847e-06,1.5576664261286847e-06
0,1.8233243825360215e-05,18,0.0,0.001,,13,13,2.0217968205015198e-05,1.4718978372377146e-06,1.4718978372377146e-06
0,1.8233227372971677e-05,19,0.0,0.001,,13,15,2.021795003163931e-05,1.471897630899423e-06,1.471897630899423e-06
0,1.8233161647576665e-05,20,0.0,0.001,,13,23,2.0217877431340824e-05,1.4718968065432676e-06,1.4718968065432676e-06
0,1.823283502473995e-05,21,0.0,0.001,,13,63,2.021751664941495e-05,1.471892708532181e-06,1.471892708532181e-06
0,1.822937409144372e-05,22,0.0,0.001,,13,513,2.021369439585073e-05,1.4718491669373956e-06,1.4718491669373956e-06
0,1.820703161040924e-05,23,0.0,0.001,,13,5013,2.0189061030578417e-05,1.4715728863820914e-06,1.4715728863820914e-06
0,1.6946918797204904e-05,24,0.0,0.01,,13,13,1.8783304084531077e-05,1.3341675614103062e-06,1.3341675614103062e-06
0,1.6946717242662266e-05,25,0.0,0.01,,13,15,1.8783080889283274e-05,1.3341634959096013e-06,1.3341634959096013e-06
0,1.6945920478288644e-05,26,0.0,0.01,,13,23,1.8782198622764795e-05,1.3341474197555706e-06,1.3341474197555706e-06
0,1.6942147259122683e-05,27,0.0,0.01,,13,63,1.8778021535024654e-05,1.3340712221531248e-06,1.3340712221531248e-06
0,1.6913552065943035e-05,28,0.0,0.01,,13,513,1.87464408840744e-05,1.3335092438660603e-06,1.3335092438660603e-06
0,1.6826301426833578e-05,29,0.0,0.01,,13,5013,1.8651010218667155e-05,1.3324974243668442e-06,1.3324974243668442e-06
0,1.4690703964349934e-05,30,0.0,0.1,,13,13,1.6264123691826078e-05,1.0884962264679752e-06,1.0884962264679752e-06
0,1.468870931982202e-05,31,0.0,0.1,,13,15,1.6261913870691963e-05,1.0884360287184176e-06,1.0884360287184176e-06
0,1.4681277465409566e-05,32,0.0,0.1,,13,23,1.6253687944849726e-05,1.0882147914475428e-06,1.0882147914475428e-06
0,1.465224230887221e-05,33,0.0,0.1,,13,63,1.6221666938806122e-05,1.0874214480627114e-06,1.0874214480627114e-06
0,1.4510660779530397e-05,34,0.0,0.1,,13,513,1.606698129210818e-05,1.0851633871792043e-06,1.0851633871792043e-06
0,1.4333925673921016e-05,35,0.0,0.1,,13,5013,1.58745261022916e-05,1.0829651648702744e-06,1.0829651648702744e-06
0,1.367851048771881e-05,36,0.0,0.2,,13,13,1.5133374764414536e-05,9.7803126698344e-07,9.7803126698344e-07
0,1.3674916954365998e-05,37,0.0,0.2,,13,15,1.5129408080765989e-05,9.779151724127485e-07,9.779151724127485e-07
0,1.366171744322021e-05,38,0.0,0.2,,13,23,1.5114863561616323e-05,9.77509846777954e-07,9.77509846777954e-07
0,1.361082005545806e-05,39,0.0,0.2,,13,63,1.5059062362828906e-05,9.762700551548901e-07,9.762700551548901e-07
0,1.3393349547962034e-05,40,0.0,0.2,,13,513,1.4822043324021604e-05,9.734088803899648e-07,9.734088803899648e-07
0,1.3224246618698623e-05,41,0.0,0.2,,13,5013,1.4637817119410989e-05,9.705929478356363e-07,9.705929478356363e-07
0,1.2987751154975332e-05,42,0.0,0.3,,13,13,1.4361783983624632e-05,9.032168517103546e-07,9.032168517103546e-07
0,1.2982675313010216e-05,43,0.0,0.3,,13,15,1.4356204084293193e-05,9.030553999719012e-07,9.030553999719012e-07
0,1.2963960851670206e-05,44,0.0,0.3,,13,23,1.4335672445141378e-05,9.025133755538878e-07,9.025133755538878e-07
0,1.2891294461266237e-05,45,0.0,0.3,,13,63,1.4256302733201187e-05,9.010318985826498e-07,9.010318985826498e-07
0,1.2623037944523668e-05,46,0.0,0.3,,13,513,1.3964139604717017e-05,8.978036637910979e-07,8.978036637910979e-07
0,1.2467635397203878e-05,47,0.0,0.3,,13,5013,1.3794761706392978e-05,8.946917485241048e-07,8.946917485241048e-07
0,1.24487783686005e-05,48,0.0,0.4,,13,13,1.3759910816514275e-05,8.455136035245713e-07,8.455136035245713e-07
0,1.2442188686718545e-05,49,0.0,0.4,,13,15,1.3752693326648685e-05,8.453154289780673e-07,8.453154289780673e-07
0,1.2417743427630053e-05,50,0.0,0.4,,13,23,1.3725967805903672e-05,8.446725232646078e-07,8.446725232646078e-07
0,1.2323317443137447e-05,51,0.0,0.4,,13,63,1.3623064625940804e-05,8.430762312070345e-07,8.430762312070345e-07
0,1.2019774204395591e-05,52,0.0,0.4,,13,513,1.3292556371650251e-05,8.396078900982335e-07,8.396078900982335e-07
0,1.1876837899712063e-05,53,0.0,0.4,,13,5013,1.313670424949694e-05,8.363567515322856e-07,8.363567515322856e-07
0,1.2001425738872498e-05,54,0.0,0.5,,13,13,1.3260535814045539e-05,7.983034208304047e-07,7.983034208304047e-07
0,1.1993242256884876e-05,55,0.0,0.5,,13,15,1.3251599622038585e-05,7.980755140921164e-07,7.980755140921164e-07
0,1.1962778215022524e-05,56,0.0,0.5,,13,23,1.3218381120795396e-05,7.973598232481581e-07,7.973598232481581e-07
0,1.1847082665635053e-05,57,0.0,0.5,,13,63,1.3092478292934175e-05,7.957382498327061e-07,7.957382498327061e-07
0,1.15184625724654e-05,58,0.0,0.5,,13,513,1.2734702456745043e-05,7.92120623736342e-07,7.92120623736342e-07
0,1.1386129138576916e-05,59,0.0,0.5,,13,5013,1.259036191732096e-05,7.888162783155265e-07,7.888162783155265e-07
0,1.161651246171532e-05,60,0.0,0.6,,13,13,1.2831042421801089e-05,7.583513165288072e-07,7.583513165288072e-07
0,1.160664817264386e-05,61,0.0,0.6,,13,15,1.2820296422210212e-05,7.580994097859449e-07,7.580994097859449e-07
0,1.156992402040864e-05,62,0.0,0.6,,13,23,1.278032966417928e-05,7.573337099210921e-07,7.573337099210921e-07
0,1.1433802876150648e-05,63,0.0,0.6,,13,63,1.2632338925694859e-05,7.557541649490011e-07,7.557541649490011e-07
0,1.1087166320911388e-05,64,0.0,0.6,,13,513,1.2254962657276117e-05,7.520565482757823e-07,7.520565482757823e-07
0,1.0963805980563668e-05,65,0.0,0.6,,13,5013,1.2120369042313892e-05,7.487502268509685e-07,7.487502268509685e-07
0,1.1277413041368415e-05,66,0.0,0.7,,13,13,1.2452839499501115e-05,7.237964168421058e-07,7.237964168421058e-07
0,1.1265790126783562e-05,67,0.0,0.7,,13,15,1.244020121809351e-05,7.235252363238414e-07,7.235252363238414e-07
0,1.122263966332851e-05,68,0.0,0.7,,13,23,1.2393309033229167e-05,7.22728318733863e-07,7.22728318733863e-07
0,1.1067139132789072e-05,69,0.0,0.7,,13,63,1.2224360406251677e-05,7.212427985845348e-07,7.212427985845348e-07
0,1.0707551234566164e-05,70,0.0,0.7,,13,513,1.1832888078978521e-05,7.175190231098925e-07,7.175190231098925e-07
0,1.059184834983884e-05,71,0.0,0.7,,13,5013,1.1706615726984406e-05,7.142430186284382e-07,7.142430186284382e-07
0,1.0973654705125928e-05,72,0.0,0.8,,13,13,1.2114211174373333e-05,6.934532716950832e-07,6.934532716950832e-07
0,1.0960210082883891e-05,73,0.0,0.8,,13,15,1.2099613345335272e-05,6.931667007398508e-07,6.931667007398508e-07
0,1.0910541197204228e-05,74,0.0,0.8,,13,23,1.2045697197534594e-05,6.923541631769132e-07,6.923541631769132e-07
0,1.073680354946982e-05,75,0.0,0.8,,13,63,1.1857025289821659e-05,6.91003099310696e-07,6.91003099310696e-07
0,1.036800221549156e-05,76,0.0,0.8,,13,513,1.1455521396944372e-05,6.872952107121537e-07,6.872952107121537e-07
0,1.0258907787513216e-05,77,0.0,0.8,,13,5013,1.1336433014658067e-05,6.840706760672004e-07,6.840706760672004e-07
0,1.069816730005769e-05,78,0.0,0.9,,13,13,1.1807244945721472e-05,6.665114311345165e-07,6.665114311345165e-07
0,1.068285361384435e-05,79,0.0,0.9,,13,15,1.1790636900239763e-05,6.662126228716571e-07,6.662126228716571e-07
0,1.0626638406900631e-05,80,0.0,0.9,,13,23,1.1729667004205914e-05,6.653973796446116e-07,6.653973796446116e-07
0,1.0435834953968054e-05,81,0.0,0.9,,13,63,1.1522538669164533e-05,6.642119723317358e-07,6.642119723317358e-07
0,1.0060640496889896e-05,82,0.0,0.9,,13,513,1.1114071477627852e-05,6.605528035512335e-07,6.605528035512335e-07
0,9.95731354101852e-06,83,0.0,0.9,,13,5013,1.1001254962991182e-05,6.573939256468239e-07,6.573939256468239e-07
0,1.0445928325424838e-05,84,0.0,1.0,,13,13,1.1526317828448961e-05,6.423872250115089e-07,6.423872250115089e-07
0,1.0428713045405702e-05,85,0.0,1.0,,13,15,1.1507664700510684e-05,6.420786867357522e-07,6.420786867357522e-07
0,1.0365976338515545e-05,86,0.0,1.0,,13,23,1.1439667985691276e-05,6.412713264043523e-07,6.412713264043523e-07
0,1.0159266805082688e-05,87,0.0,1.0,,13,63,1.1215338237302975e-05,6.402751631528297e-07,6.402751631528297e-07
0,9.779845078187755e-06,88,0.0,1.0,,13,513,1.0802265017621898e-05,6.366902380485983e-07,6.366902380485983e-07
0,9.681604082238564e-06,89,0.0,1.0,,13,5013,1.069498101044993e-05,6.336066267496745e-07,6.336066267496745e-07
0,6.397052529330881e-06,90,0.0,5.0,,13,13,7.043983079470558e-06,3.7017240453599496e-07,3.7017240453599496e-07
0,6.327188312019614e-06,91,0.0,5.0,,13,15,6.968813545262308e-06,3.689791534254117e-07,3.689791534254117e-07
0,6.1251338352517255e-06,92,0.0,5.0,,13,23,6.7510434711334366e-06,3.6774138652330874e-07,3.6774138652330874e-07
0,5.761034443690792e-06,93,0.0,5.0,,13,63,6.357130153244834e-06,3.70295663798865e-07,3.70295663798865e-07
0,5.505544574138115e-06,94,0.0,5.0,,13,513,6.078982460460882e-06,3.705375236996927e-07,3.705375236996927e-07
0,5.471087995450021e-06,95,0.0,5.0,,13,5013,6.041258369117876e-06,3.699550868861121e-07,3.699550868861121e-07
0,5.452217201730383e-06,96,0.0,10.0,,13,13,6.010917857229384e-06,3.549508732326035e-07,3.549508732326035e-07
0,5.373209186807933e-06,97,0.0,10.0,,13,15,5.925991624192033e-06,3.532277103399452e-07,3.532277103399452e-07
0,5.172101119186051e-06,98,0.0,10.0,,13,23,5.709410066159529e-06,3.518054230922676e-07,3.518054230922676e-07
0,4.896278568993994e-06,99,0.0,10.0,,13,63,5.411064235385002e-06,3.553362675488295e-07,3.553362675488295e-07
0,4.757807389152668e-06,100,0.0,10.0,,13,513,5.260130183991055e-06,3.5812513573954783e-07,3.5812513573954783e-07
0,4.742021219731509e-06,101,0.0,10.0,,13,5013,5.242805487459871e-06,3.583793247433754e-07,3.583793247433754e-07
0,5.83731379270527e-06,102,0.0,20.0,,13,13,6.436574783654033e-06,4.326957726901475e-07,4.326957726901475e-07
0,5.777594740479501e-06,103,0.0,20.0,,13,15,6.372288693602087e-06,4.338241797218062e-07,4.338241797218062e-07
0,5.645440666022125e-06,104,0.0,20.0,,13,23,6.229757947441418e-06,4.3861565898731173e-07,4.3861565898731173e-07
0,5.510920605121774e-06,105,0.0,20.0,,13,63,6.083997906639025e-06,4.475782857931064e-07,4.475782857931064e-07
0,5.466865037178444e-06,106,0.0,20.0,,13,513,6.035755518293e-06,4.5238507491218547e-07,4.5238507491218547e-07
0,5.463212621312695e-06,107,0.0,20.0,,13,5013,6.031701857355603e-06,4.529348000100723e-07,4.529348000100723e-07
0,8.006903430802473e-06,108,0.0,50.0,,13,13,8.811772145312748e-06,6.285942836784252e-07,6.285942836784252e-07
0,7.986421266017352e-06,109,0.0,50.0,,13,15,8.789667627096106e-06,6.32078474824859e-07,6.32078474824859e-07
0,7.954270569790736e-06,110,0.0,50.0,,13,23,8.755004496385384e-06,6.400615363764232e-07,6.400615363764232e-07
0,7.950150521738994e-06,111,0.0,50.0,,13,63,8.750778660067921e-06,6.487087893974338e-07,6.487087893974338e-07
0,7.966899581026494e-06,112,0.0,50.0,,13,513,8.76911136045858e-06,6.521061215241802e-07,6.521061215241802e-07
0,7.9700800739069e-06,113,0.0,50.0,,13,5013,8.77258594389719e-06,6.524626725673021e-07,6.524626725673021e-07
0,1.968187052082091e-05,114,0.001,1e-06,,13,13,2.183195398167767e-05,1.6227621424089446e-06,1.6227621424089446e-06
0,1.96818705107638e-05,115,0.001,1e-06,,13,15,2.183195397061192e-05,1.6227621423869353e-06,1.6227621423869353e-06
0,1.968187047053543e-05,116,0.001,1e-06,,13,23,2.1831953926348982e-05,1.6227621422988976e-06,1.6227621422988976e-06
0,1.968187026939486e-05,117,0.001,1e-06,,13,63,2.183195370503572e-05,1.6227621418587022e-06,1.6227621418587022e-06
0,1.968186800671345e-05,118,0.001,1e-06,,13,513,2.1831951215426756e-05,1.6227621369067903e-06,1.6227621369067903e-06
0,1.968184539503509e-05,119,0.001,1e-06,,13,5013,2.183192633601111e-05,1.622762087415366e-06,1.622762087415366e-06
0,1.9219670747219137e-05,120,0.001,1e-05,,13,13,2.1317376585907016e-05,1.5751504945941764e-06,1.5751504945941764e-06
0,1.921967062912868e-05,121,0.001,1e-05,,13,15,2.1317376455845693e-05,1.5751504938921424e-06,1.5751504938921424e-06
0,1.921967015677316e-05,122,0.001,1e-05,,13,23,2.1317375935607357e-05,1.575150491084043e-06,1.575150491084043e-06
0,1.9219667795147105e-05,123,0.001,1e-05,,13,63,2.131737333458282e-05,1.5751504770443722e-06,1.5751504770443722e-06
0,1.921964124424447e-05,124,0.001,1e-05,,13,513,2.131734409223747e-05,1.5751503191928784e-06,1.5751503191928784e-06
0,1.921937747849092e-05,125,0.001,1e-05,,13,5013,2.131705359151547e-05,1.5751487501960335e-06,1.5751487501960335e-06
0,1.8583374950681453e-05,126,0.001,0.0001,,13,13,2.06086760268413e-05,1.5089931543057048e-06,1.5089931543057048e-06
0,1.8583373528804134e-05,127,0.001,0.0001,,13,15,2.0608674458773204e-05,1.5089931393016499e-06,1.5089931393016499e-06
0,1.858336784204269e-05,128,0.001,0.0001,,13,23,2.0608668187326988e-05,1.5089930792928687e-06,1.5089930792928687e-06
0,1.858333942616928e-05,129,0.001,0.0001,,13,63,2.060863684990858e-05,1.5089927794274232e-06,1.5089927794274232e-06
0,1.858302179132184e-05,130,0.001,0.0001,,13,513,2.0608286561805165e-05,1.5089894262984604e-06,1.5089894262984604e-06
0,1.8580037051466917e-05,131,0.001,0.0001,,13,5013,2.0604995374094073e-05,1.5089578220756506e-06,1.5089578220756506e-06
0,1.765551868861021e-05,132,0.001,0.001,,13,13,1.9574673847805404e-05,1.411499942353226e-06,1.411499942353226e-06
0,1.7655501076653253e-05,133,0.001,0.001,,13,15,1.957465438998285e-05,1.4114996574037182e-06,1.4114996574037182e-06
0,1.7655430718825386e-05,134,0.001,0.001,,13,23,1.957457665836647e-05,1.4114985190054394e-06,1.4114985190054394e-06
0,1.7655081072945733e-05,135,0.001,0.001,,13,63,1.957419037393158e-05,1.4114928603744986e-06,1.4114928603744986e-06
0,1.7651375988832737e-05,136,0.001,0.001,,13,513,1.9570097673788237e-05,1.4114327838980296e-06,1.4114327838980296e-06
0,1.7627462857929968e-05,137,0.001,0.001,,13,5013,1.954372450685564e-05,1.4110500077973574e-06,1.4110500077973574e-06
0,1.6191667434408727e-05,138,0.001,0.01,,13,13,1.7942215129847542e-05,1.2561673331332441e-06,1.2561673331332441e-06
0,1.6191448351839783e-05,139,0.001,0.01,,13,15,1.7941972506368878e-05,1.256162364462465e-06,1.256162364462465e-06
0,1.6190582300459505e-05,140,0.001,0.01,,13,23,1.7941013442197828e-05,1.2561427195287006e-06,1.2561427195287006e-06
0,1.61864810941167e-05,141,0.001,0.01,,13,63,1.7936472830548507e-05,1.2560496546517423e-06,1.2560496546517423e-06
0,1.6155444159018372e-05,142,0.001,0.01,,13,513,1.790218706347405e-05,1.2553617531897876e-06,1.2553617531897876e-06
0,1.6062741987103638e-05,143,0.001,0.01,,13,5013,1.7800714894282395e-05,1.253980423646265e-06,1.253980423646265e-06
0,1.3639672155064956e-05,144,0.001,0.1,,13,13,1.5094224354819582e-05,9.859598224819024e-07,9.859598224819024e-07
0,1.3637459044583478e-05,145,0.001,0.1,,13,15,1.5091773213400435e-05,9.858980523703132e-07,9.858980523703132e-07
0,1.362922354129869e-05,146,0.001,0.1,,13,23,1.5082659826222156e-05,9.856707064814876e-07,9.856707064814876e-07
0,1.3597253802598506e-05,147,0.001,0.1,,13,63,1.504740184971547e-05,9.848487738930877e-07,9.848487738930877e-07
0,1.3446499807708406e-05,148,0.001,0.1,,13,513,1.4882618205432735e-05,9.823551393016802e-07,9.823551393016802e-07
0,1.32664567664439e-05,149,0.001,0.1,,13,5013,1.4686423553366896e-05,9.795984190496679e-07,9.795984190496679e-07
0,1.2510103087714626e-05,150,0.001,0.2,,13,13,1.3833578507028727e-05,8.690903012188748e-07,8.690903012188748e-07
0,1.2506111618042474e-05,151,0.001,0.2,,13,15,1.3829174315031001e-05,8.689807175717722e-07,8.689807175717722e-07
0,1.2491509009110288e-05,152,0.001,0.2,,13,23,1.3813088136578905e-05,8.685963225492315e-07,8.685963225492315e-07
0,1.243605725027975e-05,153,0.001,0.2,,13,63,1.375229251688341e-05,8.674008828276752e-07,8.674008828276752e-07
0,1.220883234950154e-05,154,0.001,0.2,,13,513,1.3504587018345894e-05,8.644429848336323e-07,8.644429848336323e-07
0,1.2038519521210144e-05,155,0.001,0.2,,13,5013,1.3318932390008202e-05,8.612420352325067e-07,8.612420352325067e-07
0,1.1748433745852642e-05,156,0.001,0.3,,13,13,1.2983845084123508e-05,7.922079758123316e-07,7.922079758123316e-07
0,1.1742826539900608e-05,157,0.001,0.3,,13,15,1.2977683765758951e-05,7.920632861249833e-07,7.920632861249833e-07
0,1.172228671201216e-05,158,0.001,0.3,,13,23,1.2955156564665341e-05,7.915747266303262e-07,7.915747266303262e-07
0,1.1644124793487836e-05,159,0.001,0.3,,13,63,1.2869793155140758e-05,7.902222195012801e-07,7.902222195012801e-07
0,1.1367350881974353e-05,160,0.001,0.3,,13,513,1.2568351428042766e-05,7.87106421436243e-07,7.87106421436243e-07
0,1.121183886967029e-05,161,0.001,0.3,,13,5013,1.2398771592550478e-05,7.837910068466047e-07,7.837910068466047e-07
0,1.116084950502598e-05,162,0.001,0.4,,13,13,1.2328645326090204e-05,7.343848041517442e-07,7.343848041517442e-07
0,1.1153629434359156e-05,163,0.001,0.4,,13,15,1.2320741356290268e-05,7.342130924496855e-07,7.342130924496855e-07
0,1.1127060760024596e-05,164,0.001,0.4,,13,23,1.2291705970201282e-05,7.336540089388702e-07,7.336540089388702e-07
0,1.1026654628771354e-05,165,0.001,0.4,,13,63,1.2182315575992487e-05,7.322709459450003e-07,7.322709459450003e-07
0,1.0716503121457016e-05,166,0.001,0.4,,13,513,1.184466988701308e-05,7.291436692938013e-07,7.291436692938013e-07
0,1.0574142249984806e-05,167,0.001,0.4,,13,5013,1.1689387287063635e-05,7.25848852350394e-07,7.25848852350394e-07
0,1.0678492069909957e-05,168,0.001,0.5,,13,13,1.1791070288974886e-05,6.881464046593804e-07,6.881464046593804e-07
0,1.066960649293652e-05,169,0.001,0.5,,13,15,1.1781373207711733e-05,6.879530155610251e-07,6.879530155610251e-07
0,1.0636819029280469e-05,170,0.001,0.5,,13,23,1.1745639926216548e-05,6.873466540200454e-07,6.873466540200454e-07
0,1.0515016159042303e-05,171,0.001,0.5,,13,63,1.161314964032364e-05,6.860169235337658e-07,6.860169235337658e-07
0,1.0181952479404213e-05,172,0.001,0.5,,13,513,1.1250652970885938e-05,6.829640590901927e-07,6.829640590901927e-07
0,1.0050677613775616e-05,173,0.001,0.5,,13,5013,1.11074307002625e-05,6.797526359707431e-07,6.797526359707431e-07
0,1.0267900292379484e-05,174,0.001,0.6,,13,13,1.1333731673389007e-05,6.498374143626444e-07,6.498374143626444e-07
0,1.025728546323771e-05,175,0.001,0.6,,13,15,1.1322176294262408e-05,6.496258901299857e-07,6.496258901299857e-07
0,1.0218121968990916e-05,176,0.001,0.6,,13,23,1.1279582998224529e-05,6.489888090486788e-07,6.489888090486788e-07
0,1.0076059971489556e-05,177,0.001,0.6,,13,63,1.1125225890187975e-05,6.477698001033752e-07,6.477698001033752e-07
0,9.727215310519465e-06,178,0.001,0.6,,13,513,1.074561809809817e-05,6.448433998826473e-07,6.448433998826473e-07
0,9.60528569310065e-06,179,0.001,0.6,,13,5013,1.0612567839800572e-05,6.417458737803482e-07,6.417458737803482e-07
0,9.909970701928946e-06,180,0.001,0.7,,13,13,1.0935276073864828e-05,6.173547174219086e-07,6.173547174219086e-07
0,9.89756959553825e-06,181,0.001,0.7,,13,15,1.0921802939431822e-05,6.171272590633796e-07,6.171272590633796e-07
0,9.851939243111756e-06,182,0.001,0.7,,13,23,1.0872255444978982e-05,6.164710727458328e-07,6.164710727458328e-07
0,9.690908809598723e-06,183,0.001,0.7,,13,63,1.0697427833008605e-05,6.154013038058669e-07,6.154013038058669e-07
0,9.331328837772395e-06,184,0.001,0.7,,13,513,1.030618721593682e-05,6.126319407902877e-07,6.126319407902877e-07
0,9.21736109830503e-06,185,0.001,0.7,,13,5013,1.0181807060751645e-05,6.096626840555777e-07,6.096626840555777e-07
0,9.592644130966727e-06,186,0.001,0.8,,13,13,1.0582219541455014e-05,5.89358933018996e-07,5.89358933018996e-07
0,9.57841279100238e-06,187,0.001,0.8,,13,15,1.0566782431799254e-05,5.891166615921823e-07,5.891166615921823e-07
0,9.526292404758745e-06,188,0.001,0.8,,13,23,1.0510257696148504e-05,5.884490359212346e-07,5.884490359212346e-07
0,9.347639648759516e-06,189,0.001,0.8,,13,63,1.0316415247185557e-05,5.875527378545594e-07,5.875527378545594e-07
0,8.980996784575426e-06,190,0.001,0.8,,13,513,9.917530033557472e-06,5.849566840946259e-07,5.849566840946259e-07
0,8.873896709287354e-06,191,0.001,0.8,,13,5013,9.800631271953355e-06,5.821213962508264e-07,5.821213962508264e-07
0,9.30776224773487e-06,192,0.001,0.9,,13,13,1.0265437135916031e-05,5.649352626275035e-07,5.649352626275035e-07
0,9.291671172110292e-06,193,0.001,0.9,,13,15,1.0248004926717694e-05,5.646783968392429e-07,5.646783968392429e-07
0,9.233096368222289e-06,194,0.001,0.9,,13,23,1.0184542398528914e-05,5.640037352952895e-07,5.640037352952895e-07
0,9.038161974241008e-06,195,0.001,0.9,,13,63,9.973134824073807e-06,5.632940532843564e-07,5.632940532843564e-07
0,8.667187580912295e-06,196,0.001,0.9,,13,513,9.569571629869097e-06,5.608778856654017e-07,5.608778856654017e-07
0,8.56608159489878e-06,197,0.001,0.9,,13,5013,9.459204768552309e-06,5.581773714639391e-07,5.581773714639391e-07
0,9.04951757370919e-06,198,0.001,1.0,,13,13,9.97843162077222e-06,5.434261007668684e-07,5.434261007668684e-07
0,9.031551007815135e-06,199,0.001,1.0,,13,15,9.958987724875502e-06,5.43154097869211e-07,5.43154097869211e-07
0,8.966605190808827e-06,200,0.001,1.0,,13,23,9.88867792451939e-06,5.424740826623719e-07,5.424740826623719e-07
0,8.75668873720776e-06,201,0.001,1.0,,13,63,9.661110504441246e-06,5.419555136879507e-07,5.419555136879507e-07
0,8.383448494072085e-06,202,0.001,1.0,,13,513,9.25511298955907e-06,5.397192250593548e-07,5.397192250593548e-07
0,8.287630053742239e-06,203,0.001,1.0,,13,5013,9.150509748680445e-06,5.371514479322219e-07,5.371514479322219e-07
0,5.416274623848457e-06,204,0.001,5.0,,13,13,5.963830636141097e-06,3.2375028407895855e-07,3.2375028407895855e-07
0,5.352095503587613e-06,205,0.001,5.0,,13,15,5.894892585083088e-06,3.2160201230422333e-07,3.2160201230422333e-07
0,5.168052797648311e-06,206,0.001,5.0,,13,23,5.696854407452368e-06,3.1792216741649394e-07,3.1792216741649394e-07
0,4.842823941564627e-06,207,0.001,5.0,,13,63,5.345543171703765e-06,3.177264388859255e-07,3.177264388859255e-07
0,4.6189610808577534e-06,208,0.001,5.0,,13,513,5.102243489054779e-06,3.1847638406157097e-07,3.1847638406157097e-07
0,4.588657281918609e-06,209,0.001,5.0,,13,5013,5.069138932769761e-06,3.1828525188649405e-07,3.1828525188649405e-07
0,4.934492914978639e-06,210,0.001,10.0,,13,13,5.438569277341848e-06,3.2982172116506467e-07,3.2982172116506467e-07
0,4.866245902642165e-06,211,0.001,10.0,,13,15,5.3652813451837575e-06,3.279358698052552e-07,3.279358698052552e-07
0,4.69438331133392e-06,212,0.001,10.0,,13,23,5.1803842155383195e-06,3.2614303736736003e-07,3.2614303736736003e-07
0,4.463586810436644e-06,213,0.001,10.0,,13,63,4.931052624797218e-06,3.2974491589425305e-07,3.2974491589425305e-07
0,4.349915368984896e-06,214,0.001,10.0,,13,513,4.8073951750242835e-06,3.335131922528943e-07,3.335131922528943e-07
0,4.337002696952005e-06,215,0.001,10.0,,13,5013,4.7932655300977455e-06,3.339898592864198e-07,3.339898592864198e-07
0,5.629224451968035e-06,216,0.001,20.0,,13,13,6.202809889350961e-06,4.28577934631435e-07,4.28577934631435e-07
0,5.579522805638846e-06,217,0.001,20.0,,13,15,6.149383867835758e-06,4.2983332833714133e-07,4.2983332833714133e-07
0,5.47095876258928e-06,218,0.001,20.0,,13,23,6.032507677023598e-06,4.346397798790133e-07,4.346397798790133e-07
0,5.363426800379504e-06,219,0.001,20.0,,13,63,5.9163437451347e-06,4.4330491334557725e-07,4.4330491334557725e-07
0,5.3298129114708505e-06,220,0.001,20.0,,13,513,5.879765185310385e-06,4.4808669411653687e-07,4.4808669411653687e-07
0,5.327173286812807e-06,221,0.001,20.0,,13,5013,5.876864788092046e-06,4.4865702439352335e-07,4.4865702439352335e-07
0,7.695669988793994e-06,222,0.001,50.0,,13,13,8.470299923129467e-06,6.051162558704901e-07,6.051162558704901e-07
0,7.678004861690738e-06,223,0.001,50.0,,13,15,8.451400095514847e-06,6.08037960402256e-07,6.08037960402256e-07
0,7.650738433978315e-06,224,0.001,50.0,,13,23,8.422392907346847e-06,6.14807985895791e-07,6.14807985895791e-07
0,7.648327288773035e-06,225,0.001,50.0,,13,63,8.420469177359131e-06,6.223473032439097e-07,6.223473032439097e-07
0,7.663450798332268e-06,226,0.001,50.0,,13,513,8.437262348150344e-06,6.254731344871258e-07,6.254731344871258e-07
0,7.666279859144635e-06,227,0.001,50.0,,13,5013,8.44038316277161e-06,6.258158212010042e-07,6.258158212010042e-07
0,1.6155210472890253e-05,228,0.01,1e-06,,13,13,1.7903901708562324e-05,1.2455800402918895e-06,1.2455800402918895e-06
0,1.6155210458713994e-05,229,0.01,1e-06,,13,15,1.7903901692939405e-05,1.2455800398930786e-06,1.2455800398930786e-06
0,1.6155210402009028e-05,230,0.01,1e-06,,13,23,1.7903901630447814e-05,1.2455800382978396e-06,1.2455800382978396e-06
0,1.6155210118486053e-05,231,0.01,1e-06,,13,63,1.790390131799192e-05,1.2455800303216944e-06,1.2455800303216944e-06
0,1.6155206929066273e-05,232,0.01,1e-06,,13,513,1.7903897803098587e-05,1.2455799405961063e-06,1.2455799405961063e-06
0,1.61551750564341e-05,233,0.01,1e-06,,13,5013,1.7903862677941765e-05,1.2455790439502584e-06,1.2455790439502584e-06
0,1.5140576172701032e-05,234,0.01,1e-05,,13,13,1.6773741838123774e-05,1.1415047343305498e-06,1.1415047343305498e-06
0,1.51405760010906e-05,235,0.01,1e-05,,13,15,1.677374164885073e-05,1.1415047290084124e-06,1.1415047290084124e-06
0,1.5140575314658166e-05,236,0.01,1e-05,,13,23,1.677374089176882e-05,1.1415047077201574e-06,1.1415047077201574e-06
0,1.5140571882718822e-05,237,0.01,1e-05,,13,63,1.6773737106605174e-05,1.1415046012859834e-06,1.1415046012859834e-06
0,1.5140533298973772e-05,238,0.01,1e-05,,13,513,1.677369455173541e-05,1.1415034047159362e-06,1.1415034047159362e-06
0,1.5140150024904088e-05,239,0.01,1e-05,,13,5013,1.6773271831937504e-05,1.1414915206507682e-06,1.1414915206507682e-06
0,1.3770975560616658e-05,240,0.01,0.0001,,13,13,1.5248589150004415e-05,1.0043558168503104e-06,1.0043558168503104e-06
0,1.3770973426623975e-05,241,0.01,0.0001,,13,15,1.5248586794441707e-05,1.0043557472879223e-06,1.0043557472879223e-06
0,1.3770964891791966e-05,242,0.01,0.0001,,13,23,1.5248577373448944e-05,1.0043554690776969e-06,1.0043554690776969e-06
0,1.3770922244940225e-05,243,0.01,0.0001,,13,63,1.5248530298655662e-05,1.0043540789697044e-06,1.0043540789697044e-06
0,1.3770445579857984e-05,244,0.01,0.0001,,13,513,1.5248004145418957e-05,1.0043385477167466e-06,1.0043385477167466e-06
0,1.3765970666194442e-05,245,0.01,0.0001,,13,5013,1.5243064941927532e-05,1.004193295977986e-06,1.004193295977986e-06
0,1.1854733477518789e-05,246,0.01,0.001,,13,13,1.3116170777600123e-05,8.220420142913366e-07,8.220420142913366e-07
0,1.1854706304404823e-05,247,0.01,0.001,,13,15,1.3116140764035003e-05,8.220411940982256e-07,8.220411940982256e-07
0,1.1854597753720423e-05,248,0.01,0.001,,13,23,1.3116020866595e-05,8.220379181330044e-07,8.220379181330044e-07
0,1.1854058376472092e-05,249,0.01,0.001,,13,63,1.3115425113964415e-05,8.220216527404063e-07,8.220216527404063e-07
0,1.184835026624016e-05,250,0.01,0.001,,13,513,1.3109120998178581e-05,8.218508188520785e-07,8.218508188520785e-07
0,1.181202883400056e-05,251,0.01,0.001,,13,5013,1.3069047025897765e-05,8.208267103296584e-07,8.208267103296584e-07
0,9.127604675649667e-06,252,0.01,0.01,,13,13,1.0085994811838738e-05,5.904170045081748e-07,5.904170045081748e-07
0,9.127267314557006e-06,253,0.01,0.01,,13,15,1.0085622288521288e-05,5.904114295588229e-07,5.904114295588229e-07
0,9.125934305959124e-06,254,0.01,0.01,,13,23,1.0084150395126598e-05,5.903894978576795e-07,5.903894978576795e-07
0,9.119635682306e-06,255,0.01,0.01,,13,63,1.0077196683324648e-05,5.902879433995556e-07,5.902879433995556e-07
0,9.07305069143498e-06,256,0.01,0.01,,13,513,1.0025846288066407e-05,5.896401957385729e-07,5.896401957385729e-07
0,8.956744921982717e-06,257,0.01,0.01,,13,5013,9.89844329959258e-06,5.886129968419072e-07,5.886129968419072e-07
0,5.596235516489249e-06,258,0.01,0.1,,13,13,6.17140224638289e-06,3.4689175413341294e-07,3.4689175413341294e-07
0,5.593246239178157e-06,259,0.01,0.1,,13,15,6.168117156209168e-06,3.469346318277424e-07,3.469346318277424e-07
0,5.582227450348066e-06,260,0.01,0.1,,13,23,6.156015764841553e-06,3.4708972898594274e-07,3.4708972898594274e-07
0,5.541221664573847e-06,261,0.01,0.1,,13,63,6.111092404256866e-06,3.4760995178212265e-07,3.4760995178212265e-07
0,5.38502755388259e-06,262,0.01,0.1,,13,513,5.9410699831954366e-06,3.4884433147738e-07,3.4884433147738e-07
0,5.254461763717131e-06,263,0.01,0.1,,13,5013,5.799243393086011e-06,3.491555652006183e-07,3.491555652006183e-07
0,4.528219842263708e-06,264,0.01,0.2,,13,13,4.988829962997008e-06,2.8380749429551144e-07,2.8380749429551144e-07
0,4.52340226762957e-06,265,0.01,0.2,,13,15,4.98356304577622e-06,2.838729272146295e-07,2.838729272146295e-07
0,4.5061440341836615e-06,266,0.01,0.2,,13,23,4.9647178801865824e-06,2.840750097383301e-07,2.840750097383301e-07
0,4.445596296025311e-06,267,0.01,0.2,,13,63,4.898829671590244e-06,2.8447215106050507e-07,2.8447215106050507e-07
0,4.254471054980729e-06,268,0.01,0.2,,13,513,4.691650974926758e-06,2.848677014048306e-07,2.848677014048306e-07
0,4.151408241236439e-06,269,0.01,0.2,,13,5013,4.57986341242886e-06,2.848530949736788e-07,2.848530949736788e-07
0,3.950768959699507e-06,270,0.01,0.3,,13,13,4.349500818918851e-06,2.514329917612862e-07,2.514329917612862e-07
0,3.944620919716955e-06,271,0.01,0.3,,13,15,4.342812045463892e-06,2.514372987512159e-07,2.514372987512159e-07
0,3.922746790402727e-06,272,0.01,0.3,,13,23,4.319046173699368e-06,2.513919084303308e-07,2.513919084303308e-07
0,3.847209321997412e-06,273,0.01,0.3,,13,63,4.237212056850439e-06,2.50878244820479e-07,2.50878244820479e-07
0,3.64240142480384e-06,274,0.01,0.3,,13,513,4.01562692556107e-06,2.4984087181942984e-07,2.4984087181942984e-07
0,3.557375271012907e-06,275,0.01,0.3,,13,5013,3.923477907941266e-06,2.4957362848941596e-07,2.4957362848941596e-07
0,3.5746622672899875e-06,276,0.01,0.4,,13,13,3.933072854816215e-06,2.309386492769838e-07,2.309386492769838e-07
0,3.5673705963153004e-06,277,0.01,0.4,,13,15,3.925173542248605e-06,2.3081326236855572e-07,2.3081326236855572e-07
0,3.5414212620968717e-06,278,0.01,0.4,,13,23,3.897093782128053e-06,2.3030750543322046e-07,2.3030750543322046e-07
0,3.45306458473476e-06,279,0.01,0.4,,13,63,3.8016506852078137e-06,2.2849786779580999e-07,2.2849786779580999e-07
0,3.243536011534226e-06,280,0.01,0.4,,13,513,3.5752162880297706e-06,2.2604551555370718e-07,2.2604551555370718e-07
0,3.170825458940106e-06,281,0.01,0.4,,13,5013,3.4964625883063275e-06,2.2559928275095784e-07,2.2559928275095784e-07
0,3.307179192873604e-06,282,0.01,0.5,,13,13,3.6368882258419815e-06,2.166204768279029e-07,2.166204768279029e-07
0,3.2988100040946898e-06,283,0.01,0.5,,13,15,3.6278535257917246e-06,2.1631576896662735e-07,2.1631576896662735e-07
0,3.2689975018605237e-06,284,0.01,0.5,,13,23,3.595694060634359e-06,2.1520985321140386e-07,2.1520985321140386e-07
0,3.16948503796656e-06,285,0.01,0.5,,13,63,3.488411203974739e-06,2.1193313767257578e-07,2.1193313767257578e-07
0,2.9596723377416304e-06,286,0.01,0.5,,13,513,3.261847013039787e-06,2.082089316844651e-07,2.082089316844651e-07
0,2.8958873621302497e-06,287,0.01,0.5,,13,5013,3.192795950118431e-06,2.076299479002731e-07,2.076299479002731e-07
0,3.106812091609429e-06,288,0.01,0.6,,13,13,3.414998442815405e-06,2.0603728189831012e-07,2.0603728189831012e-07
0,3.097386540855835e-06,289,0.01,0.6,,13,15,3.4048522096669914e-06,2.0551867428864356e-07,2.0551867428864356e-07
0,3.0638327441392048e-06,290,0.01,0.6,,13,23,3.3687427926232653e-06,2.0372406367887866e-07,2.0372406367887866e-07
0,2.954614924348528e-06,291,0.01,0.6,,13,63,3.251158331554352e-06,1.9892339089491672e-07,1.9892339089491672e-07
0,2.7468732848054686e-06,292,0.01,0.6,,13,513,3.0269627353930902e-06,1.9408627082673884e-07,1.9408627082673884e-07
0,2.689867005614919e-06,293,0.01,0.6,,13,5013,2.9652777962631106e-06,1.9340446086714795e-07,1.9340446086714795e-07
0,2.951492532029308e-06,294,0.01,0.7,,13,13,3.2429759430191893e-06,1.9793825210365205e-07,1.9793825210365205e-07
0,2.941017719050664e-06,295,0.01,0.7,,13,15,3.2317255195892624e-06,1.971824194769718e-07,1.971824194769718e-07
0,2.903831319248913e-06,296,0.01,0.7,,13,23,3.1917788901907954e-06,1.9464613993643061e-07,1.9464613993643061e-07
0,2.786196724548221e-06,297,0.01,0.7,,13,63,3.065259432474997e-06,1.8832895459973338e-07,1.8832895459973338e-07
0,2.581807978927437e-06,298,0.01,0.7,,13,513,2.8447867941952458e-06,1.825264931466279e-07,1.825264931466279e-07
0,2.5301377502700736e-06,299,0.01,0.7,,13,5013,2.7888987285550587e-06,1.8176247429300988e-07,1.8176247429300988e-07
0,2.828157630928947e-06,300,0.01,0.8,,13,13,3.1063618896263188e-06,1.9160374366063577e-07,1.9160374366063577e-07
0,2.8166391544806787e-06,301,0.01,0.8,,13,15,3.0940123573910753e-06,1.9059580938368056e-07,1.9059580938368056e-07
0,2.775938325401594e-06,302,0.01,0.8,,13,23,3.050350551081552e-06,1.8729022632292647e-07,1.8729022632292647e-07
0,2.6510274504829176e-06,303,0.01,0.8,,13,63,2.916106613498213e-06,1.7950187993707845e-07,1.7950187993707845e-07
0,2.4506795208905407e-06,304,0.01,0.8,,13,513,2.700079033781485e-06,1.7286499738132285e-07,1.7286499738132285e-07
0,2.403328696887219e-06,305,0.01,0.8,,13,5013,2.648882374431831e-06,1.7203387287923804e-07,1.7203387287923804e-07
0,2.728480613244604e-06,306,0.01,0.9,,13,13,2.9959397247174548e-06,1.8658385952770242e-07,1.8658385952770242e-07
0,2.7159273233721903e-06,307,0.01,0.9,,13,15,2.982499387213441e-06,1.8531539915046329e-07,1.8531539915046329e-07
0,2.6718436421498995e-06,308,0.01,0.9,,13,23,2.9352587793722017e-06,1.8123145677512605e-07,1.8123145677512605e-07
0,2.5406599655857563e-06,309,0.01,0.9,,13,63,2.794356381260681e-06,1.720403068208949e-07,1.720403068208949e-07
0,2.3446967377547785e-06,310,0.01,0.9,,13,513,2.5831302190327216e-06,1.6468414095202083e-07,1.6468414095202083e-07
0,2.3009210797351583e-06,311,0.01,0.9,,13,5013,2.5358159228980683e-06,1.6379760482609118e-07,1.6379760482609118e-07
0,2.6468565848151253e-06,312,0.01,1.0,,13,13,2.905505550268998e-06,1.825789583053132e-07,1.825789583053132e-07
0,2.633281962191566e-06,313,0.01,1.0,,13,15,2.8909876053408526e-06,1.8104655105429987e-07,1.8104655105429987e-07
0,2.5859581977149383e-06,314,0.01,1.0,,13,23,2.8403168780317508e-06,1.761890995591995e-07,1.761890995591995e-07
0,2.4493808728020376e-06,315,0.01,1.0,,13,63,2.69369069498936e-06,1.6567759075646724e-07,1.6567759075646724e-07
0,2.25794102670342e-06,316,0.01,1.0,,13,513,2.487404543726048e-06,1.5770383355884703e-07,1.5770383355884703e-07
0,2.217178620647907e-06,317,0.01,1.0,,13,5013,2.443361898290291e-06,1.5677138781940482e-07,1.5677138781940482e-07
0,2.3783683304044583e-06,318,0.01,5.0,,13,13,2.607364940656574e-06,1.9712738097974005e-07,1.9712738097974005e-07
0,2.3442628078619814e-06,319,0.01,5.0,,13,15,2.5710989820479905e-06,1.9143705207121324e-07,1.9143705207121324e-07
0,2.251497122099505e-06,320,0.01,5.0,,13,23,2.4723128859897047e-06,1.777276288707508e-07,1.777276288707508e-07
0,2.103950663258194e-06,321,0.01,5.0,,13,63,2.314811433759271e-06,1.616813448264998e-07,1.616813448264998e-07
0,2.010976491270566e-06,322,0.01,5.0,,13,513,2.2153372422193354e-06,1.5562509490691285e-07,1.5562509490691285e-07
0,1.9984534412685823e-06,323,0.01,5.0,,13,5013,2.201924298631679e-06,1.5506821709986644e-07,1.5506821709986644e-07
0,2.790921902875475e-06,324,0.01,10.0,,13,13,3.064579860108616e-06,2.414310114611043e-07,2.414310114611043e-07
0,2.754826117015557e-06,325,0.01,10.0,,13,15,3.0262801780691844e-06,2.36660888726588e-07,2.36660888726588e-07
0,2.66714125119215e-06,326,0.01,10.0,,13,23,2.933182092921546e-06,2.2675358011540247e-07,2.2675358011540247e-07
0,2.5537074372351537e-06,327,0.01,10.0,,13,63,2.81265276809895e-06,2.1790222501135083e-07,2.1790222501135083e-07
0,2.4952866583498404e-06,328,0.01,10.0,,13,513,2.7505624955074557e-06,2.1535000485035792e-07,2.1535000485035792e-07
0,2.488055924840812e-06,329,0.01,10.0,,13,5013,2.7428784866769798e-06,2.1514100399785285e-07,2.1514100399785285e-07
0,3.3726963235202208e-06,330,0.01,20.0,,13,13,3.70985105444128e-06,2.908896330640091e-07,2.908896330640091e-07
0,3.3407190367296724e-06,331,0.01,20.0,,13,15,3.676059340963528e-06,2.8773661169170177e-07,2.8773661169170177e-07
0,3.269652485334196e-06,332,0.01,20.0,,13,23,3.601001182640568e-06,2.8200072352950305e-07,2.8200072352950305e-07
0,3.1907180974270657e-06,333,0.01,20.0,,13,63,3.5177815211553185e-06,2.780456494747701e-07,2.780456494747701e-07
0,3.155441501815869e-06,334,0.01,20.0,,13,513,3.4807075460722172e-06,2.7731663807858934e-07,2.7731663807858934e-07
0,3.151319796161864e-06,335,0.01,20.0,,13,5013,3.4763847930626327e-06,2.772843721086682e-07,2.772843721086682e-07
0,4.115290898213824e-06,336,0.01,50.0,,13,13,4.533882446392173e-06,3.466018374114147e-07,3.466018374114147e-07
0,4.090900695045795e-06,337,0.01,50.0,,13,15,4.508313880137985e-06,3.450078020397124e-07,3.450078020397124e-07
0,4.041006217913251e-06,338,0.01,50.0,,13,23,4.456158241722482e-06,3.4260740505427023e-07,3.4260740505427023e-07
0,3.993031370741249e-06,339,0.01,50.0,,13,63,4.406379022066034e-06,3.417677859260112e-07,3.417677859260112e-07
0,3.974520660697919e-06,340,0.01,50.0,,13,513,4.38740475365324e-06,3.420717570024107e-07,3.420717570024107e-07
0,3.972499226589748e-06,341,0.01,50.0,,13,5013,4.3853491475925815e-06,3.421401494798633e-07,3.421401494798633e-07
0,3.179915636774682e-06,342,0.1,1e-06,,13,13,3.5007767196041517e-06,1.8655632297140713e-07,1.8655632297140713e-07
0,3.179915621289198e-06,343,0.1,1e-06,,13,15,3.5007767025858507e-06,1.8655632072309222e-07,1.8655632072309222e-07
0,3.179915559347382e-06,344,0.1,1e-06,,13,23,3.50077663451278e-06,1.8655631172985116e-07,1.8655631172985116e-07
0,3.1799152496412183e-06,345,0.1,1e-06,,13,63,3.5007762941506298e-06,1.8655626676410173e-07,1.8655626676410173e-07
0,3.179911765781873e-06,346,0.1,1e-06,,13,513,3.5007724654445046e-06,1.865557609517679e-07,1.865557609517679e-07
0,3.179876960993241e-06,347,0.1,1e-06,,13,5013,3.5007342155272487e-06,1.8655070811097089e-07,1.8655070811097089e-07
0,2.998529738459033e-06,348,0.1,1e-05,,13,13,3.300091859839329e-06,1.7734118595253147e-07,1.7734118595253147e-07
0,2.998529557871526e-06,349,0.1,1e-05,,13,15,3.3000916613533687e-06,1.7734115840480135e-07,1.7734115840480135e-07
0,2.998528835535699e-06,350,0.1,1e-05,,13,23,3.3000908674251372e-06,1.7734104821621e-07,1.7734104821621e-07
0,2.998525224197268e-06,351,0.1,1e-05,,13,63,3.3000868981583724e-06,1.7734049732913964e-07,1.7734049732913964e-07
0,2.998484635729342e-06,352,0.1,1e-05,,13,513,3.3000422868626637e-06,1.7733430626118403e-07,1.7733430626118403e-07
0,2.9980826607346854e-06,353,0.1,1e-05,,13,5013,3.2996004702708205e-06,1.7727303650919605e-07,1.7727303650919605e-07
0,2.8134127851166654e-06,354,0.1,0.0001,,13,13,3.095311973005047e-06,1.6616553035042507e-07,1.6616553035042507e-07
0,2.813410620211074e-06,355,0.1,0.0001,,13,15,3.0953095931771466e-06,1.6616518107549899e-07,1.6616518107549899e-07
0,2.813401962294386e-06,356,0.1,0.0001,,13,23,3.0953000757401876e-06,1.6616378427119212e-07,1.6616378427119212e-07
0,2.8133587136060755e-06,357,0.1,0.0001,,13,63,3.0952525335015387e-06,1.6615680733171775e-07,1.6615680733171775e-07
0,2.8128768158311143e-06,358,0.1,0.0001,,13,513,3.0947227939177676e-06,1.660791215899533e-07,1.660791215899533e-07
0,2.80848479903042e-06,359,0.1,0.0001,,13,5013,3.0898946644871998e-06,1.6537578942635463e-07,1.6537578942635463e-07
0,2.681687275317627e-06,360,0.1,0.001,,13,13,2.948942484724939e-06,1.4610103723499954e-07,1.4610103723499954e-07
0,2.6816605623184085e-06,361,0.1,0.001,,13,15,2.94891310689969e-06,1.4609639104674677e-07,1.4609639104674677e-07
0,2.681553920853901e-06,362,0.1,0.001,,13,23,2.9487958270848137e-06,1.4607784549618294e-07,1.4607784549618294e-07
0,2.6810257158726684e-06,363,0.1,0.001,,13,63,2.9482149282369506e-06,1.459860487188352e-07,1.459860487188352e-07
0,2.675605567772262e-06,364,0.1,0.001,,13,513,2.9422539587582303e-06,1.4505003610813288e-07,1.4505003610813288e-07
0,2.647871095761285e-06,365,0.1,0.001,,13,5013,2.9117498253871095e-06,1.4044545275306754e-07,1.4044545275306754e-07
0,2.52477430632162e-06,366,0.1,0.01,,13,13,2.7721209319633178e-06,1.313876628092896e-07,1.313876628092896e-07
0,2.524432961422787e-06,367,0.1,0.01,,13,15,2.7717452046243735e-06,1.3133135010410924e-07,1.3133135010410924e-07
0,2.5230935827020013e-06,368,0.1,0.01,,13,23,2.770270908617662e-06,1.3111075814181368e-07,1.3111075814181368e-07
0,2.51696447779465e-06,369,0.1,0.01,,13,63,2.763524284901087e-06,1.3010890875532366e-07,1.3010890875532366e-07
0,2.4810576492541872e-06,370,0.1,0.01,,13,513,2.723996911836998e-06,1.2450640351640295e-07,1.2450640351640295e-07
0,2.442982972004683e-06,371,0.1,0.01,,13,5013,2.682084798534969e-06,1.191222438726727e-07,1.191222438726727e-07
0,2.3330411850085548e-06,372,0.1,0.1,,13,13,2.549617490777555e-06,1.5781314224426527e-07,1.5781314224426527e-07
0,2.3296947318426207e-06,373,0.1,0.1,,13,15,2.545926514095065e-06,1.5756778542157133e-07,1.5756778542157133e-07
0,2.318143398503644e-06,374,0.1,0.1,,13,23,2.533185750297007e-06,1.5674681089081231e-07,1.5674681089081231e-07
0,2.2847943402495464e-06,375,0.1,0.1,,13,63,2.4964026087623352e-06,1.545961727841479e-07,1.545961727841479e-07
0,2.2348962350606365e-06,376,0.1,0.1,,13,513,2.441378247887304e-06,1.5192536369186075e-07,1.5192536369186075e-07
0,2.223343704771312e-06,377,0.1,0.1,,13,5013,2.4286440612919824e-06,1.5138277821761265e-07,1.5138277821761265e-07
0,2.3447692416890047e-06,378,0.1,0.2,,13,13,2.5565693241041494e-06,1.859825470159458e-07,1.859825470159458e-07
0,2.339536053286925e-06,379,0.1,0.2,,13,15,2.5507910346986036e-06,1.858208540316458e-07,1.858208540316458e-07
0,2.322970180157661e-06,380,0.1,0.2,,13,23,2.532499778087882e-06,1.8534904701697365e-07,1.8534904701697365e-07
0,2.285132568627324e-06,381,0.1,0.2,,13,63,2.490725703471883e-06,1.8447412418697378e-07,1.8447412418697378e-07
0,2.246243666398439e-06,382,0.1,0.2,,13,513,2.44780861073191e-06,1.8378754186565955e-07,1.8378754186565955e-07
0,2.2392728862665405e-06,383,0.1,0.2,,13,5013,2.4401191726284805e-06,1.8367646013376848e-07,1.8367646013376848e-07
0,2.384326610719339e-06,384,0.1,0.3,,13,13,2.5961190131459915e-06,2.0808673605435664e-07,2.0808673605435664e-07
0,2.378141955290771e-06,385,0.1,0.3,,13,15,2.5892852158104007e-06,2.080323773262226e-07,2.080323773262226e-07
0,2.359656880679447e-06,386,0.1,0.3,,13,23,2.568860828687356e-06,2.0790573962798325e-07,2.0790573962798325e-07
0,2.322763065451747e-06,387,0.1,0.3,,13,63,2.5281048226256735e-06,2.077790950671995e-07,2.077790950671995e-07
0,2.291068464304118e-06,388,0.1,0.3,,13,513,2.4931103512813427e-06,2.0773597026512083e-07,2.0773597026512083e-07
0,2.285952963904866e-06,389,0.1,0.3,,13,5013,2.4874646997803196e-06,2.0772815339063885e-07,2.0772815339063885e-07
0,2.428923437503477e-06,390,0.1,0.4,,13,13,2.642231064154653e-06,2.2597170728175156e-07,2.2597170728175156e-07
0,2.422281926574527e-06,391,0.1,0.4,,13,15,2.634888674725922e-06,2.2600149791700567e-07,2.2600149791700567e-07
0,2.4032319630831538e-06,392,0.1,0.4,,13,23,2.6138300140520477e-06,2.2611300956508587e-07,2.2611300956508587e-07
0,2.3684500641126795e-06,393,0.1,0.4,,13,63,2.5753916314205656e-06,2.263797742819572e-07,2.263797742819572e-07
0,2.3416162705934394e-06,394,0.1,0.4,,13,513,2.5457540055434535e-06,2.26586218245269e-07,2.26586218245269e-07
0,2.337528655936368e-06,395,0.1,0.4,,13,5013,2.5412411749607687e-06,2.2661339141937806e-07,2.2661339141937806e-07
0,2.4728735710705803e-06,396,0.1,0.5,,13,13,2.6882631931469674e-06,2.4082216548427036e-07,2.4082216548427036e-07
0,2.4660435342351646e-06,397,0.1,0.5,,13,15,2.6807094861522532e-06,2.4091185808192367e-07,2.4091185808192367e-07
0,2.447053116694896e-06,398,0.1,0.5,,13,23,2.659709269498407e-06,2.4117726792258467e-07,2.4117726792258467e-07
0,2.414521712720805e-06,399,0.1,0.5,,13,63,2.6237476117212303e-06,2.4165102121796566e-07,2.4165102121796566e-07
0,2.3911785121548174e-06,400,0.1,0.5,,13,513,2.597958860524155e-06,2.419611398383129e-07,2.419611398383129e-07
0,2.38775134630724e-06,401,0.1,0.5,,13,5013,2.594174184608891e-06,2.4200150885477476e-07,2.4200150885477476e-07
0,2.5144631823340447e-06,402,0.1,0.6,,13,13,2.7321291474655653e-06,2.5340081655881265e-07,2.5340081655881265e-07
0,2.5075943563813717e-06,403,0.1,0.6,,13,15,2.7245303188073427e-06,2.535317770873404e-07,2.535317770873404e-07
0,2.488957567977903e-06,404,0.1,0.6,,13,23,2.7039157116416812e-06,2.538944200376174e-07,2.538944200376174e-07
0,2.4585344464894407e-06,405,0.1,0.6,,13,63,2.6702774510265487e-06,2.5447566941210445e-07,2.5447566941210445e-07
0,2.4378206055567974e-06,406,0.1,0.6,,13,513,2.647389195329593e-06,2.5482694160225946e-07,2.5482694160225946e-07
0,2.434856552985844e-06,407,0.1,0.6,,13,5013,2.6441152839708542e-06,2.548719695116329e-07,2.548719695116329e-07
0,2.5532343357509486e-06,408,0.1,0.7,,13,13,2.773206178648915e-06,2.642235770645242e-07,2.642235770645242e-07
0,2.54641163281166e-06,409,0.1,0.7,,13,15,2.7656566626297607e-06,2.6438244012031637e-07,2.6438244012031637e-07
0,2.528262985379913e-06,410,0.1,0.7,,13,23,2.7455779451459895e-06,2.6480521977868943e-07,2.6480521977868943e-07
0,2.499738670617581e-06,411,0.1,0.7,,13,63,2.7140340625880754e-06,2.6543887038041055e-07,2.6543887038041055e-07
0,2.4810788495460712e-06,412,0.1,0.7,,13,513,2.6934124556440274e-06,2.6580202422203687e-07,2.6580202422203687e-07
0,2.4784588938276807e-06,413,0.1,0.7,,13,5013,2.690518162491465e-06,2.658479748949845e-07,2.658479748949845e-07
0,2.5891806841738666e-06,414,0.1,0.8,,13,13,2.811410761723471e-06,2.736545776213619e-07,2.736545776213619e-07
0,2.582452203458612e-06,415,0.1,0.8,,13,15,2.8039641821163773e-06,2.7383192061466644e-07,2.7383192061466644e-07
0,2.564845569625969e-06,416,0.1,0.8,,13,23,2.7844820811574167e-06,2.7429050506328494e-07,2.7429050506328494e-07
0,2.538009891702824e-06,417,0.1,0.8,,13,63,2.7548019396541426e-06,2.749450779039144e-07,2.749450779039144e-07
0,2.521000603300919e-06,418,0.1,0.8,,13,513,2.7360022940638733e-06,2.753057245059987e-07,2.753057245059987e-07
0,2.5186470890806027e-06,419,0.1,0.8,,13,5013,2.7334020278783035e-06,2.753508717209855e-07,2.753508717209855e-07
0,2.622462100078218e-06,420,0.1,0.9,,13,13,2.8468666065299275e-06,2.819597603128178e-07,2.819597603128178e-07
0,2.615854386111224e-06,421,0.1,0.9,,13,15,2.839552658459616e-06,2.8214894832160244e-07,2.8214894832160244e-07
0,2.598801833949597e-06,422,0.1,0.9,,13,23,2.820681376051999e-06,2.8262723744072656e-07,2.8262723744072656e-07
0,2.5734640564353238e-06,423,0.1,0.9,,13,63,2.7926552742870634e-06,2.8328436929536023e-07,2.8328436929536023e-07
0,2.5578111847404125e-06,424,0.1,0.9,,13,513,2.7753533353264706e-06,2.836353390755544e-07,2.836353390755544e-07
0,2.555670470595361e-06,425,0.1,0.9,,13,5013,2.7729879589619814e-06,2.8367888165434754e-07,2.8367888165434754e-07
0,2.65329269599899e-06,426,0.1,1.0,,13,13,2.8797721472164015e-06,2.8933882505837555e-07,2.8933882505837555e-07
0,2.6468193834353486e-06,427,0.1,1.0,,13,15,2.872606173443331e-06,2.895351678133093e-07,2.895351678133093e-07
0,2.6303112206075023e-06,428,0.1,1.0,,13,23,2.8543356271620045e-06,2.9002241450412544e-07,2.9002241450412544e-07
0,2.606304397191265e-06,429,0.1,1.0,,13,63,2.8277798039187685e-06,2.90671304076451e-07,2.90671304076451e-07
0,2.591786755613969e-06,430,0.1,1.0,,13,513,2.8117316487494905e-06,2.910091314448078e-07,2.910091314448078e-07
0,2.589820148239469e-06,431,0.1,1.0,,13,5013,2.809558495241931e-06,2.910507213999659e-07,2.910507213999659e-07
0,3.1219765289814112e-06,432,0.1,5.0,,13,13,3.384161231492359e-06,3.7849217486979923e-07,3.7849217486979923e-07
0,3.118446795616212e-06,433,0.1,5.0,,13,15,3.380255637729531e-06,3.785865828829606e-07,3.785865828829606e-07
0,3.110518488839536e-06,434,0.1,5.0,,13,23,3.3714867855786222e-06,3.7877500441819106e-07,3.7877500441819106e-07
0,3.101216291730341e-06,435,0.1,5.0,,13,63,3.3612064744156692e-06,3.789447278798124e-07,3.789447278798124e-07
0,3.096601704862233e-06,436,0.1,5.0,,13,513,3.3561107755548817e-06,3.790030928645532e-07,3.790030928645532e-07
0,3.0960261929922307e-06,437,0.1,5.0,,13,5013,3.3554754864594757e-06,3.790089650578426e-07,3.790089650578426e-07
0,3.254689187143131e-06,438,0.1,10.0,,13,13,3.527856729677852e-06,3.985461726912874e-07,3.985461726912874e-07
0,3.251995459743676e-06,439,0.1,10.0,,13,15,3.524879831698311e-06,3.9858959477184975e-07,3.9858959477184975e-07
0,3.2461348509220506e-06,440,0.1,10.0,,13,23,3.518406541484123e-06,3.9866212543577895e-07,3.9866212543577895e-07
0,3.239608639583865e-06,441,0.1,10.0,,13,63,3.511205126898578e-06,3.986979402561861e-07,3.986979402561861e-07
0,3.236519431187565e-06,442,0.1,10.0,,13,513,3.507799759790984e-06,3.9869323441335744e-07,3.9869323441335744e-07
0,3.236141366183151e-06,443,0.1,10.0,,13,5013,3.5073831890629866e-06,3.986914985641743e-07,3.986914985641743e-07
0,3.3367862122424847e-06,444,0.1,20.0,,13,13,3.616877982535489e-06,4.1012766351894233e-07,4.1012766351894233e-07
0,3.3345820183726585e-06,445,0.1,20.0,,13,15,3.6144452459871277e-06,4.1014018841624855e-07,4.1014018841624855e-07
0,3.3298944755921333e-06,446,0.1,20.0,,13,23,3.609275066336122e-06,4.101449839541832e-07,4.101449839541832e-07
0,3.3248707397584384e-06,447,0.1,20.0,,13,63,3.6037409993270213e-06,4.1010626582023083e-07,4.1010626582023083e-07
0,3.3225762510489226e-06,448,0.1,20.0,,13,513,3.6012167924404583e-06,4.100675841991589e-07,4.100675841991589e-07
0,3.322299572761139e-06,449,0.1,20.0,,13,5013,3.6009125969806694e-06,4.1006178816796693e-07,4.1006178816796693e-07
0,3.392735915914361e-06,450,0.1,50.0,,13,13,3.677598021922793e-06,4.176911602663831e-07,4.176911602663831e-07
0,3.390851836821461e-06,451,0.1,50.0,,13,15,3.6755212527962e-06,4.176832883952873e-07,4.176832883952873e-07
0,3.386918244957797e-06,452,0.1,50.0,,13,23,3.671188894178245e-06,4.1764421188256175e-07,4.1764421188256175e-07
0,3.3828356642620807e-06,453,0.1,50.0,,13,63,3.666699609101604e-06,4.1755844500340503e-07,4.1755844500340503e-07
0,3.3810287672472525e-06,454,0.1,50.0,,13,513,3.6647162182778107e-06,4.174986846244274e-07,4.174986846244274e-07
0,3.3808138080557987e-06,455,0.1,50.0,,13,5013,3.6644804560595537e-06,4.174903823570393e-07,4.174903823570393e-07
0,3.118319853476971e-06,456,0.2,1e-06,,13,13,3.4316898143136527e-06,1.7765881131256563e-07,1.7765881131256563e-07
0,3.118319840744079e-06,457,0.2,1e-06,,13,15,3.4316898003219157e-06,1.7765880896455295e-07,1.7765880896455295e-07
0,3.118319789812644e-06,458,0.2,1e-06,,13,23,3.431689744355108e-06,1.7765879957252704e-07,1.7765879957252704e-07
0,3.11831953515865e-06,459,0.2,1e-06,,13,63,3.431689464524578e-06,1.776587526129983e-07,1.776587526129983e-07
0,3.1183166706664785e-06,460,0.2,1e-06,,13,513,3.431686316832405e-06,1.7765822438727954e-07,1.7765822438727954e-07
0,3.118288062595433e-06,461,0.2,1e-06,,13,5013,3.4316548803981994e-06,1.776529490891128e-07,1.776529490891128e-07
0,3.034953843432391e-06,462,0.2,1e-05,,13,13,3.3386726255008637e-06,1.7356899726747376e-07,1.7356899726747376e-07
0,3.034953689953484e-06,463,0.2,1e-05,,13,15,3.3386724568498933e-06,1.7356896784448277e-07,1.7356896784448277e-07
0,3.034953076053849e-06,464,0.2,1e-05,,13,23,3.3386717822635816e-06,1.735688501556573e-07,1.735688501556573e-07
0,3.03495000693946e-06,465,0.2,1e-05,,13,63,3.3386684097536797e-06,1.7356826178687596e-07,1.7356826178687596e-07
0,3.0349155234209703e-06,466,0.2,1e-05,,13,513,3.3386305173784354e-06,1.735616512794182e-07,1.735616512794182e-07
0,3.034575077592932e-06,467,0.2,1e-05,,13,5013,3.3382564160395236e-06,1.7349640765497792e-07,1.7349640765497792e-07
0,2.922408740008871e-06,468,0.2,0.0001,,13,13,3.2125905121026594e-06,1.7128435938922386e-07,1.7128435938922386e-07
0,2.922406808416188e-06,469,0.2,0.0001,,13,15,3.212588389534552e-06,1.7128397798386486e-07,1.7128397798386486e-07
0,2.922399084060562e-06,470,0.2,0.0001,,13,23,3.21257990147599e-06,1.7128245277004264e-07,1.7128245277004264e-07
0,2.922360510581717e-06,471,0.2,0.0001,,13,63,3.2125375142466734e-06,1.7127483647056862e-07,1.7127483647056862e-07
0,2.9219320342615734e-06,472,0.2,0.0001,,13,513,3.212066673330482e-06,1.711902603062734e-07,1.711902603062734e-07
0,2.918136396646797e-06,473,0.2,0.0001,,13,5013,3.2078956509669456e-06,1.704431621092348e-07,1.704431621092348e-07
0,2.8009497845879043e-06,474,0.2,0.001,,13,13,3.0745812027059846e-06,1.7531788160396062e-07,1.7531788160396062e-07
0,2.8009240309567808e-06,475,0.2,0.001,,13,15,3.074552897355692e-06,1.7531292185935326e-07,1.7531292185935326e-07
0,2.8008212844054214e-06,476,0.2,0.001,,13,23,3.0744399704018516e-06,1.7529313595959057e-07,1.7529313595959057e-07
0,2.8003138997273703e-06,477,0.2,0.001,,13,63,3.0738823108881834e-06,1.7519546344722216e-07,1.7519546344722216e-07
0,2.79525069997862e-06,478,0.2,0.001,,13,513,3.0683172530869125e-06,1.7422396788411332e-07,1.7422396788411332e-07
0,2.772935742076434e-06,479,0.2,0.001,,13,5013,3.043786902205945e-06,1.7001494609868897e-07,1.7001494609868897e-07
0,2.7863644765731144e-06,480,0.2,0.01,,13,13,3.048984126625724e-06,1.9986872138012525e-07,1.9986872138012525e-07
0,2.7860062244344163e-06,481,0.2,0.01,,13,15,3.0485900388698147e-06,1.9981374202706462e-07,1.9981374202706462e-07
0,2.784608768538563e-06,482,0.2,0.01,,13,23,3.0470527829872402e-06,1.995995599801208e-07,1.995995599801208e-07
0,2.778378026471545e-06,483,0.2,0.01,,13,63,3.0401984567809123e-06,1.9865004908193947e-07,1.9865004908193947e-07
0,2.746674645958374e-06,484,0.2,0.01,,13,513,3.0053154128642077e-06,1.9396148905015184e-07,1.9396148905015184e-07
0,2.720421143510541e-06,485,0.2,0.01,,13,5013,2.9764204100362053e-06,1.9027008406808465e-07,1.9027008406808465e-07
0,3.297087730042286e-06,486,0.2,0.1,,13,13,3.5931193936748162e-06,2.7695409819229786e-07,2.7695409819229786e-07
0,3.2934913974677294e-06,487,0.2,0.1,,13,15,3.589151716726045e-06,2.7674825312910503e-07,2.7674825312910503e-07
0,3.2814861688127803e-06,488,0.2,0.1,,13,23,3.575905754614998e-06,2.7608137722231225e-07,2.7608137722231225e-07
0,3.250122542702785e-06,489,0.2,0.1,,13,63,3.541292629424386e-06,2.7448712905423465e-07,2.7448712905423465e-07
0,3.21124087540627e-06,490,0.2,0.1,,13,513,3.498366406550439e-06,2.7280978767107767e-07,2.7280978767107767e-07
0,3.203477407504076e-06,491,0.2,0.1,,13,5013,3.489793243079561e-06,2.725146829290636e-07,2.725146829290636e-07
0,3.5731485915272525e-06,492,0.2,0.2,,13,13,3.891211896183994e-06,3.136417102490019e-07,3.136417102490019e-07
0,3.567575085110417e-06,493,0.2,0.2,,13,15,3.8850536787766904e-06,3.1350821674266964e-07,3.1350821674266964e-07
0,3.5506561808362405e-06,494,0.2,0.2,,13,23,3.8663574394719535e-06,3.131402376874168e-07,3.131402376874168e-07
0,3.5158775594031077e-06,495,0.2,0.2,,13,63,3.827914025021938e-06,3.1255953767860267e-07,3.1255953767860267e-07
0,3.4852830319818703e-06,496,0.2,0.2,,13,513,3.7940830525293856e-06,3.122433486081606e-07,3.122433486081606e-07
0,3.480320299195437e-06,497,0.2,0.2,,13,5013,3.788594230587448e-06,3.1220914389569915e-07,3.1220914389569915e-07
0,3.73740623334334e-06,498,0.2,0.3,,13,13,4.068932645195582e-06,3.36618213731502e-07,3.36618213731502e-07
0,3.7308068760105806e-06,499,0.2,0.3,,13,15,4.0616337916767764e-06,3.365787785270079e-07,3.365787785270079e-07
0,3.711918767424174e-06,500,0.2,0.3,,13,23,4.040740492089199e-06,3.3650992403109773e-07,3.3650992403109773e-07
0,3.677785689222695e-06,501,0.2,0.3,,13,63,4.002971898377877e-06,3.3655024471794403e-07,3.3655024471794403e-07
0,3.652057211003324e-06,502,0.2,0.3,,13,513,3.974492912817731e-06,3.367198562635591e-07,3.367198562635591e-07
0,3.648206655802854e-06,503,0.2,0.3,,13,5013,3.9702299589744785e-06,3.3675546658662677e-07,3.3675546658662677e-07
0,3.849323737485956e-06,504,0.2,0.4,,13,13,4.190109693752139e-06,3.5296580098294963e-07,3.5296580098294963e-07
0,3.842169890760858e-06,505,0.2,0.4,,13,15,4.182191841033985e-06,3.530066734510083e-07,3.530066734510083e-07
0,3.822500195527674e-06,506,0.2,0.4,,13,23,4.160417905946267e-06,3.531650435441261e-07,3.531650435441261e-07
0,3.7897249715113063e-06,507,0.2,0.4,,13,63,4.124124675516224e-06,3.535780068491291e-07,3.535780068491291e-07
0,3.7671231620819926e-06,508,0.2,0.4,,13,513,4.099088217041417e-06,3.5397054848238904e-07,3.5397054848238904e-07
0,3.763882648755544e-06,509,0.2,0.4,,13,5013,4.095498056773043e-06,3.5403399329586753e-07,3.5403399329586753e-07
0,3.9316290065618346e-06,510,0.2,0.5,,13,13,4.2792530713519595e-06,3.653876558567727e-07,3.653876558567727e-07
0,3.924168710826113e-06,511,0.2,0.5,,13,15,4.270991352566988e-06,3.6549257538768846e-07,3.6549257538768846e-07
0,3.90424596514033e-06,512,0.2,0.5,,13,23,4.248924575993299e-06,3.6581870737826607e-07,3.6581870737826607e-07
0,3.87285696791584e-06,513,0.2,0.5,,13,63,4.214146177393063e-06,3.664675201324041e-07,3.664675201324041e-07
0,3.852432569382168e-06,514,0.2,0.5,,13,513,4.1915087590475115e-06,3.6697780745775133e-07,3.6697780745775133e-07
0,3.8495813923485e-06,515,0.2,0.5,,13,5013,4.188348171905958e-06,3.6705453823256453e-07,3.6705453823256453e-07
0,3.995220436395079e-06,516,0.2,0.6,,13,13,4.348138632853758e-06,3.752277544431294e-07,3.752277544431294e-07
0,3.98759183166869e-06,517,0.2,0.6,,13,15,4.339686624152745e-06,3.753832789436146e-07,3.753832789436146e-07
0,3.967666291733484e-06,518,0.2,0.6,,13,23,4.317606428757004e-06,3.758345749822359e-07,3.758345749822359e-07
0,3.937535574273599e-06,519,0.2,0.6,,13,63,4.284206498110815e-06,3.766403031231205e-07,3.766403031231205e-07
0,3.9187171231983554e-06,520,0.2,0.6,,13,513,4.2633393982369315e-06,3.772184305862179e-07,3.772184305862179e-07
0,3.916137575352279e-06,521,0.2,0.6,,13,5013,4.2604786169576364e-06,3.7730214768275035e-07,3.7730214768275035e-07
0,4.046090901044535e-06,522,0.2,0.7,,13,13,4.4032484903123425e-06,3.8325449267040486e-07,3.8325449267040486e-07
0,4.0383743835156754e-06,523,0.2,0.7,,13,15,4.394695786855249e-06,3.834502707032889e-07,3.834502707032889e-07
0,4.018567559048163e-06,524,0.2,0.7,,13,23,4.372738592781354e-06,3.8399669743217493e-07,3.8399669743217493e-07
0,3.989542834609072e-06,525,0.2,0.7,,13,63,4.3405520906180326e-06,3.8491117461362454e-07,3.8491117461362454e-07
0,3.9719595889260685e-06,526,0.2,0.7,,13,513,4.321047170158123e-06,3.8553067639099793e-07,3.8553067639099793e-07
0,3.969581054806163e-06,527,0.2,0.7,,13,5013,4.318408318051275e-06,3.856182626806234e-07,3.856182626806234e-07
0,4.087853905263366e-06,528,0.2,0.8,,13,13,4.448493561534242e-06,3.899477845444161e-07,3.899477845444161e-07
0,4.080097794534716e-06,529,0.2,0.8,,13,15,4.439894158046556e-06,3.9017595106762525e-07,3.9017595106762525e-07
0,4.060467603104463e-06,530,0.2,0.8,,13,23,4.418125570533134e-06,3.907960854084636e-07,3.907960854084636e-07
0,4.032407517210447e-06,531,0.2,0.8,,13,63,4.3869984748574284e-06,3.917884527148063e-07,3.917884527148063e-07
0,4.015805005185141e-06,532,0.2,0.8,,13,513,4.368575459053567e-06,3.9243415404456977e-07,3.9243415404456977e-07
0,4.01358160688004e-06,533,0.2,0.8,,13,5013,4.366107926269527e-06,3.925239250241797e-07,3.925239250241797e-07
0,4.122838025967905e-06,534,0.2,0.9,,13,13,4.486395065363629e-06,3.9562645130872074e-07,3.9562645130872074e-07
0,4.115071997611891e-06,535,0.2,0.9,,13,15,4.477782229964159e-06,3.958810052104718e-07,3.958810052104718e-07
0,4.095643513474776e-06,536,0.2,0.9,,13,23,4.456231169743915e-06,3.9655928010301454e-07,3.9655928010301454e-07
0,4.068425589659049e-06,537,0.2,0.9,,13,63,4.426029656650233e-06,3.976089476333639e-07,3.976089476333639e-07
0,4.052621370948923e-06,538,0.2,0.9,,13,513,4.408487527294344e-06,3.9827163353187933e-07,3.9827163353187933e-07
0,4.05052153128708e-06,539,0.2,0.9,,13,5013,4.40615647110381e-06,3.983626213261722e-07,3.983626213261722e-07
0,4.152621256518188e-06,540,0.2,1.0,,13,13,4.518661980499761e-06,4.005122515067595e-07,4.005122515067595e-07
0,4.144863746707943e-06,541,0.2,1.0,,13,15,4.510056464816065e-06,4.0078856655504445e-07,4.0078856655504445e-07
0,4.125644625668602e-06,542,0.2,1.0,,13,23,4.488732322205727e-06,4.015134478358216e-07,4.015134478358216e-07
0,4.099165109792567e-06,543,0.2,1.0,,13,63,4.459342827032445e-06,4.026062054237609e-07,4.026062054237609e-07
0,4.084023791239358e-06,544,0.2,1.0,,13,513,4.442532354735091e-06,4.032800305605715e-07,4.032800305605715e-07
0,4.082024802728715e-06,545,0.2,1.0,,13,5013,4.440312713878923e-06,4.033716542912951e-07,4.033716542912951e-07
0,4.43828223207566e-06,546,0.2,5.0,,13,13,4.828098305678609e-06,4.4965995754764314e-07,4.4965995754764314e-07
0,4.431388506627834e-06,547,0.2,5.0,,13,15,4.820429919618544e-06,4.5008961002646156e-07,4.5008961002646156e-07
0,4.415705712668336e-06,548,0.2,5.0,,13,23,4.802981118205324e-06,4.510941597152184e-07,4.510941597152184e-07
0,4.396880434721427e-06,549,0.2,5.0,,13,63,4.78202891967826e-06,4.5235058577976646e-07,4.5235058577976646e-07
0,4.387331267115246e-06,550,0.2,5.0,,13,513,4.7713978044393906e-06,4.5300944148994386e-07,4.5300944148994386e-07
0,4.386128992793503e-06,551,0.2,5.0,,13,5013,4.770059158581064e-06,4.5309343675869806e-07,4.5309343675869806e-07
0,4.487822672560807e-06,552,0.2,10.0,,13,13,4.881746076710119e-06,4.5856794962397675e-07,4.5856794962397675e-07
0,4.481211348849071e-06,553,0.2,10.0,,13,15,4.874387635058302e-06,4.590107045282044e-07,4.590107045282044e-07
0,4.466367016895559e-06,554,0.2,10.0,,13,23,4.857862225089612e-06,4.600296973295382e-07,4.600296973295382e-07
0,4.448901234040215e-06,555,0.2,10.0,,13,63,4.838411885286607e-06,4.612736795540239e-07,4.612736795540239e-07
0,4.440185840731659e-06,556,0.2,10.0,,13,513,4.828703406259663e-06,4.619131074821229e-07,4.619131074821229e-07
0,4.439095316039241e-06,557,0.2,10.0,,13,5013,4.827488485163522e-06,4.6199400905333614e-07,4.6199400905333614e-07
0,4.514447831368553e-06,558,0.2,20.0,,13,13,4.910576100019748e-06,4.6339598707717464e-07,4.6339598707717464e-07
0,4.508002046892673e-06,559,0.2,20.0,,13,15,4.903399597632171e-06,4.638438933921046e-07,4.638438933921046e-07
0,4.493627990702467e-06,560,0.2,20.0,,13,23,4.887392530376105e-06,4.648664540668727e-07,4.648664540668727e-07
0,4.476889060451853e-06,561,0.2,20.0,,13,63,4.868745538117013e-06,4.660995686654734e-07,4.660995686654734e-07
0,4.468605940327149e-06,562,0.2,20.0,,13,513,4.85951556569521e-06,4.6672709737046373e-07,4.6672709737046373e-07
0,4.4675727435052095e-06,563,0.2,20.0,,13,5013,4.858364135107962e-06,4.668061944001338e-07,4.668061944001338e-07
0,4.531092643629881e-06,564,0.2,50.0,,13,13,4.92859833636744e-06,4.6642783389012035e-07,4.6642783389012035e-07
0,4.524754935503638e-06,565,0.2,50.0,,13,15,4.921540701780129e-06,4.6687828238436097e-07,4.6687828238436097e-07
0,4.510681084639813e-06,566,0.2,50.0,,13,23,4.9058646716198995e-06,4.6790161021156195e-07,4.6790161021156195e-07
0,4.49439459859398e-06,567,0.2,50.0,,13,63,4.887717873204735e-06,4.6912653091659016e-07,4.6912653091659016e-07
0,4.486376169287282e-06,568,0.2,50.0,,13,513,4.878780959137755e-06,4.6974615109456667e-07,4.6974615109456667e-07
0,4.485377877870729e-06,569,0.2,50.0,,13,5013,4.877668193109666e-06,4.6982407522114666e-07,4.6982407522114666e-07
0,3.0176015378170413e-06,570,0.3,1e-06,,13,13,3.3179645845081864e-06,1.820360625115671e-07,1.820360625115671e-07
0,3.017601528145588e-06,571,0.3,1e-06,,13,15,3.3179645738868396e-06,1.8203606049523987e-07,1.8203606049523987e-07
0,3.017601489459908e-06,572,0.3,1e-06,,13,23,3.317964531401595e-06,1.8203605242995827e-07,1.8203605242995827e-07
0,3.0176012960346167e-06,573,0.3,1e-06,,13,63,3.3179643189787917e-06,1.8203601210420156e-07,1.8203601210420156e-07
0,3.017599120356577e-06,574,0.3,1e-06,,13,513,3.31796192961374e-06,1.8203555851432133e-07,1.8203555851432133e-07
0,3.017577399531521e-06,575,0.3,1e-06,,13,5013,3.3179380754465987e-06,1.8203103016738816e-07,1.8203103016738816e-07
0,2.940109295980235e-06,576,0.3,1e-05,,13,13,3.230198819647118e-06,1.8490336700897723e-07,1.8490336700897723e-07
0,2.9401091774893514e-06,577,0.3,1e-05,,13,15,3.2301986895225963e-06,1.849033421154178e-07,1.849033421154178e-07
0,2.940108703541676e-06,578,0.3,1e-05,,13,23,3.230198169041923e-06,1.849032425445393e-07,1.849032425445393e-07
0,2.9401063341839e-06,579,0.3,1e-05,,13,63,3.230195567056482e-06,1.8490274477073192e-07,1.8490274477073192e-07
0,2.94007972254478e-06,580,0.3,1e-05,,13,513,3.2301663426356026e-06,1.8489715405464725e-07,1.8489715405464725e-07
0,2.9398179417584125e-06,581,0.3,1e-05,,13,5013,3.2298788592421352e-06,1.848421647820241e-07,1.848421647820241e-07
0,2.8806804646287768e-06,582,0.3,0.0001,,13,13,3.1604560814169053e-06,1.9449624435101014e-07,1.9449624435101014e-07
0,2.8806789449178344e-06,583,0.3,0.0001,,13,15,3.1604544123440918e-06,1.9449593657802227e-07,1.9449593657802227e-07
0,2.8806728681091496e-06,584,0.3,0.0001,,13,23,3.160447738287663e-06,1.944947059022076e-07,1.944947059022076e-07
0,2.880642532826197e-06,585,0.3,0.0001,,13,63,3.160414421551707e-06,1.944885624935642e-07,1.944885624935642e-07
0,2.8803067687356817e-06,586,0.3,0.0001,,13,513,3.1600456567076764e-06,1.9442057520810153e-07,1.9442057520810153e-07
0,2.877425797636026e-06,587,0.3,0.0001,,13,5013,3.1568814722824414e-06,1.938380273865142e-07,1.938380273865142e-07
0,2.939202130039455e-06,588,0.3,0.001,,13,13,3.2165460410544067e-06,2.1956180366444514e-07,2.1956180366444514e-07
0,2.939181413285853e-06,589,0.3,0.001,,13,15,3.2165232773081104e-06,2.195581942558587e-07,2.195581942558587e-07
0,2.93909882231843e-06,590,0.3,0.001,,13,23,3.2164325255954197e-06,2.195438055039698e-07,2.195438055039698e-07
0,2.938692383550848e-06,591,0.3,0.001,,13,63,3.215985925777213e-06,2.1947301531543287e-07,2.1947301531543287e-07
0,2.934761436691149e-06,592,0.3,0.001,,13,513,3.211666453444521e-06,2.1878993769583457e-07,2.1878993769583457e-07
0,2.919788362421937e-06,593,0.3,0.001,,13,5013,3.1952118060891762e-06,2.1621491752456062e-07,2.1621491752456062e-07
0,3.446723007868102e-06,594,0.3,0.01,,13,13,3.760031262851799e-06,2.806997592470884e-07,2.806997592470884e-07
0,3.446432099317501e-06,595,0.3,0.01,,13,15,3.7597111221073365e-06,2.806676862348494e-07,2.806676862348494e-07
0,3.445304867500953e-06,596,0.3,0.01,,13,23,3.758470609709261e-06,2.805435667442282e-07,2.805435667442282e-07
0,3.4404207882163163e-06,597,0.3,0.01,,13,63,3.753095528631298e-06,2.8000871182820845e-07,2.8000871182820845e-07
0,3.4187148460004877e-06,598,0.3,0.01,,13,513,3.7292039473578187e-06,2.7769000977821054e-07,2.7769000977821054e-07
0,3.403985102162833e-06,599,0.3,0.01,,13,5013,3.712987745646214e-06,2.7617171676677837e-07,2.7617171676677837e-07
0,4.528915836850882e-06,600,0.3,0.1,,13,13,4.935673064121111e-06,3.8945402854624846e-07,3.8945402854624846e-07
0,4.52611884054039e-06,601,0.3,0.1,,13,15,4.932585970755964e-06,3.893676518129127e-07,3.893676518129127e-07
0,4.517071297739912e-06,602,0.3,0.1,,13,23,4.922599321355744e-06,3.890973594791914e-07,3.890973594791914e-07
0,4.495364462285824e-06,603,0.3,0.1,,13,63,4.898634888967755e-06,3.8850578515526764e-07,3.8850578515526764e-07
0,4.471815312319018e-06,604,0.3,0.1,,13,513,4.8726293217793835e-06,3.879551732633388e-07,3.879551732633388e-07
0,4.467504138671375e-06,605,0.3,0.1,,13,5013,4.867867632133837e-06,3.878646759364976e-07,3.878646759364976e-07
0,4.837237236312202e-06,606,0.3,0.2,,13,13,5.271784066855242e-06,4.2358818206465256e-07,4.2358818206465256e-07
0,4.832981111030351e-06,607,0.3,0.2,,13,15,5.267081306290227e-06,4.235434498735615e-07,4.235434498735615e-07
0,4.820500288541758e-06,608,0.3,0.2,,13,23,5.253289291150832e-06,4.2342888459079394e-07,4.2342888459079394e-07
0,4.796762190351425e-06,609,0.3,0.2,,13,63,5.227051298309795e-06,4.2327942780765343e-07,4.2327942780765343e-07
0,4.777792242605671e-06,610,0.3,0.2,,13,513,5.206077853461061e-06,4.232245704752165e-07,4.232245704752165e-07
0,4.774869169612127e-06,611,0.3,0.2,,13,5013,5.202845605803247e-06,4.2322122282127186e-07,4.2322122282127186e-07
0,4.991654202682746e-06,612,0.3,0.3,,13,13,5.440148704407121e-06,4.4166758708877577e-07,4.4166758708877577e-07
0,4.986631569422538e-06,613,0.3,0.3,,13,15,5.43459528633983e-06,4.4166784296994565e-07,4.4166784296994565e-07
0,4.972715254565388e-06,614,0.3,0.3,,13,23,5.419206417983894e-06,4.4168877664609406e-07,4.4168877664609406e-07
0,4.949178628517112e-06,615,0.3,0.3,,13,63,5.393172878795627e-06,4.417918784727922e-07,4.417918784727922e-07
0,4.932693697258202e-06,616,0.3,0.3,,13,513,5.374934299962169e-06,4.4191479551758244e-07,4.4191479551758244e-07
0,4.930313197202291e-06,617,0.3,0.3,,13,5013,5.372300234521066e-06,4.4193599831421993e-07,4.4193599831421993e-07
0,5.087049532621841e-06,618,0.3,0.4,,13,13,5.544148505282161e-06,4.532711347269829e-07,4.532711347269829e-07
0,5.081585716938989e-06,619,0.3,0.4,,13,15,5.538104456270075e-06,4.5330831721071354e-07,4.5330831721071354e-07
0,5.066997173175802e-06,620,0.3,0.4,,13,23,5.521964523602168e-06,4.534295490636732e-07,4.534295490636732e-07
0,5.044021725175112e-06,621,0.3,0.4,,13,63,5.49653940773283e-06,4.536852893507473e-07,4.536852893507473e-07
0,5.029079560305399e-06,622,0.3,0.4,,13,513,5.479999855843843e-06,4.5389418844862057e-07,4.5389418844862057e-07
0,5.026994247070539e-06,623,0.3,0.4,,13,5013,5.477691345336884e-06,4.539260117326429e-07,4.539260117326429e-07
0,5.152489790383889e-06,624,0.3,0.5,,13,13,5.615478925361555e-06,4.614703946053864e-07,4.614703946053864e-07
0,5.146753404946548e-06,625,0.3,0.5,,13,15,5.609131135249491e-06,4.615368090019251e-07,4.615368090019251e-07
0,5.131831336215439e-06,626,0.3,0.5,,13,23,5.592616316428299e-06,4.617323557487719e-07,4.617323557487719e-07
0,5.109432393559251e-06,627,0.3,0.5,,13,63,5.567820261045557e-06,4.6208771070049506e-07,4.6208771070049506e-07
0,5.0955425193696125e-06,628,0.3,0.5,,13,513,5.552440068921998e-06,4.6234537989350554e-07,4.6234537989350554e-07
0,5.093644455129114e-06,629,0.3,0.5,,13,5013,5.5503381213408915e-06,4.6238280992123246e-07,4.6238280992123246e-07
0,5.200389572669901e-06,630,0.3,0.6,,13,13,5.66768066620328e-06,4.6761835293188797e-07,4.6761835293188797e-07
0,5.194475549608559e-06,631,0.3,0.6,,13,15,5.66113450636041e-06,4.677080045700315e-07,4.677080045700315e-07
0,5.179386492815568e-06,632,0.3,0.6,,13,23,5.644430215444512e-06,4.6795990468918554e-07,4.6795990468918554e-07
0,5.157506556948537e-06,633,0.3,0.6,,13,63,5.620201925502291e-06,4.6838434182815003e-07,4.6838434182815003e-07
0,5.144381607118131e-06,634,0.3,0.6,,13,513,5.605664737401859e-06,4.686725848506004e-07,4.686725848506004e-07
0,5.142613518276018e-06,635,0.3,0.6,,13,5013,5.603706197898567e-06,4.687133439741873e-07,4.687133439741873e-07
0,5.237056480508543e-06,636,0.3,0.7,,13,13,5.707633834959109e-06,4.72420148801401e-07,4.72420148801401e-07
0,5.231021848157251e-06,637,0.3,0.7,,13,15,5.70095269033485e-06,4.725285256339074e-07,4.725285256339074e-07
0,5.215853635318128e-06,638,0.3,0.7,,13,23,5.684156990211027e-06,4.728242415813556e-07,4.728242415813556e-07
0,5.194425450624364e-06,639,0.3,0.7,,13,63,5.660423588623563e-06,4.7329888808939355e-07,4.7329888808939355e-07
0,5.181882390119123e-06,640,0.3,0.7,,13,513,5.646527829778996e-06,4.736076694812026e-07,4.736076694812026e-07
0,5.180210060715964e-06,641,0.3,0.7,,13,5013,5.644674961547355e-06,4.736505663150701e-07,4.736505663150701e-07
0,5.266067894659914e-06,642,0.3,0.8,,13,13,5.739240382003432e-06,4.7628477691774113e-07,4.7628477691774113e-07
0,5.259948710654608e-06,643,0.3,0.8,,13,15,5.732464382698538e-06,4.7640847518547686e-07,4.7640847518547686e-07
0,5.244749907871115e-06,644,0.3,0.8,,13,23,5.715631681954785e-06,4.7673904333824507e-07,4.7673904333824507e-07
0,5.223712128963493e-06,645,0.3,0.8,,13,63,5.692326355036021e-06,4.772515521307081e-07,4.772515521307081e-07
0,5.211627031861298e-06,646,0.3,0.8,,13,513,5.678935508443257e-06,4.775748499533009e-07,4.775748499533009e-07
0,5.21002831496636e-06,647,0.3,0.8,,13,5013,5.677163881768745e-06,4.776191987988341e-07,4.776191987988341e-07
0,5.289615310840644e-06,648,0.3,0.9,,13,13,5.764890455467163e-06,4.794678954635277e-07,4.794678954635277e-07
0,5.2834353309930124e-06,649,0.3,0.9,,13,15,5.758046075745026e-06,4.796043147987974e-07,4.796043147987974e-07
0,5.268233592386409e-06,650,0.3,0.9,,13,23,5.74120749076151e-06,4.799631615247947e-07,4.799631615247947e-07
0,5.2475338542876815e-06,651,0.3,0.9,,13,63,5.718273059686567e-06,4.805050784386852e-07,4.805050784386852e-07
0,5.235818827142922e-06,652,0.3,0.9,,13,513,5.705290280083098e-06,4.808390452175582e-07,4.808390452175582e-07
0,5.2342785312674025e-06,653,0.3,0.9,,13,5013,5.703583135415007e-06,4.808844230309375e-07,4.808844230309375e-07
0,5.309120707222194e-06,654,0.3,1.0,,13,13,5.7861347842604266e-06,4.821384537062436e-07,4.821384537062436e-07
0,5.302896118069998e-06,655,0.3,1.0,,13,15,5.779240087584067e-06,4.822855768175018e-07,4.822855768175018e-07
0,5.287707394468422e-06,656,0.3,1.0,,13,23,5.762413672359727e-06,4.826677655953497e-07,4.826677655953497e-07
0,5.267301895541937e-06,657,0.3,1.0,,13,63,5.7398022342210035e-06,4.832330833007515e-07,4.832330833007515e-07
0,5.255892286165103e-06,658,0.3,1.0,,13,513,5.727156271611415e-06,4.835751384265359e-07,4.835751384265359e-07
0,5.254399521508128e-06,659,0.3,1.0,,13,5013,5.725501593757611e-06,4.836212700157267e-07,4.836212700157267e-07
0,5.471105874802847e-06,660,0.3,5.0,,13,13,5.962427697425884e-06,5.05811022401321e-07,5.05811022401321e-07
0,5.464759626408222e-06,661,0.3,5.0,,13,15,5.955389257700772e-06,5.060492592709897e-07,5.060492592709897e-07
0,5.450279472940338e-06,662,0.3,5.0,,13,23,5.939327187472467e-06,5.066136660976575e-07,5.066136660976575e-07
0,5.4328047261675045e-06,663,0.3,5.0,,13,63,5.91993857861127e-06,5.073334821326598e-07,5.073334821326598e-07
0,5.4238945267190045e-06,664,0.3,5.0,,13,513,5.910050469403524e-06,5.077168579182021e-07,5.077168579182021e-07
0,5.422770242114889e-06,665,0.3,5.0,,13,5013,5.908802693135869e-06,5.077660187655923e-07,5.077660187655923e-07
0,5.494636340797523e-06,666,0.3,10.0,,13,13,5.988009836527947e-06,5.095318631359921e-07,5.095318631359921e-07
0,5.488317092334547e-06,667,0.3,10.0,,13,15,5.980999803082764e-06,5.097829778392333e-07,5.097829778392333e-07
0,5.474038239792921e-06,668,0.3,10.0,,13,23,5.965157539799447e-06,5.103706288523423e-07,5.103706288523423e-07
0,5.457060710086372e-06,669,0.3,10.0,,13,63,5.946316491859389e-06,5.111059918891113e-07,5.111059918891113e-07
0,5.448509106666161e-06,670,0.3,10.0,,13,513,5.936824297658406e-06,5.114915358890689e-07,5.114915358890689e-07
0,5.447435046728248e-06,671,0.3,10.0,,13,5013,5.935632009239769e-06,5.115406784346561e-07,5.115406784346561e-07
0,5.5067376780794464e-06,672,0.3,20.0,,13,13,6.001162820781459e-06,5.114807370696759e-07,5.114807370696759e-07
0,5.500437539020959e-06,673,0.3,20.0,,13,15,5.994173166712369e-06,5.117383572477329e-07,5.117383572477329e-07
0,5.486272867326583e-06,674,0.3,20.0,,13,23,5.978455741027269e-06,5.123374793178153e-07,5.123374793178153e-07
0,5.4695581318125095e-06,675,0.3,20.0,,13,63,5.959904172763969e-06,5.130800545857201e-07,5.130800545857201e-07
0,5.461190669065642e-06,676,0.3,20.0,,13,513,5.950615308785322e-06,5.134663288274319e-07,5.134663288274319e-07
0,5.460142172083702e-06,677,0.3,20.0,,13,5013,5.94945126505627e-06,5.135154175587903e-07,5.135154175587903e-07
0,5.5141108635104606e-06,678,0.3,50.0,,13,13,6.009175516380288e-06,5.126806120995365e-07,5.126806120995365e-07
0,5.507824172339757e-06,679,0.3,50.0,,13,15,6.0022002734361825e-06,5.129421495726202e-07,5.129421495726202e-07
0,5.493732692635627e-06,680,0.3,50.0,,13,23,5.986562921223547e-06,5.135480861969687e-07,5.135480861969687e-07
0,5.47718044458717e-06,681,0.3,50.0,,13,63,5.968190366185623e-06,5.142947865610918e-07,5.142947865610918e-07
0,5.468925100351101e-06,682,0.3,50.0,,13,513,5.959025313657569e-06,5.146813765419086e-07,5.146813765419086e-07
0,5.4678920943015e-06,683,0.3,50.0,,13,5013,5.957878386969855e-06,5.147304176696864e-07,5.147304176696864e-07
0,2.933113728206334e-06,684,0.4,1e-06,,13,13,3.2201231078485906e-06,1.9464211773057333e-07,1.9464211773057333e-07
0,2.933113721975451e-06,685,0.4,1e-06,,13,15,3.2201231010079347e-06,1.9464211639175697e-07,1.9464211639175697e-07
0,2.933113697052015e-06,686,0.4,1e-06,,13,23,3.220123073645419e-06,1.9464211103651346e-07,1.9464211103651346e-07
0,2.933113572437337e-06,687,0.4,1e-06,,13,63,3.2201229368355866e-06,1.946420842608343e-07,1.946420842608343e-07
0,2.9331121708090213e-06,688,0.4,1e-06,,13,513,3.2201213980398328e-06,1.9464178309620996e-07,1.9464178309620996e-07
0,2.9330981834391254e-06,689,0.4,1e-06,,13,5013,3.220106041823802e-06,1.9463877767674114e-07,1.9463877767674114e-07
0,2.921319449459707e-06,690,0.4,1e-05,,13,13,3.2026719531004463e-06,2.070588848280744e-07,2.070588848280744e-07
0,2.9213193724151434e-06,691,0.4,1e-05,,13,15,3.202671868506782e-06,2.070588691110348e-07,2.070588691110348e-07
0,2.9213190642497684e-06,692,0.4,1e-05,,13,23,3.2026715301462645e-06,2.0705880624551127e-07,2.0705880624551127e-07
0,2.9213175237318005e-06,693,0.4,1e-05,,13,63,3.2026698386828232e-06,2.0705849198110705e-07,2.0705849198110705e-07
0,2.921300228307022e-06,694,0.4,1e-05,,13,513,3.202650848588383e-06,2.070549637512184e-07,2.070549637512184e-07
0,2.9211307773679257e-06,695,0.4,1e-05,,13,5013,3.202464794031273e-06,2.0702039831629737e-07,2.0702039831629737e-07
0,3.0318713981213946e-06,696,0.4,0.0001,,13,13,3.3166788520607842e-06,2.3190788989081074e-07,2.3190788989081074e-07
0,3.031870401496947e-06,697,0.4,0.0001,,13,15,3.3166777573349317e-06,2.3190771252770235e-07,2.3190771252770235e-07
0,3.031866416664105e-06,698,0.4,0.0001,,13,23,3.316673380260237e-06,2.319070033731671e-07,2.319070033731671e-07
0,3.0318465323753806e-06,699,0.4,0.0001,,13,63,3.3166515386845145e-06,2.3190346473506197e-07,2.3190346473506197e-07
0,3.031627320209307e-06,700,0.4,0.0001,,13,513,3.316410748309318e-06,2.318644576250079e-07,2.318644576250079e-07
0,3.029810208244717e-06,701,0.4,0.0001,,13,5013,3.3144147463554056e-06,2.315414150452727e-07,2.315414150452727e-07
0,3.507699583692264e-06,702,0.4,0.001,,13,13,3.827480061347789e-06,2.8432188010798784e-07,2.8432188010798784e-07
0,3.5076859889335924e-06,703,0.4,0.001,,13,15,3.827465111687569e-06,2.8432016020430413e-07,2.8432016020430413e-07
0,3.507631835325815e-06,704,0.4,0.001,,13,23,3.8274055609178015e-06,2.8431330944596716e-07,2.8431330944596716e-07
0,3.507366367186366e-06,705,0.4,0.001,,13,63,3.827113634653726e-06,2.842797339217693e-07,2.842797339217693e-07
0,3.5048840476616644e-06,706,0.4,0.001,,13,513,3.824383870388275e-06,2.839664062357183e-07,2.839664062357183e-07
0,3.496658916050165e-06,707,0.4,0.001,,13,5013,3.815338289924109e-06,2.829363519412211e-07,2.829363519412211e-07
0,4.511761697472658e-06,708,0.4,0.01,,13,13,4.9184509904091075e-06,3.7631428661322824e-07,3.7631428661322824e-07
0,4.511571819729482e-06,709,0.4,0.01,,13,15,4.918241790960283e-06,3.763025243931107e-07,3.763025243931107e-07
0,4.51084137580314e-06,710,0.4,0.01,,13,23,4.917437013569295e-06,3.762573340925089e-07,3.762573340925089e-07
0,4.507770975516051e-06,711,0.4,0.01,,13,63,4.914054077112965e-06,3.7606838534547644e-07,3.7606838534547644e-07
0,4.495755800739271e-06,712,0.4,0.01,,13,513,4.900814670342247e-06,3.75344680804073e-07,3.75344680804073e-07
0,4.4888594801448e-06,713,0.4,0.01,,13,5013,4.893214809711606e-06,3.749406388484449e-07,3.749406388484449e-07
0,5.5677752450168654e-06,714,0.4,0.1,,13,13,6.072047126465399e-06,4.811500407264655e-07,4.811500407264655e-07
0,5.565990892609153e-06,715,0.4,0.1,,13,15,6.07007691577742e-06,4.811300128665712e-07,4.811300128665712e-07
0,5.560384788130283e-06,716,0.4,0.1,,13,23,6.0638865773954615e-06,4.810701307371773e-07,4.810701307371773e-07
0,5.547888993070227e-06,717,0.4,0.1,,13,63,6.0500868949021985e-06,4.809532841053352e-07,4.809532841053352e-07
0,5.535678315052177e-06,718,0.4,0.1,,13,513,6.036599865811716e-06,4.808613250666047e-07,4.808613250666047e-07
0,5.533578544414252e-06,719,0.4,0.1,,13,5013,6.0342803899381685e-06,4.808477287496328e-07,4.808477287496328e-07
0,5.807316510310641e-06,720,0.4,0.2,,13,13,6.333916287422143e-06,5.059608282611444e-07,5.059608282611444e-07
0,5.804636513839589e-06,721,0.4,0.2,,13,15,6.330955009586431e-06,5.059618687120361e-07,5.059618687120361e-07
0,5.797004877379861e-06,722,0.4,0.2,,13,23,6.322521796778204e-06,5.059704010132826e-07,5.059704010132826e-07
0,5.783362877542543e-06,723,0.4,0.2,,13,63,6.307444741641556e-06,5.060062201651011e-07,5.060062201651011e-07
0,5.77321123178211e-06,724,0.4,0.2,,13,513,6.296223370682215e-06,5.060500226063332e-07,5.060500226063332e-07
0,5.771701916489945e-06,725,0.4,0.2,,13,5013,6.294554877677896e-06,5.060577862067543e-07,5.060577862067543e-07
0,5.91738650739136e-06,726,0.4,0.3,,13,13,6.454221334563055e-06,5.176964065055697e-07,5.176964065055697e-07
0,5.9142304177509165e-06,727,0.4,0.3,,13,15,6.450732584753515e-06,5.177157734618824e-07,5.177157734618824e-07
0,5.905711846388226e-06,728,0.4,0.3,,13,23,6.441315372543884e-06,5.17774969901367e-07,5.17774969901367e-07
0,5.892017659697692e-06,729,0.4,0.3,,13,63,6.426174219731591e-06,5.178913372456946e-07,5.178913372456946e-07
0,5.882922426503688e-06,730,0.4,0.3,,13,513,6.416116354334949e-06,5.179830984025699e-07,5.179830984025699e-07
0,5.881640927844347e-06,731,0.4,0.3,,13,5013,6.414699119434193e-06,5.179969571174026e-07,5.179969571174026e-07
0,5.981449572642335e-06,732,0.4,0.4,,13,13,6.5242247817889664e-06,5.247229673208396e-07,5.247229673208396e-07
0,5.978008083188456e-06,733,0.4,0.4,,13,15,6.5204195328515396e-06,5.247563316769794e-07,5.247563316769794e-07
0,5.9690274746457765e-06,734,0.4,0.4,,13,23,6.51048882537378e-06,5.248510889185783e-07,5.248510889185783e-07
0,5.955468224093025e-06,735,0.4,0.4,,13,63,6.4954927002754256e-06,5.250152612715223e-07,5.250152612715223e-07
0,5.947010782632338e-06,736,0.4,0.4,,13,513,6.4861375631492595e-06,5.251305419672062e-07,5.251305419672062e-07
0,5.945852064144519e-06,737,0.4,0.4,,13,5013,6.484855767332641e-06,5.251471077944371e-07,5.251471077944371e-07
0,6.023505351737929e-06,738,0.4,0.5,,13,13,6.570170350614697e-06,5.294484455135395e-07,5.294484455135395e-07
0,6.01987731223922e-06,739,0.4,0.5,,13,15,6.566158062425565e-06,5.294925166803893e-07,5.294925166803893e-07
0,6.010627241290637e-06,740,0.4,0.5,,13,23,6.555927377688304e-06,5.296130442765728e-07,5.296130442765728e-07
0,5.997228831199749e-06,741,0.4,0.5,,13,63,6.541106196647113e-06,5.298084502966507e-07,5.298084502966507e-07
0,5.989198594061404e-06,742,0.4,0.5,,13,513,6.5322218702154604e-06,5.29937395243919e-07,5.29937395243919e-07
0,5.988117162385086e-06,743,0.4,0.5,,13,5013,6.531025339968048e-06,5.299554385182627e-07,5.299554385182627e-07
0,6.053266446776404e-06,744,0.4,0.6,,13,13,6.602677968316428e-06,5.32860570964561e-07,5.32860570964561e-07
0,6.049508532239743e-06,745,0.4,0.6,,13,15,6.59852144465303e-06,5.32913000907446e-07,5.32913000907446e-07
0,6.040088474834612e-06,746,0.4,0.6,,13,23,6.588101206938722e-06,5.330528984603939e-07,5.330528984603939e-07
0,6.026840597413194e-06,747,0.4,0.6,,13,63,6.573444350526281e-06,5.33270163886837e-07,5.33270163886837e-07
0,6.019116826168254e-06,748,0.4,0.6,,13,513,6.564897825499991e-06,5.334079217791361e-07,5.334079217791361e-07
0,6.018088695412293e-06,749,0.4,0.6,,13,5013,6.563760103785318e-06,5.334268757991584e-07,5.334268757991584e-07
0,6.075447137886963e-06,750,0.4,0.7,,13,13,6.626901675598191e-06,5.354469243390424e-07,5.354469243390424e-07
0,6.071594399568406e-06,751,0.4,0.7,,13,15,6.6226397821635845e-06,5.355060252042734e-07,5.355060252042734e-07
0,6.062060742827505e-06,752,0.4,0.7,,13,23,6.612092655299204e-06,5.356609509509835e-07,5.356609509509835e-07
0,6.048945748349418e-06,753,0.4,0.7,,13,63,6.597581113581677e-06,5.358943078317348e-07,5.358943078317348e-07
0,6.041452735259018e-06,754,0.4,0.7,,13,513,6.589288970396002e-06,5.360381686711036e-07,5.360381686711036e-07
0,6.040463657406168e-06,755,0.4,0.7,,13,5013,6.588194339728536e-06,5.360577314877551e-07,5.360577314877551e-07
0,6.092619960947545e-06,756,0.4,0.8,,13,13,6.645653602525277e-06,5.374781539535767e-07,5.374781539535767e-07
0,6.088695379264119e-06,757,0.4,0.8,,13,15,6.64131183442764e-06,5.375426864065824e-07,5.375426864065824e-07
0,6.079082379726252e-06,758,0.4,0.8,,13,23,6.630675930387479e-06,5.377095832586379e-07,5.377095832586379e-07
0,6.066082845586796e-06,759,0.4,0.8,,13,63,6.616290784635636e-06,5.379552494570889e-07,5.379552494570889e-07
0,6.05876995175255e-06,760,0.4,0.8,,13,513,6.608197217608604e-06,5.381035603002541e-07,5.381035603002541e-07
0,6.057810751641246e-06,761,0.4,0.8,,13,5013,6.607135555766703e-06,5.38123554373164e-07,5.38123554373164e-07
0,6.106310117642838e-06,762,0.4,0.9,,13,13,6.660600777671891e-06,5.3911733672596e-07,5.3911733672596e-07
0,6.102329470744708e-06,763,0.4,0.9,,13,15,6.656196648132999e-06,5.391863696310327e-07,5.391863696310327e-07
0,6.092659088613524e-06,764,0.4,0.9,,13,23,6.645496425544906e-06,5.393630131371136e-07,5.393630131371136e-07
0,6.079759700008974e-06,765,0.4,0.9,,13,63,6.631220988209395e-06,5.396183830970666e-07,5.396183830970666e-07
0,6.072591363002519e-06,766,0.4,0.9,,13,513,6.623286801803849e-06,5.397700681911082e-07,5.397700681911082e-07
0,6.071655776040321e-06,767,0.4,0.9,,13,5013,6.622251197137517e-06,5.397903813787006e-07,5.397903813787006e-07
0,6.117479946282388e-06,768,0.4,1.0,,13,13,6.672794891195393e-06,5.404689147142197e-07,5.404689147142197e-07
0,6.113454479540347e-06,769,0.4,1.0,,13,15,6.668340887693448e-06,5.405417332763294e-07,5.405417332763294e-07
0,6.103741409118747e-06,770,0.4,1.0,,13,23,6.657592730679484e-06,5.407264586220249e-07,5.407264586220249e-07
0,6.090929188351846e-06,771,0.4,1.0,,13,63,6.643412833509489e-06,5.409896653917622e-07,5.409896653917622e-07
0,6.083879464230846e-06,772,0.4,1.0,,13,513,6.6356094306410466e-06,5.411439888080234e-07,5.411439888080234e-07
0,6.082963018480559e-06,773,0.4,1.0,,13,5013,6.634594949065625e-06,5.411645463043676e-07,5.411645463043676e-07
0,6.204113082321569e-06,774,0.4,5.0,,13,13,6.767320525661211e-06,5.514992834173899e-07,5.514992834173899e-07
0,6.199781260489393e-06,775,0.4,5.0,,13,15,6.762524826623628e-06,5.516050438469741e-07,5.516050438469741e-07
0,6.189889278778884e-06,776,0.4,5.0,,13,23,6.751572394047947e-06,5.518559524726226e-07,5.518559524726226e-07
0,6.177933467505993e-06,777,0.4,5.0,,13,63,6.738332716409676e-06,5.521766892256479e-07,5.521766892256479e-07
0,6.17182822828199e-06,778,0.4,5.0,,13,513,6.731570948561489e-06,5.523478671608197e-07,5.523478671608197e-07
0,6.171057385668855e-06,779,0.4,5.0,,13,5013,6.730717168620884e-06,5.523698358407967e-07,5.523698358407967e-07
0,6.21576546025208e-06,780,0.4,10.0,,13,13,6.780025423766232e-06,5.530769376899114e-07,5.530769376899114e-07
0,6.211400169110509e-06,781,0.4,10.0,,13,15,6.775192243592586e-06,5.531876217878034e-07,5.531876217878034e-07
0,6.201508844969407e-06,782,0.4,10.0,,13,23,6.764239561841489e-06,5.534478259395187e-07,5.534478259395187e-07
0,6.189694936579727e-06,783,0.4,10.0,,13,63,6.751155861974997e-06,5.537757398146534e-07,5.537757398146534e-07
0,6.183720830801736e-06,784,0.4,10.0,,13,513,6.7445387501905245e-06,5.539486757155728e-07,5.539486757155728e-07
0,6.182969336289669e-06,785,0.4,10.0,,13,5013,6.7437063280040314e-06,5.539707685407753e-07,5.539707685407753e-07
0,6.221664007914546e-06,786,0.4,20.0,,13,13,6.786455720282405e-06,5.538863113422018e-07,5.538863113422018e-07
0,6.21728270339889e-06,787,0.4,20.0,,13,15,6.7816045864339035e-06,5.539995325455295e-07,5.539995325455295e-07
0,6.207394376657831e-06,788,0.4,20.0,,13,23,6.770654714432994e-06,5.542644689280701e-07,5.542644689280701e-07
0,6.195654974157107e-06,789,0.4,20.0,,13,63,6.757652926286535e-06,5.545959530777199e-07,5.545959530777199e-07
0,6.189747712750952e-06,790,0.4,20.0,,13,513,6.751109555234434e-06,5.547697302368097e-07,5.547697302368097e-07
0,6.189006006720371e-06,791,0.4,20.0,,13,5013,6.750287938569005e-06,5.547918798288977e-07,5.547918798288977e-07
0,6.2252264432673325e-06,792,0.4,50.0,,13,13,6.790338945325648e-06,5.543788256364317e-07,5.543788256364317e-07
0,6.2208357886054655e-06,793,0.4,50.0,,13,15,6.785477320868729e-06,5.544935936362038e-07,5.544935936362038e-07
0,6.210950173863952e-06,794,0.4,50.0,,13,23,6.774530139461922e-06,5.547613960213278e-07,5.547613960213278e-07
0,6.199256661485611e-06,795,0.4,50.0,,13,63,6.761578808015356e-06,5.550950150320103e-07,5.550950150320103e-07
0,6.193389929903292e-06,796,0.4,50.0,,13,513,6.755080149359e-06,5.552692841931846e-07,5.552692841931846e-07
0,6.192654135035377e-06,797,0.4,50.0,,13,5013,6.754265058144543e-06,5.552914660728779e-07,5.552914660728779e-07
0,2.9728003857709323e-06,798,0.5,1e-06,,13,13,3.2559519980511675e-06,2.1970400220887036e-07,2.1970400220887036e-07
0,2.972800382479895e-06,799,0.5,1e-06,,13,15,3.2559519944377512e-06,2.1970400155817332e-07,2.1970400155817332e-07
0,2.972800369315815e-06,800,0.5,1e-06,,13,23,3.255951979984152e-06,2.197039989553974e-07,2.197039989553974e-07
0,2.9728003034970238e-06,801,0.5,1e-06,,13,63,3.2559519077179222e-06,2.1970398594183483e-07,2.1970398594183483e-07
0,2.9727995632197936e-06,802,0.5,1e-06,,13,513,3.2559510949250693e-06,2.1970383957571415e-07,2.1970383957571415e-07
0,2.972792179007505e-06,803,0.5,1e-06,,13,5013,3.2559429873742787e-06,2.1970237958800274e-07,2.1970237958800274e-07
0,3.142280641724116e-06,804,0.5,1e-05,,13,13,3.4350358322118655e-06,2.453404933084669e-07,2.453404933084669e-07
0,3.142280600954875e-06,805,0.5,1e-05,,13,15,3.4350357874288185e-06,2.45340486329971e-07,2.45340486329971e-07
0,3.1422804378861803e-06,806,0.5,1e-05,,13,23,3.435035608305722e-06,2.4534045841740907e-07,2.4534045841740907e-07
0,3.14227962274142e-06,807,0.5,1e-05,,13,63,3.4350347129085045e-06,2.453403188886721e-07,2.453403188886721e-07
0,3.142270475125293e-06,808,0.5,1e-05,,13,513,3.435024664692684e-06,2.4533875309365355e-07,2.4533875309365355e-07
0,3.1421812416002908e-06,809,0.5,1e-05,,13,5013,3.4349266459098755e-06,2.45323479690964e-07,2.45323479690964e-07
0,3.6284061232319584e-06,810,0.5,0.0001,,13,13,3.9586207445349855e-06,2.943558437471795e-07,2.943558437471795e-07
0,3.6284055990589234e-06,811,0.5,0.0001,,13,15,3.958620168172292e-06,2.943557781026421e-07,2.943557781026421e-07
0,3.6284035034307535e-06,812,0.5,0.0001,,13,23,3.958617863891385e-06,2.9435551565821997e-07,2.9435551565821997e-07
0,3.628393050760378e-06,813,0.5,0.0001,,13,63,3.958606370492495e-06,2.943542066374081e-07,2.943542066374081e-07
0,3.628278311212345e-06,814,0.5,0.0001,,13,513,3.958480206720043e-06,2.9433983870483805e-07,2.9433983870483805e-07
0,3.627360890063755e-06,815,0.5,0.0001,,13,5013,3.957471435201053e-06,2.9422504050525834e-07,2.9422504050525834e-07
0,4.517796323091528e-06,816,0.5,0.001,,13,13,4.925285113540433e-06,3.7286289191404074e-07,3.7286289191404074e-07
0,4.517789208122284e-06,817,0.5,0.001,,13,15,4.925277278164394e-06,3.72862385691346e-07,3.72862385691346e-07
0,4.517760891245113e-06,818,0.5,0.001,,13,23,4.92524609413243e-06,3.7286037106034013e-07,3.7286037106034013e-07
0,4.517622654325839e-06,819,0.5,0.001,,13,63,4.925093860225824e-06,3.728505380257439e-07,3.728505380257439e-07
0,4.516374730936079e-06,820,0.5,0.001,,13,513,4.923719568607131e-06,3.7276191848401366e-07,3.7276191848401366e-07
0,4.512744983489207e-06,821,0.5,0.001,,13,5013,4.919722145170757e-06,3.7250566780775253e-07,3.7250566780775253e-07
0,5.4913377309410245e-06,822,0.5,0.01,,13,13,5.9893079741215805e-06,4.6541597345872027e-07,4.6541597345872027e-07
0,5.491235801514575e-06,823,0.5,0.01,,13,15,5.989195563335323e-06,4.654130268392926e-07,4.654130268392926e-07
0,5.490846662521168e-06,824,0.5,0.01,,13,23,5.9887664079855524e-06,4.6540179177716386e-07,4.6540179177716386e-07
0,5.4892609258377644e-06,825,0.5,0.01,,13,63,5.987017582868236e-06,4.653562439966771e-07,4.653562439966771e-07
0,5.483742506774083e-06,826,0.5,0.01,,13,513,5.9809313312826846e-06,4.6520067992268234e-07,4.6520067992268234e-07
0,5.4809939143857365e-06,827,0.5,0.01,,13,5013,5.9778997531098765e-06,4.651249052395564e-07,4.651249052395564e-07
0,6.34161241081279e-06,828,0.5,0.1,,13,13,6.919699673465106e-06,5.480804912429685e-07,5.480804912429685e-07
0,6.340656626894287e-06,829,0.5,0.1,,13,15,6.918643965433074e-06,5.480827108969506e-07,5.480827108969506e-07
0,6.337732165536134e-06,830,0.5,0.1,,13,23,6.915413674082352e-06,5.48090263778245e-07,5.48090263778245e-07
0,6.331613082473847e-06,831,0.5,0.1,,13,63,6.908654253385652e-06,5.481097822956958e-07,5.481097822956958e-07
0,6.326113912968674e-06,832,0.5,0.1,,13,513,6.902579125402225e-06,5.481316167738731e-07,5.481316167738731e-07
0,6.325211968215807e-06,833,0.5,0.1,,13,5013,6.901582670382488e-06,5.481355862393107e-07,5.481355862393107e-07
0,6.499172243250205e-06,834,0.5,0.2,,13,13,7.092091060135917e-06,5.633930060130886e-07,5.633930060130886e-07
0,6.497742985462414e-06,835,0.5,0.2,,13,15,7.090511699866956e-06,5.634051854180611e-07,5.634051854180611e-07
0,6.493772956773196e-06,836,0.5,0.2,,13,23,7.08612456587533e-06,5.634404279530064e-07,5.634404279530064e-07
0,6.487024440343783e-06,837,0.5,0.2,,13,63,7.078666458660769e-06,5.635051040680262e-07,5.635051040680262e-07
0,6.482271625236388e-06,838,0.5,0.2,,13,513,7.073413465717418e-06,5.635542611234412e-07,5.635542611234412e-07
0,6.481583472902822e-06,839,0.5,0.2,,13,5013,7.072652863896686e-06,5.635616257692188e-07,5.635616257692188e-07
0,6.564057512886909e-06,840,0.5,0.3,,13,13,7.163062908671089e-06,5.699623744511961e-07,5.699623744511961e-07
0,6.562371669223271e-06,841,0.5,0.3,,13,15,7.161199613810539e-06,5.699815206552902e-07,5.699815206552902e-07
0,6.55791778368584e-06,842,0.5,0.3,,13,23,7.156276697853687e-06,5.700338917201548e-07,5.700338917201548e-07
0,6.551039073283972e-06,843,0.5,0.3,,13,63,7.148672984924978e-06,5.701198766785416e-07,5.701198766785416e-07
0,6.546651399527068e-06,844,0.5,0.3,,13,513,7.143822465582094e-06,5.701779616893905e-07,5.701779616893905e-07
0,6.546044297091527e-06,845,0.5,0.3,,13,5013,7.143151297115524e-06,5.70186197452531e-07,5.70186197452531e-07
0,6.5995961331565424e-06,846,0.5,0.4,,13,13,7.2019258784599614e-06,5.736707212933619e-07,5.736707212933619e-07
0,6.597751788796773e-06,847,0.5,0.4,,13,15,7.19988712751321e-06,5.736947509763561e-07,5.736947509763561e-07
0,6.59302639282243e-06,848,0.5,0.4,,13,23,7.194663395165482e-06,5.737583393382824e-07,5.737583393382824e-07
0,6.5861220929092336e-06,849,0.5,0.4,,13,63,7.187030332422344e-06,5.738564827239594e-07,5.738564827239594e-07
0,6.581949485718606e-06,850,0.5,0.4,,13,513,7.1824169278168465e-06,5.739188115863273e-07,5.739188115863273e-07
0,6.581385551322717e-06,851,0.5,0.4,,13,5013,7.181793397505671e-06,5.739274098624613e-07,5.739274098624613e-07
0,6.622039731383407e-06,852,0.5,0.5,,13,13,7.226464246777548e-06,5.760659391472149e-07,5.760659391472149e-07
0,6.620088424580418e-06,853,0.5,0.5,,13,15,7.224307061696462e-06,5.760935355196334e-07,5.760935355196334e-07
0,6.615191544454473e-06,854,0.5,0.5,,13,23,7.218893253933062e-06,5.761649683409195e-07,5.761649683409195e-07
0,6.60829105392108e-06,855,0.5,0.5,,13,63,7.2112636765039395e-06,5.762709222599944e-07,5.762709222599944e-07
0,6.604260188516834e-06,856,0.5,0.5,,13,513,7.2068065663155135e-06,5.763356826011855e-07,5.763356826011855e-07
0,6.60372318648613e-06,857,0.5,0.5,,13,5013,7.206212759090455e-06,5.763444699307089e-07,5.763444699307089e-07
0,6.637500618397308e-06,858,0.5,0.6,,13,13,7.24336561689541e-06,5.7774482652911e-07,5.7774482652911e-07
0,6.635472511323536e-06,859,0.5,0.6,,13,15,7.241123378646152e-06,5.77775128878853e-07,5.77775128878853e-07
0,6.630458396119294e-06,860,0.5,0.6,,13,23,7.235579580969505e-06,5.778523359001216e-07,5.778523359001216e-07
0,6.623570612004938e-06,861,0.5,0.6,,13,63,7.22796352367081e-06,5.779637152804607e-07,5.779637152804607e-07
0,6.619640242027961e-06,862,0.5,0.6,,13,513,7.2236172365095556e-06,5.780300347193354e-07,5.780300347193354e-07
0,6.619121683955764e-06,863,0.5,0.6,,13,5013,7.223043785229146e-06,5.780389346899893e-07,5.780389346899893e-07
0,6.648797948737378e-06,864,0.5,0.7,,13,13,7.25571399291007e-06,5.789886006745873e-07,5.789886006745873e-07
0,6.646712128425306e-06,865,0.5,0.7,,13,15,7.253407830061429e-06,5.790210214646769e-07,5.790210214646769e-07
0,6.641613203623936e-06,866,0.5,0.7,,13,23,7.247769968898983e-06,5.791026492948594e-07,5.791026492948594e-07
0,6.634740340998531e-06,867,0.5,0.7,,13,63,7.240170007979267e-06,5.792180106769306e-07,5.792180106769306e-07
0,6.630884961566488e-06,868,0.5,0.7,,13,513,7.2359064229530385e-06,5.79285408056278e-07,5.79285408056278e-07
0,6.630379840290962e-06,869,0.5,0.7,,13,5013,7.235347801820408e-06,5.792943813461646e-07,5.792943813461646e-07
0,6.657413217398301e-06,870,0.5,0.8,,13,13,7.265129820993231e-06,5.799477617088893e-07,5.799477617088893e-07
0,6.655282493352867e-06,871,0.5,0.8,,13,15,7.26277391564229e-06,5.79981883943757e-07,5.79981883943757e-07
0,6.650119565922673e-06,872,0.5,0.8,,13,23,7.257065051202896e-06,5.80067002065382e-07,5.80067002065382e-07
0,6.643261480432075e-06,873,0.5,0.8,,13,63,7.249481113438788e-06,5.801854076213783e-07,5.801854076213783e-07
0,6.639464216027159e-06,874,0.5,0.8,,13,513,7.245281622530641e-06,5.802535915615628e-07,5.802535915615628e-07
0,6.638969326158915e-06,875,0.5,0.8,,13,5013,7.24473429401358e-06,5.802626156855456e-07,5.802626156855456e-07
0,6.664199664828512e-06,876,0.5,0.9,,13,13,7.272546250822207e-06,5.807103468059647e-07,5.807103468059647e-07
0,6.662033035015546e-06,877,0.5,0.9,,13,15,7.270150566548985e-06,5.807458645869516e-07,5.807458645869516e-07
0,6.6568201982974265e-06,878,0.5,0.9,,13,23,7.264386322304081e-06,5.808338068499052e-07,5.808338068499052e-07
0,6.649975923688351e-06,879,0.5,0.9,,13,63,7.256817400648546e-06,5.809546137622096e-07,5.809546137622096e-07
0,6.646225026444431e-06,880,0.5,0.9,,13,513,7.252669049092919e-06,5.81023395342486e-07,5.81023395342486e-07
0,6.645738190513786e-06,881,0.5,0.9,,13,5013,7.252130610023242e-06,5.81032456420094e-07,5.81032456420094e-07
0,6.66968339663906e-06,882,0.5,1.0,,13,13,7.278538595887967e-06,5.813313712255655e-07,5.813313712255655e-07
0,6.667487415962073e-06,883,0.5,1.0,,13,15,7.276110391918363e-06,5.813680538266225e-07,5.813680538266225e-07
0,6.662234630676607e-06,884,0.5,1.0,,13,23,7.270301812458025e-06,5.814583274235174e-07,5.814583274235174e-07
0,6.655402967430062e-06,885,0.5,1.0,,13,63,7.262746625696121e-06,5.81581076284956e-07,5.81581076284956e-07
0,6.651689928962279e-06,886,0.5,1.0,,13,513,7.25864003055192e-06,5.81650326466872e-07,5.81650326466872e-07
0,6.651209599444627e-06,887,0.5,1.0,,13,5013,7.258108772962858e-06,5.816594154156893e-07,5.816594154156893e-07
0,6.710621453898729e-06,888,0.5,5.0,,13,13,7.323258648522778e-06,5.861305473387297e-07,5.861305473387297e-07
0,6.70819755975717e-06,889,0.5,5.0,,13,15,7.320577828065563e-06,5.861771066408347e-07,5.861771066408347e-07
0,6.702661985938578e-06,890,0.5,5.0,,13,23,7.314455138334877e-06,5.862862720369196e-07,5.862862720369196e-07
0,6.695970060702421e-06,891,0.5,5.0,,13,63,7.307052781229917e-06,5.864235126914469e-07,5.864235126914469e-07
0,6.692551958424038e-06,892,0.5,5.0,,13,513,7.303271520197449e-06,5.864958410861647e-07,5.864958410861647e-07
0,6.6921203409719774e-06,893,0.5,5.0,,13,5013,7.3027940315318035e-06,5.865050815189176e-07,5.865050815189176e-07
0,6.715918551346173e-06,894,0.5,10.0,,13,13,7.329042770434167e-06,5.867767200029742e-07,5.867767200029742e-07
0,6.713464168289125e-06,895,0.5,10.0,,13,15,7.326328141385427e-06,5.868247285525131e-07,5.868247285525131e-07
0,6.707894706165696e-06,896,0.5,10.0,,13,23,7.320167766038604e-06,5.869365434489126e-07,5.869365434489126e-07
0,6.7012274169941785e-06,897,0.5,10.0,,13,63,7.312792415787186e-06,5.870756517591696e-07,5.870756517591696e-07
0,6.69784926005337e-06,898,0.5,10.0,,13,513,7.309055221504282e-06,5.87148321961438e-07,5.87148321961438e-07
0,6.6974239912394434e-06,899,0.5,10.0,,13,5013,7.308584740899638e-06,5.871575745886032e-07,5.871575745886032e-07
0,6.718581826235702e-06,900,0.5,20.0,,13,13,7.331950667526248e-06,5.871042083563768e-07,5.871042083563768e-07
0,6.716112042820564e-06,901,0.5,20.0,,13,15,7.32921895973153e-06,5.87152962193087e-07,5.87152962193087e-07
0,6.710525846203104e-06,902,0.5,20.0,,13,23,7.323039969839564e-06,5.872661281857e-07,5.872661281857e-07
0,6.70387157674119e-06,903,0.5,20.0,,13,63,7.315678896697659e-06,5.874061742647647e-07,5.874061742647647e-07
0,6.700513678106333e-06,904,0.5,20.0,,13,513,7.311964051283661e-06,5.874790111993209e-07,5.874790111993209e-07
0,6.70009160796266e-06,905,0.5,20.0,,13,5013,7.311497101622207e-06,5.874882693011381e-07,5.874882693011381e-07
0,6.720184466508765e-06,906,0.5,50.0,,13,13,7.333700428649814e-06,5.873021494604156e-07,5.873021494604156e-07
0,6.71770539417526e-06,907,0.5,50.0,,13,15,7.330958419066382e-06,5.873513572734373e-07,5.873513572734373e-07
0,6.71210923071996e-06,908,0.5,50.0,,13,23,7.324768340937509e-06,5.874653425044377e-07,5.874653425044377e-07
0,6.705463005023216e-06,909,0.5,50.0,,13,63,7.317416089810787e-06,5.876059524463452e-07,5.876059524463452e-07
0,6.702117354827038e-06,910,0.5,50.0,,13,513,7.313714756942555e-06,5.876788880439955e-07,5.876788880439955e-07
0,6.701697211864037e-06,911,0.5,50.0,,13,5013,7.313249934664332e-06,5.876881492264147e-07,5.876881492264147e-07
0,3.324745086987113e-06,912,0.6,1e-06,,13,13,3.6311008933837906e-06,2.6459631857989205e-07,2.6459631857989205e-07
0,3.324745085657426e-06,913,0.6,1e-06,,13,15,3.6311008919227757e-06,2.645963183739908e-07,2.645963183739908e-07
0,3.324745080338711e-06,914,0.6,1e-06,,13,23,3.631100886078756e-06,2.645963175503904e-07,2.645963175503904e-07
0,3.3247450537459103e-06,915,0.6,1e-06,,13,63,3.631100856859507e-06,2.6459631343250793e-07,2.6459631343250793e-07
0,3.3247447546652097e-06,916,0.6,1e-06,,13,513,3.631100528239984e-06,2.6459626712001434e-07,2.6459626712001434e-07
0,3.324741772755999e-06,917,0.6,1e-06,,13,5013,3.6310972518212913e-06,2.6459580537367875e-07,2.6459580537367875e-07
0,3.864657426867347e-06,918,0.6,1e-05,,13,13,4.214827304561845e-06,3.150883428981021e-07,3.150883428981021e-07
0,3.864657410573548e-06,919,0.6,1e-05,,13,15,4.214827286640177e-06,3.1508834108304254e-07,3.1508834108304254e-07
0,3.8646573454022816e-06,920,0.6,1e-05,,13,23,4.2148272149578305e-06,3.150883338232425e-07,3.150883338232425e-07
0,3.864657019640205e-06,921,0.6,1e-05,,13,63,4.214826856649764e-06,3.150882975347515e-07,3.150882975347515e-07
0,3.864653365609728e-06,922,0.6,1e-05,,13,513,4.214822837555108e-06,3.1508789049277393e-07,3.1508789049277393e-07
0,3.8646178837656974e-06,923,0.6,1e-05,,13,5013,4.21478381080845e-06,3.1508393810102914e-07,3.1508393810102914e-07
0,4.655673904119781e-06,924,0.6,0.0001,,13,13,5.0756554707535756e-06,3.829730018260486e-07,3.829730018260486e-07
0,4.655673695657517e-06,925,0.6,0.0001,,13,15,5.075655241168488e-06,3.829729876794516e-07,3.829729876794516e-07
0,4.655672862310533e-06,926,0.6,0.0001,,13,23,5.0756543233810665e-06,3.8297293112720633e-07,3.8297293112720633e-07
0,4.655668707589106e-06,927,0.6,0.0001,,13,63,5.0756497476746095e-06,3.829726491829629e-07,3.829726491829629e-07
0,4.655623306463908e-06,928,0.6,0.0001,,13,513,5.075599746179246e-06,3.8296956839717996e-07,3.8296956839717996e-07
0,4.655273347911e-06,929,0.6,0.0001,,13,5013,5.075214326372157e-06,3.829458327812409e-07,3.829458327812409e-07
0,5.463500115659877e-06,930,0.6,0.001,,13,13,5.959217359973122e-06,4.574113295014245e-07,4.574113295014245e-07
0,5.4634972074397854e-06,931,0.6,0.001,,13,15,5.959214153704149e-06,4.5741122796904754e-07,4.5741122796904754e-07
0,5.463485643755149e-06,932,0.6,0.001,,13,23,5.959201404914333e-06,4.5741082426794875e-07,4.5741082426794875e-07
0,5.463429437785215e-06,933,0.6,0.001,,13,63,5.959139438644022e-06,4.5740886234253686e-07,4.5740886234253686e-07
0,5.462939825681502e-06,934,0.6,0.001,,13,513,5.958599646482952e-06,4.5739179211910907e-07,4.5739179211910907e-07
0,5.461676621351964e-06,935,0.6,0.001,,13,5013,5.9572069614509905e-06,4.573479179602408e-07,4.573479179602408e-07
0,6.284343011292344e-06,936,0.6,0.01,,13,13,6.857568799581138e-06,5.394176828608944e-07,5.394176828608944e-07
0,6.284299514490298e-06,937,0.6,0.01,,13,15,6.857520791889107e-06,5.394173898529283e-07,5.394173898529283e-07
0,6.2841347464781655e-06,938,0.6,0.01,,13,23,6.857338936148062e-06,5.394162822452322e-07,5.394162822452322e-07
0,6.283483798214006e-06,939,0.6,0.01,,13,63,6.8566204754881955e-06,5.394119423383719e-07,5.394119423383719e-07
0,6.281447542571327e-06,940,0.6,0.01,,13,513,6.854372990758296e-06,5.393987366887536e-07,5.393987366887536e-07
0,6.280548206279888e-06,941,0.6,0.01,,13,5013,6.853380342841152e-06,5.393930829124781e-07,5.393930829124781e-07
0,6.888552925859132e-06,942,0.6,0.1,,13,13,7.518969896007653e-06,5.943608437769228e-07,5.943608437769228e-07
0,6.888131821423559e-06,943,0.6,0.1,,13,15,7.518504619179954e-06,5.943656763860761e-07,5.943656763860761e-07
0,6.8868735047124704e-06,944,0.6,0.1,,13,23,7.517114292669888e-06,5.943802507341322e-07,5.943802507341322e-07
0,6.884379137898816e-06,945,0.6,0.1,,13,63,7.5143581679956194e-06,5.944097346307052e-07,5.944097346307052e-07
0,6.882284267272561e-06,946,0.6,0.1,,13,513,7.512043386129963e-06,5.944351057919777e-07,5.944351057919777e-07
0,6.881953010562901e-06,947,0.6,0.1,,13,5013,7.511677349011116e-06,5.944391686292834e-07,5.944391686292834e-07
0,6.9641177098920194e-06,948,0.6,0.2,,13,13,7.601652971525155e-06,6.017763564114629e-07,6.017763564114629e-07
0,6.96348269517349e-06,949,0.6,0.2,,13,15,7.600951201424405e-06,6.01785373044903e-07,6.01785373044903e-07
0,6.961755559912779e-06,950,0.6,0.2,,13,23,7.599042469874151e-06,6.018101532385226e-07,6.018101532385226e-07
0,6.958937938873276e-06,951,0.6,0.2,,13,63,7.595928492894214e-06,6.01851384430225e-07,6.01851384430225e-07
0,6.957037807204622e-06,952,0.6,0.2,,13,513,7.5938284343993985e-06,6.018797535942298e-07,6.018797535942298e-07
0,6.956768200484522e-06,953,0.6,0.2,,13,5013,7.593530455673592e-06,6.0188381566073e-07,6.0188381566073e-07
0,6.992316176087729e-06,954,0.6,0.3,,13,13,7.632498274485456e-06,6.046588832027489e-07,6.046588832027489e-07
0,6.991562753295164e-06,955,0.6,0.3,,13,15,7.631665572315325e-06,6.046704389352021e-07,6.046704389352021e-07
0,6.989607067856916e-06,956,0.6,0.3,,13,23,7.629504056062022e-06,6.047007666342961e-07,6.047007666342961e-07
0,6.986682224326462e-06,957,0.6,0.3,,13,63,7.626271265401939e-06,6.047470185809328e-07,6.047470185809328e-07
0,6.984874522645258e-06,958,0.6,0.3,,13,513,7.624273167787687e-06,6.04776141297277e-07,6.04776141297277e-07
0,6.984627836156623e-06,959,0.6,0.3,,13,5013,7.624000494987344e-06,6.047801473063435e-07,6.047801473063435e-07
0,7.007079927903049e-06,960,0.6,0.4,,13,13,7.648644579851277e-06,6.062056530204957e-07,6.062056530204957e-07
0,7.006251954660032e-06,961,0.6,0.4,,13,15,7.647729434035992e-06,6.062188805638754e-07,6.062188805638754e-07
0,7.004161979536494e-06,962,0.6,0.4,,13,23,7.645419368199842e-06,6.062526513043839e-07,6.062526513043839e-07
0,7.001186984745732e-06,963,0.6,0.4,,13,63,7.642130961557639e-06,6.063016660600484e-07,6.063016660600484e-07
0,6.999432734306327e-06,964,0.6,0.4,,13,513,7.640191836026617e-06,6.063310880445225e-07,6.063310880445225e-07
0,6.999198103400361e-06,965,0.6,0.4,,13,5013,7.639932474309569e-06,6.063350524752786e-07,6.063350524752786e-07
0,7.016163320577169e-06,966,0.6,0.5,,13,13,7.65857718211867e-06,6.071733139943231e-07,6.071733139943231e-07
0,7.0152842251046605e-06,967,0.6,0.5,,13,15,7.657605497871094e-06,6.071877194897875e-07,6.071877194897875e-07
0,7.013106105166132e-06,968,0.6,0.5,,13,23,7.655197918512307e-06,6.072238281527742e-07,6.072238281527742e-07
0,7.010103001864773e-06,969,0.6,0.5,,13,63,7.651878320045006e-06,6.072745867150117e-07,6.072745867150117e-07
0,7.008383540762417e-06,970,0.6,0.5,,13,513,7.649977580249638e-06,6.073041573415421e-07,6.073041573415421e-07
0,7.008156364239051e-06,971,0.6,0.5,,13,5013,7.649726449460193e-06,6.07308091923022e-07,6.07308091923022e-07
0,7.022315042656756e-06,972,0.6,0.6,,13,13,7.66530332254051e-06,6.078366487466668e-07,6.078366487466668e-07
0,7.021398747901988e-06,973,0.6,0.6,,13,15,7.6642904960941e-06,6.078519272586502e-07,6.078519272586502e-07
0,7.019158403590244e-06,974,0.6,0.6,,13,23,7.661814074226439e-06,6.078897252559125e-07,6.078897252559125e-07
0,7.016137670747168e-06,975,0.6,0.6,,13,63,7.658474901257886e-06,6.079416832178924e-07,6.079416832178924e-07
0,7.014442650583194e-06,976,0.6,0.6,,13,513,7.656601130349587e-06,6.079713383221037e-07,6.079713383221037e-07
0,7.014220544667004e-06,977,0.6,0.6,,13,5013,7.656355598483608e-06,6.079752508040727e-07,6.079752508040727e-07
0,7.02675672812726e-06,978,0.6,0.7,,13,13,7.67015935585044e-06,6.083200233198818e-07,6.083200233198818e-07
0,7.025812165459796e-06,979,0.6,0.7,,13,15,7.669115264237437e-06,6.083359741178782e-07,6.083359741178782e-07
0,7.023525577722158e-06,980,0.6,0.7,,13,23,7.666587678038536e-06,6.083750491981324e-07,6.083750491981324e-07
0,7.0204929051363e-06,981,0.6,0.7,,13,63,7.663235241480708e-06,6.08427882154429e-07,6.08427882154429e-07
0,7.018815995561127e-06,982,0.6,0.7,,13,513,7.661381455022022e-06,6.084575898221367e-07,6.084575898221367e-07
0,7.0185975642435415e-06,983,0.6,0.7,,13,5013,7.661139980665844e-06,6.084614853856218e-07,6.084614853856218e-07
0,7.030114139381139e-06,984,0.6,0.8,,13,13,7.673829729048205e-06,6.086880564648235e-07,6.086880564648235e-07
0,7.029147374644354e-06,985,0.6,0.8,,13,15,7.672761080660354e-06,6.087045406418206e-07,6.087045406418206e-07
0,7.026825081196271e-06,986,0.6,0.8,,13,23,7.670193987693645e-06,6.087446147648886e-07,6.087446147648886e-07
0,7.023783858846294e-06,987,0.6,0.8,,13,63,7.666832049202928e-06,6.08798114021613e-07,6.08798114021613e-07
0,7.022120906629479e-06,988,0.6,0.8,,13,513,7.664993664608259e-06,6.0882785660075e-07,6.0882785660075e-07
0,7.021905261483696e-06,989,0.6,0.8,,13,5013,7.664755266782944e-06,6.08831738832658e-07,6.08831738832658e-07
0,7.032740972354954e-06,990,0.6,0.9,,13,13,7.676701271026558e-06,6.089776945558663e-07,6.089776945558663e-07
0,7.031756311158702e-06,991,0.6,0.9,,13,15,7.675612827723213e-06,6.089946120975825e-07,6.089946120975825e-07
0,7.02940562246704e-06,992,0.6,0.9,,13,23,7.673014315732013e-06,6.090354889784084e-07,6.090354889784084e-07
0,7.026358013638143e-06,993,0.6,0.9,,13,63,7.669645276715062e-06,6.090895124414858e-07,6.090895124414858e-07
0,7.024706147217953e-06,994,0.6,0.9,,13,513,7.667819125454607e-06,6.091192793801839e-07,6.091192793801839e-07
0,7.024492687660242e-06,995,0.6,0.9,,13,5013,7.667583141002645e-06,6.091231508515241e-07,6.091231508515241e-07
0,7.034852206528499e-06,996,0.6,1.0,,13,13,7.67900908089e-06,6.09211607853374e-07,6.09211607853374e-07
0,7.033852814309424e-06,997,0.6,1.0,,13,15,7.677904343632296e-06,6.092288843989706e-07,6.092288843989706e-07
0,7.031479007525711e-06,998,0.6,1.0,,13,23,7.675280251084057e-06,6.092704203584978e-07,6.092704203584978e-07
0,7.028426467644173e-06,999,0.6,1.0,,13,63,7.671905727749023e-06,6.093248669517892e-07,6.093248669517892e-07
0,7.02678361900995e-06,1000,0.6,1.0,,13,513,7.670089527884737e-06,6.093546515566868e-07,6.093546515566868e-07
0,7.026571919956066e-06,1001,0.6,1.0,,13,5013,7.66985548742885e-06,6.093585141673938e-07,6.093585141673938e-07
0,7.050306754864108e-06,1002,0.6,5.0,,13,13,7.695899456936632e-06,6.109584753579619e-07,6.109584753579619e-07
0,7.049189123207825e-06,1003,0.6,5.0,,13,15,7.694663926524116e-06,6.109787084664717e-07,6.109787084664717e-07
0,7.046637770050138e-06,1004,0.6,5.0,,13,23,7.691843355436257e-06,6.11025480529063e-07,6.11025480529063e-07
0,7.04355531199018e-06,1005,0.6,5.0,,13,63,7.688435495936495e-06,6.110830719189852e-07,6.110830719189852e-07
0,7.041981605093904e-06,1006,0.6,5.0,,13,513,7.68669559997594e-06,6.111129315937895e-07,6.111129315937895e-07
0,7.04178292184657e-06,1007,0.6,5.0,,13,5013,7.686475932191727e-06,6.111167234081905e-07,6.111167234081905e-07
0,7.05226924933438e-06,1008,0.6,10.0,,13,13,7.698043830516065e-06,6.111852313840202e-07,6.111852313840202e-07
0,7.051135158560895e-06,1009,0.6,10.0,,13,15,7.69679009223909e-06,6.112058866675933e-07,6.112058866675933e-07
0,7.048560179129345e-06,1010,0.6,10.0,,13,23,7.69394337263214e-06,6.112533801947462e-07,6.112533801947462e-07
0,7.045474795489214e-06,1011,0.6,10.0,,13,63,7.690532242976435e-06,6.113113766596086e-07,6.113113766596086e-07
0,7.043910291080224e-06,1012,0.6,10.0,,13,513,7.688802503249239e-06,6.113412387189716e-07,6.113412387189716e-07
0,7.043713280062417e-06,1013,0.6,10.0,,13,5013,7.6885846820525e-06,6.113450207701333e-07,6.113450207701333e-07
0,7.0532529723187495e-06,1014,0.6,20.0,,13,13,7.699118679333134e-06,6.112993669054465e-07,6.112993669054465e-07
0,7.052110496750321e-06,1015,0.6,20.0,,13,15,7.697855665275006e-06,6.113202382622887e-07,6.113202382622887e-07
0,7.049523580166972e-06,1016,0.6,20.0,,13,23,7.69499573387566e-06,6.113680986514533e-07,6.113680986514533e-07
0,7.046436812677112e-06,1017,0.6,20.0,,13,63,7.691583056115815e-06,6.114262986313498e-07,6.114262986313498e-07
0,7.044876959563663e-06,1018,0.6,20.0,,13,513,7.689858449785282e-06,6.114561612518314e-07,6.114561612518314e-07
0,7.044680788710363e-06,1019,0.6,20.0,,13,5013,7.68964155635755e-06,6.114599383406316e-07,6.114599383406316e-07
0,7.053843991397519e-06,1020,0.6,50.0,,13,13,7.699764432433158e-06,6.113680945236583e-07,6.113680945236583e-07
0,7.052696434248868e-06,1021,0.6,50.0,,13,15,7.698495796775757e-06,6.113890971608325e-07,6.113890971608325e-07
0,7.050102315438352e-06,1022,0.6,50.0,,13,23,7.695627894008773e-06,6.114371796653364e-07,6.114371796653364e-07
0,7.047014743656733e-06,1023,0.6,50.0,,13,63,7.692214316053648e-06,6.114955020653647e-07,6.114955020653647e-07
0,7.045457697563477e-06,1024,0.6,50.0,,13,513,7.690492807701257e-06,6.1152536481713e-07,6.1152536481713e-07
0,7.045262032128058e-06,1025,0.6,50.0,,13,5013,7.690276472391941e-06,6.11529138902562e-07,6.11529138902562e-07
0,4.28154456066404e-06,1026,0.7,1e-06,,13,13,4.667745424620369e-06,3.5178707637372484e-07,3.5178707637372484e-07
0,4.2815445603034185e-06,1027,0.7,1e-06,,13,15,4.667745424223447e-06,3.5178707634242073e-07,3.5178707634242073e-07
0,4.2815445588609485e-06,1028,0.7,1e-06,,13,23,4.66774542263577e-06,3.51787076217205e-07,3.51787076217205e-07
0,4.281544551648849e-06,1029,0.7,1e-06,,13,63,4.667745414697671e-06,3.5178707559115036e-07,3.5178707559115036e-07
0,4.281544470540544e-06,1030,0.7,1e-06,,13,513,4.667745325424682e-06,3.517870685504498e-07,3.517870685504498e-07
0,4.281543662261141e-06,1031,0.7,1e-06,,13,5013,4.667744435780615e-06,3.5178699838687734e-07,3.5178699838687734e-07
0,4.928896359698516e-06,1032,0.7,1e-05,,13,13,5.374051816829357e-06,4.0441031723960205e-07,4.0441031723960205e-07
0,4.928896355261946e-06,1033,0.7,1e-05,,13,15,5.374051811941565e-06,4.0441031698494335e-07,4.0441031698494335e-07
0,4.928896337516913e-06,1034,0.7,1e-05,,13,23,5.374051792391775e-06,4.044103159663806e-07,4.044103159663806e-07
0,4.928896248821572e-06,1035,0.7,1e-05,,13,63,5.374051694675702e-06,4.044103108752813e-07,4.044103108752813e-07
0,4.928895254413064e-06,1036,0.7,1e-05,,13,513,5.3740505991311164e-06,4.0441025379646235e-07,4.0441025379646235e-07
0,4.928885643565943e-06,1037,0.7,1e-05,,13,5013,5.374040010814402e-06,4.04409702144306e-07,4.04409702144306e-07
0,5.58172219687533e-06,1038,0.7,0.0001,,13,13,6.088890709944237e-06,4.6582747886005845e-07,4.6582747886005845e-07
0,5.581722138607817e-06,1039,0.7,0.0001,,13,15,6.088890645700486e-06,4.658274769655874e-07,4.658274769655874e-07
0,5.581721905700826e-06,1040,0.7,0.0001,,13,23,6.088890388905263e-06,4.6582746939300964e-07,4.6582746939300964e-07
0,5.581720745065959e-06,1041,0.7,0.0001,,13,63,6.0888891092292465e-06,4.6582743165704614e-07,4.6582743165704614e-07
0,5.581708120734016e-06,1042,0.7,0.0001,,13,513,6.088875190074559e-06,4.658270212124505e-07,4.658270212124505e-07
0,5.581614285338503e-06,1043,0.7,0.0001,,13,5013,6.088771730320314e-06,4.658239711619161e-07,4.658239711619161e-07
0,6.248501027995354e-06,1044,0.7,0.001,,13,13,6.818614025295618e-06,5.352824079751329e-07,5.352824079751329e-07
0,6.248500180704797e-06,1045,0.7,0.001,,13,15,6.818613090347895e-06,5.352823995967654e-07,5.352823995967654e-07
0,6.248496814918409e-06,1046,0.7,0.001,,13,23,6.8186093763511e-06,5.352823663154078e-07,5.352823663154078e-07
0,6.248480528178234e-06,1047,0.7,0.001,,13,63,6.818591404649444e-06,5.352822052915899e-07,5.352822052915899e-07
0,6.248343584423743e-06,1048,0.7,0.001,,13,513,6.818440293081797e-06,5.352808527783181e-07,5.352808527783181e-07
0,6.248026765610489e-06,1049,0.7,0.001,,13,5013,6.818090696022457e-06,5.352777334928668e-07,5.352777334928668e-07
0,6.949340302223751e-06,1050,0.7,0.01,,13,13,7.585824816572092e-06,5.974735793602294e-07,5.974735793602294e-07
0,6.94932678047292e-06,1051,0.7,0.01,,13,15,7.585809881067776e-06,5.974737029910689e-07,5.974737029910689e-07
0,6.94927595839934e-06,1052,0.7,0.01,,13,23,7.5857537453161446e-06,5.974741678685411e-07,5.974741678685411e-07
0,6.9490811559423e-06,1053,0.7,0.01,,13,63,7.5855385750039475e-06,5.974759527673832e-07,5.974759527673832e-07
0,6.948527439949944e-06,1054,0.7,0.01,,13,513,7.584926961173196e-06,5.974810523271437e-07,5.974810523271437e-07
0,6.948306561219224e-06,1055,0.7,0.01,,13,5013,7.5846829855022795e-06,5.974830973196186e-07,5.974830973196186e-07
0,7.214539017708831e-06,1056,0.7,0.1,,13,13,7.876112495590241e-06,6.222827184515862e-07,6.222827184515862e-07
0,7.214394020934182e-06,1057,0.7,0.1,,13,15,7.875952257403124e-06,6.222851270988375e-07,6.222851270988375e-07
0,7.213969723445839e-06,1058,0.7,0.1,,13,23,7.875483357713172e-06,6.222921902057042e-07,6.222921902057042e-07
0,7.213166394474669e-06,1059,0.7,0.1,,13,63,7.874595574754125e-06,6.223056232905571e-07,6.223056232905571e-07
0,7.212527858211428e-06,1060,0.7,0.1,,13,513,7.873889901735959e-06,6.223163571402312e-07,6.223163571402312e-07
0,7.212429735665062e-06,1061,0.7,0.1,,13,5013,7.873781461840087e-06,6.223180110164126e-07,6.223180110164126e-07
0,7.237184101472572e-06,1062,0.7,0.2,,13,13,7.900884990205573e-06,6.24596136093556e-07,6.24596136093556e-07
0,7.23696099884683e-06,1063,0.7,0.2,,13,15,7.900638419608907e-06,6.246000259708505e-07,6.246000259708505e-07
0,7.2363648762664765e-06,1064,0.7,0.2,,13,23,7.89997958746349e-06,6.246104494300036e-07,6.246104494300036e-07
0,7.235424623347319e-06,1065,0.7,0.2,,13,63,7.898940412240023e-06,6.246269784342757e-07,6.246269784342757e-07
0,7.234812069460058e-06,1066,0.7,0.2,,13,513,7.898263404969627e-06,6.246378048480971e-07,6.246378048480971e-07
0,7.234726509592834e-06,1067,0.7,0.2,,13,5013,7.89816884194481e-06,6.24639320703294e-07,6.24639320703294e-07
0,7.245155814416282e-06,1068,0.7,0.3,,13,13,7.909603524566918e-06,6.254342753946274e-07,6.254342753946274e-07
0,7.244888818352907e-06,1069,0.7,0.3,,13,15,7.909308435531688e-06,6.254390155019885e-07,6.254390155019885e-07
0,7.244205803355046e-06,1070,0.7,0.3,,13,23,7.908553549346054e-06,6.254511810086006e-07,6.254511810086006e-07
0,7.243210548687164e-06,1071,0.7,0.3,,13,63,7.907453554110816e-06,6.254690099627746e-07,6.254690099627746e-07
0,7.242610603306605e-06,1072,0.7,0.3,,13,513,7.906790462741078e-06,6.254798158116396e-07,6.254798158116396e-07
0,7.242529607675997e-06,1073,0.7,0.3,,13,5013,7.906700941638501e-06,6.254812780241738e-07,6.254812780241738e-07
0,7.249229990233268e-06,1074,0.7,0.4,,13,13,7.914058813333128e-06,6.25869042004751e-07,6.25869042004751e-07
0,7.248935135773517e-06,1075,0.7,0.4,,13,15,7.913732929929674e-06,6.258743269355214e-07,6.258743269355214e-07
0,7.248199888595282e-06,1076,0.7,0.4,,13,23,7.912920303039383e-06,6.258875516309707e-07,6.258875516309707e-07
0,7.247175053393087e-06,1077,0.7,0.4,,13,63,7.911787596350598e-06,6.259060951776528e-07,6.259060951776528e-07
0,7.246582388961478e-06,1078,0.7,0.4,,13,513,7.911132541826518e-06,6.259168774778476e-07,6.259168774778476e-07
0,7.246503761813083e-06,1079,0.7,0.4,,13,5013,7.911045637129058e-06,6.259183111585345e-07,6.259183111585345e-07
0,7.251703919332356e-06,1080,0.7,0.5,,13,13,7.916763943828002e-06,6.261354805326028e-07,6.261354805326028e-07
0,7.251389862229455e-06,1081,0.7,0.5,,13,15,7.91641683380328e-06,6.261411430873556e-07,6.261411430873556e-07
0,7.2506197907318895e-06,1082,0.7,0.5,,13,23,7.915565709405814e-06,6.261550786778439e-07,6.261550786778439e-07
0,7.249576499704799e-06,1083,0.7,0.5,,13,63,7.914412592756724e-06,6.261740740415481e-07,6.261740740415481e-07
0,7.248988557398063e-06,1084,0.7,0.5,,13,513,7.913762750894982e-06,6.261848373401437e-07,6.261848373401437e-07
0,7.248911381715704e-06,1085,0.7,0.5,,13,5013,7.913677449610166e-06,6.261862533077043e-07,6.261862533077043e-07
0,7.253365722714446e-06,1086,0.7,0.6,,13,13,7.918580949893002e-06,6.263155811127086e-07,6.263155811127086e-07
0,7.253037641598353e-06,1087,0.7,0.6,,13,15,7.918218337599749e-06,6.263215204487702e-07,6.263215204487702e-07
0,7.252242704241466e-06,1088,0.7,0.6,,13,23,7.917339724295315e-06,6.263359658690212e-07,6.263359658690212e-07
0,7.251186805478062e-06,1089,0.7,0.6,,13,63,7.916172664652385e-06,6.263552726718658e-07,6.263552726718658e-07
0,7.250602169528162e-06,1090,0.7,0.6,,13,513,7.915526472736418e-06,6.263660211055758e-07,6.263660211055758e-07
0,7.250525974882778e-06,1091,0.7,0.6,,13,5013,7.915442255193905e-06,6.263674250046461e-07,6.263674250046461e-07
0,7.254558933235541e-06,1092,0.7,0.7,,13,13,7.9198855459462e-06,6.264454887304277e-07,6.264454887304277e-07
0,7.254220166039472e-06,1093,0.7,0.7,,13,15,7.919511121105746e-06,6.264516395065115e-07,6.264516395065115e-07
0,7.253406587498165e-06,1094,0.7,0.7,,13,23,7.918611900060638e-06,6.264664683175264e-07,6.264664683175264e-07
0,7.2523415317595e-06,1095,0.7,0.7,,13,63,7.917434713473129e-06,6.264860027947011e-07,6.264860027947011e-07
0,7.251759338778173e-06,1096,0.7,0.7,,13,513,7.916791218453511e-06,6.264967394773677e-07,6.264967394773677e-07
0,7.251683851686779e-06,1097,0.7,0.7,,13,5013,7.91670778254186e-06,6.26498134624655e-07,6.26498134624655e-07
0,7.255457264390634e-06,1098,0.7,0.8,,13,13,7.92086770511341e-06,6.26543632195263e-07,6.26543632195263e-07
0,7.255110086304204e-06,1099,0.7,0.8,,13,15,7.920483982718183e-06,6.265499497084323e-07,6.265499497084323e-07
0,7.254282015349522e-06,1100,0.7,0.8,,13,23,7.919568740299263e-06,6.265650772738572e-07,6.265650772738572e-07
0,7.2532100081309345e-06,1101,0.7,0.8,,13,63,7.918383865782554e-06,6.265847854435425e-07,6.265847854435425e-07
0,7.252629693356244e-06,1102,0.7,0.8,,13,513,7.917742444227588e-06,6.265955126699704e-07,6.265955126699704e-07
0,7.252554740759543e-06,1103,0.7,0.8,,13,5013,7.917659598770631e-06,6.265969011798909e-07,6.265969011798909e-07
0,7.256158006877511e-06,1104,0.7,0.9,,13,13,7.92163381866485e-06,6.266203981839291e-07,6.266203981839291e-07
0,7.255804037439513e-06,1105,0.7,0.9,,13,15,7.921242588961208e-06,6.266268505255593e-07,6.266268505255593e-07
0,7.25496437716875e-06,1106,0.7,0.9,,13,23,7.920314534494947e-06,6.266422174288351e-07,6.266422174288351e-07
0,7.253886913239243e-06,1107,0.7,0.9,,13,63,7.919123625113303e-06,6.26662062470708e-07,6.26662062470708e-07
0,7.253308087239617e-06,1108,0.7,0.9,,13,513,7.918483847125783e-06,6.266727819507318e-07,6.266727819507318e-07
0,7.253233552677389e-06,1109,0.7,0.9,,13,5013,7.918401463471072e-06,6.266741652538541e-07,6.266741652538541e-07
0,7.256719891930116e-06,1110,0.7,1.0,,13,13,7.92224810873199e-06,6.266820881948637e-07,6.266820881948637e-07
0,7.25636032453687e-06,1111,0.7,1.0,,13,15,7.921850690911791e-06,6.266886518020545e-07,6.266886518020545e-07
0,7.25551118547944e-06,1112,0.7,1.0,,13,23,7.920912157566578e-06,6.26704214738352e-07,6.26704214738352e-07
0,7.254429324508906e-06,1113,0.7,1.0,,13,63,7.919716385224042e-06,6.267241704168719e-07,6.267241704168719e-07
0,7.253851707487482e-06,1114,0.7,1.0,,13,513,7.919077941928109e-06,6.267348834477579e-07,6.267348834477579e-07
0,7.253777508837006e-06,1115,0.7,1.0,,13,5013,7.918995929355367e-06,6.267362625572167e-07,6.267362625572167e-07
0,7.260799669510875e-06,1116,0.7,5.0,,13,13,7.926708042979367e-06,6.271338713482853e-07,6.271338713482853e-07
0,7.260394905781097e-06,1117,0.7,5.0,,13,15,7.926260663569293e-06,6.271413373359492e-07,6.271413373359492e-07
0,7.259471554289659e-06,1118,0.7,5.0,,13,23,7.925240086755934e-06,6.271584435993277e-07,6.271584435993277e-07
0,7.25835719451002e-06,1119,0.7,5.0,,13,63,7.924008370770495e-06,6.271792270064973e-07,6.271792270064973e-07
0,7.257788777400394e-06,1120,0.7,5.0,,13,513,7.923380084358169e-06,6.271898866296761e-07,6.271898866296761e-07
0,7.257717037868854e-06,1121,0.7,5.0,,13,5013,7.923300788389893e-06,6.271912347746082e-07,6.271912347746082e-07
0,7.261313900289841e-06,1122,0.7,10.0,,13,13,7.927270143702198e-06,6.271913278182539e-07,6.271913278182539e-07
0,7.260902806621841e-06,1123,0.7,10.0,,13,15,7.926815766898272e-06,6.2719892073366e-07,6.2719892073366e-07
0,7.259969373097114e-06,1124,0.7,10.0,,13,23,7.925784044043619e-06,6.272162378025668e-07,6.272162378025668e-07
0,7.258850846407313e-06,1125,0.7,10.0,,13,63,7.924547719300747e-06,6.272371286773843e-07,6.272371286773843e-07
0,7.258283643472149e-06,1126,0.7,10.0,,13,513,7.923920773402569e-06,6.27247780717863e-07,6.27247780717863e-07
0,7.258212216548831e-06,1127,0.7,10.0,,13,5013,7.923841822776027e-06,6.272491248942166e-07,6.272491248942166e-07
0,7.261571372985607e-06,1128,0.7,20.0,,13,13,7.927551580483218e-06,6.272201416246313e-07,6.272201416246313e-07
0,7.261157050895381e-06,1129,0.7,20.0,,13,15,7.92709363483252e-06,6.272277993255019e-07,6.272277993255019e-07
0,7.260218503309839e-06,1130,0.7,20.0,,13,23,7.926056258192767e-06,6.272452234265098e-07,6.272452234265098e-07
0,7.259097884409471e-06,1131,0.7,20.0,,13,63,7.924817619373206e-06,6.272661683811646e-07,6.272661683811646e-07
0,7.258531294157147e-06,1132,0.7,20.0,,13,513,7.924191349913198e-06,6.272768165511082e-07,6.272768165511082e-07
0,7.258460023984456e-06,1133,0.7,20.0,,13,5013,7.924112572450213e-06,6.272781587338677e-07,6.272781587338677e-07
0,7.261725971069506e-06,1134,0.7,50.0,,13,13,7.927720566327436e-06,6.272374575231703e-07,6.272374575231703e-07
0,7.261309691155423e-06,1135,0.7,50.0,,13,15,7.927260456407054e-06,6.272451545276771e-07,6.272451545276771e-07
0,7.260368051376485e-06,1136,0.7,50.0,,13,23,7.92621966122744e-06,6.272626433786673e-07,6.272626433786673e-07
0,7.25924617433733e-06,1137,0.7,50.0,,13,63,7.92497963084474e-06,6.272836208925944e-07,6.272836208925944e-07
0,7.258679953509349e-06,1138,0.7,50.0,,13,513,7.924353769253023e-06,6.272942667141889e-07,6.272942667141889e-07
0,7.258608777522899e-06,1139,0.7,50.0,,13,5013,7.924275095838657e-06,6.27295607698254e-07,6.27295607698254e-07
0,5.350738084081073e-06,1140,0.8,1e-06,,13,13,5.836011896751844e-06,4.389420569053575e-07,4.389420569053575e-07
0,5.350738084028388e-06,1141,0.8,1e-06,,13,15,5.8360118966937704e-06,4.389420569031352e-07,4.389420569031352e-07
0,5.35073808381765e-06,1142,0.8,1e-06,,13,23,5.8360118964614835e-06,4.3894205689424813e-07,4.3894205689424813e-07
0,5.35073808276401e-06,1143,0.8,1e-06,,13,63,5.8360118953000955e-06,4.3894205684981273e-07,4.3894205684981273e-07
0,5.350738070915204e-06,1144,0.8,1e-06,,13,513,5.836011882239597e-06,4.3894205635011533e-07,4.3894205635011533e-07
0,5.350737952894551e-06,1145,0.8,1e-06,,13,5013,5.836011752149836e-06,4.3894205137285343e-07,4.3894205137285343e-07
0,5.854727003865644e-06,1146,0.8,1e-05,,13,13,6.38799496767683e-06,4.935383865977554e-07,4.935383865977554e-07
0,5.854727003200703e-06,1147,0.8,1e-05,,13,15,6.387994966943462e-06,4.935383865822115e-07,4.935383865822115e-07
0,5.854727000541145e-06,1148,0.8,1e-05,,13,23,6.38799496401022e-06,4.935383865200401e-07,4.935383865200401e-07
0,5.854726987248469e-06,1149,0.8,1e-05,,13,63,6.387994949349634e-06,4.935383862093019e-07,4.935383862093019e-07
0,5.854726838289736e-06,1150,0.8,1e-05,,13,513,6.38799478506202e-06,4.93538382727147e-07,4.93538382727147e-07
0,5.854725405423806e-06,1151,0.8,1e-05,,13,5013,6.3879932047443e-06,4.935383492317179e-07,4.935383492317179e-07
0,6.394035833274698e-06,1152,0.8,0.0001,,13,13,6.978047595677254e-06,5.482837789712085e-07,5.482837789712085e-07
0,6.394035824212803e-06,1153,0.8,0.0001,,13,15,6.9780475856765244e-06,5.482837789134669e-07,5.482837789134669e-07
0,6.394035787994141e-06,1154,0.8,0.0001,,13,23,6.9780475457055165e-06,5.482837786826825e-07,5.482837786826825e-07
0,6.394035607592888e-06,1155,0.8,0.0001,,13,63,6.9780473466142255e-06,5.482837775331747e-07,5.482837775331747e-07
0,6.3940336545106495e-06,1156,0.8,0.0001,,13,513,6.978045191187597e-06,5.482837650885077e-07,5.482837650885077e-07
0,6.394019644626098e-06,1157,0.8,0.0001,,13,5013,6.978029729840959e-06,5.482836758351051e-07,5.482836758351051e-07
0,7.049903240857447e-06,1158,0.8,0.001,,13,13,7.696022215073079e-06,6.058538419634021e-07,6.058538419634021e-07
0,7.049903101855973e-06,1159,0.8,0.001,,13,15,7.696022061532524e-06,6.05853843434658e-07,6.05853843434658e-07
0,7.049902550218461e-06,1160,0.8,0.001,,13,23,7.696021452195618e-06,6.058538492734681e-07,6.058538492734681e-07
0,7.049899892879092e-06,1161,0.8,0.001,,13,63,7.696018516907582e-06,6.05853877400618e-07,6.05853877400618e-07
0,7.0498783076753565e-06,1162,0.8,0.001,,13,513,7.695994673960739e-06,6.058541059061761e-07,6.058541059061761e-07
0,7.049833061199228e-06,1163,0.8,0.001,,13,5013,7.695944694824446e-06,6.058545850831568e-07,6.058545850831568e-07
0,7.315334110887416e-06,1164,0.8,0.01,,13,13,7.986598463703247e-06,6.3032006373897e-07,6.3032006373897e-07
0,7.315331504855696e-06,1165,0.8,0.01,,13,15,7.986595583871475e-06,6.303201085142893e-07,6.303201085142893e-07
0,7.315321785180967e-06,1166,0.8,0.01,,13,23,7.98658484300812e-06,6.303202755193395e-07,6.303202755193395e-07
0,7.315285596555754e-06,1167,0.8,0.01,,13,63,7.986544852245104e-06,6.303208974188612e-07,6.303208974188612e-07
0,7.315191166727675e-06,1168,0.8,0.01,,13,513,7.986440501100153e-06,6.303225209372139e-07,6.303225209372139e-07
0,7.315156619181005e-06,1169,0.8,0.01,,13,5013,7.986402323762373e-06,6.303231151780291e-07,6.303231151780291e-07
0,7.364518991505973e-06,1170,0.8,0.1,,13,13,8.040420996284078e-06,6.351732725558898e-07,6.351732725558898e-07
0,7.364484896318049e-06,1171,0.8,0.1,,13,15,8.040383314749395e-06,6.351739083449312e-07,6.351739083449312e-07
0,7.364386938630638e-06,1172,0.8,0.1,,13,23,8.040275053150152e-06,6.351757357877008e-07,6.351757357877008e-07
0,7.364208561550098e-06,1173,0.8,0.1,,13,63,8.040077912653335e-06,6.351790664596008e-07,6.351790664596008e-07
0,7.364073016248885e-06,1174,0.8,0.1,,13,513,8.039928109049142e-06,6.351815999374779e-07,6.351815999374779e-07
0,7.364052654223361e-06,1175,0.8,0.1,,13,5013,8.03990560507242e-06,6.351819807155368e-07,6.351819807155368e-07
0,7.367914714470225e-06,1176,0.8,0.2,,13,13,8.044134843493435e-06,6.355315591689826e-07,6.355315591689826e-07
0,7.367860835233142e-06,1177,0.8,0.2,,13,15,8.044075296248979e-06,6.355325708532508e-07,6.355325708532508e-07
0,7.367719010249922e-06,1178,0.8,0.2,,13,23,8.043918551284918e-06,6.355352355569941e-07,6.355352355569941e-07
0,7.3675014396169085e-06,1179,0.8,0.2,,13,63,8.043678091598225e-06,6.355393281325325e-07,6.355393281325325e-07
0,7.367363578687132e-06,1180,0.8,0.2,,13,513,8.04352572690624e-06,6.355419242945964e-07,6.355419242945964e-07
0,7.367344559355928e-06,1181,0.8,0.2,,13,5013,8.043504706607857e-06,6.355422826416063e-07,6.355422826416063e-07
0,7.369081324322054e-06,1182,0.8,0.3,,13,13,8.045410654183826e-06,6.356556713131057e-07,6.356556713131057e-07
0,7.369016299253178e-06,1183,0.8,0.3,,13,15,8.045338788302664e-06,6.356568952677013e-07,6.356568952677013e-07
0,7.368851955377864e-06,1184,0.8,0.3,,13,23,8.045157154703403e-06,6.356599909523625e-07,6.356599909523625e-07
0,7.368617504351958e-06,1185,0.8,0.3,,13,63,8.04489803760333e-06,6.356644128522196e-07,6.356644128522196e-07
0,7.368478972243546e-06,1186,0.8,0.3,,13,513,8.044744930418689e-06,6.356670287714529e-07,6.356670287714529e-07
0,7.368460427517476e-06,1187,0.8,0.3,,13,5013,8.044724434563183e-06,6.356673791293453e-07,6.356673791293453e-07
0,7.369672713646492e-06,1188,0.8,0.4,,13,13,8.046057390597095e-06,6.357187026767111e-07,6.357187026767111e-07
0,7.36960062865373e-06,1189,0.8,0.4,,13,15,8.045977721908733e-06,6.357200612124447e-07,6.357200612124447e-07
0,7.369422673972497e-06,1190,0.8,0.4,,13,23,8.045781045159172e-06,6.35723417680983e-07,6.35723417680983e-07
0,7.369178822050133e-06,1191,0.8,0.4,,13,63,8.045511537486222e-06,6.35728023257924e-07,6.35728023257924e-07
0,7.369039980131375e-06,1192,0.8,0.4,,13,513,8.04535808752676e-06,6.357306487352942e-07,6.357306487352942e-07
0,7.3690216783446e-06,1193,0.8,0.4,,13,5013,8.045337860122041e-06,6.35730994992337e-07,6.35730994992337e-07
0,7.370030460901408e-06,1194,0.8,0.5,,13,13,8.046448617636157e-06,6.357568466049718e-07,6.357568466049718e-07
0,7.369953520252941e-06,1195,0.8,0.5,,13,15,8.046363582349256e-06,6.357582977489431e-07,6.357582977489431e-07
0,7.369766466159727e-06,1196,0.8,0.5,,13,23,8.046156848592293e-06,6.357618286691819e-07,6.357618286691819e-07
0,7.369516622959693e-06,1197,0.8,0.5,,13,63,8.045880718900394e-06,6.357665514013858e-07,6.357665514013858e-07
0,7.369377604517017e-06,1198,0.8,0.5,,13,513,8.045727073616562e-06,6.357691824937001e-07,6.357691824937001e-07
0,7.36935945038148e-06,1199,0.8,0.5,,13,5013,8.045707009368471e-06,6.357695262545617e-07,6.357695262545617e-07
0,7.37027026956195e-06,1200,0.8,0.6,,13,13,8.046710868998395e-06,6.357824143148038e-07,6.357824143148038e-07
0,7.370189789440133e-06,1201,0.8,0.6,,13,15,8.046621921790225e-06,6.357839329855208e-07,6.357839329855208e-07
0,7.3699962276358114e-06,1202,0.8,0.6,,13,23,8.04640799546464e-06,6.357875887179976e-07,6.357875887179976e-07
0,7.369742232463781e-06,1203,0.8,0.6,,13,63,8.04612727669025e-06,6.357923926816221e-07,6.357923926816221e-07
0,7.369603100524716e-06,1204,0.8,0.6,,13,513,8.045973505813871e-06,6.357950274627958e-07,6.357950274627958e-07
0,7.369585045631021e-06,1205,0.8,0.6,,13,5013,8.045953551229434e-06,6.357953695443602e-07,6.357953695443602e-07
0,7.370442238655367e-06,1206,0.8,0.7,,13,13,8.046898932333016e-06,6.358007456707732e-07,6.358007456707732e-07
0,7.370359065708749e-06,1207,0.8,0.7,,13,15,8.046807008941368e-06,6.358023157266168e-07,6.358023157266168e-07
0,7.370160620211538e-06,1208,0.8,0.7,,13,23,8.046587684970907e-06,6.358060651488412e-07,6.358060651488412e-07
0,7.369903578051947e-06,1209,0.8,0.7,,13,63,8.046303598426261e-06,6.358109287470437e-07,6.358109287470437e-07
0,7.369764367188959e-06,1210,0.8,0.7,,13,513,8.046149740210085e-06,6.358135661348514e-07,6.358135661348514e-07
0,7.369746383585386e-06,1211,0.8,0.7,,13,5013,8.046129864402281e-06,6.358139070093595e-07,6.358139070093595e-07
0,7.370571600811563e-06,1212,0.8,0.8,,13,13,8.047040401548473e-06,6.358145320982749e-07,6.358145320982749e-07
0,7.37048631109348e-06,1213,0.8,0.8,,13,15,8.046946138642617e-06,6.358161425530359e-07,6.358161425530359e-07
0,7.3702840660802e-06,1214,0.8,0.8,,13,23,8.046722615299675e-06,6.358199648801596e-07,6.358199648801596e-07
0,7.370024692592413e-06,1215,0.8,0.8,,13,63,8.04643595198627e-06,6.35824874118424e-07,6.35824874118424e-07
0,7.369885423746729e-06,1216,0.8,0.8,,13,513,8.046282029601947e-06,6.358275134451341e-07,6.358275134451341e-07
0,7.369867493835138e-06,1217,0.8,0.8,,13,5013,8.046262213124662e-06,6.358278534102932e-07,6.358278534102932e-07
0,7.370672451271309e-06,1218,0.8,0.9,,13,13,8.047150690888957e-06,6.358252774845793e-07,6.358252774845793e-07
0,7.370585454196402e-06,1219,0.8,0.9,,13,15,8.047054540964853e-06,6.358269205283095e-07,6.358269205283095e-07
0,7.370380169178483e-06,1220,0.8,0.9,,13,23,8.046827657689955e-06,6.358308011954025e-07,6.358308011954025e-07
0,7.370118954377007e-06,1221,0.8,0.9,,13,63,8.046538959209854e-06,6.358357464881719e-07,6.358357464881719e-07
0,7.369979641169704e-06,1222,0.8,0.9,,13,513,8.046384987730027e-06,6.358383873132652e-07,6.358383873132652e-07
0,7.36996175314991e-06,1223,0.8,0.9,,13,5013,8.046365217543706e-06,6.35838726568464e-07,6.35838726568464e-07
0,7.370753283628962e-06,1224,0.8,1.0,,13,13,8.047239088759073e-06,6.358338881056138e-07,6.358338881056138e-07
0,7.370664880483885e-06,1225,0.8,1.0,,13,15,8.047141384806897e-06,6.358355579899986e-07,6.358355579899986e-07
0,7.37045710808068e-06,1226,0.8,1.0,,13,23,8.046911752376029e-06,6.358394863974839e-07,6.358394863974839e-07
0,7.370194402176823e-06,1227,0.8,1.0,,13,63,8.046621405810033e-06,6.358444608921017e-07,6.358444608921017e-07
0,7.370055053951819e-06,1228,0.8,1.0,,13,513,8.0464673955746e-06,6.358471029095858e-07,6.358471029095858e-07
0,7.370037199530785e-06,1229,0.8,1.0,,13,5013,8.046447662515571e-06,6.358474415953211e-07,6.358474415953211e-07
0,7.37133952797013e-06,1230,0.8,5.0,,13,13,8.047880209700604e-06,6.358962642419575e-07,6.358962642419575e-07
0,7.371239817552581e-06,1231,0.8,5.0,,13,15,8.047770008627668e-06,6.358981500449938e-07,6.358981500449938e-07
0,7.371012544524577e-06,1232,0.8,5.0,,13,23,8.04751882332277e-06,6.359024528899672e-07,6.359024528899672e-07
0,7.3707386033107425e-06,1233,0.8,5.0,,13,63,8.04721605857569e-06,6.359076475504984e-07,6.359076475504984e-07
0,7.3705990158999426e-06,1234,0.8,5.0,,13,513,8.047061783594948e-06,6.359102979795216e-07,6.359102979795216e-07
0,7.370581405646304e-06,1235,0.8,5.0,,13,5013,8.047042320345173e-06,6.359106325221476e-07,6.359106325221476e-07
0,7.371413368262421e-06,1236,0.8,10.0,,13,13,8.047960963124575e-06,6.359041085914237e-07,6.359041085914237e-07
0,7.371312080983683e-06,1237,0.8,10.0,,13,15,8.047849019258954e-06,6.359060245151541e-07,6.359060245151541e-07
0,7.371082155782343e-06,1238,0.8,10.0,,13,23,8.047594902662384e-06,6.359103783067597e-07,6.359103783067597e-07
0,7.370806745248934e-06,1239,0.8,10.0,,13,63,8.047290513901809e-06,6.359156017758582e-07,6.359156017758582e-07
0,7.37066712960727e-06,1240,0.8,10.0,,13,513,8.04713620766996e-06,6.359182532336356e-07,6.359182532336356e-07
0,7.370649550164227e-06,1241,0.8,10.0,,13,5013,8.04711677846564e-06,6.359185872539552e-07,6.359185872539552e-07
0,7.371450338064613e-06,1242,0.8,20.0,,13,13,8.048001394264629e-06,6.359080347430286e-07,6.359080347430286e-07
0,7.371348247218097e-06,1243,0.8,20.0,,13,15,8.047888562272344e-06,6.359099660168627e-07,6.359099660168627e-07
0,7.37111697649161e-06,1244,0.8,20.0,,13,23,8.047632958544758e-06,6.359143456562526e-07,6.359143456562526e-07
0,7.370840825629237e-06,1245,0.8,20.0,,13,63,8.047327751511999e-06,6.359195836434011e-07,6.359195836434011e-07
0,7.370701196021149e-06,1246,0.8,20.0,,13,513,8.047173429817571e-06,6.359222356137828e-07,6.359222356137828e-07
0,7.370683632021262e-06,1247,0.8,20.0,,13,5013,8.047154017681176e-06,6.359225693736543e-07,6.359225693736543e-07
0,7.371472536050741e-06,1248,0.8,50.0,,13,13,8.048025670601709e-06,6.35910391709559e-07,6.35910391709559e-07
0,7.371369958102663e-06,1249,0.8,50.0,,13,15,8.047912300249965e-06,6.359123322861195e-07,6.359123322861195e-07
0,7.371137873751013e-06,1250,0.8,50.0,,13,23,8.047655797272758e-06,6.359167275579267e-07,6.359167275579267e-07
0,7.370861276842535e-06,1251,0.8,50.0,,13,63,8.047350097233131e-06,6.359219742906782e-07,6.359219742906782e-07
0,7.370721638921448e-06,1252,0.8,50.0,,13,513,8.04719576633382e-06,6.359246265709816e-07,6.359246265709816e-07
0,7.370704084128925e-06,1253,0.8,50.0,,13,5013,8.04717636437092e-06,6.359249601663068e-07,6.359249601663068e-07
0,6.342049079477037e-06,1254,0.9,1e-06,,13,13,6.9212330177334625e-06,5.436179142562949e-07,5.436179142562949e-07
0,6.342049079475138e-06,1255,0.9,1e-06,,13,15,6.92123301773137e-06,5.436179142562797e-07,5.436179142562797e-07
0,6.342049079467552e-06,1256,0.9,1e-06,,13,23,6.921233017722994e-06,5.436179142562188e-07,5.436179142562188e-07
0,6.342049079429611e-06,1257,0.9,1e-06,,13,63,6.921233017681129e-06,5.436179142559169e-07,5.436179142559169e-07
0,6.342049079003e-06,1258,0.9,1e-06,,13,513,6.92123301721035e-06,5.436179142525177e-07,5.436179142525177e-07
0,6.34204907475578e-06,1259,0.9,1e-06,,13,5013,6.921233012523456e-06,5.436179142186807e-07,5.436179142186807e-07
0,6.93847772705348e-06,1260,0.9,1e-05,,13,13,7.5740620555326644e-06,5.958037610446465e-07,5.958037610446465e-07
0,6.93847772702883e-06,1261,0.9,1e-05,,13,15,7.57406205550544e-06,5.958037610448349e-07,5.958037610448349e-07
0,6.938477726930224e-06,1262,0.9,1e-05,,13,23,7.574062055396543e-06,5.958037610455853e-07,5.958037610455853e-07
0,6.938477726437412e-06,1263,0.9,1e-05,,13,63,7.574062054852282e-06,5.95803761049336e-07,5.95803761049336e-07
0,6.938477720917591e-06,1264,0.9,1e-05,,13,513,7.574062048756237e-06,5.958037610913459e-07,5.958037610913459e-07
0,6.938477668072335e-06,1265,0.9,1e-05,,13,5013,7.574061990394391e-06,5.958037614935397e-07,5.958037614935397e-07
0,7.313093159755534e-06,1266,0.9,0.0001,,13,13,7.984179218763245e-06,6.297786798356625e-07,6.297786798356625e-07
0,7.313093159394748e-06,1267,0.9,0.0001,,13,15,7.984179218364572e-06,6.297786798416842e-07,6.297786798416842e-07
0,7.313093157952866e-06,1268,0.9,0.0001,,13,23,7.984179216771286e-06,6.297786798657459e-07,6.297786798657459e-07
0,7.313093150774455e-06,1269,0.9,0.0001,,13,63,7.9841792088391e-06,6.297786799855387e-07,6.297786799855387e-07
0,7.313093073421607e-06,1270,0.9,0.0001,,13,513,7.984179123363742e-06,6.297786812763997e-07,6.297786812763997e-07
0,7.313092537362256e-06,1271,0.9,0.0001,,13,5013,7.984178531014972e-06,6.29778690222154e-07,6.29778690222154e-07
0,7.396830766686812e-06,1272,0.9,0.001,,13,13,8.075845744446034e-06,6.376638196036232e-07,6.376638196036232e-07
0,7.396830759932011e-06,1273,0.9,0.001,,13,15,8.07584573698095e-06,6.376638197298616e-07,6.376638197298616e-07
0,7.396830733151064e-06,1274,0.9,0.001,,13,23,8.075845707383917e-06,6.376638202303632e-07,6.376638202303632e-07
0,7.396830604720695e-06,1275,0.9,0.001,,13,63,8.075845565448773e-06,6.376638226305671e-07,6.376638226305671e-07
0,7.3968295957944576e-06,1276,0.9,0.001,,13,513,8.0758444504314e-06,6.376638414862067e-07,6.376638414862067e-07
0,7.39682766149534e-06,1277,0.9,0.001,,13,5013,8.075842312735807e-06,6.376638776363143e-07,6.376638776363143e-07
0,7.4105168903613744e-06,1278,0.9,0.01,,13,13,8.090824760005228e-06,6.389919919946907e-07,6.389919919946907e-07
0,7.410516701621786e-06,1279,0.9,0.01,,13,15,8.090824551413759e-06,6.38991995590365e-07,6.38991995590365e-07
0,7.410516002957249e-06,1280,0.9,0.01,,13,23,8.090823779262778e-06,6.389920089006324e-07,6.389920089006324e-07
0,7.410513472700313e-06,1281,0.9,0.01,,13,63,8.090820982870024e-06,6.389920571050957e-07,6.389920571050957e-07
0,7.410507355995524e-06,1282,0.9,0.01,,13,513,8.090814222801612e-06,6.389921736389083e-07,6.389921736389083e-07
0,7.410505277624184e-06,1283,0.9,0.01,,13,5013,8.090811925824107e-06,6.389922132364887e-07,6.389922132364887e-07
0,7.412386317144744e-06,1284,0.9,0.1,,13,13,8.092869480192414e-06,6.39187728150699e-07,6.39187728150699e-07
0,7.4123829062256115e-06,1285,0.9,0.1,,13,15,8.092865710487253e-06,6.391877933616577e-07,6.391877933616577e-07
0,7.412373262370006e-06,1286,0.9,0.1,,13,23,8.09285505221767e-06,6.391879777433321e-07,6.391879777433321e-07
0,7.412356273732424e-06,1287,0.9,0.1,,13,63,8.092836276582485e-06,6.39188302577546e-07,6.39188302577546e-07
0,7.4123438349199664e-06,1288,0.9,0.1,,13,513,8.092822529355638e-06,6.391885404380254e-07,6.391885404380254e-07
0,7.412342000069048e-06,1289,0.9,0.1,,13,5013,8.092820501500088e-06,6.39188575526425e-07,6.39188575526425e-07
0,7.412505900682939e-06,1290,0.9,0.2,,13,13,8.093000316782321e-06,6.391998179436425e-07,6.391998179436425e-07
0,7.412500401828025e-06,1291,0.9,0.2,,13,15,8.092994239514775e-06,6.391999230937104e-07,6.391999230937104e-07
0,7.412486109180281e-06,1292,0.9,0.2,,13,23,8.092978443452178e-06,6.392001964171314e-07,6.392001964171314e-07
0,7.412464682051354e-06,1293,0.9,0.2,,13,63,8.09295476244029e-06,6.392006062216764e-07,6.392006062216764e-07
0,7.412451407901199e-06,1294,0.9,0.2,,13,513,8.092940092001357e-06,6.392008601239906e-07,6.392008601239906e-07
0,7.412449594606264e-06,1295,0.9,0.2,,13,5013,8.092938087968325e-06,6.392008948095477e-07,6.392008948095477e-07
0,7.412547639927619e-06,1296,0.9,0.3,,13,13,8.093045999953677e-06,6.392038623185441e-07,6.392038623185441e-07
0,7.412540980576686e-06,1297,0.9,0.3,,13,15,8.093038640119398e-06,6.392039896674788e-07,6.392039896674788e-07
0,7.412524318474333e-06,1298,0.9,0.3,,13,23,8.093020225361847e-06,6.392043083256009e-07,6.392043083256009e-07
0,7.4125009585363295e-06,1299,0.9,0.3,,13,63,8.092994408228316e-06,6.392047551341199e-07,6.392047551341199e-07
0,7.41248737700216e-06,1300,0.9,0.3,,13,513,8.092979398069787e-06,6.392050149398861e-07,6.392050149398861e-07
0,7.412485571167277e-06,1301,0.9,0.3,,13,5013,8.09297740228113e-06,6.392050494860061e-07,6.392050494860061e-07
0,7.412569035497468e-06,1302,0.9,0.4,,13,13,8.093069421908923e-06,6.39205884228485e-07,6.39205884228485e-07
0,7.412561648299299e-06,1303,0.9,0.4,,13,15,8.093061257666363e-06,6.392060255002573e-07,6.392060255002573e-07
0,7.41254356255206e-06,1304,0.9,0.4,,13,23,8.093041269512429e-06,6.3920637139727e-07,6.3920637139727e-07
0,7.4125191226929664e-06,1305,0.9,0.4,,13,63,8.093014258860741e-06,6.392068388813909e-07,6.392068388813909e-07
0,7.412505381369905e-06,1306,0.9,0.4,,13,513,8.092999072103894e-06,6.392071017562829e-07,6.392071017562829e-07
0,7.412503579316686e-06,1307,0.9,0.4,,13,5013,8.092997080494671e-06,6.392071362315393e-07,6.392071362315393e-07
0,7.412582076444141e-06,1308,0.9,0.5,,13,13,8.093083699811151e-06,6.392070966560268e-07,6.392070966560268e-07
0,7.412574192045976e-06,1309,0.9,0.5,,13,15,8.093074986068763e-06,6.39207247438489e-07,6.39207247438489e-07
0,7.412555158512681e-06,1310,0.9,0.5,,13,23,8.093053950432247e-06,6.392076114697522e-07,6.392076114697522e-07
0,7.412530029422612e-06,1311,0.9,0.5,,13,63,8.093026178049075e-06,6.392080921498807e-07,6.392080921498807e-07
0,7.412516190171011e-06,1312,0.9,0.5,,13,513,8.093010883062172e-06,6.392083569052064e-07,6.392083569052064e-07
0,7.412514390409287e-06,1313,0.9,0.5,,13,5013,8.09300889398517e-06,6.392083913380915e-07,6.392083913380915e-07
0,7.412590865459626e-06,1314,0.9,0.6,,13,13,8.093093323338607e-06,6.392079044568766e-07,6.392079044568766e-07
0,7.4125826204042575e-06,1315,0.9,0.6,,13,15,8.093084211002484e-06,6.3920806213844e-07,6.3920806213844e-07
0,7.412562911090409e-06,1316,0.9,0.6,,13,23,8.093062428500705e-06,6.392084390995628e-07,6.392084390995628e-07
0,7.4125373039915665e-06,1317,0.9,0.6,,13,63,8.093034127827004e-06,6.392089289316001e-07,6.392089289316001e-07
0,7.412523398581069e-06,1318,0.9,0.6,,13,513,8.093018759721256e-06,6.392091949578161e-07,6.392091949578161e-07
0,7.412521600346961e-06,1319,0.9,0.6,,13,5013,8.093016772332782e-06,6.392092293615973e-07,6.392092293615973e-07
0,7.412597193569191e-06,1320,0.9,0.7,,13,13,8.093100252752824e-06,6.392084811535245e-07,6.392084811535245e-07
0,7.412588675129619e-06,1321,0.9,0.7,,13,15,8.093090838275426e-06,6.392086440642874e-07,6.392086440642874e-07
0,7.41256845983704e-06,1322,0.9,0.7,,13,23,8.093068496571581e-06,6.392090307065679e-07,6.392090307065679e-07
0,7.412542501779846e-06,1323,0.9,0.7,,13,63,8.093039808022222e-06,6.392095272580068e-07,6.392095272580068e-07
0,7.412528548674458e-06,1324,0.9,0.7,,13,513,8.093024387204213e-06,6.392097942003334e-07,6.392097942003334e-07
0,7.412526751538628e-06,1325,0.9,0.7,,13,5013,8.09302240102947e-06,6.392098285836723e-07,6.392098285836723e-07
0,7.412601968673325e-06,1326,0.9,0.8,,13,13,8.09310548185461e-06,6.392089134812296e-07,6.392089134812296e-07
0,7.412593235944565e-06,1327,0.9,0.8,,13,15,8.093095830547657e-06,6.392090804911299e-07,6.392090804911299e-07
0,7.412572627699016e-06,1328,0.9,0.8,,13,23,8.093073054556332e-06,6.39209474651911e-07,6.39209474651911e-07
0,7.41254640103206e-06,1329,0.9,0.8,,13,63,8.093044069142218e-06,6.392099763460841e-07,6.392099763460841e-07
0,7.412532411910937e-06,1330,0.9,0.8,,13,513,8.093028608519686e-06,6.392102439800147e-07,6.392102439800147e-07
0,7.412530615601619e-06,1331,0.9,0.8,,13,5013,8.093026623258614e-06,6.392102783480378e-07,6.392102783480378e-07
0,7.412605700567186e-06,1332,0.9,0.9,,13,13,8.093109568723588e-06,6.39209249607496e-07,6.39209249607496e-07
0,7.412596795390548e-06,1333,0.9,0.9,,13,15,8.093099726829302e-06,6.392094199163258e-07,6.392094199163258e-07
0,7.412575873185492e-06,1334,0.9,0.9,,13,23,8.093076603853567e-06,6.392098200839748e-07,6.392098200839748e-07
0,7.412549434322522e-06,1335,0.9,0.9,,13,63,8.093047383922141e-06,6.392103258409713e-07,6.392103258409713e-07
0,7.412535417046187e-06,1336,0.9,0.9,,13,513,8.093031892182693e-06,6.392105940157092e-07,6.392105940157092e-07
0,7.412533621378286e-06,1337,0.9,0.9,,13,5013,8.093029907630148e-06,6.392106283714064e-07,6.392106283714064e-07
0,7.412608697747747e-06,1338,0.9,1.0,,13,13,8.093112851099186e-06,6.392095184207818e-07,6.392095184207818e-07
0,7.412599650813215e-06,1339,0.9,1.0,,13,15,8.093102852535332e-06,6.392096914409479e-07,6.392096914409479e-07
0,7.412578472021487e-06,1340,0.9,1.0,,13,23,8.09307944598331e-06,6.392100965182148e-07,6.392100965182148e-07
0,7.4125518612950865e-06,1341,0.9,1.0,,13,63,8.0930500361099e-06,6.392106055656913e-07,6.392106055656913e-07
0,7.4125378213983025e-06,1342,0.9,1.0,,13,513,8.093034519370654e-06,6.392108741745535e-07,6.392108741745535e-07
0,7.412536026250035e-06,1343,0.9,1.0,,13,5013,8.09303253539226e-06,6.392109085210425e-07,6.392109085210425e-07
0,7.412630609871241e-06,1344,0.9,5.0,,13,13,8.09313685126243e-06,6.392114510840362e-07,6.392114510840362e-07
0,7.412620431585906e-06,1345,0.9,5.0,,13,15,8.09312560234338e-06,6.392116457457201e-07,6.392116457457201e-07
0,7.412597250658327e-06,1346,0.9,5.0,,13,23,8.093099983052237e-06,6.392120891307178e-07,6.392120891307178e-07
0,7.412569344360216e-06,1347,0.9,5.0,,13,63,8.093069141328483e-06,6.392126229835292e-07,6.392126229835292e-07
0,7.412555139163446e-06,1348,0.9,5.0,,13,513,8.093053441897614e-06,6.392128947671553e-07,6.392128947671553e-07
0,7.412553347742279e-06,1349,0.9,5.0,,13,5013,8.093051462039676e-06,6.392129290438555e-07,6.392129290438555e-07
0,7.412633393383966e-06,1350,0.9,10.0,,13,13,8.09313990042026e-06,6.392116922597889e-07,6.392116922597889e-07
0,7.41262305852431e-06,1351,0.9,10.0,,13,15,8.093128478456435e-06,6.392118899150627e-07,6.392118899150627e-07
0,7.412599606612359e-06,1352,0.9,10.0,,13,23,8.093102559678295e-06,6.392123384849335e-07,6.392123384849335e-07
0,7.412571530845606e-06,1353,0.9,10.0,,13,63,8.09307153065504e-06,6.392128755832518e-07,6.392128755832518e-07
0,7.412557304664819e-06,1354,0.9,10.0,,13,513,8.093055808038634e-06,6.392131477693808e-07,6.392131477693808e-07
0,7.4125555137275664e-06,1355,0.9,10.0,,13,5013,8.093053828713907e-06,6.392131820379866e-07,6.392131820379866e-07
0,7.412634789162732e-06,1356,0.9,20.0,,13,13,8.093141429439791e-06,6.392118128098075e-07,6.392118128098075e-07
0,7.4126243746132015e-06,1357,0.9,20.0,,13,15,8.09312991940319e-06,6.392120119874828e-07,6.392120119874828e-07
0,7.412600785336234e-06,1358,0.9,20.0,,13,23,8.093103848806113e-06,6.392124631836061e-07,6.392124631836061e-07
0,7.412572624186989e-06,1359,0.9,20.0,,13,63,8.093072725422881e-06,6.392130019197393e-07,6.392130019197393e-07
0,7.412558387460128e-06,1360,0.9,20.0,,13,513,8.093056991152098e-06,6.392132743023823e-07,6.392132743023823e-07
0,7.412556596695962e-06,1361,0.9,20.0,,13,5013,8.093055012019473e-06,6.392133085623821e-07,6.392133085623821e-07
0,7.412635627891671e-06,1362,0.9,50.0,,13,13,8.093142348243699e-06,6.392118851237159e-07,6.392118851237159e-07
0,7.41262516512165e-06,1363,0.9,50.0,,13,15,8.093130784916727e-06,6.392120852283636e-07,6.392120852283636e-07
0,7.412601492795812e-06,1364,0.9,50.0,,13,23,8.093104622543337e-06,6.392125380088566e-07,6.392125380088566e-07
0,7.412573280142257e-06,1365,0.9,50.0,,13,63,8.09307344223062e-06,6.392130777243142e-07,6.392130777243142e-07
0,7.412559037122794e-06,1366,0.9,50.0,,13,513,8.093057701019347e-06,6.392133502325282e-07,6.392133502325282e-07
0,7.4125572465167554e-06,1367,0.9,50.0,,13,5013,8.093055722016298e-06,6.392133844914667e-07,6.392133844914667e-07
0,7.418450421849479e-06,1368,0.99,1e-06,,13,13,8.099515595390816e-06,6.396776476192373e-07,6.396776476192373e-07
0,7.418450421849475e-06,1369,0.99,1e-06,,13,15,8.099515595390811e-06,6.39677647619237e-07,6.39677647619237e-07
0,7.418450421849481e-06,1370,0.99,1e-06,,13,23,8.099515595390816e-06,6.396776476192373e-07,6.396776476192373e-07
0,7.418450421849474e-06,1371,0.99,1e-06,,13,63,8.09951559539081e-06,6.396776476192369e-07,6.396776476192369e-07
0,7.418450421849463e-06,1372,0.99,1e-06,,13,513,8.099515595390794e-06,6.396776476192367e-07,6.396776476192367e-07
0,7.4184504218493935e-06,1373,0.99,1e-06,,13,5013,8.099515595390721e-06,6.396776476192388e-07,6.396776476192388e-07
0,7.4185408441486015e-06,1374,0.99,1e-05,,13,13,8.09961457642613e-06,6.396862493182823e-07,6.396862493182823e-07
0,7.418540844148615e-06,1375,0.99,1e-05,,13,15,8.099614576426142e-06,6.396862493182833e-07,6.396862493182833e-07
0,7.418540844148617e-06,1376,0.99,1e-05,,13,23,8.099614576426144e-06,6.396862493182841e-07,6.396862493182841e-07
0,7.418540844148607e-06,1377,0.99,1e-05,,13,63,8.099614576426135e-06,6.396862493182844e-07,6.396862493182844e-07
0,7.418540844148422e-06,1378,0.99,1e-05,,13,513,8.09961457642593e-06,6.396862493182847e-07,6.396862493182847e-07
0,7.418540844146943e-06,1379,0.99,1e-05,,13,5013,8.099614576424292e-06,6.396862493183131e-07,6.396862493183131e-07
0,7.418554677097461e-06,1380,0.99,0.0001,,13,13,8.09962971592775e-06,6.396875953556587e-07,6.396875953556587e-07
0,7.418554677097436e-06,1381,0.99,0.0001,,13,15,8.099629715927711e-06,6.396875953556582e-07,6.396875953556582e-07
0,7.418554677097362e-06,1382,0.99,0.0001,,13,23,8.099629715927633e-06,6.396875953556618e-07,6.396875953556618e-07
0,7.418554677096836e-06,1383,0.99,0.0001,,13,63,8.099629715927052e-06,6.396875953556663e-07,6.396875953556663e-07
0,7.418554677091724e-06,1384,0.99,0.0001,,13,513,8.099629715921409e-06,6.396875953557653e-07,6.396875953557653e-07
0,7.418554677057342e-06,1385,0.99,0.0001,,13,5013,8.099629715883404e-06,6.396875953564256e-07,6.396875953564256e-07
0,7.41855652088913e-06,1386,0.99,0.001,,13,13,8.099631732240694e-06,6.396877924448889e-07,6.396877924448889e-07
0,7.418556520887366e-06,1387,0.99,0.001,,13,15,8.099631732238774e-06,6.396877924449195e-07,6.396877924449195e-07
0,7.418556520880307e-06,1388,0.99,0.001,,13,23,8.09963173223101e-06,6.39687792445008e-07,6.39687792445008e-07
0,7.418556520848365e-06,1389,0.99,0.001,,13,63,8.099631732195655e-06,6.396877924456456e-07,6.396877924456456e-07
0,7.4185565206027e-06,1390,0.99,0.001,,13,513,8.09963173192418e-06,6.39687792450327e-07,6.39687792450327e-07
0,7.418556520165469e-06,1391,0.99,0.001,,13,5013,8.099631731440945e-06,6.396877924587354e-07,6.396877924587354e-07
0,7.418556722027297e-06,1392,0.99,0.01,,13,13,8.09963195212909e-06,6.396878147063302e-07,6.396878147063302e-07
0,7.418556721899176e-06,1393,0.99,0.01,,13,15,8.09963195198754e-06,6.396878147089808e-07,6.396878147089808e-07
0,7.418556721424506e-06,1394,0.99,0.01,,13,23,8.099631951462846e-06,6.39687814718084e-07,6.39687814718084e-07
0,7.418556719742883e-06,1395,0.99,0.01,,13,63,8.099631949604288e-06,6.3968781475008e-07,6.3968781475008e-07
0,7.418556715929629e-06,1396,0.99,0.01,,13,513,8.09963194538979e-06,6.396878148234758e-07,6.396878148234758e-07
0,7.418556714703717e-06,1397,0.99,0.01,,13,5013,8.099631944035356e-06,6.39687814846716e-07,6.39687814846716e-07
0,7.418556770878382e-06,1398,0.99,0.1,,13,13,8.099632005873786e-06,6.396878164234927e-07,6.396878164234927e-07
0,7.418556767934498e-06,1399,0.99,0.1,,13,15,8.099632002620227e-06,6.396878164784903e-07,6.396878164784903e-07
0,7.418556759760773e-06,1400,0.99,0.1,,13,23,8.099631993586982e-06,6.396878166375342e-07,6.396878166375342e-07
0,7.418556745694879e-06,1401,0.99,0.1,,13,63,8.099631978041847e-06,6.396878169052347e-07,6.396878169052347e-07
0,7.418556735701529e-06,1402,0.99,0.1,,13,513,8.099631966997833e-06,6.396878170973604e-07,6.396878170973604e-07
0,7.418556734232995e-06,1403,0.99,0.1,,13,5013,8.099631965379065e-06,6.396878171251446e-07,6.396878171251446e-07
0,7.418556782252736e-06,1404,0.99,0.2,,13,13,8.099632018431148e-06,6.39687816353777e-07,6.39687816353777e-07
0,7.41855677757444e-06,1405,0.99,0.2,,13,15,8.099632013261177e-06,6.396878164452916e-07,6.396878164452916e-07
0,7.418556765478066e-06,1406,0.99,0.2,,13,23,8.099631999891241e-06,6.396878166765709e-07,6.396878166765709e-07
0,7.4185567476414e-06,1407,0.99,0.2,,13,63,8.099631980181649e-06,6.396878170156096e-07,6.396878170156096e-07
0,7.418556736783266e-06,1408,0.99,0.2,,13,513,8.099631968181101e-06,6.396878172221765e-07,6.396878172221765e-07
0,7.4185567353675715e-06,1409,0.99,0.2,,13,5013,8.099631966615669e-06,6.396878172557667e-07,6.396878172557667e-07
0,7.418556787446694e-06,1410,0.99,0.3,,13,13,8.099632024165032e-06,6.396878163024539e-07,6.396878163024539e-07
0,7.418556781798137e-06,1411,0.99,0.3,,13,15,8.099632017932001e-06,6.396878164123813e-07,6.396878164123813e-07
0,7.418556767797204e-06,1412,0.99,0.3,,13,23,8.0996320024572e-06,6.396878166856023e-07,6.396878166856023e-07
0,7.418556748315297e-06,1413,0.99,0.3,,13,63,8.099631980925842e-06,6.396878170516037e-07,6.396878170516037e-07
0,7.418556737214097e-06,1414,0.99,0.3,,13,513,8.099631968657293e-06,6.396878172706877e-07,6.396878172706877e-07
0,7.418556735732169e-06,1415,0.99,0.3,,13,5013,8.099631967009231e-06,6.396878172976528e-07,6.396878172976528e-07
0,7.418556790432527e-06,1416,0.99,0.4,,13,13,8.099632027464713e-06,6.396878162703372e-07,6.396878162703372e-07
0,7.418556784185162e-06,1417,0.99,0.4,,13,15,8.099632020565008e-06,6.396878163888401e-07,6.396878163888401e-07
0,7.418556769044215e-06,1418,0.99,0.4,,13,23,8.09963200382831e-06,6.396878166857591e-07,6.396878166857591e-07
0,7.418556748655707e-06,1419,0.99,0.4,,13,63,8.099631981293068e-06,6.396878170691687e-07,6.396878170691687e-07
0,7.418556737355161e-06,1420,0.99,0.4,,13,513,8.099631968796233e-06,6.396878172840547e-07,6.396878172840547e-07
0,7.418556735844761e-06,1421,0.99,0.4,,13,5013,8.09963196711798e-06,6.396878173088912e-07,6.396878173088912e-07
0,7.41855679238114e-06,1422,0.99,0.5,,13,13,8.099632029615118e-06,6.396878162459158e-07,6.396878162459158e-07
0,7.418556785724168e-06,1423,0.99,0.5,,13,15,8.099632022263765e-06,6.396878163724576e-07,6.396878163724576e-07
0,7.418556769843552e-06,1424,0.99,0.5,,13,23,8.09963200471088e-06,6.396878166881779e-07,6.396878166881779e-07
0,7.41855674891685e-06,1425,0.99,0.5,,13,63,8.099631981586908e-06,6.396878170830481e-07,6.396878170830481e-07
0,7.418556737411246e-06,1426,0.99,0.5,,13,513,8.099631968866342e-06,6.396878172942803e-07,6.396878172942803e-07
0,7.418556735886068e-06,1427,0.99,0.5,,13,5013,8.099631967160333e-06,6.396878173191235e-07,6.396878173191235e-07
0,7.418556793777978e-06,1428,0.99,0.6,,13,13,8.099632031175204e-06,6.396878162353045e-07,6.396878162353045e-07
0,7.418556786793876e-06,1429,0.99,0.6,,13,15,8.099632023431456e-06,6.396878163611547e-07,6.396878163611547e-07
0,7.418556770319498e-06,1430,0.99,0.6,,13,23,8.09963200522303e-06,6.39687816678948e-07,6.39687816678948e-07
0,7.418556749064595e-06,1431,0.99,0.6,,13,63,8.099631981733789e-06,6.396878170932245e-07,6.396878170932245e-07
0,7.418556737613999e-06,1432,0.99,0.6,,13,513,8.099631969053076e-06,6.396878173150834e-07,6.396878173150834e-07
0,7.418556735983613e-06,1433,0.99,0.6,,13,5013,8.099631967279036e-06,6.396878173350291e-07,6.396878173350291e-07
0,7.418556794897847e-06,1434,0.99,0.7,,13,13,8.099632032404366e-06,6.396878162296336e-07,6.396878162296336e-07
0,7.418556787641892e-06,1435,0.99,0.7,,13,15,8.099632024377006e-06,6.396878163611761e-07,6.396878163611761e-07
0,7.4185567706558814e-06,1436,0.99,0.7,,13,23,8.099632005613147e-06,6.396878166794397e-07,6.396878166794397e-07
0,7.418556749177543e-06,1437,0.99,0.7,,13,63,8.099631981877371e-06,6.396878170983293e-07,6.396878170983293e-07
0,7.418556737669617e-06,1438,0.99,0.7,,13,513,8.09963196916779e-06,6.39687817323953e-07,6.39687817323953e-07
0,7.418556735805554e-06,1439,0.99,0.7,,13,5013,8.099631967092962e-06,6.39687817312812e-07,6.39687817312812e-07
0,7.418556795623099e-06,1440,0.99,0.8,,13,13,8.099632033204564e-06,6.396878162169035e-07,6.396878162169035e-07
0,7.41855678828947e-06,1441,0.99,0.8,,13,15,8.099632025103479e-06,6.396878163595714e-07,6.396878163595714e-07
0,7.418556770897028e-06,1442,0.99,0.8,,13,23,8.099632005871128e-06,6.396878166684177e-07,6.396878166684177e-07
0,7.418556749249773e-06,1443,0.99,0.8,,13,63,8.099631981946747e-06,6.396878171039463e-07,6.396878171039463e-07
0,7.418556737709991e-06,1444,0.99,0.8,,13,513,8.099631969204108e-06,6.396878173268267e-07,6.396878173268267e-07
0,7.418556736091115e-06,1445,0.99,0.8,,13,5013,8.099631967400855e-06,6.396878173360134e-07,6.396878173360134e-07
0,7.418556796181041e-06,1446,0.99,0.9,,13,13,8.09963203381529e-06,6.396878162027777e-07,6.396878162027777e-07
0,7.4185567887264705e-06,1447,0.99,0.9,,13,15,8.099632025572654e-06,6.396878163459271e-07,6.396878163459271e-07
0,7.418556771166109e-06,1448,0.99,0.9,,13,23,8.099632006178848e-06,6.396878166736919e-07,6.396878166736919e-07
0,7.418556749240766e-06,1449,0.99,0.9,,13,63,8.099631981929118e-06,6.396878171001976e-07,6.396878171001976e-07
0,7.418556737613027e-06,1450,0.99,0.9,,13,513,8.099631969068061e-06,6.396878173120434e-07,6.396878173120434e-07
0,7.418556736347817e-06,1451,0.99,0.9,,13,5013,8.099631967676869e-06,6.396878173614336e-07,6.396878173614336e-07
0,7.41855679665944e-06,1452,0.99,1.0,,13,13,8.099632034343883e-06,6.396878161895056e-07,6.396878161895056e-07
0,7.4185567891548125e-06,1453,0.99,1.0,,13,15,8.099632026048222e-06,6.396878163469493e-07,6.396878163469493e-07
0,7.418556771437751e-06,1454,0.99,1.0,,13,23,8.099632006475859e-06,6.396878166778043e-07,6.396878166778043e-07
0,7.418556749327895e-06,1455,0.99,1.0,,13,63,8.09963198203439e-06,6.396878171043542e-07,6.396878171043542e-07
0,7.418556737717824e-06,1456,0.99,1.0,,13,513,8.099631969215315e-06,6.396878173327452e-07,6.396878173327452e-07
0,7.418556736479853e-06,1457,0.99,1.0,,13,5013,8.099631967834546e-06,6.396878173882954e-07,6.396878173882954e-07
0,7.418556800624971e-06,1458,0.99,5.0,,13,13,8.099632038703343e-06,6.396878161462724e-07,6.396878161462724e-07
0,7.418556792443793e-06,1459,0.99,5.0,,13,15,8.099632029635213e-06,6.396878163369153e-07,6.396878163369153e-07
0,7.418556772732497e-06,1460,0.99,5.0,,13,23,8.099632008077837e-06,6.396878167024678e-07,6.396878167024678e-07
0,7.418556749610109e-06,1461,0.99,5.0,,13,63,8.099631982356218e-06,6.396878171246804e-07,6.396878171246804e-07
0,7.418556737216079e-06,1462,0.99,5.0,,13,513,8.099631969816855e-06,6.396878173088318e-07,6.396878173088318e-07
0,7.418556736876633e-06,1463,0.99,5.0,,13,5013,8.099631971306824e-06,6.396878176440802e-07,6.396878176440802e-07
0,7.418556802892788e-06,1464,0.99,10.0,,13,13,8.099632041027844e-06,6.396878163331851e-07,6.396878163331851e-07
0,7.418556792077575e-06,1465,0.99,10.0,,13,15,8.099632029541076e-06,6.396878163304118e-07,6.396878163304118e-07
0,7.418556773988903e-06,1466,0.99,10.0,,13,23,8.099632012246484e-06,6.396878170705016e-07,6.396878170705016e-07
0,7.418556752058736e-06,1467,0.99,10.0,,13,63,8.099631987430179e-06,6.396878181773163e-07,6.396878181773163e-07
0,7.418556744963527e-06,1468,0.99,10.0,,13,513,8.099632002139878e-06,6.396878275412418e-07,6.396878275412418e-07
0,7.418556756076051e-06,1469,0.99,10.0,,13,5013,8.099632103616238e-06,6.396878555289468e-07,6.396878555289468e-07
0,7.418556813502078e-06,1470,0.99,20.0,,13,13,8.099632043528082e-06,6.3968781619772e-07,6.3968781619772e-07
0,7.418556801428888e-06,1471,0.99,20.0,,13,15,8.099632039259945e-06,6.396878165707787e-07,6.396878165707787e-07
0,7.418556778640935e-06,1472,0.99,20.0,,13,23,8.09963207801692e-06,6.396878281597759e-07,6.396878281597759e-07
0,7.4185568046976765e-06,1473,0.99,20.0,,13,63,8.099632027956318e-06,6.396878116958581e-07,6.396878116958581e-07
0,7.41855695603964e-06,1474,0.99,20.0,,13,513,8.099632196151081e-06,6.396877906544491e-07,6.396877906544491e-07
0,7.41855703444488e-06,1475,0.99,20.0,,13,5013,8.099632962568235e-06,6.396879592324692e-07,6.396879592324692e-07
0,7.418557525722766e-06,1476,0.99,50.0,,13,13,8.099632173198333e-06,6.396877441720984e-07,6.396877441720984e-07
0,7.41855752265747e-06,1477,0.99,50.0,,13,15,8.099632340691505e-06,6.396878313308482e-07,6.396878313308482e-07
0,7.418556867242515e-06,1478,0.99,50.0,,13,23,8.099632246337024e-06,6.396877891155901e-07,6.396877891155901e-07
0,7.418558411618938e-06,1479,0.99,50.0,,13,63,8.099632964849347e-06,6.396878378857248e-07,6.396878378857248e-07
0,7.418558507391958e-06,1480,0.99,50.0,,13,513,8.099636874913533e-06,6.396872838887985e-07,6.396872838887985e-07
0,7.418559037614521e-06,1481,0.99,50.0,,13,5013,8.09966480649872e-06,6.396980999373813e-07,6.396980999373813e-07
0,7.418562737029887e-06,1482,0.999,1e-06,,13,13,8.099638545195184e-06,6.396882922171109e-07,6.396882922171109e-07
0,7.41856273702991e-06,1483,0.999,1e-06,,13,15,8.099638545195237e-06,6.396882922171182e-07,6.396882922171182e-07
0,7.418562737029937e-06,1484,0.999,1e-06,,13,23,8.099638545195264e-06,6.396882922171183e-07,6.396882922171183e-07
0,7.418562737029914e-06,1485,0.999,1e-06,,13,63,8.099638545195238e-06,6.396882922171172e-07,6.396882922171172e-07
0,7.418562737029905e-06,1486,0.999,1e-06,,13,513,8.099638545195228e-06,6.396882922171188e-07,6.396882922171188e-07
0,7.418562737029984e-06,1487,0.999,1e-06,,13,5013,8.099638545195315e-06,6.39688292217125e-07,6.39688292217125e-07
0,7.418562738872767e-06,1488,0.999,1e-05,,13,13,8.099638547210555e-06,6.396882924142125e-07,6.396882924142125e-07
0,7.418562738873125e-06,1489,0.999,1e-05,,13,15,8.099638547210928e-06,6.396882924142448e-07,6.396882924142448e-07
0,7.418562738872947e-06,1490,0.999,1e-05,,13,23,8.099638547210743e-06,6.396882924142177e-07,6.396882924142177e-07
0,7.418562738872823e-06,1491,0.999,1e-05,,13,63,8.099638547210536e-06,6.396882924142053e-07,6.396882924142053e-07
0,7.418562738872683e-06,1492,0.999,1e-05,,13,513,8.099638547210286e-06,6.396882924141686e-07,6.396882924141686e-07
0,7.418562738873513e-06,1493,0.999,1e-05,,13,5013,8.099638547211319e-06,6.396882924142862e-07,6.396882924142862e-07
0,7.41856273906845e-06,1494,0.999,0.0001,,13,13,8.099638547424345e-06,6.396882924365981e-07,6.396882924365981e-07
0,7.418562739069267e-06,1495,0.999,0.0001,,13,15,8.09963854742566e-06,6.396882924368606e-07,6.396882924368606e-07
0,7.418562739070197e-06,1496,0.999,0.0001,,13,23,8.099638547427275e-06,6.396882924371606e-07,6.396882924371606e-07
0,7.41856273907188e-06,1497,0.999,0.0001,,13,63,8.099638547427905e-06,6.396882924370116e-07,6.396882924370116e-07
0,7.418562739069116e-06,1498,0.999,0.0001,,13,513,8.099638547425312e-06,6.396882924367269e-07,6.396882924367269e-07
0,7.418562739067306e-06,1499,0.999,0.0001,,13,5013,8.099638547422864e-06,6.396882924365141e-07,6.396882924365141e-07
0,7.418562739079219e-06,1500,0.999,0.001,,13,13,8.09963854743526e-06,6.396882924387076e-07,6.396882924387076e-07
0,7.418562739105357e-06,1501,0.999,0.001,,13,15,8.099638547465861e-06,6.396882924402499e-07,6.396882924402499e-07
0,7.418562739101149e-06,1502,0.999,0.001,,13,23,8.099638547461938e-06,6.396882924397616e-07,6.396882924397616e-07
0,7.418562739076073e-06,1503,0.999,0.001,,13,63,8.099638547434819e-06,6.396882924373725e-07,6.396882924373725e-07
0,7.418562739097653e-06,1504,0.999,0.001,,13,513,8.099638547457296e-06,6.396882924403501e-07,6.396882924403501e-07
0,7.418562739095295e-06,1505,0.999,0.001,,13,5013,8.099638547452142e-06,6.396882924397492e-07,6.396882924397492e-07
0,7.418562738972666e-06,1506,0.999,0.01,,13,13,8.09963854731834e-06,6.396882924270644e-07,6.396882924270644e-07
0,7.418562739189082e-06,1507,0.999,0.01,,13,15,8.09963854756769e-06,6.396882924491309e-07,6.396882924491309e-07
0,7.418562739128763e-06,1508,0.999,0.01,,13,23,8.099638547504945e-06,6.39688292445159e-07,6.39688292445159e-07
0,7.418562739114277e-06,1509,0.999,0.01,,13,63,8.099638547471243e-06,6.396882924462289e-07,6.396882924462289e-07
0,7.418562738805234e-06,1510,0.999,0.01,,13,513,8.09963854713465e-06,6.396882924089157e-07,6.396882924089157e-07
0,7.418562739213818e-06,1511,0.999,0.01,,13,5013,8.099638547582369e-06,6.396882924465131e-07,6.396882924465131e-07
0,7.41856273933978e-06,1512,0.999,0.1,,13,13,8.099638550558727e-06,6.396882929692444e-07,6.396882929692444e-07
0,7.4185627387478595e-06,1513,0.999,0.1,,13,15,8.099638547561462e-06,6.396882922474904e-07,6.396882922474904e-07
0,7.418562740937944e-06,1514,0.999,0.1,,13,23,8.099638549090052e-06,6.396882929015906e-07,6.396882929015906e-07
0,7.418562749233414e-06,1515,0.999,0.1,,13,63,8.099638549103128e-06,6.396882910566239e-07,6.396882910566239e-07
0,7.418562755125167e-06,1516,0.999,0.1,,13,513,8.099638561864948e-06,6.396882912098803e-07,6.396882912098803e-07
0,7.4185627527825585e-06,1517,0.999,0.1,,13,5013,8.099638623357274e-06,6.396883004638764e-07,6.396883004638764e-07
0,7.418562813912866e-06,1518,0.999,0.2,,13,13,8.099638563255245e-06,6.396882932757239e-07,6.396882932757239e-07
0,7.418562761189498e-06,1519,0.999,0.2,,13,15,8.099638555595236e-06,6.396882937304404e-07,6.396882937304404e-07
0,7.418562767772119e-06,1520,0.999,0.2,,13,23,8.099638585575288e-06,6.396882944516688e-07,6.396882944516688e-07
0,7.418562778952655e-06,1521,0.999,0.2,,13,63,8.099638597085453e-06,6.396882898478452e-07,6.396882898478452e-07
0,7.418563071346629e-06,1522,0.999,0.2,,13,513,8.09963880171008e-06,6.396882196894718e-07,6.396882196894718e-07
0,7.418564366539688e-06,1523,0.999,0.2,,13,5013,8.09964001269077e-06,6.396883726822693e-07,6.396883726822693e-07
0,7.41856275394209e-06,1524,0.999,0.3,,13,13,8.099638566780852e-06,6.396882926420998e-07,6.396882926420998e-07
0,7.418562764419549e-06,1525,0.999,0.3,,13,15,8.099638588692974e-06,6.396882988197465e-07,6.396882988197465e-07
0,7.418562832516422e-06,1526,0.999,0.3,,13,23,8.099638586182395e-06,6.396882886324256e-07,6.396882886324256e-07
0,7.418563171050803e-06,1527,0.999,0.3,,13,63,8.099639361721183e-06,6.396884783420138e-07,6.396884783420138e-07
0,7.418563462944051e-06,1528,0.999,0.3,,13,513,8.099640483238042e-06,6.396886993127153e-07,6.396886993127153e-07
0,7.418565032509338e-06,1529,0.999,0.3,,13,5013,8.099646193433675e-06,6.396891445933052e-07,6.396891445933052e-07
0,7.418562738566498e-06,1530,0.999,0.4,,13,13,8.09963895968429e-06,6.39688355622454e-07,6.39688355622454e-07
0,7.4185628493844e-06,1531,0.999,0.4,,13,15,8.099638650715716e-06,6.396883139566659e-07,6.396883139566659e-07
0,7.418563151318317e-06,1532,0.999,0.4,,13,23,8.099638961041148e-06,6.39688346680294e-07,6.39688346680294e-07
0,7.418562995789854e-06,1533,0.999,0.4,,13,63,8.09963915248671e-06,6.396883858550566e-07,6.396883858550566e-07
0,7.418567554811408e-06,1534,0.999,0.4,,13,513,8.099641200959842e-06,6.396879417087865e-07,6.396879417087865e-07
0,7.418570188358952e-06,1535,0.999,0.4,,13,5013,8.099646003390504e-06,6.396893473952357e-07,6.396893473952357e-07
0,7.418563512462272e-06,1536,0.999,0.5,,13,13,8.099638803841712e-06,6.396883378679402e-07,6.396883378679402e-07
0,7.418563231366495e-06,1537,0.999,0.5,,13,15,8.09963945221194e-06,6.396884745729847e-07,6.396884745729847e-07
0,7.418562900483147e-06,1538,0.999,0.5,,13,23,8.099639005422073e-06,6.396881604681381e-07,6.396881604681381e-07
0,7.418566149113907e-06,1539,0.999,0.5,,13,63,8.09964058794889e-06,6.396881697501727e-07,6.396881697501727e-07
0,7.418568974725787e-06,1540,0.999,0.5,,13,513,8.09966481475778e-06,6.396934612128379e-07,6.396934612128379e-07
0,7.418641204605523e-06,1541,0.999,0.5,,13,5013,8.099687887647475e-06,6.39702710618081e-07,6.39702710618081e-07
0,7.418562999900504e-06,1542,0.999,0.6,,13,13,8.099638878671573e-06,6.396882677673409e-07,6.396882677673409e-07
0,7.418563977180901e-06,1543,0.999,0.6,,13,15,8.099639357964693e-06,6.39688172306964e-07,6.39688172306964e-07
0,7.418566149685613e-06,1544,0.999,0.6,,13,23,8.099641082669298e-06,6.396890757619687e-07,6.396890757619687e-07
0,7.418574439493179e-06,1545,0.999,0.6,,13,63,8.09964084107113e-06,6.396883766046626e-07,6.396883766046626e-07
0,7.418571739106548e-06,1546,0.999,0.6,,13,513,8.099652173632713e-06,6.396871354837872e-07,6.396871354837872e-07
0,7.418715811206964e-06,1547,0.999,0.6,,13,5013,8.099720545767358e-06,6.396986156654523e-07,6.396986156654523e-07
0,7.418562759813908e-06,1548,0.999,0.7,,13,13,8.099638919504409e-06,6.396882308793187e-07,6.396882308793187e-07
0,7.418563209399214e-06,1549,0.999,0.7,,13,15,8.099639117786165e-06,6.396882561645228e-07,6.396882561645228e-07
0,7.41856315858433e-06,1550,0.999,0.7,,13,23,8.099641986679817e-06,6.396883216824432e-07,6.396883216824432e-07
0,7.418562935317709e-06,1551,0.999,0.7,,13,63,8.099650162238642e-06,6.396888162821875e-07,6.396888162821875e-07
0,7.418645080853412e-06,1552,0.999,0.7,,13,513,8.099669440813608e-06,6.396729579022882e-07,6.396729579022882e-07
0,7.418643288182637e-06,1553,0.999,0.7,,13,5013,8.099733981152498e-06,6.397077792618548e-07,6.397077792618548e-07
0,7.418563613351955e-06,1554,0.999,0.8,,13,13,8.099639697880575e-06,6.396885380826111e-07,6.396885380826111e-07
0,7.418562812375878e-06,1555,0.999,0.8,,13,15,8.099645812243132e-06,6.396894136522998e-07,6.396894136522998e-07
0,7.418571088203635e-06,1556,0.999,0.8,,13,23,8.099642700558853e-06,6.396885418075021e-07,6.396885418075021e-07
0,7.418565062170792e-06,1557,0.999,0.8,,13,63,8.099652235364329e-06,6.39690829661156e-07,6.39690829661156e-07
0,7.418687620770255e-06,1558,0.999,0.8,,13,513,8.099708516051384e-06,6.39691775288764e-07,6.39691775288764e-07
0,7.41860000696835e-06,1559,0.999,0.8,,13,5013,8.099934439178656e-06,6.397457490629143e-07,6.397457490629143e-07
0,7.418568665331996e-06,1560,0.999,0.9,,13,13,8.099640264333122e-06,6.396885850955208e-07,6.396885850955208e-07
0,7.4185652999278916e-06,1561,0.999,0.9,,13,15,8.099640313374371e-06,6.396881164998603e-07,6.396881164998603e-07
0,7.418565372727507e-06,1562,0.999,0.9,,13,23,8.099647628305279e-06,6.39689630650469e-07,6.39689630650469e-07
0,7.418577706337642e-06,1563,0.999,0.9,,13,63,8.099666905825497e-06,6.396865510195574e-07,6.396865510195574e-07
0,7.418572624282443e-06,1564,0.999,0.9,,13,513,8.100037184943278e-06,6.397737895073393e-07,6.397737895073393e-07
0,7.419409706705075e-06,1565,0.999,0.9,,13,5013,8.100035529964477e-06,6.396447323213009e-07,6.396447323213009e-07
0,7.418563304722325e-06,1566,0.999,1.0,,13,13,8.099644491022284e-06,6.396890272619249e-07,6.396890272619249e-07
0,7.418571127342872e-06,1567,0.999,1.0,,13,15,8.099643230821229e-06,6.396881384564206e-07,6.396881384564206e-07
0,7.418563366182647e-06,1568,0.999,1.0,,13,23,8.09964272357504e-06,6.39688627354548e-07,6.39688627354548e-07
0,7.418570370137568e-06,1569,0.999,1.0,,13,63,8.099661489731878e-06,6.39689121141901e-07,6.39689121141901e-07
0,7.418913469436162e-06,1570,0.999,1.0,,13,513,8.099758600378e-06,6.396821771532187e-07,6.396821771532187e-07
0,7.419541870080264e-06,1571,0.999,1.0,,13,5013,8.100067522899585e-06,6.397271057610411e-07,6.397271057610411e-07
0,7.4228136601282225e-06,1572,0.999,5.0,,13,13,8.100923839809401e-06,6.399050940530619e-07,6.399050940530619e-07
0,7.420583630035368e-06,1573,0.999,5.0,,13,15,8.103583989913497e-06,6.401852556017051e-07,6.401852556017051e-07
0,7.420850715259472e-06,1574,0.999,5.0,,13,23,8.103835248155052e-06,6.396643122131287e-07,6.396643122131287e-07
0,7.441709886728672e-06,1575,0.999,5.0,,13,63,8.114556036720486e-06,6.391446768088903e-07,6.391446768088903e-07
0,7.466202111916266e-06,1576,0.999,5.0,,13,513,8.164135652326096e-06,6.410830228596868e-07,6.410830228596868e-07
0,7.742393985690535e-06,1577,0.999,5.0,,13,5013,8.340572502794535e-06,6.670705212850424e-07,6.670705212850424e-07
0,7.466363416537195e-06,1578,0.999,10.0,,13,13,8.126062146937178e-06,6.394694560358681e-07,6.394694560358681e-07
0,7.494572182979434e-06,1579,0.999,10.0,,13,15,8.174409295928343e-06,6.473200357475051e-07,6.473200357475051e-07
0,7.601188854559511e-06,1580,0.999,10.0,,13,23,8.20424625863606e-06,6.605156101613352e-07,6.605156101613352e-07
0,7.632308189361234e-06,1581,0.999,10.0,,13,63,8.446504659061229e-06,5.948287717956834e-07,5.948287717956834e-07
0,7.941048860288285e-06,1582,0.999,10.0,,13,513,1.0623346098391088e-05,9.583354241248662e-07,9.583354241248662e-07
0,9.638675779573962e-06,1583,0.999,10.0,,13,5013,2.2487813454666687e-05,5.488350395966524e-06,5.488350395966524e-06
0,8.004407554231818e-06,1584,0.999,20.0,,13,13,8.633198212290944e-06,6.916089810749323e-07,6.916089810749323e-07
0,7.545759560160187e-06,1585,0.999,20.0,,13,15,8.598086958181391e-06,7.424597787146642e-07,7.424597787146642e-07
0,7.654869761271448e-06,1586,0.999,20.0,,13,23,6.219823716256867e-05,2.7506939518663155e-05,2.7506939518663155e-05
0,8.027925957744189e-06,1587,0.999,20.0,,13,63,8.96019499617263e-06,6.394457237259945e-07,6.394457237259945e-07
0,2.0777408242213788e-05,1588,0.999,20.0,,13,513,1.9372043445504054e-05,4.396821225800524e-06,4.396821225800524e-06
0,1.7931882518260708e-05,1589,0.999,20.0,,13,5013,,,
0,0.0001418702762166,1592,0.999,50.0,,13,23,,,
0,2.21220988554524e-05,1593,0.999,50.0,,13,63,,,
0,3.073577793408296e-05,1595,0.999,50.0,,13,5013,,,
