,time_step,stimulus,type,familiarity,novelty,dN,steady
0,0,0,fam,0.00019948134849391582,8.519789817263504,0.0,1.6141884408729565
1,1,1,fam,0.00016630633627141194,8.70167907103957,0.0,1.6141884408729565
2,2,2,fam,0.00014465499783017504,8.841158975945264,0.0,1.6141884408729565
3,3,0,fam,0.10501100608571799,2.253690114453851,0.0,1.6141884408729565
4,4,1,fam,0.09595362044486513,2.343890324620534,0.0,1.6141884408729565
5,5,2,fam,0.08904162229224537,2.41865135236675,0.0,1.6141884408729565
6,6,0,fam,0.14450451044945709,1.9344445577337086,0.0,1.6141884408729565
7,7,1,fam,0.1369976298214541,1.9877916538769964,0.0,1.6141884408729565
8,8,2,fam,0.13087850998660583,2.0334857907691717,0.0,1.6141884408729565
9,9,0,fam,0.16446637108490636,1.8050491607703891,0.0,1.6141884408729565
10,10,1,fam,0.15893830843828208,1.8392391492958207,0.0,1.6141884408729565
11,11,2,fam,0.15427145740989234,1.8690415178654762,0.0,1.6141884408729565
12,12,0,fam,0.17604559879931422,1.7370122334134588,0.0,1.6141884408729565
13,13,1,fam,0.1720587539635531,1.7599192676868702,0.0,1.6141884408729565
14,14,2,fam,0.16862190332849125,1.7800963288719673,0.0,1.6141884408729565
15,15,0,fam,0.18330395826911275,1.6966095298845685,0.0,1.6141884408729565
16,16,1,fam,0.1804361226016532,1.712378455247125,0.0,1.6141884408729565
17,17,2,fam,0.1779307294429523,1.7263609648654767,0.0,1.6141884408729565
18,18,0,fam,0.18807707651418798,1.6709034187131757,0.0,1.6141884408729565
19,19,1,fam,0.18601083044338232,1.6819503787739036,0.0,1.6141884408729565
20,20,2,fam,0.18418964614113614,1.6917893666151613,0.0,1.6141884408729565
21,21,0,fam,0.19131550624182264,1.653831348623696,0.0,1.6141884408729565
22,22,1,fam,0.18982326162903523,1.6616618416804143,0.0,1.6141884408729565
23,23,2,fam,0.18850000607234935,1.6686572398800172,0.0,1.6141884408729565
24,24,0,fam,0.19355952379899846,1.6421701972842735,0.0,1.6141884408729565
25,25,1,fam,0.1924794647183563,1.6477658077324309,0.0,1.6141884408729565
26,26,2,fam,0.19151766572793882,1.6527752253840786,0.0,1.6141884408729565
27,27,0,fam,0.19513729613071965,1.6340518854467063,0.0,1.6141884408729565
28,28,1,fam,0.19435417296377946,1.638073150528873,0.0,1.6141884408729565
29,29,2,fam,0.19365471699893527,1.6416785149450164,0.0,1.6141884408729565
30,30,0,fam,0.19625802568329576,1.6283250279542982,0.0,1.6141884408729565
31,31,1,fam,0.19568941572238382,1.6312264902410547,0.0,1.6141884408729565
32,32,2,fam,0.19518047650089315,1.6338306279310235,0.0,1.6141884408729565
33,33,0,fam,0.19705989822594056,1.624247544550235,0.0,1.6141884408729565
34,34,1,fam,0.19664660840445752,1.6263470271157092,0.0,1.6141884408729565
35,35,2,fam,0.19627612697425295,1.628232800101779,0.0,1.6141884408729565
36,36,0,fam,0.1976366114714125,1.6213252301049517,0.0,1.6141884408729565
37,37,1,fam,0.19733597925857038,1.6228475244512155,0.0,1.6141884408729565
38,38,2,fam,0.19706619118528684,1.624215610813718,0.0,1.6141884408729565
39,39,0,fam,0.1980529356135973,1.6192209324358433,0.0,1.6141884408729565
40,40,1,fam,0.19783412486423446,1.6203263526098701,0.0,1.6141884408729565
41,41,2,fam,0.1976376081617218,1.6213201870727487,0.0,1.6141884408729565
42,42,0,fam,0.19835428479866993,1.617700530043527,0.0,1.6141884408729565
43,43,1,fam,0.19819495837969908,1.6185040944445943,0.0,1.6141884408729565
44,44,2,fam,0.19805178328625236,1.6192267507323186,0.0,1.6141884408729565
45,45,0,fam,0.1985728357341316,1.6165993155069431,0.0,1.6141884408729565
46,46,1,fam,0.19845678615279802,1.61718390455643,0.0,1.6141884408729565
47,47,2,fam,0.19835245744337549,1.617709742668874,0.0,1.6141884408729565
48,48,0,fam,0.198731561495898,1.6158003020989993,0.0,1.6141884408729565
49,49,1,fam,0.1986470142407639,1.616225827084855,0.0,1.6141884408729565
50,50,2,fam,0.19857098319513206,1.6166086448174408,0.0,1.6141884408729565
51,51,0,fam,0.198846956400488,1.6152198134526763,0.0,1.6141884408729565
52,52,1,fam,0.1987853495880842,1.6155296817001448,0.0,1.6141884408729565
53,53,2,fam,0.19872993608665668,1.615808481050929,0.0,1.6141884408729565
54,54,0,fam,0.1989309118569346,1.6147976911357107,0.0,1.6141884408729565
55,55,1,fam,0.1988860154546374,1.6150234050227048,0.0,1.6141884408729565
56,56,2,fam,0.19884562601579364,1.6152265039706954,0.0,1.6141884408729565
57,57,0,fam,0.19899202663743404,1.614490522208927,0.0,1.6141884408729565
58,58,1,fam,0.19895930511683013,1.614654972070338,0.0,1.6141884408729565
59,59,2,fam,0.19892986494776332,1.6148029538267439,0.0,1.6141884408729565
60,60,0,fam,0.19903653223786102,1.614266892021494,0.0,1.6141884408729565
61,61,1,fam,0.19901268247946205,1.6143867252358088,0.0,1.6141884408729565
62,62,2,fam,0.19899122258325158,1.6144945628522658,0.0,1.6141884408729565
63,63,0,fam,0.19906895183776968,1.614104022624929,0.0,1.6141884408729565
64,64,1,fam,0.19905156761258058,1.6141913540954302,0.0,1.6141884408729565
65,65,2,fam,0.1990359244056978,1.614269945898511,0.0,1.6141884408729565
66,66,0,fam_r,0.19909257246258005,1.6139853741699854,0.0,1.6141884408729565
67,67,1,fam_r,0.19907990055770058,1.6140490245011478,0.0,1.6141884408729565
68,68,2,fam_r,0.19906849722242245,1.6141063063354832,0.0,1.6141884408729565
69,69,0,fam_r,0.19910978485445774,1.6138989236928745,0.0,1.6141884408729565
70,70,1,fam_r,0.19910054767111612,1.6139453171818867,0.0,1.6141884408729565
71,71,2,fam_r,0.1990922349388733,1.613987069481813,0.0,1.6141884408729565
72,72,0,fam_r,0.19912232894687545,1.6138359247935536,0.0,1.6141884408729565
73,73,1,fam_r,0.19911559537788806,1.6138697416079588,0.0,1.6141884408729565
74,74,2,fam_r,0.1991095355551614,1.6139001757631963,0.0,1.6141884408729565
75,75,0,fam_r,0.19913147160276337,1.6137900110778431,0.0,1.6141884408729565
76,76,1,fam_r,0.1991265630104364,1.613814661389453,0.0,1.6141884408729565
77,77,2,fam_r,0.19912214548424215,1.6138368461503838,0.0,1.6141884408729565
78,78,0,fam_r,0.199138135542975,1.6137565466100923,0.0,1.6141884408729565
79,79,1,fam_r,0.19913455727454898,1.6137745155469068,0.0,1.6141884408729565
80,80,2,fam_r,0.19913133694291182,1.61379068731398,0.0,1.6141884408729565
0,0,0,fam,0.00019948134849391582,8.519789817263504,73.33333333333334,1.6143623617007001
1,1,1,fam,0.00016630633627141194,8.70167907103957,73.33333333333334,1.6143623617007001
2,2,2,fam,0.00014465499783017504,8.841158975945264,73.33333333333334,1.6143623617007001
3,3,0,fam,0.10501100608571799,2.253690114453851,73.33333333333334,1.6143623617007001
4,4,1,fam,0.09595362044486513,2.343890324620534,73.33333333333334,1.6143623617007001
5,5,2,fam,0.08904162229224537,2.41865135236675,73.33333333333334,1.6143623617007001
6,6,0,fam,0.14450451044945709,1.9344445577337086,73.33333333333334,1.6143623617007001
7,7,1,fam,0.1369976298214541,1.9877916538769964,73.33333333333334,1.6143623617007001
8,8,2,fam,0.13087850998660583,2.0334857907691717,73.33333333333334,1.6143623617007001
9,9,0,fam,0.16446637108490636,1.8050491607703891,73.33333333333334,1.6143623617007001
10,10,1,fam,0.15893830843828208,1.8392391492958207,73.33333333333334,1.6143623617007001
11,11,2,fam,0.15427145740989234,1.8690415178654762,73.33333333333334,1.6143623617007001
12,12,0,fam,0.17604559879931422,1.7370122334134588,73.33333333333334,1.6143623617007001
13,13,1,fam,0.1720587539635531,1.7599192676868702,73.33333333333334,1.6143623617007001
14,14,2,fam,0.16862190332849125,1.7800963288719673,73.33333333333334,1.6143623617007001
15,15,0,fam,0.18330395826911275,1.6966095298845685,73.33333333333334,1.6143623617007001
16,16,1,fam,0.1804361226016532,1.712378455247125,73.33333333333334,1.6143623617007001
17,17,2,fam,0.1779307294429523,1.7263609648654767,73.33333333333334,1.6143623617007001
18,18,0,fam,0.18807707651418798,1.6709034187131757,73.33333333333334,1.6143623617007001
19,19,1,fam,0.18601083044338232,1.6819503787739036,73.33333333333334,1.6143623617007001
20,20,2,fam,0.18418964614113614,1.6917893666151613,73.33333333333334,1.6143623617007001
21,21,0,fam,0.19131550624182264,1.653831348623696,73.33333333333334,1.6143623617007001
22,22,1,fam,0.18982326162903523,1.6616618416804143,73.33333333333334,1.6143623617007001
23,23,2,fam,0.18850000607234935,1.6686572398800172,73.33333333333334,1.6143623617007001
24,24,0,fam,0.19355952379899846,1.6421701972842735,73.33333333333334,1.6143623617007001
25,25,1,fam,0.1924794647183563,1.6477658077324309,73.33333333333334,1.6143623617007001
26,26,2,fam,0.19151766572793882,1.6527752253840786,73.33333333333334,1.6143623617007001
27,27,0,fam,0.19513729613071965,1.6340518854467063,73.33333333333334,1.6143623617007001
28,28,1,fam,0.19435417296377946,1.638073150528873,73.33333333333334,1.6143623617007001
29,29,2,fam,0.19365471699893527,1.6416785149450164,73.33333333333334,1.6143623617007001
30,30,0,fam,0.19625802568329576,1.6283250279542982,73.33333333333334,1.6143623617007001
31,31,1,fam,0.19568941572238382,1.6312264902410547,73.33333333333334,1.6143623617007001
32,32,2,fam,0.19518047650089315,1.6338306279310235,73.33333333333334,1.6143623617007001
33,33,0,fam,0.19705989822594056,1.624247544550235,73.33333333333334,1.6143623617007001
34,34,1,fam,0.19664660840445752,1.6263470271157092,73.33333333333334,1.6143623617007001
35,35,2,fam,0.19627612697425295,1.628232800101779,73.33333333333334,1.6143623617007001
36,36,0,fam,0.1976366114714125,1.6213252301049517,73.33333333333334,1.6143623617007001
37,37,1,fam,0.19733597925857038,1.6228475244512155,73.33333333333334,1.6143623617007001
38,38,2,fam,0.19706619118528684,1.624215610813718,73.33333333333334,1.6143623617007001
39,39,0,fam,0.1980529356135973,1.6192209324358433,73.33333333333334,1.6143623617007001
40,40,1,fam,0.19783412486423446,1.6203263526098701,73.33333333333334,1.6143623617007001
41,41,2,fam,0.1976376081617218,1.6213201870727487,73.33333333333334,1.6143623617007001
42,42,0,fam,0.19835428479866993,1.617700530043527,73.33333333333334,1.6143623617007001
43,43,1,fam,0.19819495837969908,1.6185040944445943,73.33333333333334,1.6143623617007001
44,44,2,fam,0.19805178328625236,1.6192267507323186,73.33333333333334,1.6143623617007001
45,45,0,fam,0.1985728357341316,1.6165993155069431,73.33333333333334,1.6143623617007001
46,46,1,fam,0.19845678615279802,1.61718390455643,73.33333333333334,1.6143623617007001
47,47,2,fam,0.19835245744337549,1.617709742668874,73.33333333333334,1.6143623617007001
48,48,0,fam,0.198731561495898,1.6158003020989993,73.33333333333334,1.6143623617007001
49,49,1,fam,0.1986470142407639,1.616225827084855,73.33333333333334,1.6143623617007001
50,50,2,fam,0.19857098319513206,1.6166086448174408,73.33333333333334,1.6143623617007001
51,51,0,fam,0.198846956400488,1.6152198134526763,73.33333333333334,1.6143623617007001
52,52,1,fam,0.1987853495880842,1.6155296817001448,73.33333333333334,1.6143623617007001
53,53,2,fam,0.19872993608665668,1.615808481050929,73.33333333333334,1.6143623617007001
54,54,0,fam,0.1989309118569346,1.6147976911357107,73.33333333333334,1.6143623617007001
55,55,1,fam,0.1988860154546374,1.6150234050227048,73.33333333333334,1.6143623617007001
56,56,2,fam,0.19884562601579364,1.6152265039706954,73.33333333333334,1.6143623617007001
57,57,0,fam,0.19899202663743404,1.614490522208927,73.33333333333334,1.6143623617007001
58,58,1,fam,0.19895930511683013,1.614654972070338,73.33333333333334,1.6143623617007001
59,59,2,fam,0.19892986494776332,1.6148029538267439,73.33333333333334,1.6143623617007001
60,60,0,fam,0.19903653223786102,1.614266892021494,73.33333333333334,1.6143623617007001
61,61,1,fam,0.19901268247946205,1.6143867252358088,73.33333333333334,1.6143623617007001
62,62,2,fam,0.19899122258325158,1.6144945628522658,73.33333333333334,1.6143623617007001
63,63,0,fam,0.19906895183776968,1.614104022624929,73.33333333333334,1.6143623617007001
64,64,1,fam,0.19905156761258058,1.6141913540954302,73.33333333333334,1.6143623617007001
65,65,2,fam,0.1990359244056978,1.614269945898511,73.33333333333334,1.6143623617007001
66,66,3,recov,6.665133707912328e-05,9.61603545033863,73.33333333333334,1.6143623617007001
67,67,4,recov,6.664709483445733e-05,9.616099100669793,73.33333333333334,1.6143623617007001
68,68,5,recov,6.664327727595153e-05,9.616156382504128,73.33333333333334,1.6143623617007001
69,69,3,recov,0.054044911738082096,2.917939879234333,73.33333333333334,1.6143623617007001
70,70,4,recov,0.05404240446422425,2.917986272723345,73.33333333333334,1.6143623617007001
71,71,5,recov,0.0540401481166485,2.9180280250232715,73.33333333333334,1.6143623617007001
72,72,3,recov,0.09338333093224933,2.3710424193510793,73.33333333333334,1.6143623617007001
73,73,4,recov,0.09338017305887354,2.3710762361654845,73.33333333333334,1.6143623617007001
74,74,5,recov,0.09337733115543626,2.371106670320722,73.33333333333334,1.6143623617007001
75,75,3,recov,0.1220548057501304,2.103285107661242,73.33333333333334,1.6143623617007001
76,76,4,recov,0.12205179709821741,2.103309757972852,73.33333333333334,1.6143623617007001
77,77,5,recov,0.12204908943831212,2.103331942733783,73.33333333333334,1.6143623617007001
78,78,3,recov,0.14295299948147883,1.9452393777023744,73.33333333333334,1.6143623617007001
79,79,4,recov,0.14295043079114206,1.9452573466391891,73.33333333333334,1.6143623617007001
80,80,5,recov,0.14294811904876484,1.9452735184062622,73.33333333333334,1.6143623617007001
81,81,3,recov,0.15818602325660455,1.8439835761191552,73.33333333333334,1.6143623617007001
82,82,4,recov,0.15818395123116488,1.8439966748681313,73.33333333333334,1.6143623617007001
83,83,5,recov,0.15818208645467935,1.8440084635955132,73.33333333333334,1.6143623617007001
84,84,3,recov,0.1692899626833071,1.776142278763583,73.33333333333334,1.6143623617007001
85,85,4,recov,0.16928834619771455,1.7761518274295793,73.33333333333334,1.6143623617007001
86,86,5,recov,0.1692868913870752,1.7761604211510207,73.33333333333334,1.6143623617007001
87,87,3,recov,0.17738423773301606,1.7294370646155444,73.33333333333334,1.6143623617007001
88,88,4,recov,0.1773830029999773,1.7294440254219379,73.33333333333334,1.6143623617007001
89,89,5,recov,0.1773818917549393,1.7294502901062652,73.33333333333334,1.6143623617007001
90,90,3,recov,0.18328470024960997,1.6967145959801662,73.33333333333334,1.6143623617007001
91,91,4,recov,0.18328377020364725,1.696719670317092,73.33333333333334,1.6143623617007001
92,92,5,recov,0.18328293317035085,1.69672423719831,73.33333333333334,1.6143623617007001
93,93,3,recov,0.18758599713483531,1.6735178873342802,73.33333333333334,1.6143623617007001
94,94,4,recov,0.18758530322863545,1.673521586477574,73.33333333333334,1.6143623617007001
95,95,5,recov,0.18758467871744486,1.6735249156948389,73.33333333333334,1.6143623617007001
96,96,3,recov,0.19072156801181964,1.656940673600465,73.33333333333334,1.6143623617007001
97,97,4,recov,0.19072105370323872,1.6569433702502447,73.33333333333334,1.6143623617007001
98,98,5,recov,0.1907205908278875,1.656945797228829,73.33333333333334,1.6143623617007001
99,99,3,recov,0.1930073595622,1.6450269583576427,73.33333333333334,1.6143623617007001
100,100,4,recov,0.19300698014020518,1.6450289242016842,73.33333333333334,1.6143623617007001
101,101,5,recov,0.19300663866168527,1.6450306934580174,73.33333333333334,1.6143623617007001
102,102,3,recov,0.19467368054777462,1.6364305552599212,73.33333333333334,1.6143623617007001
103,103,4,recov,0.19467340156247528,1.6364319883529743,73.33333333333334,1.6143623617007001
104,104,5,recov,0.19467315047638956,1.6364332781349664,73.33333333333334,1.6143623617007001
105,105,3,recov,0.19588841735713772,1.6302100810622153,73.33333333333334,1.6143623617007001
106,106,4,recov,0.19588821270850498,1.6302111257831966,73.33333333333334,1.6143623617007001
107,107,5,recov,0.19588802852510115,1.6302120660311465,73.33333333333334,1.6143623617007001
108,108,3,recov,0.19677395454487745,1.6256996479146182,73.33333333333334,1.6143623617007001
109,109,4,recov,0.19677380468197989,1.6257004095141652,73.33333333333334,1.6143623617007001
110,110,5,recov,0.19677366980556726,1.6257010949532613,73.33333333333334,1.6143623617007001
111,111,3,recov,0.19741950799466734,1.6224243321712308,73.33333333333334,1.6143623617007001
112,112,4,recov,0.19741939838640354,1.622424887376212,73.33333333333334,1.6143623617007001
113,113,5,recov,0.1974192997390702,1.6224253870604315,73.33333333333334,1.6143623617007001
114,114,3,recov,0.19789011478018284,1.6200433782013663,73.33333333333334,1.6143623617007001
115,115,4,recov,0.19789003468539157,1.6200437829452192,73.33333333333334,1.6143623617007001
116,116,5,recov,0.19788996260013486,1.6200441472145466,73.33333333333334,1.6143623617007001
117,117,3,recov,0.19823318623433575,1.618311232987735,73.33333333333334,1.6143623617007001
118,118,4,recov,0.1982331277440646,1.6183115280456961,73.33333333333334,1.6143623617007001
119,119,5,recov,0.19823307510285007,1.6183117935977869,73.33333333333334,1.6143623617007001
120,120,3,recov,0.19848328485011016,1.617050389704757,73.33333333333334,1.6143623617007001
121,121,4,recov,0.19848324215693772,1.6170506048018471,73.33333333333334,1.6143623617007001
122,122,5,recov,0.19848320373309822,1.6170507983891889,73.33333333333334,1.6143623617007001
123,123,3,recov,0.19866560648894624,1.6161322370641718,73.33333333333334,1.6143623617007001
124,124,4,recov,0.1986655753370508,1.6161323938698637,73.33333333333334,1.6143623617007001
125,125,5,recov,0.1986655473003532,1.6161325349949656,73.33333333333334,1.6143623617007001
126,126,3,recov,0.19879851882970112,1.6154634353422423,73.33333333333334,1.6143623617007001
127,127,4,recov,0.19879849610478464,1.6154635496535454,73.33333333333334,1.6143623617007001
128,128,5,recov,0.19879847565236422,1.6154636525337074,73.33333333333334,1.6143623617007001
129,129,3,recov,0.19889541185492146,1.6149761609854487,73.33333333333334,1.6143623617007001
130,130,4,recov,0.19889539528038758,1.6149762443183644,73.33333333333334,1.6143623617007001
131,131,5,recov,0.19889538036330948,1.6149763193179825,73.33333333333334,1.6143623617007001
132,132,3,recov,0.1989660468324739,1.6146210877470024,73.33333333333334,1.6143623617007001
133,133,4,recov,0.19896603474535013,1.6146211484966848,73.33333333333334,1.6143623617007001
134,134,5,recov,0.19896602386693996,1.614621203171396,73.33333333333334,1.6143623617007001
135,135,3,recov,0.19901753971100353,1.6143623188904062,73.33333333333334,1.6143623617007001
136,136,4,recov,0.19901753089721116,1.6143623631769177,73.33333333333334,1.6143623617007001
137,137,5,recov,0.1990175229647987,1.6143624030347765,73.33333333333334,1.6143623617007001
138,138,0,fam_r,0.00016755612193067134,8.694192206515465,73.33333333333334,1.6143623617007001
139,139,1,fam_r,0.00016755611652114494,8.694192238800328,73.33333333333334,1.6143623617007001
140,140,2,fam_r,0.00016755611165257149,8.694192267856705,73.33333333333334,1.6143623617007001
141,141,0,fam_r,0.05409345265202773,2.9170421235214627,73.33333333333334,1.6143623617007001
142,142,1,fam_r,0.05409345137890245,2.9170421470571264,73.33333333333334,1.6143623617007001
143,143,2,fam_r,0.05409345023308976,2.917042168239223,73.33333333333334,1.6143623617007001
144,144,0,fam_r,0.0934054252756035,2.370805848971729,73.33333333333334,1.6143623617007001
145,145,1,fam_r,0.09340542367300014,2.370805866129227,73.33333333333334,1.6143623617007001
146,146,2,fam_r,0.09340542223065719,2.3708058815709743,73.33333333333334,1.6143623617007001
147,147,0,fam_r,0.12206385015778297,2.103211009205939,73.33333333333334,1.6143623617007001
148,148,1,fam_r,0.12206384863103091,2.1032110217137543,73.33333333333334,1.6143623617007001
149,149,2,fam_r,0.12206384725695409,2.103211032970788,73.33333333333334,1.6143623617007001
150,150,0,fam_r,0.14295584021732205,1.9452195060828308,73.33333333333334,1.6143623617007001
151,151,1,fam_r,0.14295583891382255,1.9452195152010279,73.33333333333334,1.6143623617007001
152,152,2,fam_r,0.142955837740673,1.9452195234074052,73.33333333333334,1.6143623617007001
0,0,0,fam,0.00019948134849391582,8.519789817263504,146.66666666666669,1.613666811048845
1,1,1,fam,0.00016630633627141194,8.70167907103957,146.66666666666669,1.613666811048845
2,2,2,fam,0.00014465499783017504,8.841158975945264,146.66666666666669,1.613666811048845
3,3,0,fam,0.10501100608571799,2.253690114453851,146.66666666666669,1.613666811048845
4,4,1,fam,0.09595362044486513,2.343890324620534,146.66666666666669,1.613666811048845
5,5,2,fam,0.08904162229224537,2.41865135236675,146.66666666666669,1.613666811048845
6,6,0,fam,0.14450451044945709,1.9344445577337086,146.66666666666669,1.613666811048845
7,7,1,fam,0.1369976298214541,1.9877916538769964,146.66666666666669,1.613666811048845
8,8,2,fam,0.13087850998660583,2.0334857907691717,146.66666666666669,1.613666811048845
9,9,0,fam,0.16446637108490636,1.8050491607703891,146.66666666666669,1.613666811048845
10,10,1,fam,0.15893830843828208,1.8392391492958207,146.66666666666669,1.613666811048845
11,11,2,fam,0.15427145740989234,1.8690415178654762,146.66666666666669,1.613666811048845
12,12,0,fam,0.17604559879931422,1.7370122334134588,146.66666666666669,1.613666811048845
13,13,1,fam,0.1720587539635531,1.7599192676868702,146.66666666666669,1.613666811048845
14,14,2,fam,0.16862190332849125,1.7800963288719673,146.66666666666669,1.613666811048845
15,15,0,fam,0.18330395826911275,1.6966095298845685,146.66666666666669,1.613666811048845
16,16,1,fam,0.1804361226016532,1.712378455247125,146.66666666666669,1.613666811048845
17,17,2,fam,0.1779307294429523,1.7263609648654767,146.66666666666669,1.613666811048845
18,18,0,fam,0.18807707651418798,1.6709034187131757,146.66666666666669,1.613666811048845
19,19,1,fam,0.18601083044338232,1.6819503787739036,146.66666666666669,1.613666811048845
20,20,2,fam,0.18418964614113614,1.6917893666151613,146.66666666666669,1.613666811048845
21,21,0,fam,0.19131550624182264,1.653831348623696,146.66666666666669,1.613666811048845
22,22,1,fam,0.18982326162903523,1.6616618416804143,146.66666666666669,1.613666811048845
23,23,2,fam,0.18850000607234935,1.6686572398800172,146.66666666666669,1.613666811048845
24,24,0,fam,0.19355952379899846,1.6421701972842735,146.66666666666669,1.613666811048845
25,25,1,fam,0.1924794647183563,1.6477658077324309,146.66666666666669,1.613666811048845
26,26,2,fam,0.19151766572793882,1.6527752253840786,146.66666666666669,1.613666811048845
27,27,0,fam,0.19513729613071965,1.6340518854467063,146.66666666666669,1.613666811048845
28,28,1,fam,0.19435417296377946,1.638073150528873,146.66666666666669,1.613666811048845
29,29,2,fam,0.19365471699893527,1.6416785149450164,146.66666666666669,1.613666811048845
30,30,0,fam,0.19625802568329576,1.6283250279542982,146.66666666666669,1.613666811048845
31,31,1,fam,0.19568941572238382,1.6312264902410547,146.66666666666669,1.613666811048845
32,32,2,fam,0.19518047650089315,1.6338306279310235,146.66666666666669,1.613666811048845
33,33,0,fam,0.19705989822594056,1.624247544550235,146.66666666666669,1.613666811048845
34,34,1,fam,0.19664660840445752,1.6263470271157092,146.66666666666669,1.613666811048845
35,35,2,fam,0.19627612697425295,1.628232800101779,146.66666666666669,1.613666811048845
36,36,0,fam,0.1976366114714125,1.6213252301049517,146.66666666666669,1.613666811048845
37,37,1,fam,0.19733597925857038,1.6228475244512155,146.66666666666669,1.613666811048845
38,38,2,fam,0.19706619118528684,1.624215610813718,146.66666666666669,1.613666811048845
39,39,0,fam,0.1980529356135973,1.6192209324358433,146.66666666666669,1.613666811048845
40,40,1,fam,0.19783412486423446,1.6203263526098701,146.66666666666669,1.613666811048845
41,41,2,fam,0.1976376081617218,1.6213201870727487,146.66666666666669,1.613666811048845
42,42,0,fam,0.19835428479866993,1.617700530043527,146.66666666666669,1.613666811048845
43,43,1,fam,0.19819495837969908,1.6185040944445943,146.66666666666669,1.613666811048845
44,44,2,fam,0.19805178328625236,1.6192267507323186,146.66666666666669,1.613666811048845
45,45,0,fam,0.1985728357341316,1.6165993155069431,146.66666666666669,1.613666811048845
46,46,1,fam,0.19845678615279802,1.61718390455643,146.66666666666669,1.613666811048845
47,47,2,fam,0.19835245744337549,1.617709742668874,146.66666666666669,1.613666811048845
48,48,0,fam,0.198731561495898,1.6158003020989993,146.66666666666669,1.613666811048845
49,49,1,fam,0.1986470142407639,1.616225827084855,146.66666666666669,1.613666811048845
50,50,2,fam,0.19857098319513206,1.6166086448174408,146.66666666666669,1.613666811048845
51,51,0,fam,0.198846956400488,1.6152198134526763,146.66666666666669,1.613666811048845
52,52,1,fam,0.1987853495880842,1.6155296817001448,146.66666666666669,1.613666811048845
53,53,2,fam,0.19872993608665668,1.615808481050929,146.66666666666669,1.613666811048845
54,54,0,fam,0.1989309118569346,1.6147976911357107,146.66666666666669,1.613666811048845
55,55,1,fam,0.1988860154546374,1.6150234050227048,146.66666666666669,1.613666811048845
56,56,2,fam,0.19884562601579364,1.6152265039706954,146.66666666666669,1.613666811048845
57,57,0,fam,0.19899202663743404,1.614490522208927,146.66666666666669,1.613666811048845
58,58,1,fam,0.19895930511683013,1.614654972070338,146.66666666666669,1.613666811048845
59,59,2,fam,0.19892986494776332,1.6148029538267439,146.66666666666669,1.613666811048845
60,60,0,fam,0.19903653223786102,1.614266892021494,146.66666666666669,1.613666811048845
61,61,1,fam,0.19901268247946205,1.6143867252358088,146.66666666666669,1.613666811048845
62,62,2,fam,0.19899122258325158,1.6144945628522658,146.66666666666669,1.613666811048845
63,63,0,fam,0.19906895183776968,1.614104022624929,146.66666666666669,1.613666811048845
64,64,1,fam,0.19905156761258058,1.6141913540954302,146.66666666666669,1.613666811048845
65,65,2,fam,0.1990359244056978,1.614269945898511,146.66666666666669,1.613666811048845
66,66,3,recov,6.665133707912328e-05,9.61603545033863,146.66666666666669,1.613666811048845
67,67,4,recov,6.664709483445733e-05,9.616099100669793,146.66666666666669,1.613666811048845
68,68,5,recov,6.664327727595153e-05,9.616156382504128,146.66666666666669,1.613666811048845
69,69,3,recov,0.054044911738082096,2.917939879234333,146.66666666666669,1.613666811048845
70,70,4,recov,0.05404240446422425,2.917986272723345,146.66666666666669,1.613666811048845
71,71,5,recov,0.0540401481166485,2.9180280250232715,146.66666666666669,1.613666811048845
72,72,3,recov,0.09338333093224933,2.3710424193510793,146.66666666666669,1.613666811048845
73,73,4,recov,0.09338017305887354,2.3710762361654845,146.66666666666669,1.613666811048845
74,74,5,recov,0.09337733115543626,2.371106670320722,146.66666666666669,1.613666811048845
75,75,3,recov,0.1220548057501304,2.103285107661242,146.66666666666669,1.613666811048845
76,76,4,recov,0.12205179709821741,2.103309757972852,146.66666666666669,1.613666811048845
77,77,5,recov,0.12204908943831212,2.103331942733783,146.66666666666669,1.613666811048845
78,78,3,recov,0.14295299948147883,1.9452393777023744,146.66666666666669,1.613666811048845
79,79,4,recov,0.14295043079114206,1.9452573466391891,146.66666666666669,1.613666811048845
80,80,5,recov,0.14294811904876484,1.9452735184062622,146.66666666666669,1.613666811048845
81,81,3,recov,0.15818602325660455,1.8439835761191552,146.66666666666669,1.613666811048845
82,82,4,recov,0.15818395123116488,1.8439966748681313,146.66666666666669,1.613666811048845
83,83,5,recov,0.15818208645467935,1.8440084635955132,146.66666666666669,1.613666811048845
84,84,3,recov,0.1692899626833071,1.776142278763583,146.66666666666669,1.613666811048845
85,85,4,recov,0.16928834619771455,1.7761518274295793,146.66666666666669,1.613666811048845
86,86,5,recov,0.1692868913870752,1.7761604211510207,146.66666666666669,1.613666811048845
87,87,3,recov,0.17738423773301606,1.7294370646155444,146.66666666666669,1.613666811048845
88,88,4,recov,0.1773830029999773,1.7294440254219379,146.66666666666669,1.613666811048845
89,89,5,recov,0.1773818917549393,1.7294502901062652,146.66666666666669,1.613666811048845
90,90,3,recov,0.18328470024960997,1.6967145959801662,146.66666666666669,1.613666811048845
91,91,4,recov,0.18328377020364725,1.696719670317092,146.66666666666669,1.613666811048845
92,92,5,recov,0.18328293317035085,1.69672423719831,146.66666666666669,1.613666811048845
93,93,3,recov,0.18758599713483531,1.6735178873342802,146.66666666666669,1.613666811048845
94,94,4,recov,0.18758530322863545,1.673521586477574,146.66666666666669,1.613666811048845
95,95,5,recov,0.18758467871744486,1.6735249156948389,146.66666666666669,1.613666811048845
96,96,3,recov,0.19072156801181964,1.656940673600465,146.66666666666669,1.613666811048845
97,97,4,recov,0.19072105370323872,1.6569433702502447,146.66666666666669,1.613666811048845
98,98,5,recov,0.1907205908278875,1.656945797228829,146.66666666666669,1.613666811048845
99,99,3,recov,0.1930073595622,1.6450269583576427,146.66666666666669,1.613666811048845
100,100,4,recov,0.19300698014020518,1.6450289242016842,146.66666666666669,1.613666811048845
101,101,5,recov,0.19300663866168527,1.6450306934580174,146.66666666666669,1.613666811048845
102,102,3,recov,0.19467368054777462,1.6364305552599212,146.66666666666669,1.613666811048845
103,103,4,recov,0.19467340156247528,1.6364319883529743,146.66666666666669,1.613666811048845
104,104,5,recov,0.19467315047638956,1.6364332781349664,146.66666666666669,1.613666811048845
105,105,3,recov,0.19588841735713772,1.6302100810622153,146.66666666666669,1.613666811048845
106,106,4,recov,0.19588821270850498,1.6302111257831966,146.66666666666669,1.613666811048845
107,107,5,recov,0.19588802852510115,1.6302120660311465,146.66666666666669,1.613666811048845
108,108,3,recov,0.19677395454487745,1.6256996479146182,146.66666666666669,1.613666811048845
109,109,4,recov,0.19677380468197989,1.6257004095141652,146.66666666666669,1.613666811048845
110,110,5,recov,0.19677366980556726,1.6257010949532613,146.66666666666669,1.613666811048845
111,111,3,recov,0.19741950799466734,1.6224243321712308,146.66666666666669,1.613666811048845
112,112,4,recov,0.19741939838640354,1.622424887376212,146.66666666666669,1.613666811048845
113,113,5,recov,0.1974192997390702,1.6224253870604315,146.66666666666669,1.613666811048845
114,114,3,recov,0.19789011478018284,1.6200433782013663,146.66666666666669,1.613666811048845
115,115,4,recov,0.19789003468539157,1.6200437829452192,146.66666666666669,1.613666811048845
116,116,5,recov,0.19788996260013486,1.6200441472145466,146.66666666666669,1.613666811048845
117,117,3,recov,0.19823318623433575,1.618311232987735,146.66666666666669,1.613666811048845
118,118,4,recov,0.1982331277440646,1.6183115280456961,146.66666666666669,1.613666811048845
119,119,5,recov,0.19823307510285007,1.6183117935977869,146.66666666666669,1.613666811048845
120,120,3,recov,0.19848328485011016,1.617050389704757,146.66666666666669,1.613666811048845
121,121,4,recov,0.19848324215693772,1.6170506048018471,146.66666666666669,1.613666811048845
122,122,5,recov,0.19848320373309822,1.6170507983891889,146.66666666666669,1.613666811048845
123,123,3,recov,0.19866560648894624,1.6161322370641718,146.66666666666669,1.613666811048845
124,124,4,recov,0.1986655753370508,1.6161323938698637,146.66666666666669,1.613666811048845
125,125,5,recov,0.1986655473003532,1.6161325349949656,146.66666666666669,1.613666811048845
126,126,3,recov,0.19879851882970112,1.6154634353422423,146.66666666666669,1.613666811048845
127,127,4,recov,0.19879849610478464,1.6154635496535454,146.66666666666669,1.613666811048845
128,128,5,recov,0.19879847565236422,1.6154636525337074,146.66666666666669,1.613666811048845
129,129,3,recov,0.19889541185492146,1.6149761609854487,146.66666666666669,1.613666811048845
130,130,4,recov,0.19889539528038758,1.6149762443183644,146.66666666666669,1.613666811048845
131,131,5,recov,0.19889538036330948,1.6149763193179825,146.66666666666669,1.613666811048845
132,132,3,recov,0.1989660468324739,1.6146210877470024,146.66666666666669,1.613666811048845
133,133,4,recov,0.19896603474535013,1.6146211484966848,146.66666666666669,1.613666811048845
134,134,5,recov,0.19896602386693996,1.614621203171396,146.66666666666669,1.613666811048845
135,135,3,recov,0.19901753971100353,1.6143623188904062,146.66666666666669,1.613666811048845
136,136,4,recov,0.19901753089721116,1.6143623631769177,146.66666666666669,1.613666811048845
137,137,5,recov,0.1990175229647987,1.6143624030347765,146.66666666666669,1.613666811048845
138,138,3,recov,0.19905507800876643,1.6141737186390792,146.66666666666669,1.613666811048845
139,139,4,recov,0.19905507158230057,1.6141737509239424,146.66666666666669,1.613666811048845
140,140,5,recov,0.19905506579848165,1.6141737799803184,146.66666666666669,1.613666811048845
141,141,3,recov,0.19908244342215697,1.6140362514979,146.66666666666669,1.613666811048845
142,142,4,recov,0.19908243873661965,1.6140362750335635,146.66666666666669,1.613666811048845
143,143,5,recov,0.19908243451963625,1.61403629621566,146.66666666666669,1.613666811048845
144,144,3,recov,0.1991023928055009,1.6139360498752084,146.66666666666669,1.613666811048845
145,145,4,recov,0.1991023893894021,1.6139360670327059,146.66666666666669,1.613666811048845
146,146,5,recov,0.19910238631491328,1.6139360824744535,146.66666666666669,1.613666811048845
147,147,3,recov,0.19911693590435484,1.613863009227445,146.66666666666669,1.613666811048845
148,148,4,recov,0.19911693341383702,1.6138630217352603,146.66666666666669,1.613666811048845
149,149,5,recov,0.19911693117237106,1.6138630329922938,146.66666666666669,1.613666811048845
150,150,3,recov,0.19912753782256704,1.613809765961491,146.66666666666669,1.613666811048845
151,151,4,recov,0.1991275360068829,1.613809775079688,146.66666666666669,1.613666811048845
152,152,5,recov,0.19912753437276726,1.6138097832860652,146.66666666666669,1.613666811048845
153,153,3,recov,0.19913526662049075,1.613770953409385,146.66666666666669,1.613666811048845
154,154,4,recov,0.19913526529680567,1.6137709600565504,146.66666666666669,1.613666811048845
155,155,5,recov,0.19913526410548915,1.6137709660389992,146.66666666666669,1.613666811048845
156,156,3,recov,0.19914090091393644,1.613742660009451,146.66666666666669,1.613666811048845
157,157,4,recov,0.19914089994894277,1.6137426648552347,146.66666666666669,1.613666811048845
158,158,5,recov,0.19914089908044844,1.6137426692164398,146.66666666666669,1.613666811048845
159,159,3,recov,0.19914500831373042,1.6137220346260321,146.66666666666669,1.613666811048845
160,160,4,recov,0.1991450076102355,1.6137220381586082,146.66666666666669,1.613666811048845
161,161,5,recov,0.19914500697709012,1.6137220413379267,146.66666666666669,1.613666811048845
162,162,3,recov,0.19914800260811222,1.6137069989899564,146.66666666666669,1.613666811048845
163,163,4,recov,0.19914800209525674,1.6137070015652042,146.66666666666669,1.613666811048845
164,164,5,recov,0.1991480016336868,1.6137070038829275,146.66666666666669,1.613666811048845
165,165,3,recov,0.19915018544868046,1.6136960381539107,146.66666666666669,1.613666811048845
166,166,4,recov,0.1991501850748047,1.6136960400312665,146.66666666666669,1.613666811048845
167,167,5,recov,0.19915018473831653,1.6136960417208868,146.66666666666669,1.613666811048845
168,168,3,recov,0.19915177673943546,1.6136880477802442,146.66666666666669,1.613666811048845
169,169,4,recov,0.19915177646687787,1.6136880491488366,146.66666666666669,1.613666811048845
170,170,5,recov,0.199151776221576,1.6136880503805697,146.66666666666669,1.613666811048845
171,171,3,recov,0.19915293679038568,1.6136822228381293,146.66666666666669,1.613666811048845
172,172,4,recov,0.19915293659169003,1.613682223835833,146.66666666666669,1.613666811048845
173,173,5,recov,0.19915293641286394,1.6136822247337665,146.66666666666669,1.613666811048845
174,174,3,recov,0.19915378246752294,1.613677976476738,146.66666666666669,1.613666811048845
175,175,4,recov,0.19915378232267322,1.613677977204064,146.66666666666669,1.613666811048845
176,176,5,recov,0.19915378219230845,1.6136779778586574,146.66666666666669,1.613666811048845
177,177,3,recov,0.19915439896615317,1.6136748808906618,146.66666666666669,1.613666811048845
178,178,4,recov,0.19915439886055739,1.6136748814208826,146.66666666666669,1.613666811048845
179,179,5,recov,0.19915439876552116,1.6136748818980813,146.66666666666669,1.613666811048845
180,180,3,recov,0.19915484839365302,1.6136726242144595,146.66666666666669,1.613666811048845
181,181,4,recov,0.19915484831667352,1.6136726246009905,146.66666666666669,1.613666811048845
182,182,5,recov,0.19915484824739196,1.6136726249488682,146.66666666666669,1.613666811048845
183,183,3,recov,0.19915517602629965,1.6136709791007213,146.66666666666669,1.613666811048845
184,184,4,recov,0.1991551759701815,1.6136709793825021,146.66666666666669,1.613666811048845
185,185,5,recov,0.1991551759196752,1.613670979636105,146.66666666666669,1.613666811048845
186,186,3,recov,0.19915541487049862,1.6136697798145139,146.66666666666669,1.613666811048845
187,187,4,recov,0.19915541482958846,1.613669780019932,146.66666666666669,1.613666811048845
188,188,5,recov,0.19915541479276927,1.6136697802048088,146.66666666666669,1.613666811048845
189,189,3,recov,0.1991555889879194,1.6136689055357762,146.66666666666669,1.613666811048845
190,190,4,recov,0.19915558895809585,1.6136689056855265,146.66666666666669,1.613666811048845
191,191,5,recov,0.19915558893125465,1.6136689058203013,146.66666666666669,1.613666811048845
192,192,3,recov,0.19915571591951906,1.6136682681870589,146.66666666666669,1.613666811048845
193,193,4,recov,0.19915571589777764,1.613668268296227,146.66666666666669,1.613666811048845
194,194,5,recov,0.1991557158782104,1.6136682683944779,146.66666666666669,1.613666811048845
195,195,3,recov,0.1991558084526551,1.6136678035601004,146.66666666666669,1.613666811048845
196,196,4,recov,0.19915580843680564,1.6136678036396837,146.66666666666669,1.613666811048845
197,197,5,recov,0.1991558084225411,1.6136678037113088,146.66666666666669,1.613666811048845
198,198,3,recov,0.19915587590931125,1.613667464847184,146.66666666666669,1.613666811048845
199,199,4,recov,0.199155875897757,1.6136674649052,146.66666666666669,1.613666811048845
200,200,5,recov,0.19915587588735814,1.6136674649574148,146.66666666666669,1.613666811048845
201,201,3,recov,0.19915592508521357,1.6136672179255402,146.66666666666669,1.613666811048845
202,202,4,recov,0.1991559250767905,1.613667217967834,146.66666666666669,1.613666811048845
203,203,5,recov,0.19915592506920976,1.6136672180058984,146.66666666666669,1.613666811048845
204,204,3,recov,0.19915596093444635,1.6136670379197002,146.66666666666669,1.613666811048845
205,205,4,recov,0.19915596092830595,1.6136670379505325,146.66666666666669,1.613666811048845
206,206,5,recov,0.1991559609227796,1.6136670379782814,146.66666666666669,1.613666811048845
207,207,3,recov,0.19915598706853707,1.6136669066954634,146.66666666666669,1.613666811048845
208,208,4,recov,0.1991559870640607,1.61366690671794,146.66666666666669,1.613666811048845
209,209,5,recov,0.19915598706003199,1.613666906738169,146.66666666666669,1.613666811048845
210,210,3,recov,0.1991560061202892,1.6136668110330055,146.66666666666669,1.613666811048845
211,211,4,recov,0.1991560061170259,1.613666811049391,146.66666666666669,1.613666811048845
212,212,5,recov,0.19915600611408896,1.6136668110641381,146.66666666666669,1.613666811048845
213,213,0,fam_r,6.664628820286014e-05,9.616111203770169,146.66666666666669,1.613666811048845
214,214,1,fam_r,6.664628820206405e-05,9.616111203782115,146.66666666666669,1.613666811048845
215,215,2,fam_r,6.664628820134756e-05,9.616111203792865,146.66666666666669,1.613666811048845
216,216,0,fam_r,0.05401987669612373,2.9184032131799964,146.66666666666669,1.613666811048845
217,217,1,fam_r,0.05401987669565333,2.918403213188704,146.66666666666669,1.613666811048845
218,218,2,fam_r,0.054019876695229965,2.9184032131965414,146.66666666666669,1.613666811048845
219,219,0,fam_r,0.09335178166129666,2.371380323356541,146.66666666666669,1.613666811048845
220,220,1,fam_r,0.09335178166070407,2.3713803233628887,146.66666666666669,1.613666811048845
221,221,2,fam_r,0.09335178166017072,2.3713803233686024,146.66666666666669,1.613666811048845
222,222,0,fam_r,0.12202474037973783,2.1035314648101417,146.66666666666669,1.613666811048845
223,223,1,fam_r,0.12202474037917313,2.1035314648147696,146.66666666666669,1.613666811048845
224,224,2,fam_r,0.1220247403786649,2.1035314648189343,146.66666666666669,1.613666811048845
225,225,0,fam_r,0.1429273272848597,1.9454189787052032,146.66666666666669,1.613666811048845
226,226,1,fam_r,0.14292732728437751,1.945418978708577,146.66666666666669,1.613666811048845
227,227,2,fam_r,0.14292732728394356,1.9454189787116132,146.66666666666669,1.613666811048845
0,0,0,fam,0.00019948134849391582,8.519789817263504,220.0,1.6136665538281232
1,1,1,fam,0.00016630633627141194,8.70167907103957,220.0,1.6136665538281232
2,2,2,fam,0.00014465499783017504,8.841158975945264,220.0,1.6136665538281232
3,3,0,fam,0.10501100608571799,2.253690114453851,220.0,1.6136665538281232
4,4,1,fam,0.09595362044486513,2.343890324620534,220.0,1.6136665538281232
5,5,2,fam,0.08904162229224537,2.41865135236675,220.0,1.6136665538281232
6,6,0,fam,0.14450451044945709,1.9344445577337086,220.0,1.6136665538281232
7,7,1,fam,0.1369976298214541,1.9877916538769964,220.0,1.6136665538281232
8,8,2,fam,0.13087850998660583,2.0334857907691717,220.0,1.6136665538281232
9,9,0,fam,0.16446637108490636,1.8050491607703891,220.0,1.6136665538281232
10,10,1,fam,0.15893830843828208,1.8392391492958207,220.0,1.6136665538281232
11,11,2,fam,0.15427145740989234,1.8690415178654762,220.0,1.6136665538281232
12,12,0,fam,0.17604559879931422,1.7370122334134588,220.0,1.6136665538281232
13,13,1,fam,0.1720587539635531,1.7599192676868702,220.0,1.6136665538281232
14,14,2,fam,0.16862190332849125,1.7800963288719673,220.0,1.6136665538281232
15,15,0,fam,0.18330395826911275,1.6966095298845685,220.0,1.6136665538281232
16,16,1,fam,0.1804361226016532,1.712378455247125,220.0,1.6136665538281232
17,17,2,fam,0.1779307294429523,1.7263609648654767,220.0,1.6136665538281232
18,18,0,fam,0.18807707651418798,1.6709034187131757,220.0,1.6136665538281232
19,19,1,fam,0.18601083044338232,1.6819503787739036,220.0,1.6136665538281232
20,20,2,fam,0.18418964614113614,1.6917893666151613,220.0,1.6136665538281232
21,21,0,fam,0.19131550624182264,1.653831348623696,220.0,1.6136665538281232
22,22,1,fam,0.18982326162903523,1.6616618416804143,220.0,1.6136665538281232
23,23,2,fam,0.18850000607234935,1.6686572398800172,220.0,1.6136665538281232
24,24,0,fam,0.19355952379899846,1.6421701972842735,220.0,1.6136665538281232
25,25,1,fam,0.1924794647183563,1.6477658077324309,220.0,1.6136665538281232
26,26,2,fam,0.19151766572793882,1.6527752253840786,220.0,1.6136665538281232
27,27,0,fam,0.19513729613071965,1.6340518854467063,220.0,1.6136665538281232
28,28,1,fam,0.19435417296377946,1.638073150528873,220.0,1.6136665538281232
29,29,2,fam,0.19365471699893527,1.6416785149450164,220.0,1.6136665538281232
30,30,0,fam,0.19625802568329576,1.6283250279542982,220.0,1.6136665538281232
31,31,1,fam,0.19568941572238382,1.6312264902410547,220.0,1.6136665538281232
32,32,2,fam,0.19518047650089315,1.6338306279310235,220.0,1.6136665538281232
33,33,0,fam,0.19705989822594056,1.624247544550235,220.0,1.6136665538281232
34,34,1,fam,0.19664660840445752,1.6263470271157092,220.0,1.6136665538281232
35,35,2,fam,0.19627612697425295,1.628232800101779,220.0,1.6136665538281232
36,36,0,fam,0.1976366114714125,1.6213252301049517,220.0,1.6136665538281232
37,37,1,fam,0.19733597925857038,1.6228475244512155,220.0,1.6136665538281232
38,38,2,fam,0.19706619118528684,1.624215610813718,220.0,1.6136665538281232
39,39,0,fam,0.1980529356135973,1.6192209324358433,220.0,1.6136665538281232
40,40,1,fam,0.19783412486423446,1.6203263526098701,220.0,1.6136665538281232
41,41,2,fam,0.1976376081617218,1.6213201870727487,220.0,1.6136665538281232
42,42,0,fam,0.19835428479866993,1.617700530043527,220.0,1.6136665538281232
43,43,1,fam,0.19819495837969908,1.6185040944445943,220.0,1.6136665538281232
44,44,2,fam,0.19805178328625236,1.6192267507323186,220.0,1.6136665538281232
45,45,0,fam,0.1985728357341316,1.6165993155069431,220.0,1.6136665538281232
46,46,1,fam,0.19845678615279802,1.61718390455643,220.0,1.6136665538281232
47,47,2,fam,0.19835245744337549,1.617709742668874,220.0,1.6136665538281232
48,48,0,fam,0.198731561495898,1.6158003020989993,220.0,1.6136665538281232
49,49,1,fam,0.1986470142407639,1.616225827084855,220.0,1.6136665538281232
50,50,2,fam,0.19857098319513206,1.6166086448174408,220.0,1.6136665538281232
51,51,0,fam,0.198846956400488,1.6152198134526763,220.0,1.6136665538281232
52,52,1,fam,0.1987853495880842,1.6155296817001448,220.0,1.6136665538281232
53,53,2,fam,0.19872993608665668,1.615808481050929,220.0,1.6136665538281232
54,54,0,fam,0.1989309118569346,1.6147976911357107,220.0,1.6136665538281232
55,55,1,fam,0.1988860154546374,1.6150234050227048,220.0,1.6136665538281232
56,56,2,fam,0.19884562601579364,1.6152265039706954,220.0,1.6136665538281232
57,57,0,fam,0.19899202663743404,1.614490522208927,220.0,1.6136665538281232
58,58,1,fam,0.19895930511683013,1.614654972070338,220.0,1.6136665538281232
59,59,2,fam,0.19892986494776332,1.6148029538267439,220.0,1.6136665538281232
60,60,0,fam,0.19903653223786102,1.614266892021494,220.0,1.6136665538281232
61,61,1,fam,0.19901268247946205,1.6143867252358088,220.0,1.6136665538281232
62,62,2,fam,0.19899122258325158,1.6144945628522658,220.0,1.6136665538281232
63,63,0,fam,0.19906895183776968,1.614104022624929,220.0,1.6136665538281232
64,64,1,fam,0.19905156761258058,1.6141913540954302,220.0,1.6136665538281232
65,65,2,fam,0.1990359244056978,1.614269945898511,220.0,1.6136665538281232
66,66,3,recov,6.665133707912328e-05,9.61603545033863,220.0,1.6136665538281232
67,67,4,recov,6.664709483445733e-05,9.616099100669793,220.0,1.6136665538281232
68,68,5,recov,6.664327727595153e-05,9.616156382504128,220.0,1.6136665538281232
69,69,3,recov,0.054044911738082096,2.917939879234333,220.0,1.6136665538281232
70,70,4,recov,0.05404240446422425,2.917986272723345,220.0,1.6136665538281232
71,71,5,recov,0.0540401481166485,2.9180280250232715,220.0,1.6136665538281232
72,72,3,recov,0.09338333093224933,2.3710424193510793,220.0,1.6136665538281232
73,73,4,recov,0.09338017305887354,2.3710762361654845,220.0,1.6136665538281232
74,74,5,recov,0.09337733115543626,2.371106670320722,220.0,1.6136665538281232
75,75,3,recov,0.1220548057501304,2.103285107661242,220.0,1.6136665538281232
76,76,4,recov,0.12205179709821741,2.103309757972852,220.0,1.6136665538281232
77,77,5,recov,0.12204908943831212,2.103331942733783,220.0,1.6136665538281232
78,78,3,recov,0.14295299948147883,1.9452393777023744,220.0,1.6136665538281232
79,79,4,recov,0.14295043079114206,1.9452573466391891,220.0,1.6136665538281232
80,80,5,recov,0.14294811904876484,1.9452735184062622,220.0,1.6136665538281232
81,81,3,recov,0.15818602325660455,1.8439835761191552,220.0,1.6136665538281232
82,82,4,recov,0.15818395123116488,1.8439966748681313,220.0,1.6136665538281232
83,83,5,recov,0.15818208645467935,1.8440084635955132,220.0,1.6136665538281232
84,84,3,recov,0.1692899626833071,1.776142278763583,220.0,1.6136665538281232
85,85,4,recov,0.16928834619771455,1.7761518274295793,220.0,1.6136665538281232
86,86,5,recov,0.1692868913870752,1.7761604211510207,220.0,1.6136665538281232
87,87,3,recov,0.17738423773301606,1.7294370646155444,220.0,1.6136665538281232
88,88,4,recov,0.1773830029999773,1.7294440254219379,220.0,1.6136665538281232
89,89,5,recov,0.1773818917549393,1.7294502901062652,220.0,1.6136665538281232
90,90,3,recov,0.18328470024960997,1.6967145959801662,220.0,1.6136665538281232
91,91,4,recov,0.18328377020364725,1.696719670317092,220.0,1.6136665538281232
92,92,5,recov,0.18328293317035085,1.69672423719831,220.0,1.6136665538281232
93,93,3,recov,0.18758599713483531,1.6735178873342802,220.0,1.6136665538281232
94,94,4,recov,0.18758530322863545,1.673521586477574,220.0,1.6136665538281232
95,95,5,recov,0.18758467871744486,1.6735249156948389,220.0,1.6136665538281232
96,96,3,recov,0.19072156801181964,1.656940673600465,220.0,1.6136665538281232
97,97,4,recov,0.19072105370323872,1.6569433702502447,220.0,1.6136665538281232
98,98,5,recov,0.1907205908278875,1.656945797228829,220.0,1.6136665538281232
99,99,3,recov,0.1930073595622,1.6450269583576427,220.0,1.6136665538281232
100,100,4,recov,0.19300698014020518,1.6450289242016842,220.0,1.6136665538281232
101,101,5,recov,0.19300663866168527,1.6450306934580174,220.0,1.6136665538281232
102,102,3,recov,0.19467368054777462,1.6364305552599212,220.0,1.6136665538281232
103,103,4,recov,0.19467340156247528,1.6364319883529743,220.0,1.6136665538281232
104,104,5,recov,0.19467315047638956,1.6364332781349664,220.0,1.6136665538281232
105,105,3,recov,0.19588841735713772,1.6302100810622153,220.0,1.6136665538281232
106,106,4,recov,0.19588821270850498,1.6302111257831966,220.0,1.6136665538281232
107,107,5,recov,0.19588802852510115,1.6302120660311465,220.0,1.6136665538281232
108,108,3,recov,0.19677395454487745,1.6256996479146182,220.0,1.6136665538281232
109,109,4,recov,0.19677380468197989,1.6257004095141652,220.0,1.6136665538281232
110,110,5,recov,0.19677366980556726,1.6257010949532613,220.0,1.6136665538281232
111,111,3,recov,0.19741950799466734,1.6224243321712308,220.0,1.6136665538281232
112,112,4,recov,0.19741939838640354,1.622424887376212,220.0,1.6136665538281232
113,113,5,recov,0.1974192997390702,1.6224253870604315,220.0,1.6136665538281232
114,114,3,recov,0.19789011478018284,1.6200433782013663,220.0,1.6136665538281232
115,115,4,recov,0.19789003468539157,1.6200437829452192,220.0,1.6136665538281232
116,116,5,recov,0.19788996260013486,1.6200441472145466,220.0,1.6136665538281232
117,117,3,recov,0.19823318623433575,1.618311232987735,220.0,1.6136665538281232
118,118,4,recov,0.1982331277440646,1.6183115280456961,220.0,1.6136665538281232
119,119,5,recov,0.19823307510285007,1.6183117935977869,220.0,1.6136665538281232
120,120,3,recov,0.19848328485011016,1.617050389704757,220.0,1.6136665538281232
121,121,4,recov,0.19848324215693772,1.6170506048018471,220.0,1.6136665538281232
122,122,5,recov,0.19848320373309822,1.6170507983891889,220.0,1.6136665538281232
123,123,3,recov,0.19866560648894624,1.6161322370641718,220.0,1.6136665538281232
124,124,4,recov,0.1986655753370508,1.6161323938698637,220.0,1.6136665538281232
125,125,5,recov,0.1986655473003532,1.6161325349949656,220.0,1.6136665538281232
126,126,3,recov,0.19879851882970112,1.6154634353422423,220.0,1.6136665538281232
127,127,4,recov,0.19879849610478464,1.6154635496535454,220.0,1.6136665538281232
128,128,5,recov,0.19879847565236422,1.6154636525337074,220.0,1.6136665538281232
129,129,3,recov,0.19889541185492146,1.6149761609854487,220.0,1.6136665538281232
130,130,4,recov,0.19889539528038758,1.6149762443183644,220.0,1.6136665538281232
131,131,5,recov,0.19889538036330948,1.6149763193179825,220.0,1.6136665538281232
132,132,3,recov,0.1989660468324739,1.6146210877470024,220.0,1.6136665538281232
133,133,4,recov,0.19896603474535013,1.6146211484966848,220.0,1.6136665538281232
134,134,5,recov,0.19896602386693996,1.614621203171396,220.0,1.6136665538281232
135,135,3,recov,0.19901753971100353,1.6143623188904062,220.0,1.6136665538281232
136,136,4,recov,0.19901753089721116,1.6143623631769177,220.0,1.6136665538281232
137,137,5,recov,0.1990175229647987,1.6143624030347765,220.0,1.6136665538281232
138,138,3,recov,0.19905507800876643,1.6141737186390792,220.0,1.6136665538281232
139,139,4,recov,0.19905507158230057,1.6141737509239424,220.0,1.6136665538281232
140,140,5,recov,0.19905506579848165,1.6141737799803184,220.0,1.6136665538281232
141,141,3,recov,0.19908244342215697,1.6140362514979,220.0,1.6136665538281232
142,142,4,recov,0.19908243873661965,1.6140362750335635,220.0,1.6136665538281232
143,143,5,recov,0.19908243451963625,1.61403629621566,220.0,1.6136665538281232
144,144,3,recov,0.1991023928055009,1.6139360498752084,220.0,1.6136665538281232
145,145,4,recov,0.1991023893894021,1.6139360670327059,220.0,1.6136665538281232
146,146,5,recov,0.19910238631491328,1.6139360824744535,220.0,1.6136665538281232
147,147,3,recov,0.19911693590435484,1.613863009227445,220.0,1.6136665538281232
148,148,4,recov,0.19911693341383702,1.6138630217352603,220.0,1.6136665538281232
149,149,5,recov,0.19911693117237106,1.6138630329922938,220.0,1.6136665538281232
150,150,3,recov,0.19912753782256704,1.613809765961491,220.0,1.6136665538281232
151,151,4,recov,0.1991275360068829,1.613809775079688,220.0,1.6136665538281232
152,152,5,recov,0.19912753437276726,1.6138097832860652,220.0,1.6136665538281232
153,153,3,recov,0.19913526662049075,1.613770953409385,220.0,1.6136665538281232
154,154,4,recov,0.19913526529680567,1.6137709600565504,220.0,1.6136665538281232
155,155,5,recov,0.19913526410548915,1.6137709660389992,220.0,1.6136665538281232
156,156,3,recov,0.19914090091393644,1.613742660009451,220.0,1.6136665538281232
157,157,4,recov,0.19914089994894277,1.6137426648552347,220.0,1.6136665538281232
158,158,5,recov,0.19914089908044844,1.6137426692164398,220.0,1.6136665538281232
159,159,3,recov,0.19914500831373042,1.6137220346260321,220.0,1.6136665538281232
160,160,4,recov,0.1991450076102355,1.6137220381586082,220.0,1.6136665538281232
161,161,5,recov,0.19914500697709012,1.6137220413379267,220.0,1.6136665538281232
162,162,3,recov,0.19914800260811222,1.6137069989899564,220.0,1.6136665538281232
163,163,4,recov,0.19914800209525674,1.6137070015652042,220.0,1.6136665538281232
164,164,5,recov,0.1991480016336868,1.6137070038829275,220.0,1.6136665538281232
165,165,3,recov,0.19915018544868046,1.6136960381539107,220.0,1.6136665538281232
166,166,4,recov,0.1991501850748047,1.6136960400312665,220.0,1.6136665538281232
167,167,5,recov,0.19915018473831653,1.6136960417208868,220.0,1.6136665538281232
168,168,3,recov,0.19915177673943546,1.6136880477802442,220.0,1.6136665538281232
169,169,4,recov,0.19915177646687787,1.6136880491488366,220.0,1.6136665538281232
170,170,5,recov,0.199151776221576,1.6136880503805697,220.0,1.6136665538281232
171,171,3,recov,0.19915293679038568,1.6136822228381293,220.0,1.6136665538281232
172,172,4,recov,0.19915293659169003,1.613682223835833,220.0,1.6136665538281232
173,173,5,recov,0.19915293641286394,1.6136822247337665,220.0,1.6136665538281232
174,174,3,recov,0.19915378246752294,1.613677976476738,220.0,1.6136665538281232
175,175,4,recov,0.19915378232267322,1.613677977204064,220.0,1.6136665538281232
176,176,5,recov,0.19915378219230845,1.6136779778586574,220.0,1.6136665538281232
177,177,3,recov,0.19915439896615317,1.6136748808906618,220.0,1.6136665538281232
178,178,4,recov,0.19915439886055739,1.6136748814208826,220.0,1.6136665538281232
179,179,5,recov,0.19915439876552116,1.6136748818980813,220.0,1.6136665538281232
180,180,3,recov,0.19915484839365302,1.6136726242144595,220.0,1.6136665538281232
181,181,4,recov,0.19915484831667352,1.6136726246009905,220.0,1.6136665538281232
182,182,5,recov,0.19915484824739196,1.6136726249488682,220.0,1.6136665538281232
183,183,3,recov,0.19915517602629965,1.6136709791007213,220.0,1.6136665538281232
184,184,4,recov,0.1991551759701815,1.6136709793825021,220.0,1.6136665538281232
185,185,5,recov,0.1991551759196752,1.613670979636105,220.0,1.6136665538281232
186,186,3,recov,0.19915541487049862,1.6136697798145139,220.0,1.6136665538281232
187,187,4,recov,0.19915541482958846,1.613669780019932,220.0,1.6136665538281232
188,188,5,recov,0.19915541479276927,1.6136697802048088,220.0,1.6136665538281232
189,189,3,recov,0.1991555889879194,1.6136689055357762,220.0,1.6136665538281232
190,190,4,recov,0.19915558895809585,1.6136689056855265,220.0,1.6136665538281232
191,191,5,recov,0.19915558893125465,1.6136689058203013,220.0,1.6136665538281232
192,192,3,recov,0.19915571591951906,1.6136682681870589,220.0,1.6136665538281232
193,193,4,recov,0.19915571589777764,1.613668268296227,220.0,1.6136665538281232
194,194,5,recov,0.1991557158782104,1.6136682683944779,220.0,1.6136665538281232
195,195,3,recov,0.1991558084526551,1.6136678035601004,220.0,1.6136665538281232
196,196,4,recov,0.19915580843680564,1.6136678036396837,220.0,1.6136665538281232
197,197,5,recov,0.1991558084225411,1.6136678037113088,220.0,1.6136665538281232
198,198,3,recov,0.19915587590931125,1.613667464847184,220.0,1.6136665538281232
199,199,4,recov,0.199155875897757,1.6136674649052,220.0,1.6136665538281232
200,200,5,recov,0.19915587588735814,1.6136674649574148,220.0,1.6136665538281232
201,201,3,recov,0.19915592508521357,1.6136672179255402,220.0,1.6136665538281232
202,202,4,recov,0.1991559250767905,1.613667217967834,220.0,1.6136665538281232
203,203,5,recov,0.19915592506920976,1.6136672180058984,220.0,1.6136665538281232
204,204,3,recov,0.19915596093444635,1.6136670379197002,220.0,1.6136665538281232
205,205,4,recov,0.19915596092830595,1.6136670379505325,220.0,1.6136665538281232
206,206,5,recov,0.1991559609227796,1.6136670379782814,220.0,1.6136665538281232
207,207,3,recov,0.19915598706853707,1.6136669066954634,220.0,1.6136665538281232
208,208,4,recov,0.1991559870640607,1.61366690671794,220.0,1.6136665538281232
209,209,5,recov,0.19915598706003199,1.613666906738169,220.0,1.6136665538281232
210,210,3,recov,0.1991560061202892,1.6136668110330055,220.0,1.6136665538281232
211,211,4,recov,0.1991560061170259,1.613666811049391,220.0,1.6136665538281232
212,212,5,recov,0.19915600611408896,1.6136668110641381,220.0,1.6136665538281232
213,213,3,recov,0.1991560200090165,1.6136667412950796,220.0,1.6136665538281232
214,214,4,recov,0.19915602000663757,1.6136667413070247,220.0,1.6136665538281232
215,215,5,recov,0.19915602000449653,1.6136667413177752,220.0,1.6136665538281232
216,216,3,recov,0.19915603013389868,1.6136666904561348,220.0,1.6136665538281232
217,217,4,recov,0.19915603013216443,1.6136666904648427,220.0,1.6136665538281232
218,218,5,recov,0.19915603013060362,1.6136666904726797,220.0,1.6136665538281232
219,219,3,recov,0.1991560375149378,1.6136666533945454,220.0,1.6136665538281232
220,220,4,recov,0.19915603751367356,1.6136666534008934,220.0,1.6136665538281232
221,221,5,recov,0.19915603751253572,1.6136666534066066,220.0,1.6136665538281232
222,222,3,recov,0.1991560428957153,1.6136666263766477,220.0,1.6136665538281232
223,223,4,recov,0.19915604289479366,1.6136666263812756,220.0,1.6136665538281232
224,224,5,recov,0.19915604289396419,1.6136666263854405,220.0,1.6136665538281232
225,225,3,recov,0.1991560468183021,1.613666606680601,220.0,1.6136665538281232
226,226,4,recov,0.19915604681763024,1.6136666066839744,220.0,1.6136665538281232
227,227,5,recov,0.19915604681702556,1.6136666066870107,220.0,1.6136665538281232
228,228,3,recov,0.1991560496778679,1.613666592322183,220.0,1.6136665538281232
229,229,4,recov,0.1991560496773781,1.6136665923246423,220.0,1.6136665538281232
230,230,5,recov,0.19915604967693729,1.6136665923268556,220.0,1.6136665538281232
231,231,3,recov,0.19915605176249138,1.613666581854896,220.0,1.6136665538281232
232,232,4,recov,0.1991560517621343,1.613666581856689,220.0,1.6136665538281232
233,233,5,recov,0.19915605176181297,1.6136665818583025,220.0,1.6136665538281232
234,234,3,recov,0.19915605328218186,1.6136665742242444,220.0,1.6136665538281232
235,235,4,recov,0.19915605328192157,1.6136665742255514,220.0,1.6136665538281232
236,236,5,recov,0.19915605328168728,1.6136665742267278,220.0,1.6136665538281232
237,237,3,recov,0.19915605439003622,1.6136665686614993,220.0,1.6136665538281232
238,238,4,recov,0.19915605438984646,1.613666568662452,220.0,1.6136665538281232
239,239,5,recov,0.19915605438967568,1.6136665686633096,220.0,1.6136665538281232
240,240,3,recov,0.19915605519766208,1.613666564606258,220.0,1.6136665538281232
241,241,4,recov,0.19915605519752375,1.6136665646069526,220.0,1.6136665538281232
242,242,5,recov,0.19915605519739926,1.6136665646075776,220.0,1.6136665538281232
243,243,3,recov,0.19915605578642132,1.6136665616499872,220.0,1.6136665538281232
244,244,4,recov,0.19915605578632045,1.6136665616504937,220.0,1.6136665538281232
245,245,5,recov,0.1991560557862297,1.6136665616509493,220.0,1.6136665538281232
246,246,3,recov,0.1991560562156268,1.6136665594948658,220.0,1.6136665538281232
247,247,4,recov,0.19915605621555327,1.613666559495235,220.0,1.6136665538281232
248,248,5,recov,0.1991560562154871,1.6136665594955673,220.0,1.6136665538281232
249,249,3,recov,0.1991560565285176,1.6136665579237823,220.0,1.6136665538281232
250,250,4,recov,0.199156056528464,1.6136665579240514,220.0,1.6136665538281232
251,251,5,recov,0.19915605652841575,1.6136665579242937,220.0,1.6136665538281232
252,252,3,recov,0.19915605675661502,1.6136665567784623,220.0,1.6136665538281232
253,253,4,recov,0.19915605675657594,1.6136665567786586,220.0,1.6136665538281232
254,254,5,recov,0.19915605675654077,1.613666556778835,220.0,1.6136665538281232
255,255,3,recov,0.199156056922898,1.6136665559435242,220.0,1.6136665538281232
256,256,4,recov,0.1991560569228695,1.6136665559436671,220.0,1.6136665538281232
257,257,5,recov,0.19915605692284388,1.613666555943796,220.0,1.6136665538281232
258,258,3,recov,0.1991560570441183,1.6136665553348541,220.0,1.6136665538281232
259,259,4,recov,0.19915605704409756,1.6136665553349583,220.0,1.6136665538281232
260,260,5,recov,0.19915605704407885,1.6136665553350522,220.0,1.6136665538281232
261,261,3,recov,0.19915605713248788,1.613666554891134,220.0,1.6136665538281232
262,262,4,recov,0.19915605713247275,1.61366655489121,220.0,1.6136665538281232
263,263,5,recov,0.19915605713245912,1.6136665548912783,220.0,1.6136665538281232
264,264,3,recov,0.19915605719690932,1.6136665545676618,220.0,1.6136665538281232
265,265,4,recov,0.1991560571968983,1.6136665545677171,220.0,1.6136665538281232
266,266,5,recov,0.19915605719688834,1.613666554567767,220.0,1.6136665538281232
267,267,3,recov,0.19915605724387256,1.6136665543318505,220.0,1.6136665538281232
268,268,4,recov,0.19915605724386454,1.6136665543318909,220.0,1.6136665538281232
269,269,5,recov,0.1991560572438573,1.613666554331927,220.0,1.6136665538281232
270,270,3,recov,0.19915605727810873,1.6136665541599442,220.0,1.6136665538281232
271,271,4,recov,0.19915605727810287,1.6136665541599737,220.0,1.6136665538281232
272,272,5,recov,0.1991560572780976,1.6136665541600002,220.0,1.6136665538281232
273,273,3,recov,0.1991560573030669,1.6136665540346247,220.0,1.6136665538281232
274,274,4,recov,0.19915605730306263,1.613666554034646,220.0,1.6136665538281232
275,275,5,recov,0.1991560573030588,1.6136665540346653,220.0,1.6136665538281232
276,276,3,recov,0.19915605732126143,1.6136665539432664,220.0,1.6136665538281232
277,277,4,recov,0.19915605732125832,1.613666553943282,220.0,1.6136665538281232
278,278,5,recov,0.19915605732125552,1.6136665539432962,220.0,1.6136665538281232
279,279,3,recov,0.19915605733452527,1.6136665538766661,220.0,1.6136665538281232
280,280,4,recov,0.199156057334523,1.6136665538766777,220.0,1.6136665538281232
281,281,5,recov,0.19915605733452094,1.613666553876688,220.0,1.6136665538281232
282,282,3,recov,0.19915605734419456,1.613666553828115,220.0,1.6136665538281232
283,283,4,recov,0.1991560573441929,1.6136665538281232,220.0,1.6136665538281232
284,284,5,recov,0.19915605734419142,1.6136665538281307,220.0,1.6136665538281232
285,285,0,fam_r,6.66089578754394e-05,9.616671486828373,220.0,1.6136665538281232
286,286,1,fam_r,6.6608957875439e-05,9.61667148682838,220.0,1.6136665538281232
287,287,2,fam_r,6.660895787543863e-05,9.616671486828386,220.0,1.6136665538281232
288,288,0,fam_r,0.05401984947761924,2.918403717041038,220.0,1.6136665538281232
289,289,1,fam_r,0.054019849477618995,2.9184037170410426,220.0,1.6136665538281232
290,290,2,fam_r,0.05401984947761878,2.9184037170410466,220.0,1.6136665538281232
291,291,0,fam_r,0.09335176181651134,2.3713805359372446,220.0,1.6136665538281232
292,292,1,fam_r,0.09335176181651104,2.3713805359372477,220.0,1.6136665538281232
293,293,2,fam_r,0.09335176181651077,2.371380535937251,220.0,1.6136665538281232
294,294,0,fam_r,0.12202472591156309,2.1035315833777006,220.0,1.6136665538281232
295,295,1,fam_r,0.1220247259115628,2.103531583377703,220.0,1.6136665538281232
296,296,2,fam_r,0.12202472591156253,2.103531583377705,220.0,1.6136665538281232
297,297,0,fam_r,0.1429273167368555,1.9454190525049782,220.0,1.6136665538281232
298,298,1,fam_r,0.14292731673685524,1.94541905250498,220.0,1.6136665538281232
299,299,2,fam_r,0.14292731673685502,1.9454190525049815,220.0,1.6136665538281232
0,0,0,fam,0.00019948134849391582,8.519789817263504,293.33333333333337,1.6136665536975576
1,1,1,fam,0.00016630633627141194,8.70167907103957,293.33333333333337,1.6136665536975576
2,2,2,fam,0.00014465499783017504,8.841158975945264,293.33333333333337,1.6136665536975576
3,3,0,fam,0.10501100608571799,2.253690114453851,293.33333333333337,1.6136665536975576
4,4,1,fam,0.09595362044486513,2.343890324620534,293.33333333333337,1.6136665536975576
5,5,2,fam,0.08904162229224537,2.41865135236675,293.33333333333337,1.6136665536975576
6,6,0,fam,0.14450451044945709,1.9344445577337086,293.33333333333337,1.6136665536975576
7,7,1,fam,0.1369976298214541,1.9877916538769964,293.33333333333337,1.6136665536975576
8,8,2,fam,0.13087850998660583,2.0334857907691717,293.33333333333337,1.6136665536975576
9,9,0,fam,0.16446637108490636,1.8050491607703891,293.33333333333337,1.6136665536975576
10,10,1,fam,0.15893830843828208,1.8392391492958207,293.33333333333337,1.6136665536975576
11,11,2,fam,0.15427145740989234,1.8690415178654762,293.33333333333337,1.6136665536975576
12,12,0,fam,0.17604559879931422,1.7370122334134588,293.33333333333337,1.6136665536975576
13,13,1,fam,0.1720587539635531,1.7599192676868702,293.33333333333337,1.6136665536975576
14,14,2,fam,0.16862190332849125,1.7800963288719673,293.33333333333337,1.6136665536975576
15,15,0,fam,0.18330395826911275,1.6966095298845685,293.33333333333337,1.6136665536975576
16,16,1,fam,0.1804361226016532,1.712378455247125,293.33333333333337,1.6136665536975576
17,17,2,fam,0.1779307294429523,1.7263609648654767,293.33333333333337,1.6136665536975576
18,18,0,fam,0.18807707651418798,1.6709034187131757,293.33333333333337,1.6136665536975576
19,19,1,fam,0.18601083044338232,1.6819503787739036,293.33333333333337,1.6136665536975576
20,20,2,fam,0.18418964614113614,1.6917893666151613,293.33333333333337,1.6136665536975576
21,21,0,fam,0.19131550624182264,1.653831348623696,293.33333333333337,1.6136665536975576
22,22,1,fam,0.18982326162903523,1.6616618416804143,293.33333333333337,1.6136665536975576
23,23,2,fam,0.18850000607234935,1.6686572398800172,293.33333333333337,1.6136665536975576
24,24,0,fam,0.19355952379899846,1.6421701972842735,293.33333333333337,1.6136665536975576
25,25,1,fam,0.1924794647183563,1.6477658077324309,293.33333333333337,1.6136665536975576
26,26,2,fam,0.19151766572793882,1.6527752253840786,293.33333333333337,1.6136665536975576
27,27,0,fam,0.19513729613071965,1.6340518854467063,293.33333333333337,1.6136665536975576
28,28,1,fam,0.19435417296377946,1.638073150528873,293.33333333333337,1.6136665536975576
29,29,2,fam,0.19365471699893527,1.6416785149450164,293.33333333333337,1.6136665536975576
30,30,0,fam,0.19625802568329576,1.6283250279542982,293.33333333333337,1.6136665536975576
31,31,1,fam,0.19568941572238382,1.6312264902410547,293.33333333333337,1.6136665536975576
32,32,2,fam,0.19518047650089315,1.6338306279310235,293.33333333333337,1.6136665536975576
33,33,0,fam,0.19705989822594056,1.624247544550235,293.33333333333337,1.6136665536975576
34,34,1,fam,0.19664660840445752,1.6263470271157092,293.33333333333337,1.6136665536975576
35,35,2,fam,0.19627612697425295,1.628232800101779,293.33333333333337,1.6136665536975576
36,36,0,fam,0.1976366114714125,1.6213252301049517,293.33333333333337,1.6136665536975576
37,37,1,fam,0.19733597925857038,1.6228475244512155,293.33333333333337,1.6136665536975576
38,38,2,fam,0.19706619118528684,1.624215610813718,293.33333333333337,1.6136665536975576
39,39,0,fam,0.1980529356135973,1.6192209324358433,293.33333333333337,1.6136665536975576
40,40,1,fam,0.19783412486423446,1.6203263526098701,293.33333333333337,1.6136665536975576
41,41,2,fam,0.1976376081617218,1.6213201870727487,293.33333333333337,1.6136665536975576
42,42,0,fam,0.19835428479866993,1.617700530043527,293.33333333333337,1.6136665536975576
43,43,1,fam,0.19819495837969908,1.6185040944445943,293.33333333333337,1.6136665536975576
44,44,2,fam,0.19805178328625236,1.6192267507323186,293.33333333333337,1.6136665536975576
45,45,0,fam,0.1985728357341316,1.6165993155069431,293.33333333333337,1.6136665536975576
46,46,1,fam,0.19845678615279802,1.61718390455643,293.33333333333337,1.6136665536975576
47,47,2,fam,0.19835245744337549,1.617709742668874,293.33333333333337,1.6136665536975576
48,48,0,fam,0.198731561495898,1.6158003020989993,293.33333333333337,1.6136665536975576
49,49,1,fam,0.1986470142407639,1.616225827084855,293.33333333333337,1.6136665536975576
50,50,2,fam,0.19857098319513206,1.6166086448174408,293.33333333333337,1.6136665536975576
51,51,0,fam,0.198846956400488,1.6152198134526763,293.33333333333337,1.6136665536975576
52,52,1,fam,0.1987853495880842,1.6155296817001448,293.33333333333337,1.6136665536975576
53,53,2,fam,0.19872993608665668,1.615808481050929,293.33333333333337,1.6136665536975576
54,54,0,fam,0.1989309118569346,1.6147976911357107,293.33333333333337,1.6136665536975576
55,55,1,fam,0.1988860154546374,1.6150234050227048,293.33333333333337,1.6136665536975576
56,56,2,fam,0.19884562601579364,1.6152265039706954,293.33333333333337,1.6136665536975576
57,57,0,fam,0.19899202663743404,1.614490522208927,293.33333333333337,1.6136665536975576
58,58,1,fam,0.19895930511683013,1.614654972070338,293.33333333333337,1.6136665536975576
59,59,2,fam,0.19892986494776332,1.6148029538267439,293.33333333333337,1.6136665536975576
60,60,0,fam,0.19903653223786102,1.614266892021494,293.33333333333337,1.6136665536975576
61,61,1,fam,0.19901268247946205,1.6143867252358088,293.33333333333337,1.6136665536975576
62,62,2,fam,0.19899122258325158,1.6144945628522658,293.33333333333337,1.6136665536975576
63,63,0,fam,0.19906895183776968,1.614104022624929,293.33333333333337,1.6136665536975576
64,64,1,fam,0.19905156761258058,1.6141913540954302,293.33333333333337,1.6136665536975576
65,65,2,fam,0.1990359244056978,1.614269945898511,293.33333333333337,1.6136665536975576
66,66,3,recov,6.665133707912328e-05,9.61603545033863,293.33333333333337,1.6136665536975576
67,67,4,recov,6.664709483445733e-05,9.616099100669793,293.33333333333337,1.6136665536975576
68,68,5,recov,6.664327727595153e-05,9.616156382504128,293.33333333333337,1.6136665536975576
69,69,3,recov,0.054044911738082096,2.917939879234333,293.33333333333337,1.6136665536975576
70,70,4,recov,0.05404240446422425,2.917986272723345,293.33333333333337,1.6136665536975576
71,71,5,recov,0.0540401481166485,2.9180280250232715,293.33333333333337,1.6136665536975576
72,72,3,recov,0.09338333093224933,2.3710424193510793,293.33333333333337,1.6136665536975576
73,73,4,recov,0.09338017305887354,2.3710762361654845,293.33333333333337,1.6136665536975576
74,74,5,recov,0.09337733115543626,2.371106670320722,293.33333333333337,1.6136665536975576
75,75,3,recov,0.1220548057501304,2.103285107661242,293.33333333333337,1.6136665536975576
76,76,4,recov,0.12205179709821741,2.103309757972852,293.33333333333337,1.6136665536975576
77,77,5,recov,0.12204908943831212,2.103331942733783,293.33333333333337,1.6136665536975576
78,78,3,recov,0.14295299948147883,1.9452393777023744,293.33333333333337,1.6136665536975576
79,79,4,recov,0.14295043079114206,1.9452573466391891,293.33333333333337,1.6136665536975576
80,80,5,recov,0.14294811904876484,1.9452735184062622,293.33333333333337,1.6136665536975576
81,81,3,recov,0.15818602325660455,1.8439835761191552,293.33333333333337,1.6136665536975576
82,82,4,recov,0.15818395123116488,1.8439966748681313,293.33333333333337,1.6136665536975576
83,83,5,recov,0.15818208645467935,1.8440084635955132,293.33333333333337,1.6136665536975576
84,84,3,recov,0.1692899626833071,1.776142278763583,293.33333333333337,1.6136665536975576
85,85,4,recov,0.16928834619771455,1.7761518274295793,293.33333333333337,1.6136665536975576
86,86,5,recov,0.1692868913870752,1.7761604211510207,293.33333333333337,1.6136665536975576
87,87,3,recov,0.17738423773301606,1.7294370646155444,293.33333333333337,1.6136665536975576
88,88,4,recov,0.1773830029999773,1.7294440254219379,293.33333333333337,1.6136665536975576
89,89,5,recov,0.1773818917549393,1.7294502901062652,293.33333333333337,1.6136665536975576
90,90,3,recov,0.18328470024960997,1.6967145959801662,293.33333333333337,1.6136665536975576
91,91,4,recov,0.18328377020364725,1.696719670317092,293.33333333333337,1.6136665536975576
92,92,5,recov,0.18328293317035085,1.69672423719831,293.33333333333337,1.6136665536975576
93,93,3,recov,0.18758599713483531,1.6735178873342802,293.33333333333337,1.6136665536975576
94,94,4,recov,0.18758530322863545,1.673521586477574,293.33333333333337,1.6136665536975576
95,95,5,recov,0.18758467871744486,1.6735249156948389,293.33333333333337,1.6136665536975576
96,96,3,recov,0.19072156801181964,1.656940673600465,293.33333333333337,1.6136665536975576
97,97,4,recov,0.19072105370323872,1.6569433702502447,293.33333333333337,1.6136665536975576
98,98,5,recov,0.1907205908278875,1.656945797228829,293.33333333333337,1.6136665536975576
99,99,3,recov,0.1930073595622,1.6450269583576427,293.33333333333337,1.6136665536975576
100,100,4,recov,0.19300698014020518,1.6450289242016842,293.33333333333337,1.6136665536975576
101,101,5,recov,0.19300663866168527,1.6450306934580174,293.33333333333337,1.6136665536975576
102,102,3,recov,0.19467368054777462,1.6364305552599212,293.33333333333337,1.6136665536975576
103,103,4,recov,0.19467340156247528,1.6364319883529743,293.33333333333337,1.6136665536975576
104,104,5,recov,0.19467315047638956,1.6364332781349664,293.33333333333337,1.6136665536975576
105,105,3,recov,0.19588841735713772,1.6302100810622153,293.33333333333337,1.6136665536975576
106,106,4,recov,0.19588821270850498,1.6302111257831966,293.33333333333337,1.6136665536975576
107,107,5,recov,0.19588802852510115,1.6302120660311465,293.33333333333337,1.6136665536975576
108,108,3,recov,0.19677395454487745,1.6256996479146182,293.33333333333337,1.6136665536975576
109,109,4,recov,0.19677380468197989,1.6257004095141652,293.33333333333337,1.6136665536975576
110,110,5,recov,0.19677366980556726,1.6257010949532613,293.33333333333337,1.6136665536975576
111,111,3,recov,0.19741950799466734,1.6224243321712308,293.33333333333337,1.6136665536975576
112,112,4,recov,0.19741939838640354,1.622424887376212,293.33333333333337,1.6136665536975576
113,113,5,recov,0.1974192997390702,1.6224253870604315,293.33333333333337,1.6136665536975576
114,114,3,recov,0.19789011478018284,1.6200433782013663,293.33333333333337,1.6136665536975576
115,115,4,recov,0.19789003468539157,1.6200437829452192,293.33333333333337,1.6136665536975576
116,116,5,recov,0.19788996260013486,1.6200441472145466,293.33333333333337,1.6136665536975576
117,117,3,recov,0.19823318623433575,1.618311232987735,293.33333333333337,1.6136665536975576
118,118,4,recov,0.1982331277440646,1.6183115280456961,293.33333333333337,1.6136665536975576
119,119,5,recov,0.19823307510285007,1.6183117935977869,293.33333333333337,1.6136665536975576
120,120,3,recov,0.19848328485011016,1.617050389704757,293.33333333333337,1.6136665536975576
121,121,4,recov,0.19848324215693772,1.6170506048018471,293.33333333333337,1.6136665536975576
122,122,5,recov,0.19848320373309822,1.6170507983891889,293.33333333333337,1.6136665536975576
123,123,3,recov,0.19866560648894624,1.6161322370641718,293.33333333333337,1.6136665536975576
124,124,4,recov,0.1986655753370508,1.6161323938698637,293.33333333333337,1.6136665536975576
125,125,5,recov,0.1986655473003532,1.6161325349949656,293.33333333333337,1.6136665536975576
126,126,3,recov,0.19879851882970112,1.6154634353422423,293.33333333333337,1.6136665536975576
127,127,4,recov,0.19879849610478464,1.6154635496535454,293.33333333333337,1.6136665536975576
128,128,5,recov,0.19879847565236422,1.6154636525337074,293.33333333333337,1.6136665536975576
129,129,3,recov,0.19889541185492146,1.6149761609854487,293.33333333333337,1.6136665536975576
130,130,4,recov,0.19889539528038758,1.6149762443183644,293.33333333333337,1.6136665536975576
131,131,5,recov,0.19889538036330948,1.6149763193179825,293.33333333333337,1.6136665536975576
132,132,3,recov,0.1989660468324739,1.6146210877470024,293.33333333333337,1.6136665536975576
133,133,4,recov,0.19896603474535013,1.6146211484966848,293.33333333333337,1.6136665536975576
134,134,5,recov,0.19896602386693996,1.614621203171396,293.33333333333337,1.6136665536975576
135,135,3,recov,0.19901753971100353,1.6143623188904062,293.33333333333337,1.6136665536975576
136,136,4,recov,0.19901753089721116,1.6143623631769177,293.33333333333337,1.6136665536975576
137,137,5,recov,0.1990175229647987,1.6143624030347765,293.33333333333337,1.6136665536975576
138,138,3,recov,0.19905507800876643,1.6141737186390792,293.33333333333337,1.6136665536975576
139,139,4,recov,0.19905507158230057,1.6141737509239424,293.33333333333337,1.6136665536975576
140,140,5,recov,0.19905506579848165,1.6141737799803184,293.33333333333337,1.6136665536975576
141,141,3,recov,0.19908244342215697,1.6140362514979,293.33333333333337,1.6136665536975576
142,142,4,recov,0.19908243873661965,1.6140362750335635,293.33333333333337,1.6136665536975576
143,143,5,recov,0.19908243451963625,1.61403629621566,293.33333333333337,1.6136665536975576
144,144,3,recov,0.1991023928055009,1.6139360498752084,293.33333333333337,1.6136665536975576
145,145,4,recov,0.1991023893894021,1.6139360670327059,293.33333333333337,1.6136665536975576
146,146,5,recov,0.19910238631491328,1.6139360824744535,293.33333333333337,1.6136665536975576
147,147,3,recov,0.19911693590435484,1.613863009227445,293.33333333333337,1.6136665536975576
148,148,4,recov,0.19911693341383702,1.6138630217352603,293.33333333333337,1.6136665536975576
149,149,5,recov,0.19911693117237106,1.6138630329922938,293.33333333333337,1.6136665536975576
150,150,3,recov,0.19912753782256704,1.613809765961491,293.33333333333337,1.6136665536975576
151,151,4,recov,0.1991275360068829,1.613809775079688,293.33333333333337,1.6136665536975576
152,152,5,recov,0.19912753437276726,1.6138097832860652,293.33333333333337,1.6136665536975576
153,153,3,recov,0.19913526662049075,1.613770953409385,293.33333333333337,1.6136665536975576
154,154,4,recov,0.19913526529680567,1.6137709600565504,293.33333333333337,1.6136665536975576
155,155,5,recov,0.19913526410548915,1.6137709660389992,293.33333333333337,1.6136665536975576
156,156,3,recov,0.19914090091393644,1.613742660009451,293.33333333333337,1.6136665536975576
157,157,4,recov,0.19914089994894277,1.6137426648552347,293.33333333333337,1.6136665536975576
158,158,5,recov,0.19914089908044844,1.6137426692164398,293.33333333333337,1.6136665536975576
159,159,3,recov,0.19914500831373042,1.6137220346260321,293.33333333333337,1.6136665536975576
160,160,4,recov,0.1991450076102355,1.6137220381586082,293.33333333333337,1.6136665536975576
161,161,5,recov,0.19914500697709012,1.6137220413379267,293.33333333333337,1.6136665536975576
162,162,3,recov,0.19914800260811222,1.6137069989899564,293.33333333333337,1.6136665536975576
163,163,4,recov,0.19914800209525674,1.6137070015652042,293.33333333333337,1.6136665536975576
164,164,5,recov,0.1991480016336868,1.6137070038829275,293.33333333333337,1.6136665536975576
165,165,3,recov,0.19915018544868046,1.6136960381539107,293.33333333333337,1.6136665536975576
166,166,4,recov,0.1991501850748047,1.6136960400312665,293.33333333333337,1.6136665536975576
167,167,5,recov,0.19915018473831653,1.6136960417208868,293.33333333333337,1.6136665536975576
168,168,3,recov,0.19915177673943546,1.6136880477802442,293.33333333333337,1.6136665536975576
169,169,4,recov,0.19915177646687787,1.6136880491488366,293.33333333333337,1.6136665536975576
170,170,5,recov,0.199151776221576,1.6136880503805697,293.33333333333337,1.6136665536975576
171,171,3,recov,0.19915293679038568,1.6136822228381293,293.33333333333337,1.6136665536975576
172,172,4,recov,0.19915293659169003,1.613682223835833,293.33333333333337,1.6136665536975576
173,173,5,recov,0.19915293641286394,1.6136822247337665,293.33333333333337,1.6136665536975576
174,174,3,recov,0.19915378246752294,1.613677976476738,293.33333333333337,1.6136665536975576
175,175,4,recov,0.19915378232267322,1.613677977204064,293.33333333333337,1.6136665536975576
176,176,5,recov,0.19915378219230845,1.6136779778586574,293.33333333333337,1.6136665536975576
177,177,3,recov,0.19915439896615317,1.6136748808906618,293.33333333333337,1.6136665536975576
178,178,4,recov,0.19915439886055739,1.6136748814208826,293.33333333333337,1.6136665536975576
179,179,5,recov,0.19915439876552116,1.6136748818980813,293.33333333333337,1.6136665536975576
180,180,3,recov,0.19915484839365302,1.6136726242144595,293.33333333333337,1.6136665536975576
181,181,4,recov,0.19915484831667352,1.6136726246009905,293.33333333333337,1.6136665536975576
182,182,5,recov,0.19915484824739196,1.6136726249488682,293.33333333333337,1.6136665536975576
183,183,3,recov,0.19915517602629965,1.6136709791007213,293.33333333333337,1.6136665536975576
184,184,4,recov,0.1991551759701815,1.6136709793825021,293.33333333333337,1.6136665536975576
185,185,5,recov,0.1991551759196752,1.613670979636105,293.33333333333337,1.6136665536975576
186,186,3,recov,0.19915541487049862,1.6136697798145139,293.33333333333337,1.6136665536975576
187,187,4,recov,0.19915541482958846,1.613669780019932,293.33333333333337,1.6136665536975576
188,188,5,recov,0.19915541479276927,1.6136697802048088,293.33333333333337,1.6136665536975576
189,189,3,recov,0.1991555889879194,1.6136689055357762,293.33333333333337,1.6136665536975576
190,190,4,recov,0.19915558895809585,1.6136689056855265,293.33333333333337,1.6136665536975576
191,191,5,recov,0.19915558893125465,1.6136689058203013,293.33333333333337,1.6136665536975576
192,192,3,recov,0.19915571591951906,1.6136682681870589,293.33333333333337,1.6136665536975576
193,193,4,recov,0.19915571589777764,1.613668268296227,293.33333333333337,1.6136665536975576
194,194,5,recov,0.1991557158782104,1.6136682683944779,293.33333333333337,1.6136665536975576
195,195,3,recov,0.1991558084526551,1.6136678035601004,293.33333333333337,1.6136665536975576
196,196,4,recov,0.19915580843680564,1.6136678036396837,293.33333333333337,1.6136665536975576
197,197,5,recov,0.1991558084225411,1.6136678037113088,293.33333333333337,1.6136665536975576
198,198,3,recov,0.19915587590931125,1.613667464847184,293.33333333333337,1.6136665536975576
199,199,4,recov,0.199155875897757,1.6136674649052,293.33333333333337,1.6136665536975576
200,200,5,recov,0.19915587588735814,1.6136674649574148,293.33333333333337,1.6136665536975576
201,201,3,recov,0.19915592508521357,1.6136672179255402,293.33333333333337,1.6136665536975576
202,202,4,recov,0.1991559250767905,1.613667217967834,293.33333333333337,1.6136665536975576
203,203,5,recov,0.19915592506920976,1.6136672180058984,293.33333333333337,1.6136665536975576
204,204,3,recov,0.19915596093444635,1.6136670379197002,293.33333333333337,1.6136665536975576
205,205,4,recov,0.19915596092830595,1.6136670379505325,293.33333333333337,1.6136665536975576
206,206,5,recov,0.1991559609227796,1.6136670379782814,293.33333333333337,1.6136665536975576
207,207,3,recov,0.19915598706853707,1.6136669066954634,293.33333333333337,1.6136665536975576
208,208,4,recov,0.1991559870640607,1.61366690671794,293.33333333333337,1.6136665536975576
209,209,5,recov,0.19915598706003199,1.613666906738169,293.33333333333337,1.6136665536975576
210,210,3,recov,0.1991560061202892,1.6136668110330055,293.33333333333337,1.6136665536975576
211,211,4,recov,0.1991560061170259,1.613666811049391,293.33333333333337,1.6136665536975576
212,212,5,recov,0.19915600611408896,1.6136668110641381,293.33333333333337,1.6136665536975576
213,213,3,recov,0.1991560200090165,1.6136667412950796,293.33333333333337,1.6136665536975576
214,214,4,recov,0.19915602000663757,1.6136667413070247,293.33333333333337,1.6136665536975576
215,215,5,recov,0.19915602000449653,1.6136667413177752,293.33333333333337,1.6136665536975576
216,216,3,recov,0.19915603013389868,1.6136666904561348,293.33333333333337,1.6136665536975576
217,217,4,recov,0.19915603013216443,1.6136666904648427,293.33333333333337,1.6136665536975576
218,218,5,recov,0.19915603013060362,1.6136666904726797,293.33333333333337,1.6136665536975576
219,219,3,recov,0.1991560375149378,1.6136666533945454,293.33333333333337,1.6136665536975576
220,220,4,recov,0.19915603751367356,1.6136666534008934,293.33333333333337,1.6136665536975576
221,221,5,recov,0.19915603751253572,1.6136666534066066,293.33333333333337,1.6136665536975576
222,222,3,recov,0.1991560428957153,1.6136666263766477,293.33333333333337,1.6136665536975576
223,223,4,recov,0.19915604289479366,1.6136666263812756,293.33333333333337,1.6136665536975576
224,224,5,recov,0.19915604289396419,1.6136666263854405,293.33333333333337,1.6136665536975576
225,225,3,recov,0.1991560468183021,1.613666606680601,293.33333333333337,1.6136665536975576
226,226,4,recov,0.19915604681763024,1.6136666066839744,293.33333333333337,1.6136665536975576
227,227,5,recov,0.19915604681702556,1.6136666066870107,293.33333333333337,1.6136665536975576
228,228,3,recov,0.1991560496778679,1.613666592322183,293.33333333333337,1.6136665536975576
229,229,4,recov,0.1991560496773781,1.6136665923246423,293.33333333333337,1.6136665536975576
230,230,5,recov,0.19915604967693729,1.6136665923268556,293.33333333333337,1.6136665536975576
231,231,3,recov,0.19915605176249138,1.613666581854896,293.33333333333337,1.6136665536975576
232,232,4,recov,0.1991560517621343,1.613666581856689,293.33333333333337,1.6136665536975576
233,233,5,recov,0.19915605176181297,1.6136665818583025,293.33333333333337,1.6136665536975576
234,234,3,recov,0.19915605328218186,1.6136665742242444,293.33333333333337,1.6136665536975576
235,235,4,recov,0.19915605328192157,1.6136665742255514,293.33333333333337,1.6136665536975576
236,236,5,recov,0.19915605328168728,1.6136665742267278,293.33333333333337,1.6136665536975576
237,237,3,recov,0.19915605439003622,1.6136665686614993,293.33333333333337,1.6136665536975576
238,238,4,recov,0.19915605438984646,1.613666568662452,293.33333333333337,1.6136665536975576
239,239,5,recov,0.19915605438967568,1.6136665686633096,293.33333333333337,1.6136665536975576
240,240,3,recov,0.19915605519766208,1.613666564606258,293.33333333333337,1.6136665536975576
241,241,4,recov,0.19915605519752375,1.6136665646069526,293.33333333333337,1.6136665536975576
242,242,5,recov,0.19915605519739926,1.6136665646075776,293.33333333333337,1.6136665536975576
243,243,3,recov,0.19915605578642132,1.6136665616499872,293.33333333333337,1.6136665536975576
244,244,4,recov,0.19915605578632045,1.6136665616504937,293.33333333333337,1.6136665536975576
245,245,5,recov,0.1991560557862297,1.6136665616509493,293.33333333333337,1.6136665536975576
246,246,3,recov,0.1991560562156268,1.6136665594948658,293.33333333333337,1.6136665536975576
247,247,4,recov,0.19915605621555327,1.613666559495235,293.33333333333337,1.6136665536975576
248,248,5,recov,0.1991560562154871,1.6136665594955673,293.33333333333337,1.6136665536975576
249,249,3,recov,0.1991560565285176,1.6136665579237823,293.33333333333337,1.6136665536975576
250,250,4,recov,0.199156056528464,1.6136665579240514,293.33333333333337,1.6136665536975576
251,251,5,recov,0.19915605652841575,1.6136665579242937,293.33333333333337,1.6136665536975576
252,252,3,recov,0.19915605675661502,1.6136665567784623,293.33333333333337,1.6136665536975576
253,253,4,recov,0.19915605675657594,1.6136665567786586,293.33333333333337,1.6136665536975576
254,254,5,recov,0.19915605675654077,1.613666556778835,293.33333333333337,1.6136665536975576
255,255,3,recov,0.199156056922898,1.6136665559435242,293.33333333333337,1.6136665536975576
256,256,4,recov,0.1991560569228695,1.6136665559436671,293.33333333333337,1.6136665536975576
257,257,5,recov,0.19915605692284388,1.613666555943796,293.33333333333337,1.6136665536975576
258,258,3,recov,0.1991560570441183,1.6136665553348541,293.33333333333337,1.6136665536975576
259,259,4,recov,0.19915605704409756,1.6136665553349583,293.33333333333337,1.6136665536975576
260,260,5,recov,0.19915605704407885,1.6136665553350522,293.33333333333337,1.6136665536975576
261,261,3,recov,0.19915605713248788,1.613666554891134,293.33333333333337,1.6136665536975576
262,262,4,recov,0.19915605713247275,1.61366655489121,293.33333333333337,1.6136665536975576
263,263,5,recov,0.19915605713245912,1.6136665548912783,293.33333333333337,1.6136665536975576
264,264,3,recov,0.19915605719690932,1.6136665545676618,293.33333333333337,1.6136665536975576
265,265,4,recov,0.1991560571968983,1.6136665545677171,293.33333333333337,1.6136665536975576
266,266,5,recov,0.19915605719688834,1.613666554567767,293.33333333333337,1.6136665536975576
267,267,3,recov,0.19915605724387256,1.6136665543318505,293.33333333333337,1.6136665536975576
268,268,4,recov,0.19915605724386454,1.6136665543318909,293.33333333333337,1.6136665536975576
269,269,5,recov,0.1991560572438573,1.613666554331927,293.33333333333337,1.6136665536975576
270,270,3,recov,0.19915605727810873,1.6136665541599442,293.33333333333337,1.6136665536975576
271,271,4,recov,0.19915605727810287,1.6136665541599737,293.33333333333337,1.6136665536975576
272,272,5,recov,0.1991560572780976,1.6136665541600002,293.33333333333337,1.6136665536975576
273,273,3,recov,0.1991560573030669,1.6136665540346247,293.33333333333337,1.6136665536975576
274,274,4,recov,0.19915605730306263,1.613666554034646,293.33333333333337,1.6136665536975576
275,275,5,recov,0.1991560573030588,1.6136665540346653,293.33333333333337,1.6136665536975576
276,276,3,recov,0.19915605732126143,1.6136665539432664,293.33333333333337,1.6136665536975576
277,277,4,recov,0.19915605732125832,1.613666553943282,293.33333333333337,1.6136665536975576
278,278,5,recov,0.19915605732125552,1.6136665539432962,293.33333333333337,1.6136665536975576
279,279,3,recov,0.19915605733452527,1.6136665538766661,293.33333333333337,1.6136665536975576
280,280,4,recov,0.199156057334523,1.6136665538766777,293.33333333333337,1.6136665536975576
281,281,5,recov,0.19915605733452094,1.613666553876688,293.33333333333337,1.6136665536975576
282,282,3,recov,0.19915605734419456,1.613666553828115,293.33333333333337,1.6136665536975576
283,283,4,recov,0.1991560573441929,1.6136665538281232,293.33333333333337,1.6136665536975576
284,284,5,recov,0.19915605734419142,1.6136665538281307,293.33333333333337,1.6136665536975576
285,285,3,recov,0.1991560573512435,1.6136665537927208,293.33333333333337,1.6136665536975576
286,286,4,recov,0.1991560573512423,1.6136665537927268,293.33333333333337,1.6136665536975576
287,287,5,recov,0.19915605735124123,1.6136665537927322,293.33333333333337,1.6136665536975576
288,288,3,recov,0.19915605735638214,1.6136665537669188,293.33333333333337,1.6136665536975576
289,289,4,recov,0.19915605735638128,1.613666553766923,293.33333333333337,1.6136665536975576
290,290,5,recov,0.19915605735638048,1.613666553766927,293.33333333333337,1.6136665536975576
291,291,3,recov,0.19915605736012823,1.613666553748109,293.33333333333337,1.6136665536975576
292,292,4,recov,0.1991560573601276,1.613666553748112,293.33333333333337,1.6136665536975576
293,293,5,recov,0.199156057360127,1.6136665537481152,293.33333333333337,1.6136665536975576
294,294,3,recov,0.19915605736285916,1.6136665537343964,293.33333333333337,1.6136665536975576
295,295,4,recov,0.19915605736285868,1.6136665537343988,293.33333333333337,1.6136665536975576
296,296,5,recov,0.19915605736285827,1.6136665537344008,293.33333333333337,1.6136665536975576
297,297,3,recov,0.19915605736484998,1.6136665537244002,293.33333333333337,1.6136665536975576
298,298,4,recov,0.19915605736484962,1.613666553724402,293.33333333333337,1.6136665536975576
299,299,5,recov,0.19915605736484931,1.6136665537244035,293.33333333333337,1.6136665536975576
300,300,3,recov,0.19915605736630126,1.6136665537171129,293.33333333333337,1.6136665536975576
301,301,4,recov,0.19915605736630101,1.6136665537171142,293.33333333333337,1.6136665536975576
302,302,5,recov,0.1991560573663008,1.6136665537171153,293.33333333333337,1.6136665536975576
303,303,3,recov,0.19915605736735928,1.6136665537118005,293.33333333333337,1.6136665536975576
304,304,4,recov,0.19915605736735909,1.6136665537118016,293.33333333333337,1.6136665536975576
305,305,5,recov,0.19915605736735892,1.6136665537118022,293.33333333333337,1.6136665536975576
306,306,3,recov,0.19915605736813055,1.6136665537079278,293.33333333333337,1.6136665536975576
307,307,4,recov,0.1991560573681304,1.6136665537079284,293.33333333333337,1.6136665536975576
308,308,5,recov,0.1991560573681303,1.613666553707929,293.33333333333337,1.6136665536975576
309,309,3,recov,0.19915605736869282,1.6136665537051045,293.33333333333337,1.6136665536975576
310,310,4,recov,0.1991560573686927,1.6136665537051051,293.33333333333337,1.6136665536975576
311,311,5,recov,0.19915605736869263,1.6136665537051056,293.33333333333337,1.6136665536975576
312,312,3,recov,0.19915605736910272,1.6136665537030463,293.33333333333337,1.6136665536975576
313,313,4,recov,0.19915605736910263,1.6136665537030468,293.33333333333337,1.6136665536975576
314,314,5,recov,0.19915605736910258,1.613666553703047,293.33333333333337,1.6136665536975576
315,315,3,recov,0.19915605736940153,1.613666553701546,293.33333333333337,1.6136665536975576
316,316,4,recov,0.19915605736940148,1.6136665537015462,293.33333333333337,1.6136665536975576
317,317,5,recov,0.19915605736940142,1.6136665537015464,293.33333333333337,1.6136665536975576
318,318,3,recov,0.19915605736961936,1.6136665537004522,293.33333333333337,1.6136665536975576
319,319,4,recov,0.1991560573696193,1.6136665537004524,293.33333333333337,1.6136665536975576
320,320,5,recov,0.1991560573696193,1.6136665537004524,293.33333333333337,1.6136665536975576
321,321,3,recov,0.19915605736977818,1.6136665536996548,293.33333333333337,1.6136665536975576
322,322,4,recov,0.19915605736977815,1.6136665536996548,293.33333333333337,1.6136665536975576
323,323,5,recov,0.19915605736977812,1.613666553699655,293.33333333333337,1.6136665536975576
324,324,3,recov,0.19915605736989392,1.6136665536990735,293.33333333333337,1.6136665536975576
325,325,4,recov,0.1991560573698939,1.6136665536990737,293.33333333333337,1.6136665536975576
326,326,5,recov,0.19915605736989386,1.613666553699074,293.33333333333337,1.6136665536975576
327,327,3,recov,0.1991560573699783,1.6136665536986499,293.33333333333337,1.6136665536975576
328,328,4,recov,0.19915605736997827,1.61366655369865,293.33333333333337,1.6136665536975576
329,329,5,recov,0.19915605736997827,1.61366655369865,293.33333333333337,1.6136665536975576
330,330,3,recov,0.19915605737003983,1.613666553698341,293.33333333333337,1.6136665536975576
331,331,4,recov,0.19915605737003983,1.613666553698341,293.33333333333337,1.6136665536975576
332,332,5,recov,0.19915605737003983,1.613666553698341,293.33333333333337,1.6136665536975576
333,333,3,recov,0.1991560573700847,1.6136665536981156,293.33333333333337,1.6136665536975576
334,334,4,recov,0.1991560573700847,1.6136665536981156,293.33333333333337,1.6136665536975576
335,335,5,recov,0.1991560573700847,1.6136665536981156,293.33333333333337,1.6136665536975576
336,336,3,recov,0.19915605737011743,1.6136665536979513,293.33333333333337,1.6136665536975576
337,337,4,recov,0.19915605737011743,1.6136665536979513,293.33333333333337,1.6136665536975576
338,338,5,recov,0.19915605737011743,1.6136665536979513,293.33333333333337,1.6136665536975576
339,339,3,recov,0.1991560573701413,1.6136665536978314,293.33333333333337,1.6136665536975576
340,340,4,recov,0.1991560573701413,1.6136665536978314,293.33333333333337,1.6136665536975576
341,341,5,recov,0.1991560573701413,1.6136665536978314,293.33333333333337,1.6136665536975576
342,342,3,recov,0.1991560573701587,1.6136665536977441,293.33333333333337,1.6136665536975576
343,343,4,recov,0.1991560573701587,1.6136665536977441,293.33333333333337,1.6136665536975576
344,344,5,recov,0.1991560573701587,1.6136665536977441,293.33333333333337,1.6136665536975576
345,345,3,recov,0.19915605737017136,1.6136665536976804,293.33333333333337,1.6136665536975576
346,346,4,recov,0.19915605737017136,1.6136665536976804,293.33333333333337,1.6136665536975576
347,347,5,recov,0.19915605737017136,1.6136665536976804,293.33333333333337,1.6136665536975576
348,348,3,recov,0.1991560573701806,1.613666553697634,293.33333333333337,1.6136665536975576
349,349,4,recov,0.1991560573701806,1.613666553697634,293.33333333333337,1.6136665536975576
350,350,5,recov,0.1991560573701806,1.613666553697634,293.33333333333337,1.6136665536975576
351,351,3,recov,0.19915605737018732,1.6136665536976003,293.33333333333337,1.6136665536975576
352,352,4,recov,0.19915605737018732,1.6136665536976003,293.33333333333337,1.6136665536975576
353,353,5,recov,0.19915605737018732,1.6136665536976003,293.33333333333337,1.6136665536975576
354,354,3,recov,0.19915605737019226,1.6136665536975756,293.33333333333337,1.6136665536975576
355,355,4,recov,0.19915605737019226,1.6136665536975756,293.33333333333337,1.6136665536975576
356,356,5,recov,0.19915605737019226,1.6136665536975756,293.33333333333337,1.6136665536975576
357,357,3,recov,0.19915605737019584,1.6136665536975576,293.33333333333337,1.6136665536975576
358,358,4,recov,0.19915605737019584,1.6136665536975576,293.33333333333337,1.6136665536975576
359,359,5,recov,0.19915605737019584,1.6136665536975576,293.33333333333337,1.6136665536975576
360,360,0,fam_r,6.660893892661648e-05,9.616671771307011,293.33333333333337,1.6136665536975576
361,361,1,fam_r,6.660893892661648e-05,9.616671771307011,293.33333333333337,1.6136665536975576
362,362,2,fam_r,6.660893892661648e-05,9.616671771307011,293.33333333333337,1.6136665536975576
363,363,0,fam_r,0.054019849463803185,2.9184037172967967,293.33333333333337,1.6136665536975576
364,364,1,fam_r,0.054019849463803185,2.9184037172967967,293.33333333333337,1.6136665536975576
365,365,2,fam_r,0.054019849463803185,2.9184037172967967,293.33333333333337,1.6136665536975576
366,366,0,fam_r,0.0933517618064382,2.37138053604515,293.33333333333337,1.6136665536975576
367,367,1,fam_r,0.0933517618064382,2.37138053604515,293.33333333333337,1.6136665536975576
368,368,2,fam_r,0.0933517618064382,2.37138053604515,293.33333333333337,1.6136665536975576
369,369,0,fam_r,0.12202472590421912,2.103531583437885,293.33333333333337,1.6136665536975576
370,370,1,fam_r,0.12202472590421912,2.103531583437885,293.33333333333337,1.6136665536975576
371,371,2,fam_r,0.12202472590421912,2.103531583437885,293.33333333333337,1.6136665536975576
372,372,0,fam_r,0.1429273167315014,1.9454190525424384,293.33333333333337,1.6136665536975576
373,373,1,fam_r,0.1429273167315014,1.9454190525424384,293.33333333333337,1.6136665536975576
374,374,2,fam_r,0.1429273167315014,1.9454190525424384,293.33333333333337,1.6136665536975576
0,0,0,fam,0.00019948134849391582,8.519789817263504,366.6666666666667,1.6136665536975094
1,1,1,fam,0.00016630633627141194,8.70167907103957,366.6666666666667,1.6136665536975094
2,2,2,fam,0.00014465499783017504,8.841158975945264,366.6666666666667,1.6136665536975094
3,3,0,fam,0.10501100608571799,2.253690114453851,366.6666666666667,1.6136665536975094
4,4,1,fam,0.09595362044486513,2.343890324620534,366.6666666666667,1.6136665536975094
5,5,2,fam,0.08904162229224537,2.41865135236675,366.6666666666667,1.6136665536975094
6,6,0,fam,0.14450451044945709,1.9344445577337086,366.6666666666667,1.6136665536975094
7,7,1,fam,0.1369976298214541,1.9877916538769964,366.6666666666667,1.6136665536975094
8,8,2,fam,0.13087850998660583,2.0334857907691717,366.6666666666667,1.6136665536975094
9,9,0,fam,0.16446637108490636,1.8050491607703891,366.6666666666667,1.6136665536975094
10,10,1,fam,0.15893830843828208,1.8392391492958207,366.6666666666667,1.6136665536975094
11,11,2,fam,0.15427145740989234,1.8690415178654762,366.6666666666667,1.6136665536975094
12,12,0,fam,0.17604559879931422,1.7370122334134588,366.6666666666667,1.6136665536975094
13,13,1,fam,0.1720587539635531,1.7599192676868702,366.6666666666667,1.6136665536975094
14,14,2,fam,0.16862190332849125,1.7800963288719673,366.6666666666667,1.6136665536975094
15,15,0,fam,0.18330395826911275,1.6966095298845685,366.6666666666667,1.6136665536975094
16,16,1,fam,0.1804361226016532,1.712378455247125,366.6666666666667,1.6136665536975094
17,17,2,fam,0.1779307294429523,1.7263609648654767,366.6666666666667,1.6136665536975094
18,18,0,fam,0.18807707651418798,1.6709034187131757,366.6666666666667,1.6136665536975094
19,19,1,fam,0.18601083044338232,1.6819503787739036,366.6666666666667,1.6136665536975094
20,20,2,fam,0.18418964614113614,1.6917893666151613,366.6666666666667,1.6136665536975094
21,21,0,fam,0.19131550624182264,1.653831348623696,366.6666666666667,1.6136665536975094
22,22,1,fam,0.18982326162903523,1.6616618416804143,366.6666666666667,1.6136665536975094
23,23,2,fam,0.18850000607234935,1.6686572398800172,366.6666666666667,1.6136665536975094
24,24,0,fam,0.19355952379899846,1.6421701972842735,366.6666666666667,1.6136665536975094
25,25,1,fam,0.1924794647183563,1.6477658077324309,366.6666666666667,1.6136665536975094
26,26,2,fam,0.19151766572793882,1.6527752253840786,366.6666666666667,1.6136665536975094
27,27,0,fam,0.19513729613071965,1.6340518854467063,366.6666666666667,1.6136665536975094
28,28,1,fam,0.19435417296377946,1.638073150528873,366.6666666666667,1.6136665536975094
29,29,2,fam,0.19365471699893527,1.6416785149450164,366.6666666666667,1.6136665536975094
30,30,0,fam,0.19625802568329576,1.6283250279542982,366.6666666666667,1.6136665536975094
31,31,1,fam,0.19568941572238382,1.6312264902410547,366.6666666666667,1.6136665536975094
32,32,2,fam,0.19518047650089315,1.6338306279310235,366.6666666666667,1.6136665536975094
33,33,0,fam,0.19705989822594056,1.624247544550235,366.6666666666667,1.6136665536975094
34,34,1,fam,0.19664660840445752,1.6263470271157092,366.6666666666667,1.6136665536975094
35,35,2,fam,0.19627612697425295,1.628232800101779,366.6666666666667,1.6136665536975094
36,36,0,fam,0.1976366114714125,1.6213252301049517,366.6666666666667,1.6136665536975094
37,37,1,fam,0.19733597925857038,1.6228475244512155,366.6666666666667,1.6136665536975094
38,38,2,fam,0.19706619118528684,1.624215610813718,366.6666666666667,1.6136665536975094
39,39,0,fam,0.1980529356135973,1.6192209324358433,366.6666666666667,1.6136665536975094
40,40,1,fam,0.19783412486423446,1.6203263526098701,366.6666666666667,1.6136665536975094
41,41,2,fam,0.1976376081617218,1.6213201870727487,366.6666666666667,1.6136665536975094
42,42,0,fam,0.19835428479866993,1.617700530043527,366.6666666666667,1.6136665536975094
43,43,1,fam,0.19819495837969908,1.6185040944445943,366.6666666666667,1.6136665536975094
44,44,2,fam,0.19805178328625236,1.6192267507323186,366.6666666666667,1.6136665536975094
45,45,0,fam,0.1985728357341316,1.6165993155069431,366.6666666666667,1.6136665536975094
46,46,1,fam,0.19845678615279802,1.61718390455643,366.6666666666667,1.6136665536975094
47,47,2,fam,0.19835245744337549,1.617709742668874,366.6666666666667,1.6136665536975094
48,48,0,fam,0.198731561495898,1.6158003020989993,366.6666666666667,1.6136665536975094
49,49,1,fam,0.1986470142407639,1.616225827084855,366.6666666666667,1.6136665536975094
50,50,2,fam,0.19857098319513206,1.6166086448174408,366.6666666666667,1.6136665536975094
51,51,0,fam,0.198846956400488,1.6152198134526763,366.6666666666667,1.6136665536975094
52,52,1,fam,0.1987853495880842,1.6155296817001448,366.6666666666667,1.6136665536975094
53,53,2,fam,0.19872993608665668,1.615808481050929,366.6666666666667,1.6136665536975094
54,54,0,fam,0.1989309118569346,1.6147976911357107,366.6666666666667,1.6136665536975094
55,55,1,fam,0.1988860154546374,1.6150234050227048,366.6666666666667,1.6136665536975094
56,56,2,fam,0.19884562601579364,1.6152265039706954,366.6666666666667,1.6136665536975094
57,57,0,fam,0.19899202663743404,1.614490522208927,366.6666666666667,1.6136665536975094
58,58,1,fam,0.19895930511683013,1.614654972070338,366.6666666666667,1.6136665536975094
59,59,2,fam,0.19892986494776332,1.6148029538267439,366.6666666666667,1.6136665536975094
60,60,0,fam,0.19903653223786102,1.614266892021494,366.6666666666667,1.6136665536975094
61,61,1,fam,0.19901268247946205,1.6143867252358088,366.6666666666667,1.6136665536975094
62,62,2,fam,0.19899122258325158,1.6144945628522658,366.6666666666667,1.6136665536975094
63,63,0,fam,0.19906895183776968,1.614104022624929,366.6666666666667,1.6136665536975094
64,64,1,fam,0.19905156761258058,1.6141913540954302,366.6666666666667,1.6136665536975094
65,65,2,fam,0.1990359244056978,1.614269945898511,366.6666666666667,1.6136665536975094
66,66,3,recov,6.665133707912328e-05,9.61603545033863,366.6666666666667,1.6136665536975094
67,67,4,recov,6.664709483445733e-05,9.616099100669793,366.6666666666667,1.6136665536975094
68,68,5,recov,6.664327727595153e-05,9.616156382504128,366.6666666666667,1.6136665536975094
69,69,3,recov,0.054044911738082096,2.917939879234333,366.6666666666667,1.6136665536975094
70,70,4,recov,0.05404240446422425,2.917986272723345,366.6666666666667,1.6136665536975094
71,71,5,recov,0.0540401481166485,2.9180280250232715,366.6666666666667,1.6136665536975094
72,72,3,recov,0.09338333093224933,2.3710424193510793,366.6666666666667,1.6136665536975094
73,73,4,recov,0.09338017305887354,2.3710762361654845,366.6666666666667,1.6136665536975094
74,74,5,recov,0.09337733115543626,2.371106670320722,366.6666666666667,1.6136665536975094
75,75,3,recov,0.1220548057501304,2.103285107661242,366.6666666666667,1.6136665536975094
76,76,4,recov,0.12205179709821741,2.103309757972852,366.6666666666667,1.6136665536975094
77,77,5,recov,0.12204908943831212,2.103331942733783,366.6666666666667,1.6136665536975094
78,78,3,recov,0.14295299948147883,1.9452393777023744,366.6666666666667,1.6136665536975094
79,79,4,recov,0.14295043079114206,1.9452573466391891,366.6666666666667,1.6136665536975094
80,80,5,recov,0.14294811904876484,1.9452735184062622,366.6666666666667,1.6136665536975094
81,81,3,recov,0.15818602325660455,1.8439835761191552,366.6666666666667,1.6136665536975094
82,82,4,recov,0.15818395123116488,1.8439966748681313,366.6666666666667,1.6136665536975094
83,83,5,recov,0.15818208645467935,1.8440084635955132,366.6666666666667,1.6136665536975094
84,84,3,recov,0.1692899626833071,1.776142278763583,366.6666666666667,1.6136665536975094
85,85,4,recov,0.16928834619771455,1.7761518274295793,366.6666666666667,1.6136665536975094
86,86,5,recov,0.1692868913870752,1.7761604211510207,366.6666666666667,1.6136665536975094
87,87,3,recov,0.17738423773301606,1.7294370646155444,366.6666666666667,1.6136665536975094
88,88,4,recov,0.1773830029999773,1.7294440254219379,366.6666666666667,1.6136665536975094
89,89,5,recov,0.1773818917549393,1.7294502901062652,366.6666666666667,1.6136665536975094
90,90,3,recov,0.18328470024960997,1.6967145959801662,366.6666666666667,1.6136665536975094
91,91,4,recov,0.18328377020364725,1.696719670317092,366.6666666666667,1.6136665536975094
92,92,5,recov,0.18328293317035085,1.69672423719831,366.6666666666667,1.6136665536975094
93,93,3,recov,0.18758599713483531,1.6735178873342802,366.6666666666667,1.6136665536975094
94,94,4,recov,0.18758530322863545,1.673521586477574,366.6666666666667,1.6136665536975094
95,95,5,recov,0.18758467871744486,1.6735249156948389,366.6666666666667,1.6136665536975094
96,96,3,recov,0.19072156801181964,1.656940673600465,366.6666666666667,1.6136665536975094
97,97,4,recov,0.19072105370323872,1.6569433702502447,366.6666666666667,1.6136665536975094
98,98,5,recov,0.1907205908278875,1.656945797228829,366.6666666666667,1.6136665536975094
99,99,3,recov,0.1930073595622,1.6450269583576427,366.6666666666667,1.6136665536975094
100,100,4,recov,0.19300698014020518,1.6450289242016842,366.6666666666667,1.6136665536975094
101,101,5,recov,0.19300663866168527,1.6450306934580174,366.6666666666667,1.6136665536975094
102,102,3,recov,0.19467368054777462,1.6364305552599212,366.6666666666667,1.6136665536975094
103,103,4,recov,0.19467340156247528,1.6364319883529743,366.6666666666667,1.6136665536975094
104,104,5,recov,0.19467315047638956,1.6364332781349664,366.6666666666667,1.6136665536975094
105,105,3,recov,0.19588841735713772,1.6302100810622153,366.6666666666667,1.6136665536975094
106,106,4,recov,0.19588821270850498,1.6302111257831966,366.6666666666667,1.6136665536975094
107,107,5,recov,0.19588802852510115,1.6302120660311465,366.6666666666667,1.6136665536975094
108,108,3,recov,0.19677395454487745,1.6256996479146182,366.6666666666667,1.6136665536975094
109,109,4,recov,0.19677380468197989,1.6257004095141652,366.6666666666667,1.6136665536975094
110,110,5,recov,0.19677366980556726,1.6257010949532613,366.6666666666667,1.6136665536975094
111,111,3,recov,0.19741950799466734,1.6224243321712308,366.6666666666667,1.6136665536975094
112,112,4,recov,0.19741939838640354,1.622424887376212,366.6666666666667,1.6136665536975094
113,113,5,recov,0.1974192997390702,1.6224253870604315,366.6666666666667,1.6136665536975094
114,114,3,recov,0.19789011478018284,1.6200433782013663,366.6666666666667,1.6136665536975094
115,115,4,recov,0.19789003468539157,1.6200437829452192,366.6666666666667,1.6136665536975094
116,116,5,recov,0.19788996260013486,1.6200441472145466,366.6666666666667,1.6136665536975094
117,117,3,recov,0.19823318623433575,1.618311232987735,366.6666666666667,1.6136665536975094
118,118,4,recov,0.1982331277440646,1.6183115280456961,366.6666666666667,1.6136665536975094
119,119,5,recov,0.19823307510285007,1.6183117935977869,366.6666666666667,1.6136665536975094
120,120,3,recov,0.19848328485011016,1.617050389704757,366.6666666666667,1.6136665536975094
121,121,4,recov,0.19848324215693772,1.6170506048018471,366.6666666666667,1.6136665536975094
122,122,5,recov,0.19848320373309822,1.6170507983891889,366.6666666666667,1.6136665536975094
123,123,3,recov,0.19866560648894624,1.6161322370641718,366.6666666666667,1.6136665536975094
124,124,4,recov,0.1986655753370508,1.6161323938698637,366.6666666666667,1.6136665536975094
125,125,5,recov,0.1986655473003532,1.6161325349949656,366.6666666666667,1.6136665536975094
126,126,3,recov,0.19879851882970112,1.6154634353422423,366.6666666666667,1.6136665536975094
127,127,4,recov,0.19879849610478464,1.6154635496535454,366.6666666666667,1.6136665536975094
128,128,5,recov,0.19879847565236422,1.6154636525337074,366.6666666666667,1.6136665536975094
129,129,3,recov,0.19889541185492146,1.6149761609854487,366.6666666666667,1.6136665536975094
130,130,4,recov,0.19889539528038758,1.6149762443183644,366.6666666666667,1.6136665536975094
131,131,5,recov,0.19889538036330948,1.6149763193179825,366.6666666666667,1.6136665536975094
132,132,3,recov,0.1989660468324739,1.6146210877470024,366.6666666666667,1.6136665536975094
133,133,4,recov,0.19896603474535013,1.6146211484966848,366.6666666666667,1.6136665536975094
134,134,5,recov,0.19896602386693996,1.614621203171396,366.6666666666667,1.6136665536975094
135,135,3,recov,0.19901753971100353,1.6143623188904062,366.6666666666667,1.6136665536975094
136,136,4,recov,0.19901753089721116,1.6143623631769177,366.6666666666667,1.6136665536975094
137,137,5,recov,0.1990175229647987,1.6143624030347765,366.6666666666667,1.6136665536975094
138,138,3,recov,0.19905507800876643,1.6141737186390792,366.6666666666667,1.6136665536975094
139,139,4,recov,0.19905507158230057,1.6141737509239424,366.6666666666667,1.6136665536975094
140,140,5,recov,0.19905506579848165,1.6141737799803184,366.6666666666667,1.6136665536975094
141,141,3,recov,0.19908244342215697,1.6140362514979,366.6666666666667,1.6136665536975094
142,142,4,recov,0.19908243873661965,1.6140362750335635,366.6666666666667,1.6136665536975094
143,143,5,recov,0.19908243451963625,1.61403629621566,366.6666666666667,1.6136665536975094
144,144,3,recov,0.1991023928055009,1.6139360498752084,366.6666666666667,1.6136665536975094
145,145,4,recov,0.1991023893894021,1.6139360670327059,366.6666666666667,1.6136665536975094
146,146,5,recov,0.19910238631491328,1.6139360824744535,366.6666666666667,1.6136665536975094
147,147,3,recov,0.19911693590435484,1.613863009227445,366.6666666666667,1.6136665536975094
148,148,4,recov,0.19911693341383702,1.6138630217352603,366.6666666666667,1.6136665536975094
149,149,5,recov,0.19911693117237106,1.6138630329922938,366.6666666666667,1.6136665536975094
150,150,3,recov,0.19912753782256704,1.613809765961491,366.6666666666667,1.6136665536975094
151,151,4,recov,0.1991275360068829,1.613809775079688,366.6666666666667,1.6136665536975094
152,152,5,recov,0.19912753437276726,1.6138097832860652,366.6666666666667,1.6136665536975094
153,153,3,recov,0.19913526662049075,1.613770953409385,366.6666666666667,1.6136665536975094
154,154,4,recov,0.19913526529680567,1.6137709600565504,366.6666666666667,1.6136665536975094
155,155,5,recov,0.19913526410548915,1.6137709660389992,366.6666666666667,1.6136665536975094
156,156,3,recov,0.19914090091393644,1.613742660009451,366.6666666666667,1.6136665536975094
157,157,4,recov,0.19914089994894277,1.6137426648552347,366.6666666666667,1.6136665536975094
158,158,5,recov,0.19914089908044844,1.6137426692164398,366.6666666666667,1.6136665536975094
159,159,3,recov,0.19914500831373042,1.6137220346260321,366.6666666666667,1.6136665536975094
160,160,4,recov,0.1991450076102355,1.6137220381586082,366.6666666666667,1.6136665536975094
161,161,5,recov,0.19914500697709012,1.6137220413379267,366.6666666666667,1.6136665536975094
162,162,3,recov,0.19914800260811222,1.6137069989899564,366.6666666666667,1.6136665536975094
163,163,4,recov,0.19914800209525674,1.6137070015652042,366.6666666666667,1.6136665536975094
164,164,5,recov,0.1991480016336868,1.6137070038829275,366.6666666666667,1.6136665536975094
165,165,3,recov,0.19915018544868046,1.6136960381539107,366.6666666666667,1.6136665536975094
166,166,4,recov,0.1991501850748047,1.6136960400312665,366.6666666666667,1.6136665536975094
167,167,5,recov,0.19915018473831653,1.6136960417208868,366.6666666666667,1.6136665536975094
168,168,3,recov,0.19915177673943546,1.6136880477802442,366.6666666666667,1.6136665536975094
169,169,4,recov,0.19915177646687787,1.6136880491488366,366.6666666666667,1.6136665536975094
170,170,5,recov,0.199151776221576,1.6136880503805697,366.6666666666667,1.6136665536975094
171,171,3,recov,0.19915293679038568,1.6136822228381293,366.6666666666667,1.6136665536975094
172,172,4,recov,0.19915293659169003,1.613682223835833,366.6666666666667,1.6136665536975094
173,173,5,recov,0.19915293641286394,1.6136822247337665,366.6666666666667,1.6136665536975094
174,174,3,recov,0.19915378246752294,1.613677976476738,366.6666666666667,1.6136665536975094
175,175,4,recov,0.19915378232267322,1.613677977204064,366.6666666666667,1.6136665536975094
176,176,5,recov,0.19915378219230845,1.6136779778586574,366.6666666666667,1.6136665536975094
177,177,3,recov,0.19915439896615317,1.6136748808906618,366.6666666666667,1.6136665536975094
178,178,4,recov,0.19915439886055739,1.6136748814208826,366.6666666666667,1.6136665536975094
179,179,5,recov,0.19915439876552116,1.6136748818980813,366.6666666666667,1.6136665536975094
180,180,3,recov,0.19915484839365302,1.6136726242144595,366.6666666666667,1.6136665536975094
181,181,4,recov,0.19915484831667352,1.6136726246009905,366.6666666666667,1.6136665536975094
182,182,5,recov,0.19915484824739196,1.6136726249488682,366.6666666666667,1.6136665536975094
183,183,3,recov,0.19915517602629965,1.6136709791007213,366.6666666666667,1.6136665536975094
184,184,4,recov,0.1991551759701815,1.6136709793825021,366.6666666666667,1.6136665536975094
185,185,5,recov,0.1991551759196752,1.613670979636105,366.6666666666667,1.6136665536975094
186,186,3,recov,0.19915541487049862,1.6136697798145139,366.6666666666667,1.6136665536975094
187,187,4,recov,0.19915541482958846,1.613669780019932,366.6666666666667,1.6136665536975094
188,188,5,recov,0.19915541479276927,1.6136697802048088,366.6666666666667,1.6136665536975094
189,189,3,recov,0.1991555889879194,1.6136689055357762,366.6666666666667,1.6136665536975094
190,190,4,recov,0.19915558895809585,1.6136689056855265,366.6666666666667,1.6136665536975094
191,191,5,recov,0.19915558893125465,1.6136689058203013,366.6666666666667,1.6136665536975094
192,192,3,recov,0.19915571591951906,1.6136682681870589,366.6666666666667,1.6136665536975094
193,193,4,recov,0.19915571589777764,1.613668268296227,366.6666666666667,1.6136665536975094
194,194,5,recov,0.1991557158782104,1.6136682683944779,366.6666666666667,1.6136665536975094
195,195,3,recov,0.1991558084526551,1.6136678035601004,366.6666666666667,1.6136665536975094
196,196,4,recov,0.19915580843680564,1.6136678036396837,366.6666666666667,1.6136665536975094
197,197,5,recov,0.1991558084225411,1.6136678037113088,366.6666666666667,1.6136665536975094
198,198,3,recov,0.19915587590931125,1.613667464847184,366.6666666666667,1.6136665536975094
199,199,4,recov,0.199155875897757,1.6136674649052,366.6666666666667,1.6136665536975094
200,200,5,recov,0.19915587588735814,1.6136674649574148,366.6666666666667,1.6136665536975094
201,201,3,recov,0.19915592508521357,1.6136672179255402,366.6666666666667,1.6136665536975094
202,202,4,recov,0.1991559250767905,1.613667217967834,366.6666666666667,1.6136665536975094
203,203,5,recov,0.19915592506920976,1.6136672180058984,366.6666666666667,1.6136665536975094
204,204,3,recov,0.19915596093444635,1.6136670379197002,366.6666666666667,1.6136665536975094
205,205,4,recov,0.19915596092830595,1.6136670379505325,366.6666666666667,1.6136665536975094
206,206,5,recov,0.1991559609227796,1.6136670379782814,366.6666666666667,1.6136665536975094
207,207,3,recov,0.19915598706853707,1.6136669066954634,366.6666666666667,1.6136665536975094
208,208,4,recov,0.1991559870640607,1.61366690671794,366.6666666666667,1.6136665536975094
209,209,5,recov,0.19915598706003199,1.613666906738169,366.6666666666667,1.6136665536975094
210,210,3,recov,0.1991560061202892,1.6136668110330055,366.6666666666667,1.6136665536975094
211,211,4,recov,0.1991560061170259,1.613666811049391,366.6666666666667,1.6136665536975094
212,212,5,recov,0.19915600611408896,1.6136668110641381,366.6666666666667,1.6136665536975094
213,213,3,recov,0.1991560200090165,1.6136667412950796,366.6666666666667,1.6136665536975094
214,214,4,recov,0.19915602000663757,1.6136667413070247,366.6666666666667,1.6136665536975094
215,215,5,recov,0.19915602000449653,1.6136667413177752,366.6666666666667,1.6136665536975094
216,216,3,recov,0.19915603013389868,1.6136666904561348,366.6666666666667,1.6136665536975094
217,217,4,recov,0.19915603013216443,1.6136666904648427,366.6666666666667,1.6136665536975094
218,218,5,recov,0.19915603013060362,1.6136666904726797,366.6666666666667,1.6136665536975094
219,219,3,recov,0.1991560375149378,1.6136666533945454,366.6666666666667,1.6136665536975094
220,220,4,recov,0.19915603751367356,1.6136666534008934,366.6666666666667,1.6136665536975094
221,221,5,recov,0.19915603751253572,1.6136666534066066,366.6666666666667,1.6136665536975094
222,222,3,recov,0.1991560428957153,1.6136666263766477,366.6666666666667,1.6136665536975094
223,223,4,recov,0.19915604289479366,1.6136666263812756,366.6666666666667,1.6136665536975094
224,224,5,recov,0.19915604289396419,1.6136666263854405,366.6666666666667,1.6136665536975094
225,225,3,recov,0.1991560468183021,1.613666606680601,366.6666666666667,1.6136665536975094
226,226,4,recov,0.19915604681763024,1.6136666066839744,366.6666666666667,1.6136665536975094
227,227,5,recov,0.19915604681702556,1.6136666066870107,366.6666666666667,1.6136665536975094
228,228,3,recov,0.1991560496778679,1.613666592322183,366.6666666666667,1.6136665536975094
229,229,4,recov,0.1991560496773781,1.6136665923246423,366.6666666666667,1.6136665536975094
230,230,5,recov,0.19915604967693729,1.6136665923268556,366.6666666666667,1.6136665536975094
231,231,3,recov,0.19915605176249138,1.613666581854896,366.6666666666667,1.6136665536975094
232,232,4,recov,0.1991560517621343,1.613666581856689,366.6666666666667,1.6136665536975094
233,233,5,recov,0.19915605176181297,1.6136665818583025,366.6666666666667,1.6136665536975094
234,234,3,recov,0.19915605328218186,1.6136665742242444,366.6666666666667,1.6136665536975094
235,235,4,recov,0.19915605328192157,1.6136665742255514,366.6666666666667,1.6136665536975094
236,236,5,recov,0.19915605328168728,1.6136665742267278,366.6666666666667,1.6136665536975094
237,237,3,recov,0.19915605439003622,1.6136665686614993,366.6666666666667,1.6136665536975094
238,238,4,recov,0.19915605438984646,1.613666568662452,366.6666666666667,1.6136665536975094
239,239,5,recov,0.19915605438967568,1.6136665686633096,366.6666666666667,1.6136665536975094
240,240,3,recov,0.19915605519766208,1.613666564606258,366.6666666666667,1.6136665536975094
241,241,4,recov,0.19915605519752375,1.6136665646069526,366.6666666666667,1.6136665536975094
242,242,5,recov,0.19915605519739926,1.6136665646075776,366.6666666666667,1.6136665536975094
243,243,3,recov,0.19915605578642132,1.6136665616499872,366.6666666666667,1.6136665536975094
244,244,4,recov,0.19915605578632045,1.6136665616504937,366.6666666666667,1.6136665536975094
245,245,5,recov,0.1991560557862297,1.6136665616509493,366.6666666666667,1.6136665536975094
246,246,3,recov,0.1991560562156268,1.6136665594948658,366.6666666666667,1.6136665536975094
247,247,4,recov,0.19915605621555327,1.613666559495235,366.6666666666667,1.6136665536975094
248,248,5,recov,0.1991560562154871,1.6136665594955673,366.6666666666667,1.6136665536975094
249,249,3,recov,0.1991560565285176,1.6136665579237823,366.6666666666667,1.6136665536975094
250,250,4,recov,0.199156056528464,1.6136665579240514,366.6666666666667,1.6136665536975094
251,251,5,recov,0.19915605652841575,1.6136665579242937,366.6666666666667,1.6136665536975094
252,252,3,recov,0.19915605675661502,1.6136665567784623,366.6666666666667,1.6136665536975094
253,253,4,recov,0.19915605675657594,1.6136665567786586,366.6666666666667,1.6136665536975094
254,254,5,recov,0.19915605675654077,1.613666556778835,366.6666666666667,1.6136665536975094
255,255,3,recov,0.199156056922898,1.6136665559435242,366.6666666666667,1.6136665536975094
256,256,4,recov,0.1991560569228695,1.6136665559436671,366.6666666666667,1.6136665536975094
257,257,5,recov,0.19915605692284388,1.613666555943796,366.6666666666667,1.6136665536975094
258,258,3,recov,0.1991560570441183,1.6136665553348541,366.6666666666667,1.6136665536975094
259,259,4,recov,0.19915605704409756,1.6136665553349583,366.6666666666667,1.6136665536975094
260,260,5,recov,0.19915605704407885,1.6136665553350522,366.6666666666667,1.6136665536975094
261,261,3,recov,0.19915605713248788,1.613666554891134,366.6666666666667,1.6136665536975094
262,262,4,recov,0.19915605713247275,1.61366655489121,366.6666666666667,1.6136665536975094
263,263,5,recov,0.19915605713245912,1.6136665548912783,366.6666666666667,1.6136665536975094
264,264,3,recov,0.19915605719690932,1.6136665545676618,366.6666666666667,1.6136665536975094
265,265,4,recov,0.1991560571968983,1.6136665545677171,366.6666666666667,1.6136665536975094
266,266,5,recov,0.19915605719688834,1.613666554567767,366.6666666666667,1.6136665536975094
267,267,3,recov,0.19915605724387256,1.6136665543318505,366.6666666666667,1.6136665536975094
268,268,4,recov,0.19915605724386454,1.6136665543318909,366.6666666666667,1.6136665536975094
269,269,5,recov,0.1991560572438573,1.613666554331927,366.6666666666667,1.6136665536975094
270,270,3,recov,0.19915605727810873,1.6136665541599442,366.6666666666667,1.6136665536975094
271,271,4,recov,0.19915605727810287,1.6136665541599737,366.6666666666667,1.6136665536975094
272,272,5,recov,0.1991560572780976,1.6136665541600002,366.6666666666667,1.6136665536975094
273,273,3,recov,0.1991560573030669,1.6136665540346247,366.6666666666667,1.6136665536975094
274,274,4,recov,0.19915605730306263,1.613666554034646,366.6666666666667,1.6136665536975094
275,275,5,recov,0.1991560573030588,1.6136665540346653,366.6666666666667,1.6136665536975094
276,276,3,recov,0.19915605732126143,1.6136665539432664,366.6666666666667,1.6136665536975094
277,277,4,recov,0.19915605732125832,1.613666553943282,366.6666666666667,1.6136665536975094
278,278,5,recov,0.19915605732125552,1.6136665539432962,366.6666666666667,1.6136665536975094
279,279,3,recov,0.19915605733452527,1.6136665538766661,366.6666666666667,1.6136665536975094
280,280,4,recov,0.199156057334523,1.6136665538766777,366.6666666666667,1.6136665536975094
281,281,5,recov,0.19915605733452094,1.613666553876688,366.6666666666667,1.6136665536975094
282,282,3,recov,0.19915605734419456,1.613666553828115,366.6666666666667,1.6136665536975094
283,283,4,recov,0.1991560573441929,1.6136665538281232,366.6666666666667,1.6136665536975094
284,284,5,recov,0.19915605734419142,1.6136665538281307,366.6666666666667,1.6136665536975094
285,285,3,recov,0.1991560573512435,1.6136665537927208,366.6666666666667,1.6136665536975094
286,286,4,recov,0.1991560573512423,1.6136665537927268,366.6666666666667,1.6136665536975094
287,287,5,recov,0.19915605735124123,1.6136665537927322,366.6666666666667,1.6136665536975094
288,288,3,recov,0.19915605735638214,1.6136665537669188,366.6666666666667,1.6136665536975094
289,289,4,recov,0.19915605735638128,1.613666553766923,366.6666666666667,1.6136665536975094
290,290,5,recov,0.19915605735638048,1.613666553766927,366.6666666666667,1.6136665536975094
291,291,3,recov,0.19915605736012823,1.613666553748109,366.6666666666667,1.6136665536975094
292,292,4,recov,0.1991560573601276,1.613666553748112,366.6666666666667,1.6136665536975094
293,293,5,recov,0.199156057360127,1.6136665537481152,366.6666666666667,1.6136665536975094
294,294,3,recov,0.19915605736285916,1.6136665537343964,366.6666666666667,1.6136665536975094
295,295,4,recov,0.19915605736285868,1.6136665537343988,366.6666666666667,1.6136665536975094
296,296,5,recov,0.19915605736285827,1.6136665537344008,366.6666666666667,1.6136665536975094
297,297,3,recov,0.19915605736484998,1.6136665537244002,366.6666666666667,1.6136665536975094
298,298,4,recov,0.19915605736484962,1.613666553724402,366.6666666666667,1.6136665536975094
299,299,5,recov,0.19915605736484931,1.6136665537244035,366.6666666666667,1.6136665536975094
300,300,3,recov,0.19915605736630126,1.6136665537171129,366.6666666666667,1.6136665536975094
301,301,4,recov,0.19915605736630101,1.6136665537171142,366.6666666666667,1.6136665536975094
302,302,5,recov,0.1991560573663008,1.6136665537171153,366.6666666666667,1.6136665536975094
303,303,3,recov,0.19915605736735928,1.6136665537118005,366.6666666666667,1.6136665536975094
304,304,4,recov,0.19915605736735909,1.6136665537118016,366.6666666666667,1.6136665536975094
305,305,5,recov,0.19915605736735892,1.6136665537118022,366.6666666666667,1.6136665536975094
306,306,3,recov,0.19915605736813055,1.6136665537079278,366.6666666666667,1.6136665536975094
307,307,4,recov,0.1991560573681304,1.6136665537079284,366.6666666666667,1.6136665536975094
308,308,5,recov,0.1991560573681303,1.613666553707929,366.6666666666667,1.6136665536975094
309,309,3,recov,0.19915605736869282,1.6136665537051045,366.6666666666667,1.6136665536975094
310,310,4,recov,0.1991560573686927,1.6136665537051051,366.6666666666667,1.6136665536975094
311,311,5,recov,0.19915605736869263,1.6136665537051056,366.6666666666667,1.6136665536975094
312,312,3,recov,0.19915605736910272,1.6136665537030463,366.6666666666667,1.6136665536975094
313,313,4,recov,0.19915605736910263,1.6136665537030468,366.6666666666667,1.6136665536975094
314,314,5,recov,0.19915605736910258,1.613666553703047,366.6666666666667,1.6136665536975094
315,315,3,recov,0.19915605736940153,1.613666553701546,366.6666666666667,1.6136665536975094
316,316,4,recov,0.19915605736940148,1.6136665537015462,366.6666666666667,1.6136665536975094
317,317,5,recov,0.19915605736940142,1.6136665537015464,366.6666666666667,1.6136665536975094
318,318,3,recov,0.19915605736961936,1.6136665537004522,366.6666666666667,1.6136665536975094
319,319,4,recov,0.1991560573696193,1.6136665537004524,366.6666666666667,1.6136665536975094
320,320,5,recov,0.1991560573696193,1.6136665537004524,366.6666666666667,1.6136665536975094
321,321,3,recov,0.19915605736977818,1.6136665536996548,366.6666666666667,1.6136665536975094
322,322,4,recov,0.19915605736977815,1.6136665536996548,366.6666666666667,1.6136665536975094
323,323,5,recov,0.19915605736977812,1.613666553699655,366.6666666666667,1.6136665536975094
324,324,3,recov,0.19915605736989392,1.6136665536990735,366.6666666666667,1.6136665536975094
325,325,4,recov,0.1991560573698939,1.6136665536990737,366.6666666666667,1.6136665536975094
326,326,5,recov,0.19915605736989386,1.613666553699074,366.6666666666667,1.6136665536975094
327,327,3,recov,0.1991560573699783,1.6136665536986499,366.6666666666667,1.6136665536975094
328,328,4,recov,0.19915605736997827,1.61366655369865,366.6666666666667,1.6136665536975094
329,329,5,recov,0.19915605736997827,1.61366655369865,366.6666666666667,1.6136665536975094
330,330,3,recov,0.19915605737003983,1.613666553698341,366.6666666666667,1.6136665536975094
331,331,4,recov,0.19915605737003983,1.613666553698341,366.6666666666667,1.6136665536975094
332,332,5,recov,0.19915605737003983,1.613666553698341,366.6666666666667,1.6136665536975094
333,333,3,recov,0.1991560573700847,1.6136665536981156,366.6666666666667,1.6136665536975094
334,334,4,recov,0.1991560573700847,1.6136665536981156,366.6666666666667,1.6136665536975094
335,335,5,recov,0.1991560573700847,1.6136665536981156,366.6666666666667,1.6136665536975094
336,336,3,recov,0.19915605737011743,1.6136665536979513,366.6666666666667,1.6136665536975094
337,337,4,recov,0.19915605737011743,1.6136665536979513,366.6666666666667,1.6136665536975094
338,338,5,recov,0.19915605737011743,1.6136665536979513,366.6666666666667,1.6136665536975094
339,339,3,recov,0.1991560573701413,1.6136665536978314,366.6666666666667,1.6136665536975094
340,340,4,recov,0.1991560573701413,1.6136665536978314,366.6666666666667,1.6136665536975094
341,341,5,recov,0.1991560573701413,1.6136665536978314,366.6666666666667,1.6136665536975094
342,342,3,recov,0.1991560573701587,1.6136665536977441,366.6666666666667,1.6136665536975094
343,343,4,recov,0.1991560573701587,1.6136665536977441,366.6666666666667,1.6136665536975094
344,344,5,recov,0.1991560573701587,1.6136665536977441,366.6666666666667,1.6136665536975094
345,345,3,recov,0.19915605737017136,1.6136665536976804,366.6666666666667,1.6136665536975094
346,346,4,recov,0.19915605737017136,1.6136665536976804,366.6666666666667,1.6136665536975094
347,347,5,recov,0.19915605737017136,1.6136665536976804,366.6666666666667,1.6136665536975094
348,348,3,recov,0.1991560573701806,1.613666553697634,366.6666666666667,1.6136665536975094
349,349,4,recov,0.1991560573701806,1.613666553697634,366.6666666666667,1.6136665536975094
350,350,5,recov,0.1991560573701806,1.613666553697634,366.6666666666667,1.6136665536975094
351,351,3,recov,0.19915605737018732,1.6136665536976003,366.6666666666667,1.6136665536975094
352,352,4,recov,0.19915605737018732,1.6136665536976003,366.6666666666667,1.6136665536975094
353,353,5,recov,0.19915605737018732,1.6136665536976003,366.6666666666667,1.6136665536975094
354,354,3,recov,0.19915605737019226,1.6136665536975756,366.6666666666667,1.6136665536975094
355,355,4,recov,0.19915605737019226,1.6136665536975756,366.6666666666667,1.6136665536975094
356,356,5,recov,0.19915605737019226,1.6136665536975756,366.6666666666667,1.6136665536975094
357,357,3,recov,0.19915605737019584,1.6136665536975576,366.6666666666667,1.6136665536975094
358,358,4,recov,0.19915605737019584,1.6136665536975576,366.6666666666667,1.6136665536975094
359,359,5,recov,0.19915605737019584,1.6136665536975576,366.6666666666667,1.6136665536975094
360,360,3,recov,0.19915605737019842,1.6136665536975445,366.6666666666667,1.6136665536975094
361,361,4,recov,0.19915605737019842,1.6136665536975445,366.6666666666667,1.6136665536975094
362,362,5,recov,0.19915605737019842,1.6136665536975445,366.6666666666667,1.6136665536975094
363,363,3,recov,0.19915605737020034,1.613666553697535,366.6666666666667,1.6136665536975094
364,364,4,recov,0.19915605737020034,1.613666553697535,366.6666666666667,1.6136665536975094
365,365,5,recov,0.19915605737020034,1.613666553697535,366.6666666666667,1.6136665536975094
366,366,3,recov,0.19915605737020173,1.613666553697528,366.6666666666667,1.6136665536975094
367,367,4,recov,0.19915605737020173,1.613666553697528,366.6666666666667,1.6136665536975094
368,368,5,recov,0.19915605737020173,1.613666553697528,366.6666666666667,1.6136665536975094
369,369,3,recov,0.19915605737020273,1.613666553697523,366.6666666666667,1.6136665536975094
370,370,4,recov,0.19915605737020273,1.613666553697523,366.6666666666667,1.6136665536975094
371,371,5,recov,0.19915605737020273,1.613666553697523,366.6666666666667,1.6136665536975094
372,372,3,recov,0.19915605737020345,1.6136665536975194,366.6666666666667,1.6136665536975094
373,373,4,recov,0.19915605737020345,1.6136665536975194,366.6666666666667,1.6136665536975094
374,374,5,recov,0.19915605737020345,1.6136665536975194,366.6666666666667,1.6136665536975094
375,375,3,recov,0.199156057370204,1.6136665536975165,366.6666666666667,1.6136665536975094
376,376,4,recov,0.199156057370204,1.6136665536975165,366.6666666666667,1.6136665536975094
377,377,5,recov,0.199156057370204,1.6136665536975165,366.6666666666667,1.6136665536975094
378,378,3,recov,0.1991560573702044,1.6136665536975145,366.6666666666667,1.6136665536975094
379,379,4,recov,0.1991560573702044,1.6136665536975145,366.6666666666667,1.6136665536975094
380,380,5,recov,0.1991560573702044,1.6136665536975145,366.6666666666667,1.6136665536975094
381,381,3,recov,0.19915605737020467,1.6136665536975132,366.6666666666667,1.6136665536975094
382,382,4,recov,0.19915605737020467,1.6136665536975132,366.6666666666667,1.6136665536975094
383,383,5,recov,0.19915605737020467,1.6136665536975132,366.6666666666667,1.6136665536975094
384,384,3,recov,0.1991560573702049,1.613666553697512,366.6666666666667,1.6136665536975094
385,385,4,recov,0.1991560573702049,1.613666553697512,366.6666666666667,1.6136665536975094
386,386,5,recov,0.1991560573702049,1.613666553697512,366.6666666666667,1.6136665536975094
387,387,3,recov,0.19915605737020503,1.6136665536975114,366.6666666666667,1.6136665536975094
388,388,4,recov,0.19915605737020503,1.6136665536975114,366.6666666666667,1.6136665536975094
389,389,5,recov,0.19915605737020503,1.6136665536975114,366.6666666666667,1.6136665536975094
390,390,3,recov,0.19915605737020514,1.6136665536975108,366.6666666666667,1.6136665536975094
391,391,4,recov,0.19915605737020514,1.6136665536975108,366.6666666666667,1.6136665536975094
392,392,5,recov,0.19915605737020514,1.6136665536975108,366.6666666666667,1.6136665536975094
393,393,3,recov,0.19915605737020523,1.6136665536975106,366.6666666666667,1.6136665536975094
394,394,4,recov,0.19915605737020523,1.6136665536975106,366.6666666666667,1.6136665536975094
395,395,5,recov,0.19915605737020523,1.6136665536975106,366.6666666666667,1.6136665536975094
396,396,3,recov,0.1991560573702053,1.61366655369751,366.6666666666667,1.6136665536975094
397,397,4,recov,0.1991560573702053,1.61366655369751,366.6666666666667,1.6136665536975094
398,398,5,recov,0.1991560573702053,1.61366655369751,366.6666666666667,1.6136665536975094
399,399,3,recov,0.19915605737020534,1.6136665536975099,366.6666666666667,1.6136665536975094
400,400,4,recov,0.19915605737020534,1.6136665536975099,366.6666666666667,1.6136665536975094
401,401,5,recov,0.19915605737020534,1.6136665536975099,366.6666666666667,1.6136665536975094
402,402,3,recov,0.19915605737020536,1.6136665536975097,366.6666666666667,1.6136665536975094
403,403,4,recov,0.19915605737020536,1.6136665536975097,366.6666666666667,1.6136665536975094
404,404,5,recov,0.19915605737020536,1.6136665536975097,366.6666666666667,1.6136665536975094
405,405,3,recov,0.1991560573702054,1.6136665536975097,366.6666666666667,1.6136665536975094
406,406,4,recov,0.1991560573702054,1.6136665536975097,366.6666666666667,1.6136665536975094
407,407,5,recov,0.1991560573702054,1.6136665536975097,366.6666666666667,1.6136665536975094
408,408,3,recov,0.19915605737020542,1.6136665536975094,366.6666666666667,1.6136665536975094
409,409,4,recov,0.19915605737020542,1.6136665536975094,366.6666666666667,1.6136665536975094
410,410,5,recov,0.19915605737020542,1.6136665536975094,366.6666666666667,1.6136665536975094
411,411,3,recov,0.19915605737020545,1.6136665536975094,366.6666666666667,1.6136665536975094
412,412,4,recov,0.19915605737020545,1.6136665536975094,366.6666666666667,1.6136665536975094
413,413,5,recov,0.19915605737020545,1.6136665536975094,366.6666666666667,1.6136665536975094
414,414,3,recov,0.19915605737020545,1.6136665536975094,366.6666666666667,1.6136665536975094
415,415,4,recov,0.19915605737020545,1.6136665536975094,366.6666666666667,1.6136665536975094
416,416,5,recov,0.19915605737020545,1.6136665536975094,366.6666666666667,1.6136665536975094
417,417,3,recov,0.19915605737020545,1.6136665536975094,366.6666666666667,1.6136665536975094
418,418,4,recov,0.19915605737020545,1.6136665536975094,366.6666666666667,1.6136665536975094
419,419,5,recov,0.19915605737020545,1.6136665536975094,366.6666666666667,1.6136665536975094
420,420,3,recov,0.19915605737020545,1.6136665536975094,366.6666666666667,1.6136665536975094
421,421,4,recov,0.19915605737020545,1.6136665536975094,366.6666666666667,1.6136665536975094
422,422,5,recov,0.19915605737020545,1.6136665536975094,366.6666666666667,1.6136665536975094
423,423,3,recov,0.19915605737020545,1.6136665536975094,366.6666666666667,1.6136665536975094
424,424,4,recov,0.19915605737020545,1.6136665536975094,366.6666666666667,1.6136665536975094
425,425,5,recov,0.19915605737020545,1.6136665536975094,366.6666666666667,1.6136665536975094
426,426,3,recov,0.19915605737020545,1.6136665536975094,366.6666666666667,1.6136665536975094
427,427,4,recov,0.19915605737020545,1.6136665536975094,366.6666666666667,1.6136665536975094
428,428,5,recov,0.19915605737020545,1.6136665536975094,366.6666666666667,1.6136665536975094
429,429,3,recov,0.19915605737020545,1.6136665536975094,366.6666666666667,1.6136665536975094
430,430,4,recov,0.19915605737020545,1.6136665536975094,366.6666666666667,1.6136665536975094
431,431,5,recov,0.19915605737020545,1.6136665536975094,366.6666666666667,1.6136665536975094
432,432,0,fam_r,6.660893891960658e-05,9.616671771412252,366.6666666666667,1.6136665536975094
433,433,1,fam_r,6.660893891960658e-05,9.616671771412252,366.6666666666667,1.6136665536975094
434,434,2,fam_r,6.660893891960658e-05,9.616671771412252,366.6666666666667,1.6136665536975094
435,435,0,fam_r,0.054019849463798064,2.9184037172968917,366.6666666666667,1.6136665536975094
436,436,1,fam_r,0.054019849463798064,2.9184037172968917,366.6666666666667,1.6136665536975094
437,437,2,fam_r,0.054019849463798064,2.9184037172968917,366.6666666666667,1.6136665536975094
438,438,0,fam_r,0.09335176180643445,2.37138053604519,366.6666666666667,1.6136665536975094
439,439,1,fam_r,0.09335176180643445,2.37138053604519,366.6666666666667,1.6136665536975094
440,440,2,fam_r,0.09335176180643445,2.37138053604519,366.6666666666667,1.6136665536975094
441,441,0,fam_r,0.12202472590421641,2.103531583437907,366.6666666666667,1.6136665536975094
442,442,1,fam_r,0.12202472590421641,2.103531583437907,366.6666666666667,1.6136665536975094
443,443,2,fam_r,0.12202472590421641,2.103531583437907,366.6666666666667,1.6136665536975094
444,444,0,fam_r,0.14292731673149944,1.9454190525424522,366.6666666666667,1.6136665536975094
445,445,1,fam_r,0.14292731673149944,1.9454190525424522,366.6666666666667,1.6136665536975094
446,446,2,fam_r,0.14292731673149944,1.9454190525424522,366.6666666666667,1.6136665536975094
0,0,0,fam,0.00019948134849391582,8.519789817263504,476.6666666666667,1.6136665536975094
1,1,1,fam,0.00016630633627141194,8.70167907103957,476.6666666666667,1.6136665536975094
2,2,2,fam,0.00014465499783017504,8.841158975945264,476.6666666666667,1.6136665536975094
3,3,0,fam,0.10501100608571799,2.253690114453851,476.6666666666667,1.6136665536975094
4,4,1,fam,0.09595362044486513,2.343890324620534,476.6666666666667,1.6136665536975094
5,5,2,fam,0.08904162229224537,2.41865135236675,476.6666666666667,1.6136665536975094
6,6,0,fam,0.14450451044945709,1.9344445577337086,476.6666666666667,1.6136665536975094
7,7,1,fam,0.1369976298214541,1.9877916538769964,476.6666666666667,1.6136665536975094
8,8,2,fam,0.13087850998660583,2.0334857907691717,476.6666666666667,1.6136665536975094
9,9,0,fam,0.16446637108490636,1.8050491607703891,476.6666666666667,1.6136665536975094
10,10,1,fam,0.15893830843828208,1.8392391492958207,476.6666666666667,1.6136665536975094
11,11,2,fam,0.15427145740989234,1.8690415178654762,476.6666666666667,1.6136665536975094
12,12,0,fam,0.17604559879931422,1.7370122334134588,476.6666666666667,1.6136665536975094
13,13,1,fam,0.1720587539635531,1.7599192676868702,476.6666666666667,1.6136665536975094
14,14,2,fam,0.16862190332849125,1.7800963288719673,476.6666666666667,1.6136665536975094
15,15,0,fam,0.18330395826911275,1.6966095298845685,476.6666666666667,1.6136665536975094
16,16,1,fam,0.1804361226016532,1.712378455247125,476.6666666666667,1.6136665536975094
17,17,2,fam,0.1779307294429523,1.7263609648654767,476.6666666666667,1.6136665536975094
18,18,0,fam,0.18807707651418798,1.6709034187131757,476.6666666666667,1.6136665536975094
19,19,1,fam,0.18601083044338232,1.6819503787739036,476.6666666666667,1.6136665536975094
20,20,2,fam,0.18418964614113614,1.6917893666151613,476.6666666666667,1.6136665536975094
21,21,0,fam,0.19131550624182264,1.653831348623696,476.6666666666667,1.6136665536975094
22,22,1,fam,0.18982326162903523,1.6616618416804143,476.6666666666667,1.6136665536975094
23,23,2,fam,0.18850000607234935,1.6686572398800172,476.6666666666667,1.6136665536975094
24,24,0,fam,0.19355952379899846,1.6421701972842735,476.6666666666667,1.6136665536975094
25,25,1,fam,0.1924794647183563,1.6477658077324309,476.6666666666667,1.6136665536975094
26,26,2,fam,0.19151766572793882,1.6527752253840786,476.6666666666667,1.6136665536975094
27,27,0,fam,0.19513729613071965,1.6340518854467063,476.6666666666667,1.6136665536975094
28,28,1,fam,0.19435417296377946,1.638073150528873,476.6666666666667,1.6136665536975094
29,29,2,fam,0.19365471699893527,1.6416785149450164,476.6666666666667,1.6136665536975094
30,30,0,fam,0.19625802568329576,1.6283250279542982,476.6666666666667,1.6136665536975094
31,31,1,fam,0.19568941572238382,1.6312264902410547,476.6666666666667,1.6136665536975094
32,32,2,fam,0.19518047650089315,1.6338306279310235,476.6666666666667,1.6136665536975094
33,33,0,fam,0.19705989822594056,1.624247544550235,476.6666666666667,1.6136665536975094
34,34,1,fam,0.19664660840445752,1.6263470271157092,476.6666666666667,1.6136665536975094
35,35,2,fam,0.19627612697425295,1.628232800101779,476.6666666666667,1.6136665536975094
36,36,0,fam,0.1976366114714125,1.6213252301049517,476.6666666666667,1.6136665536975094
37,37,1,fam,0.19733597925857038,1.6228475244512155,476.6666666666667,1.6136665536975094
38,38,2,fam,0.19706619118528684,1.624215610813718,476.6666666666667,1.6136665536975094
39,39,0,fam,0.1980529356135973,1.6192209324358433,476.6666666666667,1.6136665536975094
40,40,1,fam,0.19783412486423446,1.6203263526098701,476.6666666666667,1.6136665536975094
41,41,2,fam,0.1976376081617218,1.6213201870727487,476.6666666666667,1.6136665536975094
42,42,0,fam,0.19835428479866993,1.617700530043527,476.6666666666667,1.6136665536975094
43,43,1,fam,0.19819495837969908,1.6185040944445943,476.6666666666667,1.6136665536975094
44,44,2,fam,0.19805178328625236,1.6192267507323186,476.6666666666667,1.6136665536975094
45,45,0,fam,0.1985728357341316,1.6165993155069431,476.6666666666667,1.6136665536975094
46,46,1,fam,0.19845678615279802,1.61718390455643,476.6666666666667,1.6136665536975094
47,47,2,fam,0.19835245744337549,1.617709742668874,476.6666666666667,1.6136665536975094
48,48,0,fam,0.198731561495898,1.6158003020989993,476.6666666666667,1.6136665536975094
49,49,1,fam,0.1986470142407639,1.616225827084855,476.6666666666667,1.6136665536975094
50,50,2,fam,0.19857098319513206,1.6166086448174408,476.6666666666667,1.6136665536975094
51,51,0,fam,0.198846956400488,1.6152198134526763,476.6666666666667,1.6136665536975094
52,52,1,fam,0.1987853495880842,1.6155296817001448,476.6666666666667,1.6136665536975094
53,53,2,fam,0.19872993608665668,1.615808481050929,476.6666666666667,1.6136665536975094
54,54,0,fam,0.1989309118569346,1.6147976911357107,476.6666666666667,1.6136665536975094
55,55,1,fam,0.1988860154546374,1.6150234050227048,476.6666666666667,1.6136665536975094
56,56,2,fam,0.19884562601579364,1.6152265039706954,476.6666666666667,1.6136665536975094
57,57,0,fam,0.19899202663743404,1.614490522208927,476.6666666666667,1.6136665536975094
58,58,1,fam,0.19895930511683013,1.614654972070338,476.6666666666667,1.6136665536975094
59,59,2,fam,0.19892986494776332,1.6148029538267439,476.6666666666667,1.6136665536975094
60,60,0,fam,0.19903653223786102,1.614266892021494,476.6666666666667,1.6136665536975094
61,61,1,fam,0.19901268247946205,1.6143867252358088,476.6666666666667,1.6136665536975094
62,62,2,fam,0.19899122258325158,1.6144945628522658,476.6666666666667,1.6136665536975094
63,63,0,fam,0.19906895183776968,1.614104022624929,476.6666666666667,1.6136665536975094
64,64,1,fam,0.19905156761258058,1.6141913540954302,476.6666666666667,1.6136665536975094
65,65,2,fam,0.1990359244056978,1.614269945898511,476.6666666666667,1.6136665536975094
66,66,3,recov,6.665133707912328e-05,9.61603545033863,476.6666666666667,1.6136665536975094
67,67,4,recov,6.664709483445733e-05,9.616099100669793,476.6666666666667,1.6136665536975094
68,68,5,recov,6.664327727595153e-05,9.616156382504128,476.6666666666667,1.6136665536975094
69,69,3,recov,0.054044911738082096,2.917939879234333,476.6666666666667,1.6136665536975094
70,70,4,recov,0.05404240446422425,2.917986272723345,476.6666666666667,1.6136665536975094
71,71,5,recov,0.0540401481166485,2.9180280250232715,476.6666666666667,1.6136665536975094
72,72,3,recov,0.09338333093224933,2.3710424193510793,476.6666666666667,1.6136665536975094
73,73,4,recov,0.09338017305887354,2.3710762361654845,476.6666666666667,1.6136665536975094
74,74,5,recov,0.09337733115543626,2.371106670320722,476.6666666666667,1.6136665536975094
75,75,3,recov,0.1220548057501304,2.103285107661242,476.6666666666667,1.6136665536975094
76,76,4,recov,0.12205179709821741,2.103309757972852,476.6666666666667,1.6136665536975094
77,77,5,recov,0.12204908943831212,2.103331942733783,476.6666666666667,1.6136665536975094
78,78,3,recov,0.14295299948147883,1.9452393777023744,476.6666666666667,1.6136665536975094
79,79,4,recov,0.14295043079114206,1.9452573466391891,476.6666666666667,1.6136665536975094
80,80,5,recov,0.14294811904876484,1.9452735184062622,476.6666666666667,1.6136665536975094
81,81,3,recov,0.15818602325660455,1.8439835761191552,476.6666666666667,1.6136665536975094
82,82,4,recov,0.15818395123116488,1.8439966748681313,476.6666666666667,1.6136665536975094
83,83,5,recov,0.15818208645467935,1.8440084635955132,476.6666666666667,1.6136665536975094
84,84,3,recov,0.1692899626833071,1.776142278763583,476.6666666666667,1.6136665536975094
85,85,4,recov,0.16928834619771455,1.7761518274295793,476.6666666666667,1.6136665536975094
86,86,5,recov,0.1692868913870752,1.7761604211510207,476.6666666666667,1.6136665536975094
87,87,3,recov,0.17738423773301606,1.7294370646155444,476.6666666666667,1.6136665536975094
88,88,4,recov,0.1773830029999773,1.7294440254219379,476.6666666666667,1.6136665536975094
89,89,5,recov,0.1773818917549393,1.7294502901062652,476.6666666666667,1.6136665536975094
90,90,3,recov,0.18328470024960997,1.6967145959801662,476.6666666666667,1.6136665536975094
91,91,4,recov,0.18328377020364725,1.696719670317092,476.6666666666667,1.6136665536975094
92,92,5,recov,0.18328293317035085,1.69672423719831,476.6666666666667,1.6136665536975094
93,93,3,recov,0.18758599713483531,1.6735178873342802,476.6666666666667,1.6136665536975094
94,94,4,recov,0.18758530322863545,1.673521586477574,476.6666666666667,1.6136665536975094
95,95,5,recov,0.18758467871744486,1.6735249156948389,476.6666666666667,1.6136665536975094
96,96,3,recov,0.19072156801181964,1.656940673600465,476.6666666666667,1.6136665536975094
97,97,4,recov,0.19072105370323872,1.6569433702502447,476.6666666666667,1.6136665536975094
98,98,5,recov,0.1907205908278875,1.656945797228829,476.6666666666667,1.6136665536975094
99,99,3,recov,0.1930073595622,1.6450269583576427,476.6666666666667,1.6136665536975094
100,100,4,recov,0.19300698014020518,1.6450289242016842,476.6666666666667,1.6136665536975094
101,101,5,recov,0.19300663866168527,1.6450306934580174,476.6666666666667,1.6136665536975094
102,102,3,recov,0.19467368054777462,1.6364305552599212,476.6666666666667,1.6136665536975094
103,103,4,recov,0.19467340156247528,1.6364319883529743,476.6666666666667,1.6136665536975094
104,104,5,recov,0.19467315047638956,1.6364332781349664,476.6666666666667,1.6136665536975094
105,105,3,recov,0.19588841735713772,1.6302100810622153,476.6666666666667,1.6136665536975094
106,106,4,recov,0.19588821270850498,1.6302111257831966,476.6666666666667,1.6136665536975094
107,107,5,recov,0.19588802852510115,1.6302120660311465,476.6666666666667,1.6136665536975094
108,108,3,recov,0.19677395454487745,1.6256996479146182,476.6666666666667,1.6136665536975094
109,109,4,recov,0.19677380468197989,1.6257004095141652,476.6666666666667,1.6136665536975094
110,110,5,recov,0.19677366980556726,1.6257010949532613,476.6666666666667,1.6136665536975094
111,111,3,recov,0.19741950799466734,1.6224243321712308,476.6666666666667,1.6136665536975094
112,112,4,recov,0.19741939838640354,1.622424887376212,476.6666666666667,1.6136665536975094
113,113,5,recov,0.1974192997390702,1.6224253870604315,476.6666666666667,1.6136665536975094
114,114,3,recov,0.19789011478018284,1.6200433782013663,476.6666666666667,1.6136665536975094
115,115,4,recov,0.19789003468539157,1.6200437829452192,476.6666666666667,1.6136665536975094
116,116,5,recov,0.19788996260013486,1.6200441472145466,476.6666666666667,1.6136665536975094
117,117,3,recov,0.19823318623433575,1.618311232987735,476.6666666666667,1.6136665536975094
118,118,4,recov,0.1982331277440646,1.6183115280456961,476.6666666666667,1.6136665536975094
119,119,5,recov,0.19823307510285007,1.6183117935977869,476.6666666666667,1.6136665536975094
120,120,3,recov,0.19848328485011016,1.617050389704757,476.6666666666667,1.6136665536975094
121,121,4,recov,0.19848324215693772,1.6170506048018471,476.6666666666667,1.6136665536975094
122,122,5,recov,0.19848320373309822,1.6170507983891889,476.6666666666667,1.6136665536975094
123,123,3,recov,0.19866560648894624,1.6161322370641718,476.6666666666667,1.6136665536975094
124,124,4,recov,0.1986655753370508,1.6161323938698637,476.6666666666667,1.6136665536975094
125,125,5,recov,0.1986655473003532,1.6161325349949656,476.6666666666667,1.6136665536975094
126,126,3,recov,0.19879851882970112,1.6154634353422423,476.6666666666667,1.6136665536975094
127,127,4,recov,0.19879849610478464,1.6154635496535454,476.6666666666667,1.6136665536975094
128,128,5,recov,0.19879847565236422,1.6154636525337074,476.6666666666667,1.6136665536975094
129,129,3,recov,0.19889541185492146,1.6149761609854487,476.6666666666667,1.6136665536975094
130,130,4,recov,0.19889539528038758,1.6149762443183644,476.6666666666667,1.6136665536975094
131,131,5,recov,0.19889538036330948,1.6149763193179825,476.6666666666667,1.6136665536975094
132,132,3,recov,0.1989660468324739,1.6146210877470024,476.6666666666667,1.6136665536975094
133,133,4,recov,0.19896603474535013,1.6146211484966848,476.6666666666667,1.6136665536975094
134,134,5,recov,0.19896602386693996,1.614621203171396,476.6666666666667,1.6136665536975094
135,135,3,recov,0.19901753971100353,1.6143623188904062,476.6666666666667,1.6136665536975094
136,136,4,recov,0.19901753089721116,1.6143623631769177,476.6666666666667,1.6136665536975094
137,137,5,recov,0.1990175229647987,1.6143624030347765,476.6666666666667,1.6136665536975094
138,138,3,recov,0.19905507800876643,1.6141737186390792,476.6666666666667,1.6136665536975094
139,139,4,recov,0.19905507158230057,1.6141737509239424,476.6666666666667,1.6136665536975094
140,140,5,recov,0.19905506579848165,1.6141737799803184,476.6666666666667,1.6136665536975094
141,141,3,recov,0.19908244342215697,1.6140362514979,476.6666666666667,1.6136665536975094
142,142,4,recov,0.19908243873661965,1.6140362750335635,476.6666666666667,1.6136665536975094
143,143,5,recov,0.19908243451963625,1.61403629621566,476.6666666666667,1.6136665536975094
144,144,3,recov,0.1991023928055009,1.6139360498752084,476.6666666666667,1.6136665536975094
145,145,4,recov,0.1991023893894021,1.6139360670327059,476.6666666666667,1.6136665536975094
146,146,5,recov,0.19910238631491328,1.6139360824744535,476.6666666666667,1.6136665536975094
147,147,3,recov,0.19911693590435484,1.613863009227445,476.6666666666667,1.6136665536975094
148,148,4,recov,0.19911693341383702,1.6138630217352603,476.6666666666667,1.6136665536975094
149,149,5,recov,0.19911693117237106,1.6138630329922938,476.6666666666667,1.6136665536975094
150,150,3,recov,0.19912753782256704,1.613809765961491,476.6666666666667,1.6136665536975094
151,151,4,recov,0.1991275360068829,1.613809775079688,476.6666666666667,1.6136665536975094
152,152,5,recov,0.19912753437276726,1.6138097832860652,476.6666666666667,1.6136665536975094
153,153,3,recov,0.19913526662049075,1.613770953409385,476.6666666666667,1.6136665536975094
154,154,4,recov,0.19913526529680567,1.6137709600565504,476.6666666666667,1.6136665536975094
155,155,5,recov,0.19913526410548915,1.6137709660389992,476.6666666666667,1.6136665536975094
156,156,3,recov,0.19914090091393644,1.613742660009451,476.6666666666667,1.6136665536975094
157,157,4,recov,0.19914089994894277,1.6137426648552347,476.6666666666667,1.6136665536975094
158,158,5,recov,0.19914089908044844,1.6137426692164398,476.6666666666667,1.6136665536975094
159,159,3,recov,0.19914500831373042,1.6137220346260321,476.6666666666667,1.6136665536975094
160,160,4,recov,0.1991450076102355,1.6137220381586082,476.6666666666667,1.6136665536975094
161,161,5,recov,0.19914500697709012,1.6137220413379267,476.6666666666667,1.6136665536975094
162,162,3,recov,0.19914800260811222,1.6137069989899564,476.6666666666667,1.6136665536975094
163,163,4,recov,0.19914800209525674,1.6137070015652042,476.6666666666667,1.6136665536975094
164,164,5,recov,0.1991480016336868,1.6137070038829275,476.6666666666667,1.6136665536975094
165,165,3,recov,0.19915018544868046,1.6136960381539107,476.6666666666667,1.6136665536975094
166,166,4,recov,0.1991501850748047,1.6136960400312665,476.6666666666667,1.6136665536975094
167,167,5,recov,0.19915018473831653,1.6136960417208868,476.6666666666667,1.6136665536975094
168,168,3,recov,0.19915177673943546,1.6136880477802442,476.6666666666667,1.6136665536975094
169,169,4,recov,0.19915177646687787,1.6136880491488366,476.6666666666667,1.6136665536975094
170,170,5,recov,0.199151776221576,1.6136880503805697,476.6666666666667,1.6136665536975094
171,171,3,recov,0.19915293679038568,1.6136822228381293,476.6666666666667,1.6136665536975094
172,172,4,recov,0.19915293659169003,1.613682223835833,476.6666666666667,1.6136665536975094
173,173,5,recov,0.19915293641286394,1.6136822247337665,476.6666666666667,1.6136665536975094
174,174,3,recov,0.19915378246752294,1.613677976476738,476.6666666666667,1.6136665536975094
175,175,4,recov,0.19915378232267322,1.613677977204064,476.6666666666667,1.6136665536975094
176,176,5,recov,0.19915378219230845,1.6136779778586574,476.6666666666667,1.6136665536975094
177,177,3,recov,0.19915439896615317,1.6136748808906618,476.6666666666667,1.6136665536975094
178,178,4,recov,0.19915439886055739,1.6136748814208826,476.6666666666667,1.6136665536975094
179,179,5,recov,0.19915439876552116,1.6136748818980813,476.6666666666667,1.6136665536975094
180,180,3,recov,0.19915484839365302,1.6136726242144595,476.6666666666667,1.6136665536975094
181,181,4,recov,0.19915484831667352,1.6136726246009905,476.6666666666667,1.6136665536975094
182,182,5,recov,0.19915484824739196,1.6136726249488682,476.6666666666667,1.6136665536975094
183,183,3,recov,0.19915517602629965,1.6136709791007213,476.6666666666667,1.6136665536975094
184,184,4,recov,0.1991551759701815,1.6136709793825021,476.6666666666667,1.6136665536975094
185,185,5,recov,0.1991551759196752,1.613670979636105,476.6666666666667,1.6136665536975094
186,186,3,recov,0.19915541487049862,1.6136697798145139,476.6666666666667,1.6136665536975094
187,187,4,recov,0.19915541482958846,1.613669780019932,476.6666666666667,1.6136665536975094
188,188,5,recov,0.19915541479276927,1.6136697802048088,476.6666666666667,1.6136665536975094
189,189,3,recov,0.1991555889879194,1.6136689055357762,476.6666666666667,1.6136665536975094
190,190,4,recov,0.19915558895809585,1.6136689056855265,476.6666666666667,1.6136665536975094
191,191,5,recov,0.19915558893125465,1.6136689058203013,476.6666666666667,1.6136665536975094
192,192,3,recov,0.19915571591951906,1.6136682681870589,476.6666666666667,1.6136665536975094
193,193,4,recov,0.19915571589777764,1.613668268296227,476.6666666666667,1.6136665536975094
194,194,5,recov,0.1991557158782104,1.6136682683944779,476.6666666666667,1.6136665536975094
195,195,3,recov,0.1991558084526551,1.6136678035601004,476.6666666666667,1.6136665536975094
196,196,4,recov,0.19915580843680564,1.6136678036396837,476.6666666666667,1.6136665536975094
197,197,5,recov,0.1991558084225411,1.6136678037113088,476.6666666666667,1.6136665536975094
198,198,3,recov,0.19915587590931125,1.613667464847184,476.6666666666667,1.6136665536975094
199,199,4,recov,0.199155875897757,1.6136674649052,476.6666666666667,1.6136665536975094
200,200,5,recov,0.19915587588735814,1.6136674649574148,476.6666666666667,1.6136665536975094
201,201,3,recov,0.19915592508521357,1.6136672179255402,476.6666666666667,1.6136665536975094
202,202,4,recov,0.1991559250767905,1.613667217967834,476.6666666666667,1.6136665536975094
203,203,5,recov,0.19915592506920976,1.6136672180058984,476.6666666666667,1.6136665536975094
204,204,3,recov,0.19915596093444635,1.6136670379197002,476.6666666666667,1.6136665536975094
205,205,4,recov,0.19915596092830595,1.6136670379505325,476.6666666666667,1.6136665536975094
206,206,5,recov,0.1991559609227796,1.6136670379782814,476.6666666666667,1.6136665536975094
207,207,3,recov,0.19915598706853707,1.6136669066954634,476.6666666666667,1.6136665536975094
208,208,4,recov,0.1991559870640607,1.61366690671794,476.6666666666667,1.6136665536975094
209,209,5,recov,0.19915598706003199,1.613666906738169,476.6666666666667,1.6136665536975094
210,210,3,recov,0.1991560061202892,1.6136668110330055,476.6666666666667,1.6136665536975094
211,211,4,recov,0.1991560061170259,1.613666811049391,476.6666666666667,1.6136665536975094
212,212,5,recov,0.19915600611408896,1.6136668110641381,476.6666666666667,1.6136665536975094
213,213,3,recov,0.1991560200090165,1.6136667412950796,476.6666666666667,1.6136665536975094
214,214,4,recov,0.19915602000663757,1.6136667413070247,476.6666666666667,1.6136665536975094
215,215,5,recov,0.19915602000449653,1.6136667413177752,476.6666666666667,1.6136665536975094
216,216,3,recov,0.19915603013389868,1.6136666904561348,476.6666666666667,1.6136665536975094
217,217,4,recov,0.19915603013216443,1.6136666904648427,476.6666666666667,1.6136665536975094
218,218,5,recov,0.19915603013060362,1.6136666904726797,476.6666666666667,1.6136665536975094
219,219,3,recov,0.1991560375149378,1.6136666533945454,476.6666666666667,1.6136665536975094
220,220,4,recov,0.19915603751367356,1.6136666534008934,476.6666666666667,1.6136665536975094
221,221,5,recov,0.19915603751253572,1.6136666534066066,476.6666666666667,1.6136665536975094
222,222,3,recov,0.1991560428957153,1.6136666263766477,476.6666666666667,1.6136665536975094
223,223,4,recov,0.19915604289479366,1.6136666263812756,476.6666666666667,1.6136665536975094
224,224,5,recov,0.19915604289396419,1.6136666263854405,476.6666666666667,1.6136665536975094
225,225,3,recov,0.1991560468183021,1.613666606680601,476.6666666666667,1.6136665536975094
226,226,4,recov,0.19915604681763024,1.6136666066839744,476.6666666666667,1.6136665536975094
227,227,5,recov,0.19915604681702556,1.6136666066870107,476.6666666666667,1.6136665536975094
228,228,3,recov,0.1991560496778679,1.613666592322183,476.6666666666667,1.6136665536975094
229,229,4,recov,0.1991560496773781,1.6136665923246423,476.6666666666667,1.6136665536975094
230,230,5,recov,0.19915604967693729,1.6136665923268556,476.6666666666667,1.6136665536975094
231,231,3,recov,0.19915605176249138,1.613666581854896,476.6666666666667,1.6136665536975094
232,232,4,recov,0.1991560517621343,1.613666581856689,476.6666666666667,1.6136665536975094
233,233,5,recov,0.19915605176181297,1.6136665818583025,476.6666666666667,1.6136665536975094
234,234,3,recov,0.19915605328218186,1.6136665742242444,476.6666666666667,1.6136665536975094
235,235,4,recov,0.19915605328192157,1.6136665742255514,476.6666666666667,1.6136665536975094
236,236,5,recov,0.19915605328168728,1.6136665742267278,476.6666666666667,1.6136665536975094
237,237,3,recov,0.19915605439003622,1.6136665686614993,476.6666666666667,1.6136665536975094
238,238,4,recov,0.19915605438984646,1.613666568662452,476.6666666666667,1.6136665536975094
239,239,5,recov,0.19915605438967568,1.6136665686633096,476.6666666666667,1.6136665536975094
240,240,3,recov,0.19915605519766208,1.613666564606258,476.6666666666667,1.6136665536975094
241,241,4,recov,0.19915605519752375,1.6136665646069526,476.6666666666667,1.6136665536975094
242,242,5,recov,0.19915605519739926,1.6136665646075776,476.6666666666667,1.6136665536975094
243,243,3,recov,0.19915605578642132,1.6136665616499872,476.6666666666667,1.6136665536975094
244,244,4,recov,0.19915605578632045,1.6136665616504937,476.6666666666667,1.6136665536975094
245,245,5,recov,0.1991560557862297,1.6136665616509493,476.6666666666667,1.6136665536975094
246,246,3,recov,0.1991560562156268,1.6136665594948658,476.6666666666667,1.6136665536975094
247,247,4,recov,0.19915605621555327,1.613666559495235,476.6666666666667,1.6136665536975094
248,248,5,recov,0.1991560562154871,1.6136665594955673,476.6666666666667,1.6136665536975094
249,249,3,recov,0.1991560565285176,1.6136665579237823,476.6666666666667,1.6136665536975094
250,250,4,recov,0.199156056528464,1.6136665579240514,476.6666666666667,1.6136665536975094
251,251,5,recov,0.19915605652841575,1.6136665579242937,476.6666666666667,1.6136665536975094
252,252,3,recov,0.19915605675661502,1.6136665567784623,476.6666666666667,1.6136665536975094
253,253,4,recov,0.19915605675657594,1.6136665567786586,476.6666666666667,1.6136665536975094
254,254,5,recov,0.19915605675654077,1.613666556778835,476.6666666666667,1.6136665536975094
255,255,3,recov,0.199156056922898,1.6136665559435242,476.6666666666667,1.6136665536975094
256,256,4,recov,0.1991560569228695,1.6136665559436671,476.6666666666667,1.6136665536975094
257,257,5,recov,0.19915605692284388,1.613666555943796,476.6666666666667,1.6136665536975094
258,258,3,recov,0.1991560570441183,1.6136665553348541,476.6666666666667,1.6136665536975094
259,259,4,recov,0.19915605704409756,1.6136665553349583,476.6666666666667,1.6136665536975094
260,260,5,recov,0.19915605704407885,1.6136665553350522,476.6666666666667,1.6136665536975094
261,261,3,recov,0.19915605713248788,1.613666554891134,476.6666666666667,1.6136665536975094
262,262,4,recov,0.19915605713247275,1.61366655489121,476.6666666666667,1.6136665536975094
263,263,5,recov,0.19915605713245912,1.6136665548912783,476.6666666666667,1.6136665536975094
264,264,3,recov,0.19915605719690932,1.6136665545676618,476.6666666666667,1.6136665536975094
265,265,4,recov,0.1991560571968983,1.6136665545677171,476.6666666666667,1.6136665536975094
266,266,5,recov,0.19915605719688834,1.613666554567767,476.6666666666667,1.6136665536975094
267,267,3,recov,0.19915605724387256,1.6136665543318505,476.6666666666667,1.6136665536975094
268,268,4,recov,0.19915605724386454,1.6136665543318909,476.6666666666667,1.6136665536975094
269,269,5,recov,0.1991560572438573,1.613666554331927,476.6666666666667,1.6136665536975094
270,270,3,recov,0.19915605727810873,1.6136665541599442,476.6666666666667,1.6136665536975094
271,271,4,recov,0.19915605727810287,1.6136665541599737,476.6666666666667,1.6136665536975094
272,272,5,recov,0.1991560572780976,1.6136665541600002,476.6666666666667,1.6136665536975094
273,273,3,recov,0.1991560573030669,1.6136665540346247,476.6666666666667,1.6136665536975094
274,274,4,recov,0.19915605730306263,1.613666554034646,476.6666666666667,1.6136665536975094
275,275,5,recov,0.1991560573030588,1.6136665540346653,476.6666666666667,1.6136665536975094
276,276,3,recov,0.19915605732126143,1.6136665539432664,476.6666666666667,1.6136665536975094
277,277,4,recov,0.19915605732125832,1.613666553943282,476.6666666666667,1.6136665536975094
278,278,5,recov,0.19915605732125552,1.6136665539432962,476.6666666666667,1.6136665536975094
279,279,3,recov,0.19915605733452527,1.6136665538766661,476.6666666666667,1.6136665536975094
280,280,4,recov,0.199156057334523,1.6136665538766777,476.6666666666667,1.6136665536975094
281,281,5,recov,0.19915605733452094,1.613666553876688,476.6666666666667,1.6136665536975094
282,282,3,recov,0.19915605734419456,1.613666553828115,476.6666666666667,1.6136665536975094
283,283,4,recov,0.1991560573441929,1.6136665538281232,476.6666666666667,1.6136665536975094
284,284,5,recov,0.19915605734419142,1.6136665538281307,476.6666666666667,1.6136665536975094
285,285,3,recov,0.1991560573512435,1.6136665537927208,476.6666666666667,1.6136665536975094
286,286,4,recov,0.1991560573512423,1.6136665537927268,476.6666666666667,1.6136665536975094
287,287,5,recov,0.19915605735124123,1.6136665537927322,476.6666666666667,1.6136665536975094
288,288,3,recov,0.19915605735638214,1.6136665537669188,476.6666666666667,1.6136665536975094
289,289,4,recov,0.19915605735638128,1.613666553766923,476.6666666666667,1.6136665536975094
290,290,5,recov,0.19915605735638048,1.613666553766927,476.6666666666667,1.6136665536975094
291,291,3,recov,0.19915605736012823,1.613666553748109,476.6666666666667,1.6136665536975094
292,292,4,recov,0.1991560573601276,1.613666553748112,476.6666666666667,1.6136665536975094
293,293,5,recov,0.199156057360127,1.6136665537481152,476.6666666666667,1.6136665536975094
294,294,3,recov,0.19915605736285916,1.6136665537343964,476.6666666666667,1.6136665536975094
295,295,4,recov,0.19915605736285868,1.6136665537343988,476.6666666666667,1.6136665536975094
296,296,5,recov,0.19915605736285827,1.6136665537344008,476.6666666666667,1.6136665536975094
297,297,3,recov,0.19915605736484998,1.6136665537244002,476.6666666666667,1.6136665536975094
298,298,4,recov,0.19915605736484962,1.613666553724402,476.6666666666667,1.6136665536975094
299,299,5,recov,0.19915605736484931,1.6136665537244035,476.6666666666667,1.6136665536975094
300,300,3,recov,0.19915605736630126,1.6136665537171129,476.6666666666667,1.6136665536975094
301,301,4,recov,0.19915605736630101,1.6136665537171142,476.6666666666667,1.6136665536975094
302,302,5,recov,0.1991560573663008,1.6136665537171153,476.6666666666667,1.6136665536975094
303,303,3,recov,0.19915605736735928,1.6136665537118005,476.6666666666667,1.6136665536975094
304,304,4,recov,0.19915605736735909,1.6136665537118016,476.6666666666667,1.6136665536975094
305,305,5,recov,0.19915605736735892,1.6136665537118022,476.6666666666667,1.6136665536975094
306,306,3,recov,0.19915605736813055,1.6136665537079278,476.6666666666667,1.6136665536975094
307,307,4,recov,0.1991560573681304,1.6136665537079284,476.6666666666667,1.6136665536975094
308,308,5,recov,0.1991560573681303,1.613666553707929,476.6666666666667,1.6136665536975094
309,309,3,recov,0.19915605736869282,1.6136665537051045,476.6666666666667,1.6136665536975094
310,310,4,recov,0.1991560573686927,1.6136665537051051,476.6666666666667,1.6136665536975094
311,311,5,recov,0.19915605736869263,1.6136665537051056,476.6666666666667,1.6136665536975094
312,312,3,recov,0.19915605736910272,1.6136665537030463,476.6666666666667,1.6136665536975094
313,313,4,recov,0.19915605736910263,1.6136665537030468,476.6666666666667,1.6136665536975094
314,314,5,recov,0.19915605736910258,1.613666553703047,476.6666666666667,1.6136665536975094
315,315,3,recov,0.19915605736940153,1.613666553701546,476.6666666666667,1.6136665536975094
316,316,4,recov,0.19915605736940148,1.6136665537015462,476.6666666666667,1.6136665536975094
317,317,5,recov,0.19915605736940142,1.6136665537015464,476.6666666666667,1.6136665536975094
318,318,3,recov,0.19915605736961936,1.6136665537004522,476.6666666666667,1.6136665536975094
319,319,4,recov,0.1991560573696193,1.6136665537004524,476.6666666666667,1.6136665536975094
320,320,5,recov,0.1991560573696193,1.6136665537004524,476.6666666666667,1.6136665536975094
321,321,3,recov,0.19915605736977818,1.6136665536996548,476.6666666666667,1.6136665536975094
322,322,4,recov,0.19915605736977815,1.6136665536996548,476.6666666666667,1.6136665536975094
323,323,5,recov,0.19915605736977812,1.613666553699655,476.6666666666667,1.6136665536975094
324,324,3,recov,0.19915605736989392,1.6136665536990735,476.6666666666667,1.6136665536975094
325,325,4,recov,0.1991560573698939,1.6136665536990737,476.6666666666667,1.6136665536975094
326,326,5,recov,0.19915605736989386,1.613666553699074,476.6666666666667,1.6136665536975094
327,327,3,recov,0.1991560573699783,1.6136665536986499,476.6666666666667,1.6136665536975094
328,328,4,recov,0.19915605736997827,1.61366655369865,476.6666666666667,1.6136665536975094
329,329,5,recov,0.19915605736997827,1.61366655369865,476.6666666666667,1.6136665536975094
330,330,3,recov,0.19915605737003983,1.613666553698341,476.6666666666667,1.6136665536975094
331,331,4,recov,0.19915605737003983,1.613666553698341,476.6666666666667,1.6136665536975094
332,332,5,recov,0.19915605737003983,1.613666553698341,476.6666666666667,1.6136665536975094
333,333,3,recov,0.1991560573700847,1.6136665536981156,476.6666666666667,1.6136665536975094
334,334,4,recov,0.1991560573700847,1.6136665536981156,476.6666666666667,1.6136665536975094
335,335,5,recov,0.1991560573700847,1.6136665536981156,476.6666666666667,1.6136665536975094
336,336,3,recov,0.19915605737011743,1.6136665536979513,476.6666666666667,1.6136665536975094
337,337,4,recov,0.19915605737011743,1.6136665536979513,476.6666666666667,1.6136665536975094
338,338,5,recov,0.19915605737011743,1.6136665536979513,476.6666666666667,1.6136665536975094
339,339,3,recov,0.1991560573701413,1.6136665536978314,476.6666666666667,1.6136665536975094
340,340,4,recov,0.1991560573701413,1.6136665536978314,476.6666666666667,1.6136665536975094
341,341,5,recov,0.1991560573701413,1.6136665536978314,476.6666666666667,1.6136665536975094
342,342,3,recov,0.1991560573701587,1.6136665536977441,476.6666666666667,1.6136665536975094
343,343,4,recov,0.1991560573701587,1.6136665536977441,476.6666666666667,1.6136665536975094
344,344,5,recov,0.1991560573701587,1.6136665536977441,476.6666666666667,1.6136665536975094
345,345,3,recov,0.19915605737017136,1.6136665536976804,476.6666666666667,1.6136665536975094
346,346,4,recov,0.19915605737017136,1.6136665536976804,476.6666666666667,1.6136665536975094
347,347,5,recov,0.19915605737017136,1.6136665536976804,476.6666666666667,1.6136665536975094
348,348,3,recov,0.1991560573701806,1.613666553697634,476.6666666666667,1.6136665536975094
349,349,4,recov,0.1991560573701806,1.613666553697634,476.6666666666667,1.6136665536975094
350,350,5,recov,0.1991560573701806,1.613666553697634,476.6666666666667,1.6136665536975094
351,351,3,recov,0.19915605737018732,1.6136665536976003,476.6666666666667,1.6136665536975094
352,352,4,recov,0.19915605737018732,1.6136665536976003,476.6666666666667,1.6136665536975094
353,353,5,recov,0.19915605737018732,1.6136665536976003,476.6666666666667,1.6136665536975094
354,354,3,recov,0.19915605737019226,1.6136665536975756,476.6666666666667,1.6136665536975094
355,355,4,recov,0.19915605737019226,1.6136665536975756,476.6666666666667,1.6136665536975094
356,356,5,recov,0.19915605737019226,1.6136665536975756,476.6666666666667,1.6136665536975094
357,357,3,recov,0.19915605737019584,1.6136665536975576,476.6666666666667,1.6136665536975094
358,358,4,recov,0.19915605737019584,1.6136665536975576,476.6666666666667,1.6136665536975094
359,359,5,recov,0.19915605737019584,1.6136665536975576,476.6666666666667,1.6136665536975094
360,360,3,recov,0.19915605737019842,1.6136665536975445,476.6666666666667,1.6136665536975094
361,361,4,recov,0.19915605737019842,1.6136665536975445,476.6666666666667,1.6136665536975094
362,362,5,recov,0.19915605737019842,1.6136665536975445,476.6666666666667,1.6136665536975094
363,363,3,recov,0.19915605737020034,1.613666553697535,476.6666666666667,1.6136665536975094
364,364,4,recov,0.19915605737020034,1.613666553697535,476.6666666666667,1.6136665536975094
365,365,5,recov,0.19915605737020034,1.613666553697535,476.6666666666667,1.6136665536975094
366,366,3,recov,0.19915605737020173,1.613666553697528,476.6666666666667,1.6136665536975094
367,367,4,recov,0.19915605737020173,1.613666553697528,476.6666666666667,1.6136665536975094
368,368,5,recov,0.19915605737020173,1.613666553697528,476.6666666666667,1.6136665536975094
369,369,3,recov,0.19915605737020273,1.613666553697523,476.6666666666667,1.6136665536975094
370,370,4,recov,0.19915605737020273,1.613666553697523,476.6666666666667,1.6136665536975094
371,371,5,recov,0.19915605737020273,1.613666553697523,476.6666666666667,1.6136665536975094
372,372,3,recov,0.19915605737020345,1.6136665536975194,476.6666666666667,1.6136665536975094
373,373,4,recov,0.19915605737020345,1.6136665536975194,476.6666666666667,1.6136665536975094
374,374,5,recov,0.19915605737020345,1.6136665536975194,476.6666666666667,1.6136665536975094
375,375,3,recov,0.199156057370204,1.6136665536975165,476.6666666666667,1.6136665536975094
376,376,4,recov,0.199156057370204,1.6136665536975165,476.6666666666667,1.6136665536975094
377,377,5,recov,0.199156057370204,1.6136665536975165,476.6666666666667,1.6136665536975094
378,378,3,recov,0.1991560573702044,1.6136665536975145,476.6666666666667,1.6136665536975094
379,379,4,recov,0.1991560573702044,1.6136665536975145,476.6666666666667,1.6136665536975094
380,380,5,recov,0.1991560573702044,1.6136665536975145,476.6666666666667,1.6136665536975094
381,381,3,recov,0.19915605737020467,1.6136665536975132,476.6666666666667,1.6136665536975094
382,382,4,recov,0.19915605737020467,1.6136665536975132,476.6666666666667,1.6136665536975094
383,383,5,recov,0.19915605737020467,1.6136665536975132,476.6666666666667,1.6136665536975094
384,384,3,recov,0.1991560573702049,1.613666553697512,476.6666666666667,1.6136665536975094
385,385,4,recov,0.1991560573702049,1.613666553697512,476.6666666666667,1.6136665536975094
386,386,5,recov,0.1991560573702049,1.613666553697512,476.6666666666667,1.6136665536975094
387,387,3,recov,0.19915605737020503,1.6136665536975114,476.6666666666667,1.6136665536975094
388,388,4,recov,0.19915605737020503,1.6136665536975114,476.6666666666667,1.6136665536975094
389,389,5,recov,0.19915605737020503,1.6136665536975114,476.6666666666667,1.6136665536975094
390,390,3,recov,0.19915605737020514,1.6136665536975108,476.6666666666667,1.6136665536975094
391,391,4,recov,0.19915605737020514,1.6136665536975108,476.6666666666667,1.6136665536975094
392,392,5,recov,0.19915605737020514,1.6136665536975108,476.6666666666667,1.6136665536975094
393,393,3,recov,0.19915605737020523,1.6136665536975106,476.6666666666667,1.6136665536975094
394,394,4,recov,0.19915605737020523,1.6136665536975106,476.6666666666667,1.6136665536975094
395,395,5,recov,0.19915605737020523,1.6136665536975106,476.6666666666667,1.6136665536975094
396,396,3,recov,0.1991560573702053,1.61366655369751,476.6666666666667,1.6136665536975094
397,397,4,recov,0.1991560573702053,1.61366655369751,476.6666666666667,1.6136665536975094
398,398,5,recov,0.1991560573702053,1.61366655369751,476.6666666666667,1.6136665536975094
399,399,3,recov,0.19915605737020534,1.6136665536975099,476.6666666666667,1.6136665536975094
400,400,4,recov,0.19915605737020534,1.6136665536975099,476.6666666666667,1.6136665536975094
401,401,5,recov,0.19915605737020534,1.6136665536975099,476.6666666666667,1.6136665536975094
402,402,3,recov,0.19915605737020536,1.6136665536975097,476.6666666666667,1.6136665536975094
403,403,4,recov,0.19915605737020536,1.6136665536975097,476.6666666666667,1.6136665536975094
404,404,5,recov,0.19915605737020536,1.6136665536975097,476.6666666666667,1.6136665536975094
405,405,3,recov,0.1991560573702054,1.6136665536975097,476.6666666666667,1.6136665536975094
406,406,4,recov,0.1991560573702054,1.6136665536975097,476.6666666666667,1.6136665536975094
407,407,5,recov,0.1991560573702054,1.6136665536975097,476.6666666666667,1.6136665536975094
408,408,3,recov,0.19915605737020542,1.6136665536975094,476.6666666666667,1.6136665536975094
409,409,4,recov,0.19915605737020542,1.6136665536975094,476.6666666666667,1.6136665536975094
410,410,5,recov,0.19915605737020542,1.6136665536975094,476.6666666666667,1.6136665536975094
411,411,3,recov,0.19915605737020545,1.6136665536975094,476.6666666666667,1.6136665536975094
412,412,4,recov,0.19915605737020545,1.6136665536975094,476.6666666666667,1.6136665536975094
413,413,5,recov,0.19915605737020545,1.6136665536975094,476.6666666666667,1.6136665536975094
414,414,3,recov,0.19915605737020545,1.6136665536975094,476.6666666666667,1.6136665536975094
415,415,4,recov,0.19915605737020545,1.6136665536975094,476.6666666666667,1.6136665536975094
416,416,5,recov,0.19915605737020545,1.6136665536975094,476.6666666666667,1.6136665536975094
417,417,3,recov,0.19915605737020545,1.6136665536975094,476.6666666666667,1.6136665536975094
418,418,4,recov,0.19915605737020545,1.6136665536975094,476.6666666666667,1.6136665536975094
419,419,5,recov,0.19915605737020545,1.6136665536975094,476.6666666666667,1.6136665536975094
420,420,3,recov,0.19915605737020545,1.6136665536975094,476.6666666666667,1.6136665536975094
421,421,4,recov,0.19915605737020545,1.6136665536975094,476.6666666666667,1.6136665536975094
422,422,5,recov,0.19915605737020545,1.6136665536975094,476.6666666666667,1.6136665536975094
423,423,3,recov,0.19915605737020545,1.6136665536975094,476.6666666666667,1.6136665536975094
424,424,4,recov,0.19915605737020545,1.6136665536975094,476.6666666666667,1.6136665536975094
425,425,5,recov,0.19915605737020545,1.6136665536975094,476.6666666666667,1.6136665536975094
426,426,3,recov,0.19915605737020545,1.6136665536975094,476.6666666666667,1.6136665536975094
427,427,4,recov,0.19915605737020545,1.6136665536975094,476.6666666666667,1.6136665536975094
428,428,5,recov,0.19915605737020545,1.6136665536975094,476.6666666666667,1.6136665536975094
429,429,3,recov,0.19915605737020545,1.6136665536975094,476.6666666666667,1.6136665536975094
430,430,4,recov,0.19915605737020545,1.6136665536975094,476.6666666666667,1.6136665536975094
431,431,5,recov,0.19915605737020545,1.6136665536975094,476.6666666666667,1.6136665536975094
432,432,3,recov,0.19915605737020545,1.6136665536975094,476.6666666666667,1.6136665536975094
433,433,4,recov,0.19915605737020545,1.6136665536975094,476.6666666666667,1.6136665536975094
434,434,5,recov,0.19915605737020545,1.6136665536975094,476.6666666666667,1.6136665536975094
435,435,3,recov,0.19915605737020545,1.6136665536975094,476.6666666666667,1.6136665536975094
436,436,4,recov,0.19915605737020545,1.6136665536975094,476.6666666666667,1.6136665536975094
437,437,5,recov,0.19915605737020545,1.6136665536975094,476.6666666666667,1.6136665536975094
438,438,3,recov,0.19915605737020545,1.6136665536975094,476.6666666666667,1.6136665536975094
439,439,4,recov,0.19915605737020545,1.6136665536975094,476.6666666666667,1.6136665536975094
440,440,5,recov,0.19915605737020545,1.6136665536975094,476.6666666666667,1.6136665536975094
441,441,3,recov,0.19915605737020545,1.6136665536975094,476.6666666666667,1.6136665536975094
442,442,4,recov,0.19915605737020545,1.6136665536975094,476.6666666666667,1.6136665536975094
443,443,5,recov,0.19915605737020545,1.6136665536975094,476.6666666666667,1.6136665536975094
444,444,3,recov,0.19915605737020545,1.6136665536975094,476.6666666666667,1.6136665536975094
445,445,4,recov,0.19915605737020545,1.6136665536975094,476.6666666666667,1.6136665536975094
446,446,5,recov,0.19915605737020545,1.6136665536975094,476.6666666666667,1.6136665536975094
447,447,3,recov,0.19915605737020545,1.6136665536975094,476.6666666666667,1.6136665536975094
448,448,4,recov,0.19915605737020545,1.6136665536975094,476.6666666666667,1.6136665536975094
449,449,5,recov,0.19915605737020545,1.6136665536975094,476.6666666666667,1.6136665536975094
450,450,3,recov,0.19915605737020545,1.6136665536975094,476.6666666666667,1.6136665536975094
451,451,4,recov,0.19915605737020545,1.6136665536975094,476.6666666666667,1.6136665536975094
452,452,5,recov,0.19915605737020545,1.6136665536975094,476.6666666666667,1.6136665536975094
453,453,3,recov,0.19915605737020545,1.6136665536975094,476.6666666666667,1.6136665536975094
454,454,4,recov,0.19915605737020545,1.6136665536975094,476.6666666666667,1.6136665536975094
455,455,5,recov,0.19915605737020545,1.6136665536975094,476.6666666666667,1.6136665536975094
456,456,3,recov,0.19915605737020545,1.6136665536975094,476.6666666666667,1.6136665536975094
457,457,4,recov,0.19915605737020545,1.6136665536975094,476.6666666666667,1.6136665536975094
458,458,5,recov,0.19915605737020545,1.6136665536975094,476.6666666666667,1.6136665536975094
459,459,3,recov,0.19915605737020545,1.6136665536975094,476.6666666666667,1.6136665536975094
460,460,4,recov,0.19915605737020545,1.6136665536975094,476.6666666666667,1.6136665536975094
461,461,5,recov,0.19915605737020545,1.6136665536975094,476.6666666666667,1.6136665536975094
462,462,3,recov,0.19915605737020545,1.6136665536975094,476.6666666666667,1.6136665536975094
463,463,4,recov,0.19915605737020545,1.6136665536975094,476.6666666666667,1.6136665536975094
464,464,5,recov,0.19915605737020545,1.6136665536975094,476.6666666666667,1.6136665536975094
465,465,3,recov,0.19915605737020545,1.6136665536975094,476.6666666666667,1.6136665536975094
466,466,4,recov,0.19915605737020545,1.6136665536975094,476.6666666666667,1.6136665536975094
467,467,5,recov,0.19915605737020545,1.6136665536975094,476.6666666666667,1.6136665536975094
468,468,3,recov,0.19915605737020545,1.6136665536975094,476.6666666666667,1.6136665536975094
469,469,4,recov,0.19915605737020545,1.6136665536975094,476.6666666666667,1.6136665536975094
470,470,5,recov,0.19915605737020545,1.6136665536975094,476.6666666666667,1.6136665536975094
471,471,3,recov,0.19915605737020545,1.6136665536975094,476.6666666666667,1.6136665536975094
472,472,4,recov,0.19915605737020545,1.6136665536975094,476.6666666666667,1.6136665536975094
473,473,5,recov,0.19915605737020545,1.6136665536975094,476.6666666666667,1.6136665536975094
474,474,3,recov,0.19915605737020545,1.6136665536975094,476.6666666666667,1.6136665536975094
475,475,4,recov,0.19915605737020545,1.6136665536975094,476.6666666666667,1.6136665536975094
476,476,5,recov,0.19915605737020545,1.6136665536975094,476.6666666666667,1.6136665536975094
477,477,3,recov,0.19915605737020545,1.6136665536975094,476.6666666666667,1.6136665536975094
478,478,4,recov,0.19915605737020545,1.6136665536975094,476.6666666666667,1.6136665536975094
479,479,5,recov,0.19915605737020545,1.6136665536975094,476.6666666666667,1.6136665536975094
480,480,3,recov,0.19915605737020545,1.6136665536975094,476.6666666666667,1.6136665536975094
481,481,4,recov,0.19915605737020545,1.6136665536975094,476.6666666666667,1.6136665536975094
482,482,5,recov,0.19915605737020545,1.6136665536975094,476.6666666666667,1.6136665536975094
483,483,3,recov,0.19915605737020545,1.6136665536975094,476.6666666666667,1.6136665536975094
484,484,4,recov,0.19915605737020545,1.6136665536975094,476.6666666666667,1.6136665536975094
485,485,5,recov,0.19915605737020545,1.6136665536975094,476.6666666666667,1.6136665536975094
486,486,3,recov,0.19915605737020545,1.6136665536975094,476.6666666666667,1.6136665536975094
487,487,4,recov,0.19915605737020545,1.6136665536975094,476.6666666666667,1.6136665536975094
488,488,5,recov,0.19915605737020545,1.6136665536975094,476.6666666666667,1.6136665536975094
489,489,3,recov,0.19915605737020545,1.6136665536975094,476.6666666666667,1.6136665536975094
490,490,4,recov,0.19915605737020545,1.6136665536975094,476.6666666666667,1.6136665536975094
491,491,5,recov,0.19915605737020545,1.6136665536975094,476.6666666666667,1.6136665536975094
492,492,3,recov,0.19915605737020545,1.6136665536975094,476.6666666666667,1.6136665536975094
493,493,4,recov,0.19915605737020545,1.6136665536975094,476.6666666666667,1.6136665536975094
494,494,5,recov,0.19915605737020545,1.6136665536975094,476.6666666666667,1.6136665536975094
495,495,3,recov,0.19915605737020545,1.6136665536975094,476.6666666666667,1.6136665536975094
496,496,4,recov,0.19915605737020545,1.6136665536975094,476.6666666666667,1.6136665536975094
497,497,5,recov,0.19915605737020545,1.6136665536975094,476.6666666666667,1.6136665536975094
498,498,3,recov,0.19915605737020545,1.6136665536975094,476.6666666666667,1.6136665536975094
499,499,4,recov,0.19915605737020545,1.6136665536975094,476.6666666666667,1.6136665536975094
500,500,5,recov,0.19915605737020545,1.6136665536975094,476.6666666666667,1.6136665536975094
501,501,3,recov,0.19915605737020545,1.6136665536975094,476.6666666666667,1.6136665536975094
502,502,4,recov,0.19915605737020545,1.6136665536975094,476.6666666666667,1.6136665536975094
503,503,5,recov,0.19915605737020545,1.6136665536975094,476.6666666666667,1.6136665536975094
504,504,3,recov,0.19915605737020545,1.6136665536975094,476.6666666666667,1.6136665536975094
505,505,4,recov,0.19915605737020545,1.6136665536975094,476.6666666666667,1.6136665536975094
506,506,5,recov,0.19915605737020545,1.6136665536975094,476.6666666666667,1.6136665536975094
507,507,3,recov,0.19915605737020545,1.6136665536975094,476.6666666666667,1.6136665536975094
508,508,4,recov,0.19915605737020545,1.6136665536975094,476.6666666666667,1.6136665536975094
509,509,5,recov,0.19915605737020545,1.6136665536975094,476.6666666666667,1.6136665536975094
510,510,3,recov,0.19915605737020545,1.6136665536975094,476.6666666666667,1.6136665536975094
511,511,4,recov,0.19915605737020545,1.6136665536975094,476.6666666666667,1.6136665536975094
512,512,5,recov,0.19915605737020545,1.6136665536975094,476.6666666666667,1.6136665536975094
513,513,3,recov,0.19915605737020545,1.6136665536975094,476.6666666666667,1.6136665536975094
514,514,4,recov,0.19915605737020545,1.6136665536975094,476.6666666666667,1.6136665536975094
515,515,5,recov,0.19915605737020545,1.6136665536975094,476.6666666666667,1.6136665536975094
516,516,3,recov,0.19915605737020545,1.6136665536975094,476.6666666666667,1.6136665536975094
517,517,4,recov,0.19915605737020545,1.6136665536975094,476.6666666666667,1.6136665536975094
518,518,5,recov,0.19915605737020545,1.6136665536975094,476.6666666666667,1.6136665536975094
519,519,3,recov,0.19915605737020545,1.6136665536975094,476.6666666666667,1.6136665536975094
520,520,4,recov,0.19915605737020545,1.6136665536975094,476.6666666666667,1.6136665536975094
521,521,5,recov,0.19915605737020545,1.6136665536975094,476.6666666666667,1.6136665536975094
522,522,3,recov,0.19915605737020545,1.6136665536975094,476.6666666666667,1.6136665536975094
523,523,4,recov,0.19915605737020545,1.6136665536975094,476.6666666666667,1.6136665536975094
524,524,5,recov,0.19915605737020545,1.6136665536975094,476.6666666666667,1.6136665536975094
525,525,3,recov,0.19915605737020545,1.6136665536975094,476.6666666666667,1.6136665536975094
526,526,4,recov,0.19915605737020545,1.6136665536975094,476.6666666666667,1.6136665536975094
527,527,5,recov,0.19915605737020545,1.6136665536975094,476.6666666666667,1.6136665536975094
528,528,3,recov,0.19915605737020545,1.6136665536975094,476.6666666666667,1.6136665536975094
529,529,4,recov,0.19915605737020545,1.6136665536975094,476.6666666666667,1.6136665536975094
530,530,5,recov,0.19915605737020545,1.6136665536975094,476.6666666666667,1.6136665536975094
531,531,3,recov,0.19915605737020545,1.6136665536975094,476.6666666666667,1.6136665536975094
532,532,4,recov,0.19915605737020545,1.6136665536975094,476.6666666666667,1.6136665536975094
533,533,5,recov,0.19915605737020545,1.6136665536975094,476.6666666666667,1.6136665536975094
534,534,3,recov,0.19915605737020545,1.6136665536975094,476.6666666666667,1.6136665536975094
535,535,4,recov,0.19915605737020545,1.6136665536975094,476.6666666666667,1.6136665536975094
536,536,5,recov,0.19915605737020545,1.6136665536975094,476.6666666666667,1.6136665536975094
537,537,3,recov,0.19915605737020545,1.6136665536975094,476.6666666666667,1.6136665536975094
538,538,4,recov,0.19915605737020545,1.6136665536975094,476.6666666666667,1.6136665536975094
539,539,5,recov,0.19915605737020545,1.6136665536975094,476.6666666666667,1.6136665536975094
540,540,3,recov,0.19915605737020545,1.6136665536975094,476.6666666666667,1.6136665536975094
541,541,4,recov,0.19915605737020545,1.6136665536975094,476.6666666666667,1.6136665536975094
542,542,5,recov,0.19915605737020545,1.6136665536975094,476.6666666666667,1.6136665536975094
543,543,0,fam_r,6.660893891960303e-05,9.616671771412305,476.6666666666667,1.6136665536975094
544,544,1,fam_r,6.660893891960303e-05,9.616671771412305,476.6666666666667,1.6136665536975094
545,545,2,fam_r,6.660893891960303e-05,9.616671771412305,476.6666666666667,1.6136665536975094
546,546,0,fam_r,0.054019849463798064,2.9184037172968917,476.6666666666667,1.6136665536975094
547,547,1,fam_r,0.054019849463798064,2.9184037172968917,476.6666666666667,1.6136665536975094
548,548,2,fam_r,0.054019849463798064,2.9184037172968917,476.6666666666667,1.6136665536975094
549,549,0,fam_r,0.09335176180643445,2.37138053604519,476.6666666666667,1.6136665536975094
550,550,1,fam_r,0.09335176180643445,2.37138053604519,476.6666666666667,1.6136665536975094
551,551,2,fam_r,0.09335176180643445,2.37138053604519,476.6666666666667,1.6136665536975094
552,552,0,fam_r,0.12202472590421641,2.103531583437907,476.6666666666667,1.6136665536975094
553,553,1,fam_r,0.12202472590421641,2.103531583437907,476.6666666666667,1.6136665536975094
554,554,2,fam_r,0.12202472590421641,2.103531583437907,476.6666666666667,1.6136665536975094
555,555,0,fam_r,0.14292731673149944,1.9454190525424522,476.6666666666667,1.6136665536975094
556,556,1,fam_r,0.14292731673149944,1.9454190525424522,476.6666666666667,1.6136665536975094
557,557,2,fam_r,0.14292731673149944,1.9454190525424522,476.6666666666667,1.6136665536975094
