,time_step,stimulus,type,familiarity,novelty,dN,steady
0,0,0,fam,0.043478260869565216,3.1354942159291497,0.0,3.129509599607466
1,1,1,fam,0.04310344827586207,3.144152278672264,0.0,3.129509599607466
2,2,2,fam,0.04299226139294927,3.1467351470905185,0.0,3.129509599607466
3,3,0,fam,0.0437322794054472,3.1296687903914537,0.0,3.129509599607466
4,4,1,fam,0.043722136801326264,3.129900742180885,0.0,3.129509599607466
5,5,2,fam,0.043719094937431875,3.1299703172276936,0.0,3.129509599607466
6,6,0,fam,0.04373905381313165,3.129513896040385,0.0,3.129509599607466
7,7,1,fam,0.043738779946885575,3.129520157426483,0.0,3.129509599607466
8,8,2,fam,0.04373869778768052,3.129522035834667,0.0,3.129509599607466
9,9,0,fam,0.043739236661587674,3.1295097156099025,0.0,3.129509599607466
10,10,1,fam,0.04373922926718742,3.129509884666371,0.0,3.129509599607466
11,11,2,fam,0.04373922704886784,3.129509935383306,0.0,3.129509599607466
12,12,0,fam,0.043739241598451856,3.129509602739531,0.0,3.129509599607466
13,13,1,fam,0.043739241398803044,3.1295096073040547,0.0,3.129509599607466
14,14,2,fam,0.0437392413389084,3.129509608673412,0.0,3.129509599607466
15,15,0,fam,0.04373924173174716,3.1295095996920317,0.0,3.129509599607466
16,16,1,fam,0.04373924172635664,3.129509599815274,0.0,3.129509599607466
17,17,2,fam,0.04373924172473948,3.1295095998522466,0.0,3.129509599607466
18,18,0,fam,0.04373924173534613,3.1295095996097495,0.0,3.129509599607466
19,19,1,fam,0.043739241735200586,3.129509599613077,0.0,3.129509599607466
20,20,2,fam,0.04373924173515692,3.1295095996140754,0.0,3.129509599607466
21,21,0,fam,0.04373924173544331,3.1295095996075277,0.0,3.129509599607466
22,22,1,fam,0.043739241735439374,3.1295095996076174,0.0,3.129509599607466
23,23,2,fam,0.043739241735438195,3.1295095996076445,0.0,3.129509599607466
24,24,0,fam,0.04373924173544593,3.1295095996074678,0.0,3.129509599607466
25,25,1,fam,0.04373924173544582,3.12950959960747,0.0,3.129509599607466
26,26,2,fam,0.04373924173544579,3.129509599607471,0.0,3.129509599607466
27,27,0,fam,0.043739241735445994,3.129509599607466,0.0,3.129509599607466
28,28,1,fam,0.04373924173544599,3.1295095996074664,0.0,3.129509599607466
29,29,2,fam,0.04373924173544599,3.1295095996074664,0.0,3.129509599607466
30,30,0,fam,0.043739241735445994,3.129509599607466,0.0,3.129509599607466
31,31,1,fam,0.043739241735445994,3.129509599607466,0.0,3.129509599607466
32,32,2,fam,0.043739241735445994,3.129509599607466,0.0,3.129509599607466
33,33,0,fam,0.043739241735445994,3.129509599607466,0.0,3.129509599607466
34,34,1,fam,0.043739241735445994,3.129509599607466,0.0,3.129509599607466
35,35,2,fam,0.043739241735445994,3.129509599607466,0.0,3.129509599607466
36,36,0,fam,0.043739241735445994,3.129509599607466,0.0,3.129509599607466
37,37,1,fam,0.043739241735445994,3.129509599607466,0.0,3.129509599607466
38,38,2,fam,0.043739241735445994,3.129509599607466,0.0,3.129509599607466
39,39,0,fam,0.043739241735445994,3.129509599607466,0.0,3.129509599607466
40,40,1,fam,0.043739241735445994,3.129509599607466,0.0,3.129509599607466
41,41,2,fam,0.043739241735445994,3.129509599607466,0.0,3.129509599607466
42,42,0,fam,0.043739241735445994,3.129509599607466,0.0,3.129509599607466
43,43,1,fam,0.043739241735445994,3.129509599607466,0.0,3.129509599607466
44,44,2,fam,0.043739241735445994,3.129509599607466,0.0,3.129509599607466
45,45,0,fam,0.043739241735445994,3.129509599607466,0.0,3.129509599607466
46,46,1,fam,0.043739241735445994,3.129509599607466,0.0,3.129509599607466
47,47,2,fam,0.043739241735445994,3.129509599607466,0.0,3.129509599607466
48,48,0,fam,0.043739241735445994,3.129509599607466,0.0,3.129509599607466
49,49,1,fam,0.043739241735445994,3.129509599607466,0.0,3.129509599607466
50,50,2,fam,0.043739241735445994,3.129509599607466,0.0,3.129509599607466
51,51,0,fam,0.043739241735445994,3.129509599607466,0.0,3.129509599607466
52,52,1,fam,0.043739241735445994,3.129509599607466,0.0,3.129509599607466
53,53,2,fam,0.043739241735445994,3.129509599607466,0.0,3.129509599607466
54,54,0,fam,0.043739241735445994,3.129509599607466,0.0,3.129509599607466
55,55,1,fam,0.043739241735445994,3.129509599607466,0.0,3.129509599607466
56,56,2,fam,0.043739241735445994,3.129509599607466,0.0,3.129509599607466
57,57,0,fam,0.043739241735445994,3.129509599607466,0.0,3.129509599607466
58,58,1,fam,0.043739241735445994,3.129509599607466,0.0,3.129509599607466
59,59,2,fam,0.043739241735445994,3.129509599607466,0.0,3.129509599607466
60,60,0,fam,0.043739241735445994,3.129509599607466,0.0,3.129509599607466
61,61,1,fam,0.043739241735445994,3.129509599607466,0.0,3.129509599607466
62,62,2,fam,0.043739241735445994,3.129509599607466,0.0,3.129509599607466
63,63,0,fam,0.043739241735445994,3.129509599607466,0.0,3.129509599607466
64,64,1,fam,0.043739241735445994,3.129509599607466,0.0,3.129509599607466
65,65,2,fam,0.043739241735445994,3.129509599607466,0.0,3.129509599607466
66,66,0,fam_r,0.043739241735445994,3.129509599607466,0.0,3.129509599607466
67,67,1,fam_r,0.043739241735445994,3.129509599607466,0.0,3.129509599607466
68,68,2,fam_r,0.043739241735445994,3.129509599607466,0.0,3.129509599607466
69,69,0,fam_r,0.043739241735445994,3.129509599607466,0.0,3.129509599607466
70,70,1,fam_r,0.043739241735445994,3.129509599607466,0.0,3.129509599607466
71,71,2,fam_r,0.043739241735445994,3.129509599607466,0.0,3.129509599607466
72,72,0,fam_r,0.043739241735445994,3.129509599607466,0.0,3.129509599607466
73,73,1,fam_r,0.043739241735445994,3.129509599607466,0.0,3.129509599607466
74,74,2,fam_r,0.043739241735445994,3.129509599607466,0.0,3.129509599607466
75,75,0,fam_r,0.043739241735445994,3.129509599607466,0.0,3.129509599607466
76,76,1,fam_r,0.043739241735445994,3.129509599607466,0.0,3.129509599607466
77,77,2,fam_r,0.043739241735445994,3.129509599607466,0.0,3.129509599607466
78,78,0,fam_r,0.043739241735445994,3.129509599607466,0.0,3.129509599607466
79,79,1,fam_r,0.043739241735445994,3.129509599607466,0.0,3.129509599607466
80,80,2,fam_r,0.043739241735445994,3.129509599607466,0.0,3.129509599607466
0,0,0,fam,0.043478260869565216,3.1354942159291497,73.33333333333334,3.129509599607466
1,1,1,fam,0.04310344827586207,3.144152278672264,73.33333333333334,3.129509599607466
2,2,2,fam,0.04299226139294927,3.1467351470905185,73.33333333333334,3.129509599607466
3,3,0,fam,0.0437322794054472,3.1296687903914537,73.33333333333334,3.129509599607466
4,4,1,fam,0.043722136801326264,3.129900742180885,73.33333333333334,3.129509599607466
5,5,2,fam,0.043719094937431875,3.1299703172276936,73.33333333333334,3.129509599607466
6,6,0,fam,0.04373905381313165,3.129513896040385,73.33333333333334,3.129509599607466
7,7,1,fam,0.043738779946885575,3.129520157426483,73.33333333333334,3.129509599607466
8,8,2,fam,0.04373869778768052,3.129522035834667,73.33333333333334,3.129509599607466
9,9,0,fam,0.043739236661587674,3.1295097156099025,73.33333333333334,3.129509599607466
10,10,1,fam,0.04373922926718742,3.129509884666371,73.33333333333334,3.129509599607466
11,11,2,fam,0.04373922704886784,3.129509935383306,73.33333333333334,3.129509599607466
12,12,0,fam,0.043739241598451856,3.129509602739531,73.33333333333334,3.129509599607466
13,13,1,fam,0.043739241398803044,3.1295096073040547,73.33333333333334,3.129509599607466
14,14,2,fam,0.0437392413389084,3.129509608673412,73.33333333333334,3.129509599607466
15,15,0,fam,0.04373924173174716,3.1295095996920317,73.33333333333334,3.129509599607466
16,16,1,fam,0.04373924172635664,3.129509599815274,73.33333333333334,3.129509599607466
17,17,2,fam,0.04373924172473948,3.1295095998522466,73.33333333333334,3.129509599607466
18,18,0,fam,0.04373924173534613,3.1295095996097495,73.33333333333334,3.129509599607466
19,19,1,fam,0.043739241735200586,3.129509599613077,73.33333333333334,3.129509599607466
20,20,2,fam,0.04373924173515692,3.1295095996140754,73.33333333333334,3.129509599607466
21,21,0,fam,0.04373924173544331,3.1295095996075277,73.33333333333334,3.129509599607466
22,22,1,fam,0.043739241735439374,3.1295095996076174,73.33333333333334,3.129509599607466
23,23,2,fam,0.043739241735438195,3.1295095996076445,73.33333333333334,3.129509599607466
24,24,0,fam,0.04373924173544593,3.1295095996074678,73.33333333333334,3.129509599607466
25,25,1,fam,0.04373924173544582,3.12950959960747,73.33333333333334,3.129509599607466
26,26,2,fam,0.04373924173544579,3.129509599607471,73.33333333333334,3.129509599607466
27,27,0,fam,0.043739241735445994,3.129509599607466,73.33333333333334,3.129509599607466
28,28,1,fam,0.04373924173544599,3.1295095996074664,73.33333333333334,3.129509599607466
29,29,2,fam,0.04373924173544599,3.1295095996074664,73.33333333333334,3.129509599607466
30,30,0,fam,0.043739241735445994,3.129509599607466,73.33333333333334,3.129509599607466
31,31,1,fam,0.043739241735445994,3.129509599607466,73.33333333333334,3.129509599607466
32,32,2,fam,0.043739241735445994,3.129509599607466,73.33333333333334,3.129509599607466
33,33,0,fam,0.043739241735445994,3.129509599607466,73.33333333333334,3.129509599607466
34,34,1,fam,0.043739241735445994,3.129509599607466,73.33333333333334,3.129509599607466
35,35,2,fam,0.043739241735445994,3.129509599607466,73.33333333333334,3.129509599607466
36,36,0,fam,0.043739241735445994,3.129509599607466,73.33333333333334,3.129509599607466
37,37,1,fam,0.043739241735445994,3.129509599607466,73.33333333333334,3.129509599607466
38,38,2,fam,0.043739241735445994,3.129509599607466,73.33333333333334,3.129509599607466
39,39,0,fam,0.043739241735445994,3.129509599607466,73.33333333333334,3.129509599607466
40,40,1,fam,0.043739241735445994,3.129509599607466,73.33333333333334,3.129509599607466
41,41,2,fam,0.043739241735445994,3.129509599607466,73.33333333333334,3.129509599607466
42,42,0,fam,0.043739241735445994,3.129509599607466,73.33333333333334,3.129509599607466
43,43,1,fam,0.043739241735445994,3.129509599607466,73.33333333333334,3.129509599607466
44,44,2,fam,0.043739241735445994,3.129509599607466,73.33333333333334,3.129509599607466
45,45,0,fam,0.043739241735445994,3.129509599607466,73.33333333333334,3.129509599607466
46,46,1,fam,0.043739241735445994,3.129509599607466,73.33333333333334,3.129509599607466
47,47,2,fam,0.043739241735445994,3.129509599607466,73.33333333333334,3.129509599607466
48,48,0,fam,0.043739241735445994,3.129509599607466,73.33333333333334,3.129509599607466
49,49,1,fam,0.043739241735445994,3.129509599607466,73.33333333333334,3.129509599607466
50,50,2,fam,0.043739241735445994,3.129509599607466,73.33333333333334,3.129509599607466
51,51,0,fam,0.043739241735445994,3.129509599607466,73.33333333333334,3.129509599607466
52,52,1,fam,0.043739241735445994,3.129509599607466,73.33333333333334,3.129509599607466
53,53,2,fam,0.043739241735445994,3.129509599607466,73.33333333333334,3.129509599607466
54,54,0,fam,0.043739241735445994,3.129509599607466,73.33333333333334,3.129509599607466
55,55,1,fam,0.043739241735445994,3.129509599607466,73.33333333333334,3.129509599607466
56,56,2,fam,0.043739241735445994,3.129509599607466,73.33333333333334,3.129509599607466
57,57,0,fam,0.043739241735445994,3.129509599607466,73.33333333333334,3.129509599607466
58,58,1,fam,0.043739241735445994,3.129509599607466,73.33333333333334,3.129509599607466
59,59,2,fam,0.043739241735445994,3.129509599607466,73.33333333333334,3.129509599607466
60,60,0,fam,0.043739241735445994,3.129509599607466,73.33333333333334,3.129509599607466
61,61,1,fam,0.043739241735445994,3.129509599607466,73.33333333333334,3.129509599607466
62,62,2,fam,0.043739241735445994,3.129509599607466,73.33333333333334,3.129509599607466
63,63,0,fam,0.043739241735445994,3.129509599607466,73.33333333333334,3.129509599607466
64,64,1,fam,0.043739241735445994,3.129509599607466,73.33333333333334,3.129509599607466
65,65,2,fam,0.043739241735445994,3.129509599607466,73.33333333333334,3.129509599607466
66,66,3,recov,0.04294478527607362,3.147840051751449,73.33333333333334,3.129509599607466
67,67,4,recov,0.04294478527607362,3.147840051751449,73.33333333333334,3.129509599607466
68,68,5,recov,0.04294478527607362,3.147840051751449,73.33333333333334,3.129509599607466
69,69,3,recov,0.04371779141104294,3.1300001336231182,73.33333333333334,3.129509599607466
70,70,4,recov,0.04371779141104294,3.1300001336231182,73.33333333333334,3.129509599607466
71,71,5,recov,0.04371779141104294,3.1300001336231182,73.33333333333334,3.129509599607466
72,72,3,recov,0.04373866257668712,3.129522840865666,73.33333333333334,3.129509599607466
73,73,4,recov,0.04373866257668712,3.129522840865666,73.33333333333334,3.129509599607466
74,74,5,recov,0.04373866257668712,3.129522840865666,73.33333333333334,3.129509599607466
75,75,3,recov,0.04373922609815951,3.1295099571191347,73.33333333333334,3.129509599607466
76,76,4,recov,0.04373922609815951,3.1295099571191347,73.33333333333334,3.129509599607466
77,77,5,recov,0.04373922609815951,3.1295099571191347,73.33333333333334,3.129509599607466
78,78,3,recov,0.043739241313239266,3.129509609260279,73.33333333333334,3.129509599607466
79,79,4,recov,0.043739241313239266,3.129509609260279,73.33333333333334,3.129509599607466
80,80,5,recov,0.043739241313239266,3.129509609260279,73.33333333333334,3.129509599607466
81,81,3,recov,0.04373924172404642,3.129509599868092,73.33333333333334,3.129509599607466
82,82,4,recov,0.04373924172404642,3.129509599868092,73.33333333333334,3.129509599607466
83,83,5,recov,0.04373924172404642,3.129509599868092,73.33333333333334,3.129509599607466
84,84,3,recov,0.043739241735138205,3.129509599614503,73.33333333333334,3.129509599607466
85,85,4,recov,0.043739241735138205,3.129509599614503,73.33333333333334,3.129509599607466
86,86,5,recov,0.043739241735138205,3.129509599614503,73.33333333333334,3.129509599607466
87,87,3,recov,0.04373924173543769,3.129509599607656,73.33333333333334,3.129509599607466
88,88,4,recov,0.04373924173543769,3.129509599607656,73.33333333333334,3.129509599607466
89,89,5,recov,0.04373924173543769,3.129509599607656,73.33333333333334,3.129509599607466
90,90,3,recov,0.04373924173544578,3.1295095996074713,73.33333333333334,3.129509599607466
91,91,4,recov,0.04373924173544578,3.1295095996074713,73.33333333333334,3.129509599607466
92,92,5,recov,0.04373924173544578,3.1295095996074713,73.33333333333334,3.129509599607466
93,93,3,recov,0.04373924173544599,3.1295095996074664,73.33333333333334,3.129509599607466
94,94,4,recov,0.04373924173544599,3.1295095996074664,73.33333333333334,3.129509599607466
95,95,5,recov,0.04373924173544599,3.1295095996074664,73.33333333333334,3.129509599607466
96,96,3,recov,0.043739241735445994,3.129509599607466,73.33333333333334,3.129509599607466
97,97,4,recov,0.043739241735445994,3.129509599607466,73.33333333333334,3.129509599607466
98,98,5,recov,0.043739241735445994,3.129509599607466,73.33333333333334,3.129509599607466
99,99,3,recov,0.043739241735445994,3.129509599607466,73.33333333333334,3.129509599607466
100,100,4,recov,0.043739241735445994,3.129509599607466,73.33333333333334,3.129509599607466
101,101,5,recov,0.043739241735445994,3.129509599607466,73.33333333333334,3.129509599607466
102,102,3,recov,0.043739241735445994,3.129509599607466,73.33333333333334,3.129509599607466
103,103,4,recov,0.043739241735445994,3.129509599607466,73.33333333333334,3.129509599607466
104,104,5,recov,0.043739241735445994,3.129509599607466,73.33333333333334,3.129509599607466
105,105,3,recov,0.043739241735445994,3.129509599607466,73.33333333333334,3.129509599607466
106,106,4,recov,0.043739241735445994,3.129509599607466,73.33333333333334,3.129509599607466
107,107,5,recov,0.043739241735445994,3.129509599607466,73.33333333333334,3.129509599607466
108,108,3,recov,0.043739241735445994,3.129509599607466,73.33333333333334,3.129509599607466
109,109,4,recov,0.043739241735445994,3.129509599607466,73.33333333333334,3.129509599607466
110,110,5,recov,0.043739241735445994,3.129509599607466,73.33333333333334,3.129509599607466
111,111,3,recov,0.043739241735445994,3.129509599607466,73.33333333333334,3.129509599607466
112,112,4,recov,0.043739241735445994,3.129509599607466,73.33333333333334,3.129509599607466
113,113,5,recov,0.043739241735445994,3.129509599607466,73.33333333333334,3.129509599607466
114,114,3,recov,0.043739241735445994,3.129509599607466,73.33333333333334,3.129509599607466
115,115,4,recov,0.043739241735445994,3.129509599607466,73.33333333333334,3.129509599607466
116,116,5,recov,0.043739241735445994,3.129509599607466,73.33333333333334,3.129509599607466
117,117,3,recov,0.043739241735445994,3.129509599607466,73.33333333333334,3.129509599607466
118,118,4,recov,0.043739241735445994,3.129509599607466,73.33333333333334,3.129509599607466
119,119,5,recov,0.043739241735445994,3.129509599607466,73.33333333333334,3.129509599607466
120,120,3,recov,0.043739241735445994,3.129509599607466,73.33333333333334,3.129509599607466
121,121,4,recov,0.043739241735445994,3.129509599607466,73.33333333333334,3.129509599607466
122,122,5,recov,0.043739241735445994,3.129509599607466,73.33333333333334,3.129509599607466
123,123,3,recov,0.043739241735445994,3.129509599607466,73.33333333333334,3.129509599607466
124,124,4,recov,0.043739241735445994,3.129509599607466,73.33333333333334,3.129509599607466
125,125,5,recov,0.043739241735445994,3.129509599607466,73.33333333333334,3.129509599607466
126,126,3,recov,0.043739241735445994,3.129509599607466,73.33333333333334,3.129509599607466
127,127,4,recov,0.043739241735445994,3.129509599607466,73.33333333333334,3.129509599607466
128,128,5,recov,0.043739241735445994,3.129509599607466,73.33333333333334,3.129509599607466
129,129,3,recov,0.043739241735445994,3.129509599607466,73.33333333333334,3.129509599607466
130,130,4,recov,0.043739241735445994,3.129509599607466,73.33333333333334,3.129509599607466
131,131,5,recov,0.043739241735445994,3.129509599607466,73.33333333333334,3.129509599607466
132,132,3,recov,0.043739241735445994,3.129509599607466,73.33333333333334,3.129509599607466
133,133,4,recov,0.043739241735445994,3.129509599607466,73.33333333333334,3.129509599607466
134,134,5,recov,0.043739241735445994,3.129509599607466,73.33333333333334,3.129509599607466
135,135,3,recov,0.043739241735445994,3.129509599607466,73.33333333333334,3.129509599607466
136,136,4,recov,0.043739241735445994,3.129509599607466,73.33333333333334,3.129509599607466
137,137,5,recov,0.043739241735445994,3.129509599607466,73.33333333333334,3.129509599607466
138,138,0,fam_r,0.04294478527607362,3.147840051751449,73.33333333333334,3.129509599607466
139,139,1,fam_r,0.04294478527607362,3.147840051751449,73.33333333333334,3.129509599607466
140,140,2,fam_r,0.04294478527607362,3.147840051751449,73.33333333333334,3.129509599607466
141,141,0,fam_r,0.04371779141104294,3.1300001336231182,73.33333333333334,3.129509599607466
142,142,1,fam_r,0.04371779141104294,3.1300001336231182,73.33333333333334,3.129509599607466
143,143,2,fam_r,0.04371779141104294,3.1300001336231182,73.33333333333334,3.129509599607466
144,144,0,fam_r,0.04373866257668712,3.129522840865666,73.33333333333334,3.129509599607466
145,145,1,fam_r,0.04373866257668712,3.129522840865666,73.33333333333334,3.129509599607466
146,146,2,fam_r,0.04373866257668712,3.129522840865666,73.33333333333334,3.129509599607466
147,147,0,fam_r,0.04373922609815951,3.1295099571191347,73.33333333333334,3.129509599607466
148,148,1,fam_r,0.04373922609815951,3.1295099571191347,73.33333333333334,3.129509599607466
149,149,2,fam_r,0.04373922609815951,3.1295099571191347,73.33333333333334,3.129509599607466
150,150,0,fam_r,0.043739241313239266,3.129509609260279,73.33333333333334,3.129509599607466
151,151,1,fam_r,0.043739241313239266,3.129509609260279,73.33333333333334,3.129509599607466
152,152,2,fam_r,0.043739241313239266,3.129509609260279,73.33333333333334,3.129509599607466
0,0,0,fam,0.043478260869565216,3.1354942159291497,146.66666666666669,3.129509599607466
1,1,1,fam,0.04310344827586207,3.144152278672264,146.66666666666669,3.129509599607466
2,2,2,fam,0.04299226139294927,3.1467351470905185,146.66666666666669,3.129509599607466
3,3,0,fam,0.0437322794054472,3.1296687903914537,146.66666666666669,3.129509599607466
4,4,1,fam,0.043722136801326264,3.129900742180885,146.66666666666669,3.129509599607466
5,5,2,fam,0.043719094937431875,3.1299703172276936,146.66666666666669,3.129509599607466
6,6,0,fam,0.04373905381313165,3.129513896040385,146.66666666666669,3.129509599607466
7,7,1,fam,0.043738779946885575,3.129520157426483,146.66666666666669,3.129509599607466
8,8,2,fam,0.04373869778768052,3.129522035834667,146.66666666666669,3.129509599607466
9,9,0,fam,0.043739236661587674,3.1295097156099025,146.66666666666669,3.129509599607466
10,10,1,fam,0.04373922926718742,3.129509884666371,146.66666666666669,3.129509599607466
11,11,2,fam,0.04373922704886784,3.129509935383306,146.66666666666669,3.129509599607466
12,12,0,fam,0.043739241598451856,3.129509602739531,146.66666666666669,3.129509599607466
13,13,1,fam,0.043739241398803044,3.1295096073040547,146.66666666666669,3.129509599607466
14,14,2,fam,0.0437392413389084,3.129509608673412,146.66666666666669,3.129509599607466
15,15,0,fam,0.04373924173174716,3.1295095996920317,146.66666666666669,3.129509599607466
16,16,1,fam,0.04373924172635664,3.129509599815274,146.66666666666669,3.129509599607466
17,17,2,fam,0.04373924172473948,3.1295095998522466,146.66666666666669,3.129509599607466
18,18,0,fam,0.04373924173534613,3.1295095996097495,146.66666666666669,3.129509599607466
19,19,1,fam,0.043739241735200586,3.129509599613077,146.66666666666669,3.129509599607466
20,20,2,fam,0.04373924173515692,3.1295095996140754,146.66666666666669,3.129509599607466
21,21,0,fam,0.04373924173544331,3.1295095996075277,146.66666666666669,3.129509599607466
22,22,1,fam,0.043739241735439374,3.1295095996076174,146.66666666666669,3.129509599607466
23,23,2,fam,0.043739241735438195,3.1295095996076445,146.66666666666669,3.129509599607466
24,24,0,fam,0.04373924173544593,3.1295095996074678,146.66666666666669,3.129509599607466
25,25,1,fam,0.04373924173544582,3.12950959960747,146.66666666666669,3.129509599607466
26,26,2,fam,0.04373924173544579,3.129509599607471,146.66666666666669,3.129509599607466
27,27,0,fam,0.043739241735445994,3.129509599607466,146.66666666666669,3.129509599607466
28,28,1,fam,0.04373924173544599,3.1295095996074664,146.66666666666669,3.129509599607466
29,29,2,fam,0.04373924173544599,3.1295095996074664,146.66666666666669,3.129509599607466
30,30,0,fam,0.043739241735445994,3.129509599607466,146.66666666666669,3.129509599607466
31,31,1,fam,0.043739241735445994,3.129509599607466,146.66666666666669,3.129509599607466
32,32,2,fam,0.043739241735445994,3.129509599607466,146.66666666666669,3.129509599607466
33,33,0,fam,0.043739241735445994,3.129509599607466,146.66666666666669,3.129509599607466
34,34,1,fam,0.043739241735445994,3.129509599607466,146.66666666666669,3.129509599607466
35,35,2,fam,0.043739241735445994,3.129509599607466,146.66666666666669,3.129509599607466
36,36,0,fam,0.043739241735445994,3.129509599607466,146.66666666666669,3.129509599607466
37,37,1,fam,0.043739241735445994,3.129509599607466,146.66666666666669,3.129509599607466
38,38,2,fam,0.043739241735445994,3.129509599607466,146.66666666666669,3.129509599607466
39,39,0,fam,0.043739241735445994,3.129509599607466,146.66666666666669,3.129509599607466
40,40,1,fam,0.043739241735445994,3.129509599607466,146.66666666666669,3.129509599607466
41,41,2,fam,0.043739241735445994,3.129509599607466,146.66666666666669,3.129509599607466
42,42,0,fam,0.043739241735445994,3.129509599607466,146.66666666666669,3.129509599607466
43,43,1,fam,0.043739241735445994,3.129509599607466,146.66666666666669,3.129509599607466
44,44,2,fam,0.043739241735445994,3.129509599607466,146.66666666666669,3.129509599607466
45,45,0,fam,0.043739241735445994,3.129509599607466,146.66666666666669,3.129509599607466
46,46,1,fam,0.043739241735445994,3.129509599607466,146.66666666666669,3.129509599607466
47,47,2,fam,0.043739241735445994,3.129509599607466,146.66666666666669,3.129509599607466
48,48,0,fam,0.043739241735445994,3.129509599607466,146.66666666666669,3.129509599607466
49,49,1,fam,0.043739241735445994,3.129509599607466,146.66666666666669,3.129509599607466
50,50,2,fam,0.043739241735445994,3.129509599607466,146.66666666666669,3.129509599607466
51,51,0,fam,0.043739241735445994,3.129509599607466,146.66666666666669,3.129509599607466
52,52,1,fam,0.043739241735445994,3.129509599607466,146.66666666666669,3.129509599607466
53,53,2,fam,0.043739241735445994,3.129509599607466,146.66666666666669,3.129509599607466
54,54,0,fam,0.043739241735445994,3.129509599607466,146.66666666666669,3.129509599607466
55,55,1,fam,0.043739241735445994,3.129509599607466,146.66666666666669,3.129509599607466
56,56,2,fam,0.043739241735445994,3.129509599607466,146.66666666666669,3.129509599607466
57,57,0,fam,0.043739241735445994,3.129509599607466,146.66666666666669,3.129509599607466
58,58,1,fam,0.043739241735445994,3.129509599607466,146.66666666666669,3.129509599607466
59,59,2,fam,0.043739241735445994,3.129509599607466,146.66666666666669,3.129509599607466
60,60,0,fam,0.043739241735445994,3.129509599607466,146.66666666666669,3.129509599607466
61,61,1,fam,0.043739241735445994,3.129509599607466,146.66666666666669,3.129509599607466
62,62,2,fam,0.043739241735445994,3.129509599607466,146.66666666666669,3.129509599607466
63,63,0,fam,0.043739241735445994,3.129509599607466,146.66666666666669,3.129509599607466
64,64,1,fam,0.043739241735445994,3.129509599607466,146.66666666666669,3.129509599607466
65,65,2,fam,0.043739241735445994,3.129509599607466,146.66666666666669,3.129509599607466
66,66,3,recov,0.04294478527607362,3.147840051751449,146.66666666666669,3.129509599607466
67,67,4,recov,0.04294478527607362,3.147840051751449,146.66666666666669,3.129509599607466
68,68,5,recov,0.04294478527607362,3.147840051751449,146.66666666666669,3.129509599607466
69,69,3,recov,0.04371779141104294,3.1300001336231182,146.66666666666669,3.129509599607466
70,70,4,recov,0.04371779141104294,3.1300001336231182,146.66666666666669,3.129509599607466
71,71,5,recov,0.04371779141104294,3.1300001336231182,146.66666666666669,3.129509599607466
72,72,3,recov,0.04373866257668712,3.129522840865666,146.66666666666669,3.129509599607466
73,73,4,recov,0.04373866257668712,3.129522840865666,146.66666666666669,3.129509599607466
74,74,5,recov,0.04373866257668712,3.129522840865666,146.66666666666669,3.129509599607466
75,75,3,recov,0.04373922609815951,3.1295099571191347,146.66666666666669,3.129509599607466
76,76,4,recov,0.04373922609815951,3.1295099571191347,146.66666666666669,3.129509599607466
77,77,5,recov,0.04373922609815951,3.1295099571191347,146.66666666666669,3.129509599607466
78,78,3,recov,0.043739241313239266,3.129509609260279,146.66666666666669,3.129509599607466
79,79,4,recov,0.043739241313239266,3.129509609260279,146.66666666666669,3.129509599607466
80,80,5,recov,0.043739241313239266,3.129509609260279,146.66666666666669,3.129509599607466
81,81,3,recov,0.04373924172404642,3.129509599868092,146.66666666666669,3.129509599607466
82,82,4,recov,0.04373924172404642,3.129509599868092,146.66666666666669,3.129509599607466
83,83,5,recov,0.04373924172404642,3.129509599868092,146.66666666666669,3.129509599607466
84,84,3,recov,0.043739241735138205,3.129509599614503,146.66666666666669,3.129509599607466
85,85,4,recov,0.043739241735138205,3.129509599614503,146.66666666666669,3.129509599607466
86,86,5,recov,0.043739241735138205,3.129509599614503,146.66666666666669,3.129509599607466
87,87,3,recov,0.04373924173543769,3.129509599607656,146.66666666666669,3.129509599607466
88,88,4,recov,0.04373924173543769,3.129509599607656,146.66666666666669,3.129509599607466
89,89,5,recov,0.04373924173543769,3.129509599607656,146.66666666666669,3.129509599607466
90,90,3,recov,0.04373924173544578,3.1295095996074713,146.66666666666669,3.129509599607466
91,91,4,recov,0.04373924173544578,3.1295095996074713,146.66666666666669,3.129509599607466
92,92,5,recov,0.04373924173544578,3.1295095996074713,146.66666666666669,3.129509599607466
93,93,3,recov,0.04373924173544599,3.1295095996074664,146.66666666666669,3.129509599607466
94,94,4,recov,0.04373924173544599,3.1295095996074664,146.66666666666669,3.129509599607466
95,95,5,recov,0.04373924173544599,3.1295095996074664,146.66666666666669,3.129509599607466
96,96,3,recov,0.043739241735445994,3.129509599607466,146.66666666666669,3.129509599607466
97,97,4,recov,0.043739241735445994,3.129509599607466,146.66666666666669,3.129509599607466
98,98,5,recov,0.043739241735445994,3.129509599607466,146.66666666666669,3.129509599607466
99,99,3,recov,0.043739241735445994,3.129509599607466,146.66666666666669,3.129509599607466
100,100,4,recov,0.043739241735445994,3.129509599607466,146.66666666666669,3.129509599607466
101,101,5,recov,0.043739241735445994,3.129509599607466,146.66666666666669,3.129509599607466
102,102,3,recov,0.043739241735445994,3.129509599607466,146.66666666666669,3.129509599607466
103,103,4,recov,0.043739241735445994,3.129509599607466,146.66666666666669,3.129509599607466
104,104,5,recov,0.043739241735445994,3.129509599607466,146.66666666666669,3.129509599607466
105,105,3,recov,0.043739241735445994,3.129509599607466,146.66666666666669,3.129509599607466
106,106,4,recov,0.043739241735445994,3.129509599607466,146.66666666666669,3.129509599607466
107,107,5,recov,0.043739241735445994,3.129509599607466,146.66666666666669,3.129509599607466
108,108,3,recov,0.043739241735445994,3.129509599607466,146.66666666666669,3.129509599607466
109,109,4,recov,0.043739241735445994,3.129509599607466,146.66666666666669,3.129509599607466
110,110,5,recov,0.043739241735445994,3.129509599607466,146.66666666666669,3.129509599607466
111,111,3,recov,0.043739241735445994,3.129509599607466,146.66666666666669,3.129509599607466
112,112,4,recov,0.043739241735445994,3.129509599607466,146.66666666666669,3.129509599607466
113,113,5,recov,0.043739241735445994,3.129509599607466,146.66666666666669,3.129509599607466
114,114,3,recov,0.043739241735445994,3.129509599607466,146.66666666666669,3.129509599607466
115,115,4,recov,0.043739241735445994,3.129509599607466,146.66666666666669,3.129509599607466
116,116,5,recov,0.043739241735445994,3.129509599607466,146.66666666666669,3.129509599607466
117,117,3,recov,0.043739241735445994,3.129509599607466,146.66666666666669,3.129509599607466
118,118,4,recov,0.043739241735445994,3.129509599607466,146.66666666666669,3.129509599607466
119,119,5,recov,0.043739241735445994,3.129509599607466,146.66666666666669,3.129509599607466
120,120,3,recov,0.043739241735445994,3.129509599607466,146.66666666666669,3.129509599607466
121,121,4,recov,0.043739241735445994,3.129509599607466,146.66666666666669,3.129509599607466
122,122,5,recov,0.043739241735445994,3.129509599607466,146.66666666666669,3.129509599607466
123,123,3,recov,0.043739241735445994,3.129509599607466,146.66666666666669,3.129509599607466
124,124,4,recov,0.043739241735445994,3.129509599607466,146.66666666666669,3.129509599607466
125,125,5,recov,0.043739241735445994,3.129509599607466,146.66666666666669,3.129509599607466
126,126,3,recov,0.043739241735445994,3.129509599607466,146.66666666666669,3.129509599607466
127,127,4,recov,0.043739241735445994,3.129509599607466,146.66666666666669,3.129509599607466
128,128,5,recov,0.043739241735445994,3.129509599607466,146.66666666666669,3.129509599607466
129,129,3,recov,0.043739241735445994,3.129509599607466,146.66666666666669,3.129509599607466
130,130,4,recov,0.043739241735445994,3.129509599607466,146.66666666666669,3.129509599607466
131,131,5,recov,0.043739241735445994,3.129509599607466,146.66666666666669,3.129509599607466
132,132,3,recov,0.043739241735445994,3.129509599607466,146.66666666666669,3.129509599607466
133,133,4,recov,0.043739241735445994,3.129509599607466,146.66666666666669,3.129509599607466
134,134,5,recov,0.043739241735445994,3.129509599607466,146.66666666666669,3.129509599607466
135,135,3,recov,0.043739241735445994,3.129509599607466,146.66666666666669,3.129509599607466
136,136,4,recov,0.043739241735445994,3.129509599607466,146.66666666666669,3.129509599607466
137,137,5,recov,0.043739241735445994,3.129509599607466,146.66666666666669,3.129509599607466
138,138,3,recov,0.043739241735445994,3.129509599607466,146.66666666666669,3.129509599607466
139,139,4,recov,0.043739241735445994,3.129509599607466,146.66666666666669,3.129509599607466
140,140,5,recov,0.043739241735445994,3.129509599607466,146.66666666666669,3.129509599607466
141,141,3,recov,0.043739241735445994,3.129509599607466,146.66666666666669,3.129509599607466
142,142,4,recov,0.043739241735445994,3.129509599607466,146.66666666666669,3.129509599607466
143,143,5,recov,0.043739241735445994,3.129509599607466,146.66666666666669,3.129509599607466
144,144,3,recov,0.043739241735445994,3.129509599607466,146.66666666666669,3.129509599607466
145,145,4,recov,0.043739241735445994,3.129509599607466,146.66666666666669,3.129509599607466
146,146,5,recov,0.043739241735445994,3.129509599607466,146.66666666666669,3.129509599607466
147,147,3,recov,0.043739241735445994,3.129509599607466,146.66666666666669,3.129509599607466
148,148,4,recov,0.043739241735445994,3.129509599607466,146.66666666666669,3.129509599607466
149,149,5,recov,0.043739241735445994,3.129509599607466,146.66666666666669,3.129509599607466
150,150,3,recov,0.043739241735445994,3.129509599607466,146.66666666666669,3.129509599607466
151,151,4,recov,0.043739241735445994,3.129509599607466,146.66666666666669,3.129509599607466
152,152,5,recov,0.043739241735445994,3.129509599607466,146.66666666666669,3.129509599607466
153,153,3,recov,0.043739241735445994,3.129509599607466,146.66666666666669,3.129509599607466
154,154,4,recov,0.043739241735445994,3.129509599607466,146.66666666666669,3.129509599607466
155,155,5,recov,0.043739241735445994,3.129509599607466,146.66666666666669,3.129509599607466
156,156,3,recov,0.043739241735445994,3.129509599607466,146.66666666666669,3.129509599607466
157,157,4,recov,0.043739241735445994,3.129509599607466,146.66666666666669,3.129509599607466
158,158,5,recov,0.043739241735445994,3.129509599607466,146.66666666666669,3.129509599607466
159,159,3,recov,0.043739241735445994,3.129509599607466,146.66666666666669,3.129509599607466
160,160,4,recov,0.043739241735445994,3.129509599607466,146.66666666666669,3.129509599607466
161,161,5,recov,0.043739241735445994,3.129509599607466,146.66666666666669,3.129509599607466
162,162,3,recov,0.043739241735445994,3.129509599607466,146.66666666666669,3.129509599607466
163,163,4,recov,0.043739241735445994,3.129509599607466,146.66666666666669,3.129509599607466
164,164,5,recov,0.043739241735445994,3.129509599607466,146.66666666666669,3.129509599607466
165,165,3,recov,0.043739241735445994,3.129509599607466,146.66666666666669,3.129509599607466
166,166,4,recov,0.043739241735445994,3.129509599607466,146.66666666666669,3.129509599607466
167,167,5,recov,0.043739241735445994,3.129509599607466,146.66666666666669,3.129509599607466
168,168,3,recov,0.043739241735445994,3.129509599607466,146.66666666666669,3.129509599607466
169,169,4,recov,0.043739241735445994,3.129509599607466,146.66666666666669,3.129509599607466
170,170,5,recov,0.043739241735445994,3.129509599607466,146.66666666666669,3.129509599607466
171,171,3,recov,0.043739241735445994,3.129509599607466,146.66666666666669,3.129509599607466
172,172,4,recov,0.043739241735445994,3.129509599607466,146.66666666666669,3.129509599607466
173,173,5,recov,0.043739241735445994,3.129509599607466,146.66666666666669,3.129509599607466
174,174,3,recov,0.043739241735445994,3.129509599607466,146.66666666666669,3.129509599607466
175,175,4,recov,0.043739241735445994,3.129509599607466,146.66666666666669,3.129509599607466
176,176,5,recov,0.043739241735445994,3.129509599607466,146.66666666666669,3.129509599607466
177,177,3,recov,0.043739241735445994,3.129509599607466,146.66666666666669,3.129509599607466
178,178,4,recov,0.043739241735445994,3.129509599607466,146.66666666666669,3.129509599607466
179,179,5,recov,0.043739241735445994,3.129509599607466,146.66666666666669,3.129509599607466
180,180,3,recov,0.043739241735445994,3.129509599607466,146.66666666666669,3.129509599607466
181,181,4,recov,0.043739241735445994,3.129509599607466,146.66666666666669,3.129509599607466
182,182,5,recov,0.043739241735445994,3.129509599607466,146.66666666666669,3.129509599607466
183,183,3,recov,0.043739241735445994,3.129509599607466,146.66666666666669,3.129509599607466
184,184,4,recov,0.043739241735445994,3.129509599607466,146.66666666666669,3.129509599607466
185,185,5,recov,0.043739241735445994,3.129509599607466,146.66666666666669,3.129509599607466
186,186,3,recov,0.043739241735445994,3.129509599607466,146.66666666666669,3.129509599607466
187,187,4,recov,0.043739241735445994,3.129509599607466,146.66666666666669,3.129509599607466
188,188,5,recov,0.043739241735445994,3.129509599607466,146.66666666666669,3.129509599607466
189,189,3,recov,0.043739241735445994,3.129509599607466,146.66666666666669,3.129509599607466
190,190,4,recov,0.043739241735445994,3.129509599607466,146.66666666666669,3.129509599607466
191,191,5,recov,0.043739241735445994,3.129509599607466,146.66666666666669,3.129509599607466
192,192,3,recov,0.043739241735445994,3.129509599607466,146.66666666666669,3.129509599607466
193,193,4,recov,0.043739241735445994,3.129509599607466,146.66666666666669,3.129509599607466
194,194,5,recov,0.043739241735445994,3.129509599607466,146.66666666666669,3.129509599607466
195,195,3,recov,0.043739241735445994,3.129509599607466,146.66666666666669,3.129509599607466
196,196,4,recov,0.043739241735445994,3.129509599607466,146.66666666666669,3.129509599607466
197,197,5,recov,0.043739241735445994,3.129509599607466,146.66666666666669,3.129509599607466
198,198,3,recov,0.043739241735445994,3.129509599607466,146.66666666666669,3.129509599607466
199,199,4,recov,0.043739241735445994,3.129509599607466,146.66666666666669,3.129509599607466
200,200,5,recov,0.043739241735445994,3.129509599607466,146.66666666666669,3.129509599607466
201,201,3,recov,0.043739241735445994,3.129509599607466,146.66666666666669,3.129509599607466
202,202,4,recov,0.043739241735445994,3.129509599607466,146.66666666666669,3.129509599607466
203,203,5,recov,0.043739241735445994,3.129509599607466,146.66666666666669,3.129509599607466
204,204,3,recov,0.043739241735445994,3.129509599607466,146.66666666666669,3.129509599607466
205,205,4,recov,0.043739241735445994,3.129509599607466,146.66666666666669,3.129509599607466
206,206,5,recov,0.043739241735445994,3.129509599607466,146.66666666666669,3.129509599607466
207,207,3,recov,0.043739241735445994,3.129509599607466,146.66666666666669,3.129509599607466
208,208,4,recov,0.043739241735445994,3.129509599607466,146.66666666666669,3.129509599607466
209,209,5,recov,0.043739241735445994,3.129509599607466,146.66666666666669,3.129509599607466
210,210,3,recov,0.043739241735445994,3.129509599607466,146.66666666666669,3.129509599607466
211,211,4,recov,0.043739241735445994,3.129509599607466,146.66666666666669,3.129509599607466
212,212,5,recov,0.043739241735445994,3.129509599607466,146.66666666666669,3.129509599607466
213,213,0,fam_r,0.04294478527607362,3.147840051751449,146.66666666666669,3.129509599607466
214,214,1,fam_r,0.04294478527607362,3.147840051751449,146.66666666666669,3.129509599607466
215,215,2,fam_r,0.04294478527607362,3.147840051751449,146.66666666666669,3.129509599607466
216,216,0,fam_r,0.04371779141104294,3.1300001336231182,146.66666666666669,3.129509599607466
217,217,1,fam_r,0.04371779141104294,3.1300001336231182,146.66666666666669,3.129509599607466
218,218,2,fam_r,0.04371779141104294,3.1300001336231182,146.66666666666669,3.129509599607466
219,219,0,fam_r,0.04373866257668712,3.129522840865666,146.66666666666669,3.129509599607466
220,220,1,fam_r,0.04373866257668712,3.129522840865666,146.66666666666669,3.129509599607466
221,221,2,fam_r,0.04373866257668712,3.129522840865666,146.66666666666669,3.129509599607466
222,222,0,fam_r,0.04373922609815951,3.1295099571191347,146.66666666666669,3.129509599607466
223,223,1,fam_r,0.04373922609815951,3.1295099571191347,146.66666666666669,3.129509599607466
224,224,2,fam_r,0.04373922609815951,3.1295099571191347,146.66666666666669,3.129509599607466
225,225,0,fam_r,0.043739241313239266,3.129509609260279,146.66666666666669,3.129509599607466
226,226,1,fam_r,0.043739241313239266,3.129509609260279,146.66666666666669,3.129509599607466
227,227,2,fam_r,0.043739241313239266,3.129509609260279,146.66666666666669,3.129509599607466
0,0,0,fam,0.043478260869565216,3.1354942159291497,220.0,3.129509599607466
1,1,1,fam,0.04310344827586207,3.144152278672264,220.0,3.129509599607466
2,2,2,fam,0.04299226139294927,3.1467351470905185,220.0,3.129509599607466
3,3,0,fam,0.0437322794054472,3.1296687903914537,220.0,3.129509599607466
4,4,1,fam,0.043722136801326264,3.129900742180885,220.0,3.129509599607466
5,5,2,fam,0.043719094937431875,3.1299703172276936,220.0,3.129509599607466
6,6,0,fam,0.04373905381313165,3.129513896040385,220.0,3.129509599607466
7,7,1,fam,0.043738779946885575,3.129520157426483,220.0,3.129509599607466
8,8,2,fam,0.04373869778768052,3.129522035834667,220.0,3.129509599607466
9,9,0,fam,0.043739236661587674,3.1295097156099025,220.0,3.129509599607466
10,10,1,fam,0.04373922926718742,3.129509884666371,220.0,3.129509599607466
11,11,2,fam,0.04373922704886784,3.129509935383306,220.0,3.129509599607466
12,12,0,fam,0.043739241598451856,3.129509602739531,220.0,3.129509599607466
13,13,1,fam,0.043739241398803044,3.1295096073040547,220.0,3.129509599607466
14,14,2,fam,0.0437392413389084,3.129509608673412,220.0,3.129509599607466
15,15,0,fam,0.04373924173174716,3.1295095996920317,220.0,3.129509599607466
16,16,1,fam,0.04373924172635664,3.129509599815274,220.0,3.129509599607466
17,17,2,fam,0.04373924172473948,3.1295095998522466,220.0,3.129509599607466
18,18,0,fam,0.04373924173534613,3.1295095996097495,220.0,3.129509599607466
19,19,1,fam,0.043739241735200586,3.129509599613077,220.0,3.129509599607466
20,20,2,fam,0.04373924173515692,3.1295095996140754,220.0,3.129509599607466
21,21,0,fam,0.04373924173544331,3.1295095996075277,220.0,3.129509599607466
22,22,1,fam,0.043739241735439374,3.1295095996076174,220.0,3.129509599607466
23,23,2,fam,0.043739241735438195,3.1295095996076445,220.0,3.129509599607466
24,24,0,fam,0.04373924173544593,3.1295095996074678,220.0,3.129509599607466
25,25,1,fam,0.04373924173544582,3.12950959960747,220.0,3.129509599607466
26,26,2,fam,0.04373924173544579,3.129509599607471,220.0,3.129509599607466
27,27,0,fam,0.043739241735445994,3.129509599607466,220.0,3.129509599607466
28,28,1,fam,0.04373924173544599,3.1295095996074664,220.0,3.129509599607466
29,29,2,fam,0.04373924173544599,3.1295095996074664,220.0,3.129509599607466
30,30,0,fam,0.043739241735445994,3.129509599607466,220.0,3.129509599607466
31,31,1,fam,0.043739241735445994,3.129509599607466,220.0,3.129509599607466
32,32,2,fam,0.043739241735445994,3.129509599607466,220.0,3.129509599607466
33,33,0,fam,0.043739241735445994,3.129509599607466,220.0,3.129509599607466
34,34,1,fam,0.043739241735445994,3.129509599607466,220.0,3.129509599607466
35,35,2,fam,0.043739241735445994,3.129509599607466,220.0,3.129509599607466
36,36,0,fam,0.043739241735445994,3.129509599607466,220.0,3.129509599607466
37,37,1,fam,0.043739241735445994,3.129509599607466,220.0,3.129509599607466
38,38,2,fam,0.043739241735445994,3.129509599607466,220.0,3.129509599607466
39,39,0,fam,0.043739241735445994,3.129509599607466,220.0,3.129509599607466
40,40,1,fam,0.043739241735445994,3.129509599607466,220.0,3.129509599607466
41,41,2,fam,0.043739241735445994,3.129509599607466,220.0,3.129509599607466
42,42,0,fam,0.043739241735445994,3.129509599607466,220.0,3.129509599607466
43,43,1,fam,0.043739241735445994,3.129509599607466,220.0,3.129509599607466
44,44,2,fam,0.043739241735445994,3.129509599607466,220.0,3.129509599607466
45,45,0,fam,0.043739241735445994,3.129509599607466,220.0,3.129509599607466
46,46,1,fam,0.043739241735445994,3.129509599607466,220.0,3.129509599607466
47,47,2,fam,0.043739241735445994,3.129509599607466,220.0,3.129509599607466
48,48,0,fam,0.043739241735445994,3.129509599607466,220.0,3.129509599607466
49,49,1,fam,0.043739241735445994,3.129509599607466,220.0,3.129509599607466
50,50,2,fam,0.043739241735445994,3.129509599607466,220.0,3.129509599607466
51,51,0,fam,0.043739241735445994,3.129509599607466,220.0,3.129509599607466
52,52,1,fam,0.043739241735445994,3.129509599607466,220.0,3.129509599607466
53,53,2,fam,0.043739241735445994,3.129509599607466,220.0,3.129509599607466
54,54,0,fam,0.043739241735445994,3.129509599607466,220.0,3.129509599607466
55,55,1,fam,0.043739241735445994,3.129509599607466,220.0,3.129509599607466
56,56,2,fam,0.043739241735445994,3.129509599607466,220.0,3.129509599607466
57,57,0,fam,0.043739241735445994,3.129509599607466,220.0,3.129509599607466
58,58,1,fam,0.043739241735445994,3.129509599607466,220.0,3.129509599607466
59,59,2,fam,0.043739241735445994,3.129509599607466,220.0,3.129509599607466
60,60,0,fam,0.043739241735445994,3.129509599607466,220.0,3.129509599607466
61,61,1,fam,0.043739241735445994,3.129509599607466,220.0,3.129509599607466
62,62,2,fam,0.043739241735445994,3.129509599607466,220.0,3.129509599607466
63,63,0,fam,0.043739241735445994,3.129509599607466,220.0,3.129509599607466
64,64,1,fam,0.043739241735445994,3.129509599607466,220.0,3.129509599607466
65,65,2,fam,0.043739241735445994,3.129509599607466,220.0,3.129509599607466
66,66,3,recov,0.04294478527607362,3.147840051751449,220.0,3.129509599607466
67,67,4,recov,0.04294478527607362,3.147840051751449,220.0,3.129509599607466
68,68,5,recov,0.04294478527607362,3.147840051751449,220.0,3.129509599607466
69,69,3,recov,0.04371779141104294,3.1300001336231182,220.0,3.129509599607466
70,70,4,recov,0.04371779141104294,3.1300001336231182,220.0,3.129509599607466
71,71,5,recov,0.04371779141104294,3.1300001336231182,220.0,3.129509599607466
72,72,3,recov,0.04373866257668712,3.129522840865666,220.0,3.129509599607466
73,73,4,recov,0.04373866257668712,3.129522840865666,220.0,3.129509599607466
74,74,5,recov,0.04373866257668712,3.129522840865666,220.0,3.129509599607466
75,75,3,recov,0.04373922609815951,3.1295099571191347,220.0,3.129509599607466
76,76,4,recov,0.04373922609815951,3.1295099571191347,220.0,3.129509599607466
77,77,5,recov,0.04373922609815951,3.1295099571191347,220.0,3.129509599607466
78,78,3,recov,0.043739241313239266,3.129509609260279,220.0,3.129509599607466
79,79,4,recov,0.043739241313239266,3.129509609260279,220.0,3.129509599607466
80,80,5,recov,0.043739241313239266,3.129509609260279,220.0,3.129509599607466
81,81,3,recov,0.04373924172404642,3.129509599868092,220.0,3.129509599607466
82,82,4,recov,0.04373924172404642,3.129509599868092,220.0,3.129509599607466
83,83,5,recov,0.04373924172404642,3.129509599868092,220.0,3.129509599607466
84,84,3,recov,0.043739241735138205,3.129509599614503,220.0,3.129509599607466
85,85,4,recov,0.043739241735138205,3.129509599614503,220.0,3.129509599607466
86,86,5,recov,0.043739241735138205,3.129509599614503,220.0,3.129509599607466
87,87,3,recov,0.04373924173543769,3.129509599607656,220.0,3.129509599607466
88,88,4,recov,0.04373924173543769,3.129509599607656,220.0,3.129509599607466
89,89,5,recov,0.04373924173543769,3.129509599607656,220.0,3.129509599607466
90,90,3,recov,0.04373924173544578,3.1295095996074713,220.0,3.129509599607466
91,91,4,recov,0.04373924173544578,3.1295095996074713,220.0,3.129509599607466
92,92,5,recov,0.04373924173544578,3.1295095996074713,220.0,3.129509599607466
93,93,3,recov,0.04373924173544599,3.1295095996074664,220.0,3.129509599607466
94,94,4,recov,0.04373924173544599,3.1295095996074664,220.0,3.129509599607466
95,95,5,recov,0.04373924173544599,3.1295095996074664,220.0,3.129509599607466
96,96,3,recov,0.043739241735445994,3.129509599607466,220.0,3.129509599607466
97,97,4,recov,0.043739241735445994,3.129509599607466,220.0,3.129509599607466
98,98,5,recov,0.043739241735445994,3.129509599607466,220.0,3.129509599607466
99,99,3,recov,0.043739241735445994,3.129509599607466,220.0,3.129509599607466
100,100,4,recov,0.043739241735445994,3.129509599607466,220.0,3.129509599607466
101,101,5,recov,0.043739241735445994,3.129509599607466,220.0,3.129509599607466
102,102,3,recov,0.043739241735445994,3.129509599607466,220.0,3.129509599607466
103,103,4,recov,0.043739241735445994,3.129509599607466,220.0,3.129509599607466
104,104,5,recov,0.043739241735445994,3.129509599607466,220.0,3.129509599607466
105,105,3,recov,0.043739241735445994,3.129509599607466,220.0,3.129509599607466
106,106,4,recov,0.043739241735445994,3.129509599607466,220.0,3.129509599607466
107,107,5,recov,0.043739241735445994,3.129509599607466,220.0,3.129509599607466
108,108,3,recov,0.043739241735445994,3.129509599607466,220.0,3.129509599607466
109,109,4,recov,0.043739241735445994,3.129509599607466,220.0,3.129509599607466
110,110,5,recov,0.043739241735445994,3.129509599607466,220.0,3.129509599607466
111,111,3,recov,0.043739241735445994,3.129509599607466,220.0,3.129509599607466
112,112,4,recov,0.043739241735445994,3.129509599607466,220.0,3.129509599607466
113,113,5,recov,0.043739241735445994,3.129509599607466,220.0,3.129509599607466
114,114,3,recov,0.043739241735445994,3.129509599607466,220.0,3.129509599607466
115,115,4,recov,0.043739241735445994,3.129509599607466,220.0,3.129509599607466
116,116,5,recov,0.043739241735445994,3.129509599607466,220.0,3.129509599607466
117,117,3,recov,0.043739241735445994,3.129509599607466,220.0,3.129509599607466
118,118,4,recov,0.043739241735445994,3.129509599607466,220.0,3.129509599607466
119,119,5,recov,0.043739241735445994,3.129509599607466,220.0,3.129509599607466
120,120,3,recov,0.043739241735445994,3.129509599607466,220.0,3.129509599607466
121,121,4,recov,0.043739241735445994,3.129509599607466,220.0,3.129509599607466
122,122,5,recov,0.043739241735445994,3.129509599607466,220.0,3.129509599607466
123,123,3,recov,0.043739241735445994,3.129509599607466,220.0,3.129509599607466
124,124,4,recov,0.043739241735445994,3.129509599607466,220.0,3.129509599607466
125,125,5,recov,0.043739241735445994,3.129509599607466,220.0,3.129509599607466
126,126,3,recov,0.043739241735445994,3.129509599607466,220.0,3.129509599607466
127,127,4,recov,0.043739241735445994,3.129509599607466,220.0,3.129509599607466
128,128,5,recov,0.043739241735445994,3.129509599607466,220.0,3.129509599607466
129,129,3,recov,0.043739241735445994,3.129509599607466,220.0,3.129509599607466
130,130,4,recov,0.043739241735445994,3.129509599607466,220.0,3.129509599607466
131,131,5,recov,0.043739241735445994,3.129509599607466,220.0,3.129509599607466
132,132,3,recov,0.043739241735445994,3.129509599607466,220.0,3.129509599607466
133,133,4,recov,0.043739241735445994,3.129509599607466,220.0,3.129509599607466
134,134,5,recov,0.043739241735445994,3.129509599607466,220.0,3.129509599607466
135,135,3,recov,0.043739241735445994,3.129509599607466,220.0,3.129509599607466
136,136,4,recov,0.043739241735445994,3.129509599607466,220.0,3.129509599607466
137,137,5,recov,0.043739241735445994,3.129509599607466,220.0,3.129509599607466
138,138,3,recov,0.043739241735445994,3.129509599607466,220.0,3.129509599607466
139,139,4,recov,0.043739241735445994,3.129509599607466,220.0,3.129509599607466
140,140,5,recov,0.043739241735445994,3.129509599607466,220.0,3.129509599607466
141,141,3,recov,0.043739241735445994,3.129509599607466,220.0,3.129509599607466
142,142,4,recov,0.043739241735445994,3.129509599607466,220.0,3.129509599607466
143,143,5,recov,0.043739241735445994,3.129509599607466,220.0,3.129509599607466
144,144,3,recov,0.043739241735445994,3.129509599607466,220.0,3.129509599607466
145,145,4,recov,0.043739241735445994,3.129509599607466,220.0,3.129509599607466
146,146,5,recov,0.043739241735445994,3.129509599607466,220.0,3.129509599607466
147,147,3,recov,0.043739241735445994,3.129509599607466,220.0,3.129509599607466
148,148,4,recov,0.043739241735445994,3.129509599607466,220.0,3.129509599607466
149,149,5,recov,0.043739241735445994,3.129509599607466,220.0,3.129509599607466
150,150,3,recov,0.043739241735445994,3.129509599607466,220.0,3.129509599607466
151,151,4,recov,0.043739241735445994,3.129509599607466,220.0,3.129509599607466
152,152,5,recov,0.043739241735445994,3.129509599607466,220.0,3.129509599607466
153,153,3,recov,0.043739241735445994,3.129509599607466,220.0,3.129509599607466
154,154,4,recov,0.043739241735445994,3.129509599607466,220.0,3.129509599607466
155,155,5,recov,0.043739241735445994,3.129509599607466,220.0,3.129509599607466
156,156,3,recov,0.043739241735445994,3.129509599607466,220.0,3.129509599607466
157,157,4,recov,0.043739241735445994,3.129509599607466,220.0,3.129509599607466
158,158,5,recov,0.043739241735445994,3.129509599607466,220.0,3.129509599607466
159,159,3,recov,0.043739241735445994,3.129509599607466,220.0,3.129509599607466
160,160,4,recov,0.043739241735445994,3.129509599607466,220.0,3.129509599607466
161,161,5,recov,0.043739241735445994,3.129509599607466,220.0,3.129509599607466
162,162,3,recov,0.043739241735445994,3.129509599607466,220.0,3.129509599607466
163,163,4,recov,0.043739241735445994,3.129509599607466,220.0,3.129509599607466
164,164,5,recov,0.043739241735445994,3.129509599607466,220.0,3.129509599607466
165,165,3,recov,0.043739241735445994,3.129509599607466,220.0,3.129509599607466
166,166,4,recov,0.043739241735445994,3.129509599607466,220.0,3.129509599607466
167,167,5,recov,0.043739241735445994,3.129509599607466,220.0,3.129509599607466
168,168,3,recov,0.043739241735445994,3.129509599607466,220.0,3.129509599607466
169,169,4,recov,0.043739241735445994,3.129509599607466,220.0,3.129509599607466
170,170,5,recov,0.043739241735445994,3.129509599607466,220.0,3.129509599607466
171,171,3,recov,0.043739241735445994,3.129509599607466,220.0,3.129509599607466
172,172,4,recov,0.043739241735445994,3.129509599607466,220.0,3.129509599607466
173,173,5,recov,0.043739241735445994,3.129509599607466,220.0,3.129509599607466
174,174,3,recov,0.043739241735445994,3.129509599607466,220.0,3.129509599607466
175,175,4,recov,0.043739241735445994,3.129509599607466,220.0,3.129509599607466
176,176,5,recov,0.043739241735445994,3.129509599607466,220.0,3.129509599607466
177,177,3,recov,0.043739241735445994,3.129509599607466,220.0,3.129509599607466
178,178,4,recov,0.043739241735445994,3.129509599607466,220.0,3.129509599607466
179,179,5,recov,0.043739241735445994,3.129509599607466,220.0,3.129509599607466
180,180,3,recov,0.043739241735445994,3.129509599607466,220.0,3.129509599607466
181,181,4,recov,0.043739241735445994,3.129509599607466,220.0,3.129509599607466
182,182,5,recov,0.043739241735445994,3.129509599607466,220.0,3.129509599607466
183,183,3,recov,0.043739241735445994,3.129509599607466,220.0,3.129509599607466
184,184,4,recov,0.043739241735445994,3.129509599607466,220.0,3.129509599607466
185,185,5,recov,0.043739241735445994,3.129509599607466,220.0,3.129509599607466
186,186,3,recov,0.043739241735445994,3.129509599607466,220.0,3.129509599607466
187,187,4,recov,0.043739241735445994,3.129509599607466,220.0,3.129509599607466
188,188,5,recov,0.043739241735445994,3.129509599607466,220.0,3.129509599607466
189,189,3,recov,0.043739241735445994,3.129509599607466,220.0,3.129509599607466
190,190,4,recov,0.043739241735445994,3.129509599607466,220.0,3.129509599607466
191,191,5,recov,0.043739241735445994,3.129509599607466,220.0,3.129509599607466
192,192,3,recov,0.043739241735445994,3.129509599607466,220.0,3.129509599607466
193,193,4,recov,0.043739241735445994,3.129509599607466,220.0,3.129509599607466
194,194,5,recov,0.043739241735445994,3.129509599607466,220.0,3.129509599607466
195,195,3,recov,0.043739241735445994,3.129509599607466,220.0,3.129509599607466
196,196,4,recov,0.043739241735445994,3.129509599607466,220.0,3.129509599607466
197,197,5,recov,0.043739241735445994,3.129509599607466,220.0,3.129509599607466
198,198,3,recov,0.043739241735445994,3.129509599607466,220.0,3.129509599607466
199,199,4,recov,0.043739241735445994,3.129509599607466,220.0,3.129509599607466
200,200,5,recov,0.043739241735445994,3.129509599607466,220.0,3.129509599607466
201,201,3,recov,0.043739241735445994,3.129509599607466,220.0,3.129509599607466
202,202,4,recov,0.043739241735445994,3.129509599607466,220.0,3.129509599607466
203,203,5,recov,0.043739241735445994,3.129509599607466,220.0,3.129509599607466
204,204,3,recov,0.043739241735445994,3.129509599607466,220.0,3.129509599607466
205,205,4,recov,0.043739241735445994,3.129509599607466,220.0,3.129509599607466
206,206,5,recov,0.043739241735445994,3.129509599607466,220.0,3.129509599607466
207,207,3,recov,0.043739241735445994,3.129509599607466,220.0,3.129509599607466
208,208,4,recov,0.043739241735445994,3.129509599607466,220.0,3.129509599607466
209,209,5,recov,0.043739241735445994,3.129509599607466,220.0,3.129509599607466
210,210,3,recov,0.043739241735445994,3.129509599607466,220.0,3.129509599607466
211,211,4,recov,0.043739241735445994,3.129509599607466,220.0,3.129509599607466
212,212,5,recov,0.043739241735445994,3.129509599607466,220.0,3.129509599607466
213,213,3,recov,0.043739241735445994,3.129509599607466,220.0,3.129509599607466
214,214,4,recov,0.043739241735445994,3.129509599607466,220.0,3.129509599607466
215,215,5,recov,0.043739241735445994,3.129509599607466,220.0,3.129509599607466
216,216,3,recov,0.043739241735445994,3.129509599607466,220.0,3.129509599607466
217,217,4,recov,0.043739241735445994,3.129509599607466,220.0,3.129509599607466
218,218,5,recov,0.043739241735445994,3.129509599607466,220.0,3.129509599607466
219,219,3,recov,0.043739241735445994,3.129509599607466,220.0,3.129509599607466
220,220,4,recov,0.043739241735445994,3.129509599607466,220.0,3.129509599607466
221,221,5,recov,0.043739241735445994,3.129509599607466,220.0,3.129509599607466
222,222,3,recov,0.043739241735445994,3.129509599607466,220.0,3.129509599607466
223,223,4,recov,0.043739241735445994,3.129509599607466,220.0,3.129509599607466
224,224,5,recov,0.043739241735445994,3.129509599607466,220.0,3.129509599607466
225,225,3,recov,0.043739241735445994,3.129509599607466,220.0,3.129509599607466
226,226,4,recov,0.043739241735445994,3.129509599607466,220.0,3.129509599607466
227,227,5,recov,0.043739241735445994,3.129509599607466,220.0,3.129509599607466
228,228,3,recov,0.043739241735445994,3.129509599607466,220.0,3.129509599607466
229,229,4,recov,0.043739241735445994,3.129509599607466,220.0,3.129509599607466
230,230,5,recov,0.043739241735445994,3.129509599607466,220.0,3.129509599607466
231,231,3,recov,0.043739241735445994,3.129509599607466,220.0,3.129509599607466
232,232,4,recov,0.043739241735445994,3.129509599607466,220.0,3.129509599607466
233,233,5,recov,0.043739241735445994,3.129509599607466,220.0,3.129509599607466
234,234,3,recov,0.043739241735445994,3.129509599607466,220.0,3.129509599607466
235,235,4,recov,0.043739241735445994,3.129509599607466,220.0,3.129509599607466
236,236,5,recov,0.043739241735445994,3.129509599607466,220.0,3.129509599607466
237,237,3,recov,0.043739241735445994,3.129509599607466,220.0,3.129509599607466
238,238,4,recov,0.043739241735445994,3.129509599607466,220.0,3.129509599607466
239,239,5,recov,0.043739241735445994,3.129509599607466,220.0,3.129509599607466
240,240,3,recov,0.043739241735445994,3.129509599607466,220.0,3.129509599607466
241,241,4,recov,0.043739241735445994,3.129509599607466,220.0,3.129509599607466
242,242,5,recov,0.043739241735445994,3.129509599607466,220.0,3.129509599607466
243,243,3,recov,0.043739241735445994,3.129509599607466,220.0,3.129509599607466
244,244,4,recov,0.043739241735445994,3.129509599607466,220.0,3.129509599607466
245,245,5,recov,0.043739241735445994,3.129509599607466,220.0,3.129509599607466
246,246,3,recov,0.043739241735445994,3.129509599607466,220.0,3.129509599607466
247,247,4,recov,0.043739241735445994,3.129509599607466,220.0,3.129509599607466
248,248,5,recov,0.043739241735445994,3.129509599607466,220.0,3.129509599607466
249,249,3,recov,0.043739241735445994,3.129509599607466,220.0,3.129509599607466
250,250,4,recov,0.043739241735445994,3.129509599607466,220.0,3.129509599607466
251,251,5,recov,0.043739241735445994,3.129509599607466,220.0,3.129509599607466
252,252,3,recov,0.043739241735445994,3.129509599607466,220.0,3.129509599607466
253,253,4,recov,0.043739241735445994,3.129509599607466,220.0,3.129509599607466
254,254,5,recov,0.043739241735445994,3.129509599607466,220.0,3.129509599607466
255,255,3,recov,0.043739241735445994,3.129509599607466,220.0,3.129509599607466
256,256,4,recov,0.043739241735445994,3.129509599607466,220.0,3.129509599607466
257,257,5,recov,0.043739241735445994,3.129509599607466,220.0,3.129509599607466
258,258,3,recov,0.043739241735445994,3.129509599607466,220.0,3.129509599607466
259,259,4,recov,0.043739241735445994,3.129509599607466,220.0,3.129509599607466
260,260,5,recov,0.043739241735445994,3.129509599607466,220.0,3.129509599607466
261,261,3,recov,0.043739241735445994,3.129509599607466,220.0,3.129509599607466
262,262,4,recov,0.043739241735445994,3.129509599607466,220.0,3.129509599607466
263,263,5,recov,0.043739241735445994,3.129509599607466,220.0,3.129509599607466
264,264,3,recov,0.043739241735445994,3.129509599607466,220.0,3.129509599607466
265,265,4,recov,0.043739241735445994,3.129509599607466,220.0,3.129509599607466
266,266,5,recov,0.043739241735445994,3.129509599607466,220.0,3.129509599607466
267,267,3,recov,0.043739241735445994,3.129509599607466,220.0,3.129509599607466
268,268,4,recov,0.043739241735445994,3.129509599607466,220.0,3.129509599607466
269,269,5,recov,0.043739241735445994,3.129509599607466,220.0,3.129509599607466
270,270,3,recov,0.043739241735445994,3.129509599607466,220.0,3.129509599607466
271,271,4,recov,0.043739241735445994,3.129509599607466,220.0,3.129509599607466
272,272,5,recov,0.043739241735445994,3.129509599607466,220.0,3.129509599607466
273,273,3,recov,0.043739241735445994,3.129509599607466,220.0,3.129509599607466
274,274,4,recov,0.043739241735445994,3.129509599607466,220.0,3.129509599607466
275,275,5,recov,0.043739241735445994,3.129509599607466,220.0,3.129509599607466
276,276,3,recov,0.043739241735445994,3.129509599607466,220.0,3.129509599607466
277,277,4,recov,0.043739241735445994,3.129509599607466,220.0,3.129509599607466
278,278,5,recov,0.043739241735445994,3.129509599607466,220.0,3.129509599607466
279,279,3,recov,0.043739241735445994,3.129509599607466,220.0,3.129509599607466
280,280,4,recov,0.043739241735445994,3.129509599607466,220.0,3.129509599607466
281,281,5,recov,0.043739241735445994,3.129509599607466,220.0,3.129509599607466
282,282,3,recov,0.043739241735445994,3.129509599607466,220.0,3.129509599607466
283,283,4,recov,0.043739241735445994,3.129509599607466,220.0,3.129509599607466
284,284,5,recov,0.043739241735445994,3.129509599607466,220.0,3.129509599607466
285,285,0,fam_r,0.04294478527607362,3.147840051751449,220.0,3.129509599607466
286,286,1,fam_r,0.04294478527607362,3.147840051751449,220.0,3.129509599607466
287,287,2,fam_r,0.04294478527607362,3.147840051751449,220.0,3.129509599607466
288,288,0,fam_r,0.04371779141104294,3.1300001336231182,220.0,3.129509599607466
289,289,1,fam_r,0.04371779141104294,3.1300001336231182,220.0,3.129509599607466
290,290,2,fam_r,0.04371779141104294,3.1300001336231182,220.0,3.129509599607466
291,291,0,fam_r,0.04373866257668712,3.129522840865666,220.0,3.129509599607466
292,292,1,fam_r,0.04373866257668712,3.129522840865666,220.0,3.129509599607466
293,293,2,fam_r,0.04373866257668712,3.129522840865666,220.0,3.129509599607466
294,294,0,fam_r,0.04373922609815951,3.1295099571191347,220.0,3.129509599607466
295,295,1,fam_r,0.04373922609815951,3.1295099571191347,220.0,3.129509599607466
296,296,2,fam_r,0.04373922609815951,3.1295099571191347,220.0,3.129509599607466
297,297,0,fam_r,0.043739241313239266,3.129509609260279,220.0,3.129509599607466
298,298,1,fam_r,0.043739241313239266,3.129509609260279,220.0,3.129509599607466
299,299,2,fam_r,0.043739241313239266,3.129509609260279,220.0,3.129509599607466
0,0,0,fam,0.043478260869565216,3.1354942159291497,293.33333333333337,3.129509599607466
1,1,1,fam,0.04310344827586207,3.144152278672264,293.33333333333337,3.129509599607466
2,2,2,fam,0.04299226139294927,3.1467351470905185,293.33333333333337,3.129509599607466
3,3,0,fam,0.0437322794054472,3.1296687903914537,293.33333333333337,3.129509599607466
4,4,1,fam,0.043722136801326264,3.129900742180885,293.33333333333337,3.129509599607466
5,5,2,fam,0.043719094937431875,3.1299703172276936,293.33333333333337,3.129509599607466
6,6,0,fam,0.04373905381313165,3.129513896040385,293.33333333333337,3.129509599607466
7,7,1,fam,0.043738779946885575,3.129520157426483,293.33333333333337,3.129509599607466
8,8,2,fam,0.04373869778768052,3.129522035834667,293.33333333333337,3.129509599607466
9,9,0,fam,0.043739236661587674,3.1295097156099025,293.33333333333337,3.129509599607466
10,10,1,fam,0.04373922926718742,3.129509884666371,293.33333333333337,3.129509599607466
11,11,2,fam,0.04373922704886784,3.129509935383306,293.33333333333337,3.129509599607466
12,12,0,fam,0.043739241598451856,3.129509602739531,293.33333333333337,3.129509599607466
13,13,1,fam,0.043739241398803044,3.1295096073040547,293.33333333333337,3.129509599607466
14,14,2,fam,0.0437392413389084,3.129509608673412,293.33333333333337,3.129509599607466
15,15,0,fam,0.04373924173174716,3.1295095996920317,293.33333333333337,3.129509599607466
16,16,1,fam,0.04373924172635664,3.129509599815274,293.33333333333337,3.129509599607466
17,17,2,fam,0.04373924172473948,3.1295095998522466,293.33333333333337,3.129509599607466
18,18,0,fam,0.04373924173534613,3.1295095996097495,293.33333333333337,3.129509599607466
19,19,1,fam,0.043739241735200586,3.129509599613077,293.33333333333337,3.129509599607466
20,20,2,fam,0.04373924173515692,3.1295095996140754,293.33333333333337,3.129509599607466
21,21,0,fam,0.04373924173544331,3.1295095996075277,293.33333333333337,3.129509599607466
22,22,1,fam,0.043739241735439374,3.1295095996076174,293.33333333333337,3.129509599607466
23,23,2,fam,0.043739241735438195,3.1295095996076445,293.33333333333337,3.129509599607466
24,24,0,fam,0.04373924173544593,3.1295095996074678,293.33333333333337,3.129509599607466
25,25,1,fam,0.04373924173544582,3.12950959960747,293.33333333333337,3.129509599607466
26,26,2,fam,0.04373924173544579,3.129509599607471,293.33333333333337,3.129509599607466
27,27,0,fam,0.043739241735445994,3.129509599607466,293.33333333333337,3.129509599607466
28,28,1,fam,0.04373924173544599,3.1295095996074664,293.33333333333337,3.129509599607466
29,29,2,fam,0.04373924173544599,3.1295095996074664,293.33333333333337,3.129509599607466
30,30,0,fam,0.043739241735445994,3.129509599607466,293.33333333333337,3.129509599607466
31,31,1,fam,0.043739241735445994,3.129509599607466,293.33333333333337,3.129509599607466
32,32,2,fam,0.043739241735445994,3.129509599607466,293.33333333333337,3.129509599607466
33,33,0,fam,0.043739241735445994,3.129509599607466,293.33333333333337,3.129509599607466
34,34,1,fam,0.043739241735445994,3.129509599607466,293.33333333333337,3.129509599607466
35,35,2,fam,0.043739241735445994,3.129509599607466,293.33333333333337,3.129509599607466
36,36,0,fam,0.043739241735445994,3.129509599607466,293.33333333333337,3.129509599607466
37,37,1,fam,0.043739241735445994,3.129509599607466,293.33333333333337,3.129509599607466
38,38,2,fam,0.043739241735445994,3.129509599607466,293.33333333333337,3.129509599607466
39,39,0,fam,0.043739241735445994,3.129509599607466,293.33333333333337,3.129509599607466
40,40,1,fam,0.043739241735445994,3.129509599607466,293.33333333333337,3.129509599607466
41,41,2,fam,0.043739241735445994,3.129509599607466,293.33333333333337,3.129509599607466
42,42,0,fam,0.043739241735445994,3.129509599607466,293.33333333333337,3.129509599607466
43,43,1,fam,0.043739241735445994,3.129509599607466,293.33333333333337,3.129509599607466
44,44,2,fam,0.043739241735445994,3.129509599607466,293.33333333333337,3.129509599607466
45,45,0,fam,0.043739241735445994,3.129509599607466,293.33333333333337,3.129509599607466
46,46,1,fam,0.043739241735445994,3.129509599607466,293.33333333333337,3.129509599607466
47,47,2,fam,0.043739241735445994,3.129509599607466,293.33333333333337,3.129509599607466
48,48,0,fam,0.043739241735445994,3.129509599607466,293.33333333333337,3.129509599607466
49,49,1,fam,0.043739241735445994,3.129509599607466,293.33333333333337,3.129509599607466
50,50,2,fam,0.043739241735445994,3.129509599607466,293.33333333333337,3.129509599607466
51,51,0,fam,0.043739241735445994,3.129509599607466,293.33333333333337,3.129509599607466
52,52,1,fam,0.043739241735445994,3.129509599607466,293.33333333333337,3.129509599607466
53,53,2,fam,0.043739241735445994,3.129509599607466,293.33333333333337,3.129509599607466
54,54,0,fam,0.043739241735445994,3.129509599607466,293.33333333333337,3.129509599607466
55,55,1,fam,0.043739241735445994,3.129509599607466,293.33333333333337,3.129509599607466
56,56,2,fam,0.043739241735445994,3.129509599607466,293.33333333333337,3.129509599607466
57,57,0,fam,0.043739241735445994,3.129509599607466,293.33333333333337,3.129509599607466
58,58,1,fam,0.043739241735445994,3.129509599607466,293.33333333333337,3.129509599607466
59,59,2,fam,0.043739241735445994,3.129509599607466,293.33333333333337,3.129509599607466
60,60,0,fam,0.043739241735445994,3.129509599607466,293.33333333333337,3.129509599607466
61,61,1,fam,0.043739241735445994,3.129509599607466,293.33333333333337,3.129509599607466
62,62,2,fam,0.043739241735445994,3.129509599607466,293.33333333333337,3.129509599607466
63,63,0,fam,0.043739241735445994,3.129509599607466,293.33333333333337,3.129509599607466
64,64,1,fam,0.043739241735445994,3.129509599607466,293.33333333333337,3.129509599607466
65,65,2,fam,0.043739241735445994,3.129509599607466,293.33333333333337,3.129509599607466
66,66,3,recov,0.04294478527607362,3.147840051751449,293.33333333333337,3.129509599607466
67,67,4,recov,0.04294478527607362,3.147840051751449,293.33333333333337,3.129509599607466
68,68,5,recov,0.04294478527607362,3.147840051751449,293.33333333333337,3.129509599607466
69,69,3,recov,0.04371779141104294,3.1300001336231182,293.33333333333337,3.129509599607466
70,70,4,recov,0.04371779141104294,3.1300001336231182,293.33333333333337,3.129509599607466
71,71,5,recov,0.04371779141104294,3.1300001336231182,293.33333333333337,3.129509599607466
72,72,3,recov,0.04373866257668712,3.129522840865666,293.33333333333337,3.129509599607466
73,73,4,recov,0.04373866257668712,3.129522840865666,293.33333333333337,3.129509599607466
74,74,5,recov,0.04373866257668712,3.129522840865666,293.33333333333337,3.129509599607466
75,75,3,recov,0.04373922609815951,3.1295099571191347,293.33333333333337,3.129509599607466
76,76,4,recov,0.04373922609815951,3.1295099571191347,293.33333333333337,3.129509599607466
77,77,5,recov,0.04373922609815951,3.1295099571191347,293.33333333333337,3.129509599607466
78,78,3,recov,0.043739241313239266,3.129509609260279,293.33333333333337,3.129509599607466
79,79,4,recov,0.043739241313239266,3.129509609260279,293.33333333333337,3.129509599607466
80,80,5,recov,0.043739241313239266,3.129509609260279,293.33333333333337,3.129509599607466
81,81,3,recov,0.04373924172404642,3.129509599868092,293.33333333333337,3.129509599607466
82,82,4,recov,0.04373924172404642,3.129509599868092,293.33333333333337,3.129509599607466
83,83,5,recov,0.04373924172404642,3.129509599868092,293.33333333333337,3.129509599607466
84,84,3,recov,0.043739241735138205,3.129509599614503,293.33333333333337,3.129509599607466
85,85,4,recov,0.043739241735138205,3.129509599614503,293.33333333333337,3.129509599607466
86,86,5,recov,0.043739241735138205,3.129509599614503,293.33333333333337,3.129509599607466
87,87,3,recov,0.04373924173543769,3.129509599607656,293.33333333333337,3.129509599607466
88,88,4,recov,0.04373924173543769,3.129509599607656,293.33333333333337,3.129509599607466
89,89,5,recov,0.04373924173543769,3.129509599607656,293.33333333333337,3.129509599607466
90,90,3,recov,0.04373924173544578,3.1295095996074713,293.33333333333337,3.129509599607466
91,91,4,recov,0.04373924173544578,3.1295095996074713,293.33333333333337,3.129509599607466
92,92,5,recov,0.04373924173544578,3.1295095996074713,293.33333333333337,3.129509599607466
93,93,3,recov,0.04373924173544599,3.1295095996074664,293.33333333333337,3.129509599607466
94,94,4,recov,0.04373924173544599,3.1295095996074664,293.33333333333337,3.129509599607466
95,95,5,recov,0.04373924173544599,3.1295095996074664,293.33333333333337,3.129509599607466
96,96,3,recov,0.043739241735445994,3.129509599607466,293.33333333333337,3.129509599607466
97,97,4,recov,0.043739241735445994,3.129509599607466,293.33333333333337,3.129509599607466
98,98,5,recov,0.043739241735445994,3.129509599607466,293.33333333333337,3.129509599607466
99,99,3,recov,0.043739241735445994,3.129509599607466,293.33333333333337,3.129509599607466
100,100,4,recov,0.043739241735445994,3.129509599607466,293.33333333333337,3.129509599607466
101,101,5,recov,0.043739241735445994,3.129509599607466,293.33333333333337,3.129509599607466
102,102,3,recov,0.043739241735445994,3.129509599607466,293.33333333333337,3.129509599607466
103,103,4,recov,0.043739241735445994,3.129509599607466,293.33333333333337,3.129509599607466
104,104,5,recov,0.043739241735445994,3.129509599607466,293.33333333333337,3.129509599607466
105,105,3,recov,0.043739241735445994,3.129509599607466,293.33333333333337,3.129509599607466
106,106,4,recov,0.043739241735445994,3.129509599607466,293.33333333333337,3.129509599607466
107,107,5,recov,0.043739241735445994,3.129509599607466,293.33333333333337,3.129509599607466
108,108,3,recov,0.043739241735445994,3.129509599607466,293.33333333333337,3.129509599607466
109,109,4,recov,0.043739241735445994,3.129509599607466,293.33333333333337,3.129509599607466
110,110,5,recov,0.043739241735445994,3.129509599607466,293.33333333333337,3.129509599607466
111,111,3,recov,0.043739241735445994,3.129509599607466,293.33333333333337,3.129509599607466
112,112,4,recov,0.043739241735445994,3.129509599607466,293.33333333333337,3.129509599607466
113,113,5,recov,0.043739241735445994,3.129509599607466,293.33333333333337,3.129509599607466
114,114,3,recov,0.043739241735445994,3.129509599607466,293.33333333333337,3.129509599607466
115,115,4,recov,0.043739241735445994,3.129509599607466,293.33333333333337,3.129509599607466
116,116,5,recov,0.043739241735445994,3.129509599607466,293.33333333333337,3.129509599607466
117,117,3,recov,0.043739241735445994,3.129509599607466,293.33333333333337,3.129509599607466
118,118,4,recov,0.043739241735445994,3.129509599607466,293.33333333333337,3.129509599607466
119,119,5,recov,0.043739241735445994,3.129509599607466,293.33333333333337,3.129509599607466
120,120,3,recov,0.043739241735445994,3.129509599607466,293.33333333333337,3.129509599607466
121,121,4,recov,0.043739241735445994,3.129509599607466,293.33333333333337,3.129509599607466
122,122,5,recov,0.043739241735445994,3.129509599607466,293.33333333333337,3.129509599607466
123,123,3,recov,0.043739241735445994,3.129509599607466,293.33333333333337,3.129509599607466
124,124,4,recov,0.043739241735445994,3.129509599607466,293.33333333333337,3.129509599607466
125,125,5,recov,0.043739241735445994,3.129509599607466,293.33333333333337,3.129509599607466
126,126,3,recov,0.043739241735445994,3.129509599607466,293.33333333333337,3.129509599607466
127,127,4,recov,0.043739241735445994,3.129509599607466,293.33333333333337,3.129509599607466
128,128,5,recov,0.043739241735445994,3.129509599607466,293.33333333333337,3.129509599607466
129,129,3,recov,0.043739241735445994,3.129509599607466,293.33333333333337,3.129509599607466
130,130,4,recov,0.043739241735445994,3.129509599607466,293.33333333333337,3.129509599607466
131,131,5,recov,0.043739241735445994,3.129509599607466,293.33333333333337,3.129509599607466
132,132,3,recov,0.043739241735445994,3.129509599607466,293.33333333333337,3.129509599607466
133,133,4,recov,0.043739241735445994,3.129509599607466,293.33333333333337,3.129509599607466
134,134,5,recov,0.043739241735445994,3.129509599607466,293.33333333333337,3.129509599607466
135,135,3,recov,0.043739241735445994,3.129509599607466,293.33333333333337,3.129509599607466
136,136,4,recov,0.043739241735445994,3.129509599607466,293.33333333333337,3.129509599607466
137,137,5,recov,0.043739241735445994,3.129509599607466,293.33333333333337,3.129509599607466
138,138,3,recov,0.043739241735445994,3.129509599607466,293.33333333333337,3.129509599607466
139,139,4,recov,0.043739241735445994,3.129509599607466,293.33333333333337,3.129509599607466
140,140,5,recov,0.043739241735445994,3.129509599607466,293.33333333333337,3.129509599607466
141,141,3,recov,0.043739241735445994,3.129509599607466,293.33333333333337,3.129509599607466
142,142,4,recov,0.043739241735445994,3.129509599607466,293.33333333333337,3.129509599607466
143,143,5,recov,0.043739241735445994,3.129509599607466,293.33333333333337,3.129509599607466
144,144,3,recov,0.043739241735445994,3.129509599607466,293.33333333333337,3.129509599607466
145,145,4,recov,0.043739241735445994,3.129509599607466,293.33333333333337,3.129509599607466
146,146,5,recov,0.043739241735445994,3.129509599607466,293.33333333333337,3.129509599607466
147,147,3,recov,0.043739241735445994,3.129509599607466,293.33333333333337,3.129509599607466
148,148,4,recov,0.043739241735445994,3.129509599607466,293.33333333333337,3.129509599607466
149,149,5,recov,0.043739241735445994,3.129509599607466,293.33333333333337,3.129509599607466
150,150,3,recov,0.043739241735445994,3.129509599607466,293.33333333333337,3.129509599607466
151,151,4,recov,0.043739241735445994,3.129509599607466,293.33333333333337,3.129509599607466
152,152,5,recov,0.043739241735445994,3.129509599607466,293.33333333333337,3.129509599607466
153,153,3,recov,0.043739241735445994,3.129509599607466,293.33333333333337,3.129509599607466
154,154,4,recov,0.043739241735445994,3.129509599607466,293.33333333333337,3.129509599607466
155,155,5,recov,0.043739241735445994,3.129509599607466,293.33333333333337,3.129509599607466
156,156,3,recov,0.043739241735445994,3.129509599607466,293.33333333333337,3.129509599607466
157,157,4,recov,0.043739241735445994,3.129509599607466,293.33333333333337,3.129509599607466
158,158,5,recov,0.043739241735445994,3.129509599607466,293.33333333333337,3.129509599607466
159,159,3,recov,0.043739241735445994,3.129509599607466,293.33333333333337,3.129509599607466
160,160,4,recov,0.043739241735445994,3.129509599607466,293.33333333333337,3.129509599607466
161,161,5,recov,0.043739241735445994,3.129509599607466,293.33333333333337,3.129509599607466
162,162,3,recov,0.043739241735445994,3.129509599607466,293.33333333333337,3.129509599607466
163,163,4,recov,0.043739241735445994,3.129509599607466,293.33333333333337,3.129509599607466
164,164,5,recov,0.043739241735445994,3.129509599607466,293.33333333333337,3.129509599607466
165,165,3,recov,0.043739241735445994,3.129509599607466,293.33333333333337,3.129509599607466
166,166,4,recov,0.043739241735445994,3.129509599607466,293.33333333333337,3.129509599607466
167,167,5,recov,0.043739241735445994,3.129509599607466,293.33333333333337,3.129509599607466
168,168,3,recov,0.043739241735445994,3.129509599607466,293.33333333333337,3.129509599607466
169,169,4,recov,0.043739241735445994,3.129509599607466,293.33333333333337,3.129509599607466
170,170,5,recov,0.043739241735445994,3.129509599607466,293.33333333333337,3.129509599607466
171,171,3,recov,0.043739241735445994,3.129509599607466,293.33333333333337,3.129509599607466
172,172,4,recov,0.043739241735445994,3.129509599607466,293.33333333333337,3.129509599607466
173,173,5,recov,0.043739241735445994,3.129509599607466,293.33333333333337,3.129509599607466
174,174,3,recov,0.043739241735445994,3.129509599607466,293.33333333333337,3.129509599607466
175,175,4,recov,0.043739241735445994,3.129509599607466,293.33333333333337,3.129509599607466
176,176,5,recov,0.043739241735445994,3.129509599607466,293.33333333333337,3.129509599607466
177,177,3,recov,0.043739241735445994,3.129509599607466,293.33333333333337,3.129509599607466
178,178,4,recov,0.043739241735445994,3.129509599607466,293.33333333333337,3.129509599607466
179,179,5,recov,0.043739241735445994,3.129509599607466,293.33333333333337,3.129509599607466
180,180,3,recov,0.043739241735445994,3.129509599607466,293.33333333333337,3.129509599607466
181,181,4,recov,0.043739241735445994,3.129509599607466,293.33333333333337,3.129509599607466
182,182,5,recov,0.043739241735445994,3.129509599607466,293.33333333333337,3.129509599607466
183,183,3,recov,0.043739241735445994,3.129509599607466,293.33333333333337,3.129509599607466
184,184,4,recov,0.043739241735445994,3.129509599607466,293.33333333333337,3.129509599607466
185,185,5,recov,0.043739241735445994,3.129509599607466,293.33333333333337,3.129509599607466
186,186,3,recov,0.043739241735445994,3.129509599607466,293.33333333333337,3.129509599607466
187,187,4,recov,0.043739241735445994,3.129509599607466,293.33333333333337,3.129509599607466
188,188,5,recov,0.043739241735445994,3.129509599607466,293.33333333333337,3.129509599607466
189,189,3,recov,0.043739241735445994,3.129509599607466,293.33333333333337,3.129509599607466
190,190,4,recov,0.043739241735445994,3.129509599607466,293.33333333333337,3.129509599607466
191,191,5,recov,0.043739241735445994,3.129509599607466,293.33333333333337,3.129509599607466
192,192,3,recov,0.043739241735445994,3.129509599607466,293.33333333333337,3.129509599607466
193,193,4,recov,0.043739241735445994,3.129509599607466,293.33333333333337,3.129509599607466
194,194,5,recov,0.043739241735445994,3.129509599607466,293.33333333333337,3.129509599607466
195,195,3,recov,0.043739241735445994,3.129509599607466,293.33333333333337,3.129509599607466
196,196,4,recov,0.043739241735445994,3.129509599607466,293.33333333333337,3.129509599607466
197,197,5,recov,0.043739241735445994,3.129509599607466,293.33333333333337,3.129509599607466
198,198,3,recov,0.043739241735445994,3.129509599607466,293.33333333333337,3.129509599607466
199,199,4,recov,0.043739241735445994,3.129509599607466,293.33333333333337,3.129509599607466
200,200,5,recov,0.043739241735445994,3.129509599607466,293.33333333333337,3.129509599607466
201,201,3,recov,0.043739241735445994,3.129509599607466,293.33333333333337,3.129509599607466
202,202,4,recov,0.043739241735445994,3.129509599607466,293.33333333333337,3.129509599607466
203,203,5,recov,0.043739241735445994,3.129509599607466,293.33333333333337,3.129509599607466
204,204,3,recov,0.043739241735445994,3.129509599607466,293.33333333333337,3.129509599607466
205,205,4,recov,0.043739241735445994,3.129509599607466,293.33333333333337,3.129509599607466
206,206,5,recov,0.043739241735445994,3.129509599607466,293.33333333333337,3.129509599607466
207,207,3,recov,0.043739241735445994,3.129509599607466,293.33333333333337,3.129509599607466
208,208,4,recov,0.043739241735445994,3.129509599607466,293.33333333333337,3.129509599607466
209,209,5,recov,0.043739241735445994,3.129509599607466,293.33333333333337,3.129509599607466
210,210,3,recov,0.043739241735445994,3.129509599607466,293.33333333333337,3.129509599607466
211,211,4,recov,0.043739241735445994,3.129509599607466,293.33333333333337,3.129509599607466
212,212,5,recov,0.043739241735445994,3.129509599607466,293.33333333333337,3.129509599607466
213,213,3,recov,0.043739241735445994,3.129509599607466,293.33333333333337,3.129509599607466
214,214,4,recov,0.043739241735445994,3.129509599607466,293.33333333333337,3.129509599607466
215,215,5,recov,0.043739241735445994,3.129509599607466,293.33333333333337,3.129509599607466
216,216,3,recov,0.043739241735445994,3.129509599607466,293.33333333333337,3.129509599607466
217,217,4,recov,0.043739241735445994,3.129509599607466,293.33333333333337,3.129509599607466
218,218,5,recov,0.043739241735445994,3.129509599607466,293.33333333333337,3.129509599607466
219,219,3,recov,0.043739241735445994,3.129509599607466,293.33333333333337,3.129509599607466
220,220,4,recov,0.043739241735445994,3.129509599607466,293.33333333333337,3.129509599607466
221,221,5,recov,0.043739241735445994,3.129509599607466,293.33333333333337,3.129509599607466
222,222,3,recov,0.043739241735445994,3.129509599607466,293.33333333333337,3.129509599607466
223,223,4,recov,0.043739241735445994,3.129509599607466,293.33333333333337,3.129509599607466
224,224,5,recov,0.043739241735445994,3.129509599607466,293.33333333333337,3.129509599607466
225,225,3,recov,0.043739241735445994,3.129509599607466,293.33333333333337,3.129509599607466
226,226,4,recov,0.043739241735445994,3.129509599607466,293.33333333333337,3.129509599607466
227,227,5,recov,0.043739241735445994,3.129509599607466,293.33333333333337,3.129509599607466
228,228,3,recov,0.043739241735445994,3.129509599607466,293.33333333333337,3.129509599607466
229,229,4,recov,0.043739241735445994,3.129509599607466,293.33333333333337,3.129509599607466
230,230,5,recov,0.043739241735445994,3.129509599607466,293.33333333333337,3.129509599607466
231,231,3,recov,0.043739241735445994,3.129509599607466,293.33333333333337,3.129509599607466
232,232,4,recov,0.043739241735445994,3.129509599607466,293.33333333333337,3.129509599607466
233,233,5,recov,0.043739241735445994,3.129509599607466,293.33333333333337,3.129509599607466
234,234,3,recov,0.043739241735445994,3.129509599607466,293.33333333333337,3.129509599607466
235,235,4,recov,0.043739241735445994,3.129509599607466,293.33333333333337,3.129509599607466
236,236,5,recov,0.043739241735445994,3.129509599607466,293.33333333333337,3.129509599607466
237,237,3,recov,0.043739241735445994,3.129509599607466,293.33333333333337,3.129509599607466
238,238,4,recov,0.043739241735445994,3.129509599607466,293.33333333333337,3.129509599607466
239,239,5,recov,0.043739241735445994,3.129509599607466,293.33333333333337,3.129509599607466
240,240,3,recov,0.043739241735445994,3.129509599607466,293.33333333333337,3.129509599607466
241,241,4,recov,0.043739241735445994,3.129509599607466,293.33333333333337,3.129509599607466
242,242,5,recov,0.043739241735445994,3.129509599607466,293.33333333333337,3.129509599607466
243,243,3,recov,0.043739241735445994,3.129509599607466,293.33333333333337,3.129509599607466
244,244,4,recov,0.043739241735445994,3.129509599607466,293.33333333333337,3.129509599607466
245,245,5,recov,0.043739241735445994,3.129509599607466,293.33333333333337,3.129509599607466
246,246,3,recov,0.043739241735445994,3.129509599607466,293.33333333333337,3.129509599607466
247,247,4,recov,0.043739241735445994,3.129509599607466,293.33333333333337,3.129509599607466
248,248,5,recov,0.043739241735445994,3.129509599607466,293.33333333333337,3.129509599607466
249,249,3,recov,0.043739241735445994,3.129509599607466,293.33333333333337,3.129509599607466
250,250,4,recov,0.043739241735445994,3.129509599607466,293.33333333333337,3.129509599607466
251,251,5,recov,0.043739241735445994,3.129509599607466,293.33333333333337,3.129509599607466
252,252,3,recov,0.043739241735445994,3.129509599607466,293.33333333333337,3.129509599607466
253,253,4,recov,0.043739241735445994,3.129509599607466,293.33333333333337,3.129509599607466
254,254,5,recov,0.043739241735445994,3.129509599607466,293.33333333333337,3.129509599607466
255,255,3,recov,0.043739241735445994,3.129509599607466,293.33333333333337,3.129509599607466
256,256,4,recov,0.043739241735445994,3.129509599607466,293.33333333333337,3.129509599607466
257,257,5,recov,0.043739241735445994,3.129509599607466,293.33333333333337,3.129509599607466
258,258,3,recov,0.043739241735445994,3.129509599607466,293.33333333333337,3.129509599607466
259,259,4,recov,0.043739241735445994,3.129509599607466,293.33333333333337,3.129509599607466
260,260,5,recov,0.043739241735445994,3.129509599607466,293.33333333333337,3.129509599607466
261,261,3,recov,0.043739241735445994,3.129509599607466,293.33333333333337,3.129509599607466
262,262,4,recov,0.043739241735445994,3.129509599607466,293.33333333333337,3.129509599607466
263,263,5,recov,0.043739241735445994,3.129509599607466,293.33333333333337,3.129509599607466
264,264,3,recov,0.043739241735445994,3.129509599607466,293.33333333333337,3.129509599607466
265,265,4,recov,0.043739241735445994,3.129509599607466,293.33333333333337,3.129509599607466
266,266,5,recov,0.043739241735445994,3.129509599607466,293.33333333333337,3.129509599607466
267,267,3,recov,0.043739241735445994,3.129509599607466,293.33333333333337,3.129509599607466
268,268,4,recov,0.043739241735445994,3.129509599607466,293.33333333333337,3.129509599607466
269,269,5,recov,0.043739241735445994,3.129509599607466,293.33333333333337,3.129509599607466
270,270,3,recov,0.043739241735445994,3.129509599607466,293.33333333333337,3.129509599607466
271,271,4,recov,0.043739241735445994,3.129509599607466,293.33333333333337,3.129509599607466
272,272,5,recov,0.043739241735445994,3.129509599607466,293.33333333333337,3.129509599607466
273,273,3,recov,0.043739241735445994,3.129509599607466,293.33333333333337,3.129509599607466
274,274,4,recov,0.043739241735445994,3.129509599607466,293.33333333333337,3.129509599607466
275,275,5,recov,0.043739241735445994,3.129509599607466,293.33333333333337,3.129509599607466
276,276,3,recov,0.043739241735445994,3.129509599607466,293.33333333333337,3.129509599607466
277,277,4,recov,0.043739241735445994,3.129509599607466,293.33333333333337,3.129509599607466
278,278,5,recov,0.043739241735445994,3.129509599607466,293.33333333333337,3.129509599607466
279,279,3,recov,0.043739241735445994,3.129509599607466,293.33333333333337,3.129509599607466
280,280,4,recov,0.043739241735445994,3.129509599607466,293.33333333333337,3.129509599607466
281,281,5,recov,0.043739241735445994,3.129509599607466,293.33333333333337,3.129509599607466
282,282,3,recov,0.043739241735445994,3.129509599607466,293.33333333333337,3.129509599607466
283,283,4,recov,0.043739241735445994,3.129509599607466,293.33333333333337,3.129509599607466
284,284,5,recov,0.043739241735445994,3.129509599607466,293.33333333333337,3.129509599607466
285,285,3,recov,0.043739241735445994,3.129509599607466,293.33333333333337,3.129509599607466
286,286,4,recov,0.043739241735445994,3.129509599607466,293.33333333333337,3.129509599607466
287,287,5,recov,0.043739241735445994,3.129509599607466,293.33333333333337,3.129509599607466
288,288,3,recov,0.043739241735445994,3.129509599607466,293.33333333333337,3.129509599607466
289,289,4,recov,0.043739241735445994,3.129509599607466,293.33333333333337,3.129509599607466
290,290,5,recov,0.043739241735445994,3.129509599607466,293.33333333333337,3.129509599607466
291,291,3,recov,0.043739241735445994,3.129509599607466,293.33333333333337,3.129509599607466
292,292,4,recov,0.043739241735445994,3.129509599607466,293.33333333333337,3.129509599607466
293,293,5,recov,0.043739241735445994,3.129509599607466,293.33333333333337,3.129509599607466
294,294,3,recov,0.043739241735445994,3.129509599607466,293.33333333333337,3.129509599607466
295,295,4,recov,0.043739241735445994,3.129509599607466,293.33333333333337,3.129509599607466
296,296,5,recov,0.043739241735445994,3.129509599607466,293.33333333333337,3.129509599607466
297,297,3,recov,0.043739241735445994,3.129509599607466,293.33333333333337,3.129509599607466
298,298,4,recov,0.043739241735445994,3.129509599607466,293.33333333333337,3.129509599607466
299,299,5,recov,0.043739241735445994,3.129509599607466,293.33333333333337,3.129509599607466
300,300,3,recov,0.043739241735445994,3.129509599607466,293.33333333333337,3.129509599607466
301,301,4,recov,0.043739241735445994,3.129509599607466,293.33333333333337,3.129509599607466
302,302,5,recov,0.043739241735445994,3.129509599607466,293.33333333333337,3.129509599607466
303,303,3,recov,0.043739241735445994,3.129509599607466,293.33333333333337,3.129509599607466
304,304,4,recov,0.043739241735445994,3.129509599607466,293.33333333333337,3.129509599607466
305,305,5,recov,0.043739241735445994,3.129509599607466,293.33333333333337,3.129509599607466
306,306,3,recov,0.043739241735445994,3.129509599607466,293.33333333333337,3.129509599607466
307,307,4,recov,0.043739241735445994,3.129509599607466,293.33333333333337,3.129509599607466
308,308,5,recov,0.043739241735445994,3.129509599607466,293.33333333333337,3.129509599607466
309,309,3,recov,0.043739241735445994,3.129509599607466,293.33333333333337,3.129509599607466
310,310,4,recov,0.043739241735445994,3.129509599607466,293.33333333333337,3.129509599607466
311,311,5,recov,0.043739241735445994,3.129509599607466,293.33333333333337,3.129509599607466
312,312,3,recov,0.043739241735445994,3.129509599607466,293.33333333333337,3.129509599607466
313,313,4,recov,0.043739241735445994,3.129509599607466,293.33333333333337,3.129509599607466
314,314,5,recov,0.043739241735445994,3.129509599607466,293.33333333333337,3.129509599607466
315,315,3,recov,0.043739241735445994,3.129509599607466,293.33333333333337,3.129509599607466
316,316,4,recov,0.043739241735445994,3.129509599607466,293.33333333333337,3.129509599607466
317,317,5,recov,0.043739241735445994,3.129509599607466,293.33333333333337,3.129509599607466
318,318,3,recov,0.043739241735445994,3.129509599607466,293.33333333333337,3.129509599607466
319,319,4,recov,0.043739241735445994,3.129509599607466,293.33333333333337,3.129509599607466
320,320,5,recov,0.043739241735445994,3.129509599607466,293.33333333333337,3.129509599607466
321,321,3,recov,0.043739241735445994,3.129509599607466,293.33333333333337,3.129509599607466
322,322,4,recov,0.043739241735445994,3.129509599607466,293.33333333333337,3.129509599607466
323,323,5,recov,0.043739241735445994,3.129509599607466,293.33333333333337,3.129509599607466
324,324,3,recov,0.043739241735445994,3.129509599607466,293.33333333333337,3.129509599607466
325,325,4,recov,0.043739241735445994,3.129509599607466,293.33333333333337,3.129509599607466
326,326,5,recov,0.043739241735445994,3.129509599607466,293.33333333333337,3.129509599607466
327,327,3,recov,0.043739241735445994,3.129509599607466,293.33333333333337,3.129509599607466
328,328,4,recov,0.043739241735445994,3.129509599607466,293.33333333333337,3.129509599607466
329,329,5,recov,0.043739241735445994,3.129509599607466,293.33333333333337,3.129509599607466
330,330,3,recov,0.043739241735445994,3.129509599607466,293.33333333333337,3.129509599607466
331,331,4,recov,0.043739241735445994,3.129509599607466,293.33333333333337,3.129509599607466
332,332,5,recov,0.043739241735445994,3.129509599607466,293.33333333333337,3.129509599607466
333,333,3,recov,0.043739241735445994,3.129509599607466,293.33333333333337,3.129509599607466
334,334,4,recov,0.043739241735445994,3.129509599607466,293.33333333333337,3.129509599607466
335,335,5,recov,0.043739241735445994,3.129509599607466,293.33333333333337,3.129509599607466
336,336,3,recov,0.043739241735445994,3.129509599607466,293.33333333333337,3.129509599607466
337,337,4,recov,0.043739241735445994,3.129509599607466,293.33333333333337,3.129509599607466
338,338,5,recov,0.043739241735445994,3.129509599607466,293.33333333333337,3.129509599607466
339,339,3,recov,0.043739241735445994,3.129509599607466,293.33333333333337,3.129509599607466
340,340,4,recov,0.043739241735445994,3.129509599607466,293.33333333333337,3.129509599607466
341,341,5,recov,0.043739241735445994,3.129509599607466,293.33333333333337,3.129509599607466
342,342,3,recov,0.043739241735445994,3.129509599607466,293.33333333333337,3.129509599607466
343,343,4,recov,0.043739241735445994,3.129509599607466,293.33333333333337,3.129509599607466
344,344,5,recov,0.043739241735445994,3.129509599607466,293.33333333333337,3.129509599607466
345,345,3,recov,0.043739241735445994,3.129509599607466,293.33333333333337,3.129509599607466
346,346,4,recov,0.043739241735445994,3.129509599607466,293.33333333333337,3.129509599607466
347,347,5,recov,0.043739241735445994,3.129509599607466,293.33333333333337,3.129509599607466
348,348,3,recov,0.043739241735445994,3.129509599607466,293.33333333333337,3.129509599607466
349,349,4,recov,0.043739241735445994,3.129509599607466,293.33333333333337,3.129509599607466
350,350,5,recov,0.043739241735445994,3.129509599607466,293.33333333333337,3.129509599607466
351,351,3,recov,0.043739241735445994,3.129509599607466,293.33333333333337,3.129509599607466
352,352,4,recov,0.043739241735445994,3.129509599607466,293.33333333333337,3.129509599607466
353,353,5,recov,0.043739241735445994,3.129509599607466,293.33333333333337,3.129509599607466
354,354,3,recov,0.043739241735445994,3.129509599607466,293.33333333333337,3.129509599607466
355,355,4,recov,0.043739241735445994,3.129509599607466,293.33333333333337,3.129509599607466
356,356,5,recov,0.043739241735445994,3.129509599607466,293.33333333333337,3.129509599607466
357,357,3,recov,0.043739241735445994,3.129509599607466,293.33333333333337,3.129509599607466
358,358,4,recov,0.043739241735445994,3.129509599607466,293.33333333333337,3.129509599607466
359,359,5,recov,0.043739241735445994,3.129509599607466,293.33333333333337,3.129509599607466
360,360,0,fam_r,0.04294478527607362,3.147840051751449,293.33333333333337,3.129509599607466
361,361,1,fam_r,0.04294478527607362,3.147840051751449,293.33333333333337,3.129509599607466
362,362,2,fam_r,0.04294478527607362,3.147840051751449,293.33333333333337,3.129509599607466
363,363,0,fam_r,0.04371779141104294,3.1300001336231182,293.33333333333337,3.129509599607466
364,364,1,fam_r,0.04371779141104294,3.1300001336231182,293.33333333333337,3.129509599607466
365,365,2,fam_r,0.04371779141104294,3.1300001336231182,293.33333333333337,3.129509599607466
366,366,0,fam_r,0.04373866257668712,3.129522840865666,293.33333333333337,3.129509599607466
367,367,1,fam_r,0.04373866257668712,3.129522840865666,293.33333333333337,3.129509599607466
368,368,2,fam_r,0.04373866257668712,3.129522840865666,293.33333333333337,3.129509599607466
369,369,0,fam_r,0.04373922609815951,3.1295099571191347,293.33333333333337,3.129509599607466
370,370,1,fam_r,0.04373922609815951,3.1295099571191347,293.33333333333337,3.129509599607466
371,371,2,fam_r,0.04373922609815951,3.1295099571191347,293.33333333333337,3.129509599607466
372,372,0,fam_r,0.043739241313239266,3.129509609260279,293.33333333333337,3.129509599607466
373,373,1,fam_r,0.043739241313239266,3.129509609260279,293.33333333333337,3.129509599607466
374,374,2,fam_r,0.043739241313239266,3.129509609260279,293.33333333333337,3.129509599607466
0,0,0,fam,0.043478260869565216,3.1354942159291497,366.6666666666667,3.129509599607466
1,1,1,fam,0.04310344827586207,3.144152278672264,366.6666666666667,3.129509599607466
2,2,2,fam,0.04299226139294927,3.1467351470905185,366.6666666666667,3.129509599607466
3,3,0,fam,0.0437322794054472,3.1296687903914537,366.6666666666667,3.129509599607466
4,4,1,fam,0.043722136801326264,3.129900742180885,366.6666666666667,3.129509599607466
5,5,2,fam,0.043719094937431875,3.1299703172276936,366.6666666666667,3.129509599607466
6,6,0,fam,0.04373905381313165,3.129513896040385,366.6666666666667,3.129509599607466
7,7,1,fam,0.043738779946885575,3.129520157426483,366.6666666666667,3.129509599607466
8,8,2,fam,0.04373869778768052,3.129522035834667,366.6666666666667,3.129509599607466
9,9,0,fam,0.043739236661587674,3.1295097156099025,366.6666666666667,3.129509599607466
10,10,1,fam,0.04373922926718742,3.129509884666371,366.6666666666667,3.129509599607466
11,11,2,fam,0.04373922704886784,3.129509935383306,366.6666666666667,3.129509599607466
12,12,0,fam,0.043739241598451856,3.129509602739531,366.6666666666667,3.129509599607466
13,13,1,fam,0.043739241398803044,3.1295096073040547,366.6666666666667,3.129509599607466
14,14,2,fam,0.0437392413389084,3.129509608673412,366.6666666666667,3.129509599607466
15,15,0,fam,0.04373924173174716,3.1295095996920317,366.6666666666667,3.129509599607466
16,16,1,fam,0.04373924172635664,3.129509599815274,366.6666666666667,3.129509599607466
17,17,2,fam,0.04373924172473948,3.1295095998522466,366.6666666666667,3.129509599607466
18,18,0,fam,0.04373924173534613,3.1295095996097495,366.6666666666667,3.129509599607466
19,19,1,fam,0.043739241735200586,3.129509599613077,366.6666666666667,3.129509599607466
20,20,2,fam,0.04373924173515692,3.1295095996140754,366.6666666666667,3.129509599607466
21,21,0,fam,0.04373924173544331,3.1295095996075277,366.6666666666667,3.129509599607466
22,22,1,fam,0.043739241735439374,3.1295095996076174,366.6666666666667,3.129509599607466
23,23,2,fam,0.043739241735438195,3.1295095996076445,366.6666666666667,3.129509599607466
24,24,0,fam,0.04373924173544593,3.1295095996074678,366.6666666666667,3.129509599607466
25,25,1,fam,0.04373924173544582,3.12950959960747,366.6666666666667,3.129509599607466
26,26,2,fam,0.04373924173544579,3.129509599607471,366.6666666666667,3.129509599607466
27,27,0,fam,0.043739241735445994,3.129509599607466,366.6666666666667,3.129509599607466
28,28,1,fam,0.04373924173544599,3.1295095996074664,366.6666666666667,3.129509599607466
29,29,2,fam,0.04373924173544599,3.1295095996074664,366.6666666666667,3.129509599607466
30,30,0,fam,0.043739241735445994,3.129509599607466,366.6666666666667,3.129509599607466
31,31,1,fam,0.043739241735445994,3.129509599607466,366.6666666666667,3.129509599607466
32,32,2,fam,0.043739241735445994,3.129509599607466,366.6666666666667,3.129509599607466
33,33,0,fam,0.043739241735445994,3.129509599607466,366.6666666666667,3.129509599607466
34,34,1,fam,0.043739241735445994,3.129509599607466,366.6666666666667,3.129509599607466
35,35,2,fam,0.043739241735445994,3.129509599607466,366.6666666666667,3.129509599607466
36,36,0,fam,0.043739241735445994,3.129509599607466,366.6666666666667,3.129509599607466
37,37,1,fam,0.043739241735445994,3.129509599607466,366.6666666666667,3.129509599607466
38,38,2,fam,0.043739241735445994,3.129509599607466,366.6666666666667,3.129509599607466
39,39,0,fam,0.043739241735445994,3.129509599607466,366.6666666666667,3.129509599607466
40,40,1,fam,0.043739241735445994,3.129509599607466,366.6666666666667,3.129509599607466
41,41,2,fam,0.043739241735445994,3.129509599607466,366.6666666666667,3.129509599607466
42,42,0,fam,0.043739241735445994,3.129509599607466,366.6666666666667,3.129509599607466
43,43,1,fam,0.043739241735445994,3.129509599607466,366.6666666666667,3.129509599607466
44,44,2,fam,0.043739241735445994,3.129509599607466,366.6666666666667,3.129509599607466
45,45,0,fam,0.043739241735445994,3.129509599607466,366.6666666666667,3.129509599607466
46,46,1,fam,0.043739241735445994,3.129509599607466,366.6666666666667,3.129509599607466
47,47,2,fam,0.043739241735445994,3.129509599607466,366.6666666666667,3.129509599607466
48,48,0,fam,0.043739241735445994,3.129509599607466,366.6666666666667,3.129509599607466
49,49,1,fam,0.043739241735445994,3.129509599607466,366.6666666666667,3.129509599607466
50,50,2,fam,0.043739241735445994,3.129509599607466,366.6666666666667,3.129509599607466
51,51,0,fam,0.043739241735445994,3.129509599607466,366.6666666666667,3.129509599607466
52,52,1,fam,0.043739241735445994,3.129509599607466,366.6666666666667,3.129509599607466
53,53,2,fam,0.043739241735445994,3.129509599607466,366.6666666666667,3.129509599607466
54,54,0,fam,0.043739241735445994,3.129509599607466,366.6666666666667,3.129509599607466
55,55,1,fam,0.043739241735445994,3.129509599607466,366.6666666666667,3.129509599607466
56,56,2,fam,0.043739241735445994,3.129509599607466,366.6666666666667,3.129509599607466
57,57,0,fam,0.043739241735445994,3.129509599607466,366.6666666666667,3.129509599607466
58,58,1,fam,0.043739241735445994,3.129509599607466,366.6666666666667,3.129509599607466
59,59,2,fam,0.043739241735445994,3.129509599607466,366.6666666666667,3.129509599607466
60,60,0,fam,0.043739241735445994,3.129509599607466,366.6666666666667,3.129509599607466
61,61,1,fam,0.043739241735445994,3.129509599607466,366.6666666666667,3.129509599607466
62,62,2,fam,0.043739241735445994,3.129509599607466,366.6666666666667,3.129509599607466
63,63,0,fam,0.043739241735445994,3.129509599607466,366.6666666666667,3.129509599607466
64,64,1,fam,0.043739241735445994,3.129509599607466,366.6666666666667,3.129509599607466
65,65,2,fam,0.043739241735445994,3.129509599607466,366.6666666666667,3.129509599607466
66,66,3,recov,0.04294478527607362,3.147840051751449,366.6666666666667,3.129509599607466
67,67,4,recov,0.04294478527607362,3.147840051751449,366.6666666666667,3.129509599607466
68,68,5,recov,0.04294478527607362,3.147840051751449,366.6666666666667,3.129509599607466
69,69,3,recov,0.04371779141104294,3.1300001336231182,366.6666666666667,3.129509599607466
70,70,4,recov,0.04371779141104294,3.1300001336231182,366.6666666666667,3.129509599607466
71,71,5,recov,0.04371779141104294,3.1300001336231182,366.6666666666667,3.129509599607466
72,72,3,recov,0.04373866257668712,3.129522840865666,366.6666666666667,3.129509599607466
73,73,4,recov,0.04373866257668712,3.129522840865666,366.6666666666667,3.129509599607466
74,74,5,recov,0.04373866257668712,3.129522840865666,366.6666666666667,3.129509599607466
75,75,3,recov,0.04373922609815951,3.1295099571191347,366.6666666666667,3.129509599607466
76,76,4,recov,0.04373922609815951,3.1295099571191347,366.6666666666667,3.129509599607466
77,77,5,recov,0.04373922609815951,3.1295099571191347,366.6666666666667,3.129509599607466
78,78,3,recov,0.043739241313239266,3.129509609260279,366.6666666666667,3.129509599607466
79,79,4,recov,0.043739241313239266,3.129509609260279,366.6666666666667,3.129509599607466
80,80,5,recov,0.043739241313239266,3.129509609260279,366.6666666666667,3.129509599607466
81,81,3,recov,0.04373924172404642,3.129509599868092,366.6666666666667,3.129509599607466
82,82,4,recov,0.04373924172404642,3.129509599868092,366.6666666666667,3.129509599607466
83,83,5,recov,0.04373924172404642,3.129509599868092,366.6666666666667,3.129509599607466
84,84,3,recov,0.043739241735138205,3.129509599614503,366.6666666666667,3.129509599607466
85,85,4,recov,0.043739241735138205,3.129509599614503,366.6666666666667,3.129509599607466
86,86,5,recov,0.043739241735138205,3.129509599614503,366.6666666666667,3.129509599607466
87,87,3,recov,0.04373924173543769,3.129509599607656,366.6666666666667,3.129509599607466
88,88,4,recov,0.04373924173543769,3.129509599607656,366.6666666666667,3.129509599607466
89,89,5,recov,0.04373924173543769,3.129509599607656,366.6666666666667,3.129509599607466
90,90,3,recov,0.04373924173544578,3.1295095996074713,366.6666666666667,3.129509599607466
91,91,4,recov,0.04373924173544578,3.1295095996074713,366.6666666666667,3.129509599607466
92,92,5,recov,0.04373924173544578,3.1295095996074713,366.6666666666667,3.129509599607466
93,93,3,recov,0.04373924173544599,3.1295095996074664,366.6666666666667,3.129509599607466
94,94,4,recov,0.04373924173544599,3.1295095996074664,366.6666666666667,3.129509599607466
95,95,5,recov,0.04373924173544599,3.1295095996074664,366.6666666666667,3.129509599607466
96,96,3,recov,0.043739241735445994,3.129509599607466,366.6666666666667,3.129509599607466
97,97,4,recov,0.043739241735445994,3.129509599607466,366.6666666666667,3.129509599607466
98,98,5,recov,0.043739241735445994,3.129509599607466,366.6666666666667,3.129509599607466
99,99,3,recov,0.043739241735445994,3.129509599607466,366.6666666666667,3.129509599607466
100,100,4,recov,0.043739241735445994,3.129509599607466,366.6666666666667,3.129509599607466
101,101,5,recov,0.043739241735445994,3.129509599607466,366.6666666666667,3.129509599607466
102,102,3,recov,0.043739241735445994,3.129509599607466,366.6666666666667,3.129509599607466
103,103,4,recov,0.043739241735445994,3.129509599607466,366.6666666666667,3.129509599607466
104,104,5,recov,0.043739241735445994,3.129509599607466,366.6666666666667,3.129509599607466
105,105,3,recov,0.043739241735445994,3.129509599607466,366.6666666666667,3.129509599607466
106,106,4,recov,0.043739241735445994,3.129509599607466,366.6666666666667,3.129509599607466
107,107,5,recov,0.043739241735445994,3.129509599607466,366.6666666666667,3.129509599607466
108,108,3,recov,0.043739241735445994,3.129509599607466,366.6666666666667,3.129509599607466
109,109,4,recov,0.043739241735445994,3.129509599607466,366.6666666666667,3.129509599607466
110,110,5,recov,0.043739241735445994,3.129509599607466,366.6666666666667,3.129509599607466
111,111,3,recov,0.043739241735445994,3.129509599607466,366.6666666666667,3.129509599607466
112,112,4,recov,0.043739241735445994,3.129509599607466,366.6666666666667,3.129509599607466
113,113,5,recov,0.043739241735445994,3.129509599607466,366.6666666666667,3.129509599607466
114,114,3,recov,0.043739241735445994,3.129509599607466,366.6666666666667,3.129509599607466
115,115,4,recov,0.043739241735445994,3.129509599607466,366.6666666666667,3.129509599607466
116,116,5,recov,0.043739241735445994,3.129509599607466,366.6666666666667,3.129509599607466
117,117,3,recov,0.043739241735445994,3.129509599607466,366.6666666666667,3.129509599607466
118,118,4,recov,0.043739241735445994,3.129509599607466,366.6666666666667,3.129509599607466
119,119,5,recov,0.043739241735445994,3.129509599607466,366.6666666666667,3.129509599607466
120,120,3,recov,0.043739241735445994,3.129509599607466,366.6666666666667,3.129509599607466
121,121,4,recov,0.043739241735445994,3.129509599607466,366.6666666666667,3.129509599607466
122,122,5,recov,0.043739241735445994,3.129509599607466,366.6666666666667,3.129509599607466
123,123,3,recov,0.043739241735445994,3.129509599607466,366.6666666666667,3.129509599607466
124,124,4,recov,0.043739241735445994,3.129509599607466,366.6666666666667,3.129509599607466
125,125,5,recov,0.043739241735445994,3.129509599607466,366.6666666666667,3.129509599607466
126,126,3,recov,0.043739241735445994,3.129509599607466,366.6666666666667,3.129509599607466
127,127,4,recov,0.043739241735445994,3.129509599607466,366.6666666666667,3.129509599607466
128,128,5,recov,0.043739241735445994,3.129509599607466,366.6666666666667,3.129509599607466
129,129,3,recov,0.043739241735445994,3.129509599607466,366.6666666666667,3.129509599607466
130,130,4,recov,0.043739241735445994,3.129509599607466,366.6666666666667,3.129509599607466
131,131,5,recov,0.043739241735445994,3.129509599607466,366.6666666666667,3.129509599607466
132,132,3,recov,0.043739241735445994,3.129509599607466,366.6666666666667,3.129509599607466
133,133,4,recov,0.043739241735445994,3.129509599607466,366.6666666666667,3.129509599607466
134,134,5,recov,0.043739241735445994,3.129509599607466,366.6666666666667,3.129509599607466
135,135,3,recov,0.043739241735445994,3.129509599607466,366.6666666666667,3.129509599607466
136,136,4,recov,0.043739241735445994,3.129509599607466,366.6666666666667,3.129509599607466
137,137,5,recov,0.043739241735445994,3.129509599607466,366.6666666666667,3.129509599607466
138,138,3,recov,0.043739241735445994,3.129509599607466,366.6666666666667,3.129509599607466
139,139,4,recov,0.043739241735445994,3.129509599607466,366.6666666666667,3.129509599607466
140,140,5,recov,0.043739241735445994,3.129509599607466,366.6666666666667,3.129509599607466
141,141,3,recov,0.043739241735445994,3.129509599607466,366.6666666666667,3.129509599607466
142,142,4,recov,0.043739241735445994,3.129509599607466,366.6666666666667,3.129509599607466
143,143,5,recov,0.043739241735445994,3.129509599607466,366.6666666666667,3.129509599607466
144,144,3,recov,0.043739241735445994,3.129509599607466,366.6666666666667,3.129509599607466
145,145,4,recov,0.043739241735445994,3.129509599607466,366.6666666666667,3.129509599607466
146,146,5,recov,0.043739241735445994,3.129509599607466,366.6666666666667,3.129509599607466
147,147,3,recov,0.043739241735445994,3.129509599607466,366.6666666666667,3.129509599607466
148,148,4,recov,0.043739241735445994,3.129509599607466,366.6666666666667,3.129509599607466
149,149,5,recov,0.043739241735445994,3.129509599607466,366.6666666666667,3.129509599607466
150,150,3,recov,0.043739241735445994,3.129509599607466,366.6666666666667,3.129509599607466
151,151,4,recov,0.043739241735445994,3.129509599607466,366.6666666666667,3.129509599607466
152,152,5,recov,0.043739241735445994,3.129509599607466,366.6666666666667,3.129509599607466
153,153,3,recov,0.043739241735445994,3.129509599607466,366.6666666666667,3.129509599607466
154,154,4,recov,0.043739241735445994,3.129509599607466,366.6666666666667,3.129509599607466
155,155,5,recov,0.043739241735445994,3.129509599607466,366.6666666666667,3.129509599607466
156,156,3,recov,0.043739241735445994,3.129509599607466,366.6666666666667,3.129509599607466
157,157,4,recov,0.043739241735445994,3.129509599607466,366.6666666666667,3.129509599607466
158,158,5,recov,0.043739241735445994,3.129509599607466,366.6666666666667,3.129509599607466
159,159,3,recov,0.043739241735445994,3.129509599607466,366.6666666666667,3.129509599607466
160,160,4,recov,0.043739241735445994,3.129509599607466,366.6666666666667,3.129509599607466
161,161,5,recov,0.043739241735445994,3.129509599607466,366.6666666666667,3.129509599607466
162,162,3,recov,0.043739241735445994,3.129509599607466,366.6666666666667,3.129509599607466
163,163,4,recov,0.043739241735445994,3.129509599607466,366.6666666666667,3.129509599607466
164,164,5,recov,0.043739241735445994,3.129509599607466,366.6666666666667,3.129509599607466
165,165,3,recov,0.043739241735445994,3.129509599607466,366.6666666666667,3.129509599607466
166,166,4,recov,0.043739241735445994,3.129509599607466,366.6666666666667,3.129509599607466
167,167,5,recov,0.043739241735445994,3.129509599607466,366.6666666666667,3.129509599607466
168,168,3,recov,0.043739241735445994,3.129509599607466,366.6666666666667,3.129509599607466
169,169,4,recov,0.043739241735445994,3.129509599607466,366.6666666666667,3.129509599607466
170,170,5,recov,0.043739241735445994,3.129509599607466,366.6666666666667,3.129509599607466
171,171,3,recov,0.043739241735445994,3.129509599607466,366.6666666666667,3.129509599607466
172,172,4,recov,0.043739241735445994,3.129509599607466,366.6666666666667,3.129509599607466
173,173,5,recov,0.043739241735445994,3.129509599607466,366.6666666666667,3.129509599607466
174,174,3,recov,0.043739241735445994,3.129509599607466,366.6666666666667,3.129509599607466
175,175,4,recov,0.043739241735445994,3.129509599607466,366.6666666666667,3.129509599607466
176,176,5,recov,0.043739241735445994,3.129509599607466,366.6666666666667,3.129509599607466
177,177,3,recov,0.043739241735445994,3.129509599607466,366.6666666666667,3.129509599607466
178,178,4,recov,0.043739241735445994,3.129509599607466,366.6666666666667,3.129509599607466
179,179,5,recov,0.043739241735445994,3.129509599607466,366.6666666666667,3.129509599607466
180,180,3,recov,0.043739241735445994,3.129509599607466,366.6666666666667,3.129509599607466
181,181,4,recov,0.043739241735445994,3.129509599607466,366.6666666666667,3.129509599607466
182,182,5,recov,0.043739241735445994,3.129509599607466,366.6666666666667,3.129509599607466
183,183,3,recov,0.043739241735445994,3.129509599607466,366.6666666666667,3.129509599607466
184,184,4,recov,0.043739241735445994,3.129509599607466,366.6666666666667,3.129509599607466
185,185,5,recov,0.043739241735445994,3.129509599607466,366.6666666666667,3.129509599607466
186,186,3,recov,0.043739241735445994,3.129509599607466,366.6666666666667,3.129509599607466
187,187,4,recov,0.043739241735445994,3.129509599607466,366.6666666666667,3.129509599607466
188,188,5,recov,0.043739241735445994,3.129509599607466,366.6666666666667,3.129509599607466
189,189,3,recov,0.043739241735445994,3.129509599607466,366.6666666666667,3.129509599607466
190,190,4,recov,0.043739241735445994,3.129509599607466,366.6666666666667,3.129509599607466
191,191,5,recov,0.043739241735445994,3.129509599607466,366.6666666666667,3.129509599607466
192,192,3,recov,0.043739241735445994,3.129509599607466,366.6666666666667,3.129509599607466
193,193,4,recov,0.043739241735445994,3.129509599607466,366.6666666666667,3.129509599607466
194,194,5,recov,0.043739241735445994,3.129509599607466,366.6666666666667,3.129509599607466
195,195,3,recov,0.043739241735445994,3.129509599607466,366.6666666666667,3.129509599607466
196,196,4,recov,0.043739241735445994,3.129509599607466,366.6666666666667,3.129509599607466
197,197,5,recov,0.043739241735445994,3.129509599607466,366.6666666666667,3.129509599607466
198,198,3,recov,0.043739241735445994,3.129509599607466,366.6666666666667,3.129509599607466
199,199,4,recov,0.043739241735445994,3.129509599607466,366.6666666666667,3.129509599607466
200,200,5,recov,0.043739241735445994,3.129509599607466,366.6666666666667,3.129509599607466
201,201,3,recov,0.043739241735445994,3.129509599607466,366.6666666666667,3.129509599607466
202,202,4,recov,0.043739241735445994,3.129509599607466,366.6666666666667,3.129509599607466
203,203,5,recov,0.043739241735445994,3.129509599607466,366.6666666666667,3.129509599607466
204,204,3,recov,0.043739241735445994,3.129509599607466,366.6666666666667,3.129509599607466
205,205,4,recov,0.043739241735445994,3.129509599607466,366.6666666666667,3.129509599607466
206,206,5,recov,0.043739241735445994,3.129509599607466,366.6666666666667,3.129509599607466
207,207,3,recov,0.043739241735445994,3.129509599607466,366.6666666666667,3.129509599607466
208,208,4,recov,0.043739241735445994,3.129509599607466,366.6666666666667,3.129509599607466
209,209,5,recov,0.043739241735445994,3.129509599607466,366.6666666666667,3.129509599607466
210,210,3,recov,0.043739241735445994,3.129509599607466,366.6666666666667,3.129509599607466
211,211,4,recov,0.043739241735445994,3.129509599607466,366.6666666666667,3.129509599607466
212,212,5,recov,0.043739241735445994,3.129509599607466,366.6666666666667,3.129509599607466
213,213,3,recov,0.043739241735445994,3.129509599607466,366.6666666666667,3.129509599607466
214,214,4,recov,0.043739241735445994,3.129509599607466,366.6666666666667,3.129509599607466
215,215,5,recov,0.043739241735445994,3.129509599607466,366.6666666666667,3.129509599607466
216,216,3,recov,0.043739241735445994,3.129509599607466,366.6666666666667,3.129509599607466
217,217,4,recov,0.043739241735445994,3.129509599607466,366.6666666666667,3.129509599607466
218,218,5,recov,0.043739241735445994,3.129509599607466,366.6666666666667,3.129509599607466
219,219,3,recov,0.043739241735445994,3.129509599607466,366.6666666666667,3.129509599607466
220,220,4,recov,0.043739241735445994,3.129509599607466,366.6666666666667,3.129509599607466
221,221,5,recov,0.043739241735445994,3.129509599607466,366.6666666666667,3.129509599607466
222,222,3,recov,0.043739241735445994,3.129509599607466,366.6666666666667,3.129509599607466
223,223,4,recov,0.043739241735445994,3.129509599607466,366.6666666666667,3.129509599607466
224,224,5,recov,0.043739241735445994,3.129509599607466,366.6666666666667,3.129509599607466
225,225,3,recov,0.043739241735445994,3.129509599607466,366.6666666666667,3.129509599607466
226,226,4,recov,0.043739241735445994,3.129509599607466,366.6666666666667,3.129509599607466
227,227,5,recov,0.043739241735445994,3.129509599607466,366.6666666666667,3.129509599607466
228,228,3,recov,0.043739241735445994,3.129509599607466,366.6666666666667,3.129509599607466
229,229,4,recov,0.043739241735445994,3.129509599607466,366.6666666666667,3.129509599607466
230,230,5,recov,0.043739241735445994,3.129509599607466,366.6666666666667,3.129509599607466
231,231,3,recov,0.043739241735445994,3.129509599607466,366.6666666666667,3.129509599607466
232,232,4,recov,0.043739241735445994,3.129509599607466,366.6666666666667,3.129509599607466
233,233,5,recov,0.043739241735445994,3.129509599607466,366.6666666666667,3.129509599607466
234,234,3,recov,0.043739241735445994,3.129509599607466,366.6666666666667,3.129509599607466
235,235,4,recov,0.043739241735445994,3.129509599607466,366.6666666666667,3.129509599607466
236,236,5,recov,0.043739241735445994,3.129509599607466,366.6666666666667,3.129509599607466
237,237,3,recov,0.043739241735445994,3.129509599607466,366.6666666666667,3.129509599607466
238,238,4,recov,0.043739241735445994,3.129509599607466,366.6666666666667,3.129509599607466
239,239,5,recov,0.043739241735445994,3.129509599607466,366.6666666666667,3.129509599607466
240,240,3,recov,0.043739241735445994,3.129509599607466,366.6666666666667,3.129509599607466
241,241,4,recov,0.043739241735445994,3.129509599607466,366.6666666666667,3.129509599607466
242,242,5,recov,0.043739241735445994,3.129509599607466,366.6666666666667,3.129509599607466
243,243,3,recov,0.043739241735445994,3.129509599607466,366.6666666666667,3.129509599607466
244,244,4,recov,0.043739241735445994,3.129509599607466,366.6666666666667,3.129509599607466
245,245,5,recov,0.043739241735445994,3.129509599607466,366.6666666666667,3.129509599607466
246,246,3,recov,0.043739241735445994,3.129509599607466,366.6666666666667,3.129509599607466
247,247,4,recov,0.043739241735445994,3.129509599607466,366.6666666666667,3.129509599607466
248,248,5,recov,0.043739241735445994,3.129509599607466,366.6666666666667,3.129509599607466
249,249,3,recov,0.043739241735445994,3.129509599607466,366.6666666666667,3.129509599607466
250,250,4,recov,0.043739241735445994,3.129509599607466,366.6666666666667,3.129509599607466
251,251,5,recov,0.043739241735445994,3.129509599607466,366.6666666666667,3.129509599607466
252,252,3,recov,0.043739241735445994,3.129509599607466,366.6666666666667,3.129509599607466
253,253,4,recov,0.043739241735445994,3.129509599607466,366.6666666666667,3.129509599607466
254,254,5,recov,0.043739241735445994,3.129509599607466,366.6666666666667,3.129509599607466
255,255,3,recov,0.043739241735445994,3.129509599607466,366.6666666666667,3.129509599607466
256,256,4,recov,0.043739241735445994,3.129509599607466,366.6666666666667,3.129509599607466
257,257,5,recov,0.043739241735445994,3.129509599607466,366.6666666666667,3.129509599607466
258,258,3,recov,0.043739241735445994,3.129509599607466,366.6666666666667,3.129509599607466
259,259,4,recov,0.043739241735445994,3.129509599607466,366.6666666666667,3.129509599607466
260,260,5,recov,0.043739241735445994,3.129509599607466,366.6666666666667,3.129509599607466
261,261,3,recov,0.043739241735445994,3.129509599607466,366.6666666666667,3.129509599607466
262,262,4,recov,0.043739241735445994,3.129509599607466,366.6666666666667,3.129509599607466
263,263,5,recov,0.043739241735445994,3.129509599607466,366.6666666666667,3.129509599607466
264,264,3,recov,0.043739241735445994,3.129509599607466,366.6666666666667,3.129509599607466
265,265,4,recov,0.043739241735445994,3.129509599607466,366.6666666666667,3.129509599607466
266,266,5,recov,0.043739241735445994,3.129509599607466,366.6666666666667,3.129509599607466
267,267,3,recov,0.043739241735445994,3.129509599607466,366.6666666666667,3.129509599607466
268,268,4,recov,0.043739241735445994,3.129509599607466,366.6666666666667,3.129509599607466
269,269,5,recov,0.043739241735445994,3.129509599607466,366.6666666666667,3.129509599607466
270,270,3,recov,0.043739241735445994,3.129509599607466,366.6666666666667,3.129509599607466
271,271,4,recov,0.043739241735445994,3.129509599607466,366.6666666666667,3.129509599607466
272,272,5,recov,0.043739241735445994,3.129509599607466,366.6666666666667,3.129509599607466
273,273,3,recov,0.043739241735445994,3.129509599607466,366.6666666666667,3.129509599607466
274,274,4,recov,0.043739241735445994,3.129509599607466,366.6666666666667,3.129509599607466
275,275,5,recov,0.043739241735445994,3.129509599607466,366.6666666666667,3.129509599607466
276,276,3,recov,0.043739241735445994,3.129509599607466,366.6666666666667,3.129509599607466
277,277,4,recov,0.043739241735445994,3.129509599607466,366.6666666666667,3.129509599607466
278,278,5,recov,0.043739241735445994,3.129509599607466,366.6666666666667,3.129509599607466
279,279,3,recov,0.043739241735445994,3.129509599607466,366.6666666666667,3.129509599607466
280,280,4,recov,0.043739241735445994,3.129509599607466,366.6666666666667,3.129509599607466
281,281,5,recov,0.043739241735445994,3.129509599607466,366.6666666666667,3.129509599607466
282,282,3,recov,0.043739241735445994,3.129509599607466,366.6666666666667,3.129509599607466
283,283,4,recov,0.043739241735445994,3.129509599607466,366.6666666666667,3.129509599607466
284,284,5,recov,0.043739241735445994,3.129509599607466,366.6666666666667,3.129509599607466
285,285,3,recov,0.043739241735445994,3.129509599607466,366.6666666666667,3.129509599607466
286,286,4,recov,0.043739241735445994,3.129509599607466,366.6666666666667,3.129509599607466
287,287,5,recov,0.043739241735445994,3.129509599607466,366.6666666666667,3.129509599607466
288,288,3,recov,0.043739241735445994,3.129509599607466,366.6666666666667,3.129509599607466
289,289,4,recov,0.043739241735445994,3.129509599607466,366.6666666666667,3.129509599607466
290,290,5,recov,0.043739241735445994,3.129509599607466,366.6666666666667,3.129509599607466
291,291,3,recov,0.043739241735445994,3.129509599607466,366.6666666666667,3.129509599607466
292,292,4,recov,0.043739241735445994,3.129509599607466,366.6666666666667,3.129509599607466
293,293,5,recov,0.043739241735445994,3.129509599607466,366.6666666666667,3.129509599607466
294,294,3,recov,0.043739241735445994,3.129509599607466,366.6666666666667,3.129509599607466
295,295,4,recov,0.043739241735445994,3.129509599607466,366.6666666666667,3.129509599607466
296,296,5,recov,0.043739241735445994,3.129509599607466,366.6666666666667,3.129509599607466
297,297,3,recov,0.043739241735445994,3.129509599607466,366.6666666666667,3.129509599607466
298,298,4,recov,0.043739241735445994,3.129509599607466,366.6666666666667,3.129509599607466
299,299,5,recov,0.043739241735445994,3.129509599607466,366.6666666666667,3.129509599607466
300,300,3,recov,0.043739241735445994,3.129509599607466,366.6666666666667,3.129509599607466
301,301,4,recov,0.043739241735445994,3.129509599607466,366.6666666666667,3.129509599607466
302,302,5,recov,0.043739241735445994,3.129509599607466,366.6666666666667,3.129509599607466
303,303,3,recov,0.043739241735445994,3.129509599607466,366.6666666666667,3.129509599607466
304,304,4,recov,0.043739241735445994,3.129509599607466,366.6666666666667,3.129509599607466
305,305,5,recov,0.043739241735445994,3.129509599607466,366.6666666666667,3.129509599607466
306,306,3,recov,0.043739241735445994,3.129509599607466,366.6666666666667,3.129509599607466
307,307,4,recov,0.043739241735445994,3.129509599607466,366.6666666666667,3.129509599607466
308,308,5,recov,0.043739241735445994,3.129509599607466,366.6666666666667,3.129509599607466
309,309,3,recov,0.043739241735445994,3.129509599607466,366.6666666666667,3.129509599607466
310,310,4,recov,0.043739241735445994,3.129509599607466,366.6666666666667,3.129509599607466
311,311,5,recov,0.043739241735445994,3.129509599607466,366.6666666666667,3.129509599607466
312,312,3,recov,0.043739241735445994,3.129509599607466,366.6666666666667,3.129509599607466
313,313,4,recov,0.043739241735445994,3.129509599607466,366.6666666666667,3.129509599607466
314,314,5,recov,0.043739241735445994,3.129509599607466,366.6666666666667,3.129509599607466
315,315,3,recov,0.043739241735445994,3.129509599607466,366.6666666666667,3.129509599607466
316,316,4,recov,0.043739241735445994,3.129509599607466,366.6666666666667,3.129509599607466
317,317,5,recov,0.043739241735445994,3.129509599607466,366.6666666666667,3.129509599607466
318,318,3,recov,0.043739241735445994,3.129509599607466,366.6666666666667,3.129509599607466
319,319,4,recov,0.043739241735445994,3.129509599607466,366.6666666666667,3.129509599607466
320,320,5,recov,0.043739241735445994,3.129509599607466,366.6666666666667,3.129509599607466
321,321,3,recov,0.043739241735445994,3.129509599607466,366.6666666666667,3.129509599607466
322,322,4,recov,0.043739241735445994,3.129509599607466,366.6666666666667,3.129509599607466
323,323,5,recov,0.043739241735445994,3.129509599607466,366.6666666666667,3.129509599607466
324,324,3,recov,0.043739241735445994,3.129509599607466,366.6666666666667,3.129509599607466
325,325,4,recov,0.043739241735445994,3.129509599607466,366.6666666666667,3.129509599607466
326,326,5,recov,0.043739241735445994,3.129509599607466,366.6666666666667,3.129509599607466
327,327,3,recov,0.043739241735445994,3.129509599607466,366.6666666666667,3.129509599607466
328,328,4,recov,0.043739241735445994,3.129509599607466,366.6666666666667,3.129509599607466
329,329,5,recov,0.043739241735445994,3.129509599607466,366.6666666666667,3.129509599607466
330,330,3,recov,0.043739241735445994,3.129509599607466,366.6666666666667,3.129509599607466
331,331,4,recov,0.043739241735445994,3.129509599607466,366.6666666666667,3.129509599607466
332,332,5,recov,0.043739241735445994,3.129509599607466,366.6666666666667,3.129509599607466
333,333,3,recov,0.043739241735445994,3.129509599607466,366.6666666666667,3.129509599607466
334,334,4,recov,0.043739241735445994,3.129509599607466,366.6666666666667,3.129509599607466
335,335,5,recov,0.043739241735445994,3.129509599607466,366.6666666666667,3.129509599607466
336,336,3,recov,0.043739241735445994,3.129509599607466,366.6666666666667,3.129509599607466
337,337,4,recov,0.043739241735445994,3.129509599607466,366.6666666666667,3.129509599607466
338,338,5,recov,0.043739241735445994,3.129509599607466,366.6666666666667,3.129509599607466
339,339,3,recov,0.043739241735445994,3.129509599607466,366.6666666666667,3.129509599607466
340,340,4,recov,0.043739241735445994,3.129509599607466,366.6666666666667,3.129509599607466
341,341,5,recov,0.043739241735445994,3.129509599607466,366.6666666666667,3.129509599607466
342,342,3,recov,0.043739241735445994,3.129509599607466,366.6666666666667,3.129509599607466
343,343,4,recov,0.043739241735445994,3.129509599607466,366.6666666666667,3.129509599607466
344,344,5,recov,0.043739241735445994,3.129509599607466,366.6666666666667,3.129509599607466
345,345,3,recov,0.043739241735445994,3.129509599607466,366.6666666666667,3.129509599607466
346,346,4,recov,0.043739241735445994,3.129509599607466,366.6666666666667,3.129509599607466
347,347,5,recov,0.043739241735445994,3.129509599607466,366.6666666666667,3.129509599607466
348,348,3,recov,0.043739241735445994,3.129509599607466,366.6666666666667,3.129509599607466
349,349,4,recov,0.043739241735445994,3.129509599607466,366.6666666666667,3.129509599607466
350,350,5,recov,0.043739241735445994,3.129509599607466,366.6666666666667,3.129509599607466
351,351,3,recov,0.043739241735445994,3.129509599607466,366.6666666666667,3.129509599607466
352,352,4,recov,0.043739241735445994,3.129509599607466,366.6666666666667,3.129509599607466
353,353,5,recov,0.043739241735445994,3.129509599607466,366.6666666666667,3.129509599607466
354,354,3,recov,0.043739241735445994,3.129509599607466,366.6666666666667,3.129509599607466
355,355,4,recov,0.043739241735445994,3.129509599607466,366.6666666666667,3.129509599607466
356,356,5,recov,0.043739241735445994,3.129509599607466,366.6666666666667,3.129509599607466
357,357,3,recov,0.043739241735445994,3.129509599607466,366.6666666666667,3.129509599607466
358,358,4,recov,0.043739241735445994,3.129509599607466,366.6666666666667,3.129509599607466
359,359,5,recov,0.043739241735445994,3.129509599607466,366.6666666666667,3.129509599607466
360,360,3,recov,0.043739241735445994,3.129509599607466,366.6666666666667,3.129509599607466
361,361,4,recov,0.043739241735445994,3.129509599607466,366.6666666666667,3.129509599607466
362,362,5,recov,0.043739241735445994,3.129509599607466,366.6666666666667,3.129509599607466
363,363,3,recov,0.043739241735445994,3.129509599607466,366.6666666666667,3.129509599607466
364,364,4,recov,0.043739241735445994,3.129509599607466,366.6666666666667,3.129509599607466
365,365,5,recov,0.043739241735445994,3.129509599607466,366.6666666666667,3.129509599607466
366,366,3,recov,0.043739241735445994,3.129509599607466,366.6666666666667,3.129509599607466
367,367,4,recov,0.043739241735445994,3.129509599607466,366.6666666666667,3.129509599607466
368,368,5,recov,0.043739241735445994,3.129509599607466,366.6666666666667,3.129509599607466
369,369,3,recov,0.043739241735445994,3.129509599607466,366.6666666666667,3.129509599607466
370,370,4,recov,0.043739241735445994,3.129509599607466,366.6666666666667,3.129509599607466
371,371,5,recov,0.043739241735445994,3.129509599607466,366.6666666666667,3.129509599607466
372,372,3,recov,0.043739241735445994,3.129509599607466,366.6666666666667,3.129509599607466
373,373,4,recov,0.043739241735445994,3.129509599607466,366.6666666666667,3.129509599607466
374,374,5,recov,0.043739241735445994,3.129509599607466,366.6666666666667,3.129509599607466
375,375,3,recov,0.043739241735445994,3.129509599607466,366.6666666666667,3.129509599607466
376,376,4,recov,0.043739241735445994,3.129509599607466,366.6666666666667,3.129509599607466
377,377,5,recov,0.043739241735445994,3.129509599607466,366.6666666666667,3.129509599607466
378,378,3,recov,0.043739241735445994,3.129509599607466,366.6666666666667,3.129509599607466
379,379,4,recov,0.043739241735445994,3.129509599607466,366.6666666666667,3.129509599607466
380,380,5,recov,0.043739241735445994,3.129509599607466,366.6666666666667,3.129509599607466
381,381,3,recov,0.043739241735445994,3.129509599607466,366.6666666666667,3.129509599607466
382,382,4,recov,0.043739241735445994,3.129509599607466,366.6666666666667,3.129509599607466
383,383,5,recov,0.043739241735445994,3.129509599607466,366.6666666666667,3.129509599607466
384,384,3,recov,0.043739241735445994,3.129509599607466,366.6666666666667,3.129509599607466
385,385,4,recov,0.043739241735445994,3.129509599607466,366.6666666666667,3.129509599607466
386,386,5,recov,0.043739241735445994,3.129509599607466,366.6666666666667,3.129509599607466
387,387,3,recov,0.043739241735445994,3.129509599607466,366.6666666666667,3.129509599607466
388,388,4,recov,0.043739241735445994,3.129509599607466,366.6666666666667,3.129509599607466
389,389,5,recov,0.043739241735445994,3.129509599607466,366.6666666666667,3.129509599607466
390,390,3,recov,0.043739241735445994,3.129509599607466,366.6666666666667,3.129509599607466
391,391,4,recov,0.043739241735445994,3.129509599607466,366.6666666666667,3.129509599607466
392,392,5,recov,0.043739241735445994,3.129509599607466,366.6666666666667,3.129509599607466
393,393,3,recov,0.043739241735445994,3.129509599607466,366.6666666666667,3.129509599607466
394,394,4,recov,0.043739241735445994,3.129509599607466,366.6666666666667,3.129509599607466
395,395,5,recov,0.043739241735445994,3.129509599607466,366.6666666666667,3.129509599607466
396,396,3,recov,0.043739241735445994,3.129509599607466,366.6666666666667,3.129509599607466
397,397,4,recov,0.043739241735445994,3.129509599607466,366.6666666666667,3.129509599607466
398,398,5,recov,0.043739241735445994,3.129509599607466,366.6666666666667,3.129509599607466
399,399,3,recov,0.043739241735445994,3.129509599607466,366.6666666666667,3.129509599607466
400,400,4,recov,0.043739241735445994,3.129509599607466,366.6666666666667,3.129509599607466
401,401,5,recov,0.043739241735445994,3.129509599607466,366.6666666666667,3.129509599607466
402,402,3,recov,0.043739241735445994,3.129509599607466,366.6666666666667,3.129509599607466
403,403,4,recov,0.043739241735445994,3.129509599607466,366.6666666666667,3.129509599607466
404,404,5,recov,0.043739241735445994,3.129509599607466,366.6666666666667,3.129509599607466
405,405,3,recov,0.043739241735445994,3.129509599607466,366.6666666666667,3.129509599607466
406,406,4,recov,0.043739241735445994,3.129509599607466,366.6666666666667,3.129509599607466
407,407,5,recov,0.043739241735445994,3.129509599607466,366.6666666666667,3.129509599607466
408,408,3,recov,0.043739241735445994,3.129509599607466,366.6666666666667,3.129509599607466
409,409,4,recov,0.043739241735445994,3.129509599607466,366.6666666666667,3.129509599607466
410,410,5,recov,0.043739241735445994,3.129509599607466,366.6666666666667,3.129509599607466
411,411,3,recov,0.043739241735445994,3.129509599607466,366.6666666666667,3.129509599607466
412,412,4,recov,0.043739241735445994,3.129509599607466,366.6666666666667,3.129509599607466
413,413,5,recov,0.043739241735445994,3.129509599607466,366.6666666666667,3.129509599607466
414,414,3,recov,0.043739241735445994,3.129509599607466,366.6666666666667,3.129509599607466
415,415,4,recov,0.043739241735445994,3.129509599607466,366.6666666666667,3.129509599607466
416,416,5,recov,0.043739241735445994,3.129509599607466,366.6666666666667,3.129509599607466
417,417,3,recov,0.043739241735445994,3.129509599607466,366.6666666666667,3.129509599607466
418,418,4,recov,0.043739241735445994,3.129509599607466,366.6666666666667,3.129509599607466
419,419,5,recov,0.043739241735445994,3.129509599607466,366.6666666666667,3.129509599607466
420,420,3,recov,0.043739241735445994,3.129509599607466,366.6666666666667,3.129509599607466
421,421,4,recov,0.043739241735445994,3.129509599607466,366.6666666666667,3.129509599607466
422,422,5,recov,0.043739241735445994,3.129509599607466,366.6666666666667,3.129509599607466
423,423,3,recov,0.043739241735445994,3.129509599607466,366.6666666666667,3.129509599607466
424,424,4,recov,0.043739241735445994,3.129509599607466,366.6666666666667,3.129509599607466
425,425,5,recov,0.043739241735445994,3.129509599607466,366.6666666666667,3.129509599607466
426,426,3,recov,0.043739241735445994,3.129509599607466,366.6666666666667,3.129509599607466
427,427,4,recov,0.043739241735445994,3.129509599607466,366.6666666666667,3.129509599607466
428,428,5,recov,0.043739241735445994,3.129509599607466,366.6666666666667,3.129509599607466
429,429,3,recov,0.043739241735445994,3.129509599607466,366.6666666666667,3.129509599607466
430,430,4,recov,0.043739241735445994,3.129509599607466,366.6666666666667,3.129509599607466
431,431,5,recov,0.043739241735445994,3.129509599607466,366.6666666666667,3.129509599607466
432,432,0,fam_r,0.04294478527607362,3.147840051751449,366.6666666666667,3.129509599607466
433,433,1,fam_r,0.04294478527607362,3.147840051751449,366.6666666666667,3.129509599607466
434,434,2,fam_r,0.04294478527607362,3.147840051751449,366.6666666666667,3.129509599607466
435,435,0,fam_r,0.04371779141104294,3.1300001336231182,366.6666666666667,3.129509599607466
436,436,1,fam_r,0.04371779141104294,3.1300001336231182,366.6666666666667,3.129509599607466
437,437,2,fam_r,0.04371779141104294,3.1300001336231182,366.6666666666667,3.129509599607466
438,438,0,fam_r,0.04373866257668712,3.129522840865666,366.6666666666667,3.129509599607466
439,439,1,fam_r,0.04373866257668712,3.129522840865666,366.6666666666667,3.129509599607466
440,440,2,fam_r,0.04373866257668712,3.129522840865666,366.6666666666667,3.129509599607466
441,441,0,fam_r,0.04373922609815951,3.1295099571191347,366.6666666666667,3.129509599607466
442,442,1,fam_r,0.04373922609815951,3.1295099571191347,366.6666666666667,3.129509599607466
443,443,2,fam_r,0.04373922609815951,3.1295099571191347,366.6666666666667,3.129509599607466
444,444,0,fam_r,0.043739241313239266,3.129509609260279,366.6666666666667,3.129509599607466
445,445,1,fam_r,0.043739241313239266,3.129509609260279,366.6666666666667,3.129509599607466
446,446,2,fam_r,0.043739241313239266,3.129509609260279,366.6666666666667,3.129509599607466
0,0,0,fam,0.043478260869565216,3.1354942159291497,476.6666666666667,3.129509599607466
1,1,1,fam,0.04310344827586207,3.144152278672264,476.6666666666667,3.129509599607466
2,2,2,fam,0.04299226139294927,3.1467351470905185,476.6666666666667,3.129509599607466
3,3,0,fam,0.0437322794054472,3.1296687903914537,476.6666666666667,3.129509599607466
4,4,1,fam,0.043722136801326264,3.129900742180885,476.6666666666667,3.129509599607466
5,5,2,fam,0.043719094937431875,3.1299703172276936,476.6666666666667,3.129509599607466
6,6,0,fam,0.04373905381313165,3.129513896040385,476.6666666666667,3.129509599607466
7,7,1,fam,0.043738779946885575,3.129520157426483,476.6666666666667,3.129509599607466
8,8,2,fam,0.04373869778768052,3.129522035834667,476.6666666666667,3.129509599607466
9,9,0,fam,0.043739236661587674,3.1295097156099025,476.6666666666667,3.129509599607466
10,10,1,fam,0.04373922926718742,3.129509884666371,476.6666666666667,3.129509599607466
11,11,2,fam,0.04373922704886784,3.129509935383306,476.6666666666667,3.129509599607466
12,12,0,fam,0.043739241598451856,3.129509602739531,476.6666666666667,3.129509599607466
13,13,1,fam,0.043739241398803044,3.1295096073040547,476.6666666666667,3.129509599607466
14,14,2,fam,0.0437392413389084,3.129509608673412,476.6666666666667,3.129509599607466
15,15,0,fam,0.04373924173174716,3.1295095996920317,476.6666666666667,3.129509599607466
16,16,1,fam,0.04373924172635664,3.129509599815274,476.6666666666667,3.129509599607466
17,17,2,fam,0.04373924172473948,3.1295095998522466,476.6666666666667,3.129509599607466
18,18,0,fam,0.04373924173534613,3.1295095996097495,476.6666666666667,3.129509599607466
19,19,1,fam,0.043739241735200586,3.129509599613077,476.6666666666667,3.129509599607466
20,20,2,fam,0.04373924173515692,3.1295095996140754,476.6666666666667,3.129509599607466
21,21,0,fam,0.04373924173544331,3.1295095996075277,476.6666666666667,3.129509599607466
22,22,1,fam,0.043739241735439374,3.1295095996076174,476.6666666666667,3.129509599607466
23,23,2,fam,0.043739241735438195,3.1295095996076445,476.6666666666667,3.129509599607466
24,24,0,fam,0.04373924173544593,3.1295095996074678,476.6666666666667,3.129509599607466
25,25,1,fam,0.04373924173544582,3.12950959960747,476.6666666666667,3.129509599607466
26,26,2,fam,0.04373924173544579,3.129509599607471,476.6666666666667,3.129509599607466
27,27,0,fam,0.043739241735445994,3.129509599607466,476.6666666666667,3.129509599607466
28,28,1,fam,0.04373924173544599,3.1295095996074664,476.6666666666667,3.129509599607466
29,29,2,fam,0.04373924173544599,3.1295095996074664,476.6666666666667,3.129509599607466
30,30,0,fam,0.043739241735445994,3.129509599607466,476.6666666666667,3.129509599607466
31,31,1,fam,0.043739241735445994,3.129509599607466,476.6666666666667,3.129509599607466
32,32,2,fam,0.043739241735445994,3.129509599607466,476.6666666666667,3.129509599607466
33,33,0,fam,0.043739241735445994,3.129509599607466,476.6666666666667,3.129509599607466
34,34,1,fam,0.043739241735445994,3.129509599607466,476.6666666666667,3.129509599607466
35,35,2,fam,0.043739241735445994,3.129509599607466,476.6666666666667,3.129509599607466
36,36,0,fam,0.043739241735445994,3.129509599607466,476.6666666666667,3.129509599607466
37,37,1,fam,0.043739241735445994,3.129509599607466,476.6666666666667,3.129509599607466
38,38,2,fam,0.043739241735445994,3.129509599607466,476.6666666666667,3.129509599607466
39,39,0,fam,0.043739241735445994,3.129509599607466,476.6666666666667,3.129509599607466
40,40,1,fam,0.043739241735445994,3.129509599607466,476.6666666666667,3.129509599607466
41,41,2,fam,0.043739241735445994,3.129509599607466,476.6666666666667,3.129509599607466
42,42,0,fam,0.043739241735445994,3.129509599607466,476.6666666666667,3.129509599607466
43,43,1,fam,0.043739241735445994,3.129509599607466,476.6666666666667,3.129509599607466
44,44,2,fam,0.043739241735445994,3.129509599607466,476.6666666666667,3.129509599607466
45,45,0,fam,0.043739241735445994,3.129509599607466,476.6666666666667,3.129509599607466
46,46,1,fam,0.043739241735445994,3.129509599607466,476.6666666666667,3.129509599607466
47,47,2,fam,0.043739241735445994,3.129509599607466,476.6666666666667,3.129509599607466
48,48,0,fam,0.043739241735445994,3.129509599607466,476.6666666666667,3.129509599607466
49,49,1,fam,0.043739241735445994,3.129509599607466,476.6666666666667,3.129509599607466
50,50,2,fam,0.043739241735445994,3.129509599607466,476.6666666666667,3.129509599607466
51,51,0,fam,0.043739241735445994,3.129509599607466,476.6666666666667,3.129509599607466
52,52,1,fam,0.043739241735445994,3.129509599607466,476.6666666666667,3.129509599607466
53,53,2,fam,0.043739241735445994,3.129509599607466,476.6666666666667,3.129509599607466
54,54,0,fam,0.043739241735445994,3.129509599607466,476.6666666666667,3.129509599607466
55,55,1,fam,0.043739241735445994,3.129509599607466,476.6666666666667,3.129509599607466
56,56,2,fam,0.043739241735445994,3.129509599607466,476.6666666666667,3.129509599607466
57,57,0,fam,0.043739241735445994,3.129509599607466,476.6666666666667,3.129509599607466
58,58,1,fam,0.043739241735445994,3.129509599607466,476.6666666666667,3.129509599607466
59,59,2,fam,0.043739241735445994,3.129509599607466,476.6666666666667,3.129509599607466
60,60,0,fam,0.043739241735445994,3.129509599607466,476.6666666666667,3.129509599607466
61,61,1,fam,0.043739241735445994,3.129509599607466,476.6666666666667,3.129509599607466
62,62,2,fam,0.043739241735445994,3.129509599607466,476.6666666666667,3.129509599607466
63,63,0,fam,0.043739241735445994,3.129509599607466,476.6666666666667,3.129509599607466
64,64,1,fam,0.043739241735445994,3.129509599607466,476.6666666666667,3.129509599607466
65,65,2,fam,0.043739241735445994,3.129509599607466,476.6666666666667,3.129509599607466
66,66,3,recov,0.04294478527607362,3.147840051751449,476.6666666666667,3.129509599607466
67,67,4,recov,0.04294478527607362,3.147840051751449,476.6666666666667,3.129509599607466
68,68,5,recov,0.04294478527607362,3.147840051751449,476.6666666666667,3.129509599607466
69,69,3,recov,0.04371779141104294,3.1300001336231182,476.6666666666667,3.129509599607466
70,70,4,recov,0.04371779141104294,3.1300001336231182,476.6666666666667,3.129509599607466
71,71,5,recov,0.04371779141104294,3.1300001336231182,476.6666666666667,3.129509599607466
72,72,3,recov,0.04373866257668712,3.129522840865666,476.6666666666667,3.129509599607466
73,73,4,recov,0.04373866257668712,3.129522840865666,476.6666666666667,3.129509599607466
74,74,5,recov,0.04373866257668712,3.129522840865666,476.6666666666667,3.129509599607466
75,75,3,recov,0.04373922609815951,3.1295099571191347,476.6666666666667,3.129509599607466
76,76,4,recov,0.04373922609815951,3.1295099571191347,476.6666666666667,3.129509599607466
77,77,5,recov,0.04373922609815951,3.1295099571191347,476.6666666666667,3.129509599607466
78,78,3,recov,0.043739241313239266,3.129509609260279,476.6666666666667,3.129509599607466
79,79,4,recov,0.043739241313239266,3.129509609260279,476.6666666666667,3.129509599607466
80,80,5,recov,0.043739241313239266,3.129509609260279,476.6666666666667,3.129509599607466
81,81,3,recov,0.04373924172404642,3.129509599868092,476.6666666666667,3.129509599607466
82,82,4,recov,0.04373924172404642,3.129509599868092,476.6666666666667,3.129509599607466
83,83,5,recov,0.04373924172404642,3.129509599868092,476.6666666666667,3.129509599607466
84,84,3,recov,0.043739241735138205,3.129509599614503,476.6666666666667,3.129509599607466
85,85,4,recov,0.043739241735138205,3.129509599614503,476.6666666666667,3.129509599607466
86,86,5,recov,0.043739241735138205,3.129509599614503,476.6666666666667,3.129509599607466
87,87,3,recov,0.04373924173543769,3.129509599607656,476.6666666666667,3.129509599607466
88,88,4,recov,0.04373924173543769,3.129509599607656,476.6666666666667,3.129509599607466
89,89,5,recov,0.04373924173543769,3.129509599607656,476.6666666666667,3.129509599607466
90,90,3,recov,0.04373924173544578,3.1295095996074713,476.6666666666667,3.129509599607466
91,91,4,recov,0.04373924173544578,3.1295095996074713,476.6666666666667,3.129509599607466
92,92,5,recov,0.04373924173544578,3.1295095996074713,476.6666666666667,3.129509599607466
93,93,3,recov,0.04373924173544599,3.1295095996074664,476.6666666666667,3.129509599607466
94,94,4,recov,0.04373924173544599,3.1295095996074664,476.6666666666667,3.129509599607466
95,95,5,recov,0.04373924173544599,3.1295095996074664,476.6666666666667,3.129509599607466
96,96,3,recov,0.043739241735445994,3.129509599607466,476.6666666666667,3.129509599607466
97,97,4,recov,0.043739241735445994,3.129509599607466,476.6666666666667,3.129509599607466
98,98,5,recov,0.043739241735445994,3.129509599607466,476.6666666666667,3.129509599607466
99,99,3,recov,0.043739241735445994,3.129509599607466,476.6666666666667,3.129509599607466
100,100,4,recov,0.043739241735445994,3.129509599607466,476.6666666666667,3.129509599607466
101,101,5,recov,0.043739241735445994,3.129509599607466,476.6666666666667,3.129509599607466
102,102,3,recov,0.043739241735445994,3.129509599607466,476.6666666666667,3.129509599607466
103,103,4,recov,0.043739241735445994,3.129509599607466,476.6666666666667,3.129509599607466
104,104,5,recov,0.043739241735445994,3.129509599607466,476.6666666666667,3.129509599607466
105,105,3,recov,0.043739241735445994,3.129509599607466,476.6666666666667,3.129509599607466
106,106,4,recov,0.043739241735445994,3.129509599607466,476.6666666666667,3.129509599607466
107,107,5,recov,0.043739241735445994,3.129509599607466,476.6666666666667,3.129509599607466
108,108,3,recov,0.043739241735445994,3.129509599607466,476.6666666666667,3.129509599607466
109,109,4,recov,0.043739241735445994,3.129509599607466,476.6666666666667,3.129509599607466
110,110,5,recov,0.043739241735445994,3.129509599607466,476.6666666666667,3.129509599607466
111,111,3,recov,0.043739241735445994,3.129509599607466,476.6666666666667,3.129509599607466
112,112,4,recov,0.043739241735445994,3.129509599607466,476.6666666666667,3.129509599607466
113,113,5,recov,0.043739241735445994,3.129509599607466,476.6666666666667,3.129509599607466
114,114,3,recov,0.043739241735445994,3.129509599607466,476.6666666666667,3.129509599607466
115,115,4,recov,0.043739241735445994,3.129509599607466,476.6666666666667,3.129509599607466
116,116,5,recov,0.043739241735445994,3.129509599607466,476.6666666666667,3.129509599607466
117,117,3,recov,0.043739241735445994,3.129509599607466,476.6666666666667,3.129509599607466
118,118,4,recov,0.043739241735445994,3.129509599607466,476.6666666666667,3.129509599607466
119,119,5,recov,0.043739241735445994,3.129509599607466,476.6666666666667,3.129509599607466
120,120,3,recov,0.043739241735445994,3.129509599607466,476.6666666666667,3.129509599607466
121,121,4,recov,0.043739241735445994,3.129509599607466,476.6666666666667,3.129509599607466
122,122,5,recov,0.043739241735445994,3.129509599607466,476.6666666666667,3.129509599607466
123,123,3,recov,0.043739241735445994,3.129509599607466,476.6666666666667,3.129509599607466
124,124,4,recov,0.043739241735445994,3.129509599607466,476.6666666666667,3.129509599607466
125,125,5,recov,0.043739241735445994,3.129509599607466,476.6666666666667,3.129509599607466
126,126,3,recov,0.043739241735445994,3.129509599607466,476.6666666666667,3.129509599607466
127,127,4,recov,0.043739241735445994,3.129509599607466,476.6666666666667,3.129509599607466
128,128,5,recov,0.043739241735445994,3.129509599607466,476.6666666666667,3.129509599607466
129,129,3,recov,0.043739241735445994,3.129509599607466,476.6666666666667,3.129509599607466
130,130,4,recov,0.043739241735445994,3.129509599607466,476.6666666666667,3.129509599607466
131,131,5,recov,0.043739241735445994,3.129509599607466,476.6666666666667,3.129509599607466
132,132,3,recov,0.043739241735445994,3.129509599607466,476.6666666666667,3.129509599607466
133,133,4,recov,0.043739241735445994,3.129509599607466,476.6666666666667,3.129509599607466
134,134,5,recov,0.043739241735445994,3.129509599607466,476.6666666666667,3.129509599607466
135,135,3,recov,0.043739241735445994,3.129509599607466,476.6666666666667,3.129509599607466
136,136,4,recov,0.043739241735445994,3.129509599607466,476.6666666666667,3.129509599607466
137,137,5,recov,0.043739241735445994,3.129509599607466,476.6666666666667,3.129509599607466
138,138,3,recov,0.043739241735445994,3.129509599607466,476.6666666666667,3.129509599607466
139,139,4,recov,0.043739241735445994,3.129509599607466,476.6666666666667,3.129509599607466
140,140,5,recov,0.043739241735445994,3.129509599607466,476.6666666666667,3.129509599607466
141,141,3,recov,0.043739241735445994,3.129509599607466,476.6666666666667,3.129509599607466
142,142,4,recov,0.043739241735445994,3.129509599607466,476.6666666666667,3.129509599607466
143,143,5,recov,0.043739241735445994,3.129509599607466,476.6666666666667,3.129509599607466
144,144,3,recov,0.043739241735445994,3.129509599607466,476.6666666666667,3.129509599607466
145,145,4,recov,0.043739241735445994,3.129509599607466,476.6666666666667,3.129509599607466
146,146,5,recov,0.043739241735445994,3.129509599607466,476.6666666666667,3.129509599607466
147,147,3,recov,0.043739241735445994,3.129509599607466,476.6666666666667,3.129509599607466
148,148,4,recov,0.043739241735445994,3.129509599607466,476.6666666666667,3.129509599607466
149,149,5,recov,0.043739241735445994,3.129509599607466,476.6666666666667,3.129509599607466
150,150,3,recov,0.043739241735445994,3.129509599607466,476.6666666666667,3.129509599607466
151,151,4,recov,0.043739241735445994,3.129509599607466,476.6666666666667,3.129509599607466
152,152,5,recov,0.043739241735445994,3.129509599607466,476.6666666666667,3.129509599607466
153,153,3,recov,0.043739241735445994,3.129509599607466,476.6666666666667,3.129509599607466
154,154,4,recov,0.043739241735445994,3.129509599607466,476.6666666666667,3.129509599607466
155,155,5,recov,0.043739241735445994,3.129509599607466,476.6666666666667,3.129509599607466
156,156,3,recov,0.043739241735445994,3.129509599607466,476.6666666666667,3.129509599607466
157,157,4,recov,0.043739241735445994,3.129509599607466,476.6666666666667,3.129509599607466
158,158,5,recov,0.043739241735445994,3.129509599607466,476.6666666666667,3.129509599607466
159,159,3,recov,0.043739241735445994,3.129509599607466,476.6666666666667,3.129509599607466
160,160,4,recov,0.043739241735445994,3.129509599607466,476.6666666666667,3.129509599607466
161,161,5,recov,0.043739241735445994,3.129509599607466,476.6666666666667,3.129509599607466
162,162,3,recov,0.043739241735445994,3.129509599607466,476.6666666666667,3.129509599607466
163,163,4,recov,0.043739241735445994,3.129509599607466,476.6666666666667,3.129509599607466
164,164,5,recov,0.043739241735445994,3.129509599607466,476.6666666666667,3.129509599607466
165,165,3,recov,0.043739241735445994,3.129509599607466,476.6666666666667,3.129509599607466
166,166,4,recov,0.043739241735445994,3.129509599607466,476.6666666666667,3.129509599607466
167,167,5,recov,0.043739241735445994,3.129509599607466,476.6666666666667,3.129509599607466
168,168,3,recov,0.043739241735445994,3.129509599607466,476.6666666666667,3.129509599607466
169,169,4,recov,0.043739241735445994,3.129509599607466,476.6666666666667,3.129509599607466
170,170,5,recov,0.043739241735445994,3.129509599607466,476.6666666666667,3.129509599607466
171,171,3,recov,0.043739241735445994,3.129509599607466,476.6666666666667,3.129509599607466
172,172,4,recov,0.043739241735445994,3.129509599607466,476.6666666666667,3.129509599607466
173,173,5,recov,0.043739241735445994,3.129509599607466,476.6666666666667,3.129509599607466
174,174,3,recov,0.043739241735445994,3.129509599607466,476.6666666666667,3.129509599607466
175,175,4,recov,0.043739241735445994,3.129509599607466,476.6666666666667,3.129509599607466
176,176,5,recov,0.043739241735445994,3.129509599607466,476.6666666666667,3.129509599607466
177,177,3,recov,0.043739241735445994,3.129509599607466,476.6666666666667,3.129509599607466
178,178,4,recov,0.043739241735445994,3.129509599607466,476.6666666666667,3.129509599607466
179,179,5,recov,0.043739241735445994,3.129509599607466,476.6666666666667,3.129509599607466
180,180,3,recov,0.043739241735445994,3.129509599607466,476.6666666666667,3.129509599607466
181,181,4,recov,0.043739241735445994,3.129509599607466,476.6666666666667,3.129509599607466
182,182,5,recov,0.043739241735445994,3.129509599607466,476.6666666666667,3.129509599607466
183,183,3,recov,0.043739241735445994,3.129509599607466,476.6666666666667,3.129509599607466
184,184,4,recov,0.043739241735445994,3.129509599607466,476.6666666666667,3.129509599607466
185,185,5,recov,0.043739241735445994,3.129509599607466,476.6666666666667,3.129509599607466
186,186,3,recov,0.043739241735445994,3.129509599607466,476.6666666666667,3.129509599607466
187,187,4,recov,0.043739241735445994,3.129509599607466,476.6666666666667,3.129509599607466
188,188,5,recov,0.043739241735445994,3.129509599607466,476.6666666666667,3.129509599607466
189,189,3,recov,0.043739241735445994,3.129509599607466,476.6666666666667,3.129509599607466
190,190,4,recov,0.043739241735445994,3.129509599607466,476.6666666666667,3.129509599607466
191,191,5,recov,0.043739241735445994,3.129509599607466,476.6666666666667,3.129509599607466
192,192,3,recov,0.043739241735445994,3.129509599607466,476.6666666666667,3.129509599607466
193,193,4,recov,0.043739241735445994,3.129509599607466,476.6666666666667,3.129509599607466
194,194,5,recov,0.043739241735445994,3.129509599607466,476.6666666666667,3.129509599607466
195,195,3,recov,0.043739241735445994,3.129509599607466,476.6666666666667,3.129509599607466
196,196,4,recov,0.043739241735445994,3.129509599607466,476.6666666666667,3.129509599607466
197,197,5,recov,0.043739241735445994,3.129509599607466,476.6666666666667,3.129509599607466
198,198,3,recov,0.043739241735445994,3.129509599607466,476.6666666666667,3.129509599607466
199,199,4,recov,0.043739241735445994,3.129509599607466,476.6666666666667,3.129509599607466
200,200,5,recov,0.043739241735445994,3.129509599607466,476.6666666666667,3.129509599607466
201,201,3,recov,0.043739241735445994,3.129509599607466,476.6666666666667,3.129509599607466
202,202,4,recov,0.043739241735445994,3.129509599607466,476.6666666666667,3.129509599607466
203,203,5,recov,0.043739241735445994,3.129509599607466,476.6666666666667,3.129509599607466
204,204,3,recov,0.043739241735445994,3.129509599607466,476.6666666666667,3.129509599607466
205,205,4,recov,0.043739241735445994,3.129509599607466,476.6666666666667,3.129509599607466
206,206,5,recov,0.043739241735445994,3.129509599607466,476.6666666666667,3.129509599607466
207,207,3,recov,0.043739241735445994,3.129509599607466,476.6666666666667,3.129509599607466
208,208,4,recov,0.043739241735445994,3.129509599607466,476.6666666666667,3.129509599607466
209,209,5,recov,0.043739241735445994,3.129509599607466,476.6666666666667,3.129509599607466
210,210,3,recov,0.043739241735445994,3.129509599607466,476.6666666666667,3.129509599607466
211,211,4,recov,0.043739241735445994,3.129509599607466,476.6666666666667,3.129509599607466
212,212,5,recov,0.043739241735445994,3.129509599607466,476.6666666666667,3.129509599607466
213,213,3,recov,0.043739241735445994,3.129509599607466,476.6666666666667,3.129509599607466
214,214,4,recov,0.043739241735445994,3.129509599607466,476.6666666666667,3.129509599607466
215,215,5,recov,0.043739241735445994,3.129509599607466,476.6666666666667,3.129509599607466
216,216,3,recov,0.043739241735445994,3.129509599607466,476.6666666666667,3.129509599607466
217,217,4,recov,0.043739241735445994,3.129509599607466,476.6666666666667,3.129509599607466
218,218,5,recov,0.043739241735445994,3.129509599607466,476.6666666666667,3.129509599607466
219,219,3,recov,0.043739241735445994,3.129509599607466,476.6666666666667,3.129509599607466
220,220,4,recov,0.043739241735445994,3.129509599607466,476.6666666666667,3.129509599607466
221,221,5,recov,0.043739241735445994,3.129509599607466,476.6666666666667,3.129509599607466
222,222,3,recov,0.043739241735445994,3.129509599607466,476.6666666666667,3.129509599607466
223,223,4,recov,0.043739241735445994,3.129509599607466,476.6666666666667,3.129509599607466
224,224,5,recov,0.043739241735445994,3.129509599607466,476.6666666666667,3.129509599607466
225,225,3,recov,0.043739241735445994,3.129509599607466,476.6666666666667,3.129509599607466
226,226,4,recov,0.043739241735445994,3.129509599607466,476.6666666666667,3.129509599607466
227,227,5,recov,0.043739241735445994,3.129509599607466,476.6666666666667,3.129509599607466
228,228,3,recov,0.043739241735445994,3.129509599607466,476.6666666666667,3.129509599607466
229,229,4,recov,0.043739241735445994,3.129509599607466,476.6666666666667,3.129509599607466
230,230,5,recov,0.043739241735445994,3.129509599607466,476.6666666666667,3.129509599607466
231,231,3,recov,0.043739241735445994,3.129509599607466,476.6666666666667,3.129509599607466
232,232,4,recov,0.043739241735445994,3.129509599607466,476.6666666666667,3.129509599607466
233,233,5,recov,0.043739241735445994,3.129509599607466,476.6666666666667,3.129509599607466
234,234,3,recov,0.043739241735445994,3.129509599607466,476.6666666666667,3.129509599607466
235,235,4,recov,0.043739241735445994,3.129509599607466,476.6666666666667,3.129509599607466
236,236,5,recov,0.043739241735445994,3.129509599607466,476.6666666666667,3.129509599607466
237,237,3,recov,0.043739241735445994,3.129509599607466,476.6666666666667,3.129509599607466
238,238,4,recov,0.043739241735445994,3.129509599607466,476.6666666666667,3.129509599607466
239,239,5,recov,0.043739241735445994,3.129509599607466,476.6666666666667,3.129509599607466
240,240,3,recov,0.043739241735445994,3.129509599607466,476.6666666666667,3.129509599607466
241,241,4,recov,0.043739241735445994,3.129509599607466,476.6666666666667,3.129509599607466
242,242,5,recov,0.043739241735445994,3.129509599607466,476.6666666666667,3.129509599607466
243,243,3,recov,0.043739241735445994,3.129509599607466,476.6666666666667,3.129509599607466
244,244,4,recov,0.043739241735445994,3.129509599607466,476.6666666666667,3.129509599607466
245,245,5,recov,0.043739241735445994,3.129509599607466,476.6666666666667,3.129509599607466
246,246,3,recov,0.043739241735445994,3.129509599607466,476.6666666666667,3.129509599607466
247,247,4,recov,0.043739241735445994,3.129509599607466,476.6666666666667,3.129509599607466
248,248,5,recov,0.043739241735445994,3.129509599607466,476.6666666666667,3.129509599607466
249,249,3,recov,0.043739241735445994,3.129509599607466,476.6666666666667,3.129509599607466
250,250,4,recov,0.043739241735445994,3.129509599607466,476.6666666666667,3.129509599607466
251,251,5,recov,0.043739241735445994,3.129509599607466,476.6666666666667,3.129509599607466
252,252,3,recov,0.043739241735445994,3.129509599607466,476.6666666666667,3.129509599607466
253,253,4,recov,0.043739241735445994,3.129509599607466,476.6666666666667,3.129509599607466
254,254,5,recov,0.043739241735445994,3.129509599607466,476.6666666666667,3.129509599607466
255,255,3,recov,0.043739241735445994,3.129509599607466,476.6666666666667,3.129509599607466
256,256,4,recov,0.043739241735445994,3.129509599607466,476.6666666666667,3.129509599607466
257,257,5,recov,0.043739241735445994,3.129509599607466,476.6666666666667,3.129509599607466
258,258,3,recov,0.043739241735445994,3.129509599607466,476.6666666666667,3.129509599607466
259,259,4,recov,0.043739241735445994,3.129509599607466,476.6666666666667,3.129509599607466
260,260,5,recov,0.043739241735445994,3.129509599607466,476.6666666666667,3.129509599607466
261,261,3,recov,0.043739241735445994,3.129509599607466,476.6666666666667,3.129509599607466
262,262,4,recov,0.043739241735445994,3.129509599607466,476.6666666666667,3.129509599607466
263,263,5,recov,0.043739241735445994,3.129509599607466,476.6666666666667,3.129509599607466
264,264,3,recov,0.043739241735445994,3.129509599607466,476.6666666666667,3.129509599607466
265,265,4,recov,0.043739241735445994,3.129509599607466,476.6666666666667,3.129509599607466
266,266,5,recov,0.043739241735445994,3.129509599607466,476.6666666666667,3.129509599607466
267,267,3,recov,0.043739241735445994,3.129509599607466,476.6666666666667,3.129509599607466
268,268,4,recov,0.043739241735445994,3.129509599607466,476.6666666666667,3.129509599607466
269,269,5,recov,0.043739241735445994,3.129509599607466,476.6666666666667,3.129509599607466
270,270,3,recov,0.043739241735445994,3.129509599607466,476.6666666666667,3.129509599607466
271,271,4,recov,0.043739241735445994,3.129509599607466,476.6666666666667,3.129509599607466
272,272,5,recov,0.043739241735445994,3.129509599607466,476.6666666666667,3.129509599607466
273,273,3,recov,0.043739241735445994,3.129509599607466,476.6666666666667,3.129509599607466
274,274,4,recov,0.043739241735445994,3.129509599607466,476.6666666666667,3.129509599607466
275,275,5,recov,0.043739241735445994,3.129509599607466,476.6666666666667,3.129509599607466
276,276,3,recov,0.043739241735445994,3.129509599607466,476.6666666666667,3.129509599607466
277,277,4,recov,0.043739241735445994,3.129509599607466,476.6666666666667,3.129509599607466
278,278,5,recov,0.043739241735445994,3.129509599607466,476.6666666666667,3.129509599607466
279,279,3,recov,0.043739241735445994,3.129509599607466,476.6666666666667,3.129509599607466
280,280,4,recov,0.043739241735445994,3.129509599607466,476.6666666666667,3.129509599607466
281,281,5,recov,0.043739241735445994,3.129509599607466,476.6666666666667,3.129509599607466
282,282,3,recov,0.043739241735445994,3.129509599607466,476.6666666666667,3.129509599607466
283,283,4,recov,0.043739241735445994,3.129509599607466,476.6666666666667,3.129509599607466
284,284,5,recov,0.043739241735445994,3.129509599607466,476.6666666666667,3.129509599607466
285,285,3,recov,0.043739241735445994,3.129509599607466,476.6666666666667,3.129509599607466
286,286,4,recov,0.043739241735445994,3.129509599607466,476.6666666666667,3.129509599607466
287,287,5,recov,0.043739241735445994,3.129509599607466,476.6666666666667,3.129509599607466
288,288,3,recov,0.043739241735445994,3.129509599607466,476.6666666666667,3.129509599607466
289,289,4,recov,0.043739241735445994,3.129509599607466,476.6666666666667,3.129509599607466
290,290,5,recov,0.043739241735445994,3.129509599607466,476.6666666666667,3.129509599607466
291,291,3,recov,0.043739241735445994,3.129509599607466,476.6666666666667,3.129509599607466
292,292,4,recov,0.043739241735445994,3.129509599607466,476.6666666666667,3.129509599607466
293,293,5,recov,0.043739241735445994,3.129509599607466,476.6666666666667,3.129509599607466
294,294,3,recov,0.043739241735445994,3.129509599607466,476.6666666666667,3.129509599607466
295,295,4,recov,0.043739241735445994,3.129509599607466,476.6666666666667,3.129509599607466
296,296,5,recov,0.043739241735445994,3.129509599607466,476.6666666666667,3.129509599607466
297,297,3,recov,0.043739241735445994,3.129509599607466,476.6666666666667,3.129509599607466
298,298,4,recov,0.043739241735445994,3.129509599607466,476.6666666666667,3.129509599607466
299,299,5,recov,0.043739241735445994,3.129509599607466,476.6666666666667,3.129509599607466
300,300,3,recov,0.043739241735445994,3.129509599607466,476.6666666666667,3.129509599607466
301,301,4,recov,0.043739241735445994,3.129509599607466,476.6666666666667,3.129509599607466
302,302,5,recov,0.043739241735445994,3.129509599607466,476.6666666666667,3.129509599607466
303,303,3,recov,0.043739241735445994,3.129509599607466,476.6666666666667,3.129509599607466
304,304,4,recov,0.043739241735445994,3.129509599607466,476.6666666666667,3.129509599607466
305,305,5,recov,0.043739241735445994,3.129509599607466,476.6666666666667,3.129509599607466
306,306,3,recov,0.043739241735445994,3.129509599607466,476.6666666666667,3.129509599607466
307,307,4,recov,0.043739241735445994,3.129509599607466,476.6666666666667,3.129509599607466
308,308,5,recov,0.043739241735445994,3.129509599607466,476.6666666666667,3.129509599607466
309,309,3,recov,0.043739241735445994,3.129509599607466,476.6666666666667,3.129509599607466
310,310,4,recov,0.043739241735445994,3.129509599607466,476.6666666666667,3.129509599607466
311,311,5,recov,0.043739241735445994,3.129509599607466,476.6666666666667,3.129509599607466
312,312,3,recov,0.043739241735445994,3.129509599607466,476.6666666666667,3.129509599607466
313,313,4,recov,0.043739241735445994,3.129509599607466,476.6666666666667,3.129509599607466
314,314,5,recov,0.043739241735445994,3.129509599607466,476.6666666666667,3.129509599607466
315,315,3,recov,0.043739241735445994,3.129509599607466,476.6666666666667,3.129509599607466
316,316,4,recov,0.043739241735445994,3.129509599607466,476.6666666666667,3.129509599607466
317,317,5,recov,0.043739241735445994,3.129509599607466,476.6666666666667,3.129509599607466
318,318,3,recov,0.043739241735445994,3.129509599607466,476.6666666666667,3.129509599607466
319,319,4,recov,0.043739241735445994,3.129509599607466,476.6666666666667,3.129509599607466
320,320,5,recov,0.043739241735445994,3.129509599607466,476.6666666666667,3.129509599607466
321,321,3,recov,0.043739241735445994,3.129509599607466,476.6666666666667,3.129509599607466
322,322,4,recov,0.043739241735445994,3.129509599607466,476.6666666666667,3.129509599607466
323,323,5,recov,0.043739241735445994,3.129509599607466,476.6666666666667,3.129509599607466
324,324,3,recov,0.043739241735445994,3.129509599607466,476.6666666666667,3.129509599607466
325,325,4,recov,0.043739241735445994,3.129509599607466,476.6666666666667,3.129509599607466
326,326,5,recov,0.043739241735445994,3.129509599607466,476.6666666666667,3.129509599607466
327,327,3,recov,0.043739241735445994,3.129509599607466,476.6666666666667,3.129509599607466
328,328,4,recov,0.043739241735445994,3.129509599607466,476.6666666666667,3.129509599607466
329,329,5,recov,0.043739241735445994,3.129509599607466,476.6666666666667,3.129509599607466
330,330,3,recov,0.043739241735445994,3.129509599607466,476.6666666666667,3.129509599607466
331,331,4,recov,0.043739241735445994,3.129509599607466,476.6666666666667,3.129509599607466
332,332,5,recov,0.043739241735445994,3.129509599607466,476.6666666666667,3.129509599607466
333,333,3,recov,0.043739241735445994,3.129509599607466,476.6666666666667,3.129509599607466
334,334,4,recov,0.043739241735445994,3.129509599607466,476.6666666666667,3.129509599607466
335,335,5,recov,0.043739241735445994,3.129509599607466,476.6666666666667,3.129509599607466
336,336,3,recov,0.043739241735445994,3.129509599607466,476.6666666666667,3.129509599607466
337,337,4,recov,0.043739241735445994,3.129509599607466,476.6666666666667,3.129509599607466
338,338,5,recov,0.043739241735445994,3.129509599607466,476.6666666666667,3.129509599607466
339,339,3,recov,0.043739241735445994,3.129509599607466,476.6666666666667,3.129509599607466
340,340,4,recov,0.043739241735445994,3.129509599607466,476.6666666666667,3.129509599607466
341,341,5,recov,0.043739241735445994,3.129509599607466,476.6666666666667,3.129509599607466
342,342,3,recov,0.043739241735445994,3.129509599607466,476.6666666666667,3.129509599607466
343,343,4,recov,0.043739241735445994,3.129509599607466,476.6666666666667,3.129509599607466
344,344,5,recov,0.043739241735445994,3.129509599607466,476.6666666666667,3.129509599607466
345,345,3,recov,0.043739241735445994,3.129509599607466,476.6666666666667,3.129509599607466
346,346,4,recov,0.043739241735445994,3.129509599607466,476.6666666666667,3.129509599607466
347,347,5,recov,0.043739241735445994,3.129509599607466,476.6666666666667,3.129509599607466
348,348,3,recov,0.043739241735445994,3.129509599607466,476.6666666666667,3.129509599607466
349,349,4,recov,0.043739241735445994,3.129509599607466,476.6666666666667,3.129509599607466
350,350,5,recov,0.043739241735445994,3.129509599607466,476.6666666666667,3.129509599607466
351,351,3,recov,0.043739241735445994,3.129509599607466,476.6666666666667,3.129509599607466
352,352,4,recov,0.043739241735445994,3.129509599607466,476.6666666666667,3.129509599607466
353,353,5,recov,0.043739241735445994,3.129509599607466,476.6666666666667,3.129509599607466
354,354,3,recov,0.043739241735445994,3.129509599607466,476.6666666666667,3.129509599607466
355,355,4,recov,0.043739241735445994,3.129509599607466,476.6666666666667,3.129509599607466
356,356,5,recov,0.043739241735445994,3.129509599607466,476.6666666666667,3.129509599607466
357,357,3,recov,0.043739241735445994,3.129509599607466,476.6666666666667,3.129509599607466
358,358,4,recov,0.043739241735445994,3.129509599607466,476.6666666666667,3.129509599607466
359,359,5,recov,0.043739241735445994,3.129509599607466,476.6666666666667,3.129509599607466
360,360,3,recov,0.043739241735445994,3.129509599607466,476.6666666666667,3.129509599607466
361,361,4,recov,0.043739241735445994,3.129509599607466,476.6666666666667,3.129509599607466
362,362,5,recov,0.043739241735445994,3.129509599607466,476.6666666666667,3.129509599607466
363,363,3,recov,0.043739241735445994,3.129509599607466,476.6666666666667,3.129509599607466
364,364,4,recov,0.043739241735445994,3.129509599607466,476.6666666666667,3.129509599607466
365,365,5,recov,0.043739241735445994,3.129509599607466,476.6666666666667,3.129509599607466
366,366,3,recov,0.043739241735445994,3.129509599607466,476.6666666666667,3.129509599607466
367,367,4,recov,0.043739241735445994,3.129509599607466,476.6666666666667,3.129509599607466
368,368,5,recov,0.043739241735445994,3.129509599607466,476.6666666666667,3.129509599607466
369,369,3,recov,0.043739241735445994,3.129509599607466,476.6666666666667,3.129509599607466
370,370,4,recov,0.043739241735445994,3.129509599607466,476.6666666666667,3.129509599607466
371,371,5,recov,0.043739241735445994,3.129509599607466,476.6666666666667,3.129509599607466
372,372,3,recov,0.043739241735445994,3.129509599607466,476.6666666666667,3.129509599607466
373,373,4,recov,0.043739241735445994,3.129509599607466,476.6666666666667,3.129509599607466
374,374,5,recov,0.043739241735445994,3.129509599607466,476.6666666666667,3.129509599607466
375,375,3,recov,0.043739241735445994,3.129509599607466,476.6666666666667,3.129509599607466
376,376,4,recov,0.043739241735445994,3.129509599607466,476.6666666666667,3.129509599607466
377,377,5,recov,0.043739241735445994,3.129509599607466,476.6666666666667,3.129509599607466
378,378,3,recov,0.043739241735445994,3.129509599607466,476.6666666666667,3.129509599607466
379,379,4,recov,0.043739241735445994,3.129509599607466,476.6666666666667,3.129509599607466
380,380,5,recov,0.043739241735445994,3.129509599607466,476.6666666666667,3.129509599607466
381,381,3,recov,0.043739241735445994,3.129509599607466,476.6666666666667,3.129509599607466
382,382,4,recov,0.043739241735445994,3.129509599607466,476.6666666666667,3.129509599607466
383,383,5,recov,0.043739241735445994,3.129509599607466,476.6666666666667,3.129509599607466
384,384,3,recov,0.043739241735445994,3.129509599607466,476.6666666666667,3.129509599607466
385,385,4,recov,0.043739241735445994,3.129509599607466,476.6666666666667,3.129509599607466
386,386,5,recov,0.043739241735445994,3.129509599607466,476.6666666666667,3.129509599607466
387,387,3,recov,0.043739241735445994,3.129509599607466,476.6666666666667,3.129509599607466
388,388,4,recov,0.043739241735445994,3.129509599607466,476.6666666666667,3.129509599607466
389,389,5,recov,0.043739241735445994,3.129509599607466,476.6666666666667,3.129509599607466
390,390,3,recov,0.043739241735445994,3.129509599607466,476.6666666666667,3.129509599607466
391,391,4,recov,0.043739241735445994,3.129509599607466,476.6666666666667,3.129509599607466
392,392,5,recov,0.043739241735445994,3.129509599607466,476.6666666666667,3.129509599607466
393,393,3,recov,0.043739241735445994,3.129509599607466,476.6666666666667,3.129509599607466
394,394,4,recov,0.043739241735445994,3.129509599607466,476.6666666666667,3.129509599607466
395,395,5,recov,0.043739241735445994,3.129509599607466,476.6666666666667,3.129509599607466
396,396,3,recov,0.043739241735445994,3.129509599607466,476.6666666666667,3.129509599607466
397,397,4,recov,0.043739241735445994,3.129509599607466,476.6666666666667,3.129509599607466
398,398,5,recov,0.043739241735445994,3.129509599607466,476.6666666666667,3.129509599607466
399,399,3,recov,0.043739241735445994,3.129509599607466,476.6666666666667,3.129509599607466
400,400,4,recov,0.043739241735445994,3.129509599607466,476.6666666666667,3.129509599607466
401,401,5,recov,0.043739241735445994,3.129509599607466,476.6666666666667,3.129509599607466
402,402,3,recov,0.043739241735445994,3.129509599607466,476.6666666666667,3.129509599607466
403,403,4,recov,0.043739241735445994,3.129509599607466,476.6666666666667,3.129509599607466
404,404,5,recov,0.043739241735445994,3.129509599607466,476.6666666666667,3.129509599607466
405,405,3,recov,0.043739241735445994,3.129509599607466,476.6666666666667,3.129509599607466
406,406,4,recov,0.043739241735445994,3.129509599607466,476.6666666666667,3.129509599607466
407,407,5,recov,0.043739241735445994,3.129509599607466,476.6666666666667,3.129509599607466
408,408,3,recov,0.043739241735445994,3.129509599607466,476.6666666666667,3.129509599607466
409,409,4,recov,0.043739241735445994,3.129509599607466,476.6666666666667,3.129509599607466
410,410,5,recov,0.043739241735445994,3.129509599607466,476.6666666666667,3.129509599607466
411,411,3,recov,0.043739241735445994,3.129509599607466,476.6666666666667,3.129509599607466
412,412,4,recov,0.043739241735445994,3.129509599607466,476.6666666666667,3.129509599607466
413,413,5,recov,0.043739241735445994,3.129509599607466,476.6666666666667,3.129509599607466
414,414,3,recov,0.043739241735445994,3.129509599607466,476.6666666666667,3.129509599607466
415,415,4,recov,0.043739241735445994,3.129509599607466,476.6666666666667,3.129509599607466
416,416,5,recov,0.043739241735445994,3.129509599607466,476.6666666666667,3.129509599607466
417,417,3,recov,0.043739241735445994,3.129509599607466,476.6666666666667,3.129509599607466
418,418,4,recov,0.043739241735445994,3.129509599607466,476.6666666666667,3.129509599607466
419,419,5,recov,0.043739241735445994,3.129509599607466,476.6666666666667,3.129509599607466
420,420,3,recov,0.043739241735445994,3.129509599607466,476.6666666666667,3.129509599607466
421,421,4,recov,0.043739241735445994,3.129509599607466,476.6666666666667,3.129509599607466
422,422,5,recov,0.043739241735445994,3.129509599607466,476.6666666666667,3.129509599607466
423,423,3,recov,0.043739241735445994,3.129509599607466,476.6666666666667,3.129509599607466
424,424,4,recov,0.043739241735445994,3.129509599607466,476.6666666666667,3.129509599607466
425,425,5,recov,0.043739241735445994,3.129509599607466,476.6666666666667,3.129509599607466
426,426,3,recov,0.043739241735445994,3.129509599607466,476.6666666666667,3.129509599607466
427,427,4,recov,0.043739241735445994,3.129509599607466,476.6666666666667,3.129509599607466
428,428,5,recov,0.043739241735445994,3.129509599607466,476.6666666666667,3.129509599607466
429,429,3,recov,0.043739241735445994,3.129509599607466,476.6666666666667,3.129509599607466
430,430,4,recov,0.043739241735445994,3.129509599607466,476.6666666666667,3.129509599607466
431,431,5,recov,0.043739241735445994,3.129509599607466,476.6666666666667,3.129509599607466
432,432,3,recov,0.043739241735445994,3.129509599607466,476.6666666666667,3.129509599607466
433,433,4,recov,0.043739241735445994,3.129509599607466,476.6666666666667,3.129509599607466
434,434,5,recov,0.043739241735445994,3.129509599607466,476.6666666666667,3.129509599607466
435,435,3,recov,0.043739241735445994,3.129509599607466,476.6666666666667,3.129509599607466
436,436,4,recov,0.043739241735445994,3.129509599607466,476.6666666666667,3.129509599607466
437,437,5,recov,0.043739241735445994,3.129509599607466,476.6666666666667,3.129509599607466
438,438,3,recov,0.043739241735445994,3.129509599607466,476.6666666666667,3.129509599607466
439,439,4,recov,0.043739241735445994,3.129509599607466,476.6666666666667,3.129509599607466
440,440,5,recov,0.043739241735445994,3.129509599607466,476.6666666666667,3.129509599607466
441,441,3,recov,0.043739241735445994,3.129509599607466,476.6666666666667,3.129509599607466
442,442,4,recov,0.043739241735445994,3.129509599607466,476.6666666666667,3.129509599607466
443,443,5,recov,0.043739241735445994,3.129509599607466,476.6666666666667,3.129509599607466
444,444,3,recov,0.043739241735445994,3.129509599607466,476.6666666666667,3.129509599607466
445,445,4,recov,0.043739241735445994,3.129509599607466,476.6666666666667,3.129509599607466
446,446,5,recov,0.043739241735445994,3.129509599607466,476.6666666666667,3.129509599607466
447,447,3,recov,0.043739241735445994,3.129509599607466,476.6666666666667,3.129509599607466
448,448,4,recov,0.043739241735445994,3.129509599607466,476.6666666666667,3.129509599607466
449,449,5,recov,0.043739241735445994,3.129509599607466,476.6666666666667,3.129509599607466
450,450,3,recov,0.043739241735445994,3.129509599607466,476.6666666666667,3.129509599607466
451,451,4,recov,0.043739241735445994,3.129509599607466,476.6666666666667,3.129509599607466
452,452,5,recov,0.043739241735445994,3.129509599607466,476.6666666666667,3.129509599607466
453,453,3,recov,0.043739241735445994,3.129509599607466,476.6666666666667,3.129509599607466
454,454,4,recov,0.043739241735445994,3.129509599607466,476.6666666666667,3.129509599607466
455,455,5,recov,0.043739241735445994,3.129509599607466,476.6666666666667,3.129509599607466
456,456,3,recov,0.043739241735445994,3.129509599607466,476.6666666666667,3.129509599607466
457,457,4,recov,0.043739241735445994,3.129509599607466,476.6666666666667,3.129509599607466
458,458,5,recov,0.043739241735445994,3.129509599607466,476.6666666666667,3.129509599607466
459,459,3,recov,0.043739241735445994,3.129509599607466,476.6666666666667,3.129509599607466
460,460,4,recov,0.043739241735445994,3.129509599607466,476.6666666666667,3.129509599607466
461,461,5,recov,0.043739241735445994,3.129509599607466,476.6666666666667,3.129509599607466
462,462,3,recov,0.043739241735445994,3.129509599607466,476.6666666666667,3.129509599607466
463,463,4,recov,0.043739241735445994,3.129509599607466,476.6666666666667,3.129509599607466
464,464,5,recov,0.043739241735445994,3.129509599607466,476.6666666666667,3.129509599607466
465,465,3,recov,0.043739241735445994,3.129509599607466,476.6666666666667,3.129509599607466
466,466,4,recov,0.043739241735445994,3.129509599607466,476.6666666666667,3.129509599607466
467,467,5,recov,0.043739241735445994,3.129509599607466,476.6666666666667,3.129509599607466
468,468,3,recov,0.043739241735445994,3.129509599607466,476.6666666666667,3.129509599607466
469,469,4,recov,0.043739241735445994,3.129509599607466,476.6666666666667,3.129509599607466
470,470,5,recov,0.043739241735445994,3.129509599607466,476.6666666666667,3.129509599607466
471,471,3,recov,0.043739241735445994,3.129509599607466,476.6666666666667,3.129509599607466
472,472,4,recov,0.043739241735445994,3.129509599607466,476.6666666666667,3.129509599607466
473,473,5,recov,0.043739241735445994,3.129509599607466,476.6666666666667,3.129509599607466
474,474,3,recov,0.043739241735445994,3.129509599607466,476.6666666666667,3.129509599607466
475,475,4,recov,0.043739241735445994,3.129509599607466,476.6666666666667,3.129509599607466
476,476,5,recov,0.043739241735445994,3.129509599607466,476.6666666666667,3.129509599607466
477,477,3,recov,0.043739241735445994,3.129509599607466,476.6666666666667,3.129509599607466
478,478,4,recov,0.043739241735445994,3.129509599607466,476.6666666666667,3.129509599607466
479,479,5,recov,0.043739241735445994,3.129509599607466,476.6666666666667,3.129509599607466
480,480,3,recov,0.043739241735445994,3.129509599607466,476.6666666666667,3.129509599607466
481,481,4,recov,0.043739241735445994,3.129509599607466,476.6666666666667,3.129509599607466
482,482,5,recov,0.043739241735445994,3.129509599607466,476.6666666666667,3.129509599607466
483,483,3,recov,0.043739241735445994,3.129509599607466,476.6666666666667,3.129509599607466
484,484,4,recov,0.043739241735445994,3.129509599607466,476.6666666666667,3.129509599607466
485,485,5,recov,0.043739241735445994,3.129509599607466,476.6666666666667,3.129509599607466
486,486,3,recov,0.043739241735445994,3.129509599607466,476.6666666666667,3.129509599607466
487,487,4,recov,0.043739241735445994,3.129509599607466,476.6666666666667,3.129509599607466
488,488,5,recov,0.043739241735445994,3.129509599607466,476.6666666666667,3.129509599607466
489,489,3,recov,0.043739241735445994,3.129509599607466,476.6666666666667,3.129509599607466
490,490,4,recov,0.043739241735445994,3.129509599607466,476.6666666666667,3.129509599607466
491,491,5,recov,0.043739241735445994,3.129509599607466,476.6666666666667,3.129509599607466
492,492,3,recov,0.043739241735445994,3.129509599607466,476.6666666666667,3.129509599607466
493,493,4,recov,0.043739241735445994,3.129509599607466,476.6666666666667,3.129509599607466
494,494,5,recov,0.043739241735445994,3.129509599607466,476.6666666666667,3.129509599607466
495,495,3,recov,0.043739241735445994,3.129509599607466,476.6666666666667,3.129509599607466
496,496,4,recov,0.043739241735445994,3.129509599607466,476.6666666666667,3.129509599607466
497,497,5,recov,0.043739241735445994,3.129509599607466,476.6666666666667,3.129509599607466
498,498,3,recov,0.043739241735445994,3.129509599607466,476.6666666666667,3.129509599607466
499,499,4,recov,0.043739241735445994,3.129509599607466,476.6666666666667,3.129509599607466
500,500,5,recov,0.043739241735445994,3.129509599607466,476.6666666666667,3.129509599607466
501,501,3,recov,0.043739241735445994,3.129509599607466,476.6666666666667,3.129509599607466
502,502,4,recov,0.043739241735445994,3.129509599607466,476.6666666666667,3.129509599607466
503,503,5,recov,0.043739241735445994,3.129509599607466,476.6666666666667,3.129509599607466
504,504,3,recov,0.043739241735445994,3.129509599607466,476.6666666666667,3.129509599607466
505,505,4,recov,0.043739241735445994,3.129509599607466,476.6666666666667,3.129509599607466
506,506,5,recov,0.043739241735445994,3.129509599607466,476.6666666666667,3.129509599607466
507,507,3,recov,0.043739241735445994,3.129509599607466,476.6666666666667,3.129509599607466
508,508,4,recov,0.043739241735445994,3.129509599607466,476.6666666666667,3.129509599607466
509,509,5,recov,0.043739241735445994,3.129509599607466,476.6666666666667,3.129509599607466
510,510,3,recov,0.043739241735445994,3.129509599607466,476.6666666666667,3.129509599607466
511,511,4,recov,0.043739241735445994,3.129509599607466,476.6666666666667,3.129509599607466
512,512,5,recov,0.043739241735445994,3.129509599607466,476.6666666666667,3.129509599607466
513,513,3,recov,0.043739241735445994,3.129509599607466,476.6666666666667,3.129509599607466
514,514,4,recov,0.043739241735445994,3.129509599607466,476.6666666666667,3.129509599607466
515,515,5,recov,0.043739241735445994,3.129509599607466,476.6666666666667,3.129509599607466
516,516,3,recov,0.043739241735445994,3.129509599607466,476.6666666666667,3.129509599607466
517,517,4,recov,0.043739241735445994,3.129509599607466,476.6666666666667,3.129509599607466
518,518,5,recov,0.043739241735445994,3.129509599607466,476.6666666666667,3.129509599607466
519,519,3,recov,0.043739241735445994,3.129509599607466,476.6666666666667,3.129509599607466
520,520,4,recov,0.043739241735445994,3.129509599607466,476.6666666666667,3.129509599607466
521,521,5,recov,0.043739241735445994,3.129509599607466,476.6666666666667,3.129509599607466
522,522,3,recov,0.043739241735445994,3.129509599607466,476.6666666666667,3.129509599607466
523,523,4,recov,0.043739241735445994,3.129509599607466,476.6666666666667,3.129509599607466
524,524,5,recov,0.043739241735445994,3.129509599607466,476.6666666666667,3.129509599607466
525,525,3,recov,0.043739241735445994,3.129509599607466,476.6666666666667,3.129509599607466
526,526,4,recov,0.043739241735445994,3.129509599607466,476.6666666666667,3.129509599607466
527,527,5,recov,0.043739241735445994,3.129509599607466,476.6666666666667,3.129509599607466
528,528,3,recov,0.043739241735445994,3.129509599607466,476.6666666666667,3.129509599607466
529,529,4,recov,0.043739241735445994,3.129509599607466,476.6666666666667,3.129509599607466
530,530,5,recov,0.043739241735445994,3.129509599607466,476.6666666666667,3.129509599607466
531,531,3,recov,0.043739241735445994,3.129509599607466,476.6666666666667,3.129509599607466
532,532,4,recov,0.043739241735445994,3.129509599607466,476.6666666666667,3.129509599607466
533,533,5,recov,0.043739241735445994,3.129509599607466,476.6666666666667,3.129509599607466
534,534,3,recov,0.043739241735445994,3.129509599607466,476.6666666666667,3.129509599607466
535,535,4,recov,0.043739241735445994,3.129509599607466,476.6666666666667,3.129509599607466
536,536,5,recov,0.043739241735445994,3.129509599607466,476.6666666666667,3.129509599607466
537,537,3,recov,0.043739241735445994,3.129509599607466,476.6666666666667,3.129509599607466
538,538,4,recov,0.043739241735445994,3.129509599607466,476.6666666666667,3.129509599607466
539,539,5,recov,0.043739241735445994,3.129509599607466,476.6666666666667,3.129509599607466
540,540,3,recov,0.043739241735445994,3.129509599607466,476.6666666666667,3.129509599607466
541,541,4,recov,0.043739241735445994,3.129509599607466,476.6666666666667,3.129509599607466
542,542,5,recov,0.043739241735445994,3.129509599607466,476.6666666666667,3.129509599607466
543,543,0,fam_r,0.04294478527607362,3.147840051751449,476.6666666666667,3.129509599607466
544,544,1,fam_r,0.04294478527607362,3.147840051751449,476.6666666666667,3.129509599607466
545,545,2,fam_r,0.04294478527607362,3.147840051751449,476.6666666666667,3.129509599607466
546,546,0,fam_r,0.04371779141104294,3.1300001336231182,476.6666666666667,3.129509599607466
547,547,1,fam_r,0.04371779141104294,3.1300001336231182,476.6666666666667,3.129509599607466
548,548,2,fam_r,0.04371779141104294,3.1300001336231182,476.6666666666667,3.129509599607466
549,549,0,fam_r,0.04373866257668712,3.129522840865666,476.6666666666667,3.129509599607466
550,550,1,fam_r,0.04373866257668712,3.129522840865666,476.6666666666667,3.129509599607466
551,551,2,fam_r,0.04373866257668712,3.129522840865666,476.6666666666667,3.129509599607466
552,552,0,fam_r,0.04373922609815951,3.1295099571191347,476.6666666666667,3.129509599607466
553,553,1,fam_r,0.04373922609815951,3.1295099571191347,476.6666666666667,3.129509599607466
554,554,2,fam_r,0.04373922609815951,3.1295099571191347,476.6666666666667,3.129509599607466
555,555,0,fam_r,0.043739241313239266,3.129509609260279,476.6666666666667,3.129509599607466
556,556,1,fam_r,0.043739241313239266,3.129509609260279,476.6666666666667,3.129509599607466
557,557,2,fam_r,0.043739241313239266,3.129509609260279,476.6666666666667,3.129509599607466
